marketplace	customer_id	review_id	product_id	product_parent	product_title	product_category	star_rating	helpful_votes	total_votes	vine	verified_purchase	review_headline	review_body	review_date
US	32629057	RBPJ4GXSF4RZW	B00GRVACC2	418784602	The Attic - Hidden Object Game [Download]	Digital_Video_Games	1	0	0	N	Y	One Star	not what i wanted. too young for me	2014-12-05
US	48093191	R1L9XD5Q23YQTP	B001V7QIDO	225309182	Xbox 360 Live Points Card	Digital_Video_Games	5	0	0	N	Y	Five Stars	Excellent price for the product. Waiting for a deal like this again.	2015-06-03
US	38034421	R56HI45J99ALR	B00WL6J5CK	918634433	Wolfenstein The Old Blood	Digital_Video_Games	2	0	1	N	Y	Don't waste your time or money	awful, almost impossible to play crashes to desktop on startup, running AMD, still fishing for a solution<br />NO support.	2015-08-30
US	17854038	R3L5LLV3ZGSSO1	B004RMK4BC	384246568	Playstation Network Card	Digital_Video_Games	5	0	0	N	Y	Five Stars	excelente	2015-05-03
US	45924518	R2EVEH668414BJ	B004USIRLW	930275999	Super Granny 6 [Download]	Digital_Video_Games	5	0	0	N	Y	Five Stars	I love this game	2014-10-13
US	50881166	R1YG9G571VIFWO	B00ENQXEX2	289370895	Sims 4	Digital_Video_Games	4	2	4	N	Y	Review from a Sims 2 fan	"I am one of those people who hated Sims 3 and didn't play it for long, so I was reluctant to try Sims 4, especially at such a high price. After reading good player reviews from people who loved Sims 2 as much as I do, I decided to give it a chance, and after playing it a couple of days, I like it a lot.    CONS:  The camera is hard to control.  You can set it to use Sims 3 controls, which helps a little. I'm getting used to it but it should be better.    Interiors of houses are far too dark. I solved this by putting three lights in each room instead of one.    Lots are surprisingly small. I am not a builder, but I know this is disappointing for builders and I hope bigger lots will be available eventually.    There are hardly any service Sims. I want firefighters to put out fires and cops to catch burglars (who aren't in the game right now, either). There is a system to hire town residents to do certain things, but it seems wonky. The caterer at my Sim wedding served food but did not provide a wedding cake. Shouldn't she have?    Teens, young adults, and adults look alike and are the same height. I actually can identify teens by sight so far (not sure why, maybe they have a slighter build), but young adults and adults appear identical and seem to play identically, which makes me wonder why young adults are in the game at all (there's no university yet).  The young adult lifespan seems too long relative to the adult lifespan. This could be corrected by adding a middle-age life stage-- or even changing adult to middle age?    Hardly any places to visit. No restaurants, for example. I am sure venues will be added later.    Furniture choices so far are bland.    CHANGES I DON'T MIND TOO MUCH:  I don't mind the lack of an open world since I am a fan of Sims 2, which doesn't have it. And in Sims 4 you CAN follow your Sim around the neighborhood -- jogging, for instance -- and stop to chat with passers-by. This is nice.    It's too bad toddlers didn't make it into the game.They were very cute and well done in Sims 2, but that life stage had little real impact on the game. If it's brought back in Sims 4 I'd like it to be meaningful. Maybe well-brought up toddlers get an extra trait -- that would make it worth the effort in gameplay terms.    Pools - a weird omission given how iconic it is to drown Sims, but I never drowned any so I can do without pools for now.    Sims 3 players complain about the loading screens in Sims 4, but they are quick and don't bother me.    You have to fix items yourself or replace them, no repairman. This sounds bad but I'm kind of liking it because it adds to the challenge of gameplay. My Sims are trying to save money to move so they fix everything. As they improve in repair ability, they can upgrade appliances so they break less often. I find this interesting, but repairmen should still be an option.    Many items can't be purchased till they're unlocked via career promotions. Again, I like this because it makes the game more challenging.    PROS:  All new animations. When I played Sims 3 I saw the same animations as Sims 2, but in Sims 4 everything I see is new, which makes it fun to watch. It should be that way in every new Sims game.    No rabbit holes, yay! If my Sim is going into a building, I want to go in too, not sit staring at the exterior of the building as in Sims 3.    The multitasking is just as great as everyone says -- Sims can watch TV, eat, and hold a conversation at the same time. In game play this is a lot cooler than it sounds, quite realistic and a big time saver.    I also like the emotions system. It is easily managed if you want to play that way but also adds to unpredictability if you like to be surprised. One of my Sims almost had his wedding ruined when he lost his temper at a quarrelsome guest! I managed to cheer him up before he said his vows. It's nice to know that every party or event won't play out the same way every time.    Walk styles -- yes, they are goofy, but they fitinto the whimsy of the Sim world, and also they help differentiate Sims from each other. I'm glad the Sims series still has a sense of humor.    So far I've had only one minor bug and no crashes. The game runs smoothly. Quite different from the Sims 3 base game, which crashed so much that I was afraid it would damage my computer.    Little touches mean a lot. When the Sims play \\""Sims Forever\\"" on their computers, it looks like The Sims 1. That was fun to see. The TV shows are well done, too. Attention to detail shows that someone in charge of creating this game still cares about it.    When I first began playing Sims 4 I wasn't sure how I felt about it, but it grew on me over a couple of days. When I started laughing in pleasant surprise at things that were happening in the game, I knew it had won me over. I still think it costs too much -- EA admits this is a \\""base game,\\"" and since it's not a full game I believe it shouldn't be so pricy. But I'm not sorry I bought it. I am having fun and I feel the Sims series is making a comeback with Sims 4. Thank goodness."	2014-09-14
US	4228983	R39DKQXUAITNPW	B004RMK4BC	384246568	Playstation Network Card	Digital_Video_Games	5	0	0	N	Y	Five Stars	All good.	2015-05-20
US	3682517	RGAJZL14B2HMI	B004RMK4BC	384246568	Playstation Network Card	Digital_Video_Games	5	0	0	N	Y	Five Stars	Loved it	2014-07-21
US	22647135	R1TE3JBF2GU7CS	B00JU9NV3K	483903773	Dragon Age Inquisition	Digital_Video_Games	5	1	1	N	Y	This is an excellent game, right now with all the patches	installed this about a month ago and have around 90hours worth of<br />playing time. This is an excellent game, right now with all the patches, no<br />problems running it.<br />Stories are endless it seems, which I'm enjoying , good character interactions<br />with npc's , excellent graphics, music is very good, controls are good using<br />k/m .<br />One negative I have is not being able to make notes on maps.<br />Other than that , if you enjoy 3rd person action rpg's this game is well worth the<br />money right as of now.	2015-07-22
US	13392332	R2O0YW0XGSXPSD	B00JJ7B3NI	187071531	2,013 Card, Mahjongg & Solitaire Games [Download]	Digital_Video_Games	3	4	4	N	Y	This software seems to function properly, however, there ...	This software seems to function properly, however, there are some bugs that need to be straightened out.  I'm not refering to funcational bugs.  There are buttons missing that woulld be helpful, there are not enough options in some cases, and the solitare only has one kind, no selection.	2014-11-04
US	1115705	RK0A1O2JJTLSL	B004RMK4P8	384246568	Playstation Network Card	Digital_Video_Games	3	0	0	N	Y	Three Stars	Would love to see bulk discounts...	2014-09-10
US	3664492	R583OCURZM79S	B00GGUXBV8	992535013	NCAA Football 14	Digital_Video_Games	5	0	0	N	Y	Five Stars	very fun the gameplay is better and engine works very well	2014-10-20
US	44066358	R1HGXPM9QK1HAX	B00V5D366G	306402151	FINAL FANTASY XIV: Heavensward	Digital_Video_Games	5	0	0	N	Y	Five Stars	awesome game	2015-07-05
US	2307337	RNHL3DTC8GCVN	B00WV7Q1ZI	795766745	The Witcher 3: Wild Hunt	Digital_Video_Games	5	0	0	N	Y	amazing	just 2 words, amazing game	2015-08-18
US	1369263	R1ZAVP8ZHTNKKQ	B002VBWIP6	232803743	Xbox Live Subscription	Digital_Video_Games	5	0	0	N	Y	Five Stars	Good service. Absolutely no issues.	2015-03-15
US	6789403	R3JYD4YPPSZH1	B00K59HKIQ	384246568	Playstation Network Card	Digital_Video_Games	5	0	0	N	Y	Game on!	Just the thing. Thanks!	2015-01-01
US	346778	RKNH0SP2B4R2S	B00GAC1D2G	384246568	Playstation Network Card	Digital_Video_Games	5	0	0	N	Y	Five Stars	Perfect	2015-04-08
US	19684654	R3UJAFPFPB3SY4	B00F4CEOS8	341969535	Xbox Live Gift Card	Digital_Video_Games	5	0	0	N	Y	Awesome	Got the code fast and easy!	2014-11-29
US	27052722	RKYV3HRV39IDP	B00QPMFJFI	110579141	a1APPS Jigsaw Puzzles [Download]	Digital_Video_Games	1	1	1	N	Y	Awful	Poorly designed. No menu, no options, no way to save puzzle. If you leave, you have to restart the puzzle. Total waste of money & time.	2015-05-02
US	39090665	R36ZGT3IT353PM	B00CQOG8LI	388933938	The Sims 3	Digital_Video_Games	1	0	0	N	Y	would be higher but...	The 3rd code in the expansion pack did not work not sure how to reorder it or fix it.	2015-05-06
US	7258169	R6989B2F7HACF	B004RMK4P8	384246568	Playstation Network Card	Digital_Video_Games	5	0	0	N	Y	Five Stars	Code came really fast and helped me pre order madden	2015-07-06
US	40182069	R1MZD728CAY9HR	B009IR1SR0	912779847	Command and Conquer The Ultimate Collection [Online Game Code]	Digital_Video_Games	4	0	0	N	Y	Four Stars	Great... But cant run half the games on my computer.	2015-04-02
US	13424299	RD7XQ9YDD8A4C	B00LAENZUM	132350804	F117A Nighthawk Stealth Fighter 2.0 [Download]	Digital_Video_Games	1	1	2	N	N	Can't even pay for the game, let alone download it or play it.	Amazon's website has suddenly become a nightmare to use. It won't allow me to use my Amazon.com Store card to purchase (doesn't show up in the payment options, and gives me a &#34;Check expiration date&#34;  error when I try to enter my Amazon.com Store card info, which has no expiration date)	2015-08-23
US	18410475	RXYDRB8DH1DKI	B00GAC1D2G	384246568	Playstation Network Card	Digital_Video_Games	5	0	0	N	Y	$10 Works Fine	Works just Fine. As long as this product is in stock is all that matters.Ordered several times and each time the code works just fine no problems.	2015-04-09
US	15287780	R1WD8N7EAMN8Y1	B00P6UPTMI	13606032	Need For Speed Rivals Complete Edition	Digital_Video_Games	5	0	0	N	Y	Five Stars	Love this game!	2015-04-23
US	22002514	RCS7JWU55EV4I	B009RWPBLK	534476402	Forsaken Planet [Game Connect]	Digital_Video_Games	5	0	0	N	Y	Five Stars	Great game!	2015-01-20
US	25559936	RDNNH6ZF7K2AM	B00ATF5YZM	349280254	Call of Duty 4: Modern Warfare [Download]	Digital_Video_Games	5	1	1	N	Y	This Game Never Gets Old!	I love it.  It took a few loopholes to get running, such as making sure another set of headphones was plugged into the microphone jack for some reason.  Also, punkbuster won't connect or update with COD4 so I can't get into some servers without being kicked. But aside from that, this is probably my all time favorite game!	2014-09-20
US	45926434	R2UG7WY5ZIV33N	B00C5VJPNU	999641217	Papo & Yo	Digital_Video_Games	5	0	1	N	Y	Wow ! Simply amazing!	What a beautiful and touching game. Oh man I cried in the end... so sad. Might be a bit too deep for the kids to play and understand ... but I highly highly recommend this game. The story rings so true...<br /><br />As for the game play - some very clever puzzles and use of the environment. It's truly a dreamlike world that they have managed to create. Quite amazing actually at times. The controls are simple and easy and the game draws you in quite quickly.<br /><br />The music and the choral voicing is also very nicely done...the sound track is quite original but the scoring plays like a movie soundtrack and builds emotionally as you progress through chapters/stages...<br /><br />This game has truly surprised and impressed me! Picked it up on special over the Christmas season for $1.49 ... so it was a bargain as well....<br /><br />This would be the first game I would recommend as a gift ...especially to anyone you might know who had a bit of a rough upbringing at home. It might be quite healing for them to play through too.	2014-12-28
US	8913237	R2RKGD9BD1RCGY	B00GGUA19S	118694289	The Elder Scrolls V: Skyrim DLC Dragonborn	Digital_Video_Games	4	0	0	N	Y	Lots more adventures.	Had lots of fun. Reminds my wife of Morrowin.	2014-11-02
US	23502357	R3GIAUGFLH7N1L	B006ZNGG68	616370818	Hoyle Card Games 2012 AMR	Digital_Video_Games	1	0	0	N	Y	One Star	To small on the screen and the games are boring	2014-12-07
US	36683934	R2QGPUHPALQ284	B00GJ1X3V2	690049690	GTA TRILOGY + GTA IV [Online Game Code]	Digital_Video_Games	5	0	0	N	Y	Five Stars	Great!!!	2014-11-10
US	1030497	R2EN971DB4ABU9	B00F4CFAV8	341969535	Xbox Live Gift Card	Digital_Video_Games	5	0	0	N	Y	Five Stars	Love it	2015-02-04
US	25293	R2ZT8HOHSCWX65	B004RMK57U	53534661	Playstation Plus Subscription	Digital_Video_Games	5	0	0	N	Y	Five Stars	it's a great	2015-07-10
US	46126792	R32LOAEFPIWCBP	B00JT2NNAY	967450686	Airport Madness 4 [Download]	Digital_Video_Games	5	0	1	N	Y	Lots of Fun	very fun game	2015-07-24
US	20831184	R15RZD75283SLV	B00GAC1D2G	384246568	Playstation Network Card	Digital_Video_Games	5	0	0	N	Y	Good	Good	2014-10-22
US	8775780	RW7F4GP1AN68O	B00GXECQ5O	702487171	Borderlands 2 - Headhunter 2: Wattle Gobbler	Digital_Video_Games	3	0	0	N	Y	Three Stars	good Game	2015-02-23
US	3321377	R3O11KNGZR3UZJ	B004RMK4BC	384246568	Playstation Network Card	Digital_Video_Games	5	0	0	N	Y	Five Stars	Perfect! So fast	2014-07-19
US	12290881	RIP0082YGORO9	B002VBWIP6	232803743	Xbox Live Subscription	Digital_Video_Games	5	0	0	N	Y	Five Stars	loved it	2014-09-18
US	22698758	R1Y8826OV0YQ51	B00IN9FD48	385202288	EVE Online: Explorer Super Starter Pack [Download]	Digital_Video_Games	5	0	0	N	Y	Worth it	Worth it. Helped a lot.	2014-08-03
US	2856190	RDSCBRMY4CVJC	B00BM8GF5S	853543047	Call of Duty Black Ops II: Revolution DLC	Digital_Video_Games	1	0	1	N	Y	One Star	IT WONT LET ME PLAY THE GAME AND I PAYED FOR IT!!!!	2015-05-17
US	42622784	R384ZDJ29EK8SB	B00CIBAZRC	4277238	Maelstrom: The Battle for Earth Begins [Online Game Code]	Digital_Video_Games	2	0	0	N	Y	maybe not my style	When I downloaded this, the product didn't have any reviews, so I bought it on a gamble for ~$3. It downloaded and installed fine through Steam. I've tried to play it a few times, with only mounting frustrations. There isn't much for tutorial, so mostly you figure out how to play by dying/losing the mission, and right about when I thought I had it figured out-all of a sudden it switches from a 3rd person real time tactical situation to a first person stealth shooter thing...and I haven't opened it and tried to play again since. Reviews of the hard copy version of this title seem to follow the theme of &#34;easy to walk away from&#34; &#34;unpolished&#34; and &#34;lackluster.&#34; I haven't deleted it, I might try it again someday, but I don't have the patience to figure it out today.	2014-09-26
US	41565683	RDBGWXXDXS1ZQ	B008XN0GOQ	713906345	Check VS Mate [Download]	Digital_Video_Games	5	0	0	N	Y	Five Stars	Great Game needs a readme? included. For better instructions on how to play the game.	2015-02-17
US	12766400	RPSIO53MNII1K	B00K59HKIQ	384246568	Playstation Network Card	Digital_Video_Games	5	0	0	N	Y	Five Stars	it is very good thanks	2015-06-04
US	47889203	R249JGTAXJEL7J	B00GAC1D2G	384246568	Playstation Network Card	Digital_Video_Games	5	1	1	N	Y	Faster than going to the store.	Better than creating waste buying one from a store.	2014-10-23
US	14016499	R3DX7852QBWPFV	B007OWQCE0	675399380	Disney Club Penguin 12 Month Membership Code with Free Amazon Exclusive Bonus Item	Digital_Video_Games	5	0	0	N	Y	Worked perfectly	Worked perfectly. Purchased, got the email and was able to use the code and activate.	2014-12-28
US	10412843	R31CQL63YGC9AY	B00F4CFAV8	341969535	Xbox Live Gift Card	Digital_Video_Games	5	0	0	N	Y	Five Stars	$50 straight into my Microsoft Account! Yay! Destiny, here I come!	2014-09-29
US	543396	R3NY3PV6W7CZPR	B008FPV4N4	243923403	Grand Theft Auto: San Andreas	Digital_Video_Games	1	1	2	N	Y	One Star	Terrible didn't even work	2015-04-13
US	46892286	RRVZOIYJ84BB4	B00PZ3RVJA	437998265	Mystery Masters: Weird Park 3: The Final Show Deluxe Edition [Download]	Digital_Video_Games	1	0	1	N	Y	One Star	no strategy guide like it says...its not really the collector's edition	2015-01-21
US	1761321	R2A6P1WNHDBY6I	B00K59HHHU	384246568	Playstation Network Card	Digital_Video_Games	5	0	0	N	Y	worked great.	No problems at all. worked great.	2015-01-07
US	9656385	R2X3JAAAE1F1YV	B004RMK5QG	395682204	Playstation Plus Subscription	Digital_Video_Games	5	0	0	N	Y	Five Stars	the best	2015-03-21
US	2223986	R322D1HMKU0170	B00PJ6ZF1E	435870759	Five Nights at Freddy's 2 [Download]	Digital_Video_Games	1	0	2	N	Y	Disappointmenting download	I bought this game and the first one yesterday and all that downloaded was a one mb shortcut. Is there anyway i can get either my money back so i can purchase this again? Or get another download of each game?	2015-01-31
US	6911421	R1N8SB25JI45NE	B00I0FSU86	350065271	Grand Theft Auto V Cash Cards	Digital_Video_Games	5	2	3	N	Y	Awesome	Worked fine, didnt have any problems	2014-10-04
US	31477048	R1ZNBW53U07COE	B00XJZHJCA	384246568	Playstation Network Card	Digital_Video_Games	5	0	0	N	Y	Five Stars	Perfect!	2015-07-25
US	884266	R199T9D4HK4RI5	B004VSTQ2A	232803743	Xbox Live Subscription	Digital_Video_Games	5	0	0	N	N	Five Stars	Awesome!!	2014-10-08
US	776972	R333JEHKQZZNHQ	B00F4CEWOY	341969535	Xbox Live Gift Card	Digital_Video_Games	5	0	0	N	Y	Five Stars	Love it	2015-04-07
US	9351973	R3S48BPOJ0C7DE	B00GU043AW	896939288	Age of Empires II  HD: The Forgotten [Online Game Code]	Digital_Video_Games	5	0	0	N	Y	Five Stars	great  duo	2014-07-23
US	36692018	R2RT4SBUIJU1G6	B00JLK6ULS	216162264	Sid Meier's Civilization: Beyond Earth	Digital_Video_Games	2	0	0	N	Y	Really a waste of my money	Hoped it would be more engaging than Alpha Centari, but I just go back to Civ V, which is more engaging for me.  Really a waste of my money.	2014-12-29
US	3923716	R37D53ZMZUKHH7	B00GAC1D2G	384246568	Playstation Network Card	Digital_Video_Games	5	0	0	N	Y	instant	just purchase and play :)	2014-08-18
US	30743056	R2DENXBZCZ1PVA	B004RMK5QG	395682204	Playstation Plus Subscription	Digital_Video_Games	5	0	0	N	Y	Five Stars	Is what it is	2014-09-05
US	45758983	R10WRG1UOE9GI8	B00K4S9C9I	843235170	SPINTIRES [Online Game Code]	Digital_Video_Games	2	0	0	N	Y	Two Stars	Did not think it was worth the money	2015-03-23
US	23128666	RRBL691JPU8EY	B00XJZHJCA	384246568	Playstation Network Card	Digital_Video_Games	5	0	0	N	Y	Five Stars	Never once failed to please me.	2015-07-15
US	44154306	R27C7BW5AIQEGL	B004RMK4BC	384246568	Playstation Network Card	Digital_Video_Games	5	0	0	N	N	Five Stars	Excelente!	2015-08-24
US	31998169	R1XWMA3HT62IM5	B002VBWIP6	232803743	Xbox Live Subscription	Digital_Video_Games	5	0	0	N	Y	Awesome	Awesome	2015-02-11
US	20199146	R3OLLY97FZ35O4	B00EZAWV6W	745786495	Plants vs. Zombies Garden Warfare	Digital_Video_Games	5	0	1	N	Y	Cool game	The kid loved this game. It is a cute game that is for kids but being online with other children (old or young) is why the game rated the way it is. We just turn off the speakers	2014-11-27
US	28928507	R3P9JE1XV4K7QJ	B00JQKPU0U	951518006	Sid Meier's Colonization [Download]	Digital_Video_Games	4	0	0	N	Y	Still fun	I have been playing this game since it came out, but had to take a break since the cd (windows 95) that I had wouldn't run on my current laptop. The download plays in the DOS emulator, so the graphics aren't as good, but the game play is still the same.  Still a fun old strategy game from the Civilization creator Sid Meier.	2014-11-02
US	31579580	R21RHS5G2M1UOM	B00F4CF4PU	341969535	Xbox Live Gift Card	Digital_Video_Games	5	0	0	N	Y	I really don't know why u really need to rate ...	I really don't know why u really need to rate this product. what can is say about it hmmmmm.	2015-03-03
US	20921558	R3Q4EU83SC6MRO	B00GXHJGVI	912525905	Elder Scrolls V: Skyrim	Digital_Video_Games	5	2	2	N	Y	Sooooo many hours spent...	Sooooo many hours spent, barely scratched the surface. Incredible game.	2015-04-07
US	20644211	R1XRMRHDMFGE4T	B0051BH6FK	854938644	The Witcher 2: Assassins of Kings	Digital_Video_Games	4	0	0	N	Y	I suspect the game would be awesome but I can't get my mouse to work so ...	I suspect the game would be awesome but there's a massive lag with the mouse speed so I haven't been to get through much of the game.  From online reviews I think it has something to so with my graphics settings, so still researching that.	2015-02-15
US	33607310	R3IEOVOSCTOJAP	B008O8GZ90	991882906	Plants Vs. Zombies	Digital_Video_Games	5	0	0	N	N	Plants vs Zombies by Electronic Arts	I had seen this game on Big Fish but never thought about buying it for it looked to much like a game for kids  . All the reviews about the game were really good so finally I decided to buy it. And I love it! Its one of the most fun games I have and I never get tired of playing it. It works like a dream on my Windows seven computer and the download and installation went smoothly.Now if Plants vs Zombies 2 single player for the computer would come out it would be great. I love this game and wish I had bought it long ago for I missed a lot of fun by not having it. This is a game made for people who like to have fun.	2014-09-15
US	35580981	R170O75LN0ESMW	B00GXHJF9Q	550795620	The Elder Scrolls IV: Oblivion	Digital_Video_Games	2	0	6	N	Y	hoping it would be like a earlier version of that game	I got this after having played The Elders Scrolls V, hoping it would be like a earlier version of that game, but was sadly mistaken. The lack of being able to build your own armor and weapons was a big let down along with a clunky control interface made this a no go for me.	2014-08-11
US	26829088	R2AW6IYOVD0V5L	B002IC1BYM	986617851	Pure Hidden [Download]	Digital_Video_Games	3	0	0	N	Y	Update Needed for Windows 8.1	They need to update their games so that you can update on your computers.  Since purchasing this, I have gone to a Windows 8.1 computer, and now I can't even re-download the game because it no longer works on the system I have.	2015-05-10
US	26512817	R6INMQN3J1PUQ	B002VBWIP6	232803743	Xbox Live Subscription	Digital_Video_Games	5	0	0	N	Y	Xbox live at a good price and quickly redeemed	It's xbox live. Need I say more. S	2015-03-14
US	16209258	R1JVH4CB1DR2QA	B00K59HHHU	384246568	Playstation Network Card	Digital_Video_Games	5	0	0	N	Y	Five Stars	It's a gift card so it was exactly what I wanted it to be.	2014-07-28
US	43013392	R2CD47C9F0ZIWF	B00PJ6ZF1E	435870759	Five Nights at Freddy's 2 [Download]	Digital_Video_Games	5	0	0	N	Y	Runs smooth	Works smooth with no glitches on my PC.  As per the game itself the kids in the house love it.	2015-01-17
US	1938133	R2Q45S9XF7ZSWQ	B00GGU73EO	257749848	Batman Arkham Origins: Deathstroke Challenge Pack DLC - PS3 [Digital Code]	Digital_Video_Games	4	0	2	N	Y	Four Stars	ok	2014-09-01
US	48125734	R3M0LS5RBJRDYF	B00DNHLFQA	951665344	Command & Conquer The Ultimate Collection [Instant Access]	Digital_Video_Games	5	0	0	N	Y	very fond memories, havent played much	arrived as described and works like a charm.  no complaints here.	2014-08-04
US	19647115	R1W9RZN06CR1HT	B008D7EYWC	285817101	Need for Speed Most Wanted	Digital_Video_Games	2	0	0	N	Y	Unimpressive	No option for different camera views, have to access a menu to retry races instead of given the option instantly. Controls are sloppy and unresponsive.  Everything is done through a horribly un-intuitive and confusing menu.<br /><br />Some nice looking cars.	2014-12-13
US	14970243	R15TCKGWCGBB41	B005PQXRCM	458237813	Mortimer Beckett and the Lost King - Premium Edition [Download]	Digital_Video_Games	5	3	3	N	N	need an updated version for windows 10	awesome game but on windows 10- goes into cyber speed. cannot see parts of it like- finding the 2 aces-	2015-08-06
US	19648444	R3JU1WP37Y1W10	B008D7EYWC	285817101	Need for Speed Most Wanted	Digital_Video_Games	4	0	0	N	Y	Great game. Got an Xbox controller for the PC ...	Great game.  Got an Xbox controller for the PC and can get lost in the game for hours.	2015-03-20
US	18405252	R2QAO5N4S5UAQS	B002VBWIP6	232803743	Xbox Live Subscription	Digital_Video_Games	5	0	0	N	Y	Five Stars	Great seller, great product!	2015-06-15
US	11184550	RLRVBA36YLFJC	B00DNHLFQA	951665344	Command & Conquer The Ultimate Collection [Instant Access]	Digital_Video_Games	2	0	0	N	Y	I recommend buying this in any other way except through a DRM of Origin.	I love the game, but I hate Origin. Have of their downloads never seem to work correctly, and with C&C 3 and 4, I have to start the game from the c:\program files\game directory\ instead of starting it from Origin.	2015-04-09
US	47300310	R3HG52L1J1VH2F	B00F4CDIR6	716333327	Xbox $5 Gift Card - Xbox 360 Digital Code	Digital_Video_Games	5	0	0	N	Y	Bought for son	Happy son. No issues.	2015-04-22
US	41027183	RD3UGB87DCKIJ	B00GPQ2ZOW	946252600	Block Puzzle [Download]	Digital_Video_Games	5	0	0	N	Y	Five Stars	great game!	2014-12-25
US	13672125	R1VPOGILHDND81	B00MFUV8Q8	824877037	Destiny Of Spirits: Destiny Orbs 1000 - PS Vita [Digital Code]	Digital_Video_Games	4	0	0	N	Y	Perfect with minor fault.	Awesome deal. Save $10!<br /><br />Only downfall is you don't get the free spirits deal(Susanowo, Kichipee, etc.) you would get for buying it from the PSN.<br /><br />Still worth it though.	2014-12-27
US	49656273	R1EPPEWFV65Z1W	B009IR1SR0	912779847	Command and Conquer The Ultimate Collection [Online Game Code]	Digital_Video_Games	1	0	0	N	Y	One Star	Can't install it	2014-11-14
US	2172621	R1O5C2WP59XTFE	B00GGU4W16	692279813	Fatal Frame 2	Digital_Video_Games	5	0	0	N	Y	Five Stars	Ah, Playstation 2 classic. Sometimes it was more scary then Silent Hill)	2014-09-15
US	18556134	R3ICE3JKZ69LP5	B004RMK4P8	384246568	Playstation Network Card	Digital_Video_Games	5	0	0	N	Y	Five Stars	Perfect!	2014-11-06
US	14780357	R38IN6CTXQMA3E	B00LLWIVLQ	928456891	CounterIntel [Download]	Digital_Video_Games	5	1	2	N	N	Great game. I like to solve cryptic messages and ...	Great game. I like to solve cryptic messages and this game has an ample supply woven into a counter-terrorism plot.The secret codes are pretty simple and the walk-through that was included came in handy.	2014-07-30
US	39379207	RHNQ9EFCLJTAC	B008BKEWMI	57554399	RuneScape [Game Connect]	Digital_Video_Games	5	0	0	N	Y	Sufficient	Great product. Excellent results.	2015-01-01
US	11584162	R1HEJSY4Y9C89F	B00M0W1YZQ	157265206	Chronicles of Witches & Warlocks [Download]	Digital_Video_Games	5	0	0	N	Y	Five Stars	great game	2015-07-09
US	932283	R2IRMFT9HADNEP	B00917DBUE	714336136	Dark Souls: Prepare To Die Edition [Online Game Code]	Digital_Video_Games	5	0	0	N	Y	Five Stars	good	2015-07-06
US	12873818	RMDB3SOK3TLLA	B00KDNFG9Y	179257715	Batman Mega Bundle [Online Game Code]	Digital_Video_Games	5	0	0	N	Y	Great games for the price	Great games for the price, beware though, they can be a bit buggy. With a little work and patience I got them working, even with my Logitech Rumblepad 2 wireless controller. I got mine at over 75% off during one of Amazon / Steam's sales and couldn't be happier.	2014-07-31
US	10283722	RHSPS8MXZPOBF	B002VBWIP6	232803743	Xbox Live Subscription	Digital_Video_Games	1	0	0	N	Y	One Star	says 12 months, mine was only six im pissed	2015-08-13
US	51123076	RDGMGYWC32LX	B00ON06KW0	296749038	Stay Away - Hidden Object Game [Download]	Digital_Video_Games	2	0	0	N	Y	Might be useful for helping preschoolers learn shapes and objects	The graphics are blurry. There's only 10 scenes, but the same objects are used throughout. There's no challenge. It's done in about 30 minutes. Was not worth the money or the time to download it. Might be useful for helping preschoolers learn shapes and objects, but its not a very good game and I won't recommend it.	2015-01-11
US	10186365	RVGEHH67WUU32	B00UZJF2MM	181372792	Borderlands	Digital_Video_Games	5	0	1	N	N	Five Stars	K	2015-03-27
US	12954274	R9JME8DOI5F6O	B004RMK57U	53534661	Playstation Plus Subscription	Digital_Video_Games	5	0	0	N	Y	Five Stars	Its a 3 month membership to PlayStation network 👍	2015-07-24
US	33816644	R1EYUX5FTOG7J0	B004VSTQ2A	232803743	Xbox Live Subscription	Digital_Video_Games	5	0	0	N	Y	Five Stars	Worked as expected.	2014-11-01
US	20985759	R23UC0H2KHCRG7	B004RMK4BC	384246568	Playstation Network Card	Digital_Video_Games	5	0	0	N	Y	Five Stars	Very reliable for online purchases.	2015-01-29
US	44736230	R2QNNA6OZ7U5YH	B00906A1HM	387544807	Grand Theft Auto IV: Complete [Download]	Digital_Video_Games	5	0	0	N	Y	Five Stars	good price and complete collection	2015-04-04
US	37827627	R226QQLEWOM8CP	B00HG0B8NA	860280326	All-in-One Solitaire	Digital_Video_Games	3	0	0	N	Y	Worth $1.	I've played better. Does almost nothing automatically. Still, it was a reasonable price.	2014-12-31
US	15358835	RBH2GE0R1PCHX	B00A6CS2QQ	21188143	Titan Quest Gold [Download]	Digital_Video_Games	5	0	0	N	Y	Five Stars	Great game.	2015-05-24
US	1275128	R1IS8SQ5TBDROA	B00R6HB2XE	346023713	Forza Horizon 2 Storm Island - Xbox One Digital Code	Digital_Video_Games	4	0	1	N	Y	Forza Fanatic	Everything worked fine but I suggest just buying this from the live add on as one of these that I purchased turned out to be a little more expensive than what It cost in live. Check both though before you do. It could be cheaper sometime. When I purchased I did not yet have my new console to do so.	2015-01-25
US	1439964	RB10HSH1SVSQ3	B004RMK4P8	384246568	Playstation Network Card	Digital_Video_Games	5	0	0	N	Y	Five Stars	Great	2015-01-02
US	1998720	R9UJ9ZIBMYISX	B00HQ0WNI4	617135562	Alien: Isolation	Digital_Video_Games	5	0	0	N	Y	Five Stars	Intense and fun!	2014-11-09
US	6514841	RBR4SDY1M6LZN	B00K59HKIQ	384246568	Playstation Network Card	Digital_Video_Games	5	0	0	N	Y	Great	easy and good, Best place to buy these! I am utterly satisfied	2014-10-14
US	25775925	R2JDED5WEGV190	B00AZM80OQ	180561695	Delicious - Emily's Wonder Wedding Premium Edition [Download]	Digital_Video_Games	4	0	0	N	Y	and love the storyline	I had found this game enjoyable, and love the storyline. Plus, I like how they link the past characters to the present.	2014-11-19
US	2027916	R2ISHGMLYOVCAK	B00D93B5VI	99954883	NBA 2K14	Digital_Video_Games	5	0	0	N	Y	Five Stars	ok	2015-01-07
US	17883082	R3J2GDNN42V59K	B00HG0B8NA	860280326	All-in-One Solitaire	Digital_Video_Games	2	0	0	N	Y	Just OK	limited options of play, no do overs, no timing points. barely worth the money.	2015-03-19
US	5169307	R2WUG86YDZOJR8	B00GGUEKGS	611895752	Katamari Damacy	Digital_Video_Games	4	1	2	N	Y	Great for real gamers	Awesome game with great music	2015-01-09
US	10880387	R20GJCI8W2B0GN	B00CQOG8LI	388933938	The Sims 3	Digital_Video_Games	1	0	0	N	Y	One Star	Already purchased it and they made me buy it again	2015-06-20
US	1884867	R2IFW6DFZ2MH3F	B002VBWIP6	232803743	Xbox Live Subscription	Digital_Video_Games	5	1	1	N	Y	Awesome product, gets you the access code instantly and ...	Awesome product, gets you the access code instantly and alot easier than going to the store and paying extra money for it.	2015-02-03
US	11996750	R20RGB032E9SD6	B00JU9NV3K	483903773	Dragon Age Inquisition	Digital_Video_Games	1	12	29	N	N	One Star	this game sucks so much that its better than my vacuum cleaner	2014-12-08
US	13932327	R31SDAJD6PN8K1	B00KYDEWHA	687673913	Assassin's Creed Unity	Digital_Video_Games	1	2	3	N	Y	WORST ASSASSIN'S CREED EVER MADE.	AND LET ME TELL U WHY. YA THE GRAPHICS ARE GREAT BUT THE STORYLINE IS HORRIBLE . I HAVE PLAYED ALL THE AC GAMES AND LOVED THEM ALL BUT THIS ONE WAS SO BAD I LITERALLY PLAYED FOR 3HRS AND THEN JUST QUIT IT WAS SO BAD. SO HOPELESSLY BAD THERE IS NO SUBSTANCE, NOTHING FUN ABOUT THIS GAME AT ALL. IT SUCKS. AND ITS NOT THE GRAPHICS ITS THE STORLINE ITS THE FACT THAT NO THOUGHT WAS PUT INTO WHAT WOULD ACTUALLY MAKE THE GAME FUN. . ITS ALMOST LIKE THEY REALIZED THEY HAD A DEADLINE AND CUT IT SHORT THE ENDING OF THE GAME IS SO BAD PEOPLE LITERALLY JUST SIT THERE WITH A WTF LOOK ON THEIR FACE. I WISH I COULD GET MY MONEY BACK	2014-11-19
US	16778578	R1O0V0RJW2G61P	B00CONQOBU	299787663	Napoleon: Total War [Online Game Code]	Digital_Video_Games	1	1	6	N	Y	It worked fine for a while then I got a new computer ...	The major problem with is that it has to be activated with STEAM. It worked fine for a while then I got a new computer and now STEAM refuses to activate the game.  I tried calling customer service at STEAM but they never responded.  In the end the game was very limited because the scenarios are too tightly controlled. If you want to play as Napoleon you have to go step by step in battle mode and not campaign mode.  So because of that and because of STEAM I just threw it away.<br /><br />I usually give my old games to charity but because of STEAM that is no longer possible.	2014-11-02
US	4118501	R1KOJ2JAQ3BTFF	B004APAEL6	972173811	Rollercoaster Tycoon 3: Platinum	Digital_Video_Games	5	0	0	N	Y	Five Stars	Great game from my childhood!!	2014-08-07
US	29290805	R1JON021VSIW23	B002VBWIP6	232803743	Xbox Live Subscription	Digital_Video_Games	5	0	0	N	Y	relaxing	wow i am enjoying live games every day for hours, this 12 month subscription it makes you relax and not worry anymore each month to register, use it once and here you go, all the year playing online no interruption.	2014-08-09
US	45807434	R2IZDW1R4TUH7F	B008BKF498	57554399	RuneScape [Game Connect]	Digital_Video_Games	5	0	0	N	Y	Five Stars	Yay spins	2015-05-31
US	20722320	R2I44AHJMBVZLU	B004RMK57U	53534661	Playstation Plus Subscription	Digital_Video_Games	5	0	0	N	Y	Five Stars	Excellent !	2014-10-19
US	3356615	R22SCEGE99O3AV	B00F4CEWOY	341969535	Xbox Live Gift Card	Digital_Video_Games	5	0	0	N	Y	Five Stars	Great	2015-01-31
US	2659602	REU5MHOIU8983	B004RMK4BC	384246568	Playstation Network Card	Digital_Video_Games	5	0	0	N	Y	Five Stars	Really great and fast.	2014-09-02
US	49099573	R5DCKSU2N7J3K	B004RMK5QG	395682204	Playstation Plus Subscription	Digital_Video_Games	5	2	2	N	Y	Gotta own it or forget playing online!	What can I say?  It's a must have if you wanna play online games for the PS4...	2014-12-15
US	44587118	R2548MTMWSSD5I	B00V5D366G	306402151	FINAL FANTASY XIV: Heavensward	Digital_Video_Games	5	11	11	N	N	Ignore the 1-star Reviews that aren't... reviews.	Sadly, this expansion has a lot of 1 star reviews due to what appears to have been poor customer service via Amazon. I fear this may scare people off - but hopefully they are smart enough to look at the reviews.<br /><br />As for the expansion: All of the new content, so far, is highly enjoyable. The storeline and leveling will take 25+ hours at the least, and all of the story is great. DX11 is awesome to have - color is better, the small details in the armor and clothing is great.<br /><br />I love flying. Absolutely love it. Every new dungeon is well built, and the balance changes that have been introduced have, so far, seemed to level the playing field.<br /><br />Not only that, but it may have been the smoothest expansion rollout I've played on any MMO.	2015-06-25
US	3411505	RYCK5B31QL51Y	B00K32Y7NQ	432932520	Call of Duty: Advanced Warfare - PC [Online Game Code]	Digital_Video_Games	1	6	7	N	Y	Don't buy this game. Too many problems	Don't buy this game. It barely runs, and stutters a lot. The matchmaking is flawed as well. It barely finds any games. Even if you have the recommended specs or more than the recommended specs, it'll still stutter. This is happening to a lot of players. If you want more proof, then just head to the Steam Forums: http://steamcommunity.com/app/209650/discussions/	2014-12-03
US	10839916	RRVKXN8EK3QT	B009SPZ11Q	826849966	BioShock Infinite	Digital_Video_Games	5	0	0	N	Y	Great aesthetic!	After seeing videos about this game online, I felt a need to play it myself. I am so glad I did, the story is pretty amazing! I will say that the gameplay is rather dull but its probably just a personal problem since I don't really like first person shooters that much. The aesthetic of this game is what makes is great and worthwhile.	2014-12-31
US	26975748	R3KR6LIV9PUOZH	B00GS6A6V8	514886656	The Elder Scrolls V Skyrim DLC Bundle: Dawnguard, Dragonborn and Hearthfire - PS3 [Digital Code]	Digital_Video_Games	5	0	0	N	Y	Five Stars	Love it !!!!  Endless fun!!!	2015-03-19
US	33672373	R2HI267SSAPN31	B00EZAWS38	760859792	Castle of Illusion (Relaunch) [Online Game Code]	Digital_Video_Games	5	0	0	N	Y	Five Stars	I love mickey mouse.	2015-02-17
US	2523731	RWH0LPRILGB87	B00PYJVI8U	460393227	Little Big Planet 3	Digital_Video_Games	5	1	1	N	Y	Five Stars	Very fun to play	2015-04-23
US	2368566	R1CQZ2MDD67TX0	B005709NXI	761518040	Dragon Age Origins: Ultimate Edition	Digital_Video_Games	1	0	1	N	Y	This game is not computer with the graphics cards of ...	This game is not computer with the graphics cards of newer Macs.<br />The game would not show the image on my brand new computer.	2014-09-10
US	10633898	RB9GZMBE16P2	B00JITA0AO	73826441	Garden rescue [Download]	Digital_Video_Games	3	0	0	N	Y	I really loved playing it but that was a deal breaker	Game won't advance after the normal level - can't unlock other levels.  I really loved playing it but that was a deal breaker.	2014-11-10
US	52592948	R284ZVV22K2T3O	B00WV7Q1ZI	795766745	The Witcher 3: Wild Hunt	Digital_Video_Games	4	1	2	N	N	The game is absolutely beautiful to look at	1 star removed because the fighting mechanics are a bit rough on the edges and damage stats on enemies is overbearing even in easiest setting.  The game is absolutely beautiful to look at. The quests are high on dialogue to such an extent that its a bit like playin a movie. This is not everybody's cup of tea, but you can bypass long winded dialogue sequences if you prefer to do things. But by doing that, of course, you will miss out on some character relations and story depth.  Some dialogue options will have an effect on the world as a whole. Help someone and later on they will be friendly. Mow them down or be rude and they might not let you get into a place you need to be without a fight. That's pretty cool.  The crafting/alchemy/gear interface and management is awful. It's totally overwhelming and a lot of the buffs have so little effect it's not really worth dealing with. Some other buffs are well worth doing. But you will be hard pressed to figure it out without consulting the Internet.  Initially, fighting is going to be a real challenge. Like Bloodborne, this game does not forgive and forget damage taken. You get bit hard by an enemy, you're going to have to love with it throughout the fight.  At later levels you're going to be okay. But it is still challenging at hard levels. Of course there are ways to abuse the system and create powers and gear that is going to make any boss fight a piece of cake.  Pros: Beautiful visuals Very European Middle Ages look Lots of deep quests Challenging boss fights  Cons: Serious scripting issues that cause totally unfair damage in battles Hard to control battle dynamics. You press dodge but it will stay on attach until that animation has finished. Needs some more fine tuning. Way too many alchemy an gear/magic components Terribly confusing UI for gear and alexhmy etc.	2015-06-04
US	33189010	R2EDSNT8XRXIE6	B00KSLNI82	135925655	Battlefield Hardline	Digital_Video_Games	3	0	0	N	Y	Not worth full price, not worth the time of serious fans	It's got a better story than BF3 or BF4, but that's hardly a compliment. The story still has very awful set pieces and characters that are sorely forgettable and unlikeable. Shooting feels more lethal than previously, but the small map sizes make matches last no time, and make effective teams ineffective. The multiplayer is more COD than it has ever been, and that is not a good thing, this game scrapes by as competent, but as a fan of BF it needs to be much more than that.	2015-04-24
US	14732058	R37GS1XDNSOTMT	B00UZJFK5Q	432446253	Bloodborne	Digital_Video_Games	5	0	0	N	Y	Five Stars	Obra Maestra.	2015-06-29
US	37047603	R2QMYM1RP8YNU1	B00GGUUN46	815745735	Disgaea D2: A Brighter Darkness	Digital_Video_Games	5	0	1	N	Y	Five Stars	Good order	2015-04-05
US	9020911	RHI5LKHO8H2EZ	B004VSTQ2A	232803743	Xbox Live Subscription	Digital_Video_Games	5	0	0	N	Y	Five Stars	Easy and convienient	2014-08-28
US	37704590	RM8BDOFBZZJAK	B00I0FSVZI	678695694	Grand Theft Auto V Cash Cards	Digital_Video_Games	2	0	0	N	Y	Not worth it.	Not worth the whole $19 price tag. The $1.2M goes by so fast.	2014-12-22
US	48659368	R343CF3N6BO4JU	B002VBWIP6	232803743	Xbox Live Subscription	Digital_Video_Games	5	0	0	N	Y	Five Stars	Awesome deal!!!	2015-08-05
US	1988927	R2SV29WYNDAFPK	B00M049PGO	715643191	The Last of Us	Digital_Video_Games	4	0	0	N	Y	Muy buen juego.. la historia es interesante. ...	Muy buen juego..la historia es interesante..graficas y jugabilidad muy buenos...lo recomiendo	2014-10-24
US	4295908	R2M9R6MMRDYNP0	B004VSTQ2A	232803743	Xbox Live Subscription	Digital_Video_Games	5	0	0	N	Y	Five Stars	Quick and cheap way of starting or renewal of an XBOX membership. Thanks amazon	2014-12-31
US	9613111	R15Y5JDL6QL9YA	B00GJ2HZ7E	312829718	Sonic Hits Collection [Online Game Code]	Digital_Video_Games	5	0	0	N	Y	Fantastic package, not only a great deal but contains ...	Fantastic package, not only a great deal but contains a lot of the best modern sonic games ever made. Definitely a great buy for any sonic fans.	2014-08-01
US	8077190	R3LHZONVRJCD09	B004RMK4P8	384246568	Playstation Network Card	Digital_Video_Games	5	0	0	N	Y	Nice	fast and secure	2014-09-20
US	49573436	R228GX8HJPTOLF	B0030GG20I	415626889	Assassins Creed II	Digital_Video_Games	3	0	0	N	N	slightly above average	drm stuff aside pc version feels like a after thought<br />game has stuttering and very bad texture flickering on buildings and npc pedestrians<br />Crazy amounts of pop ins, yes all these are valid issues as they are very NOTICEABLE.<br /><br />framerate holds up for the most part only a few drops<br /><br />game in general is great action stealth adventure and marries all three styles of play well<br /><br />its a huge improvement over the first game thats for sure.<br />story,character and themes are interesting and will keep you playing if your looking to see where the series goes.<br /><br />but i honestly felt that the game drags on a bit, towards the end especially.<br />And to be more honest the sci fi stuff is just waay to convoluted and is silly contrast to the period style of the majority the game.<br /><br />this is my second game in the series i've played, and i do hope they drop the sci fi stuff as i play the other ones	2014-11-11
US	30848805	R22ZYJKYL3W3UH	B004RMK5QG	395682204	Playstation Plus Subscription	Digital_Video_Games	5	0	0	N	Y	Five Stars	My son loves the extra games and service. Worth the money.	2015-07-04
US	28375704	R33WNLPC90HV2Z	B005E1GQJO	697683654	Wildlife Park Tycoon [Download]	Digital_Video_Games	3	0	0	N	Y	Three Stars	Fun game I enjoy it	2015-07-10
US	2885917	R5X1JR7IAD939	B002KE4NRK	504419918	Governor of Poker [Download]	Digital_Video_Games	4	0	0	N	Y	Four Stars	I ENJOY THIS GAME	2015-07-23
US	11301445	R2RYXAGPLMI3FF	B004RMK5QG	395682204	Playstation Plus Subscription	Digital_Video_Games	5	0	0	N	Y	Five Stars	Great purchase	2015-04-29
US	4849772	R1AV17ON8T0DPL	B004RMK5QG	395682204	Playstation Plus Subscription	Digital_Video_Games	1	1	3	N	Y	fix this now	The code I have received is invalid. Very disappointed. Correct or prepare for legal action.<br />I have tried to contact seller multiple times. Zero responce. I can't honestly believe this can be true.	2015-02-18
US	12974326	R1QR1TCNCP3B9V	B003O68SUQ	945633186	WW2 Pacific Heroes [Download]	Digital_Video_Games	5	0	0	N	Y	Great product.	Great product. Very fun, very addicting, I love to play.	2014-09-29
US	1668363	RSPK2L7V5TS0T	B00TXVYWRY	886096191	Dragon Ball Xenoverse	Digital_Video_Games	3	1	1	N	Y	Alright.	Good game. Fun and entertaining.	2015-07-05
US	28975371	RQXL8D9KKRXV7	B00CPS62QQ	778852074	The Path of Hercules [Download]	Digital_Video_Games	1	0	0	N	Y	Worthlesss	Never could get the game to download to my PC,	2015-07-24
US	33901141	R3DMP5YEV1FFY3	B004I43FAG	357034528	Silent Hunter 4 Wolves of the Pacific: Uboat add on [Download]	Digital_Video_Games	4	0	0	N	Y	I really do enjoy this game	I really do enjoy this game. My only critique is that the A.I. (artificial intelligence), is erratic in it's behavior. What I mean, is that the Destroyers when looking for you, will sometimes show idiot behavior, and act like incompetent buffoons, and yet at other times, they will be unrelentless, and will destroy you no matter how silent, how perfect you are in avoiding them. other than that, it's a great game.	2014-11-23
US	45263926	R2VUO0SX15GWKD	B00F4CF39C	341969535	Xbox Live Gift Card	Digital_Video_Games	5	0	0	N	Y	Five Stars	Excellent	2014-10-07
US	12241600	R333EYP3OT082R	B00K59HKIQ	384246568	Playstation Network Card	Digital_Video_Games	5	0	0	N	Y	No problem	Worked perfectly, no need to wait for credit to be available. Redeemed and ready to go.	2014-10-14
US	7273989	R20UMN7GAG1FQZ	B00T6T9B5G	389885975	Assassin's Creed Rogue	Digital_Video_Games	5	0	0	N	Y	It is similar to AC 4 Black Flag (naval exploration and warfare) but its story is far better imo. AC	Assassin's Creed Rouge is my second favaourite game in the franchise after AC 2. It is similar to AC 4 Black Flag (naval exploration and warfare) but its story is far better imo. AC: Rouge is almost perfect for me. My only complaint is that the game requires uplay account to be activated and played. I had many issues with uplay, so it took me 5-10 mins to strat the game each time when i intended to play.<br /><br />Every AC fan should have this in their collection.	2015-07-05
US	857723	R28RM69JR0ITNU	B00GAC1D2G	384246568	Playstation Network Card	Digital_Video_Games	5	0	0	N	Y	Five Stars	Good	2014-11-06
US	25466346	R34KCOCBKYWJFC	B007KLV2PY	827361220	Mini Golf [Download]	Digital_Video_Games	3	0	0	N	Y	Three Stars	it is fun, but not a great game for me	2014-09-12
US	39219829	R3RI13PPGYU0ZS	B003X09X5C	379651140	Ceville	Digital_Video_Games	4	0	0	N	Y	Four Stars	very good game reminded me of the old classic adventure games	2014-07-28
US	50416611	RRU1Q2QV31FYG	B00DTWEOZ8	869820667	Titanfall [Online Game Code]	Digital_Video_Games	5	0	0	N	Y	Kinda like Call of Duty meets MechWarrior	Kinda like Call of Duty meets MechWarrior.  Fast paced.  100% online multiplayer.  I think its interesting how they added npc to the fight along with other players.	2015-04-11
US	4794271	R23AKDRH5RLICG	B004QZAE06	43193859	Total War: Shogun 2	Digital_Video_Games	4	0	0	N	Y	Four Stars	Very fun. My 3rd favorite	2014-12-29
US	1199514	RDO4U9TE7NNNJ	B004RMK5QG	395682204	Playstation Plus Subscription	Digital_Video_Games	5	0	0	N	Y	Five Stars	Ps4 is the best	2015-06-09
US	15574204	R1N2NKL312F0PH	B00IN9FD48	385202288	EVE Online: Explorer Super Starter Pack [Download]	Digital_Video_Games	3	0	0	N	Y	Three Stars	Not my kinda game.	2015-07-06
US	2609847	RYAPHIBUUBQRV	B00GGUUFUI	721570092	Battlefield 4: Premium Season Pass - PS3/ PS4 [Digital Code]	Digital_Video_Games	1	0	3	N	Y	Your policies are wasting My Time !	You must  Write &#34;Thin is à Region Locked product&#34;  I bought it but it did not Work.  Your policies are wasted My time until I Manage to Refund.  Please do Some  Changes On to Your Policy.	2014-08-16
US	36175804	R4RHIGBXKGLKI	B00S00IJH8	215163395	Sims 4	Digital_Video_Games	5	0	0	N	Y	Five Stars	Kind of fun not much to it through	2015-04-08
US	1394004	R1YTCPM1734H90	B004RMK4BC	384246568	Playstation Network Card	Digital_Video_Games	5	0	0	N	Y	that's great, unless if it's your first time buying with ...	Product as described, you get your code right after buying it, that's great, unless if it's your first time buying with credit card, then it takes a little to get approved.	2014-08-23
US	16124058	RH7W2VUSHNC15	B00CX9L30W	310138095	Final Fantasy XIV: A Realm Reborn	Digital_Video_Games	5	0	0	N	Y	Five Stars	absolutely love this game	2015-01-19
US	51123076	R1AHX8MMN3N1C9	B005PB20TI	255185945	4 Elements 2 [Download]	Digital_Video_Games	4	0	0	N	Y	I enjoyed playing this game.	Cute graphics and lots of  things to pop (similar to Bejeweled) make it a fun and relaxing way to pass the time. The only complaint I want to mention are  images used in the seek and find games are not full screen and much too small to spot the items you're supposed to find. Since there are more of the match-3 popping games than seek and find games this isn't a huge problem, but it is annoying.	2015-07-06
US	374133	RL4R75H9AU4CD	B00GAC1D2G	384246568	Playstation Network Card	Digital_Video_Games	5	0	0	N	Y	Five Stars	very fast delivery to my email.	2015-06-18
US	2417829	R58P27POIP7WC	B00HHZ427I	778292971	1-Year PS Plus + $10 PS Gift Card - PS3 / PS4 [Digital Code]	Digital_Video_Games	5	1	1	N	Y	Good deal and comes in fast!!	Comes in really fast!! Good deal also	2014-12-13
US	2708308	RURIM6QXCSR2L	B00917DBUE	714336136	Dark Souls: Prepare To Die Edition [Online Game Code]	Digital_Video_Games	4	0	0	N	Y	Nice game	I love this game :)	2015-07-06
US	6180051	R2TT78E74V7EJ1	B00DTWEOZ8	869820667	Titanfall [Online Game Code]	Digital_Video_Games	1	0	6	N	Y	One Star	Overpriced	2015-02-18
US	10855579	R1793OQ8HYET63	B007XXEG5C	622527631	Madden NFL 08 [Download]	Digital_Video_Games	1	1	1	N	Y	I don't recommend this to anyone unless you know a lot about ...	Had trouble downloading and wanted a refund.  They refused.  I don't recommend this to anyone unless you know a lot about computers.	2015-08-04
US	2805711	R3OL4R0HMID41G	B00F4CFAV8	341969535	Xbox Live Gift Card	Digital_Video_Games	5	0	0	N	Y	Faze rain	Good	2014-09-15
US	12457634	R2SHM0YHI51RSH	B00HWYDM3O	289970036	Star Wars The Old Republic	Digital_Video_Games	5	0	0	N	Y	follow instructions...	Use the directions Instructions:  Go to http://www.swtor.com/ Click the &#34;Log In&#34; button at the top right and log in. Click on the &#34;My SWTOR&#34; tab Click on &#34;Redeem a Code&#34; Click on &#34;Redeem Your Code Now&#34; button Enter the code you have received  I didn't and had a hard time getting it to work other ways.	2015-07-08
US	36537819	R2F8LK4PZC902M	B00GAC1D2G	384246568	Playstation Network Card	Digital_Video_Games	5	0	0	N	Y	easy, perfect	the only place I've seen where you can get a $10 PSS gift card, fast, easy, perfect, thanks!	2015-04-06
US	27882162	R1PKJ2RHZ85C82	B00JV3B3MQ	798311713	Middle Earth: Shadow of Mordor	Digital_Video_Games	5	0	0	N	Y	Best money ever spent	I caught it on sale for $20. Best money ever spent. Was really fun I I'd highly recommend buying it at even at full price for a fun action hack and slash.	2014-12-31
US	44704387	R5XES5NR9N7HC	B00M049PGO	715643191	The Last of Us	Digital_Video_Games	5	1	2	N	Y	favorite game of this generation	This is easily my favorite game ever for all systems since Nintendo. I love the multiplayer and play it every day it is four and four and survival combat with two teams you gather supplies on map making Molotovs, better armor, better weapons  and take out the other team. Its brutal and gory Gameplay that is addictive. Also as an owner of the ps3 version this has 1080 p graphics with much improved textures (you can actually read signs now).* Update now has HDR and true 4k for us users of 4k TVs. One of few times with true 4k. And has a cool photo mode that lets you take pictures and apply filters. That says nothing of the 20 hour campaign which I equate as amazing, with a great story and has great character development. The graphics and scenery and variety is astounding, I believe the team that made this had to love resident evil 4 as it has that same tight Gameplay with excellent variety. At 50 dollars this is a steal and at 100 I would still think this is a steal. This will probably be the best ps4 game until the inevitable last of us 2.	2014-10-13
US	138807	R3KQNW7ZZUPDYV	B004RMK4BC	384246568	Playstation Network Card	Digital_Video_Games	5	0	0	N	Y	Five Stars	Good	2015-08-29
US	2485691	R1O3N03BCJQ1XA	B004RMK4P8	384246568	Playstation Network Card	Digital_Video_Games	5	0	0	N	Y	Five Stars	Fast and Easy	2015-03-26
US	7950758	R2ATZXWBM4W8VX	B00GHTP7SS	656929875	Injustice: Gods Among Us	Digital_Video_Games	1	0	0	N	Y	So Sad....	My download was super slow and very glitchy when I finally got it. Everything was in slowmotion, and nobody from Amazon or the WB seemed to care.....I was very disappointed.	2014-12-23
US	29170984	RFX9PXVPC0RZE	B002VBWIP6	232803743	Xbox Live Subscription	Digital_Video_Games	5	0	0	N	Y	It's a Xbox live card. Code	It's a online card. Worked fine. No issues. Got the code in a few. And was setup online quick.	2015-04-18
US	41597908	R17SU0GANI8O0D	B004RMK4P8	384246568	Playstation Network Card	Digital_Video_Games	5	1	1	N	Y	Good.	Was money for stuff. Got it. Good.	2015-02-18
US	23636209	R33GI3036KOC7O	B002VBWIP6	232803743	Xbox Live Subscription	Digital_Video_Games	5	0	0	N	Y	Five Stars	Fast	2015-02-17
US	21403930	RRXAAM7MUQF7K	B002VBWIP6	232803743	Xbox Live Subscription	Digital_Video_Games	5	0	0	N	Y	Five Stars	excellent	2015-03-25
US	2947616	RJ7U56CTIY4BZ	B00KI3RPCU	263273246	Total War: Rome II - Pirates & Raiders [Online Game Code]	Digital_Video_Games	5	0	0	N	Y	worth buying	nice dlc	2015-06-10
US	14222166	R1H0P4RQ8NPQNB	B00AR03OV0	666253540	Mark of the Ninja [Online Game Code]	Digital_Video_Games	5	0	0	N	N	Amazing game by Klei, makers of Don't Starve.	Amazing game by Klei, makers of Don't Starve. 2D stealth platforming game, brilliantly executed with buttery smooth gameplay and perfect art style. Great voice-over and cool story. Loved it!	2015-04-03
US	49067487	RFHR3IB1FM6D0	B008ELNDLU	254969314	The 7th Guest [Download]	Digital_Video_Games	2	0	0	N	Y	Two Stars	crashed my pc ?????	2015-08-05
US	1574798	R2PGPFLZ9JAWF5	B004RMK5QG	395682204	Playstation Plus Subscription	Digital_Video_Games	5	0	0	N	Y	Five Stars	Great	2015-03-18
US	11606469	R2UP8T7P8YYUV2	B0064TYOLW	122131766	Mass Effect 3	Digital_Video_Games	1	0	2	N	Y	DO NOT BUY!!!!!	This game sucks. It has a good gameplay but the ending ruins everything. No matter what you choose everyone dies.	2014-07-17
US	10949533	RX2JXUVKHV3BJ	B004RMK5QG	395682204	Playstation Plus Subscription	Digital_Video_Games	5	0	0	N	Y	Five Stars	Thank you Amazon! 5/5 stars	2015-03-22
US	1098056	R1L9D08SIPYBZ3	B00GAC1D2G	384246568	Playstation Network Card	Digital_Video_Games	1	0	0	N	Y	have not got it yet	I have not got it	2015-02-17
US	19493025	RT2PKTYC5M5O6	B00GAC1D2G	384246568	Playstation Network Card	Digital_Video_Games	5	0	0	N	Y	Fast and secure	i just Recibed the code right away	2014-08-14
US	1120124	RLPN27YMZ567N	B004RMK4P8	384246568	Playstation Network Card	Digital_Video_Games	5	0	0	N	Y	Quick way to add funds	Code worked great.	2015-02-07
US	16425159	R2A9DVE6Q0BQSE	B00GXHIWOK	944409029	Fallout: New Vegas Ultimate Edition	Digital_Video_Games	5	0	0	N	Y	Maybe my favourite RPG of all time.	On par with Fallout 2 in many ways. Buggy on launch, runs like clockwork after all the patching.	2014-08-21
US	24082618	R3KSTWJN3OM4IY	B00MV1FGH8	840359245	NBa 2K15	Digital_Video_Games	1	5	20	N	Y	Terrible, confusing interface	Terrible, confusing interface. Looks like a cartoon. Didn't really like the long, drawn out stories in my player. Game play and graphics weren't that much improved $30 extra we had to pay (Now we get VC yea! not).	2014-10-07
US	13869806	R14ONRQOKJBCTQ	B00CQOG8LI	388933938	The Sims 3	Digital_Video_Games	1	0	0	N	Y	TO BAD THEY DON'T GIVE YOU YOUR MONEY BACK ON THESE GAMES	I WOULD NOT BUY THIS AGAIN, DOWNLOADED ORIGIN, THE PROGRAM LIKE STREAM WHICH YOU NEED TO PLAY THE GAME, AFTER THEY ALL  WERE DOWNLOADED, NONE OF THEM WILL OPEN OR PLAY.	2015-06-02
US	2303497	R1NMNTEDOQLGCD	B00F4CEWOY	341969535	Xbox Live Gift Card	Digital_Video_Games	5	0	0	N	Y	I love it	no problems here everything is just fine	2014-09-09
US	43301323	RFZ0HII1CFITA	B004RMK57U	53534661	Playstation Plus Subscription	Digital_Video_Games	5	0	0	N	Y	Five Stars	excelente!!!	2014-10-27
US	50312894	R11E7PYCZ218PO	B006ZNGSFW	240580334	Hoyle Card Games  [Download]	Digital_Video_Games	3	1	1	N	Y	I'm not sure its a great solution, but it does work and I can ...	I had similar problems with the download as reported by other reviewers, however, the Encore website has a solution.  I'm not sure its a great solution, but it does work and I can play the games.  After you click on the short cut, a user account box opens and asks if you want to allow the program to modify the computer.  If you select yes, the game opens, if you select no, the box closes and the game does not open.	2015-01-22
US	41070174	R21IAYNVZ05IYB	B00CXTUBH8	836413916	Batman Arkham Origins	Digital_Video_Games	3	0	0	N	Y	Fun enough, but not unique.	Meh, kinda let down. I probably should have waited for it to drop in price (which it is now). It's basically more of the same, with only minor additions to Arkham City. If you liked Arkham City and Asylum, you'll probably like this, too, just don't expect anything too different. The challenge stages can be done playing as Deathstroke, which is pretty cool, and there are some new gadgets to use.	2014-08-18
US	22922164	RWPMRHZNO6Z1N	B00LLIQWKC	864535992	Destiny - Expansion Pass - PlayStation 4 [Digital Code]	Digital_Video_Games	1	4	5	N	Y	Laziest Expansions I've Ever Seen	Man, I loved me some Destiny. I played the beta and couldn't get enough. I got it day one and play it even more. Great, great, great. Eventually the polish wore off though and the sad truth of the game was revealed - it really is a limited collection of recycled content. Even with that I bought the expansion pass since I figured they'd solve the lack of content problem in the expansions. Nope. In fact the recycling of content became even more problematic. The first expansion added like 5 new story missions (all of which take place in environments the game shipped with), 2 strikes (ps4 only featuring reskinned versions of regular enemies), and a high end raid that I have yet to be able to participate in due to their lack of a matchmaking system. Sorry if I don't have 5 other friends who also play Destiny Bungie!<br /><br />The complete lack of new content really soured me to the whole Destiny experience and I haven't been back since. Heck - Bungie gave all of us free purple weapons a couple weeks ago and I haven't even logged into check to see what I got.I actually find myself dreading when they release the second expansion. Will I find myself playing it just cause I already bought it and hating every second of it? Both these expansions seem like a lazy cash grab.	2015-02-24
US	1109545	R2A7MUYWDKP4H2	B009AYQQS2	611416854	Company of Heroes 2	Digital_Video_Games	5	0	1	N	Y	Great Game, Great Service	Great Game , Great Service :)	2014-09-30
US	37575890	R3L2QNQGHM5E1B	B0053THREA	28852530	Assassin's Creed II [Mac Download]	Digital_Video_Games	2	0	0	N	Y	Two Stars	Didnt work but Amazon customer service did help!	2015-02-16
US	48284648	RTT8PE6BX5SU6	B00J4SYH3K	437964694	Castlevania: Lords of Shadow - Mirror of Fate HD	Digital_Video_Games	4	1	2	N	Y	Four Stars	Awesome	2015-02-02
US	25241112	R22SD9OFMSVSH0	B00GAC1D2G	384246568	Playstation Network Card	Digital_Video_Games	5	0	0	N	Y	Five Stars	awesome gave loads of happiness	2014-11-25
US	23747397	R2LRP88EXS8NB9	B00L4KVCYS	589660862	Towerfall Ascension  - PS4 [Digital Code]	Digital_Video_Games	5	6	6	N	Y	The Mona Lisa of Modern Entertainment	This retro 8-bit platformer will have you hooked in minutes.<br />Unlike many modern franchises that attempt to achieve hyper-realistic graphics and miss the mark, this game embraces a simpler form and brings it to perfection. Here are some of it's best qualities:<br /><br />- 4 player VS Mode, perhaps the most intense party game since Super Smash Bros.<br />- 2 player Quest Mode, a cooperative killing spree through a dozen or so monster-infested settings.<br />- &#34;Easy to learn, difficult to master gameplay&#34; that allows for extremely self-satisfying skill development.<br />- A massive variety of &#34;variants&#34; (weapons, rules, special effects, bonuses, etc) that keeps the game fresh and exciting.<br />- Several unlockable characters and settings, including a few hidden &#34;easter egg&#34; surprises.<br />- Ridiculously smooth gameplay and control layout.<br /><br />Fantastic game. 10/10. Definitely worth 15 of your hard-earned dollars.	2014-07-27
US	52377920	R38ESQ5N6HVOWA	B00MNND31U	189632897	IGT Slots: Day of the Dead [Download]	Digital_Video_Games	5	0	0	N	N	Day of the Dead fanatic!	I love games themed after Dia de los Muertos, and this one is awesome. IGT and Masque outdid themselves! When you get a big win, a sugar skeleton mariachi band appears and plays a song to reward you while the coins come piling in. The other games are pretty good, but I already had them from other Masque games like Wolf Run.	2014-10-21
US	26223567	R2ZZJR5PP57M8V	B001L5TIR4	921416492	The Rise of Atlantis [Download]	Digital_Video_Games	1	0	0	N	Y	One Star	I could not down load this game to my computer.	2014-12-17
US	5366998	R2WVF0D9D2IVF5	B00EIN26V6	293910640	Saints Row 4	Digital_Video_Games	1	0	4	N	Y	I wasted $4. 00 on a code that's not even ...	I wasted $4.00 on a code that's not even forme I have the 360 sr4 and I realized I bought a pc code can someone plz explain how to get my money plz	2015-06-19
US	33854234	R7LS25FIP7UC9	B00ELJRCDO	60021262	Walking Dead Pack [Online Game Code]	Digital_Video_Games	1	0	0	N	Y	Rip off	Was never able to get it to load or function.	2014-08-12
US	23302278	R1KXF6SEMIDCON	B00GJ0M6GG	649993645	Europa Universalis IV: National Monuments II [Download]	Digital_Video_Games	1	0	4	N	N	Garbage	This game is garbage. It crashes constantly, and having to use Steam is a nightmare.	2014-09-05
US	1847262	R1Z35YMM3MZEX7	B004D4YDNE	69625145	Grand Theft Auto IV - PC Download (Standard Edition) [Download]	Digital_Video_Games	1	0	0	N	Y	I would of love the game if I can play the game it ...	I would of love the game if I can play the game it dosnt let me play the game it's telling me the key code didn't work	2015-01-22
US	12271165	R6JCZBMV6VZM5	B002VBWIP6	232803743	Xbox Live Subscription	Digital_Video_Games	5	0	0	N	Y	Five Stars	Great price!	2014-09-02
US	16241968	RHPT2EB5PL47E	B00H7KDNBO	721195064	Titanfall [Instant Access]	Digital_Video_Games	5	1	2	N	Y	awesome game!	Such a fun game!! in every game something awesome happens. lots of fun playing modes from attacking enemy pilots to CTF to holding set &#34;hardpoints&#34; against enemy attack. definitely would recommend. Instant access was quick and effective, my origin account immediately knew it was purchased. the amazon price is better than the origin price as well.	2014-07-20
US	409764	R1K50HUWJQ0RCL	B00H4F9N3Y	697909686	Gran Turismo 6	Digital_Video_Games	5	0	0	N	Y	Five Stars	The ultimate gear head's digital garage, simply amazing	2015-03-14
US	18769494	R3LH8UQUKPTO0D	B00GAC1D2G	384246568	Playstation Network Card	Digital_Video_Games	5	0	0	N	Y	Great product!	Excellent product, you get your code as soon as you place your order and ready to use immediately. If you are in need of a gift or funds this is one of the best products you could ask for.	2014-09-10
US	38881928	R3NJC3P7QMJ67W	B004RMK4P8	384246568	Playstation Network Card	Digital_Video_Games	5	0	0	N	Y	Five Stars	Gift for my son	2014-11-08
US	16528617	R31LJJY15OQYUP	B00JMP5KSG	402132865	Sid Meier's Covert Action [Download]	Digital_Video_Games	1	0	2	N	Y	does not include the manual	i gave the lowest rating because Tommo did not include the manual with the game.	2014-09-06
US	1679085	R13CE7MXP7M8EP	B00GAC1D2G	384246568	Playstation Network Card	Digital_Video_Games	1	0	0	N	Y	not valid	Said was incorrent or not valid waste just a giant waste	2015-07-24
US	14111516	R19270MR5TU22	B00HERCRAI	66279163	Metal Gear Rising Revengeance	Digital_Video_Games	5	0	0	N	N	probably the best game ever made.	My guy ran up a volley of missiles, jumping from missile to missile then cut a helicopter into 800 pieces in slow motion while doing a flip. There's no reason to ever play another game again.	2014-12-19
US	51114432	RSHBBUNGL3CZV	B00PFWH3C6	769758299	Lost Lands: Dark Overlord [Download]	Digital_Video_Games	1	1	1	N	Y	did not work	would not work after download	2015-01-19
US	15011101	R3NOXXC7MJOOSI	B007W3ZZS0	242374038	Crysis 3	Digital_Video_Games	5	0	0	N	Y	Five Stars	Amazing graphics, running at highest settings with a Saphirre radeon 3GB R9 280	2015-02-05
US	804921	R26EHOZBUJEC4C	B00HWYDM3O	289970036	Star Wars The Old Republic	Digital_Video_Games	5	0	0	N	N	Works as advertised	I received the code instantly, it works and got no issues with it.	2015-01-20
US	2839255	R2ECZLGQHK0GAJ	B004RMK4BC	384246568	Playstation Network Card	Digital_Video_Games	5	0	0	N	Y	Fivr stars	It's perfect. I can use these founds to buy everething I want.	2014-08-17
US	26045230	R249MIMWV84AFL	B00IAZP28W	689133161	The LEGO Movie Videogame	Digital_Video_Games	5	0	0	N	Y	Five Stars	Ling and interesting game. It is for my son.	2014-07-28
US	5122583	R1PK12JCMUGH2R	B00K59HKIQ	384246568	Playstation Network Card	Digital_Video_Games	5	0	0	N	Y	i like it i like it	i like  it i like  it	2015-03-16
US	29812395	R3LMF5S2O7Y1MJ	B005JF4RAA	976016596	The Humans [Download]	Digital_Video_Games	5	0	0	N	Y	Loads of fun!	Many years ago, with my first Tandy computer, and no Internet connection at all back then, I installed a little DOS game called &#34;The Humans&#34;  I loved it!  After playing through all levels a few times, I finally got &#34;The Humans II&#34; and had a grand time with that.  Eventually I got another computer, set up Internet connection, and forgot all about the game, and actually lost the discs to install it with.  I thought it was gone forever, until my daughter told me about this new, more up-to-date rendition.  It's nothing fancy, no amazing graphics, although I think they are great, but it is such a fun game.  I'm 72 yrs old, and I love it!  A fun way to wate away a little time when I'm in the mood.  Besides it's great for &#34;brain training&#34; too.  You do have to think to finish each level, and use strategy to get from one area to another.	2014-11-05
US	31657556	R697Y4FM3Z8OJ	B00F4CF39C	341969535	Xbox Live Gift Card	Digital_Video_Games	3	0	0	N	Y	Three Stars	like getting 25 dollars but we will see if I get it	2015-01-18
US	14957963	R3PE8USIFP5EBH	B00CX6G1IE	161335416	Burnout Paradise Bonus Vehicle Pack [Online Game Code]	Digital_Video_Games	5	0	0	N	N	Lots of awesome cars!	Took forever to release but it got me to play a game I stopped playing half a year before! Lots of awesome cars!	2014-09-20
US	935064	RDE9W558MN5XC	B00O15486W	703303364	Final Fantasy XIV Online: 60 Day Time Card [Online Game Code]	Digital_Video_Games	5	0	0	N	Y	Five Stars	It's exactly what you think it is. Pay for it, and get your code instantly.	2015-04-17
US	10421143	R3H7CRRVUD2D6K	B00GXHJGVI	912525905	Elder Scrolls V: Skyrim	Digital_Video_Games	4	0	0	N	Y	Amazing if your into that genre	This is an amazing and stunning game, however i got this because friends encouraged me to, i hesitated because i had a feeling it wasnt my thing. I got it anyways and knew it wasnt my thing however there is so much content in this game, if this kind of stuff is your thing, you will love it very much	2015-07-26
US	1902321	R2H7T2Q9UOW4FL	B00F4CEHNK	341969535	Xbox Live Gift Card	Digital_Video_Games	5	0	0	N	Y	Five Stars	Best place to get your Xbox live gift cards, really fast and secure. :D	2015-06-19
US	36655237	R2WUE2Q4IL1PMV	B00YPQT5MO	442116174	Switch Plus Audio File Converter [Download]	Digital_Video_Games	5	1	1	N	N	Works as expected.	This software package is able to extract the audio from YouTube. That is what I bought it for.	2015-07-06
US	741121	R1EK0I67OVYBX	B00LLIQWKC	864535992	Destiny - Expansion Pass - PlayStation 4 [Digital Code]	Digital_Video_Games	2	1	1	N	Y	Two Stars	Fun... For a little bit... Not worth $35	2015-02-11
US	6899102	R26D3X64Y5I3TY	B004RMK5QG	395682204	Playstation Plus Subscription	Digital_Video_Games	5	0	0	N	Y	Five Stars	good bery good	2014-11-19
US	22134921	R1PW320YZJQGYE	B004RMK5QG	395682204	Playstation Plus Subscription	Digital_Video_Games	5	0	0	N	Y	Five Stars	Works as advertised...	2014-07-19
US	32697018	R3TW01PUQBCCGF	B00WNANU3O	552663107	WWE 2K15	Digital_Video_Games	3	1	2	N	Y	this is good game but a lot of bug and the movement ...	last time i played a wwe game was in 2006 pc version and different engine i think..this is good game but a lot of bug and the movement inside the ring is terrible..and even on the highest difficulty its super easy to defeat any superstar	2015-07-16
US	15285079	R2QXAMPMYBGCVW	B007XXEG5C	622527631	Madden NFL 08 [Download]	Digital_Video_Games	1	0	1	N	Y	Doesn't work with Windows 8	Does not work with Windows 8; complete waste of my money.	2014-09-24
US	13225643	R6K6CYX9UI50D	B00KCS0KZU	991993661	Bejeweled Twist	Digital_Video_Games	1	0	0	N	Y	One Star	wont work!!!!!!!	2015-05-07
US	4049862	R328R9038IE3E3	B00I4BGNVM	351918761	The Elder Scrolls Online [Online Game Code]	Digital_Video_Games	4	0	3	N	Y	Four Stars	Fun!!!	2014-09-28
US	19876385	R1G7PBDYEDRW6Q	B00F4CF7L6	341969535	Xbox Live Gift Card	Digital_Video_Games	5	0	0	N	Y	Five Stars	Yes	2015-06-03
US	34906127	R189BYP5QJEVIB	B009IXL5FO	890878242	Thief Gold [Download]	Digital_Video_Games	3	0	0	N	N	I got this as a free download, but it's ...	I got this as a free download, but it's an old game. Unless you're nostalgic for it, it's almost unplayable.	2014-08-27
US	47966055	R1898AKULJHB08	B00HQNYMQ2	152009116	Wolfenstein: The New Order	Digital_Video_Games	3	3	4	N	Y	Excellent game play but....	I enjoyed the general story line and the game play all well done. What really bothers me is that game makers now feel as though they need to get into extreme levels of bad language and basically porn to sell games. Its quite sad. There was absolutely no need for the sex scenes at all. It ruined the game for me.	2014-12-01
US	47722246	R3R9KB823GPCIA	B007VTVRFA	402222185	SimCity - Limited Edition	Digital_Video_Games	3	0	0	N	Y	Worth it, I really enjoyed it. Glad I purchased it	I enjoyed this version of Sim City on PC. I liked the new buildings and city animations. Seeing all the different activities going on in your city is certainly entertaining. Especially since you can build so many different things, or focus your city on specific tasks if you wanted. Some minor drawbacks for me was the map size. The map size for building is quite small when you first begin. So plotting out your city can become frustrating if space is already running out 30 minutes into play.	2015-01-11
US	20472880	R327R4L571I4O0	B007590YUK	775807521	Jewel Quest: The Sapphire Dragon	Digital_Video_Games	5	0	0	N	Y	I love them all	I have the entire set of the Jewel Quest games. I love them all. Great graphics.	2014-12-22
US	719023	RF6R3YDN3NNWZ	B004RMK5QG	395682204	Playstation Plus Subscription	Digital_Video_Games	3	0	0	N	Y	Three Stars	Free game for PS4  its disaster , discounts exellent	2015-02-22
US	27171642	R16PUMEBM0GX1Q	B00TUEOSMS	47086315	FINAL FANTASY XIV: Heavensward	Digital_Video_Games	5	0	0	N	Y	Five Stars	Best mmorpg I have played in ten years!	2015-08-18
US	50801731	R6YF4VP819FXR	B00MOGWPJW	213996644	Whispered Legends: Tales of Middleport [Download]	Digital_Video_Games	2	2	2	N	Y	Good game, some glitches	Difficulty loading but enjoyed once the technical glitches were resolved (love Amazon's super support! Even though I ended up resolving myself, the responsiveness and guidance was great.)	2014-10-24
US	18696357	R1TVK9DKVJO3QG	B004E10R4K	404225442	Need for Speed: Hot Pursuit	Digital_Video_Games	1	0	1	N	Y	One Star	Can't use my steering controls.	2014-10-29
US	12907607	R2LVRURNDZFN1P	B001TK3VTC	678452244	Cubis Gold 2 [Download]	Digital_Video_Games	4	0	0	N	Y	Cubis Gold 2 is okay.	Cubis Gold 2 is challenging, but it isn't a game that draws me back to it, i.e., I can take it or leave it.	2014-09-21
US	594815	R2R60A7K2HLXMS	B00GAC1D2G	384246568	Playstation Network Card	Digital_Video_Games	5	0	0	N	Y	very fast	yip get in my mail in seconds	2015-02-24
US	23444804	R1WN8QZDQHIUQO	B00FK8F5BG	100187457	Dragon's Prophet F2P	Digital_Video_Games	1	0	0	N	Y	One Star	truly awful game	2015-04-12
US	26187384	RNHUIBA0KOC63	B002VBWIP6	232803743	Xbox Live Subscription	Digital_Video_Games	5	0	0	N	Y	Good and must have!	Good! Must Have!	2015-01-20
US	1409531	ROFY30SNIE7RG	B00XJZHJCA	384246568	Playstation Network Card	Digital_Video_Games	5	0	0	N	Y	Five Stars	Perfect for people outside the states	2015-06-28
US	23624782	R1E0FTNDZXE7BJ	B00RKZKFUI	476400848	Envelope Printer Lite [Download]	Digital_Video_Games	5	0	0	N	Y	I have found this envelope printer so helpful! I ...	I have found this envelope printer so helpful!  I do not have a word processor on my pc. Thank you Amazon for the FREE DOWNLOAD of this software.	2015-06-05
US	15586621	R2BO1TGLLALTQX	B004RMK4P8	384246568	Playstation Network Card	Digital_Video_Games	5	0	0	N	Y	Five Stars	is good	2014-07-28
US	23256599	ROWT08BBX7NKL	B00U0E5OEI	576228704	In Between Land Deluxe Edition (Mystery Masters) [Download]	Digital_Video_Games	2	0	0	N	Y	Bloody awful.	Awful game, and I expected more from Viva Media.  The design of the scenes wasn't bad, but the animation was cartoonish (not in a good way) and the story didn't make much sense.  The &#34;aliens&#34; dressed and looked like people off the street--nothing otherworldy about them, especially at the end.  It was a really, really short game. The hint feature showed nothing in the rare hidden object sequences.  At other times, it made no sense  because it referred to objects that were never displayed.  I felt like the entire game was disjointed.	2015-07-11
US	30472277	R9M2L1UN8NRV2	B004RMK4BC	384246568	Playstation Network Card	Digital_Video_Games	5	0	0	N	Y	Very good	Very good	2015-06-27
US	13107928	R3D4HG4CK8M775	B00HHZ427I	778292971	1-Year PS Plus + $10 PS Gift Card - PS3 / PS4 [Digital Code]	Digital_Video_Games	5	1	1	N	Y	Son is loving it	Got it and my boy is happy! :-D	2015-02-05
US	17690517	RJZYX4FYMY69L	B00L4KVC7U	651487233	Daylight - PS4 [Digital Code]	Digital_Video_Games	4	0	7	N	Y	Four Stars	Todo estuvo correcto.	2014-12-11
US	50801731	RTOPI5EURV4P7	B00NI8LTE2	424284743	The Twilight Zone [Download]	Digital_Video_Games	1	1	1	N	Y	Boring game, waste of money	This game is terrible. Forget the lack of instructions (which would be nice as nothing makes sense), but it's boring! You keep returning over and over and over to the same scenes to find the same objects. What a waste of time and money.	2014-11-11
US	36809791	R1AV1LMQ60G9P8	B004RMK5QG	395682204	Playstation Plus Subscription	Digital_Video_Games	5	0	0	N	Y	Five Stars	Fast digital delivery.	2015-05-21
US	42805803	R12M9I6515ZSFZ	B00K59HKIQ	384246568	Playstation Network Card	Digital_Video_Games	5	0	0	N	Y	Five Stars	awesome so easy	2015-05-05
US	20405038	R1GT9VMQ61FVQV	B008Y218RK	102056685	Lord of the Rings: War in the North [Download]	Digital_Video_Games	5	2	2	N	Y	I really like this game.	This game is gorgeous. I like the straight forward hack and slash. Due to a health limitation I never could play open world games such as these that required you to do many side quest or complex main quest so I don't buy them. This game however is very simple to follow and the quest and side quest were not hard at all.<br />The Graphics, audio and game play were all well done. I ran the game maxed out and it ran at exactly 60 fps on my XFX 7950 @ default.<br /> I like the game 'Dishonored' but not the graphics; this game's graphics was just simply better. I wish that Dishonored had this graphics. I never got a game play glitch, the game ran smoothly.<br /><br />There are however two things I don't like about this game.<br />1. The game save management is next to none-existent. You can only save once in the game and your new save overwrites the previous one, that is simply unacceptable in today's way of gaming. Computers pc or consoles now have very large disk space and very capable hardware's, there is now reason why a player shouldn't be given the option to have multiple saves as they desire. I won't knock off a star because of that but this way of doing things should change for future releases.<br />I did get around this by finding the save game folder (pc) and manually copy to the file to another folder whenever I wanted to save a particular point, which worked.<br />2. You can't customized/upgrade all three characters at the same time, only the one you start the level with, that's just awful. Your supporting characters dies easily because you can't upgrade them with better gear even though your main character gets upgraded. That should really be changed likewise for future releases.<br /><br />Amazon download gave a 'Steam' activated key so I just downloaded the game in Steam since I had it installed. If you don't have steam and plan to buy the download version, be advised that you may have to get it installed which means internet connection is required.<br /><br />The price was also nice. Enjoy!	2014-07-28
US	10429797	R3S9OTAWEXZ4OD	B00ATST8HY	573536538	Weird Park: Scary Tales [Download]	Digital_Video_Games	1	0	1	N	Y	Creepy :)	Creepy - just as I wanted. Complex and interesting. I find that Alawar games usually become favorites.	2014-09-14
US	1398852	REZYRT04S5RFN	B004VSTQ2A	232803743	Xbox Live Subscription	Digital_Video_Games	5	0	0	N	Y	Five Stars	awesome black friday deal	2015-01-02
US	51653687	R2KBEB11XMMR3R	B00GXHINNK	650275588	Dishonored DLC: The Knife of Dunwall	Digital_Video_Games	5	1	1	N	N	Great DLC but short and not worth $10	This DLC is a must have if you loved dishonored.  But it's really short and not worth 10 bucks that's for sure. I'd compare prices on steam.	2014-08-28
US	20304950	R3O120KGZOP7RU	B00TEC9XH6	902243983	Sims 4	Digital_Video_Games	1	0	6	N	Y	... want my money back because it is not working like it is suppose	I want my money back because it is not working like it is suppose to	2015-04-15
US	7823117	R4H7O5ROOCEMJ	B004RMK4P8	384246568	Playstation Network Card	Digital_Video_Games	5	0	0	N	Y	wow	Real fast and easy to buy	2014-10-24
US	45194215	R1AN4ELFCIV9UR	B00LLIQWKC	864535992	Destiny - Expansion Pass - PlayStation 4 [Digital Code]	Digital_Video_Games	5	0	0	N	Y	Great investment	Very worth the money.	2015-07-14
US	16251671	R163THEQ3KW9H	B007VFHGZ4	675980058	Tomb Raider	Digital_Video_Games	5	0	0	N	Y	Five Stars	really a good game, excellet grafics and sound.	2015-02-04
US	40585939	RY3BIDER28WFA	B00413QCS6	936839043	Painkiller: Resurrection	Digital_Video_Games	5	0	0	N	Y	Five Stars	great	2014-07-25
US	9912547	R1DEUL1N040VYU	B00K4S9C9I	843235170	SPINTIRES [Online Game Code]	Digital_Video_Games	5	1	1	N	Y	Five Stars	fun game	2015-03-19
US	42082589	RHFE6ILZAY9G8	B00SRZH210	517154715	Life is Strange - Complete Season [Online Game Code]	Digital_Video_Games	5	0	0	N	Y	Five Stars	Amazing game	2015-08-20
US	14838817	R2SFT7JV7C2159	B004C4357A	52028361	Luxor 5th Passage [Download]	Digital_Video_Games	5	0	0	N	Y	Five Stars	It was a good game....just not enough levels......I have already played all levels twice......but it is a good game.....	2015-05-15
US	30726669	R2IXY7Y5S8WUB3	B004L629G2	930811126	Test Drive Unlimited 2	Digital_Video_Games	5	0	1	N	Y	Five Stars	:)	2014-12-25
US	19569441	R99EPBW8D1QG	B00HWYDJH8	79348136	Star Wars The Old Republic	Digital_Video_Games	5	0	0	N	Y	Five Stars	Such a Great Game!!!	2014-08-22
US	23968763	R701CYQITQYL2	B00BZCX3LA	769014395	The Sims 3: Island Paradise	Digital_Video_Games	5	0	0	N	Y	Five Stars	((A gift for my daughter.  Adds to the game experience.))	2014-07-30
US	42583779	RGI6SGF486DVJ	B003HKRQ02	226457887	Majesty 2: The Fantasy Kingdom Sim	Digital_Video_Games	5	0	0	N	N	Blend of RTS, RPG and economic game	A very nice blend of RTS, RPG and economic game. You are the ruler of Ardania, Fantasy Kingdom. You construct the guilds, economic buildings, research better weapons and shields. But you cannot control your heroes directly. They are controlled by setting rewards for specific goals like exploring a territory or killing a monster.<br /><br />There is a variety of missions and quests, some of which require attacking specific places or killing a monster which requires certain strategy. Others require simultaneous construction of some temples or defending a merchant caravan.<br /><br />&#34;Majesty 2&#34; has nice, colorful 3D fantasy graphics and music which sets the mood really nice (with some beautifully epic pieces for final monster fights). There is a huge choice of hero classes like warriors, wizards, rogues, clerics, paladins and nice selection of monsters with their dwellings including vampire crypts, elemental portals and wolf dens.<br /><br />The game has a unique style merging some qualities of &#34;Heroes of Might and Magic&#34;, some of &#34;Age of Empires&#34; and others from RPG games. Many missions are really demanding. I needed to consult strategy guides to finish some of the levels, but even after reading a strategy guide you can find your unique tactics to defeating the boss. After 25 hours of playing I have finished this really enjoyable game.	2014-09-11
US	45102105	R3KHDYFQXD7TC4	B00H8ZB1JE	515084186	Gas Guzzlers Extreme [Online Game Code]	Digital_Video_Games	1	0	8	N	Y	Not worth the money for a steam game!!!	I can't give this game any higher then one star BECAUSE it's powered by steam. getting this game through steam took for ever. and crashed for me multiple times. amazon did not state that this game has to have steam in order to work. there for I would not recommend this game.	2015-04-04
US	1692946	R2XXNQQE3GJZDG	B00NMWLB3I	842722368	Sims 4	Digital_Video_Games	1	2	2	N	Y	One Star	It does work for the mac. They should really make one for the mac	2015-08-12
US	5134804	R1Z782DO5M6AB7	B00L4KVE6Y	608037138	inFAMOUS Festival of Blood - PS3 [Digital Code]	Digital_Video_Games	1	1	2	N	Y	Short	Way too short	2015-08-30
US	52658277	R1I9572TPHSVA	B00DTWEOZ8	869820667	Titanfall [Online Game Code]	Digital_Video_Games	4	0	0	N	Y	reflexively works best, as usual	Lots of action, smooth on-line play, plenty of unit customization.  Play through the trainer as many times as you can stand.  You really don't have time to think about what you want to do and how to do it.......reflexively works best, as usual. Playing as a pilot afoot or in a Titan is a hoot.  You can change from one to the other in the game and each one has it's pros and cons.  Try it, you'll like it.	2014-12-31
US	51804984	R233J4HMSBQMB3	B00SFIF18K	774685630	Subway Simulator 3D [Download]	Digital_Video_Games	1	0	0	N	N	Gets very boring very fast	That's it? Gets very boring very fast.	2015-07-31
US	3617572	R14TAGFNA5FGET	B00HQNYMQ2	152009116	Wolfenstein: The New Order	Digital_Video_Games	3	1	2	N	N	Good game play	This is actually a very fun game. However, I think they are going way to far with all the sex, and language. I wish they would offer a setting similar to God of War which skipped these parts if you choose.	2014-09-04
US	21516465	R2JYQRCOLTMIG5	B00XUYIOX8	760479841	Project CARS	Digital_Video_Games	5	0	0	N	Y	Five Stars	Good deal	2015-08-08
US	17309206	R1BFNRDETNN76C	B00OM2CS66	138863012	Grand Theft Auto V	Digital_Video_Games	4	2	2	N	Y	GTA V PS4 Review	First person brings a new perpective to the world in GTA, but the standard controls don't shoot without a delay in the R2 button a lot of  other small bugs like turbo making your car slower. Rockstar should fix all these problems before just rehashing a last-gen game. Also thought that the online interface would be faster than ps3 version, but in fact has a lot of new issues that take forever or just freeze.	2014-12-19
US	2438123	RRXRVUKK7MJHQ	B00F4CEWOY	341969535	Xbox Live Gift Card	Digital_Video_Games	5	0	0	N	Y	Five Stars	good	2014-09-16
US	7041438	R3D10GHQWAK4P1	B00JAQFVJK	609053263	9 Clues: The Secret Of Serpent Creek [Download]	Digital_Video_Games	5	3	3	N	Y	I love it	love this game. keeps you busy.	2014-09-09
US	49524621	R3BH3DUHRI93EC	B00FQPQGSY	867016258	Brothers: A Tale of Two Sons	Digital_Video_Games	5	0	0	N	Y	but excellent game.	Short, but excellent game.	2014-08-23
US	10868034	R2BZT4G4NYQCD9	B00LSQEO16	875868304	Embraer Phenom 100 by FeelThere LE [DOWNLOAD]	Digital_Video_Games	5	0	0	N	Y	Simply beautiful!	Beautiful exterior and interior, incredibly realistic sounds, and relatively FPS-friendly. Get this good deal while it lasts, $10 is truly a bargain<br />.	2014-08-09
US	4604289	RHIHZAND76AQW	B004RMK4BC	384246568	Playstation Network Card	Digital_Video_Games	5	0	0	N	Y	Five Stars	very useful	2014-07-25
US	12311060	RW1AUM0HS25OO	B00B1VJZP8	730722239	The Sims 3: University Life	Digital_Video_Games	5	0	0	N	Y	Five Stars	Love the sims,  download maje it perfect	2014-11-08
US	15351262	RZGPSMC0QTXLA	B00GAC1D2G	384246568	Playstation Network Card	Digital_Video_Games	5	0	0	N	Y	Five Stars	Excellent	2015-05-23
US	39942708	R1NQZTWB3QTQK3	B00UI3J3FC	586919316	The Others [Download]	Digital_Video_Games	5	1	1	N	Y	fast paced	fun	2015-06-19
US	43681095	R19DGBJCDJQ4WQ	B00CXTUBH8	836413916	Batman Arkham Origins	Digital_Video_Games	3	0	0	N	Y	Out of all the batman games, this one feels ...	Out of all the batman games, this one feels the weakest out of the series. I was never compelled to finish the game after reaching the batcave for the first time.	2015-06-24
US	11335725	R3VI2QA13KLBF1	B00N4YWJGW	43827912	Galactic Civilizations II: Ultimate Edition [Online Game Code]	Digital_Video_Games	1	1	2	N	Y	Wasted my time and money that I can not get ...	I was given the Product key but after you download it to steam it then directs you to create an account with Stardock. It then asked for the game serial number after that account was created. Went to the site to have the serial number looked up but does not show i purchased this. Customer support is all but a joke. Strongly advise to purchasing the physical game and not the download. Wasted my time and money that I can not get refunded.	2015-07-03
US	50557060	R3OAK2G059NWYU	B004RMK4BC	384246568	Playstation Network Card	Digital_Video_Games	1	24	35	N	Y	The Gift Card has not been accepted by Sony	Sony is telling me &#34;The Prepaid Card code you entered is incorrect or is no longer valid.&#34;  I have no apparent way to return it or complain to Amazon, other than through this review.	2014-12-01
US	11246464	RNENO96DAQHLF	B00LLIQWKC	864535992	Destiny - Expansion Pass - PlayStation 4 [Digital Code]	Digital_Video_Games	5	1	3	N	Y	Great DLC To Purchase	Bungie has developed the greatest games I have ever played.<br /><br />Destiny's new expansion pass is ultimately fun packed with The Dark Below DLC and the House of Wolves DLC.<br /><br />You get great variety and a whole lot of fun throughout these expansion packs and I highly recommend this for any avid gamer.	2015-04-30
US	5927259	R5JNW5MPGSNGJ	B005GPWVK6	937249549	Saints and Sinners Bingo [Download]	Digital_Video_Games	5	0	0	N	Y	it was great to be able to get through the entire game	it was great to be able to get through the entire game. i've survived on 1hour previews before and i actually played through the cruise this time. lovet this game!	2015-06-27
US	50812857	R1LV0DP2HSGO34	B00H8AGS7E	641322147	Pinochle	Digital_Video_Games	2	3	3	N	Y	Very disappointed. There needs to be more information about the ...	The game is not what I expected.  It is not even close to the Pinochle game that I play with cards and friends.  Very disappointed.  There needs to be more information about the game and the option to try it before buying it.	2015-01-08
US	21986519	R2XQRE641D9V3W	B004VSTQ2A	232803743	Xbox Live Subscription	Digital_Video_Games	5	0	0	N	Y	Five Stars	it works great  and fast	2014-10-29
US	8446510	R22ICEKOS39GCV	B004S82O2C	877373558	The Sims Medieval [Download]	Digital_Video_Games	5	0	0	N	Y	Five Stars	really fun game. My kids love it	2014-10-13
US	16353251	R3P1BY8KX92CGF	B00GAC1A74	648531143	Xbox Live 3-Month Gold + $100 Xbox Gift Card - Xbox 360 Digital Code	Digital_Video_Games	5	0	0	N	Y	Best bundle.	I didn't know they had a bundle like this, so I bought it one because my Gold was expiring anyway and two because there were a couple games that were on sale during Xbox Deals with Gold. It really helped me out in both areas and will somewhere down the line but it again if it's available.	2015-08-02
US	11816220	R3BZ4DHX2YHC4V	B013TVXHYC	774364132	ARK: Survival Evolved Early Access [Online Game Code]	Digital_Video_Games	1	1	32	N	Y	One Star	Terrible graphics settings. Game is unplayable.	2015-08-15
US	4048074	R3TN0MN8076UWY	B00G6CXTK4	531939769	Pic-chinko [Download]	Digital_Video_Games	5	0	0	N	Y	Five Stars	fun easy game	2015-06-09
US	14450435	R1T06MIFNAFZYD	B00LKLGZH0	150912906	Demo Of Mice and Men Review Video Game [Download]	Digital_Video_Games	5	0	0	N	Y	Five Stars	Nice balance of challenging questions with visual graphics. Great for engaging multiple intelligence learners.	2014-10-29
US	2092379	R1UJRGQRVQWL98	B00US768NS	378329057	Battlefield Hardline	Digital_Video_Games	5	0	0	N	Y	Five Stars	The game is great! Amazing campaign and multiplayer is fantastic!:)	2015-04-29
US	29026426	RD2ECQIG1UHLK	B00FSWAV3Q	268843465	FIFA Manager 14	Digital_Video_Games	3	0	0	N	Y	Good game... if you don't have Windows 8.1	I like the game a lot but unfortunately, I did not do my research and it is only after I have been playing the game for a few days that I have learned that the game is not supported in Windows 8.1... the game keeps crashing every few minutes after the second season.  I am very disappointed and it is only because I bought a game key that I will not be returning this game.	2015-02-08
US	10702116	R2MQJAMTO4MR7E	B00GDHCY7G	491904507	The Walking Dead: Season 2	Digital_Video_Games	5	0	0	N	N	Fantastic Game!	Fantastic Game! I love how the first Season set the stage for the second. There are 5 alternate endings in this Season, of which I saved four, and I cannot wait for Season 3 to come out! Thanks Telltale game for creating this. Keep it up!	2015-04-04
US	11718947	R3IK4RFJ3IX8RU	B00ENQXEX2	289370895	Sims 4	Digital_Video_Games	1	134	164	N	Y	Feels Like a Bad Break-up	My Dear Sims Franchise,<br /><br />When we met all those years ago, I immediately fell in love with you. We had a lot of good times together. Sure, there were some glitches along the way, but that's normal, right? With each new stage in our lives, things got better. You really opened up to me in ways I never expected. The possibilities seemed endless for us.<br /><br />But I woke up today and you had changed. What happened?!  I don't even recognize you any more. The passion is gone. You treat me like all these years never happened between us! I guess I should've seen the signs, should've known this was coming. I'm just a stupid optimist, a sucker. Is this really how it has to end?<br /><br />Thanks for the memories, I guess. I'm really going to miss you.<br /><br /> - Just Sad	2014-09-03
US	40788541	R2RSWV40G32VXR	B00LF4GZLI	941592913	Legends of Eisenwald [Online Game Code]	Digital_Video_Games	4	2	3	N	N	A little rough around the edges but fun!	Thank you Aterdux Entertainment for sending us a review code for this game!<br /><br />In May of 2012 Legends of Eisenwald was successfully funded on Kickstarter with nearly $84,000 raised.  Since its funding, it has been beta tested by the backers and greenlit on Steam.  Nearly three years later it's now available for everyone to enjoy.  Gamers who like 3D RPG tactical strategy games like King's Bounty will find much to like in this title.<br /><br />Legends of Eisenwald begins with a choice of a character to play.  There's a slightly different story for a sword wielding knight, a cunning baroness that is good with a bow, or a mystic who is an expert in alchemy.  The mystic is the hardest class to play and is recommended for seasoned gamers.<br /><br />No matter what class you play, you will be at a disadvantage in each of the eight chapters in this game.  You'll only have a couple of soldiers, if any, at the beginning of each chapter.  Most of the inventory gets reset too.  The number of soldiers in your army maxes out at twelve, but in order to have that many soldiers, you need to have a couple of castles under your control.  Before you can besiege a castle, you'll need to have a decent army at your command.<br /><br />Most towns have villagers willing to join your cause for a meager fee.  They're inexperienced, but trainable to become powerful knights and archers.  Healers and priests can be hired at Christian churches and pagan temples.  If you have money to spare,  experienced mercenaries can be hired for a daily fee at taverns and mercenary camps.<br /><br />Money in this game can be earned by completing side quests, collecting taxes from property under your control, or defeating and looting the local enemy armies.  Each area has its own local lore and  rumors that can be learned by stopping at taverns and talking to people.  Many treasures are waiting to be claimed by brave soldiers willing to search for them.  They are often guarded by protective spirits though.<br /><br />The battles are turn based and the units are placed in hexagons and can attack nearby opponents if they are melee fighters or longer ranged if using archery or magic-based attacks.  The battles can be fought manually or auto-resolved if you're in a hurry or lazy like me.  Armies with undead spirits need to be defeated by magic users who can harm them since physical attacks against them are useless.<br /><br />Many, but not all of the side quests have unlockable Steam achievements for completing them.  There are other Steam benefits including cloud saves, trading cards, and Steam workshop contributions.  Not all of the contributions are fully translated into English though.<br /><br />The development team, Aterdux, is located in Belarus and I have noticed that some of the text was still in Russian.  Some of the dialogue boxes, especially during a gambling card game, were completely blank.  Unfortunately, there isn't any voice acting so text is crucial to understanding what is going on.  The background music is top notch and worth the extra money for the soundtrack and art book.<br /><br />Graphically, Legends of Eisenwald is very pretty.  The characters and army units are nicely detailed, but are noticeably recycled throughout the game.  I was taken aback when I was conversing with a female thief who was identical to a castle baroness I was talking with a few minutes prior.  At the very least they should be wearing different clothes!<br /><br />There's a wide variety of terrain and your army will often stay on the paths, but there are many instances where you'll have to stay off of them.  When walking around mountains and forests, the cross-able terrain is not very obvious.  To make matters worse, there are some quests that require traveling to a specific pixel in order to progress.  These quests can be frustrating, but fortunately they are few and far between the in-depth story arcs.<br /><br />The lore in the game is well written and it's fun to gain power throughout the land while fleeing from enemies who can easily defeat you.  Alliances will be made and broken and there are multiple paths available to achieve the same goal.  The Catholic church has a lot of power in this game and I often visited their chapels for healing my wounded army units.<br /><br />Sadly, the Catholic church is depicted as greedy and power hungry.  Other religions including pagans and devil worshipers are also represented and required to interact with to progress the story.  Since there are battles with the undead,  violence is a given and necromancy is unavoidable.<br /><br />Taverns are the place to go for alcohol and rumors.  Some of the rumors discuss incestuous relationships and other adult situations.  Last but not least, there is some language and blasphemy.  While Legends of Eisenwald hasn't been rated by ESRB, I would only recommend it teens or older.<br />Despite the rough edges and objectionable content, Legends of Eisenwald is a great game that mature gamers should look into if they like tactical role playing games.  The entry fee of $29.99 is reasonable considering that there is fifty plus hours of gameplay to enjoy.  Those who have pre-ordered or kickstarted the game, not only got it for a better price, they were also given a free copy of Discord Times which was the developer's first game.  I'll definitely be keeping Arterdux Entertainment on my radar and look forward to more games from them.in power throughout the land while fleeing from enemies who can easily defeat you.  Alliances will be made and broken and there are multiple paths available to achieve the same goal.  The Catholic church has a lot of power in this game and I often visited their chapels for healing my wounded army units.<br /><br />Sadly, the Catholic church is depicted as greedy and power hungry.  Other religions including pagans and devil worshipers are also represented and required to interact with to progress the story.  Since there are battles with the undead,  violence is a given and necromancy is unavoidable.<br /><br />Taverns are the place to go for alcohol and rumors.  Some of the rumors discuss incestuous relationships and other adult situations.  Last but not least, there is some language and blasphemy.  While Legends of Eisenwald hasn't been rated by ESRB, I would only recommend it teens or older.<br />Despite the rough edges and objectionable content, Legends of Eisenwald is a great game that mature gamers should look into if they like tactical role playing games.  The entry fee of $29.99 is reasonable considering that there is fifty plus hours of gameplay to enjoy.  Those who have pre-ordered or kickstarted the game, not only got it for a better price, they were also given a free copy of Discord Times which was the developer's first game.  I'll definitely be keeping Arterdux Entertainment on my radar and look forward to more games from them.	2015-07-22
US	11889818	R3CLUY1PJWB6P1	B004VSTQ2A	232803743	Xbox Live Subscription	Digital_Video_Games	5	0	0	N	Y	Five Stars	Very easy purchase.	2015-08-26
US	49012320	R3BF8M5620SNRC	B00XCRT0GS	297504293	The Witcher 3: Wild Hunt [Online Game Code]	Digital_Video_Games	2	0	17	N	Y	Two Stars	Could have done better	2015-07-03
US	1120414	R22F0DGKN3X8AJ	B00CRNAE1I	231975210	The Sims 3 Seasons	Digital_Video_Games	5	0	0	N	N	Five Stars	Let me get this please	2014-12-31
US	29549471	R120N40Z4O9Z6A	B00N55Y9FO	204519482	Sins of a Solar Empire: Trinity [Online Game Code]	Digital_Video_Games	3	0	0	N	Y	Click fest.	It's a bit of a click fest. If you have played Age of Empire this is A.O.E. in space. I guess, I'm more of a turn base player.	2015-02-25
US	18419388	RSU8L5CY3HNDC	B00WV7Q1ZI	795766745	The Witcher 3: Wild Hunt	Digital_Video_Games	5	0	0	N	Y	He doesn't pay attention to me anymore	I bought this game for my boyfriend's 32nd birthday. He absolutely loves it. He plays it all the time. He's playing it right now, actually. He doesn't pay me attention anymore...I think I'll go stand in front of the TV. ;)	2015-07-04
US	12302207	RZ025M2GQ3JIB	B00LAENZUM	132350804	F117A Nighthawk Stealth Fighter 2.0 [Download]	Digital_Video_Games	1	0	0	N	Y	One Star	Graphics were better on a Commodore 64.. waste of time downloading this.	2014-12-15
US	936600	R1X7L539S9ZVBD	B00K59HKIQ	384246568	Playstation Network Card	Digital_Video_Games	5	0	0	N	Y	Five Stars	Excellent!!!	2015-04-29
US	4838866	RPESZPQBBZ8JY	B00JX0ZE2C	565511460	Child of Light: PS4 Dark Aurora Pack - PS4 [Digital Code]	Digital_Video_Games	5	0	1	N	Y	lovely	very nice i love the design	2014-09-17
US	1951848	RWAWNLAOQ8F5W	B004APAELG	800401220	Rollercoaster Tycoon 2: Triple Thrill Pack	Digital_Video_Games	5	0	0	N	Y	Five Stars	MY ALL TIME FAVORITE GAME, HOURS AND HOURS SPENT BUILDING ROLLER COASTERS	2014-10-17
US	115411	R3VGB1P7QS0ZQT	B00GAC1D2G	384246568	Playstation Network Card	Digital_Video_Games	5	0	0	N	N	Worked Perfectly	Work perfectly just as any other PSN card would. No taxes as usual with these cards, instantly given to you and there is a option to email code to anyone you wan't. Just hope to see $10 dollar instant codes available in the future.	2015-08-29
US	651733	RVY31EOLA5YCX	B00K59HHHU	384246568	Playstation Network Card	Digital_Video_Games	5	0	0	N	Y	Five Stars	Ok	2015-06-19
US	18496769	R6DVUCM97NI4F	B00CMSCWGS	583284103	FIFA 14 [Online Game Code]	Digital_Video_Games	5	0	0	N	Y	Good for offline splitscreen play	Hyped up game, this seems retarded, wherein you have to pay to buy players online. Whatever happened to the old school multiplayer gaming?	2015-05-23
US	21021991	R1960SH6U0S697	B00GAC1D2G	384246568	Playstation Network Card	Digital_Video_Games	5	0	0	N	Y	Five Stars	Great	2015-03-14
US	7044501	R2QROSC4EHYTC	B00AAIJJCW	901714406	Paradox War Chest [Download]	Digital_Video_Games	5	0	0	N	Y	Five Stars	The usable items.	2015-02-04
US	5321379	R1PN5KWNJKW738	B004774IPU	151985175	Sid Meier's Civilization V	Digital_Video_Games	4	0	0	N	Y	Time killer	It's a decent time passing game.	2014-12-05
US	2783056	R3H4RBT5TT3QVA	B004RMK4P8	384246568	Playstation Network Card	Digital_Video_Games	5	0	0	N	Y	Five Stars	Veri nice	2015-04-23
US	12095906	R1R4LNSCAZ9V4X	B0085O6NG8	568978058	Sid Meier's Civilization V: Gods and Kings - PC	Digital_Video_Games	3	0	0	N	N	I wanted more from this expansion, but in the ...	I wanted more from this expansion, but in the end it was worth it. I can't go back to the original game now.	2014-12-17
US	16048337	R3HG70SUMRIRZ5	B00LAVKYUO	269404039	Space Engineers [Online Game Code]	Digital_Video_Games	5	2	2	N	Y	this game is so cool! But they weren't kidding when they said you ...	this game is so cool! But they weren't kidding when they said you need a higher and the Machine. My computer is too slow to build much. Time to upgrade my computer!	2015-02-06
US	1466823	R3KAWYGLG110M3	B00KHRVTH4	151657472	Tower! 2011 [DOWNLOAD]	Digital_Video_Games	1	1	1	N	Y	This was a waste of my hard earned money	This product says it will work on windows 8... But it wont!!!! This was a waste of my hard earned money. Do not buy!!!!	2015-05-23
US	9470820	R3NBEWIRUI6QL7	B00G4FV3MY	97093467	Spooky Bonus [Download]	Digital_Video_Games	5	0	0	N	Y	Greatest game! So much fun Excellent and easy	Greatest game !  So much fun  Excellent and easy download	2015-07-01
US	44255230	R14D9UFY0I4G1S	B0054SFKUS	91565951	Dungeon Siege 3	Digital_Video_Games	5	0	1	N	Y	Five Stars	Love this game	2014-08-21
US	24077709	R1FLEGQ6S9ZODW	B004VSTQ2A	232803743	Xbox Live Subscription	Digital_Video_Games	5	0	0	N	Y	Five Stars	The game code came quickly, and we were up and running within minutes.	2014-09-26
US	44813570	R1PSJFDHQZ71WT	B00PBHPLII	958051050	PES 2015 - Parent	Digital_Video_Games	2	0	2	N	Y	love the game hate the graphics	overall it's a great game however the graphics are showing very bad for pc, and i know it not my pc's fault because it has i7 and nvidia geforce, plus i played this game on ps4 and the graphics was great...	2015-01-08
US	24571785	R35MHEED0BWYJL	B004RMK5QG	395682204	Playstation Plus Subscription	Digital_Video_Games	5	0	0	N	Y	Great value of games and service	Great value of games and service. I would recommend to anyone with a PS3 or ps4. Even if you don't like the free game offering every month, most will get their money back in good free games.	2015-05-20
US	50801731	R2SLPY9WEBMGLW	B00MPGJV2A	580994068	Nightfall Mysteries: Asylum Conspiracy [Download]	Digital_Video_Games	4	3	3	N	Y	Good game!	I enjoyed this game! It was entertaining and engaging. The story line was intriguing - I actually listened all the way through without skipping.	2014-10-24
US	8417384	R24S43QRBW6I3N	B0054KCZT0	201146849	Road Works Simulator [Mac Download]	Digital_Video_Games	1	0	0	N	Y	This game sucks!!	This game sucks!!!! All you do is see how it will work but you never get to play the simulation part of it. If I were you I would never spend $20.00 for a game as stupid as this one.	2015-05-10
US	37129962	RX31MDS8ADNTQ	B004RMK57U	53534661	Playstation Plus Subscription	Digital_Video_Games	5	0	0	N	Y	im always buying these things	always a must for ps3/ps4	2015-01-12
US	2939889	R29YO83QROAHTI	B00EPOTBUC	961200726	Guild Wars 2 Heroic Edition [Download]	Digital_Video_Games	3	0	1	N	Y	Only if you know what youre doing	The game requires you to go around and &#34;help&#34; people. Its a bit of a quest/mob grind, but otherwise okay. The graphics are amazing, and as an expirenced gamer it's worth the money as long as you dont mind a grind. Walking takes ages and you have to go very long distances between quests, but there are also the good ol' world events that people can participate in. Its good as you dont loose kills, or quest items if someone &#34;takes it&#34; from you. Either way, weigh the F2P over P2W and F2P wins for me. Not worth my $20.	2015-02-18
US	1027232	R2AA33ZC5NTKZ6	B00GGUIKY6	212448994	Mass Effect 3: Citadel DLC - PS3 [Digital Code]	Digital_Video_Games	5	0	0	N	Y	Five Stars	Great DLC for a great game	2014-12-01
US	14224084	R147ZYBADEY017	B00F4CEWOY	341969535	Xbox Live Gift Card	Digital_Video_Games	5	0	0	N	Y	Five Stars	Great	2015-02-11
US	44036211	R28082E3RANOW4	B004VSTQ2A	232803743	Xbox Live Subscription	Digital_Video_Games	5	0	0	N	Y	Five Stars	I'm Really enjoying this show !!	2015-06-17
US	25214336	RYL88OQ6FNFTQ	B00GXHJI84	979540507	The Elder Scrolls V: Skyrim DLC Dawnguard	Digital_Video_Games	5	0	0	N	Y	Must buy DLC	Must buy DLC if you're a Skyrim fan	2014-09-08
US	21472124	R1BAVE5DOOJ88Q	B00GGUA19S	118694289	The Elder Scrolls V: Skyrim DLC Dragonborn	Digital_Video_Games	5	0	0	N	Y	BAD ASS 👌🏼👌🏼👌🏼	cool game	2015-04-12
US	2059018	R1J4NLHT2O3C3O	B004D4YDNE	69625145	Grand Theft Auto IV - PC Download (Standard Edition) [Download]	Digital_Video_Games	1	1	2	N	Y	One Star	did not work not for windows 7 or 8 the hell	2015-04-06
US	49201115	R29MFW18Q5X557	B00DTWEOZ8	869820667	Titanfall [Online Game Code]	Digital_Video_Games	1	0	6	N	Y	Looks like several thousand people have the same issue I do ...	Wont play at all.<br />Looks like several thousand people have the same issue I do based upon forums.<br />Does EA even test their games?	2014-11-02
US	12834369	R3B6QNP8K746YY	B00IYWYPUW	871093046	Nearwood CE	Digital_Video_Games	5	0	0	N	Y	Five Stars	Wonderful game	2015-01-03
US	43844824	RF03M2VTQ9BR1	B004SQ6JKW	374398019	Star Defender 4 [Download]	Digital_Video_Games	5	0	0	N	Y	My great grandson has discovered a whole new world	My great grandson has discovered a whole new world. He actually plays these games, I've downloaded 2 through 4, and doesn't even unpack his Nintendo or Wii. Amazing!!!	2015-08-01
US	26466670	R7YMNH5F2Y7Z8	B00YNUD244	317469916	PhotoStage Slideshow Software - Share Pictures and Videos to Music or Narration [Download]	Digital_Video_Games	5	0	0	N	N	As far as I'm concerned it is.....	Simply the best!	2015-08-24
US	51911641	R1ERB7EK91T8SO	B00DNHLFQA	951665344	Command & Conquer The Ultimate Collection [Instant Access]	Digital_Video_Games	4	0	1	N	Y	Fantastic deal!	Brings back so many memories. Only drawback is the fact that I have to use Origin to play the games... I wish it were on Steam instead.	2014-10-22
US	13426066	R1E1FWV272RROU	B00FJEK7N2	324529142	Alien Rage - Unlimited [Online Game Code]	Digital_Video_Games	4	0	0	N	N	Generic but fun FPS game.	Not bad first person shooter at all, though it has some major flaws.<br />+ good core mechanics<br />+ price is great<br />+ nice weapons (10 total with alt. fire on all of them)<br />+ good length (14 missions)<br />+ good looking but lacks variety<br />- absurd checkpoints system<br />- cheap difficulty (not in a good way)<br />- bad story which is told by audio logs you find during missions<br />- Multiplayer is dead (servers indicates they are full but no one is there)	2015-02-08
US	1167806	R33UC8G84L5PD9	B00GS6A3FC	699163189	Call of Duty Ghosts Digital Bundle: Game + Season Pass - PS4 [Digital Code]	Digital_Video_Games	1	0	0	N	N	One Star	this game sucks	2015-01-19
US	4397960	R3BJ39EA9E1G6P	B00I4BGNVM	351918761	The Elder Scrolls Online [Online Game Code]	Digital_Video_Games	5	0	0	N	N	Five Stars	10/10	2015-06-13
US	21798623	R3BL9VK7TLD8SE	B00GAC1D2G	384246568	Playstation Network Card	Digital_Video_Games	5	0	0	N	Y	Excellent service.	Very quick delivery.Excellent service.	2015-07-05
US	48609193	R1GBMTC2DTYEFD	B008ELNDLU	254969314	The 7th Guest [Download]	Digital_Video_Games	3	0	0	N	Y	problem running	It looked to be quite a bit different from other games I've played, but I couldn't get it to run well enough to play.	2014-08-14
US	16409589	R3MPLCLSIB07RF	B004JHYZKQ	671634084	Dead Space 2	Digital_Video_Games	5	0	0	N	N	Five Stars	great	2014-10-14
US	46441866	R20SHVGLCIGLAE	B00UXI36FU	585411421	Pillars of Eternity Champion Edition [Online Game Code]	Digital_Video_Games	3	9	16	N	N	A Pretty Good Game Overall — But Also Disappointing in Many Respects	In my opinion, most of the gushing, rave reviews I have read thus far for Pillars of Eternity are over-rating the game in terms of what the average RPG gamer is looking for or would actually enjoy playing. Pillars of Eternity is a great game for certain niche players, but for the rest of us, well, be forewarned. As far as I can tell, most of the glowing reviews have been written by players who fall squarely and comfortably within that niche.  Be aware, then, that the very reasons I was not that impressed with Pillars may be precisely why you will love it. Still, I think there is value in reading dissenting opinions, if only to learn what some players disliked about this game.  Pillars of Eternity is ideally suited to gamers who are very VERY particular about details, stats, and micromanaging combat and gear. That's not a bad thing, but Pillars' nitpickety-ness began to wear on me pretty quickly. I think it's probably a fair test that if you loved the Baldur's Gate games and are looking for something *exactly* like that sort of experience, then I think you are probably going to love Pillars of Eternity. I felt that Baldur's Gate had a pretty good story, but I would not want to return to that type of game structure again. It's high time time to move on. Pillars, unfortunately, really has not moved on.  My biggest frustrations with Pillars of Eternity were:  -- Tedious and slow travel. Waiting (and waiting … and waiting) for my little troupe of characters to run across maps – even at accelerated speeds (which was at least comical to watch) – became really frustrating. And the loading screens, sheesh. Need to go to upstairs in Building A in Town C? You have my sincere condolences. Brace yourself for an endless succession of loading screens in this game: between zones, entering buildings, going up or downstairs.... Heaven help you if get all the way from Point A to Point F only to learn you really should have spoken with NPC Z back at Point A. Ugh.   -- Slow, clunky combat (micro)management. If you love pause-and-play combat, this game will suit you. As for me, I would have preferred better game AI that allowed me to focus on playing my main character rather than micromanaging multiple characters in my party through each and every encounter, wherein battles can progress with excruciating slowness, as you slowly – oh so slowly – whittle away at your opponents. It's like watching paint dry. As far as what's actually going on -- who knows. All you will see is a confused, writhing muddle of friends and foes and green and red dots, wherein you try to destroy the red dots with whatever green dots you have left.  -- Overlong walls of text. I quickly started tabbing through the multitudinous decision/dialog trees and walls (and I do mean WALLS and WALLS) of text. The story here was just not engaging enough for me to spend that much time reading rather than playing, and the added &#34;bonus&#34; of being able to read the souls of random NPC characters lost me early on, since this ability seemed to add little to nothing of relevance to the main story arc (which itself was a fairly standard snooze-fest, in my opinion). Why should I care what random bystander X, Y, or Z is thinking or has done? Reading these various NPC backstories seemed pointless and uninteresting.  -- Obscure, convoluted, unclear quests. Get ready to spend a lot of time searching the web and wiki sites trying to figure out where to go, whom to speak to, where a particular person might be located, or what to do for the various quests in Pillars of Eternity. This game includes some of the most text-heavy, complicated, wordy, and unclear quests I've encountered in quite some time in any game. I do not mind encountering a puzzle now and then, but this game treats virtually every quest as a puzzle. Again, as I've said repeatedly, this may be exactly what you are looking for … one person's food is another person's poison, so they say.  In short, I wish Pillars of Eternity had been a little more &#34;actiony&#34; like Dungeon Siege or Guild Wars and a little less &#34;stat/micro-managey&#34;  – or at least had offered an option to play the game in a more action-oriented way – for those of us who might want to fight and explore this story and world rather than trudge slowly forward, &#34;min/max/hyper-managing&#34; our way through every blessed inch of the journey.  I guess I was hoping Pillars of Eternity would be more Diablo-like, only with larger NPC parties and a richer story and world, and less … what? &#34;Tedious&#34;, I guess, is the word I'm looking for here.  Pillars of Eternity is a fair to good game (hence, the three stars I gave it), but it is not as much fun as I had hoped it would be.	2015-03-30
US	40335437	RRTDSXTJGO4SX	B00AQ2N1RQ	161436035	Tomb Raider Underworld	Digital_Video_Games	5	0	0	N	Y	Five Stars	I love it! Nice game!	2014-11-30
US	11959030	R1ENVV1DQ0JR0S	B00LPBD2WG	376689241	Scrabble Classic [Download]	Digital_Video_Games	1	0	0	N	Y	This is a horrible waste of money	This is a horrible waste of money! I've had a Hasbro version for my PC for years that i love so I wanted one for my Mac. What a disappointment!!!	2015-07-22
US	41222458	R2HP6EWYU8O2W4	B00D3TRMEM	999316107	Don't Starve	Digital_Video_Games	4	0	1	N	Y	Four Stars	Where has my life gone....?	2015-07-08
US	49849413	RX5TVOEKQAKMN	B00GDHDI26	465482536	6 PLEX: EVE Online [Instant Access]	Digital_Video_Games	5	0	0	N	Y	Five Stars	I play eve	2015-04-30
US	47875352	R2AZAMZCEUOKQT	B00F4CF39C	341969535	Xbox Live Gift Card	Digital_Video_Games	1	29	40	N	Y	Complete waste of money	When I tried to redeem the code it said it had already been used. I contacted Microsoft support who basically said that as the code was sold by Amazon I needed to talk to them. Amazon support were absolutely useless saying that Microsoft were the vendor even though the invoice says the item was sold my Amazon. They basically refused to replace the code or issue  refund. The support person then disconnected from the chat.	2015-08-10
US	28725356	R38PTE4PZP6ITQ	B00GT1YCRG	399666800	All-in-One Mahjong	Digital_Video_Games	3	0	1	N	Y	its an ok game the graphics are nice, the only thing that drives me nuts is ...	its an ok game the graphics are nice, the only thing that drives me nuts is to see the times other people achieve, I don't see how its possible to finish any of the games in less than 2 minutes, my best times so far are just under 5 minutes	2015-05-06
US	40470488	R27SU255K82XO0	B008K2WRYC	763927430	Sniper Elite V2 [Online Game Code]	Digital_Video_Games	3	0	0	N	N	Keep your distance	Sniping is always great fun so any game that offers plenty of it has to be a good thing. The sniping in SNIPER ELITE V2 is (as I understand it) pretty realistic. It includes all the conditions that would effect such a task in the real world, including bullet drop, wind speed and direction, body movement etc. There’s no denying the satisfaction when you score a hit, especially a headshot, and this is often augmented by the enjoyable spectacle of the bullet flying through the air in slow-motion towards its target. Personally, I could have lived without the kill-cam’s depiction of the victim’s injuries, but this is only a game so let’s not get too wrapped up in the ethics. Less successful is the close-quarter combat that you are sometimes forced into. The cover-based stealth system is less sophisticated than in some games (Deus Ex: Human Revolution, for example) and aiming at close range can be problematic. This, coupled with a ridiculously keen-eyed AI, can prove frustrating. The graphics are good to very good, with the ruins of a war-torn Berlin particularly well depicted. The story is rather fractured due to the mission-based gameplay but SEV2 isn’t really about story, its about honing your long-range shooting skills, and this it does well.<br /><br />3.5/5	2014-12-17
US	8633575	R3V2FYH9KA9L38	B002JPIZZQ	528105865	Burger Shop 2 [Download]	Digital_Video_Games	5	0	0	N	Y	Addicting!	This game is so weirdly addicting, I love it! I've played this game for hours on end and loved it since the minute I bought it.	2015-03-10
US	7703189	R27CS5PQK4LR05	B0056JLU4A	176271390	Trainz Simulator 12 [Download]	Digital_Video_Games	2	0	0	N	Y	Two Stars	I'll give it 2 stars not that great sessions do not save. Graphics not good.	2014-10-27
US	12905013	R2D3METUJPX4ZC	B00ENQXEX2	289370895	Sims 4	Digital_Video_Games	3	4	7	N	Y	Decent game, more lifelike than Sims 3, notable omissions	A decent, though not great game. Alot of people criticize the omissions in this game, and its true they omitted alot, but its far from unplayable. It runs very fast, there's a good amount of character customization, I've noticed they made Asian features look better in this game, and Sims more or less function more lifelike due to the emotions added on. For example, I tried to make my Sims get into a relationship fast like the other games, and in the previous Sims games I could get a gf in maybe a few minutes of play, but in this game its not that easy, you have to build up the relationship slowly just like in real life. I wish they could put in a bigger neighborhood, more clothing and items, etc but its EA what do you expect? Also unlocking items? whats that all about?	2014-09-07
US	45309605	R1UPVGHL4MUQ7J	B00KXAGTV6	879556367	Grand Theft Auto V	Digital_Video_Games	1	3	6	N	Y	Game may be awsome but in this case amazon failed ...	Game may be awsome but in this case amazon failed<br /><br />Amazons downloader spent 2 days - it downloaded and then crashed and lost the full 55gb download.....<br />Called amazon and they where no help and offered a refund	2015-06-10
US	5976223	RXCZ8ONEHC3FM	B009RSL2EO	14087132	Xcom Enemy Unknown: Elite Soldier Pack DLC [Download]	Digital_Video_Games	4	0	0	N	Y	Four Stars	Good	2015-01-03
US	37417611	R3JJXJM87XFHNB	B004RMK5QG	395682204	Playstation Plus Subscription	Digital_Video_Games	5	0	0	N	N	Worth signing up for the free games!	The free games alone is good enough a reason to sign up for PS+. Digital code is great and fast. Wish these were discounted more often. There have been no discounts since Xmas 2013 on these 1 year memberships. I ordered this because I had some extra Amazon credits to kill so it worked out for me.	2015-02-02
US	101983	R189DLJ4F2WRNX	B004RMK57U	53534661	Playstation Plus Subscription	Digital_Video_Games	5	0	0	N	Y	Five Stars	Ok	2014-07-30
US	13297520	R1TR4NBF3YQM12	B00WSPA4Y2	615413486	Magicka: Wizard Wars [Online Game Code]	Digital_Video_Games	3	0	0	N	Y	Three Stars	Not a super deep game(at least not yet). Fun at first, but quickly gets boring.	2015-06-24
US	6797713	R1NMX5VFCEJH69	B004RMK4P8	384246568	Playstation Network Card	Digital_Video_Games	5	0	0	N	Y	awesome.	I would recommend getting a voucher code here. There no scams no codes being stolen or unaccessible in that matter just buy it online. On a computer not a app because, if you buy it off of the app you can see your code. Go online buy it and press see code. And there ya go.	2015-06-05
US	3371958	R2ICFJUTX2TJR5	B00ENQXEX2	289370895	Sims 4	Digital_Video_Games	2	0	3	N	Y	Game sucks	Game is boring. Same thing as the sims 3 but worse. Sucks	2015-01-16
US	47647236	R5QNMI8X8E93Y	B00ATF5YZM	349280254	Call of Duty 4: Modern Warfare [Download]	Digital_Video_Games	5	1	1	N	Y	Five Stars	The best CoD ever!	2015-01-12
US	36580674	R3TO7ZOA012YXF	B004APAEHA	178032140	Dragon Age Origins: Ultimate Edition	Digital_Video_Games	1	0	0	N	Y	Do not Download through here	Do not do it. I have tried reinstalling the game several times and am now looking to get a refund since I literally cannot play the game I paid $30 for.	2015-02-14
US	20750782	R314XK30B45W1N	B00KSEP1IY	216254917	FATE [Online Game Code]	Digital_Video_Games	5	0	0	N	N	Five Stars	Love the gane	2014-08-20
US	52119672	R34OJYJ2T0B1IF	B00457VJ3G	341178582	SimCity 4 Deluxe Edition with Rush Hour Expansion Pack	Digital_Video_Games	5	0	0	N	Y	enjoying it	i can joined the throng although i do not use multi-player.  as a civilization and strategy game part-time enthusiast i decided to expand my horizons into a game i've heard so much about.  lots of challenge for the governing budget and planner types to build useful skillsets	2014-08-18
US	4433212	R11Y77HZZK1IXT	B00GAC1D2G	384246568	Playstation Network Card	Digital_Video_Games	5	0	0	N	Y	Five Stars	This is very awesome	2015-01-01
US	26704369	R2FFP1I75VBJJ3	B00HSSBUTM	726235504	Syndicate/ Saboteur Bundle  [Online Game Code]	Digital_Video_Games	5	1	1	N	Y	Syndicate is not bad as a bonus	Saboteur was a highly underrated game. A steal on sale. Syndicate is not bad as a bonus.	2014-08-12
US	2049596	R2LU04F4H220GZ	B00WV7Q1ZI	795766745	The Witcher 3: Wild Hunt	Digital_Video_Games	5	60	66	N	N	18 hours in (update beat the game and replaying)	Update: Bump to 5 stars (and this is why) I have been through the main story line and a ton of side quests now. I am about half way through the main story line a second time now but putting in a lot more time with the side quests this time around. To get the real feel for the game you have to play on the hardest setting. Let me tell you why.  You can play the game on easy but you don't have to try much at all and you feel like your just watching things happen. When you put the game on hard you have to work for everything. You have to learn the fighting engine you have to learn how to use blade oil and potions, to win. You have to &#34;REALLY&#34; play the game.  First thoughts: I pre-ordered this game from PSN as soon as it was able to be ordered. The game released at midnight but it took one hour to download so I was unhappy with that to start but this has no reflection on the game it's self. I have logged 18 hours as of now. I expected a lot from this game, even used a vacation day to be able to play all night.  Graphics: The game graphics are good, I am not going to call them amazing because they are not. If you played the previous Witcher you will see a world of difference but this is a &#34;Big name&#34; game and the graphics are just slightly better than Skyrim (last gen game). 8 out of 10  Controls: When you start the game the controls feel clunky, you get a little nerd eye candy right away to keep you from thinking to much about the controls. Then right away you can run through the controls and get a better picture of what you will be doing. The movements are not real complex but you have get used to them. 8 out of 10  Game play: Game play does not get boring because you always have something to kill be that monsters, humans, dogs, wolves always something. You can always find some small puzzle or new location to check out and that keeps you interested. 7 of 10  Leveling: I hate the leveling system, just wanted to get that out there right away. The leveling system is beyond slow, I am killing everything is sight and my level is just not moving. This makes the game suck at times because when you need better gear to beat something you have to leave the battle and find other stuff to do until you hit a level where you can upgrade to new gear and then go back to the battle you really want to fight (this can take hours). The crafting system is better than the last Witcher but still not great. I do not like much of anything about the inventory/crafting system. 6 of 10  I will add to this review as I play over the next few days.  I am about to beat the main story at this point:  This game is a really solid game. I am sticking with my 4 stars because of a few things I was not thrilled with but as I said it is a solid 4 stars.	2015-05-20
US	33626835	R2I460Z9QPJQOI	B00JKQXJLM	251021732	Borderlands: The Pre-Sequel	Digital_Video_Games	5	0	0	N	Y	BUY IT!!	fun game, if you liked BL2 get this	2015-02-24
US	13112750	RSQT4AZG142P0	B004RMK57U	53534661	Playstation Plus Subscription	Digital_Video_Games	5	0	0	N	Y	Five Stars	Love it	2014-12-29
US	4847377	R3U9ULF88LS7MT	B00UKHU5I0	109762576	Mortal Kombat X	Digital_Video_Games	5	0	0	N	Y	Five Stars	I love it	2015-07-13
US	20269788	R18GP92HZVEX6V	B014592BBC	384652042	Until Dawn  - PlayStation 4 [Digital Code]	Digital_Video_Games	5	4	8	N	N	Amazing game. Many ways the story can go so ...	Amazing game.  Many ways the story can go so replay value is high on this game.  Graphics are top notch.  The story is corny but its meant to be so no use knocking the game for that.  A++	2015-08-25
US	1836806	RXJV7I577NS86	B00K32Y7NQ	432932520	Call of Duty: Advanced Warfare - PC [Online Game Code]	Digital_Video_Games	1	4	6	N	N	unhappy	I am a long time COD player. I upgraded my system so that I would be able to play COD A W and for the past three weeks the multi player has been down. I don't play the single player mode so I feel like I haven't wasted my money.	2014-12-06
US	1582645	R3UYKL12MV13H5	B004RMK4P8	384246568	Playstation Network Card	Digital_Video_Games	5	0	0	N	Y	Five Stars	Good	2015-07-08
US	9801004	R13G11VV2YXBFA	B00EIN266Q	282445312	SEGA 48-Game Mega Arcade Pack [Online Game Code]	Digital_Video_Games	5	0	0	N	Y	Five Stars	Excellent classic.	2014-07-25
US	761260	R13OET9UR9D1AH	B004RMK4BC	384246568	Playstation Network Card	Digital_Video_Games	5	0	0	N	Y	Five Stars	product as described	2015-02-11
US	48320182	RXJ7KED0JX367	B004774IPU	151985175	Sid Meier's Civilization V	Digital_Video_Games	5	0	0	N	Y	Great game!	Bought as gift - recipient loved it!	2015-01-03
US	35357060	R3AYTQRKHQIIZJ	B00B76QR44	57382894	Tropico 4: Collectors Bundle [Download]	Digital_Video_Games	5	0	0	N	Y	Great game	Love it!	2014-08-08
US	11762488	R1QOQP0V8C5KTC	B004VSTQ2A	232803743	Xbox Live Subscription	Digital_Video_Games	5	0	0	N	Y	Five Stars	Works great	2015-01-19
US	33888914	R30ETPZYPB9U1M	B00JLK6ULS	216162264	Sid Meier's Civilization: Beyond Earth	Digital_Video_Games	4	0	0	N	Y	Four Stars	Fun game	2015-06-02
US	17182776	RK18NIBCUWJZS	B00BZCX3LA	769014395	The Sims 3: Island Paradise	Digital_Video_Games	5	0	0	N	Y	Five Stars	Love simmies.	2014-07-20
US	5350294	R208SOZEDCADKD	B00307RWWY	702410705	Westward IV:  All Aboard [Download]	Digital_Video_Games	5	0	0	N	Y	Five Stars	I LOVED this game as a kid and now, years later, I still love it!	2014-12-12
US	5077628	R2AY7VXZ6VMTZ0	B00GAC1D2G	384246568	Playstation Network Card	Digital_Video_Games	5	0	0	N	Y	Fast	Fast , cool , Perfect !	2015-01-22
US	16131	R32N7H3R6KTWQ5	B00TEC9XH6	902243983	Sims 4	Digital_Video_Games	5	0	0	N	Y	Five Stars	I love it!	2015-05-11
US	41179413	R32ETL41K4YUJ3	B00F4CEOS8	341969535	Xbox Live Gift Card	Digital_Video_Games	5	0	0	N	Y	Five Stars	fine!	2015-01-13
US	28092408	R13I8MR8VMENAU	B00GAC1D2G	384246568	Playstation Network Card	Digital_Video_Games	5	0	0	N	Y	Great Deal!	This is a worry free purchase so that you do not have to worry about giving Sony Playstation your your personal credit card information (which can be problematic) when your child wants to make a PS gaming purchase.	2015-03-16
US	3501482	R1DMSMS4OOZUQ	B00GXHIWOK	944409029	Fallout: New Vegas Ultimate Edition	Digital_Video_Games	5	0	0	N	N	A must play	This game is a must  play for any gamer. One of my top 5 favorites games of all time. That's saying alot due to the fact that I am an avid gamer with over 25 years experience. Bethesda once again has created an experience not just a game.	2014-07-20
US	32182722	R3J5XBT3QNUWK5	B006J97RSO	216081588	SEGA 48-Game Mega Arcade Pack [Download]	Digital_Video_Games	5	1	1	N	Y	Five Stars	I got this for 5 bucks.  Any 48 games are worth 5 bucks.	2015-02-19
US	48882361	R1CMU1HDFVR52G	B004FV53OS	274033126	Avenue Flo: Special Delivery  [Download]	Digital_Video_Games	2	0	0	N	Y	Two Stars	Wouldn't download, finally found a solution in the comments & fixed the problem.	2015-01-24
US	9898795	R18DM16E1MALJ1	B00EPSGE4Y	422939488	OUYA Digital Token	Digital_Video_Games	5	1	1	N	Y	Most of the other reviewers are correct, the method ...	Most of the other reviewers are correct, the method to get the code with the link + download and so forth works, but is cumbersome. You could skip that altogether and go to your Amazon account's games/software section and look for the 10 digit alphanumeric code instead... :) Just a thought.	2014-09-27
US	176387	R26F9V5EUNMLHG	B00JAPIV84	841717561	Dead Nation Apocalypse Edition - PS4 [Digital Code]	Digital_Video_Games	5	0	0	N	Y	Five Stars	Excellent!!	2015-07-17
US	33089163	R3PNJNG9MZHMAX	B00HQ0WNI4	617135562	Alien: Isolation	Digital_Video_Games	5	2	2	N	Y	Great game. Took me 47 game hours to complete ...	Great game. Took me 47 game hours to complete on lowest level ha. I  am now on the next level of difficulty and trying it.  Maps are complex, challenging and keep you on your toes.  High grade graphics and realistic.  Buy it!	2014-11-22
US	30638618	R3S8FHFJV5U0MC	B00F4CDIR6	716333327	Xbox $5 Gift Card - Xbox 360 Digital Code	Digital_Video_Games	5	0	0	N	Y	5tars	Excelente	2015-01-08
US	2088548	R3CAUHYQIX87CF	B00GAC1D2G	384246568	Playstation Network Card	Digital_Video_Games	5	0	0	N	Y	Five Stars	Work With me :)	2015-07-08
US	11020718	R1U4VL3W7ASDLC	B00F4CF4PU	341969535	Xbox Live Gift Card	Digital_Video_Games	5	0	0	N	Y	Five Stars	grandson loved it	2015-03-19
US	12187796	RIVDNEM4T88R1	B005AK2X7I	462622514	Outforce [Download]	Digital_Video_Games	5	0	1	N	Y	Five Stars	as expected & as advertised!	2014-11-30
US	45770253	R1QGPAROYU5LQ1	B00V5D366G	306402151	FINAL FANTASY XIV: Heavensward	Digital_Video_Games	5	0	0	N	Y	But they did give us the codes about 4 hours after launch which could have been a lot worse although it would have been better t	These reviews should mostly be for the game but I understand all the problems with the codes as I did have the codes issues as well.  But they did give us the codes about 4 hours after launch which could have been a lot worse although it would have been better to have gotten them beforehand like everyone else.  Probably some quality assurance issue.  At any rate, I'm glad I went to sleep and woke up to everything working properly :)	2015-06-19
US	29880271	RYDN088G7BZEJ	B004RMK5QG	395682204	Playstation Plus Subscription	Digital_Video_Games	5	1	1	N	Y	Five Stars	the code works great	2015-04-02
US	1636790	R3SIKLBGXUD1XQ	B00F4CFBUS	341969535	Xbox Live Gift Card	Digital_Video_Games	5	0	0	N	Y	Five Stars	Perfect!!	2015-01-05
US	36465782	R3BY9BG8W0FQ14	B00I4C2HQG	829724925	XCOM Enemy Unknown: The Complete Edition [Online Game Code]	Digital_Video_Games	5	0	0	N	Y	Best Game EVER!	Most addictive game EVER!  Great modern remake of the 90's classic, with crazy good graphics and user interface.  I played the PC version and found it to be outstanding!	2015-05-07
US	451300	R35W4FP7Y8DM9I	B004VSTQ2A	232803743	Xbox Live Subscription	Digital_Video_Games	4	0	0	N	Y	... approval to go through but all in all worked fine.	Took a while for approval to go through but all in all worked fine.	2015-03-05
US	11614116	R67A94YDQT3WH	B002WC80R4	145094752	Silent Hunter: Wolves of the Pacific	Digital_Video_Games	1	0	1	N	Y	One Star	To slow of downloading	2015-04-14
US	9888050	R1O4H07ELIUA64	B008TTPK0E	298421638	Spore Ultimate Digital Collection [Download]	Digital_Video_Games	4	0	0	N	Y	Four Stars	Fun to play	2015-02-25
US	21719509	R90NTRKXJEK5K	B00D93B5VI	99954883	NBA 2K14	Digital_Video_Games	5	0	0	N	Y	Five Stars	Fast easy order and received my code instantly.  Great game of course!	2014-10-30
US	47324827	R3A8IW8OI72R0Q	B004SQ6MV8	699579965	Cradle of Rome 2 [Download]	Digital_Video_Games	1	0	0	N	Y	Very disappointed, we called and still got no results	I cannot get the app to download on my computer.  So, I bought it for nothing.  Very disappointed, we called and still got no results.	2014-09-02
US	41435241	RJLM9BP52MQ6O	B00H4F9RTY	58470235	Rainbow Moon - PS Vita [Digital Code]	Digital_Video_Games	4	0	3	N	Y	It was Fun	A fun game and a decent price the only thing that I did not like was the download time but that's really based on your internet speed. Very enjoyable and spent hours on the game.	2014-07-26
US	19638164	R1Z1KZ5GVGY7KS	B009DL02E6	603442144	Saints Row the Third - The Full Package	Digital_Video_Games	4	0	0	N	Y	Good open world action	Good open world action, I hate being &#34;lead down the garden path&#34; Fun graphics, a sexy game to be sure. The encounters are formulated to throw more at you until you break, I get enough of that at work. But for those that like 'frantic' button smashing gaming, you could easily give this one 5 stars. I've had the game about 3 months now and have not yet been inspired enough to complete the story line, although I play here and there a couple times a week, mostly in the &#34;just raise havoc&#34; mode. As said, I am an open world fan when it comes to games, and this world is interesting, yet limited in interaction points. I haven't had any luck yet installing any of the MODS.	2014-11-12
US	1051338	R6U93PAKBEICH	B00DIIZ15A	132812105	Star Wars The Old Republic	Digital_Video_Games	5	0	0	N	Y	Five Stars	wonderful	2015-02-23
US	2652461	R1LD8O9YBS322X	B00GAC1D2G	384246568	Playstation Network Card	Digital_Video_Games	5	0	0	N	Y	Five Stars	Excelente	2015-06-03
US	29092136	R2IQEPE0L48J5D	B00LLIQWKC	864535992	Destiny - Expansion Pass - PlayStation 4 [Digital Code]	Digital_Video_Games	1	107	123	N	N	Don't bother	"If you're thinking of getting the Dark Below for Destiny, don't bother; the amount of \\""story\\"" in it barely lasts 45 minutes... and even then it hardly passes as a story at all. Same s***ty shallow crap as the original without even 1 cutscene and only one character that actually talks, your character and the Ghost never even utter a peep.<br /><br />SUPER lame considering that there aren't even new areas to explore, it's mostly recycled. There are no new patrols, no new planets or enemies minus a slightly edited Wizard and a crystal that floats (ooooh spoooookyyy)<br /><br />The new NPC Eris feels more like free Event NPC we got tricked into paying for and the \\""Quests\\"" don't offer much, they're just glorified bounties I'm still just being told to \\""go kill 25 Knights or Wizards\\""<br /><br />The raid is there but only 5-10% of players bothered with the Vault of Glass so that being central to the DLC doesn't mean much for the majority of players.<br /><br />Thing is this is supposed to have rejuvenated the game to last until May for the 2nd DLC House of Wolves and I finished it up Day 1 minus the raid which I don't really enjoy doing, I finished up the 3 short as hell missions and then put the game down broken, some part of me actually believed Bungie when they said they'd been listening and were adding more story.<br /><br />Basically Bungie continues to lie to me about what they're going to be delivering and after my Season Pass is up I'm pretty much over this game."	2014-12-10
US	41511643	RI2AYQWRZ404T	B00K59HKIQ	384246568	Playstation Network Card	Digital_Video_Games	5	0	0	N	Y	Five Stars	Perfect	2015-05-07
US	14625157	R30Z7HQY6NA2Q9	B00JU9NV3K	483903773	Dragon Age Inquisition	Digital_Video_Games	3	3	7	N	Y	Note to System Requirements	Crashed while in-game on my older system so I built a new i5 quad core w/16 gb of RAM.  It won't even start 95 % of the time.  When it does, its a great game.  Why it will not start, I don't know.  I've checked logs and ran process explorer on it.  So...  No...  I don't like it.  ------------------------|  Today I put in my old HD7790 into my new computer and the game started. I don't know why I can't run this with the Haswell HD4600, but it seems to demand a discrete graphics card which I think is bologna.  I was able to run it with HD4600 several times and it when it started/ran it looked fine and the speed was also good. The AMD HD 7790 though really makes the game look great, smoother and it seems to start every time.  I think a patch should fix this.  My system is mini-itx and I don't want a discrete/hot gfx card in there if I don't have to.  Whatever... it works but still not too happy.  Anyway the game is great if you got the specs to run it.  http://www.dragonage.com/en_US/news/pc-systems-requirements-revealed	2015-02-07
US	15373898	R35B7WHDVU41BF	B007XXEG5C	622527631	Madden NFL 08 [Download]	Digital_Video_Games	5	0	0	N	Y	Good game	Nice game. Worked fine	2015-06-17
US	39711617	RDQZ1Y06BYIV4	B00EP13M28	542350089	Battlefield 4	Digital_Video_Games	1	0	0	N	Y	I buy key and i canot install. I Select ...	I buy key and i canot install.<br />I Select “Redeem Product Code” Origin.<br />I Enter my product code and origin massage me &#34;This product code already used&#34; WTF?	2014-08-08
US	2260456	R2THVSPD17067F	B00F4CEHNK	341969535	Xbox Live Gift Card	Digital_Video_Games	5	0	0	N	Y	Five Stars	Great.	2015-03-30
US	4057945	R18B79HCNX6AJ0	B007ZGTR6K	189754039	Space Ace [Download]	Digital_Video_Games	1	0	0	N	Y	One Star	did not work	2014-08-19
US	12219095	R1ENCSZL31CH28	B00LLIQVDK	344869486	Destiny	Digital_Video_Games	5	0	0	N	Y	Five Stars	Great	2014-11-27
US	42850846	R33JPVXQKNHG19	B007HDHP10	72404871	Assassin's Creed III	Digital_Video_Games	4	0	0	N	Y	So far so good!!	Just started playing it!!..So far so good!!..I certainly enjoyed Black Flag!!..Hoping for more of the same!!...	2015-06-21
US	20587879	R2P5NPP5D2GSH2	B00ELJROFA	338659565	CIV V GOLD + Brave New World [Online Game Code]	Digital_Video_Games	5	0	0	N	Y	One of the greatest games ever.	One of the greatest games ever.  It can consume one's life.	2015-04-22
US	1987091	R1KLMK2FN78CFN	B00F4CFCXO	341969535	Xbox Live Gift Card	Digital_Video_Games	5	0	0	N	Y	Good service!!	Great product!!!	2014-10-28
US	8779951	R3BKGR6W56QVKJ	B00EZCORVC	872679073	F1 2013	Digital_Video_Games	4	1	1	N	Y	Nice!!	Nice game...really much better with an Xbox controller if you are planning to play pc like me. I imeadetly got one after playing for the first time.<br />All in all a very good game.	2015-01-19
US	25273808	R25JTF3LV79VN0	B008BKEWMI	57554399	RuneScape [Game Connect]	Digital_Video_Games	5	0	0	N	Y	Prefer to buy here than in game or pre paid cards	Works for both Rs3 and old runescape. Just make sure to link your runescape account on it. Also the credit is instant so once the paymen is process you have your credit in seconds.	2015-04-25
US	48126074	RK53RST3XMYVK	B00IPK4E5O	315974108	The Spell	Digital_Video_Games	1	0	0	N	Y	One Star	Wont play on my devices	2015-03-17
US	32311729	RZCLMQ5J51I4Z	B008Y1XJFK	773020308	LEGO Harry Potter: Years 1-4	Digital_Video_Games	5	0	0	N	Y	great game	I continue to be surprised by how good the lego games are.  This, LoTR, Batman 2, and the new Marvel one are all amazing.  Get this if you like Harry Potter and you like legos.  Get this if you just like cute but fun games that are well made and have good coop play.  It is best played with an xbox 360 controller or a similar gamepad.	2014-07-31
US	47725918	RMDYI4I1Y7RDS	B008J360HC	225309182	Xbox 360 Live Points Card	Digital_Video_Games	5	0	0	N	Y	Five Stars	always satisfied with the service, great gift	2014-09-14
US	17898564	R2UI6KYDRFVNNZ	B00O2D9PBQ	302146547	Disney INFINITY (2.0 Edition) [Download]	Digital_Video_Games	3	1	1	N	Y	Don't bother.	Takes you to a page that is just an advertisement for the game.  Was a waste of time.	2015-07-22
US	4451107	R3VNL9Y3CNTFIA	B00LLIQWKC	864535992	Destiny - Expansion Pass - PlayStation 4 [Digital Code]	Digital_Video_Games	5	0	0	N	Y	Five Stars	Great Pass	2015-03-30
US	8474742	R2R2Q1NKBGR5Z0	B00F4CF7L6	341969535	Xbox Live Gift Card	Digital_Video_Games	5	0	0	N	Y	Five Stars	Good	2015-08-20
US	37324355	RO3M6U1BJCMUD	B007W3ZZS0	242374038	Crysis 3	Digital_Video_Games	4	0	0	N	Y	Four Stars	Not as good as Crysis 2, but still fun and worth playing.	2015-05-28
US	8884833	R3R78B2TH1USX5	B00R6JKI28	842506362	Marvel Heroes	Digital_Video_Games	5	1	1	N	N	As described	As described - instant code generation and no problem redeeming	2015-05-14
US	5145872	RIVHJPFP77FYL	B00DTWEOZ8	869820667	Titanfall [Online Game Code]	Digital_Video_Games	5	0	0	N	Y	Five Stars	Excellent game, any lag, lot of game modes and very cheap. If you're doubting,don't do it.	2014-12-10
US	2892887	R2U50F08M7E3O9	B004RMK4P8	384246568	Playstation Network Card	Digital_Video_Games	5	0	0	N	Y	Five Stars	Awesome	2014-08-13
US	523737	RMQ4RLQ9AV1U6	B00OTXYYEM	838079749	Call of Duty: Advanced Warfare - PS3 [Digital Code]	Digital_Video_Games	2	3	3	N	N	I was starting to enjoy it a bit more	I originally was not a huge fan of all the issues this game first had . But after a few updates the online gameplay improved and there was less lag. I was starting to enjoy it a bit more . But now the game has a bigger problem than before , it freezes all the time ! It freezes every 20-30 minutes . I have the digital version and I don't know if the disc version freezes as much , but the amount of times it's frozen on me is not right . How does a game like this even get released? Is it not tested ? It seems odd and some what shady , how can the previous call of duty games run so well but this current game have so many issues ? It's almost as they're pushing us to stop playing ps3 and upgrade to a ps4 . This game is just a tease , it barely runs smoothly , and once you start to enjoy it it freezes . I'm glad I didn't pay a full $60 for this and got it on sale because I would be pissed off !	2015-01-27
US	25731061	R1MC2HKHQDQXCO	B004RMK4BC	384246568	Playstation Network Card	Digital_Video_Games	5	0	0	N	Y	Go for it.	As expected. Fast & easy way to charge your ps store.	2015-06-29
US	8313189	R264Q5XHIHSGZK	B004RMK4BC	384246568	Playstation Network Card	Digital_Video_Games	5	0	0	N	Y	fast service	Excellent	2014-11-27
US	2514814	R3INZ2UZSE8WPD	B00GAC1D2G	384246568	Playstation Network Card	Digital_Video_Games	3	0	0	N	Y	jht	hug	2015-08-21
US	20102219	R2WS67H3298QW4	B00SMN2E8I	688756589	Moviewood [Download]	Digital_Video_Games	5	1	2	N	Y	Love The Game	I love this game, I love all building games but this one is great. Please make more of these type of game.	2015-02-12
US	43521778	R1LDZ5B5FX6ZFS	B002VBWIP6	232803743	Xbox Live Subscription	Digital_Video_Games	5	0	0	N	Y	Five Stars	It worked.	2015-05-10
US	40689307	R302ALMA83S7X5	B00GJ2HZ7E	312829718	Sonic Hits Collection [Online Game Code]	Digital_Video_Games	5	0	0	N	Y	Loads of nostalgic entertainment	It's every Sonic game ever made, on your PC. What's not to love?	2014-11-16
US	2298046	R166Z38MYKW9GI	B004RMK4P8	384246568	Playstation Network Card	Digital_Video_Games	1	0	0	N	Y	One Star	never got this play station gift card, this make me want to quit buying from u.	2015-04-14
US	1001560	R2QZC3A975OVTL	B00F4CEWOY	341969535	Xbox Live Gift Card	Digital_Video_Games	5	0	0	N	Y	Five Stars	Worked out	2015-01-29
US	29671613	RHTPWRH0VQPZ	B00GAC1D2G	384246568	Playstation Network Card	Digital_Video_Games	5	0	0	N	Y	Five Stars	Perfect, great seller	2015-03-03
US	8126718	R23FBC87QJ07MC	B00TSR3NF0	598128921	Call Of Duty: Advanced Warfare - Havoc - PS3 [Digital Code]	Digital_Video_Games	5	0	0	N	Y	easy.	Cool.	2015-07-16
US	10837377	R2RARNYX8SNPIM	B004RMK57U	53534661	Playstation Plus Subscription	Digital_Video_Games	5	0	0	N	Y	Worth every cent.	Very convenien and trustworthy!	2015-06-07
US	53064082	R1YAJDRFEPYMAX	B00I4BGPBA	368307139	The Elder Scrolls Online (Mac) [Download]	Digital_Video_Games	2	2	4	N	N	Expensive, and not a great deal of fun	I found this game to be extremely disappointing, especially compared to Skyrim, Oblivion, and the Fallout series.  I don't find the multiplayer aspect at all interesting, and the online discussions within the game seem rather pointless.  As far as I can tell, none of the scenarios are leveled, and if you don't &#34;get&#34; the storyline, you will likely wander off into other quests that are too difficult, or way too easy, for your character to deal with.  It doesn't have the feeling of an adventure quest as much as it has the feeling of being a treasure hunt cooked up by &#34;creative&#34; parents for a ten year old's birthday party.  Comparing this to other Bethesda games, I would say that it has all of the bugs, but little of the cool.  Not recommended.	2014-07-19
US	18646481	R1DWVMZR9MM6UY	B00CD60EGO	264412064	Sacra Terra: Kiss of Death [Download]	Digital_Video_Games	4	0	0	N	Y	Four Stars	Good long story with a heart	2015-02-21
US	2844275	R1ZBAAJIBC9WXX	B00M0498YI	247309348	Corpse Party: Heavenly Bundle (2 For 1 Sale) - PS Vita [Digital Code]	Digital_Video_Games	5	0	2	N	Y	Five Stars	I don&#34;t know it was a xmas gift.	2014-12-28
US	17748204	R31NTIFHORS15H	B00BXONG7G	240448759	Battlefield 4	Digital_Video_Games	1	0	0	N	Y	Another Rushed Game.	Once again a game has been rushed out to the sales floor before it's finished. This game was pretty much unplayable at my time of purchase, lag was unbearable, servers were crash-tastic and the connection when constantly dropping. I could not recommend this game to anyone, go back to CoD.	2014-08-04
US	153499	RR5GCJWMFDNHJ	B004RMK4BC	384246568	Playstation Network Card	Digital_Video_Games	5	0	0	N	Y	Five Stars	Worked as it should	2015-08-19
US	968305	R90XP8N2MFKCQ	B004RMK4P8	384246568	Playstation Network Card	Digital_Video_Games	5	0	0	N	Y	Five Stars	Very good stuff	2015-01-30
US	3351489	R2H7DZL5K0FBZB	B00GGU6I90	194018226	The Wolf Among Us Episode 1: Faith - PS3 [Digital Code]	Digital_Video_Games	5	0	1	N	Y	Who doesn't love free stuff?	I've been wanting to try this game for while so when I found out the first episode was for free I couldn't wait and had to download right away. I've heard really good things about this game, so I'm really looking forward to play it.	2015-02-23
US	827224	RQ5195D2L8ZX2	B00PJ6ZF1E	435870759	Five Nights at Freddy's 2 [Download]	Digital_Video_Games	5	1	1	N	N	Five Stars	Awesome game Scott outdid himself :)	2015-07-26
US	26886761	R1TJ75RFJ3WH9R	B00452VGXO	744825471	The Sims 3 Late Night	Digital_Video_Games	5	0	0	N	Y	Five Stars	Love the city living!!! :) gotta love high rise living!	2015-05-14
US	2297034	R5TTT9428OBXP	B00F4CEHNK	341969535	Xbox Live Gift Card	Digital_Video_Games	5	0	0	N	Y	Quick as expected	Received my code in a couple of minutes works as expected	2015-07-19
US	14828910	R27Z30I7WWP1JD	B004RMK4P8	384246568	Playstation Network Card	Digital_Video_Games	5	0	0	N	Y	Good. Works	Yes. Good. Works. When can i get a free one?	2015-05-31
US	2144822	R1ICWUDMZK7F1A	B0040V4T8O	97283480	Medieval II: Total War - Gold Edition [Download]	Digital_Video_Games	5	0	1	N	Y	Five Stars	great... glad this has nothing to do with steam	2014-08-02
US	24975212	R1NV4VOL17L5YQ	B00KXAGTV6	879556367	Grand Theft Auto V	Digital_Video_Games	1	4	7	N	Y	must always be online to play single player	Fun game but single player requires an active connection to Social club in order to play. So if servers are down or internet is out, no GTA5 single player. Rubbish rubbish rubbish.	2015-06-29
US	32188569	RRWFEC6XYXZIX	B00JJTWRT0	76271556	Airport Simulator 2014 [Online Game Code]	Digital_Video_Games	4	1	2	N	Y	This game does not run on my computer. I ...	This game does not run on my computer.  I iam running windows 8.1 pro.  The game starts up, shows the vendors splash screen and then exits.<br /><br />I was able to get this software to run, so I am changing my review.  I am only giving it 3 stars because the problem I encountered was in the installation and I feel I should not have to have gone back and installed extra software.  The vendor should have included all the software needed in the original install.<br /><br />The reason it did not work for me, is because I needed to install the direct X and the PHYSx software, and I had to do that outside the original install.  After installing those two pieces of software the game worked fine.  A few people have reviewed this software and reported that it was not a very good game, but I will reserve my comments until I have actually played it for a while.<br />[[ASIN:B00JJTWRT0 Airport Simulator 2014 [Online Game Code]]]<br /><br />I played airport simulator for about 2 hours this morning.  Now I know why some people hate the game.  This game plays a lot like The Sims.  A lot of gamers do not like the sims and so those same people do  not like airport simulator.  But that does not make the game bad.  I enjoyed playing it a lot, but then, I am a simmer.	2014-07-23
US	4788251	R1VVIEEAWSJPY8	B00LLIQWKC	864535992	Destiny - Expansion Pass - PlayStation 4 [Digital Code]	Digital_Video_Games	2	1	1	N	Y	Two Stars	very little content	2015-03-22
US	5231126	R3USVGOSFJH4NR	B00GAC1D2G	384246568	Playstation Network Card	Digital_Video_Games	5	1	1	N	Y	Fast and Easy	Easy and fast. Just purchase, get the code and submit it to your PSstore. Done.	2014-11-05
US	3969891	RFPQGSWNUDQEW	B008FPUWZU	771334823	Bully: Scholarship Edition	Digital_Video_Games	5	0	0	N	Y	Five Stars	Works well as advertised.	2015-04-24
US	49644589	RVX55D8X5MT01	B00LLIQWKC	864535992	Destiny - Expansion Pass - PlayStation 4 [Digital Code]	Digital_Video_Games	1	14	21	N	N	Leaves a bad taste.	Too little game for amount spent. So many things wrong with how Bungie is marketing/selling this game. Very bad taste left in my mouth. It's a shame the gameplay is so good. Compared to the content in other games I feel I have been taken advantage of. I feel sorry for kids that get Destiny as a Christmas present only to find they HAVE to by the DLC to get anywhere.	2014-12-12
US	20425224	RSICIUTDEBME9	B004RMK5QG	395682204	Playstation Plus Subscription	Digital_Video_Games	5	0	0	N	Y	PlayStation Plus is definitely Worth it.	PlayStation Plus is a definite benefit for gamers and even causal players. As a member from June 2012 the value is just that, real value for the price of less that one new 59.99 game you get free games for your PS4, PS3 and PS Vita for an entire year.<br />As a PS Plus member I was able to discover games that I would not have normally heard about or played that turned out to be personal and family favorites, we sit, stand, scream, jump, shout, gasp and laugh when we play our PS Plus free games.<br /><br />Honestly we can go for weeks without watching TV with the variety of games we get.  Indie games have revitalized some gaming genres that the main market forgot and yes PS Plus has got Indie covered as well. I recently bought a PS4 and don't own a PSVita and was thoroughly satisfied with only my PS3 now I am even more so happy with my membership. I look forward to Tuesdays (PS Plus new free games day).<br /><br />I am so happy with PlayStation Plus' value that I bought it as a gift for a friend and they love it.	2014-09-17
US	51108360	RSQRCEGFCR5TG	B00HWYDJH8	79348136	Star Wars The Old Republic	Digital_Video_Games	5	0	0	N	Y	Same price with a good pet for all toons	Same price or lower for buying the same amount of cartel coins via the in game buy and you get a pet to boot for all your toons.	2014-08-16
US	11551471	R2HDJGYRLEBVU8	B004RMK5QG	395682204	Playstation Plus Subscription	Digital_Video_Games	5	0	0	N	Y	Five Stars	Exactly what I wanted. Immediate turn around time.	2015-05-12
US	21457190	R1RW877VOLZ703	B00IPK4E5O	315974108	The Spell	Digital_Video_Games	4	0	0	N	Y	Great game	This was a fun game. Since I love these type of games, I beat it in about 5 hours. Would love to see a sequel.	2015-08-11
US	14032147	R26OQO4CY40857	B0041OT7GO	781891624	Military Life: Tank Simulator [Download]	Digital_Video_Games	1	0	0	N	N	Military Life: Tank Simulation is absolutely not a simulation and not even a good arcade game.	Pros: It's a tank game<br /><br />Cons: Few unimaginative maps. Tanks handle like helium baloon on rough terrain.<br />  No strategy possible, you must follow the path while your foes have the<br />  whole map to themselves. Both campains are basically the same with<br />  the ennemy tanks just changing color. No save game. Checkpoints only<br />  few (sometime none) and far apart. Spawning and respawning ennemies.<br /><br />Conclusion: Even if you were to get it for free, it's no gift!	2015-07-31
US	11325801	R3ETNAP15I37VN	B00K558E1W	748544293	Red Faction Collection	Digital_Video_Games	3	1	2	N	Y	Meh	It is okay, but the first two games you cannot use the xbox360 controller on to play, which I hate.<br />Plus the third one requires an account I have never heard of before through Microsoft in order to save your game.	2014-08-26
US	1917381	R3L7UWC5NQNP5R	B00OM2CS66	138863012	Grand Theft Auto V	Digital_Video_Games	5	0	1	N	Y	Five Stars	Excelent !	2015-03-13
US	1555197	R1BJ6QBWGHMD2O	B004RMK57U	53534661	Playstation Plus Subscription	Digital_Video_Games	5	0	0	N	Y	Five Stars	good	2015-04-17
US	52657341	R2DIAUE9CRW0EL	B00IN9FD48	385202288	EVE Online: Explorer Super Starter Pack [Download]	Digital_Video_Games	5	0	0	N	Y	I love Space Simulation Games and not only is it the ...	I love Space Simulation Games and not only is it the only one currently, it is the best one I have played in a long time!	2014-10-02
US	38665849	RYCPFMYB1BFDI	B00BR0PQTW	608699285	IGT Slots Kitty Glitter	Digital_Video_Games	1	0	0	N	Y	The game itself is pretty good, but	Asked for activation code *every* time I went to play again.  Eventually it said I had reached the maximum number of activations and locked me out.  I emailed Encore and they gave me a new code for a couple of more activations, but, again, those also got maxed out.  The game itself is pretty good, but, it's not worth the trouble of begging to simply play what I paid for.	2015-01-29
US	3249409	R1S55CJPTGHHO3	B00PYJSSWO	317179057	Grand Theft Auto V Cash Cards	Digital_Video_Games	1	0	0	N	Y	One Star	The Code is not valid dont buy	2015-08-13
US	21724093	R2DILBK3V3UZJ7	B004RMK4BC	384246568	Playstation Network Card	Digital_Video_Games	5	0	0	N	N	Five Stars	Perfect, quick and easy.	2014-08-29
US	12289962	R1YHX10DM06AQV	B002VBWIP6	232803743	Xbox Live Subscription	Digital_Video_Games	5	0	0	N	Y	Xbox	Arrived quick. Just as described.	2015-06-28
US	48132031	R2OG78K5XF1W7U	B00AR05D7I	151974959	Age of Empires III Complete Collection	Digital_Video_Games	1	0	1	N	Y	defective download	the download on this game is defective. 0/10 would not bother buying except through steam	2015-05-02
US	47595491	RJACWW9MRUKME	B003YDXEQM	516859988	Classic Adventures: The Great Gatsby [Download]	Digital_Video_Games	5	0	0	N	Y	Five Stars	nice	2014-10-28
US	4335245	RJVGQ7SJ4XZ0W	B00ATF5YYI	559945646	Call of Duty: World at War	Digital_Video_Games	1	0	1	N	Y	Terrible Dont Buy!!!!!!	Game sucks im running on a computer with 8gb of ram and fx 82350 processor and the perfomance is so terrible!!!! Its lucky it got 1 star bc it dont even deserve that!!!!	2015-07-06
US	43166621	R320C67S36JZ8K	B00HF1306S	562002686	Work Pack - 3 in 1 - Hidden Object Game [Download]	Digital_Video_Games	5	1	1	N	Y	This an excellent game to enhance visual discrimination skills at any age	This an excellent  game to enhance visual discrimination skills at any age. The graphics are interesting, and locating the objects is challenging. It is very user-friendly. and you can't beat the price. I will definitely purchase other games by this company. A small suggestion: change the selection of objects to be found when a player replays the games. Otherwise, great game!	2014-10-14
US	9678654	R2LDNUT52K2IIG	B00GAC1D2G	384246568	Playstation Network Card	Digital_Video_Games	5	0	0	N	Y	Five Stars	Good	2015-05-22
US	1914421	R32KO09OQGEP7L	B0089YFE2S	780199470	Drakensang [Game Connect]	Digital_Video_Games	5	0	0	N	Y	Five Stars	its amazing :3	2014-12-22
US	22015743	R3BB174AR93I74	B00K59HHHU	384246568	Playstation Network Card	Digital_Video_Games	5	0	0	N	Y	There's not much to review here. Except the fact ...	There's not much to review here. Except the fact of the delivery speed for the email containing the code.	2015-01-02
US	41377852	R3OLIMPB2GRY47	B00R6H9NLW	742786518	Monopoly Plus - Xbox One Digital Code	Digital_Video_Games	5	0	0	N	Y	Received my code instantly.	Great Game with friends. Received my code instantly.	2015-05-26
US	1606902	R2L7L6EYJ6QVAG	B00UK5A0P0	256908700	Life Is Strange	Digital_Video_Games	5	0	2	N	Y	Five Stars	cool	2015-08-29
US	13527691	R3OZ4CJ3ULSQ40	B0083LD2TE	938297969	Stronghold Kingdoms [Game Connect]	Digital_Video_Games	1	1	1	N	Y	at first it feels like a facebook game building takes X amount of time ...	at first it feels like a facebook game building takes X amount of time to build , a month went by and i felt like i was doing fairly well, then i woke up one morning and other players came in and destroyed everything i had built, so if you didn't start playing 2 years ago your just going to get killed by pathetic elitists, utter waste of time and the community actively chases new players off.	2015-05-13
US	12609342	R35427Q5YPWRVV	B003YDXEQC	109145126	Agatha Christie: Dead Man's Folly [Download]	Digital_Video_Games	3	0	0	N	Y	Three Stars	It's a good enough game, it just doesn't have a relaxed mode so I always run out of time....	2014-12-24
US	13562779	R2RX0UIL4UQ7HC	B00CMSCV4Q	954148166	Final Fantasy XIV: A Realm Reborn	Digital_Video_Games	5	0	1	N	Y	Five Stars	Great	2014-12-30
US	1913246	R3A2PZ4O9RNDDR	B00GAC1D2G	384246568	Playstation Network Card	Digital_Video_Games	5	0	0	N	Y	Five Stars	Great work	2015-01-10
US	12543824	R12I1W62ERQRB7	B00CMSCV4Q	954148166	Final Fantasy XIV: A Realm Reborn	Digital_Video_Games	5	0	0	N	Y	Fun Game	Great Graphics.  I love the are style and all the ambient things in the game which make the world feel alive. Fun game, but typical mmo which I love!	2013-10-02
US	5054730	R1H05GCH3U6K1K	B007VFHGZ4	675980058	Tomb Raider	Digital_Video_Games	5	0	0	N	Y	Awesome game!	This game is amazing... i haven't beat it yet but i am having so much fun! I feel like i am controlling the main character in an action/adventure movie. The level design is top notch... the environment is absolutely stunning! If you have a good computer that can pump out the graphics you will really enjoy this one.	2014-04-07
US	30418748	R2BQ2MVXTNVINR	B00AJREB8G	621534064	18 Wheels of Steel: American Long Haul	Digital_Video_Games	1	0	0	N	Y	save your time and money play solitare instead	wow i enjoyed figuring out how to download it more than i enjoyed playing it. there is no way this game has a 4 star rating. you have to be pretty bored to enjoy this game controls are all keyboard only and you will spend the 1st hour of play just figuring out what keys do what. dont get me wrong the game has potential but wow the programers should go back to school for some refresher courses.	2014-07-14
US	8944244	R2FE14ZPCOJ7FW	B004RMK4BC	384246568	Playstation Network Card	Digital_Video_Games	5	0	0	N	Y	Secure & Awesome	Its secure and nice feature to pay for the playstation account. You get the code online which is convenient, secure and nice	2014-03-12
US	6461033	R1PTP3VU88FW6P	B008J360HC	225309182	Xbox 360 Live Points Card	Digital_Video_Games	4	0	0	N	Y	Microsoft Points	Not a bad deal. I always purchase them @ your website verus a store. And I trust your website over a .ot of others.	2013-08-04
US	7449651	R24UCWSNKNPJIT	B002VBWIP6	232803743	Xbox Live Subscription	Digital_Video_Games	5	0	1	N	Y	A needed product fast and cheap	I ordered this and got my code online instantly when I really needed on and could not be happier with how it works. I even got it cheaper than I would have in the store.	2013-07-03
US	11204987	R1MW0PCT9NY4JG	B00906A1HM	387544807	Grand Theft Auto IV: Complete [Download]	Digital_Video_Games	1	5	8	N	Y	cannot play	my windows 7 system can downloaded it but cannot play , I called amazon, they asked me to talked to the game company but it is hard to find the game customer servies	2014-03-25
US	31302199	RYMNC1ZOH3PLI	B007VTVRFA	402222185	SimCity - Limited Edition	Digital_Video_Games	3	0	0	N	Y	What should be a great, fun game is still plagued with bugs...	I love this game, or at least I want to.  I've been a fan of the SimCity franchise for a long time now, and was excited when a new one was announced.  I think the idea behind this new version is great, everything is simulated down to the individual sims.  The design and artwork are fun and modern, and the game should be entertaining to play.  Unfortunately, this is where things go wrong.  After a disastrous launch that EA was unprepared for, I waited a few weeks to buy the game, figuring I'd let the dust settle.  Unfortunately, even with thier server issues fixed, the game itself is extremely buggy, and their method for simulating individual agents is not very robust, leading to a city full of dumb sims and service vehicles (garbage trucks, busses, fire trucks) that perform Conga lines around the city rather than intelligently covering the entire area evenly, not to mention other issues like trade not always working properly and pollution showing up out of nowhere...  Like I said, I really want to love this game, and I think it's got some great ideas, which is why it got 3 stars instead of just 1.  EA is working to constantly release patches, but so far they've done little to improve the issues.  I sincerely hope that they continue to work on it to bring this game up to the level it should be at, but it's just not there yet.	2013-04-30
US	23693628	RVHGJCAL7E40B	B00466HQEC	747793661	Cities XL 2011 [Download]	Digital_Video_Games	4	0	0	N	Y	Better than Sim City	Its kind of sad Because I am a big EA fan but this game does beat Sim City, But is a bit more complex.	2014-06-06
US	46645471	RW7RC6IC2EMGJ	B00CMSCV4Q	954148166	Final Fantasy XIV: A Realm Reborn	Digital_Video_Games	1	12	34	N	Y	This world is currently full. Please wait until an opening is available and try again	Avoid this game at all costs right now. The server cap is so ridiculously low that the majority of the player base is stuck waiting for a chance to even login to the game. Feedback from Square Enix on this issue is almost nonexistent at the time of this review	2013-08-27
US	48095490	R1B5ENM14CAOA0	B0091UYJ66	685599512	Max Payne 3 Complete and LA Noire Complete bundle [Online Game Code]	Digital_Video_Games	1	1	1	N	Y	Couldn't get it to work on Steam!	This game looked promising, but I never could get it to function. Wasted 22 hours in download time only to find it wouldn't install properly. Totally frustrating because my other 22 Steam games had no issues.	2013-07-01
US	31976116	R1XC9JZSDRP8HG	B00CPACYPC	397859440	Tales From Space: Mutant Blobs Attack [Online Game Code]	Digital_Video_Games	5	4	4	N	Y	Mutant Blobs Attack! It's all my fault, I'm a science hack!	"Ditching the recent mindset that platformers for some reason need to be mercilessly difficult, Drinkbox Studios instead pours their heart and soul into the area I feel matters most in a game, that unquantifiable \\""fun factor\\"", and it shows in every inch of Mutant Blobs Attack.<br /><br />The comical and cartoony presentation is no doubt its biggest asset, creating a game that is both delightful to hear and behold, as well as one that somehow turns the act of mass murder into a lighthearted affair. It also packs in more indie game references than possibly any before it, which had me grinning the whole way through as I saw my favorites reimagined in very amusing ways. What's more, none of this comes at the cost of great levels or mechanics. Although it shows obvious influence from games such as The Maw and Katamari, Mutant Blobs carves out its own niche in the platforming genre with consistently clever design that feels wholly unique. Again and again it defied my expectations which is by no means something I say often.<br /><br />Other than a handful of times I had to wrestle with the controls, there is virtually nothing I dislike about Mutant Blobs Attack. It's hilarious, polished, and most of all a ton of fun. Some might find the 3-4 hour length a little unfulfilling, but to me this is something of a compliment in and of itself, as the only reason I want more is because what is here is just that good!"	2013-08-11
US	46155654	R3JMIE31AO4PIA	B00ATST7H0	67982171	Forbidden Secrets: Alien Town [Download]	Digital_Video_Games	5	0	0	N	Y	Creepy & creative	I loved this game! The locations within the game are pretty awesome, and it's at just the right difficulty level to be fun. I was pretty into the creepiness of some of the characters that you get to talk to, and the expanse of the world is pretty wide. It doesn't feel like you're being guided through a game in a straight line; it really does feel like you're exploring. Plus, aliens.	2014-05-14
US	47910910	RYE4H2X0NDMKT	B00CMSCTGQ	849179938	Grand Theft Auto 3 [Download]	Digital_Video_Games	2	1	1	N	Y	freezes on windows 8.1	This game kept shutting down and freezing on me with windows 8.1. Couldn't play it	2014-07-05
US	5236995	R3AGWTKU0BI4RI	B00AYZMZ9K	805012571	Might & Magic Heroes VI: Complete Edition [Download]	Digital_Video_Games	1	0	0	N	Y	They have critical bug.	When I enter the village or battleground, the screen become black.<br /><br />I was using origin.<br /><br />They said if you solve this problem, please update.<br /><br />But I can't update at recently version.<br /><br />So, I can't play anymore!	2014-01-27
US	23348075	R2WY46CZ8F50Q8	B00CMSCV4Q	954148166	Final Fantasy XIV: A Realm Reborn	Digital_Video_Games	3	0	0	N	Y	Just okay but looks great!	Gameplay is very repetitive and boring. Far too easy to hit max level without understanding job responsibilities. Beautiful environments and detailing. Game music is well done but homogeneous, at times.<br /><br />FFXIV is more of a copy-cat than a leader in the MMORPG space. I am a long time player of FFXI and many free-to-play MMOs so perhaps my perception of this game is not consistent with opinions of players new to MMORPGs.<br /><br />Community features are killed by FATEs and Level Sync:<br />FFXIV's treatment of open-world battles (FATEs) give little no to reason to chat and work together. As the main mechanism for level progression, after the main story-line, FATEs train players to be selfish. Essentially, as long as a large number of individuals participate, you have little chance of losing battles thus you are rewarded for not working together. You can even secure highest reward without remaining through the whole FATE. A major minus because if you don't know how this works you can get left behind to get slaughtered!<br /><br />Level Sync system needs rework. There is no way for two players (say level 15 and level 10) to grind together at the minimum level 10. Friends have no reason to help you level up as neither player will receive exp so long as Level Sync is not in effect. Level Sync works well in dungeons and FATEs but is non-existent in regular party play.<br /><br />FFXIV is okay and is early in life-cycle but has fundamental flaws which are based upon stolen ideas which were not great to begin with. FFXIV was designed to secure favor of experienced MMO players (also FFXIV 1.0 veterans) and perhaps suffers lack of identity and cohesion to long-time fans of the Final Fantasy series. I make this point because FFXIV borrows heavily from FFXI and FFXII in terms of structure and visual style but those relationships are severed pretty quickly.	2013-11-20
US	43409666	R2NFCOYNTRANKO	B002VBWIP6	232803743	Xbox Live Subscription	Digital_Video_Games	1	1	8	N	Y	the price on amazon was good	the issue I have with this item is such tat the MS is full of it they charge so much for their stuff and it is not worth it. if other companies are selling it for less and still make profit where is Microsoft with all this crap. greed? if it was not for the amazon price I would not buy it, not worth it. kudos to Amazon	2014-02-19
US	8014791	R1QHWSZLSUX2EH	B004RMK5QG	395682204	Playstation Plus Subscription	Digital_Video_Games	5	0	0	N	Y	Fastest way to become a PSN+ member	Fast delivery. Less than 10 seconds after the payment I already have the code to use. Simple redeem the code in PSN and start the fun.	2013-09-24
US	5010837	R3PRBY9GWMQVBW	B009IXL5FO	890878242	Thief Gold [Download]	Digital_Video_Games	4	0	0	N	Y	good game	not realy like stels games but this old game better than new thief 2014. new thief is poor and boring(	2014-03-11
US	14048086	R9V401FBIIZZQ	B00GJ0M6GG	649993645	Europa Universalis IV: National Monuments II [Download]	Digital_Video_Games	2	0	6	N	Y	needs another Europa  to work	did not know that the game needs another Europa to work , this is an addition to  the  master game	2014-03-14
US	26757479	R1OWWW8A6MIH0R	B009GKT2W2	662196053	Rocksmith [Download]	Digital_Video_Games	5	0	0	N	Y	Lots of fun	Love how easy it is to use. Makes learning the bass a little easier. Liked it so much that I had to buy Rocksmith 2014.	2014-05-15
US	14060161	R3MAGXD7IOP05L	B00GMPJ8QO	863120318	Knack	Digital_Video_Games	2	0	2	N	Y	Kinda pretty, way too boring and repetitive	Uninspired level design, some cheap enemies, crappy music. Looks pretty sometimes. Bought because I want something cute on my PS4.Meh.	2014-02-13
US	33380115	R1UC51LZLUKDYE	B008D7F47Q	886655228	FIFA Soccer 13	Digital_Video_Games	4	0	0	N	Y	Four Stars	Amazing game and I highly recommend it. But it crashed a lot when I alt-tab.	2014-07-09
US	27689346	R1ERVGZJX2UR3F	B00CIBB0LM	730645169	Faster Than Light	Digital_Video_Games	5	0	0	N	Y	EATS ALL MY TIME	Lots of fun to play.  Challenging but keeps you interested.  I find myself playing it more and more when I should be dong other things.	2014-02-19
US	16255826	R2GEF8PATUY9MQ	B00FEOUHWS	637289091	Marlow Briggs and the Mask of Death [Online Game Code]	Digital_Video_Games	4	0	0	N	N	Marlow Briggs likes to party	This game doesn't take itself seriously, which is awesome. Casual hack and slash, some quick time events, etc. Level up system isn't very in depth, but that isn't really a drawback for a game of this scale, and the new weapons add a bit of freshness to each level. Some of the battles get a bit repetitive (i'm looking at you scorpions) but aside form that pretty pleasant game play for the price I got it on sale. Scenery is actually pretty awesome for a game of this scale, dialog isn't bad either.	2014-03-04
US	39056666	R32YC3JGXJGJ97	B00FSDCC2S	356460816	Vegas Fantasy Jackpot [Download]	Digital_Video_Games	4	0	0	N	Y	Pretty good collection of slots	Another pretty good collection of Slot games to play. Has more vegas type slots and they aren't bad to play.	2013-12-12
US	37672340	RR1FQMMF3KFVM	B00DCDTUUS	506779362	Sid Meier's Civilization V: Brave New World	Digital_Video_Games	5	14	14	N	Y	Misunderstanding!	"I ordered this DLC ready to play on the first day of release. I spent 2 hrs trying to install this DLC then decided to call AMAZON. The problem was my original game was bought from the Apple App store and DLC's from Steam are not compatible. The rep. was very helpful and informed me that this product states \\""for Steam only\\"" in the product description. I'm gonna read descriptions carefully before any future purchases. Very frustrated at first but very happy now."	2013-07-09
US	11662894	R10SXB1O9WEAFM	B008FPV88U	552000072	Max Payne 3	Digital_Video_Games	4	0	0	N	Y	wonderful game	wonderful game i love it so much and i will play it for long time it is amazing thank you	2013-11-09
US	21390037	R2EF6UWGU3M5GQ	B009AYQQS2	611416854	Company of Heroes 2	Digital_Video_Games	1	9	13	N	N	Sucked the fun right out of the game....	My group of friends are old school CoH players and eagerly picked up the number 2.  The game just isn't very fun, has frustrating units, and a very short tutorial system.<br /><br />I'm not sure where they were trying to go with this one, but they lost 4 fans in the making.  I'll never buy a CoH again.	2013-08-24
US	21519273	RIMC97XHNFO5J	B004RMK5QG	395682204	Playstation Plus Subscription	Digital_Video_Games	5	0	0	N	Y	Worth it	I love it because we can play a lot of free games that are very good. Often, some guys are very simple, other times they are best sellers.	2013-10-05
US	22661997	R1KN2Y0TG59LG	B004RMK4BC	384246568	Playstation Network Card	Digital_Video_Games	5	0	0	N	Y	Good	Quick and easy to use.<br />No need to go to shop or something<br />Hope Sony provide more different digital card	2013-09-01
US	48180205	R3HOLVH1EPB5BA	B00G3K2JEG	358871811	Max Payne Complete Pack [Online Game Code]	Digital_Video_Games	5	0	0	N	Y	great	Very good pack. Im happy of being abble to play these great games at very good prive. Till next purchase	2013-12-29
US	1759685	RICS42WKPH3V8	B00GAC1D2G	384246568	Playstation Network Card	Digital_Video_Games	1	0	1	N	Y	bad	They messed up one if my orders on here and I want my money back so make sure they dont do you	2014-05-22
US	45796057	RIRJG8F0KA6ZW	B00I4BGPBA	368307139	The Elder Scrolls Online (Mac) [Download]	Digital_Video_Games	4	1	1	N	Y	Great game but....	Game is a lot of fun and exciting but don't care much for the potion/food wheel that comes up when you push Q since only one can be &#34;active&#34; at a time.  Also wish there was an actual printed set of instructions you could buy. Found one for Kindle but I don't own a Kindle. I'd love to have something I could keep by my computer that I could refer to.	2014-06-09
US	25921769	REDUBMY83HXYY	B00BLS4CYU	721213483	Trials Evolution Gold Edition [Download]	Digital_Video_Games	1	6	8	N	N	Avoid this game...	As others have mentioned and if you go looking on any forums, the PC version of this game suffers from terrible graphics stuttering.  Playing the game with a smooth framerate is essential to the Trials experience.  It doesn't matter how powerful your PC is, or how low you drop the settings, it's just a poor port, and doesn't look like it'll be getting any support from Ubisoft.  On top of that, the Steam version uses Uplay as well, which when updating recently, erased all my save games and progress in the game.  Avoid the game, avoid Ubisoft.	2013-08-13
US	38945095	R2WD3H97IX3M54	B00GAC1D2G	384246568	Playstation Network Card	Digital_Video_Games	5	0	0	N	N	Very nice! If only they did $5 cards...	These online codes are very convenient! Keep up the good work, and hope that more deals come down the pipeline!	2014-01-09
US	40558350	RKF0VZTBYX2BW	B007VTVRFA	402222185	SimCity - Limited Edition	Digital_Video_Games	4	0	10	N	Y	May have had bad decisions during design, but otherwise worth the buy.	Many people bash this game for its lack of offline and its similarity to the previous SimCity games; however, i fount this very fun due to its mechanics as well as the great power it gives you. This being said I have never played any other Sim city game.	2013-04-28
US	13866193	R1C106TH05KXQK	B009M8KRFE	220309681	Borderlands 2: Mechromancer Pack DLC	Digital_Video_Games	5	0	0	N	Y	Awesome New Character!	I bought this along with the Psycho pack when Amazon was having a sale.  I love finding these type of deals as you really can't go wrong if you play the game a lot.  If you play Boarderlands 2 and love the game, you can't go wrong with this add on.  It offers a different play style from the normal characters while you still get that great Boarderlands feel.  While you're still playing the same game, the options this character offers definitely  mixes things up and gives you something new to look forward too.  It's a new character, it's Boarderlands 2, it's fun... I can't really say anymore.	2013-07-08
US	46582389	R2RLU825COLB7N	B0053YQ8E0	113965769	Alice: Madness Returns	Digital_Video_Games	2	0	0	N	N	Fun, but just not quite there.	There are a lot of great in-depth reviews on here, so I'll just add my two cents by saying that the game has a lot of really great potential (it's fun, very creative/unique, dark without being too scary, and an enjoyable time killer) but there are a lot of aspects of the game that are incredibly frustrating and the game would be a lot more enjoyable if they were fixed.  For example, on several obstacles I died and was forced to restart at the beginning of a section, not because of any fault of my own but because, thanks to a glitch, Alice randomly decided to run without me even pushing the button, and there was absolutely NO WAY to get her to stop.  Thanks to another glitch, in which you get stuck with your ranged weapon ONLY, I had to exit and reopen the game at least 10x.  Thankfully others had had the same issue and discovered a way to fix it (most of the time).<br /><br />The save points are an incredibly frustrating aspect as well, it would be fine if there was a manual option in addition to the autosave, but there isn't.  So, if you want to save your progress, you have to keep playing the game until you get the little save icon or do it all over again next time you play the game.  This is particularly frustrating when you FINALLY beat that enemy or get past that obstacle and are ready for a break, but you have to keep playing for another 30 minutes just to save your progress.  And if you die between now and then you're SOL and get to do it all over again anyways!  God forbid you're in a rush... Definitely not a game I can play before work or anything.  Thanks to the save locations I was also forced to repeat several areas (ex: one save point is up on a ledge, behind you is a Memory.  But even if you got the Memory before it saved, you still have to run back and get it anyways when you play the game the next time).  It's also frustrating to finally beat an obstacle and head on to the next only to die and have to repeat all the obstacles all over again (sometimes several times in a row, if you happen to get a long line of tough ones).<br /><br />Is it fun? Definitely!  Will I keep playing it? ... Probably, with LOOONG breaks when I'm too ticked to think straight.  Will I play it again after I beat it 100%? Probably not.  Would I recommend it to a friend? Probably not, and especially not without warning them of the many glitches and problems with the game.  I think it has a lot of potential, and I will definitely be interested in Alice 3 when/if it comes out, but this game feels very unfinished in terms of playability.  If the creators had just taken a month or so more and just fixed bugs/glitches, or at the VERY least introduced a patch of some sort, and had had the foresight/care for their players to include a manual save option, the game would be 110% more enjoyable.s several times in a row, if you happen to get a long line of tough ones).<br /><br />Is it fun? Definitely!  Will I keep playing it? ... Probably, with LOOONG breaks when I'm too ticked to think straight.  Will I play it again after I beat it 100%? Probably not.  Would I recommend it to a friend? Probably not, and especially not without warning them of the many glitches and problems with the game.  I think it has a lot of potential, and I will definitely be interested in Alice 3 when/if it comes out, but this game feels very unfinished in terms of playability.  If the creators had just taken a month or so more and just fixed bugs/glitches, or at the VERY least introduced a patch of some sort, and had had the foresight/care for their players to include a manual save option, the game would be 110% more enjoyable.	2013-05-19
US	22099200	R3E5P9NSAADRG2	B007Z3RN2I	137803476	Call of Duty: Black Ops II	Digital_Video_Games	4	0	0	N	Y	Good Game	make sure you have a good internet connection, definitely Ethernet unless you have amazing wifi<br />extra word extra word extra word	2014-03-23
US	23504007	RXNL1FF7CND6M	B009IR1SR0	912779847	Command and Conquer The Ultimate Collection [Online Game Code]	Digital_Video_Games	5	0	0	N	Y	Great	I love this download I like all the command & conquer games but when vista came along I had to give them up, not now, they all play on my vista and windows 7 computers	2013-07-15
US	52153579	R2AZLGEP76NQK8	B00FT2UU5E	696798751	Rocksmith 2014	Digital_Video_Games	5	0	0	N	Y	Was a gift.	My son has the previous version, and this version is so much better.  He really likes the improvements they have made.	2014-01-04
US	49636741	RTZIQBVV9ZRI4	B00I4BGLOG	433924898	The Elder Scrolls Online Imperial Edition [Download]	Digital_Video_Games	5	4	9	N	N	Most fun Ever in an MMO / RPG game - Update	"Update - Nov 2014. Still having so much fun playing!  I now have a Rogue, a Mage, and a Paladin. One in each Faction so I am seeing all of Tamriel. The bank is common to all your characters (each character can access the same bank slots).  There are hardly any bots or bugs left in the game as far as I can see.  They keep adding new content it is so worth every cent I am spending.  I have eben playing for so long but still haven't seen half of all the places to explore.  Combat - you have to learn to Bash and Block when fighting in this game which makes for a truly fun combat, more than any other RPG/MMO.  It is not just a hack and slash / cast spells  / shoot arrows, etc. You also have to block and bash at times.  Crafting is fun and challenging.  I make in game money selling crafted items at the guild store of 5 guilds I joined.  I haven't PVPed in a long  now and I am having so much fun just adventuring and crafting.  I have two steeds that I fed to max abilities, one for speed (race horse)and the other for bag space (pack horse).  You can also feed your horse for stamina.  There are so much more things to say but this is all for now.  When you see a bad review, check the date of the review because like I said, the bugs and always being fixed and bots I have not seen lately.    *From what I've read about some negative reviews is that some people complained that this game costs money, and you have to pay more for game subscription fees (this is the same for other popular MMO games and is normal for high quality online RPG/MMO)  Also unless you have played this game up to at least level 15, where you will be able to switch ready weapon sets / combat abilities with a touch of a button in the middle of combat (PvP or PvE), you haven't really experienced your true combat potential.*    I purchased two of the DIGITAL versions, one Imperial Edition for myself and one regular for my wife.  Having said that, my review is about the game and not the physical.    The beauty is in the details!  Even though a lot of players are previous fans of \\""The Elder Scrolls\\"" lore and series of games, I believe newcomers will have the most fun in the world of Nirn because the lore about The Elder Scrolls and all things in Tamriel will be new to them!  That means some serious adventuring and fun.  Playing tip:  If sometimes you need help in figuring things out in the game, there are so many websites dedicated to \\""The Elder Scrolls Online\\"" with all the tips and tricks to make life in Tamriel easier.  But of course, you can always be a hard-core adventurer and figure out all things by yourself.    When you enter this game, it feels, sounds, and looks like you are really in their world.  The music mesmerizing and the graphics superb.  All computer game characters are voiced over.  You'll be surprised some of those voices are from popular people such as Kate Beckinsale, John Cleese, Bill Nighy, Alfred Molina, Lynda Carter, Michael Gambon, Malcolm McDowell, to name some, although this is not important when playing. I found out about this after I made level 10 and decided to click on links on the \\""The Elder Scrolls Online\\"" website.    Adventuring seems endless and easy but oh so rewarding.  Combat is fun, fight your own style, and challenging, yet never boring as I change up my fighting sequences.  Crafting is also fun and rewarding.  Create your own weapons, armor, potions, food and drinks then use or sell for gold coins. You can also sell your services by improving other player's equipment.    IMHO, this game will allow anyone to play just to Craft, PVE, PVP, Quest, Buy and Sell, or any combination of, or do all even.  In addition you can join Guilds, play with your partner, friends, groups, or big battles, or you can always play solo whenever you want.  It is a complete game world that will definitely make you forget about this Earthen world while you are in their world.    This game is not something you play in a few days to complete.  This game is about you (your person(s)/character(s) living in the world of the Elder Scrolls) growing and adventuring for weeks and even months.  I will not compare this game to great games like WoW, Everquest, DAoC, etc.  But I will say this game is in it's own category... and that new category is better than all previous RPG/MMO games.  Like what most people have said \\""This game is the new game to beat.\\""    It costs money up front and every month but so far (based on how much fun my friends and I have been having) it is worth every penny.  If you do not enjoy reading books, horse riding, crafting, adventuring, questing, PvE, PvP, soloing, grouping, big battles, strategizing, RPG, or MMO, and any combination of, then this game is not for you.  I even enjoyed taking a break from adventuring by reading the books in the game and also fishing.  I just now have to figure out where to put some of my trophy fishes.  My in game horse named \\""Gryf\\"" runs faster after I've fed him apples (he must be the best part of the 'Imperial Edition' in addition to the tresure maps, and the magic rings of Mara that works only when myself and my wife are playing at the same time).    PS:  The developers of this game already planned to add more to the game as time goes on, and this in my mind makes up for paying the monthly subscription fees.  One account allows you to create as many as 8 characters on the US server and also 8 more characters on the European server if you'd like. (I found a lot more people on the European server that loves to Role Play). To save on subscription, the cheapest plan is to pay for 180 days which equals to $12.99 per month instead of the monthly payment plan of $14.99.($13.99/month for 90 days)"	2014-04-07
US	15080458	RRRAGFLJ7CIH7	B00A2CI8LE	149026483	3 PLEX: EVE Online [Instant Access]	Digital_Video_Games	5	2	4	N	Y	I come for the PLEX, but I'll provide some more insight	"*I come for the PLEX: just make sure your account info is set up correctly.  If it is, you'll be sure to have your items in about 10 minutes.  I've purchased this item multiple times and I've always received it in less than 30 minutes.  I rated this 5 stars for the timeliness of PLEX, and how wonderfully vast this game is with its taste for blood.<br /><br />EVE is a very very in-depth game and I'm not going to sugar coat anything about it.  It appeals to business men, government operatives, military, and many sci fi-minded folk.  This is because you can choose whatever path you desire in the realm of EVE, and it's a dark one.  You can fight for whatever your heart desires.  Espionage, army building for an Empire, piracy, or even the softer notes of role playing or becoming an industrialist is all possible.  The politics, drama, the magnificent but usually short lived battles, and longer wars are all here in this world.  Even the DUST players on PS3 are fighting below on the worlds you fly around waiting for your support.<br /><br />All skills are time based and a trial account will not give you a full perspective of the diversity of the game.  Flying alone in EVE is also a big no no, it will leave a bad taste and may leave you dead. (unless you're already an experienced pilot and a man with a plan.)  The little goodies or extras you get or your partner may get are usually pretty worthless.  Do not have high expectations of a getting some gold while starting.<br /><br />If you decide you want to continue on in the space of New Eden, you will have to study.  DO YOUR HOMEWORK!  EVE has a huge learning curve and any survivalist needs to know how to fit his/her vessel in the proper manner, figure out when he/she is in danger, learn tactics, overviews, modules, and/or minerals, compounds, blueprints, marketing, and so on and so on, etc etc....  I reiterate that this game should not be played alone.  The PvE (mission) side of it is kinda lame, and gets old real quick. *with the exception of the Incursions and Epic Arcs.  Those however, are for the experienced pilots.<br /><br />This term, \\""EVE is the second job you pay for\\"" has been coined by the pilots of New Eden.  The entire world is on one server with the exception of China and many player have \\""alts\\"".  That said, I leave the rest for you to figure out.  o7<br /><br />**I will say this, go to the official eve online site and download the client there."	2013-08-14
US	29854828	R2DNYFK6ZJ913J	B009IR1SR0	912779847	Command and Conquer The Ultimate Collection [Online Game Code]	Digital_Video_Games	3	3	3	N	Y	Be patient. Lengthy downloads required.	"I love these games. Very nostalgic for me. For the price, it is worth it. Some caveats...<br /><br />This is just a code so that you can login to Origin Games and download any game in this collection. There is no DVD version of this game. Download speeds are abyssmal -- I got about 150kbps.<br /><br />The two games I have downloaded and played so far are Red Alert 2 and Red Alert 3. I am running them on Windows 7 Professional 64 bit with no issues and no workarounds needed, despite having read that others have problems. The games were 2 and 15 gb each, so it took a long time to get them installed.<br /><br />Please also be aware that these games, once downloaded, are tied to the Origin website. That means an internet connection is still required to play. It also means that if you want to play with someone else, even on your own LAN, you will require two copies.<br /><br />I did buy two copies. I was able to download once, and then transfer the files to another computer to install there.<br /><br />Windows 7 does not support IPX, so Command and Conquer, Red Alert, Red Alert 1 and Red Alert 2 Network play will not work... well... at least not without a third party \\""patch\\"" that I have not tried."	2013-11-08
US	28557782	R266NSAMGKBPCU	B007WWW2C8	394595707	The Walking Dead	Digital_Video_Games	1	1	10	N	Y	Steam is the worst downloading service ever	I purchased this game today at 2:15pm it is now 6:43pm and it is stil not working.I tried support but still no response.Please amazon I buy a lot of things from this website  do not let STEAM destroy you great credibility.	2013-07-17
US	27281068	R2S69B8NFTJ996	B003E35XE8	257822631	Mount & Blade: Warband	Digital_Video_Games	5	0	0	N	Y	good game	I like this game very much.  I played it several times making a new character before &#34;finishing&#34; with my old character.  I'd learn some stats are more important and some are less important especially when you have a good party accompanying you.  I like the marriage option.	2014-02-23
US	10308321	RLX7VLCNVUAL8	B004APAELG	800401220	Rollercoaster Tycoon 2: Triple Thrill Pack	Digital_Video_Games	2	0	3	N	Y	bought it with RT1 inmind	this one is so UNcustomizable... I'm not sure if it's because I'm just a complete idiot when it comes to this game, but I can't play it the way I want to, at all. It feels like everything is preset and I can't just build to my heart's content ): NOTE: This might just be my inability to understand the game's customizeability feature so... bear with me :)	2013-12-14
US	22051990	R1C5DCLR1T61OB	B008BKEWMI	57554399	RuneScape [Game Connect]	Digital_Video_Games	3	0	0	N	N	Activation Conundrum	I only wanted to buy this, not activate it. Is there anyway to do so? I wanted to activate it during Christmas break, not while in the middle of my finals ... :\	2013-11-30
US	11676344	R38FPPHR6753UT	B002VBWIP6	232803743	Xbox Live Subscription	Digital_Video_Games	5	0	0	N	Y	Fast and easy.	I purchased this, and everything went smoothly. I saved 20 dollars, and I hope this<br />goes on sale next year when I need another.	2014-02-01
US	42992538	R10VL4EOFOK8L1	B00HDPDHX2	939473595	Rome 2 & CoH2 bundle [Online Game Code]	Digital_Video_Games	5	0	0	N	Y	Great Bundle!	What else can I say?<br />Enjoy your holiday with this great strategy bundle.<br />Both of the game in this bundle is classical ...and Cheap!	2013-12-26
US	25202	R10IZ9J65GR3VS	B001V7QIDO	225309182	Xbox 360 Live Points Card	Digital_Video_Games	5	0	0	N	Y	points	its points and it worked what more can you say about it, better than waiting for it to come in mail	2013-07-26
US	22787236	R1QX0XIG9PN3RF	B00GGUU71A	255179993	Call of Duty Ghosts: Season Pass - PS3/ PS4 [Digital Code]	Digital_Video_Games	1	0	1	N	Y	Does not work.	Never let me download.Said code accepted ready for download. Clicked on the download icon and n response what so ever	2014-06-10
US	11597185	R2GO7GTSYSJ953	B00CORAMDM	602617220	Borderlands 2: Psycho Pack DLC	Digital_Video_Games	5	0	0	N	Y	Kreig is amazingly fun	The Psycho character is a huge and refreshing departure from the other character in my opinion. His play style is slightly reminiscent of Brick from Borderlands 1 except that you're rewarded for being reckless, which I love.	2013-07-31
US	41507990	R6QZFNCE6UTY6	B00HA3BPXQ	967699757	The Genie in the Lamp - Hidden Objects Game [Download]	Digital_Video_Games	4	0	0	N	Y	fun game	I enjoy hidden games and this is a good one, only problem is there weren't enough screens to meet challenges.  Went through it too quickly but did enjoy it.	2014-02-18
US	13075070	RNEZADVUQJ9CJ	B00917DBUE	714336136	Dark Souls: Prepare To Die Edition [Online Game Code]	Digital_Video_Games	5	1	2	N	Y	Best Metroidvania RPG of this gen	The Game is awesome.period.<br /><br />The PC version can be enhanced with a simple MOD and look much better.<br /><br />Overall it is a 5-star game, even if the graphics are consolized.	2013-05-04
US	25476592	R3W339FQD35O8Z	B004S82O2C	877373558	The Sims Medieval [Download]	Digital_Video_Games	5	0	0	N	Y	The Sims Medieval - A Great Deal Of Fun	This game is a lot of fun with its challenges and all. I will play on occasion even today over the Sims 3 because of the somewhat critically thinking involved (yeah right). It was $10 as well, which is probably the least I have ever paid for a Sims game, so no losing there! The game downloaded easy, and never have experienced problems with it!	2013-11-12
US	8428274	R2O9Z1EQYXPN0B	B005OTGE8E	293514695	FIFA Soccer 12	Digital_Video_Games	3	0	0	N	Y	It would be a fun game on consoles...	On computer the controls are confusing because in the tutorial it use the Xbox 360 A, X, Y, and B buttons and not WASD for example	2013-06-05
US	7319612	R3FWZJWY1Y8OZZ	B00CPBZDPE	25969873	Firaxis Pack [Online Game Code]	Digital_Video_Games	5	0	0	N	Y	Amazing!	Got this pack when it was on sale for $19.95 a month or so ago and I'm loving it!  CIV V and XCOM are incredible games and I haven't gotten around to playing CIV IV yet.  Well worth the money.	2013-06-24
US	11957028	R39KWTW4RQCXJ1	B002ASAH1M	502723344	Dream Chronicles	Digital_Video_Games	4	0	0	N	Y	Fun game	Fun game with nice graphics. It took me about 3 hours to finish. Some scenes were rather easy to get through while others really made you think.	2014-02-03
US	44751489	R24QXHOD1MRG3X	B00GFRIV6M	127604599	12 Labours of Hercules [Download]	Digital_Video_Games	5	2	3	N	Y	Great game	Really enjoyed this game. It has both timed & untimed mode. Challenging but not frustrating. Found myself saying just one more level. Have played it twice & probably will again. I'd love a sequel.	2014-05-29
US	1455144	R1HQBI8RWO0IH5	B004RMK4BC	384246568	Playstation Network Card	Digital_Video_Games	1	0	1	N	Y	Mine didn't work. After contacting psn they said the ...	Mine didn't work. After contacting psn they said the code invalid and that it wasn't useable. Be wary when buying these.	2014-07-10
US	35303354	R2MFM88U8LA6EP	B004RMK5QG	395682204	Playstation Plus Subscription	Digital_Video_Games	5	0	0	N	Y	Needed Playstation Plus to play online games	This was a fantastic price.  Much lower than I could get through playstation themselves so was very satisfied.  Code worked flawlessly and have had no issues.	2014-01-01
US	17120788	RW8VC7TTDKL7G	B005NDHKIE	669994965	My Farm Life 2 [Download]	Digital_Video_Games	5	1	1	N	N	Love This Game!	I love this game! I like Time Management games & usually play the kind where you have your little guys removing obstacles & building stuff, so I was very surprised to find that the first My Farm Life game- which is also a favorite- sucked me in. When this one came out, I bought it immediately. It's tougher than the first game, but you can play in one of three modes, relaxed (no timer at all- no star ratings or score either), casual (can try to beat expert time, but not required to continue in game) or expert (crazy fast timed). The game also awards trophies & you can get them all by playing all 3 levels & doing other achievements along the way. I am usually a gold time winner on all the levels of time management games, if not on the first try, by the third try at least. Not so with this game on expert levels. You really do have to try to stock up on things & you have no hints as to what your next orders will be. I love the challenge of the expert game, though the first time through I had to completely start over with a new strategy. I am determined to win all the trophies & then I will probably do it all again. It's just that fun. No thieves in this one, unlike the first, but you do have a customer that demands more & more products. If I stress out, I just go back to my relaxed or casual level for a while. Hope they continue the series!	2013-09-19
US	38691271	R3BVQ7114EZIRA	B001K7HV3Q	701773253	Big Kahuna Reef	Digital_Video_Games	1	0	0	N	Y	yes, it has a Trojan (virus) in it...beware	Not worth having your computer hijacked for a free game...perhaps at first it was virus-free (and hence the good reviews), but it certainly isn't now.  Be careful.	2013-08-25
US	41166838	R2VH8W0CWBS3RL	B00GMPJBKC	81491429	Call of Duty: Ghosts	Digital_Video_Games	4	0	0	N	Y	Okay game	Buying the code from Amazon was easy. Being a next-gen game it certainly looks great, but gameplay wise I'd say it's merely an upgrade from the former games.	2014-01-16
US	46445173	R15B7Q33EUPR0A	B00GAC1AUQ	91131278	Crysis 3 Complete Pack [Online Game Code]	Digital_Video_Games	5	0	0	N	Y	Great game	I bought it for $10 which I think is a pretty good price for the game. Crysis games are always pretty solid.	2014-02-18
US	39056068	RKS50CXVOZR9M	B00DIIZ15A	132812105	Star Wars The Old Republic	Digital_Video_Games	5	0	0	N	Y	Same price as going through SWTOR	Its the same price as going through SWTOR but you also get a bonus items which makes it a better deal!	2014-01-03
US	40495584	R2U66D03S720T0	B00C7B0GYK	722876377	House of 1000 Doors 2 [Download]	Digital_Video_Games	3	0	0	N	Y	Okay for a sequel.	I really enjoyed House of 1000 Doors (the original).  This one was okay, but they didn't put as much heart into it as the first one.  I actually solved it pretty quickly.  It was pretty basic and easy for a HOG.	2013-07-04
US	8817237	R376PTZX243Z7E	B004RMK5QG	395682204	Playstation Plus Subscription	Digital_Video_Games	5	0	0	N	Y	fantastic	i have downloaded  &#34;sleeping dogs&#34;, i love this game and can play free.<br />now, i expect download more funny games	2013-05-28
US	4660085	RA6PCLMVV92PB	B0047T7MEW	660437357	The Sims 3 Deluxe [Download]	Digital_Video_Games	4	0	0	N	Y	:like:	Is a good simulation game, no problems with download.<br />Game Base Sims 3, and Sims ambitions bonus (+)<br />All the fun	2014-03-18
US	5016101	R2Y8R82RIAFKS1	B007VFHGZ4	675980058	Tomb Raider	Digital_Video_Games	5	0	0	N	Y	good	fantastic, well working camera view. everything is fun except when rara dies very creully. i thought i was rara. what a poor girl	2014-01-26
US	47652055	R27YR044WEJS07	B00BTHQETO	852567282	Barn Yarn [Download]	Digital_Video_Games	4	0	0	N	Y	Good see and find	It wasn't that challenging but fun none the less. Good game for people who like a little kick to their seek and find game.	2013-05-10
US	2064858	R2N9ZUOO12LVIA	B004M5HV5G	305835717	Borderlands	Digital_Video_Games	5	0	0	N	Y	Everything you heard	Great game, I don't really have to go into detail, since everyone knows that this game was a great success. Still after buying it for the PC, I like it even more. From the controls to the graphics everything plays and looks well.	2013-12-10
US	50983866	R2AX5ZTIR91JQ8	B00C3JHU90	210527171	Unity of Command	Digital_Video_Games	5	0	0	N	N	Love it.	Easy to play.  Great price!  Lots of fun for those of us who like the older style board games but easier to play and more fun.	2013-06-20
US	5559339	R2IP11M8JXNQY8	B004APAEL6	972173811	Rollercoaster Tycoon 3: Platinum	Digital_Video_Games	2	0	0	N	Y	ok but not better then 2	som new additions not in rct2 r great lik the pools and slides menu organizeation is more complacated and over thought out guests glitch and get stuck in large crowds and cant move this causes ur employees to get stuck and rides and paths r not kept workingthe more popular ur park the worse this issue gets no mater how u organize ur park, rides, and paths guests will b pushed into anmil enclosers and may b eaten or dround if pushed in2 water	2013-05-20
US	45996852	R3M81EVNTP13JZ	B00DCDTSRI	795275853	PAYDAY 2	Digital_Video_Games	5	0	0	N	Y	Definitely worth the money	Great game that changes every time you play. Play alone or with friends and you wont be sorry you bought this game.	2013-10-17
US	13841524	R2MLM10HZXXZLC	B00IA962EQ	98305855	Child of Light [Online Game Code]	Digital_Video_Games	5	1	1	N	Y	What the gaming world needs more of	Not too short, not too long.  Just right.  The world is inventive and the fighting system is balanced.  Thoroughly enjoyed the game.	2014-06-25
US	3263911	RWF6748IE2M54	B004RMK5QG	395682204	Playstation Plus Subscription	Digital_Video_Games	5	0	0	N	Y	thanks	Thanks to the speed of transmission and good handling and reliability and price of the most excellent thanks alot alot	2014-01-30
US	48489393	R22TOAR76N0PZP	B004VSTQ2A	232803743	Xbox Live Subscription	Digital_Video_Games	5	0	0	N	Y	Easy way to instantly add time to a membership	We use the instant online codes to re-up my son's account when he runs out. The price is competitive, and he is up and running within just a minute or 2. Have purchased a couple times and plan to use it again as needed.	2014-04-20
US	38708681	R2CKUK960G7IAU	B0052UX62W	45221875	The Sims 3: Generations	Digital_Video_Games	4	0	0	N	Y	Nice game	Bought for my teenage daughter who plays the Sims games all the time have heard no complaints on this title.	2014-02-20
US	26143000	R1H26J7RX19922	B00F4CEHNK	341969535	Xbox Live Gift Card	Digital_Video_Games	5	0	0	N	Y	Gift card	Yes, the XBOX met my expectation. My son loved it.  It was easy to use, with little instructions, and fantastic.	2014-03-03
US	9491324	R3000W8PHY4HND	B009GKT2WW	425880691	Call of Duty: Black Ops - Rezurrection [Online Game Code]	Digital_Video_Games	5	1	5	N	N	love it	love it a lot its so cool yall should play it i did it was so cool douds so play it	2013-11-03
US	12508723	R2N7GF0QL8WKCN	B00A4MWX04	196500025	Scribblenauts Unlimited [Download]	Digital_Video_Games	5	0	0	N	Y	Love this game!	Super cool game, and let's you (and your kids) be creative and have lots of fun. Can't wait to get the next one.	2013-11-05
US	12424876	R15ZJFU1ZEW4VA	B008VXCPRY	140272720	Bastion [Download]	Digital_Video_Games	5	0	0	N	Y	love it!	i'm not a gamer really at all, but this game was easy to learn (and you can change the settings if you're naturally good at this stuff), had beautiful watercolors, and the narrator had the perfect voice actor to propel the story and maintain the same pensive, determined tone throughout.<br />i've played it three times now. changed my whole gaming experience.	2013-09-04
US	7784752	R2HZJJGWR00B25	B0035LCXGA	172500221	Nancy Drew: Danger By Design	Digital_Video_Games	1	0	0	N	N	Downloads from amazon	i couldn't get the game to start even after downloading it and everything that amazon required...  I even tried redownloading it. I have a new laptop so it should not have been anything wrong with my computer.	2013-07-04
US	26071629	R1J93I3T60U0KD	B004RMK57U	53534661	Playstation Plus Subscription	Digital_Video_Games	5	0	0	N	Y	Quick and reliable way to get a subscription.	If you are looking for a fast and efficient way to obtain a PS Plus subscription this is the way to do it. This can be done in less than five minutes.	2013-08-29
US	15391950	R1OGFPSHZ4MG7	B007VTVRFA	402222185	SimCity - Limited Edition	Digital_Video_Games	1	6	6	N	N	Terrible.;This is NOT Simcity	Well EA has done it again. Another franchise down the toilet. Gone are the expansive cities. Gone are the (at least semi-) intelligent drivers and inhabitants of cities. Gone is any rhyme or reason as to how or why things work. Gone is the ability to play the game you bought offline when you go on the road, your ip takes a dump, your modem craps out, or EA servers start sucking (AGAIN). Thanks a lot EA. You have only yourself to blame for being voted worst company in America two years running. What did you really expect your customers just to take it and not push back?	2013-05-13
US	18179133	RRSML1GKXLA9E	B00BXONG7G	240448759	Battlefield 4	Digital_Video_Games	3	1	2	N	Y	Don't buy this game on Amazon.	Game merits not withstanding Amazon customer service is horrible with this product.<br /><br />I pre ordered this game with Amazon, as a pre order bonus it was listed as coming with a $5 amazon credit and the China Rising DLC, the same DLC given out as a pre order bonus no matter where you bought it, be it digital or on DVD.<br /><br />The code sent to me did not include this DLC, nor did I get my credit, it took two customer service complaints to get my credit, and a further 7 days of arguing with Indian customer service about them not including the DLC that they were supposed to, after many days of no emails and me chasing them up their wonderfully inept customer support person &#34;Karthik K&#34; decided to close my ticket out of no where and say 'that's not what you ordered I'm closing this' simply so his statistics didn't show an unsolved complaint obviously.<br /><br />Now I am without the included DLC that was promised on order, thankyou Amazon on not honouring your word and having the worst customer support I've ever come across.	2013-11-21
US	43166582	R10OENY3JDXZHO	B00JJYTICE	353584012	Goat Simulator [Online Game Code]	Digital_Video_Games	1	0	14	N	Y	goat disappointment	would not operate on our computer. waste of money.my grandson was really looking forward to finally having a game he liked. it was not to be!	2014-05-21
US	32520188	R1J71Q5M3IXFVP	B00A2VAANY	332207100	Port Royale 3: Dawn of Pirates [Online Game Code]	Digital_Video_Games	1	2	2	N	Y	Wouldn't work	I could not get this addition to download.  I bought the original PR from Amazon, and that update would not<br />install either.  They will download but not install and run.	2014-05-16
US	47059615	R3QZTMZPJDV94V	B004RMK4BC	384246568	Playstation Network Card	Digital_Video_Games	5	0	0	N	Y	Oh boy, points!	Five stars because I need these cards to buy junk off of the Playstation Network, and the game codes are given instantly through Amazon. So, thanks. I used this to buy Journey or the Walking Dead or some other game. Whatever, it can be used towards anything on the Playstation Store.	2013-05-15
US	1441956	R27XEFMYKB4LC6	B00L4KVFV8	19927138	PlayStation All-Stars Battle Royale	Digital_Video_Games	5	0	0	N	N	i loooove it	i love this game	2014-07-02
US	15167432	R2K795SHQYEY9T	B004774724	512269609	The Sims 3: Ambitions	Digital_Video_Games	5	0	0	N	Y	fun game	This game makes the whole game more active with the player being allowed to go with their sim to work. This is a definite improvement over the sims2 open for business, because there is no loading time to get to work!	2013-12-03
US	36371350	R2CN4KUHO54YGD	B004M5HV5G	305835717	Borderlands	Digital_Video_Games	5	0	0	N	Y	Good Stuff	Just to be clear, this brief review is for the &#34;Borderlands Game of the Year Edition [Download]&#34; version. Absatively and posilutely zero problems with the installation of the game or the installation of the four downloadable add-on packs.<br /><br />Why did I choose that rating?<br />I found this game, at the price offered, provided great bang for the buck (pun not really intended but I was too lazy to replace it).<br /><br />What did I like?<br />Guns. Lots of guns. Engaging environments. Abundant cultural references. Humor. Even the NPCs. General Knoxx (and his ECHO logs) was a hoot.<br /><br />What did I dislike?<br />Difficult to get into at first. Seriously, grind your way past level 10 or so and the game becomes more interesting. It did for me. And the ever-present invisible walls that prevent the curious from exploring. Sigh. Maybe Borderlands 2?<br /><br />Who would I recommend this product to?<br />Any gamer that enjoys the FPS genre.	2014-02-05
US	6883740	RVX7PLYI8PM2S	B008NBRXVM	156792383	Bejeweled 3	Digital_Video_Games	1	0	0	N	Y	Got more than I bargained for!	When I purchased the Bejeweled 3 game, I did not expect to download an entire online store!  After downloading for over 3 hours,  I found out that not only did I have the game in question but also an &#34;Origin&#34; web store.  After letting me get addicted to playing the game, I cannot play it until I create an account with them.  I purchased the game from Amazon because I didn't want to be in this position.	2014-06-09
US	8272080	RLBERTHZ7HWEX	B004RMK4BC	384246568	Playstation Network Card	Digital_Video_Games	5	0	0	N	N	Ps3 card	Since I don't know my ps3's password to my account, I can't sync my card to the system. The network cards allow me to add funds to my psn account so I will surely be buying more	2013-08-24
US	37650915	R58QDSC0WBF3E	B004RMK4P8	384246568	Playstation Network Card	Digital_Video_Games	1	0	1	N	Y	didnt work	i bought two orders of playstation card and the number was realy used by other people or the code doesnt exist  i lost 100 dollars in this order and the amazon didnt give back the money	2013-12-25
US	22129988	R2FCQKB2U6WM93	B004RMK4BC	384246568	Playstation Network Card	Digital_Video_Games	5	0	0	N	Y	an easy solution for psn games	its really easy and fast, i recomend it for fast shoppings and its a solution for all costumers in the world	2014-02-15
US	41575938	R2K7HWBZQE5PIN	B004HD62IA	442304516	Prison Tycoon 3 Lockdown	Digital_Video_Games	1	1	1	N	Y	DO NOT BUY	OMG do not buy this game why? WHY? WHY?!!? let me tell you why, i paid 10$ good money, real money. and it doesn't even work in it condition.<br /><br />Pros:<br />1: NOTHING not kidding<br /><br />Cons:<br />1: the whole game is MUTE! idk why and what wrong with the sound but it has no sound at all<br />2: Missing Wall and building!<br />3: Missing Icons<br />4: IT'S BROKEN	2013-11-17
US	51178821	R1VM4MCV9JFCFQ	B00457VJ3G	341178582	SimCity 4 Deluxe Edition with Rush Hour Expansion Pack	Digital_Video_Games	5	0	0	N	Y	best of the series	the version to own. we first bought sim city 5 and were disappointed. Cobbled together one of our old PCs running XP and love this one.	2014-03-29
US	52202339	R3UXRXTBUSIA26	B004Y6O1N8	437184405	Silent Hunter III [Download]	Digital_Video_Games	5	1	1	N	Y	Works well	I downloaded this on recommendation of subsim.com. Game works well for an older game on a newer machine. I did not have to adjust very much to be up and playing.	2013-12-19
US	18661226	R2OJX373VV2HAJ	B00AJRE9CE	99778994	Prison Tycoon 4 SuperMax	Digital_Video_Games	1	1	1	N	Y	Never got to play	downloaded, but when tried to open, had virus. Waste of money. Wish I could get a refund or something. Don't buy.	2013-11-22
US	11723583	RWAE2J2RB5KQX	B007JPKEWI	781803577	Battlefield Heroes Starter Packs	Digital_Video_Games	5	1	1	N	Y	cost effective	it cost way less than what it would on battlefields site for not as many items.. so yeah thats awesome	2013-08-31
US	6649641	R8L7JA2H5I5Y4	B0083KX6FK	938297969	Stronghold Kingdoms [Game Connect]	Digital_Video_Games	5	0	1	N	Y	Succesful purchace	Bought it and refreshed my game and it was there. Fun game, very addicting, and very time consuming. But a fun game nonetheless.	2013-08-05
US	19189971	R3VYRGONZFJH0A	B00AR03O8I	408713328	Fable III	Digital_Video_Games	3	0	1	N	N	Its Ok if you get it on a deal..	Fable 1 was an amazing game, Fable 2 lacked alot..Fable 3..<br /><br />Its ok..its not as good as Fable 1 but its better then Fable 2 IMO..I got it on a deal with Fable 1 included for 7.50$..wouldn't pay more then 10$ for Fable 3 tho..	2013-09-09
US	41672419	RMV0YRS2WC330	B00GGUW79U	370919580	Madden NFL 25	Digital_Video_Games	1	3	10	N	Y	Do not buy digital code from Amazon	amazon claims you will be able to purchase this code and play right away. if you buy this digital code you will not be able to play for 4 hours. Amazon claims this as &#34;time for your payment to clear&#34;<br />Bottom line: go buy this at best buy at least you will be able to play same day. The only online code that you get instant is from game stop. amazon sucks	2013-11-30
US	19181890	R1C7NJETWIYCB0	B005Q1YA5O	697839009	The Sims 3: Pets	Digital_Video_Games	3	0	0	N	Y	There are better expansions.	Pets are evil. They're cute but they destroy your furniture and break things. There are better expansions to buy but I wouldnt really recommend this one.	2014-01-30
US	16220196	R3V92HTVFOJHS4	B00A2CI8LE	149026483	3 PLEX: EVE Online [Instant Access]	Digital_Video_Games	3	4	8	N	Y	PLEX Exploded on Delivery.	At first this purchase absolutely met my expectations. I purchased 3 PLEX and immediately they were available to me in game.<br /><br />I only rated 3 stars, however, because my PLEX exploded in my shuttle outside of Jita 4-4 for reasons I'm unsure about. Amazon should do more to make sure PLEX don't explode. I only had them in my possession for a very short time.	2013-12-02
US	13882633	RYLBXWV3IUS45	B002VBWIP6	232803743	Xbox Live Subscription	Digital_Video_Games	5	0	0	N	Y	You get what you pay for.	It's cool with me $60 bucks a year, why not.  Play station is free and crashes alot. I'm cool with it.	2014-04-26
US	13778577	R1R0I1R67T5MQ9	B00GGUWHFO	111557728	Grand Theft Auto V	Digital_Video_Games	5	0	0	N	Y	Great game!	Great game! The fact that is a digital is very convinient for me! The open world Came out perfect! Nice job!	2013-12-29
US	42196204	R126KMNSTLPOBM	B009NI0JWE	130879388	Cabela's Dangerous Hunts 2013 [Download]	Digital_Video_Games	1	0	7	N	Y	Disliked the whole game.	The game took almost 2hours to download, even with hi speed internet. When it finally finished the game was so slow on my computer that I never could get it to play. After a week or two with no success in playing the game I deleted it from my computer. A total waste on thirteen dollars.	2013-10-06
US	13843480	R22KEEJSHU7J22	B001V7QIDY	225309182	Xbox 360 Live Points Card	Digital_Video_Games	3	0	0	N	Y	Microsoft points are a means to an end	I ordered these so I could buy Nights on the Xbox market place. It's nice that they don't expire. but I would rather buy the disc.	2013-09-09
US	44573442	R3DDI8YTOTIJ11	B00AZNBP1A	344098591	Final Fantasy XI: Seekers of Adoulin [Download]	Digital_Video_Games	5	0	0	N	Y	Awesome!	I've been playing FFXI on and off since 2004 and I didn't see this expansion coming. It was a very nice surprise. Download went smoothly and price was the same as all past ffxi full expansions. Now on to the content. The new Sacred City of Adoulin is AMAZING! Stunning, largest city in the game, or at least it feels that way and they still haven't released it in it's entirety. The music is great, love it so, the new zones are cool and of course everyone is joining the bandwagon of the two new jobs which I have to admit are cool too. What you are buying is the start of the expansion, Square Enix will be adding and building on this expansion for quite some time in the future, adding missions, quests, and new zones. FFXI is a constantly evolving MMO and it contributes to it's success and longevity. The content makes the game what it is as much as the great player base does and this expansion just adds to that. All past FFXi full expansions have never disappointed, they might take a while to truly finish and complete but it's always worth it in the end, always an amazing fun adventure. You can wait to buy the expansion and it might be a little cheaper later but most people are centered around Adoulin  right now and will be for quite some time so do yourself a favor if you've been playing for a long time or just started and plan to play quite a while buy this expansion. Let's have fun together and take the dive as Seekers of Adoulin~!<br /><br />Aleous of the Bismarck Server	2013-08-25
US	30943117	R1WYISQ6NSI49U	B00CA5CGT6	83352244	Far Cry 3 Blood Dragon	Digital_Video_Games	5	0	0	N	N	Simple, classic fun	"I haven't played a Far Cry title since the original.  I enjoyed it, but I've never been that good at open world games and tend to get bored half way through.  I happened to see a video for this and thought, \\""That looks pretty cool.\\""  Then I saw it was a stand alone DLC for $15.  I figured, \\""Why not?  Let's do this.\\""<br /><br />Easily the best FPS gaming I've played in years.  Fast gun play, over the top special effects, a musical score you'll find yourself humming days afterward, and catchy one-liners like any 80s action hero would be proud to mouth.  The story is \\""meh\\"", very cheesy and stereotypical, but it's covered in a buttery, chocolatey flavoring of pure awesomesauce.  How to make your main-dude better?  Make him a cyber commando with a cyber eye and robo arm.  What's better than a gun that shoots bullets?  How about it shoots lazers.  What about Dinosaurs?  MOAR LAZERS!!!!!!!<br /><br />Sorry, drifted.  Pretty much it's a fun, cheesy, hilarious, and awesome romp through 80s nostalgia.  If you were a kid during the 80s, this is the type of game you wanted to be playing when you powered up your NES or Amiga.  It's a tad short, about 9-10 hours, but that's really about right.  Any longer and it'd overstay its welcome.  Get this."	2013-05-23
US	42811761	R2DA2J0I6Q3Y6V	B004VNHVF4	324483221	Saints Row 2	Digital_Video_Games	1	0	3	N	Y	NON WORKING	"I have a 10 mbps internet connection and only 20% of this game downloaded in 8 hours, and I wake up to \\""ERROR\\"".I am extremely disappointed in Amazon right now for having such horrible service.It may take a week to download this game since I only have unlimited internet during the night to download large files."	2013-05-26
US	41632555	R9P80FMJLMN6Z	B00I4BGLOG	433924898	The Elder Scrolls Online Imperial Edition [Download]	Digital_Video_Games	1	11	60	N	Y	Waste of Money	I find it insane that I spent 80 dollars on a game that I cannot access unless I give these crooks more money.  I have played many other games where they have an open area and then the pay for play.  I obviously missed that in the print.  I refuse to pay any more.  Yes I threw away 80 dollars but I can guarantee everyone I know will certainly think twice about purchasing this when I am through telling them about it.  Hey I should have know better when I saw the online connected with Bethesda. The one star in all honesty is not about the game its about the thief's as Bethesda.	2014-04-04
US	9352830	RY4QK1ZWI6DXM	B009IR1SR0	912779847	Command and Conquer The Ultimate Collection [Online Game Code]	Digital_Video_Games	5	0	0	N	Y	Command and Conquer The Ultimate Collection i love it	this pack is wonderful<br />you guys who love c&c must buy!<br />Command and Conquer The Ultimate Collection<br />goooooooooooooood awesome perfect	2013-08-10
US	23556953	R17VCMCSNIU4YW	B00GAC1D2G	384246568	Playstation Network Card	Digital_Video_Games	3	4	6	N	Y	Never again	The code did not even work. Sony customer support representative told me that this code was redeemed 10 days ago. Now they want me to contact Amazon, who is denying anything is wrong. I went and called Sony (45 minute wait), then amazon (10 minute wait), then Sony again telling them what Amazon said (30 minute wait), and now amazon again. This is a nightmare scenario, I swear. All I wanted to do was get some dlc for a game.<br /><br />Updated:<br /><br />After talking to a very nice lady in Amazon game department the problem has been resolved. It was not Sony's fault at all and it was a problem with the $10 gift card itself. They gave me a new code to use. So anyone who is having issues like I was just call Amazon support. They will get you a new code!<br /><br />So I will raise my 1 star to 3 stars. Just because the lady was very supportive when I called.	2013-12-27
US	33786280	R1P2S5ZDIAM5YA	B004774IPU	151985175	Sid Meier's Civilization V	Digital_Video_Games	5	0	1	N	Y	Great Game	I bought this for my nephew and he loves it. It has a good blend of Civ. IV and Civ. Revolution for the ps3. The people in it are cool and it has great replay value.	2013-06-20
US	51071631	RZIE700G7IWUM	B003YDXEQM	516859988	Classic Adventures: The Great Gatsby [Download]	Digital_Video_Games	5	0	0	N	Y	Best game of its kind	This is one of the very few games I've played multiple times without getting bored. It gets everything right. It tells the story of the Great Gatsby accurately (some of these I've played based on novels have been unrecognizable). The items to find are all period-appropriate (pet peeve of mine--finding a cell phone in a Victorian England scene). The music is not annoying. The length of play is just right. Nice graphics. Nice variations on the seek-and-find scenes. Just the right combination of challenging and relaxing. This is a very well done game.	2013-10-20
US	37986510	R2U3GM8F1JUU2W	B008B8M1IW	830535009	Build-a-lot: On Vacation [Download]	Digital_Video_Games	2	1	1	N	N	Whole series is stressful!!!	It's OK....kind of boring, but somewhat addictive as well....until you get to the higher levels.  The lower levels are so easy.  Then it suddenly gets harder, so that it becomes stressful as you are trying to finish.<br /><br />What I don't like most about it, is that even if you have worked up to level 20 and want to change to casual mode, you can't.  You have to start from level one all over again, which I think is not well thought-out.<br /><br />I feel myself stressed after playing, rather than relaxed, so it is not a game for me to relax by.  If you have had stressful days at work with deadlines to meet, this is more of the same!  I feel tired and drained after playing the higher levels, as I have to think so hard to strategize.  I say this for the entire series!  If you want the stress hormones to pump through your body, then this is the game for you!!!  I came out of a high-stress business, so this just added more stress to an already stressed-out body!!<br /><br />Maybe if you are young and have tons of mental energy to spend on the game, then you may enjoy it, but not for me!<br /><br />I personally enjoy the Angry Bird series, as it is not nearly as time-consuming to play just one game.  Build a Lot takes at most, 15 minutes per level, which is a game.  I don't find Angry Birds to be stressful...it is more relaxing for me, as I don't have to sustain my mental energies for as long a time period.  Also, AB has a lot of variety, whereas, the BAL series is pretty repetitious in every series....it is basically the same actions over and over, just with different requirements.	2014-05-02
US	17577816	R32S3VVO0N19D6	B00CORAMDM	602617220	Borderlands 2: Psycho Pack DLC	Digital_Video_Games	3	0	0	N	Y	As expected	The new character is a melee giant that deals lots of damage. Perfect if you like to level up different characters.	2013-10-02
US	41548964	R312319ND8Y41R	B004VSTQ2A	232803743	Xbox Live Subscription	Digital_Video_Games	5	0	0	N	Y	great	quick and reliable to get, don't have to waste gas to go get it at the store. happy this is available	2013-11-16
US	19821007	R46FSHRJ08AA0	B00CLW3TZS	603505561	Call of Duty: Ghosts	Digital_Video_Games	3	1	1	N	Y	Same engine	ok for the call of duty lovers they are using you but the game is fun but not better than halo or battlefield	2014-01-30
US	45415770	R1IGOWU2D9VM1G	B00B29S1JK	339304182	Far Cry 3	Digital_Video_Games	4	0	0	N	Y	Better than expected	This game could be a very rare gem of the gaming scenario. Due to a different vision of the developer it will be a little slow on the second part of it but still enjoyable.<br /><br />Surely it will worth a buy if you like free roaming but with a good main story and very stunning vistas.	2014-01-04
US	48098819	RTFQ8EMJWCKN0	B001K7HV3Q	701773253	Big Kahuna Reef	Digital_Video_Games	5	0	0	N	Y	love this game	this is the best game, lots of new items, great sound effects fun to play once you start playing the game you just don't want to stop	2014-03-04
US	47433654	RKUK4JUBX9DY4	B0083W649I	986415757	Bioshock Dual Pack [Online Game Code]	Digital_Video_Games	5	0	0	N	N	Great games, great price	Really worth it... Hours of great gameplay and only cost me $5! I'd recommend it to any gamer on a budget.	2013-06-30
US	4162965	R3H9FHLO0AOEVA	B0083LD2TE	938297969	Stronghold Kingdoms [Game Connect]	Digital_Video_Games	5	2	3	N	Y	best game	i love this game i can not stop playing this game the best game this game is better than world of warcraft	2013-09-01
US	14923070	R39BV8TREJG1AD	B00I4BGLOG	433924898	The Elder Scrolls Online Imperial Edition [Download]	Digital_Video_Games	1	6	21	N	N	Fun game BUT very BUGGY	The back-end billing system is BROKEN. So if you 'per-purchased' the game AND played a few Beta tests Bethesda won't accept ANY codes to create a subscription plan.<br /><br />I will put up with some game buggyness, but billing? Are you nuts? You want my CC data?<br /><br />Stinger because I had been seeking a replacement for EQ. Apparently years worth of subscription doesn't mean anything to Bethesda. Just the sales of the initial software are all they care about.<br /><br />Think about this stuff before you purchase this game. Even if you buy the game after the release do you really want to trust them with your CC data? I myself am have some doubts.	2014-04-07
US	22182696	RCWVHE9M1641Q	B004ZUFN62	399461385	The Sims 3: Generations	Digital_Video_Games	5	0	0	N	Y	One of the best expansion packs	If you enjoy sims and want to keep a line going with several generations, this is the perfect expansion pack. It adds some really fun items like the wedding arch, bachelorette parties, teenagers have more items they can do and birthdays are better.	2014-03-04
US	11536598	R2C5FVST8M8MDY	B003O68T50	209199957	Tri-Peaks Solitaire To Go [Download]	Digital_Video_Games	5	0	0	N	Y	This was my mom's favorite computer game since she wasn't that computer literate	This was my mom's favorite computer game since she wasn't that computer literate; however, I play it several times per week.  It's interesting and fun and not something that you really have to over think.  I love it.	2014-05-07
US	3263911	R2L4RMYIJ6F8V	B004RMK57U	53534661	Playstation Plus Subscription	Digital_Video_Games	5	0	0	N	Y	thanks	Thanks to the speed of transmission and good handling and reliability and price of the most excellent thanks alot alot	2014-02-16
US	50113743	R2JQJOP5A02TAB	B004774IPU	151985175	Sid Meier's Civilization V	Digital_Video_Games	5	0	1	N	Y	Great game lots of fun	The download makes it easy to buy and the game has become fairly web centric so it all makes sense	2013-06-17
US	14520434	R1QMJLBZLKCQ5I	B00ECGPL5W	301534165	Immortal Action Pack [Download]	Digital_Video_Games	5	0	0	N	Y	Simple a great collectors edition	Several games comes along on this pack, liked it just by getting Mortal Kombat, which is just great, but got Lord of the Rings and Batman Arkham City.. perfect...	2013-10-29
US	6320172	RTP8SETRR6PPB	B00GGUV2GY	628203332	The Amazing Spider-Man	Digital_Video_Games	1	0	0	N	Y	Glitchy	you either in  up a wall  your Enemies are in a wall or you're in the floor or a orange room floating waiting for you're death.  plus you can't complete the game because the final boss freezes  please buy CD Copy if you don't want this happening or get it for the 360	2014-06-24
US	42199160	R2XE3ZPUSAS91C	B004RMK57U	53534661	Playstation Plus Subscription	Digital_Video_Games	5	0	0	N	Y	Worth it	I downloaded over 12 games and some where $60 games. It pays for itself and the online storage is great.	2013-08-15
US	39169559	R33EIAR21T0IT6	B00BZCX3LA	769014395	The Sims 3: Island Paradise	Digital_Video_Games	1	1	3	N	Y	I could not download the game	hi , I have paid to download the game but I don't know what the problem on the site is asking me to insert the source of payment and I've entered it several times and I can not download the game	2013-11-17
US	29539100	R3JB00JKGN6RR1	B004APAELG	800401220	Rollercoaster Tycoon 2: Triple Thrill Pack	Digital_Video_Games	5	1	3	N	Y	Thanks.	I don't want to type a review of this product. I simply typed this once and copy/pasted it into this window to get this done.	2013-05-17
US	11242057	RHHTGC7M58X8P	B0030GG2OO	410176523	Petz Horsez 2	Digital_Video_Games	5	3	3	N	Y	Good Game	This is a pretty good game. NO it is NOT Petz Horsez 2 However so if that's what you want this isn't it. However this is a pretty fun game especially for someone around the age of 10-13. It's got a good story line and plenty to do.	2013-07-10
US	21590501	R1HD989QCFD6UP	B00CMSCV4Q	954148166	Final Fantasy XIV: A Realm Reborn	Digital_Video_Games	4	7	23	N	N	Highly Disappointed with Server/SE Management	Well, I bought two copies and was quite excited about this game. Unfortunately I have not been able to log in since the game has launched. Im very familiar with MMORPG launches, and am quite patient when it comes to stamping out bugs and crowding problems. This is different, nothing they have done has helped most of us at all. Heres some problems, the first 3 are just laughable now.<br /><br />1) Since 8/24 (EA) I have been unable to log into a NA server during 10am-10pm PST.<br />2) I have not been able to make a character, only play around in the character creation.<br />3) Several times I have been placed in a queue only to be kicked by a world full error sometime later.<br />4) Square-Enix should be able to correct/upgrade server problems within the first 3 days of EA not a full 10 days later in release.<br />5) A 7 day time extension will not make up for 7 days of my lost time trying to log-in (My time is valuable too).<br />6) Blocking registered Square-Enix account holders from posting on the forums because we dont have a character or its too low in level.<br />7) Not kicking AFK players, who are most likely accounting for at least 10-20% of in-game characters (Judging by eyewitness accounts from the lucky few)<br />8) A lack of server transfer functions to at least alleviate some congestion.<br /><br />Square-Enix Im a fan, but Im also a customer and Im NOT happy. Totally unacceptable situation at the moment. Optimistically waiting.<br /><br />Ive added 3 stars to my review now that things are working properly. -1 star for the sorry launch still.	2013-09-01
US	28088944	R486MFVD6ULNE	B005OTGE8E	293514695	FIFA Soccer 12	Digital_Video_Games	5	0	0	N	Y	good but not great	Not the best fifa game but it alright. i enjoyed fifa 11 more. it was more fluid than this one	2014-05-13
US	10526004	R224PSDY7A144T	B004RMK4BC	384246568	Playstation Network Card	Digital_Video_Games	5	0	0	N	Y	Met expectations	Cool glad used it. Didn't know how it was gonna turn out but turned out ok. Happy customer I am.	2014-05-22
US	33284142	R2FVKVESLEVYY	B00AR05D6O	736228562	DEADLIGHT [Download]	Digital_Video_Games	1	1	2	N	N	Not Even Worth It For Free	This game was offered for free a couple months ago to Xbox Gold customers. I decided to try it out and found it to be an absolute train wreck.  Usually you can't go wrong with a free game but this game manages to do it. I feel sorry for anyone who actually paid money for this, how's it feel to be taken ?. The game is linear and that isn't the problem. The list is long though and i'll only mention a few ...... poor lighting, poor controls, repetitiveness and absolutely WAY too much trial and error.<br /><br />Its a real shame too, I think game designer tequila works gave it a go but came up way short and didn't even bother to test it. I wasn't expecting stellar graphics but the main character in the story is Randall Wayne .... a park ranger who can't even swim !! Tequila works knew they were basting a turkey when they wrote the plot. Save your money on this one, and if the opportunity to get it for free is there, save your hard drive space. It's THAT BAD.	2014-06-07
US	26979430	R1QCU05HX0EWU9	B002YGS8Z2	394288474	Critter Crunch [Online Game Code]	Digital_Video_Games	4	0	0	N	Y	Fun	A fun game to start with but the difficult ramps up so quickly on the later levels it in night impossible to complete.	2014-03-08
US	23953314	RBRG2W645BOPV	B00GGUWLE6	641303205	Assassin's Creed IV Black Flag - PS3 [Digital Code]	Digital_Video_Games	5	0	0	N	Y	Its a must buy. Buy it new. :)	It was exactly what it says. Its great game if you love the Assassin Creed Series. The open world and easy transition from the loading screen great. The customization of the ship. Edward Kenway a lost man find his calling but is twisted by events that changes his outlook of his quest. Great game	2014-01-05
US	15603998	R1E1W6KZH0MC6Z	B001V7QIDO	225309182	Xbox 360 Live Points Card	Digital_Video_Games	5	0	0	N	Y	Great price	What's there to say?  They're Microsoft points.  They were a great price and they were redeemed without issues.  A few more words and this is done.	2013-07-18
US	31213120	R2YI6XQJIARL89	B00B29S1JK	339304182	Far Cry 3	Digital_Video_Games	5	0	0	N	Y	good	Great game even for people new to the series! If uyou buy the steam version it still plays through uplay though	2014-05-13
US	43861500	R24UA9QVQGFV17	B00DTWEOZ8	869820667	Titanfall [Online Game Code]	Digital_Video_Games	5	0	0	N	Y	EA sucks but game is decent	Titanfall is fun if you like multiplayer and if you have friends who have this game.<br /><br />Though EA blows this game atleast works better than Battlefield 4.	2014-06-10
US	13234548	RO6LGVF1J4P18	B002ASAGQI	114234373	Chocolatier [Download]	Digital_Video_Games	5	0	0	N	Y	love!	I love the whole series and have been on the hunt to find more games like this.  I was advised to try Tradewinds, which is cool, but still not as good.	2013-09-14
US	16114283	R3UOLDCX9RR1V8	B00BCNV1CA	251315049	Sid Meier's Civilization V: Gold Edition [Online Game Code]	Digital_Video_Games	5	0	0	N	Y	I got a great deal on a great game.	I always wanted to see for myself what civilization was about and having had a recently built computer and the release of gold edition and the new expansion, there seemed to be no better time to act. This game really does grab you and doesn't let go.	2013-07-29
US	43231960	RSYBT37XW01T7	B00BOYYO8A	434449634	Xbox LIVE 1600 Microsoft Points for Gears of War: Judgment VIP Season Pass - Xbox 360 Digital Code	Digital_Video_Games	5	0	0	N	Y	VIP Passes to another level Session	Session with VIP Pass you can download maps and new skins for weapons and costumes and free medal is totally different mind	2013-08-06
US	24003553	R2PA7VFLOHDOI9	B004RMK4P8	384246568	Playstation Network Card	Digital_Video_Games	5	0	0	N	Y	Best way to buy games	Excelent way to buy games or other things online without adding a credit card in your PSN account. I always use it	2014-05-13
US	20005485	RT4V8H9AYZ0VD	B004RMK4BC	384246568	Playstation Network Card	Digital_Video_Games	5	0	0	N	Y	essential for anyone who cant get a PSN card right away..	Easy. mouse-click fast. reliable and cheap ! ( since the hard card costs 2+$ ) would recommend ALL that needs to buy PSN cards to use this service ! thanks a bunch amazon !	2013-08-29
US	42239846	R239704KL2TL6I	B00CPBZEPI	578635514	Battlefield Fan Pack [Download]	Digital_Video_Games	4	0	0	N	Y	Great games, difficult installation	Once you go through the pretty simple yet roundabout download methods, the games run just fine and are a ton of fun! It's just a shame you have to go through Origin to launch BF3. Eck.	2013-07-02
US	44730720	R1VEXSWKIQ66NE	B008X73CFC	187860146	CSI: Crime Scene Investigation: Hard Evidence [Download]	Digital_Video_Games	4	0	0	N	N	One Time Thing	As the Title says this game is one time play through has no replayability unless you want to go through the same cases and scenes over again. I had this game some time ago, and it was very interesting and played well, just thought I would insert this review for others who have not played this one so you dont get upset when the game ends	2013-05-10
US	47039891	RDSU6UL00SJS0	B002VBWIP6	232803743	Xbox Live Subscription	Digital_Video_Games	5	1	1	N	Y	Xbox Live 12 month membership	Great price and code worked with no problems.  Son was very excited about getting a 12 month membership to go with his new system.	2014-02-21
US	10527142	R25ETJRWA7Q9TV	B004HYHBQ6	450972780	Westward Kingdoms [Download]	Digital_Video_Games	5	1	1	N	Y	Fun Past Time	I liked playing this game so much that I bought it.<br />I like to build, so I spend a lot of time building up as much as possible before the thieves come.<br />Once you learn the game, it is easier to get through the scenarios.<br />Some things are hidden which are a pleasant surprise when finding them.	2013-11-11
US	21925455	R1F9CH7H0OYYLB	B00GRN67ZG	986788399	Lost in Time - Hidden Object Game [Download]	Digital_Video_Games	3	0	1	N	Y	lost	i was truly lost in my like for the game, sorry this game as well had no challenge as i beat it quickly.	2014-04-13
US	2097625	R40L21L06OY15	B00D3TRMD8	688155537	Don't Starve	Digital_Video_Games	5	0	0	N	Y	One of the best games to buy on amazon digital	This game is sooo much fun I've spend hours playing it. There are also mods and expansions to make it better	2014-05-16
US	13085265	R2NG1YBUVXCZ4N	B00BNGNDT0	614587856	Ticket to Ride Upgrade Pack PC [Download]	Digital_Video_Games	5	0	0	N	Y	Adds some more fun to this fantastic game.	Ticket to Ride is a ton of fun and I have sunk many hours into the original map never giving a second thought to the Upgrade Pack. I'm so glad I finally woke up and got these. They add another level of fun to a seriously wonderful game. I highly recommend snagging these.	2013-06-03
US	2335876	R39UJAKTI1A3MT	B00CBJ73TO	401174462	Thief II: The Metal Age [Online Game Code]	Digital_Video_Games	4	1	3	N	Y	Such a Good Game	I used to have this ages ago but lost it.<br />Decided to buy and download. Wonderful game. Installs without hassle.<br />Only thing is, I tried to use my PC game controller with the game and it wouldn't work. So the keyboard and mouse need to be used for everything.<br />Still worth it though.	2014-02-18
US	45348888	R1AEB2J11GA1HX	B008BKEWMI	57554399	RuneScape [Game Connect]	Digital_Video_Games	3	1	2	N	Y	Worth the experience.	I've been playing Runescape off and on for the past 9 years, and surprisingly I never purchased a membership until just recently. After acquiring a membership I find there's a lot more to do now, and the game characters are a lot more interactive. There are video cut-scenes, and characters seemingly talk a lot more than they used too. Definitely keeps you more entertained if you're into doing quests. That's what I've been doing personally - Trying to get a feel for the new areas of the map that I unlocked. Runescape is HUGE!! It's harder to find players on members worlds because they're not all cramped into a few cities, which sadly makes it harder to socialize and form clans, ect. Though I'm loving the very low amounts of bots - I can finally get some mining done =)<br /><br />If anyone feels like adding me, my username is Kitastriphi	2013-06-11
US	39056666	R107E32B85U5QI	B0042ANG3C	653534218	Reel Deal Slots American Adventure	Digital_Video_Games	2	0	0	N	Y	Can't play it	It would be ok if I could get it to work.  I have attempted to contact tech support at Phantom EFX several times both by phone and by emails. I cannot get any assistance what so ever. So my purchase just sits doing nothing.	2013-12-12
US	5905969	RL3NCBF9VH7DE	B00945156U	903280277	Borderlands 2	Digital_Video_Games	5	0	0	N	Y	Great DLC	Worth purchasing. Provided hours of game play and entertainment. I would highly recommend purchasing if you have beaten the game, enjoyed it, and want more.	2014-05-16
US	2900840	RCBHD9A1JP422	B00F4CDIR6	716333327	Xbox $5 Gift Card - Xbox 360 Digital Code	Digital_Video_Games	5	0	0	N	Y	Best thing since sliced bread	I bought this code and within a minute I had 5 more dollars on my Xbox account. Only issue is that I can't buy groceries with this. 0/10 ruined my life	2014-04-23
US	50779451	R1AQ9CD4B07YSK	B004D4YDNE	69625145	Grand Theft Auto IV - PC Download (Standard Edition) [Download]	Digital_Video_Games	1	1	1	N	Y	Doesn't Work	Doesn't work and support non existent.  Avoid.  Do not buy this.  Not sure how I can make this any more clear.	2013-10-16
US	41719417	R2M06Z1BDX3753	B004RMK5QG	395682204	Playstation Plus Subscription	Digital_Video_Games	5	0	0	N	Y	Love Play Station Plus	The free games every month are great! Seriously, I look forward to them each month. Over the last six months they had Tomb Raider, Arkham City, Borderlands 2, Bioshock Infinite, Metro: Last Light as well as many indie games like Mickey's Castle of Illusions and Brothers. All for less than 5$ a month is great.	2014-05-16
US	10694906	R1FHV6E3WKFOOV	B006YVXDYE	461154948	Bully - Scholarship Edition [Download]	Digital_Video_Games	5	0	0	N	Y	Plays Great!	This game has always been a favorite of mine, the download was quick and easy, and the game plays very well!	2014-01-05
US	38781565	RO620HOJPTGH9	B0085O6NG8	568978058	Sid Meier's Civilization V: Gods and Kings - PC	Digital_Video_Games	5	0	0	N	Y	Great Game!	What a great game! Fast and easy to use the online game code. I have zero complaints and would highly recommend this product and all DLC's which make the game that much more fun.	2014-06-23
US	24801842	R2OT995M54C0T9	B00AKJBY7Y	51059973	Borderlands 2: Collector's Edition Pack DLC [Download]	Digital_Video_Games	1	6	13	N	Y	poorly described dlc	"\\""<br />Download size:<br />13 GB<br />Download time:<br />6 hours - 20 hours on broadband<br />\\""<br /><br />Yeah, Amazon really needs to correct this bit of deceptive misinformation. To be clear, this is *not* the game. This is a small bit of dlc whose files actually total no more than a couple of megabytes. It wouldn't take 6 hours and 20 minutes to download on dial-up."	2013-07-05
US	6749143	R2XK5VJEK0GG1K	B00FYX1ESK	349515553	Battlefield 4	Digital_Video_Games	5	1	3	N	Y	Amazing game	The Game gets added to your Origin library, so no need to download Amazon's Downloading program. (if you link your origin account).	2014-05-19
US	49344387	RO2VL5BJI1QQW	B003ZUYAF8	175236382	Super TextTwist [Download]	Digital_Video_Games	5	0	0	N	Y	My favorite game	I spent years fighting with various websites to play this beloved game.  Why did I do that?  Why would you do that?  For less than $10. it sits merrily on my desktop, awaiting my arrival home from work to waste countless hours!  Even if I lose my lousy dsl connection, I can STILL play it, because like solitare, it's not dependent on being connected to the interwebs.  So if you love this game, do yourself a huge ass favor and but it!!  Right now!!!	2014-02-17
US	10300795	R27KM8VJ335QCA	B00AFDKCLE	284166893	XCOM: Enemy Unknown - Slingshot [Online Game Code]	Digital_Video_Games	2	0	4	N	Y	Not a full version game...Added pack to full version only	Amazon needs to make sure they put up this is a expansion pack not a full version. No where does it say this is a add on pack for the full version game.	2013-11-17
US	45986548	R2U8QMZHG0XN84	B007NZSRSM	739721043	ANNO 2070 - The Financial Crisis Complete Pack [Online Game Code]	Digital_Video_Games	1	0	2	N	Y	Bought it, and didn't work	Got the game and downloaded it. Ran it at all the right qualifications and yet it didn't work. Possibly the game key they give you is expired.	2013-08-04
US	42248831	R1T1TGVCNX9F1N	B00EPOTBUC	961200726	Guild Wars 2 Heroic Edition [Download]	Digital_Video_Games	5	0	0	N	N	Great game!	Love this game ....they update often and seem to have the player interest put first. Tech support is great, they always answer. Lots to do and many achievements to get.btw it's well worth getting the heroic edition. Most character traits are opened for you already, along with the bonus elite skill. Pvp and world versus world when you want to do that. I do wish new lands for max level players would become available soon.	2014-07-14
US	19432577	R26G3YF97QK7J6	B00GGUVI5Y	18715758	The Last of Us	Digital_Video_Games	5	0	1	N	Y	First time doing a digital purchase	I am happy with the game and it was pretty easy to set up. The download was huge(40 gigs), so be wary if you have slow internet	2014-02-05
US	39426769	R1K48NHOZFXXDW	B00BW7ZYHE	851360559	War of the Roses Kingmaker [Online Game Code]	Digital_Video_Games	3	5	5	N	Y	Great idea, falls short.	I've logged a lot of time with this game and at first I was really impressed. Beware there is a steep learning curve. It's not that bad if you've played games like Mount & Blade: Warband though. This game has great gameplay and the premise is top-notch. The problems stem from the developer making it free-to-play long after it's release. It's scared away a lot of the veterans because of a variety of problems. Firstly, there are tons of laggers in this game. It's not their fault most of the time because there just aren't enough servers available to international players. They end up joining US servers and essentially ruin many battles. It's very frustrating to lose a duel based on someone's connection (most servers don't have ping limits). The other problem is hacking is quite prevalent. Most hackers use a cheat engine to just speed up their play, which isn't too obvious to everyone unless they speed it up to an excessive amount. This completely ruins the balance of the game because there are plenty of penalties on heavy armor, heavier weapons, missed swings, etc. that can be avoided by speed hackers. This wouldn't be too much of a problem except for the fact that people who hack often never get banned. I've seen people with names that brag about hacking and these guys are often high levels. You can report them through Steam which I have done multiple times and I still see those same players later on. Even if they were to get banned they can just create another account and start over (free-to-play). The developers of this game failed to address these facts and have moved on to promoting a new game (War of the Viking) which is essentially the same game with a few tweaks. I cannot recommend this game even though it has been very fun at times. I hope the devs figure this stuff out in their future endeavors.	2013-10-31
US	8570185	R334BB4AR2VN8G	B00F4CFAV8	341969535	Xbox Live Gift Card	Digital_Video_Games	5	0	0	N	Y	I like that the Online Game Codes don't have taxes attached.	Well, at least in Michigan it doesn't. Makes buying points cheaper, especially with the versions including, $5, $10, $20, etc.	2014-02-27
US	10456761	R1FG3BGV2PBQB1	B007VFH3BQ	355601867	Sleeping Dogs	Digital_Video_Games	5	0	0	N	Y	great game.	Don't buy this game for full retail price, wait until it goes on sale. I paid 5 bucks for it.	2014-01-05
US	11127372	R15PBF4M3Q8LZT	B002VBWIP6	232803743	Xbox Live Subscription	Digital_Video_Games	5	0	0	N	N	I was able to buy this for 39. bucks	If you play Xbox and have to continue to buy your annual membership do what I do and wait until a deal pops up and try to get it for less the usual price.  If you need the membership not much you can do but buy it.	2014-01-04
US	13504192	R1T19A60ERPQX1	B007VFHGZ4	675980058	Tomb Raider	Digital_Video_Games	5	0	0	N	Y	Entertainment Abounds!	This is one of the best games and the best Tomb Raider I have ever played. From the start to finish just AMAZING. Kudos to all involved in this gamd and the transaction of the download	2014-02-04
US	3660538	RMSFEL0WWYQ6H	B00GDHD3LW	805824890	1 Month Subscription: EVE Online [Instant Access]	Digital_Video_Games	5	0	1	N	Y	Simple and easy!	Just as it states this is a time code buy. Just link your account and you are on your way!	2014-04-14
US	21438907	R3QF4EGBVUK7SC	B00BXONG7G	240448759	Battlefield 4	Digital_Video_Games	5	0	1	N	Y	Best Shooter of the Year!	This is the best game of the year in my opinion. I switched from Call of Duty years back and have never been happier.<br /><br />Just ask yourself,<br /><br />Do you want to drive vehicles?<br />Do you like mature players?<br />Do you like huge ass maps?<br /><br />If you said yes to any of those, then Battlefield 4 is for you!	2014-02-14
US	30605328	R3T5LLEHZP9N5Z	B0060CSORI	946494957	Call of Duty: Modern Warfare 3	Digital_Video_Games	4	0	0	N	Y	A great CODfan	I don't dislike this game as many others do.<br />It is really entertaning, and it is the last one of the modern warfare franchise.<br />I did not rate it 5 stars because it does not have a lot of new things more than modern warfare 2.<br /><br />If you have the money, take it, you will not regret it.<br /><br />Pros: good story, classic fps, excellent mp<br />Cons: it does not have many new things	2014-06-24
US	39739912	RU2T1I4XDJQZ8	B00BLS4CZ4	745824516	Civilization V Gold [Online Game Code]	Digital_Video_Games	1	1	2	N	Y	duplicate activation code	I just purchased this game code and opened a Steam account and when I went to try to enter the code I had just been given at the cost of about $60.  I got a lovely error message that said the product code was invalid and had already been used.<br /><br />What am I suppose to do now…<br /><br />I know that amazon says you are not to (describe your seller or shipping experience) and you are to direct that stuff to their feedback page but it says i have no orders that I am able to give feed back on.  You would thing that the company who makes the game would be a reliable source.<br /><br />Love the game and would like to be able to play it...	2014-01-29
US	21318595	R3T8TO16W9YIBP	B001KC03T0	587838871	Heroes of Hellas [Download]	Digital_Video_Games	4	0	0	N	Y	Okay	It's fine...I like # 2 much better.  This one passes the time and makes me happy that they moved on!!!	2013-04-25
US	46033823	R9NDWC3X59AXW	B004VSTQ2A	232803743	Xbox Live Subscription	Digital_Video_Games	5	0	0	N	Y	Could of got it cheaper	this card pretty much says it all, its a 3 month gold membership for xbox360 users. Getting the code instantly upon purchase.<br />got it cheaper then the stores were offering, like 4-5 dollars cheaper	2014-02-02
US	12216095	R1UWD5ZQOC4NGQ	B00GU040YQ	93628543	Mark of the Ninja: Special Edition DLC [Online Game Code]	Digital_Video_Games	3	1	1	N	N	Hardly worth it	I grabbed this during Steam's 2013 Winter Sale for $0.99. I'd say that price is just about right.<br /><br />There's very little to this DLC. It's literally one single level, an extra path (Path of Wisdom -- extra items, no sword, punches knock guards unconscious), and two extra items (Dusk Moths cloud lights out without alerting guards; Fungal Spores kill the target and the next person to find them).<br /><br />It took me about an hour to beat the extra level and get the additional Steam trophies that require this DLC.	2014-01-04
US	8733681	R3UZJWYHCKH65R	B004RMK57U	53534661	Playstation Plus Subscription	Digital_Video_Games	5	0	0	N	Y	If you own a Vita , this is for you...	I got my Vita few months ago and i just buy 2 games (Disgaea 3 , Persona 4 ) , i was looking to get a good price for Gravity Rush , but after lookiing what kind of games are for free on playstation plus , i found it for free!<br /><br />i pay 17.99 us for 3 awesome game that are for free on psn+<br /><br />-Gravity rush<br />-Uncharted<br />-Blazblue<br /><br />only for 17.99? AMAZING DEAL !<br /><br />*I know that after 3 month i need to rewnew my psn+ or this 3 games are gonna stop working but lets think about this<br /><br />here on amazon i can find this game arround this prices<br />Gravity rush - 32 us<br />Uncharted - 33 us<br />Wipeout - 18 us<br /><br />after i finish them all , i will sell them anyway so i am gonna lose more money<br /><br />Playstation plus is a great deal , i am gonna renew for 1 year after my 3 months	2013-05-31
US	6771956	R1KEFUXSVR7BTT	B00B29S1JK	339304182	Far Cry 3	Digital_Video_Games	4	0	0	N	Y	Liked	I like this game. It's not as amazing as I expected, after hearing people rave about it. It's worth playing though.	2013-12-31
US	27215671	R11BSRIVE6LM65	B00D7GNPO2	405238889	Faster Than Light	Digital_Video_Games	4	0	1	N	N	Worth it at the right price	A simple, but challenging game about managing your own startship through multiple crises. You'll never have so much fun putting out fires. If you hate micromanagement in video games FTL will make you rethink this.<br /><br />A lot of fun when found at a good price. Wait for a good sale.	2013-06-09
US	4521238	R1R379DSW6HU6J	B00D8FUHFC	270862469	Borderlands Bundleganza [Download]	Digital_Video_Games	5	0	0	N	Y	WORTH	Bought it on sale for $23+tax. Let's just say Borderlands 2 alone is $30, and season pass is another $30. Borderlands 1 is really fun. Borderlands 2 is even better, especially playing with friends. If MMO, RPG, and FPS is in your interest of gaming, this offers all three. The story is fantastic, and the DLC's are even better, and funnier. Worth every penny.	2013-07-30
US	44270883	R2C9PRQGRMPL4X	B004RMK4BC	384246568	Playstation Network Card	Digital_Video_Games	5	0	0	N	Y	Psn Store card	I use the cards so I don't have my card details on a system then my children could then run me up a huge bill even with password safety also if the playstation system get hacked again my details are no where near it. Getting them from Amazon also means I don't have to pay any &#34;extra&#34; fees that all other suppliers charge. Only downside of this is I didn't get out in the fresh air to go and buy it.	2014-04-06
US	43236835	R3V368JOIH1Q9X	B00APOVDKW	921706751	Batman Arkham GOTY Pack [Download]	Digital_Video_Games	5	0	0	N	Y	Who wouldn't like this?	Just joined into Steam and got into computer gaming. I honestly thought for the price that it was the bee's knees!	2013-06-29
US	3187374	R3MIK1UGEYF6JR	B008J361YY	225309182	Xbox 360 Live Points Card	Digital_Video_Games	5	0	0	N	Y	Xbox LIVE 2400 Microsoft Points	This has got to be the fastest I have ever been able to add points to my xbox live account, and it was cheaper then getting the points at a brick and mortar store. No standing in line, no having to ask where the points cards are. I will Diffidently make all my purchases from amazon in the future.	2013-08-18
US	16941817	RVL3CFMN6U26J	B00GM062RW	277409661	The Last of Us Digital Bundle: Game + Season Pass - PS3 [Digital Code]	Digital_Video_Games	5	1	2	N	Y	great game just not uncharted	I'm killing way more people than zombies and oh boy do I ever die a lot. This game is more sneaking around based than I was expecting but its still been quite fun	2013-12-16
US	33294074	R1ZLZLOC3SIBS2	B00AZNBP1A	344098591	Final Fantasy XI: Seekers of Adoulin [Download]	Digital_Video_Games	5	1	3	N	Y	I am a nerd!	The game expansion being available online is incredibly handy, no need to worry sbout losing discs or pass codes because it's all 8n cloud!	2013-06-05
US	19314175	R2CP25EQQDCBV	B003ZSIJA2	296761805	PAC-MAN [Download]	Digital_Video_Games	2	0	0	N	Y	Being mentally chased enough - I used to enjoy it	This game was very poplular when I was in my young teenager. That time we had to pay 1 dollars for 1 game. I found this game sold in Amazon. I downloaded from this site. Maybe because I am grown, I ended up being tired of this game. Or I am somewhat an addict to Checker game. If you have a lot of time, and don't mind feeling as if you are being chased all the time, you will enjoy this game. I'm glad to play this game. Now I experienced playing this game knowing how it makes me feel, rather than frustration that I didn't play enough when I was very young.	2014-01-11
US	44887807	R2GM47NWB7PVGH	B004J4WZHY	561244768	Shining Force II	Digital_Video_Games	5	0	0	N	Y	can't beat it!	This is one of the greatest classic RPGs ever. Combat requires a nice balance of strategy. Wonderful for gamers who had the original on Genesis or anyone who likes old-school RPGs. Every battle is like a fantasy chess match. Love it.	2013-07-21
US	4938505	R1KNRDLLN7NB25	B004RMK5QG	395682204	Playstation Plus Subscription	Digital_Video_Games	5	1	1	N	Y	Must-have for Sony console owners	Free games every month for PS3, PS4 and Vita users, and not just old games like what Xbox Live GOLD does, its recent AAA and indie games .	2014-01-03
US	6644687	R5DFF3VSLDVIL	B0091T6FQO	206154893	Desert to Sea Bundle [Download]	Digital_Video_Games	5	0	0	N	Y	Great games	All three are fantastic, and the price is right as well. I highly recommend this bundle to anyone who hasn't played these before.	2013-12-28
US	15342517	R3KJ6MXPMUZDPN	B00B2BMCKC	594535094	Triple Town [Online Game Code]	Digital_Video_Games	4	0	0	N	Y	Better than I thought it would be	I got it initially because I wanted more steam cards. It ended up being strangely absorbing. Making matches and moving through the levels requires more strategy than I thought it would.<br /><br />It's also less than 100MB. Super fast download for a game with such depth.	2013-09-17
US	4069361	R1BZBEF6FKCJ27	B008J35YFQ	225309182	Xbox 360 Live Points Card	Digital_Video_Games	5	0	0	N	Y	thank you	easy .............. you cant get better .... thank you .. i will be back to get more points soon.. and i will not be writing this stuff again	2013-05-09
US	10639379	R12RW9P3M89X19	B003BVIXWW	20478250	Silent Hunter V: Battle of the Atlantic	Digital_Video_Games	2	20	21	N	Y	Well, it sucks alright	"I have avoided buying this game up until now (it was deeply discounted) and I should have continued avoiding buying it. What a shame, i LOVED the silent hunter series up until this one.<br /><br />First of all, you are required to sign up for ubisoft's \\""Upay\\"" game network (which really just boils down to a chance to shove ads in your face). Thankfully, since this is a download version, you wont be stuck with their suc-u-rom shennanigans, but you will be forced to keep your save games on their servers for some unknown reason. Oh yea, i know the reason, Ubisoft sucks.<br /><br />Next, they've tried to make the game more mouse-centered, which would be fine except they've botched the games mouse inputs, there is a distinct lag between inputs & results... even on a machine that has more than double the games system requirements.<br /><br />Next, they've forced you to walk around the sub & click on stuff in order to get to the functions of the ship. Which would've been a good idea if they hadn't botched that up so horribly as well.<br /><br />If only they would've just done a graphics improvement to SH4 & shoved that out the door... it would've been 10X the game that this is.<br /><br />My advice is keep on waiting until its even cheaper than $10... or until someone (hopefully not ubisoft) releases SH6.<br /><br />--edit-- Interesting side note... it seems that updating games is not something that upay does. Also odd that the game itself doesnt check for updates (odd since it saves your games on the internet, but cant check its own version number?) Also odd that the download & buy version doesnt include a patch that is now over 3 years old.<br /><br />Anyway, long story short, this download gives you version 1.05.. in order to update it to 1.2 (which you WILL want to do) you'll have to go to C:\Ubisoft\Silent Hunter 5\Support\GameUpdater\ and run GU.exe<br /><br />If i were a game maker, i'd have done it differently, but apparently thats the way ubi rolls."	2013-08-12
US	27340042	R2ZYPVMSPHYZK0	B009R5JG40	811416044	Borderlands 2: Captain Scarlett And Her Pirate's Booty DLC	Digital_Video_Games	4	0	0	N	Y	Not the best dlc	Not the best dlc...not the worst.<br />It's still BL2 at the end of the day so it's not all bad.<br />...could be better............like say Torgue.	2013-10-22
US	52210870	R36W7OIRZ025CX	B006GDO50G	930003746	Toy Story 3 The Video Game	Digital_Video_Games	3	0	0	N	Y	great game	Wish it were a bit easier to figure out what exactly one is supposed to do in the game, but my kid still loves it.	2014-04-25
US	4544078	RI3IM8ZOXBHH9	B00BLS4FEC	139305837	Future Wars [Online Game Code]	Digital_Video_Games	5	0	0	N	N	great game	alot of fun, great game, highly addictive, highly recommended, looked for a game to kill time and have fun, and this is it.	2013-05-28
US	10906968	R38HCTJWWTQOZI	B0050QIIYO	74332383	Hotel Mogul: Las Vegas [Download]	Digital_Video_Games	4	1	1	N	Y	Challenging	I am not a die hard gamer, just someone who uses gaming as a way to relax and de-stress. For those who love a good challenge in a game, this is for you. I consider myself relatively smart but I am no genius and this game was a great challenge for me. I am picky when it comes to gaming. I like decent graphics and animations. I really enjoyed this game.	2013-06-24
US	20743179	R1UKB2OK3VQAT	B001KC00OS	868614859	Jewel Quest [Download]	Digital_Video_Games	2	0	0	N	Y	Disappointed	The progression of this jewel game is boring and frustrating.  It was not what I expected.  I would not recommend this to friends.	2013-12-15
US	10147691	R12RB8GU2WKFCE	B0064TYOLW	122131766	Mass Effect 3	Digital_Video_Games	5	0	1	N	Y	Great game at a great price!	I got this game for 6$! That is already amazing! But the game itself is an awesome game and I would recommend it to anyone that likes RPG/Action RPG games in general.	2013-06-20
US	15418212	RLAHQE17T1QZ	B001KC0228	702813016	Tropix 2: Quest for the Golden Banana [Download]	Digital_Video_Games	5	1	1	N	Y	5 yr old grandson spent hours on this loved it	downloaded it for 5 yr old, he was on top of it all week. Loved it, beat it. delightful characters and grandma had fun watching him laugh at the silly characters.	2013-04-29
US	47495139	R255XU41WYMAY3	B00CXTUBH8	836413916	Batman Arkham Origins	Digital_Video_Games	4	0	0	N	Y	Arkham City 2.	Not a bad game, it just really isn't anything new. The crime scene elements are getting pretty tedious. If you've enjoyed the Batman games thus far, pick it up on sale. If you've never played a recent Batman game, start with Arkham Asylum and Arkham City.	2014-01-27
US	4862856	R3M97JS49CJB82	B009GKT2M2	165594677	Farming Simulator 2013 [Download]	Digital_Video_Games	5	0	0	N	Y	Great Game	Free mods are great! A little time consuming but very fun if you like to farm. There isn't much bad to say either.	2013-06-30
US	21757024	R3G41JMKA5WP50	B003YDXF3E	480838000	Road Works Simulator [Download]	Digital_Video_Games	1	0	0	N	Y	WOULD NOT WORK	the product might be good i just never could get it to work my computer  SORRY  we will try  company some other time.  amazon is  amazing!!!!!!!  THANKS	2013-08-30
US	9886257	R19L8KL9K5MIB	B0091XHZW8	37905404	Guild Wars 2 [Download]	Digital_Video_Games	5	1	1	N	Y	This game is awesome for f2p its done right	Great game, fun story, even better combat, most free 2 play games make you pay to get content like pay for a month to pay for pvp, or do a dungeon, pay to unlock fast travel, pay to unlock being able to wear cosmetic items, this game does not force you to do that at all. Only thing you pay for is gems for really nice cosmetic items, more bag slots, character slots, server transfers, but they give you the option to farm gold in game and trade it in for gems giving you the choice of paying with real money or in game gold. Really a great game.	2013-06-26
US	49394597	R64V8C8O5ZDBO	B00I4BGPBA	368307139	The Elder Scrolls Online (Mac) [Download]	Digital_Video_Games	1	1	2	N	Y	Useless when you cannot create an account	After multiple emails back and forth attempting to figure out how to create an account, we have given up. It's been weeks and I refuse to wait for Bethesda to take their time correcting the problem all while already having my money. It's been weeks at this point, and I won't allow any more time to pass without satisfaction. I've initiated a refund to prevent possible expiration of the code.	2014-06-09
US	11179297	R35GI88XJAS6HJ	B004VSTQ2A	232803743	Xbox Live Subscription	Digital_Video_Games	5	0	0	N	Y	great	I got this for mty friend that recently left for months but then came back and couldnt afford gold because of xbox`s new way of not using codes anymore. This worked perfectly, He got gold and i didnt have to give him any personal info to get gold, it was a win win situation	2013-10-25
US	47251476	R3359C9XC1KMRH	B0044DEQ3Q	49368511	Ghostbusters: The Video Game [Download]	Digital_Video_Games	5	0	0	N	Y	Who you gonna call.	Really good game. Loved every level. just wish the game was longer. Some of the controls seem wonky to me. but still i loved it.	2013-12-12
US	2135042	R9ZNFP79KR6QE	B00F4CDIR6	716333327	Xbox $5 Gift Card - Xbox 360 Digital Code	Digital_Video_Games	5	0	0	N	Y	Fast, easy and convenient!	The XBOX digital gift cards are easy to use and are delivered to your email promptly, it's much more convenient than making a trip to the store. I highly recommend them.	2013-12-30
US	10178137	R21O6VX5GT3LL	B004RMK5QG	395682204	Playstation Plus Subscription	Digital_Video_Games	5	0	0	N	Y	No need to buy games	If you don't mind waiting a while, you can get some pretty great games through PS+. There is variety, so sometimes it's some retro game, a popular games (Saints Row 2 & 3), an indie game, etc.If you have a PS Vita, You can also get free games for both systems with Plus. The games at times are also cross-buy so you get the same games for both, which is pretty cool if you spend a lot of time away from your console, but still want to play the same game.	2013-12-13
US	50942921	R1W4PPM60RWZG1	B00ATF5YYI	559945646	Call of Duty: World at War	Digital_Video_Games	5	0	1	N	Y	Still Loads Of Fun	I bought this mainly just to play Nazi Zombies but find I also still enjoy both the solo campaign as well as the online play.  This is possibly the best Nazi Zombies there is.  I can spend way too much time hosing down those blood thirsty buggers.  I have made level 17 by myself.  How far can you go?  :)  Gotta try to find out!	2013-06-05
US	14449367	RT7COJJ44QQ0B	B00BW7ZYGU	427073745	Numba [Download]	Digital_Video_Games	1	1	3	N	Y	unable to load on any computer i own	that says it all, dontcha think?  If I could figure out how to get my money back-i certainly would do so	2013-05-10
US	35058633	R37ATU7HGOLZIV	B00CQOG8MM	422725673	The Sims 3 Starter Pack (Mac) [Online Game Code]	Digital_Video_Games	4	0	0	N	Y	Sims 3	My daughter ordered this for her computer, it was a download because they don't sell the actual disc anymore, but she loves it!	2014-01-27
US	29123209	R1PUF2BBM95SQ1	B0089SCIWI	803349801	Battlestar Galactica Online [Game Connect]	Digital_Video_Games	1	1	2	N	Y	NEVER GOT MY PURCHASE	DON'T GO FOR THIS OFFER!!!  No help after requesting, finally gave up on it.  Just not worth the headache but don't make my mistake!!!	2013-08-28
US	40311904	R2ZHHMCPQUKP9S	B00C7B0GYK	722876377	House of 1000 Doors 2 [Download]	Digital_Video_Games	5	0	0	N	Y	They are so much more than just hidden object games!	Love the hidden object games here on amazon. These House of 1000 Doors games really make you think. They are so much more than just hidden objects. Love the puzzles and riddles. Great game quality!	2013-12-11
US	44346200	R3IGOK9Z07AM65	B00BCNV1CA	251315049	Sid Meier's Civilization V: Gold Edition [Online Game Code]	Digital_Video_Games	5	0	3	N	Y	Excellent Game	Bought it on sale, but this game is worth any price. The code is just pasted into Steam and install is simple. The only thing this package is missing is the not yet released Brave New World expansion. Windows 8 Touch Mode liked to crashed on me, so I ended up using Directx 10/11 Mode. Only problem I have now is prying myself away from the computer screen.	2013-07-09
US	8452416	R1JO2AP6MPZO6L	B00GTSUG1A	140394048	Max Payne 3 + LA NOIRE [Online Game Code]	Digital_Video_Games	5	0	0	N	Y	Good	Good game and good price with a coupon. Rockstar game bundle always offers a great discount so we need patience:)	2014-02-27
US	11224652	RRLY4LRS06T9I	B003ZUYABC	660631727	Super Glinx! [Download]	Digital_Video_Games	5	0	1	N	Y	great older game, lots of fun	I love the older games, and have enjoyed this one for quite some time.  My previous version of Super Glinx did not work on Windows 8, but this one does.<br /><br />This is a game that plays like a toy, not a story.  You connect all the matching pieces on the board, making the longest chains possible given their placement.  You must connect two pieces with a line that has no more than two bends in it and does not cross another piece -- it can cross another line, but not another piece.  Connect all the pieces to their matching counterparts before the timer runs out.	2014-06-11
US	36267239	R1S9EAFD0EXG74	B00GJX90TY	836820547	Giana Sisters: Twisted Dreams [Online Game Code]	Digital_Video_Games	5	0	0	N	Y	super platformer	graphics are beautiful<br />music ... I loved it on the c64 and I love it now!<br /><br />my advice: do not start normal but EASY !!! otherwise you will give up in the middle or at one of the bosses.... (except if you like to torture yourself)	2014-04-24
US	43568751	RNHWTB0AWQWWI	B004RMK4BC	384246568	Playstation Network Card	Digital_Video_Games	5	0	0	N	Y	instant code	Instant code with no troubles, easy, quick and awesome just in a few seconds, ready to go and quickly got	2014-05-16
US	20844284	RMRDTXLSGBW35	B004RMK5QG	395682204	Playstation Plus Subscription	Digital_Video_Games	5	0	0	N	Y	Worth the price	I bought the code on the black friday 2013 promotion, at $30.<br />The thing that finally convinced me was not only the price drop but the games that sony is placing for free for the plus users.<br />I recommend that before buying it you check the available games for that month and see if they make it worth it, in my case it's a no doubt.	2014-01-01
US	27912585	RJ3PNJ62DYDXJ	B0040V4T8O	97283480	Medieval II: Total War - Gold Edition [Download]	Digital_Video_Games	3	0	0	N	Y	It's a lot of fun for a while.	Zooming in on the battles is really cool, but it can be difficult to direct the soldiers.<br />I'd really like to win the game by dominating the world through trade rather than slaughter.	2013-09-10
US	14221343	RY85HIKP9UFHX	B004APAEL6	972173811	Rollercoaster Tycoon 3: Platinum	Digital_Video_Games	5	0	0	N	Y	I really enjoy it	My brother, nephew and myself  used to obsessively play the original many, many years ago and I later played the Zoo series so this one is the best of both worlds for me! I love riding the coasters and other rides but on the down side the game takes forever to load. Considering its age though, I don't think it's unexpected.	2013-04-28
US	18423758	R3FTFLU10HFTMI	B004RMK5QG	395682204	Playstation Plus Subscription	Digital_Video_Games	5	0	0	N	Y	Easy, painless, best way to buy.	Needed to renew plus membership. 1-year best deal and this code is instant after payment. Quick, painless, and works. In minutes had my membership renewed for another year. I will renew my plus membership again this way in another year.	2014-05-29
US	21183078	R2URW1E8NZV5UI	B00D4A6Y1M	967243639	Gaijin Tripped Out Pack - PC [Download]	Digital_Video_Games	5	0	0	N	Y	Fantastic Bundle that rounded out my steam library	Bit.Trip bundle pack is worth it just for Bit Trip Runner alone. It's quite simply a fantastic set of games for an unbelievably great price.<br /><br />Included are downloads and steam keys so honestly what more could you ask for. Cheers to all of us who managed to buy it.	2013-07-13
US	3881048	R33EHL10UJSTBN	B008FPV6CS	108570469	Grand Theft Auto IV	Digital_Video_Games	1	1	2	N	N	Very disappointing.	I wanted to download this but when I select purchase and download it asks me for a credit card even though I have $21.00 on my Amazon card. If you know why this is happening please help me out.	2014-03-16
US	27817476	R1MPZCTLSF856U	B002WC80MY	676345707	Assassin's Creed	Digital_Video_Games	5	0	0	N	Y	great	Its assassins creed. I just had to get this one to play all of them on the pc. All I'm missing now is AC4. Only thing I wanted from this was to add it to the ubisoft app but it appears to be stand alone.	2013-07-17
US	9649462	R2FCR4NPHCR4UM	B00DNHL4TS	362885387	Crysis	Digital_Video_Games	4	0	0	N	Y	Most Interactive FPS I've Ever Played.	When Ever I Hear reviews about crysis, its all about how the graphics are so good. i play crysis on low settings, on a 2006/2007 laptop, and the game play is awesome. Its So interactive! the maximum strength and maximum Armor abilities are really helpful when you're in a jam (like you cant get up a mountain), and almost everything in this game can be picked up and thrown! i love it! i would recommend this game to anyone.	2014-04-07
US	20865757	R2TBXRCR7YXJEX	B0041OSXHS	775851968	Agatha Christie 3 in 1 Bundle [Download]	Digital_Video_Games	4	0	0	N	Y	this is good	this game is ok, doesnt take long though to learn where everything is, as they are always in the same places..still enjoyed playing it	2013-06-17
US	12379445	RK7B1DPU22B5V	B003YDXEQW	563451834	Nora Roberts Vision in White [Download]	Digital_Video_Games	5	0	0	N	Y	Simply the Best!!!	My sister introduced me to Nora Roberts Vision in White.  This game has been a life saver for me....literally!  My daughter died unexpectedly in May.  There have been so many times that I could not sleep so I played this game.  After time, I set challenges for myself.  For instance, I started playing in the 'timed' mode.  This (still) increases and helps my memory and movement functions.  The hidden objects change every time I play this game meaning there are new objects to find or they are placed in different areas.  I am really looking forward to another Nora Roberts hidden object game!!!  The music is soothing and the pictures are beautiful!!  This is among my best purchases that I have ever made and it is so affordable!!!! Thank you so much, Nora Roberts, for helping me get through a very difficult time in my life..................Janeen	2013-09-27
US	23138968	R3DFE6BNOU9OVR	B003TV4ANA	108097284	Fishdom 2	Digital_Video_Games	5	1	1	N	Y	LOVE IT!	I'm addicted to this game. Can't get enough of it. Especially like this one because there's no timer with it.	2013-12-04
US	21008825	R1LYMMYJWVP0A	B00CMSCV4Q	954148166	Final Fantasy XIV: A Realm Reborn	Digital_Video_Games	5	0	0	N	Y	Really good game it's just.....	I heard good things about the remake to the awful original version of this game. After weeks of hearing friends talk about it, good and bad, I decided to check it out finally before release. Every place I checked, people kept saying, &#34;they fixed all the problems,&#34; and, &#34;Wow this is what it should have been the first time.&#34; I spent the money and pre-ordered this guy. Well it was money well spent. This game tickles all the final fantasy job class system itches you could ever have. Give it a go!! You won't regret it. My only problem with it, is that I do not have time to keep playing it!!!	2013-10-29
US	43124853	ROE8BRKHLGRM6	B004RMK4BC	384246568	Playstation Network Card	Digital_Video_Games	5	0	0	N	Y	Satisfied customer	Good price, worked with no problems. A Recommended Buy for anyone looking to purchase more digital games online instead of going in stores.	2014-01-09
US	6995820	R34GS8IRMQDGEV	B00GAC1D2G	384246568	Playstation Network Card	Digital_Video_Games	5	0	0	N	Y	Five Stars	Good	2014-07-05
US	36673543	R25CZSQHY6C21J	B002VBWIP6	232803743	Xbox Live Subscription	Digital_Video_Games	5	0	0	N	Y	Legit	Received the code as it described at a great price. The codes worked in the XBox just follow the instructions.	2013-08-15
US	10285432	RSB87SIBQ6P8Z	B004RMK4BC	384246568	Playstation Network Card	Digital_Video_Games	5	0	0	N	Y	Easy and quick	Easy to get, no problems. i am a happy costumer :). and i don't have nothing more to say. bye	2013-08-21
US	13827559	R21YZYW2RKX5CZ	B00BR0PQTW	608699285	IGT Slots Kitty Glitter	Digital_Video_Games	2	0	1	N	Y	Not very glittery!	It is boring ! Nice game but boring to me.Don't b uy it or waste your money! not good game.	2013-07-10
US	45888595	R2NXUH2YW53RV	B00452VGXO	744825471	The Sims 3 Late Night	Digital_Video_Games	1	0	0	N	Y	Faulty download?	I was never able to use this properly. It downloaded and installed but it would never work with The Sims 3 game I had downloaded. Never was able to figure out what was wrong with it.	2014-01-12
US	11999188	R208FK7LX4498D	B00FEOUDUE	214875305	XCOM: Enemy Within [Online Game Code]	Digital_Video_Games	3	0	0	N	Y	Fun but still	It just doesn't add enough to the main campaign or combat to justify $30, much less $15.  Personally I feel as if they should've started with a brand new campaign and took it from there, this is just more of the same with some added fluff.	2014-02-22
US	36616134	RZLRQ5RL5UXT1	B00480OTRS	196465830	Battlefield 2 Complete Collection	Digital_Video_Games	4	2	2	N	N	Great game but installation issues on Windows 8	An awesome FPS, one of the best, if not the best. The downloadable distribution (downloaded 12/12/13) has installation issues on Windows 8 though, which you have to spend some time to work out.<br /><br />First, the license key/cd key setup is not correct for online play, you get a 'CD Key Invalid' error message when trying to join any online game. You have to edit a value in the Windows Registry to correctly set your key. Instructions here:<br />[...]<br /><br />Second, when you get connected, PunkBuster disconnects you straight away, as there's something wrong with the PB setup - you get error: Service Communication Failure: PnkBstrA.exe<br /><br />Download the latest PB from [...] - pick BF2, download the PBSetup app, run it. Now download and run the PBservice setup from here:<br />[...]<br /><br />At this point restart BF2 and you should be all set.	2013-12-13
US	4061719	R30S6R0DBMJ5EG	B002WC80M4	257319047	Far Cry 2	Digital_Video_Games	5	0	0	N	Y	really intense	For anyone who has not played the call of duties, or other shooter games this is a good place to get your training.	2014-05-06
US	41293954	R3IASF0YTMXYXJ	B00I4BGNVM	351918761	The Elder Scrolls Online [Online Game Code]	Digital_Video_Games	3	3	8	N	Y	Game Great, The very heavy lag not so ok.	The game is really engaging, specially the story, since the first time you step into the world you get hooked up to the story, the big world and the characters.<br /><br />The character progression seems way more interesting than many other MMORPGs specially the skill try where you choose where you wanna get your skills up, wheter it is a character related to crafting only or a character that can do all the fighting styles.<br /><br />The only big complain I have right now is the huge lag whenever I  am ingame and the random constant disconnects, I do know that this is a recently released game, I have been in many MMORPGs release times but after so many betas and failed starts for so many companies I did hope that Zenimax would have more servers for the ammount of players logging into the game.<br /><br />20,000 players into a town is not good for computer processing.	2014-04-09
US	52249463	R16KFTZGB37P3G	B008J360HC	225309182	Xbox 360 Live Points Card	Digital_Video_Games	5	0	0	N	Y	Its XBOX money that you get on Amazon	Not much more to say. You have an extra step of entering the code, but its delivered very fast and you don't need to give MS your credit card information.	2013-05-11
US	47655279	ROKJDW2WMZ28M	B003Z9KGT8	787214909	Trainz Simulator: Murchison 2 [Download]	Digital_Video_Games	1	0	0	N	Y	it doesn't reconize the serial code	anyone know why this does't reconize the serial code?  It says it isn't in English, and it looked English to me.	2014-05-24
US	50346907	R32F0UP98Z3IFP	B002JPIZZQ	528105865	Burger Shop 2 [Download]	Digital_Video_Games	5	0	0	N	Y	Awesome	Me and my kid love playing this game and we were so glad to have found it for such a reasonable price. The game downloaded immediately and I didn't have a problem whatsoever with it afterwards.	2014-05-05
US	5251179	R3J7AP6F9CC2OY	B00B29S1JK	339304182	Far Cry 3	Digital_Video_Games	5	0	0	N	Y	Wow~!!!!	Beautiful background, hunting and travel<br />So much fun to play it.<br />Such a game has never been worth every penny that just Farcry3.	2013-12-30
US	6554054	R3IBR8L9LGXGMM	B00917DBUE	714336136	Dark Souls: Prepare To Die Edition [Online Game Code]	Digital_Video_Games	1	1	7	N	Y	horrible pc port	doesnt even work, the pc port is horrible even with a controller. a plain bust. never will be able to play it.	2013-10-12
US	43849019	RNIH7NUZAEY4N	B00CMSCV4Q	954148166	Final Fantasy XIV: A Realm Reborn	Digital_Video_Games	5	4	10	N	N	Great Game..Highly Recommend it!!!	Great game to Play.  The only thing that you will encounter is the 1017 error(Full server). They will have this fix on September 4th(seen other people give a 1 Star because of this and i find that unfair and should not effect this game just because of a login problem, Which will be fix and have double server capacity). They're will be also giving everyone a Free Extra Week because of this.  Onto the game: If you played MMO's in the past you will be use to this game and how it works(it's more of a Action RPG game). It Does has a story mode and will Get very interesting once you're level 15+(i don't recommend skipping the Green ? Mark tips or Story mode scenes as it has Useful tips)  I see people do this, And then complain they don't know what to do or just let the whole team down because they are not reading anything that the quest tells them to do, Then it Results in a Failed Quest/Dungeon. lol  Other then that i highly recommend this game.	2013-09-02
US	44355830	R3QQ58BK7EXRCI	B00AYZMZ9K	805012571	Might & Magic Heroes VI: Complete Edition [Download]	Digital_Video_Games	2	0	1	N	Y	Incomplete	I ordered &#34;complete edition&#34; but only received the one playable version. Extremely annoying! Loved the early games but feel ripped off for what was described verses what I got. Too bad to bring an end to a very enjoyable series of PC gaming.	2014-03-26
US	6655408	RKANJHL9JWWLP	B0030GG22G	809334040	Prince of Persia: Warrior Within	Digital_Video_Games	5	0	0	N	Y	One of my Favorite PoP games	One of my favorites, this game is a must have. Definitely older than the newer games and all, but the newer games are kind of crap to say the least, so grab one of these old PS2 games and have fun.	2014-03-13
US	45121348	R394UZVDJUN2OR	B0047T7UE4	289095145	Metro 2033	Digital_Video_Games	5	0	0	N	N	A scary game with good atmosphere.	I enjoyed my time with this game.  The world seemed cohesive and I felt like I was there while I played.  I was scared, excite, and can't wait to try the game this is a ripoff of, Stalker Shadow of Chernobyl.  This game is based on a book which predates that game, but that game was based on an even earlier book.  I only bought this because I love Stalker's multiplayer mode and never got around to trying the single player mode, and this was supposed to be more of the same great fun, in a newer package.  Much enjoyed.	2013-05-11
US	11966427	R2J679RWXC06XZ	B002VBWIP6	232803743	Xbox Live Subscription	Digital_Video_Games	2	1	2	N	Y	Spend money to spend money	I agree that Xbox needs to fund its interface, but EVERYTHING you do on it demands money.  I feel that they could do well enough just making their cut.	2013-07-03
US	49083204	R3ERZF27LIOK	B0041HZ38W	333184545	Hazen - Episode 1: The Dark Whispers [Download]	Digital_Video_Games	1	1	1	N	N	Avoid This Game	I am pretty lenient when it comes to bad video games, but this one is just flat out terrible.<br /><br />To begin, it says &#34;Episode 1&#34; in the title. Well, there are no further episodes. The company that made the game is gone. There's no support if it doesn't work well (which happens a lot) so you are stuck if that does happen.<br /><br />As for the game itself, the graphics are shoddy, the gameplay is frustrating and the overall fun factor is really not there at all. I put in 4 hours on this game and that was all I could endure. If you're someone working on anger management issues, play this game all the way through and you may well be a zen god.<br /><br />It's definitely not surprising this company no longer exists. I got this game on sale for $5 and even that amount felt like too much. Save your money, spend it on something that will make you feel good. 'Cause this game sure won't do that for ya.	2013-11-22
US	23045877	R1OM882E06ZSWX	B00CPBZDPE	25969873	Firaxis Pack [Online Game Code]	Digital_Video_Games	5	0	0	N	Y	Exellent games and price	The value for money in this was very good!<br />3 very addictive games!<br />Strategy and management game players will love this pack.	2013-06-17
US	13354223	R2CZM1QMOEXHVZ	B00GJXMRX0	261938406	Assassin's Creed 4	Digital_Video_Games	5	5	7	N	Y	not like real life though	i strapped a ram onto my jetta but surprisingly not a single person carries rum or sugar around in their cars. now i just have a ton of court dates to meet	2014-02-25
US	45542681	R2FI55WHF7QPMU	B0085O6NG8	568978058	Sid Meier's Civilization V: Gods and Kings - PC	Digital_Video_Games	5	0	0	N	Y	Awesome Expansion!	I haven't had any issues with game play and I like the additions!  If you love Sid V, you should buy this.	2013-08-15
US	44849705	R1BY62WA0G6Y7M	B008N07LDS	280882145	Transformers: Fall of Cybertron	Digital_Video_Games	5	1	1	N	Y	Worth it	For sure the best of the Transformer games. Very lengthy and you play many different bots.  Plus you on Cybertron.	2014-05-27
US	16681405	R29WRRO2CIR3WZ	B006YVXDYE	461154948	Bully - Scholarship Edition [Download]	Digital_Video_Games	1	0	0	N	Y	Game does not work on the PC	The game loads endlessly after the main character begins his quest.  Many complaints on the Web about this problem.  There are lots of suggested fixes, but none of the have worked for me.  The game was very cheap to buy, but still it should work or they shouldn't be selling.  I am unlikely to every buy from Rockstar Games in the future.	2013-12-29
US	27004812	R3BXGXC7QACZTE	B0088Q95UE	456978558	Far Cry 3	Digital_Video_Games	1	3	5	N	N	Don't buy this unless you love UBI, they will be watching	The UBIdiots have gone the way of Steam.  You will not be able to start this game unless you are actively connected to the internet and have created a UBI user account.  I loved Far Cry, I liked Far Cry 2, I played through Far Cry 3 twice (fun game in and of itself).  But the install does not even put a short cut icon for the game on the PC desktop.  It puts an icon to link the UBI server as well as UBI crap that will run in the PC background.  The UBI server active link is required, not requested as an option, it is REQUIRED to start the game.  If your IP is not always available for your link-up don't waste your money.  This is not the `cloud', it is just fog and the only way out is to uninstall, trash, delete.	2013-05-08
US	20042309	R1PC2S3EQUGS5T	B00GQYOC4O	287440271	Mr Claus Kitchen - Hidden Object Game [Download]	Digital_Video_Games	3	1	1	N	Y	It was fun	but it could have lasted longer. It was shorter than I thought I would have liked more games to play, but I re played them.	2014-01-30
US	44575223	R2EI7LMCLLGMXM	B004RMK5QG	395682204	Playstation Plus Subscription	Digital_Video_Games	5	0	0	N	Y	Five Stars	EXCELLENT	2014-07-07
US	40736303	R15PDNORNK6CTM	B008TTPK0E	298421638	Spore Ultimate Digital Collection [Download]	Digital_Video_Games	5	0	0	N	Y	Reliable and fast.	This game worked perfectly and the digital copy idea is very convenient. The game is lots of fun and with no shipping I was able to play instantly.	2014-03-21
US	50424881	R27CX6ZJJDTJYL	B00EIN24UO	816301972	The Sims 3 Movie Stuff	Digital_Video_Games	3	2	3	N	Y	Disappointed	I was honestly disappointed in the variety on this. I was hoping for more Superhero stuff and I feel that the amount of extra items that this pack came with wasn't enough to justify the cost.<br /><br />It wasn't terrible, but I don't think I'll buy another stuff pack.	2013-11-04
US	20701153	R1ABTOEU4TV533	B00A3DJSSO	530490364	Dead Island Riptide [Online Game Code]	Digital_Video_Games	5	0	1	N	Y	Excelent game!!!!	Excitement and excelent game!!! We can use all kind of weapons, contundents, knives, swords or firearms, and the adventure and story is very good...	2013-06-09
US	16361179	R1LIIPNRX5B2W6	B007VTVRFA	402222185	SimCity - Limited Edition	Digital_Video_Games	3	3	4	N	Y	Broken AI	This could have been the game of the year if it wasn't for the awful AI and traffic system and problematic launch	2013-05-13
US	48471766	RZ02JV2LGKYTB	B00BLS4CYU	721213483	Trials Evolution Gold Edition [Download]	Digital_Video_Games	2	7	13	N	N	Great game, shame it isn't steam.	I hate to say this, the game is great, but the fact that it isn't steam is a huge turn off for me - I don't need 27 different DRM services on my computer at once.	2013-07-01
US	7963070	RBUBMVU5PF00V	B00GMTKMHY	686779980	The Last of Us: Left Behind DLC - PS3 [Digital Code]	Digital_Video_Games	1	17	153	N	N	Save you money	"Here is what happened:<br />Ellie found her \\""girlfirend' they kissed they got bitten one of them died  joel got saved by ellie so joel and ellie is alive all other dead game ended. dont buy it.<br /><br />Might be worth $5 but for $15 it is a rip off."	2014-02-15
US	12534174	R2NFPD1MNUIHS6	B004KNWVUA	375010655	The Sims 3 Outdoor Living Stuff - Expansion	Digital_Video_Games	4	0	0	N	Y	Outdoor Sims	The new features and clothes for this stuff pack are nice and fun and definitely add fun and festive outdoor options and ideas. A lot of the stuff available though is almost like versions of items already available through other packs. Some things such as hot tubs now have more options if your looking to make a Sim's oasis outside it's definitely a stuff pack meant for you. Though it's still worth the money even if you are only looking to add some fun games to a backyard. Sims Three base game required before downloading.	2014-07-01
US	2820586	RBVOO9QAZ5XNI	B004RMK4BC	384246568	Playstation Network Card	Digital_Video_Games	5	0	0	N	Y	Five Stars	everything good	2014-07-15
US	13531484	R2H5OWCHV5R5R7	B007VTVRFA	402222185	SimCity - Limited Edition	Digital_Video_Games	1	7	8	N	N	buggy, undocumented, development prototype for sale	This game has serious flaws that make it difficult for me to enjoy.<br />First: Simcity does not provide adequate information on how gameplay works. The simulation is complex, and it's not clear to the player what he should do to accomplish certain things. The included game manual provides very little information, and some of the messages in game are very misleading.<br />Second: Several gameplay mechanics are not working as expected. This may be due to the lack of documentation leading to the &#34;wrong&#34; expectations, but there are very intuitive expectations that the game violates. In some situations, the game shows data that is clearly self-contradicting.<br />Third: There is no acknowledgement of bugs. Therefore, it is not known whether any unexpected game behavior will change in a future patch or is an intentional gameplay element.<br /><br />Be careful with buying additional content for this game. Simcity allows you to transfer ownership of your cities to other players. The recipient player must own all of the additional content that every previous city player has owned. This rule applies even if a player does not use any of their additional content in that city.	2013-11-17
US	1410537	R3AJYYFYMV0Z3T	B0060CSORI	946494957	Call of Duty: Modern Warfare 3	Digital_Video_Games	4	0	0	N	Y	It is okay	I think it is a good game. It doesn't require high quality hardware. But I feel a little bit faint about it.	2014-06-18
US	47201819	R2XGEYTKYI1MNG	B003O68TKK	772435582	Agatha Christie: Death on the Nile [Download]	Digital_Video_Games	4	0	0	N	Y	Interesting hidden search	the graphics are great.  I enjoy this type of puzzle.  Just be careful about the veersions.  There are a few gliches running it on Windows 7 or higher.	2013-06-24
US	5575627	R1NGBUIM9I6I3S	B00DGZDFO4	347438506	Mortal Kombat Komplete Edition	Digital_Video_Games	4	0	0	N	Y	Good game with old memories coming back from the 90's with the exceptional form of the today's technology!	Excellent choice to remember the oldies and having the feeling of extreme fighting at the touch of your controller and fingers.	2014-06-27
US	44941615	R1V2D2I557LWY6	B00DOD0TZG	908769412	Bioshock Triple Pack [Online Game Code]	Digital_Video_Games	5	0	0	N	Y	Awesome games	Great stories and references, total opposites yet intrincate worlds, amazing arts and scores, interesting gameplay. A well worth fps-rpg trilogy!	2013-10-25
US	8261336	REN8TY6HXII9L	B00AECBKEY	922457887	Sonic Adventure 2 [Download]	Digital_Video_Games	1	1	7	N	Y	required to insrall game bar to use	win does not like amazon game bar or whatever its called cant use for my grandchild!!!!!! should have been warned before	2013-07-05
US	15444342	R1BTEX9TOWN6D4	B00D8FUHFC	270862469	Borderlands Bundleganza [Download]	Digital_Video_Games	5	1	2	N	Y	Ridiculous!	2 epic games and all 4 add-on's for both? And for $20? You won't find a better deal, anywhere. The only reason not to buy this is that you already have all this for PC. I already own all these on 360 but just recently built a PC, what a great way to break it in.	2013-06-28
US	8155302	R2ZZBUI8CDZFOB	B008L0ZH2M	666569980	Gothic II Gold [Download]	Digital_Video_Games	1	1	9	N	Y	Horrible Experience	After trying several times to get the installer to work, the game finally downloaded. Then had to re-download several more times because files were missing in order to install. Not a fun experience at all I am afraid. Would not recommend to anyone.	2013-06-11
US	51479783	R3IPCUMAR0IORY	B002VBWIP6	232803743	Xbox Live Subscription	Digital_Video_Games	5	0	0	N	Y	xbox rocks	this is must needed if you want to play on the xbox live.  I got this at a good price and it was a daily sale.  I love amazon when they have sales.	2013-05-25
US	49945042	R2NTIUDW6A11HC	B001LRQ8IY	860645179	Castle Crashers [Online Game Code]	Digital_Video_Games	4	1	1	N	N	Quite Fun	I think this game is from the makers of Alien Hominid which was probably the best Contra style shooter since, well Contra.  It's playable as a single player game, but more fun with online cooperation.  So, that means it has something of a shelflife when it comes to how long you'll be playing it.  If there was some kind of AI option for bot play or something I'd be a bit happier.<br /><br />There's not really any story short of rescuing kidnap victims.  The animation is pleasant and the graphics are colorful.  You run around killing enemies with basic attacks, harder attacks, and magic.  You can also change weapons and get more magical skills.  It's kind of like Streets of Rage or Double Dragon from the old days.  There's nothing too bad for younger kids.  There's violence, but nothing that's realistic enough to probably phase today's youth.  The game is kind of short, but it's replayable I guess.<br /><br />Overall, good game, fairly awful keyboard/mouse controls, better controller play.  Just be advised, it requires a controller that has xbox controller support.  I tried it with my old USB game controller and it wouldn't recognize it.	2013-05-08
US	14027347	R1H3D16ZA0FSZC	B0052UX62W	45221875	The Sims 3: Generations	Digital_Video_Games	4	2	3	N	Y	Easy to Download	My base game came with the discs but downloaded over Origin so I was a bit skeptical about purchasing this because it was a just a download. It downloaded easy enough and installed just fine. I printed the serial number just to be safe but I like that it's also saved with Amazon. I didn't have any issues and even got a free bonus download when I registered the game with TheSims.com.	2013-08-30
US	18368025	R27SHVBXQJEPV1	B00CX9L30W	310138095	Final Fantasy XIV: A Realm Reborn	Digital_Video_Games	3	0	0	N	Y	Below average, but enjoyed the 30 days a little...	Clunky.<br /><br />Pros:  Very nice graphics.<br /><br />Cons:  I hated that everyone could be all classes and have all skills on 1 character.  I also didn't like the crafting system, it was very clunky and just...weird - and at the end it was barely worth it.<br /><br />End game was strange and not enticing.<br /><br />UI was average but clunky.<br /><br />Not worth the subscription IMO.	2014-03-29
US	26585041	R1MARYT467KA7X	B00GUOUUIW	255142336	YOU DON'T KNOW JACK Volume 2 [Download]	Digital_Video_Games	4	0	0	N	Y	Hey I know Jack...aren't you Jack?	Really enjoy the game...kinda difficult trivia but I enjoy the challenge ands what else is a degree in liberal arts good for anyway except trivia games. Just wish there was a way to pause the game when you get those interruptions	2014-04-24
US	39734102	R3SX3ERZFPLTPL	B004RMK4BC	384246568	Playstation Network Card	Digital_Video_Games	5	0	0	N	Y	Always great!	This is my new favorite way to order PS cards. It is simple, convenient and safe. I recommend it for everyone.	2014-05-01
US	8823159	R3FWGXPVKKRHXH	B004RMK4BC	384246568	Playstation Network Card	Digital_Video_Games	5	0	0	N	Y	Playstation	simply the best game card /system availible today...great to add movies tv shows and games to your collection  highly recommend this sony product	2014-05-11
US	14230973	R2DY8FCL50TCCX	B002WC80R4	145094752	Silent Hunter: Wolves of the Pacific	Digital_Video_Games	1	0	3	N	Y	Big Disapointment	SH3 is far superior to their &#34;Upgrade&#34; in every way.  Sh3 lets you set up convoys and attack them as German subs.  This one uses American subs, and senerios only.  Save your money and stick to SH3!!!	2013-09-28
US	44418513	R3N93VJ1PV8IPN	B00HNEK5EM	760371273	Shtriga: Summer Camp [Download]	Digital_Video_Games	2	1	1	N	Y	Easy game; technical problems	I thought it was a bit too simple for anyone who is experienced in playing this sort of game. I also experienced a technical problem wherein, about halfway to 2/3 of the way through the game, it stopped displaying any text on the screen---no storyline, no explanation/hints when clicking on an interactive area, no instructions for mini-games, and most amusingly, no list of objects for HOGs.  I tried uninstalling and reinstalling (and replaying the game from the beginning) twice, and this happened every time.  So I lost any sense of story, and by and large, I still thought the game was easy to complete.  I figure it would have been way too easy, if I had actually known what was going on!	2014-03-09
US	12935302	RWU3KK0T1DGFD	B004RMK5QG	395682204	Playstation Plus Subscription	Digital_Video_Games	5	0	0	N	Y	Excellent Product	You just sig in in your psn account and tyoe the code showed on the screen and thats it, start the fun	2014-05-05
US	7676726	R2IIYTTPFM2FTT	B008B3LZ6G	736688257	Allods [Game Connect]	Digital_Video_Games	5	0	0	N	Y	WHY	GREAT GAME PLAY IT A LOT LOTS OF FUN AND GREAT ACTION DID NOT EXPECT IT TO BE THIS GOOD	2013-12-01
US	42264230	R4RD3C0ED4OG9	B008B2VOEK	933446190	World of Tanks [Download]	Digital_Video_Games	4	0	0	N	Y	Pretty intense and very fast..	fun and fast...need a good video card to play it as a lifelike experience..will buy more maybe find myself a sequel..thanks	2013-08-21
US	17008332	RLWDAFXI10T2J	B00A2Z50KI	141391115	Assassin's Creed III	Digital_Video_Games	5	0	0	N	N	fun game	Activated on steam but still requires Uplay to play. Must have if you follow the series. When you enter the steam given key into uplay to activate the game, if the character has a capital letter you have to hold shift for that character even though as you type it into uplay it doesnt show it as a capitalized letter. Figuring this out was a huge pain when I was trying to install seeing as uplay has no support right now.	2013-08-04
US	48962342	RCK6MDBZWKROG	B00HZSY8CQ	776634660	Might & Magic X Legacy [Download]	Digital_Video_Games	2	19	19	N	Y	I wanted very much to like this game	I have been a might and magic fan since Might and Magic 6. After that I played Heroes of Might and Magic 2+ and consider these some of the best games ever created and by far the best replay ability of any fantasy games. Might and Magic X actually goes back to the age Might and Magic 5 in terms of game play and is very much unlike Might and Magic 6-9.<br />1) Both the adventure world and dungeons are turn based. You can move in north south east or west directions but not diagonally. It adds some tactical benefits to the game but feels hugely restrictive. It often happens that you get temporarily stuck on rocks, trees, etc because they stand in the way of your grid movement. As well, there are many times when walking around a curve you have to walk right walk forward walk right over and over again to make this movement happen. The landscapes have moved from the open large landscapes of MM6-9 to the smaller more enclosed landscapes that most games have today. Sure, there are trees and there are hills and there are landscape objects, but there is really only one small path you can travel through this area, the rest is just decoration for viewing and adds nothing more to the game.  Unlike MM 6-9, you can no longer kite enemies or engage them from long distances. You simply walk into their preset aggressive range and you are locked in battle until one of you dies.<br />2) Monsters  and dungeons of your level are grouped in same area together with high level monsters and dungeons. Having played the previous games, I understand that you can chose to go to an area that is too high for you and get handed your lunch by those higher level monsters- I have no problem with that. In fact that was part of the fun of the previous games is gathering buffs and weapons by risking a run through dangerous territory. In MMX, however, you will fight a monster right outside of the starting town and beat it. You will go to the next one, beat it, and then rest up to fully restore you health (camp). You then attack the third monster in that area and in two hits your entire group is dead. No warning, no indication of the monsters high level, and no way to retreat or run away once he engages you. You will find yourself saving the game after every encounter because of this bazaar randomness in monster placement. This happens all the time and you must expect to die a lot, not because you did anything wrong but because of the weird nature of this game.<br />3) I have quite a lot of money on me and would like to check another town for better equipment or spells. I found the road to the next town but it is blocked by a guard you cant attack or get by for any reason. I go back to the ship in the harbor but no ships are leaving the harbor. Stables? Nope. There is literately no way to get out of this town until certain quests have been completed. This makes the world feel very restrictive and linear just like the landscape.<br />4) Quests really give you very few cues how to complete them or what needs to be done. I went into one cave and it was a series of 6 plates on the floor. I stepped on them for a while and then looked it up on Google. There was a Youtube video showing what order to activate the plates it would require some 10+ steps, in precise order to do it. I found it so difficult to follow, even with the video, that I left the area and went on. You get quests in the first area that can't be completed until you get into other areas but the game does not tell you this. IE. I am getting quests that I want to do but I can't even physically get to that area yet because its blocked by impassible guards.<br />5) The games monster tactics can be summed up as follows. You see a monster ahead. You move ahead a few grid spaces to position yourself so that you have the advantage on the monster a bit. You make your move. Out of literally nowhere, monsters pop out of thin air behind and to both sides of you. This completely negates any advantage the game might get from grid based movement. Imagine Heroes of Might and Magic 3 in battle combat mode. You are level 5 (beginning of the game). You enter combat with an enemy hero with 3 monsters in his army - a sure win. The battle terrain spawns and grid based battle begins. However, instead of you starting on your side and him on his side, you are now in the middle surrounded by enemies on every side and his 3 monsters is now 20. This happens almost every fight in MMX and because of it, you should not even have a grid based map or movement because it is impossible to use it to tactical advantage when monsters pop out of thin air. In fact you might as well just have a button you click that spawns a room with random monsters in random positions to fight -similar to the Arena in Might and Magic 6. Even the combat in the MM6 Arena is better that combat in MMX because you could move around and avoid certain monsters while isolating others etc. You get none of that in MMX because once you and a moster are right next to each other you can't move at all in any direction even if you have done nothing that turn.<br />6) Graphics. I have read a LOT of reviews that complained about the graphics. For me, I actually think the graphics are good but nothing to rave about. They do not detract from the game at all in my opinion. What does detract from the game, as mention before, is the restrictive feel of the landscapes. Sure there is a huge forest here but only a few tiny paths can be walked on by your character. Many times, that path is only one grid space wide with a few branches that dead end a short way off the path. One grid space is equal to the area that your party is standing on any any time so you follow this tiny path just big enough to fit your party through a huge forest of window dressing that has absolutely no meaning in the game. You cant interact with it in any way including walking through it.<br />7) The user interface is pretty well done in my opinion. Spell placement and ease of use is very good as are the inventory, spell book, stats and skills screens. Sound and music is good.<br />8) Uplay sucks of course because now every game company is going to have a service similar to Steam. I understand the value of this for the company but for the user what happens when that company goes belly up because of some stupid decision a CEO made. Who is going to maintain the Uplay service no to mention 10 more username / password accounts that you have to keep track of for game companies.<br />Overall I am disappointed with this game and believe it is a step backward in terms of the Might and Magic series. If you are thinking of buying it you might want to wait for a demo to come out before you spend your money.om grid based movement. Imagine Heroes of Might and Magic 3 in battle combat mode. You are level 5 (beginning of the game). You enter combat with an enemy hero with 3 monsters in his army - a sure win. The battle terrain spawns and grid based battle begins. However, instead of you starting on your side and him on his side, you are now in the middle surrounded by enemies on every side and his 3 monsters is now 20. This happens almost every fight in MMX and because of it, you should not even have a grid based map or movement because it is impossible to use it to tactical advantage when monsters pop out of thin air. In fact you might as well just have a button you click that spawns a room with random monsters in random positions to fight -similar to the Arena in Might and Magic 6. Even the combat in the MM6 Arena is better that combat in MMX because you could move around and avoid certain monsters while isolating others etc. You get none of that in MMX because once you and a moster are right next to each other you can't move at all in any direction even if you have done nothing that turn.<br />6) Graphics. I have read a LOT of reviews that complained about the graphics. For me, I actually think the graphics are good but nothing to rave about. They do not detract from the game at all in my opinion. What does detract from the game, as mention before, is the restrictive feel of the landscapes. Sure there is a huge forest here but only a few tiny paths can be walked on by your character. Many times, that path is only one grid space wide with a few branches that dead end a short way off the path. One grid space is equal to the area that your party is standing on any any time so you follow this tiny path just big enough to fit your party through a huge forest of window dressing that has absolutely no meaning in the game. You cant interact with it in any way including walking through it.<br />7) The user interface is pretty well done in my opinion. Spell placement and ease ofuse is very good as are the inventory, spell book, stats and skills screens. Sound and music is good.<br />8) Uplay sucks of course because now every game company is going to have a service similar to Steam. I understand the value of this for the company but for the user what happens when that company goes belly up because of some stupid decision a CEO made. Who is going to maintain the Uplay service no to mention 10 more username / password accounts that you have to keep track of for game companies.<br />Overall I am disappointed with this game and believe it is a step backward in terms of the Might and Magic series. If you are thinking of buying it you might want to wait for a demo to come out before you spend your money.	2014-06-21
US	5006196	RXWGSNVD5CHS6	B00KDNFH02	729484671	Fightin' and Brawlin' Bundle [Online Game Code]	Digital_Video_Games	5	0	0	N	Y	I got it as part of a deal Amazon was ...	I got it as part of a deal Amazon was running. I have played all 4 of these games and for $25 it was a well worth it buy.	2014-07-03
US	5191162	R2WADF8L8EX2PP	B00F4CF39C	341969535	Xbox Live Gift Card	Digital_Video_Games	4	0	0	N	Y	great	i got this card instantly online and i got myself some great things on xbox, haha its funny to review this car because really you can do what you want with it. but overall i would recommend this as a gift  I'm am a girl who plays xbox and i love this but everyone will!	2014-04-13
US	31183566	R21VIYX7R6ZE7G	B008ALUBYQ	112160022	Borderlands 2	Digital_Video_Games	5	1	1	N	Y	Pretty awesome!	I don't play many video games and decided to pick this up to play with the BF. The graphics are good, storyline is awesome and its super hilarious. The characters are all pretty great.  If you have any doubt, DONT! I highly recommend picking this up.	2013-08-21
US	36454914	R1OKQCL7SWUF6	B003V5WYMS	131573809	Majesty Gold	Digital_Video_Games	4	0	0	N	Y	Good game.	I really enjoyed this game when it first came out, so I got it for nostalgia sake.  The gameplay is fairly unique and I find it challenging.  All told it is fun and a great value.	2014-03-07
US	52738500	R1EY0HA7BVBF6W	B00G9FQWA2	562526593	Contrast	Digital_Video_Games	4	0	11	N	Y	It was fun while it lasted. 5 hours of play and it no longer supported my video card!	I did uninstall and re-install the game. But I put it back on the same machine. All of a sudden it doesn't support my video card. The support says I have to go through my video card manufacture. Wow. And it was working fine before I reformatted! I guess they don't want you to do that. I will uninstall and try it again but it is a pain if you ask me. It would be nicer to have it on the PS3. The movement is way to quick for the controller as well. This might clear up on the PS3.	2013-12-31
US	17249166	R1QYOVEE1P1HT	B00GMTKMHY	686779980	The Last of Us: Left Behind DLC - PS3 [Digital Code]	Digital_Video_Games	5	24	29	N	N	Excellent addition to an already amazing game.	I'm going to make this short and sweet, if you were a fan of the original game, this is a must buy.  Jumping back into the world of The Last of Us feels fantastic and Naughty Dog has created even more amazing story telling.  It is a little short but the quality of the story and the game-play, in my opinion, completely justify the price point.  If you've been dying to jump back into this world, don't skip this opportunity and experience it for yourself.	2014-02-15
US	19640568	R3AKGD8JAG7EPS	B008NAYASM	115402565	Dead Island Game of the Year Edition [Download]	Digital_Video_Games	4	0	0	N	Y	Good game	Very good game. 4 stars because the steam code was location blocked so i couldn't activate it outside of US	2013-06-22
US	6824662	R1RLABX3I6DN50	B008FPV5IS	97964872	Grand Theft Auto Vice City Stories	Digital_Video_Games	5	0	0	N	Y	The Perfect Atmosphere	Ah, the 80s. The chest hair, the tacky suits, the Colombian men with anger issues. It's all back, and Vice City packages it perfectly. Even after nearly 12 years of being out, it is still fun, the radio is still entertaining, and the graphics don't look cheap. They do look dated, but they don't look like a three-year old made them using Microsoft Paint with a mouse so old it still has a roller ball on the bottom. They are sleek, and fit the game. The best part? Like I said, twelve years old. That means you can even run it on your excuse for a computer that you've been meaning to throw into traffic for years now!	2014-06-07
US	3087277	R32WDPVBOPZI3E	B00GPQ2ZOW	946252600	Block Puzzle [Download]	Digital_Video_Games	1	0	1	N	Y	One Star	did not work	2014-07-12
US	12159457	RA93V1DZTZCOM	B00H2VOELQ	363250839	Battlefield 2142 Deluxe Edition [Instant Access]	Digital_Video_Games	1	1	1	N	Y	Shutting down the servers.	Great game, but the servers are shutting down in mere months.  That means this game will essentially be worthless.  Too bad as it is a great game.	2014-05-12
US	46302205	R2ATQ5J36IIYM1	B0085CD7BE	452764537	Plentiful Paradox Package [Download]	Digital_Video_Games	1	0	0	N	Y	Not worth the time and money	These games are all garbage.  My wife got this for me because she knew I was on a game kick, but none of these was interesting enough for me to play more than just a few minutes of them.  It doesn't matter how cheap things are if they are not fun enough to play at all.	2013-11-16
US	44817421	R3B5XXBKIIIN2W	B004RMK5QG	395682204	Playstation Plus Subscription	Digital_Video_Games	5	0	0	N	Y	Great Deal!	I bought two of these up during the Black Friday sale. I received both codes within a minute of placing my order.<br /><br />I heard people were having issues redeeming them on their PS4s so I waited a few days. Once I did try to redeem, the code was accepted without any issues.<br /><br />Thanks Amazon! I am glad I didn't have to visit GameStop in order to get these at such a great price.	2014-01-12
US	36844265	R1H7D5V9YT7JL6	B00DTWEOZ8	869820667	Titanfall [Online Game Code]	Digital_Video_Games	5	1	2	N	Y	This is the first game like this, Awesome!!!!	Fast action paste, Graphics are amazing, Sound affect puts you in the game.<br />There is nothing negative to say about this game. You will not be disappointed.	2014-05-13
US	27526899	RHYCOA1E7N7A	B006YVXGJQ	872362624	Grand Theft Auto - San Andreas [Download]	Digital_Video_Games	3	0	0	N	Y	Win 7 - meh	Between the slow loading time on win7 and the weird keyboard mouse controls (and lack of logitech controller support) I have to give this great game a 3. Love the gameplay but a little more work on the tech side would have made it much more enjoyable without a console.	2013-10-20
US	39697482	R14W0S97C0VII5	B002U0L19M	976679072	The Wonderful Wizard of Oz [Download]	Digital_Video_Games	1	0	1	N	Y	Not what you expect	This game is not at all like the other Wizzard of Oz games.  It is a puzzle game with absolutely nothing to do with Wizzard of Oz.<br />Please do not buy.	2014-03-07
US	5170077	R3JSC78TXA6L9X	B008D7F0UC	706538139	The Sims 3 Supernatural [Download]	Digital_Video_Games	3	0	0	N	Y	aggravating	i like the game but i absolutely hate a full moon all the crazies come out and if you have a full garden they asses ruin it uggggh other than that is ok	2013-07-06
US	42160635	R2QA5HTD7UM14Y	B004ZUFN62	399461385	The Sims 3: Generations	Digital_Video_Games	1	0	2	N	Y	Clicked the wrong box	I clicked the MAC box instead of PC for download, and Amazon won't let me cancel or return it for the PC version. DON&#34;T do digital downloads from Amazon, they S#CK!	2013-08-09
US	12113599	R2DACVFEOG4NW6	B0064TYRAU	771851250	Mass Effect 3	Digital_Video_Games	5	0	0	N	Y	EPIC	Epic is the only way to describe this trilogy. Great conclusion to one of the most amazing video game franchises in history. The online play is addicting an fun. I just wish there wasn't an option to buy them with actual money. Ah well, still, a must have!	2014-07-14
US	3135533	R379LOPS1MKSW8	B009SPZ11Q	826849966	BioShock Infinite	Digital_Video_Games	4	0	0	N	Y	Good game!	Very nice graphics and story, combat is not very engaging but the story carried the game. Must buy if you like a game with a good story.	2014-04-24
US	2919839	R1AWG3HHK8U4YW	B009IXL5FO	890878242	Thief Gold [Download]	Digital_Video_Games	4	0	0	N	N	Thief Gold	It's a good game, despite the fact that the old (I mean the schedule). Recommend to anyone who likes the genre of stealth and so on.	2014-03-28
US	40144963	R14X2XE87R9RN4	B00CMSCV4Q	954148166	Final Fantasy XIV: A Realm Reborn	Digital_Video_Games	5	0	2	N	Y	great game	I really like this game.  If you hated FFXI, like I did, this game is nothing like that.  I joke with my husband that even though we both play this game we play two different games.  He plays end game raid stuff and I tradeskill and we are both happy with the game.  Tradeskilling in this game is better than in many MMOs.	2014-01-26
US	11784224	R6RSXH1GYLOXA	B00GMPDCYS	54139513	Paradox Boat Bundle [Online Game Code]	Digital_Video_Games	3	0	0	N	Y	So-so	Paradox is still king over grand-strategy games but these three games fall short of their signature gameplay (mosty). Coming from Crusader Kings, HOI series, and so forth, I wonder why these games in this bundle are sub-par. Still, they're pretty enjoyable for the price	2013-12-29
US	18570283	R7TYZLWRC1D2Z	B004RMK5QG	395682204	Playstation Plus Subscription	Digital_Video_Games	5	0	0	N	Y	Excelente value for each dollar	Just the free games are enough to justify the price, the additional (cloud saving, themes, etc.) are not worth the price. But all together makes a great combo	2013-10-02
US	6314357	R5CZIBJ45AYQ	B003ZDOINE	552098067	Mortimer Beckett and the Lost King [Download]	Digital_Video_Games	4	0	0	N	Y	Mortimer Becett & the lost king	It was a good game & i would tell my frinds. I have the first one & i would like the next .	2014-03-04
US	42812689	R1BQTWRHYDPOD6	B003N9BJTQ	646002428	Men of War Red Tide	Digital_Video_Games	1	0	0	N	Y	Did not download properly	Not sure why it didn't but i'm glad i didn't pay anymore then what i did.<br />I recommend that you rid yourself of this game	2013-10-22
US	6086248	R1DZVIEPNIZQ7I	B00FT2UVAS	916754462	Rocksmith 2014	Digital_Video_Games	5	0	0	N	Y	Great game!!	Awesome game,more responsive than the last version. Plenty of rock songs to keep you playing for hours and hours on end.	2013-12-31
US	12777965	R1GQC4GA0PLI9X	B004RMK4P8	384246568	Playstation Network Card	Digital_Video_Games	5	0	0	N	Y	good purchase	it´s really fast, the code comes to seconds<br /><br />i recommended to wanna buy right now<br /><br />i buyed two more for later	2014-03-28
US	19371429	RHKXGM659W8RO	B00JSADAB4	698208001	Riding Star [Online Game Code]	Digital_Video_Games	5	3	3	N	Y	A little challenging, but cool	We can't seem to get past level one, but are having a lot of fun trying. Mostly interesting things to do w/horses, grooming is fast and easy. Really cool graphics, and works very well. Sound effects w/shows are awesome too--like you're really there. My DD loves it.	2014-05-09
US	14540970	RCZJIDWQ4241O	B004RMK5QG	395682204	Playstation Plus Subscription	Digital_Video_Games	5	0	0	N	N	Well  worth it and only a couple of weeks in	"The service is well worth $50 for a year. Not only do you get access to free games every month, you get discounts as well. In just over a week I have \\""purchased\\"" well over $100 in free games and extras from PSN+."	2013-06-08
US	25708801	R36I1GHVIFIRUA	B00APOVDKW	921706751	Batman Arkham GOTY Pack [Download]	Digital_Video_Games	5	0	0	N	Y	Great game.	Got it at an amazing sale price.  It has a dark atmosphere and comic book feeling to it.  It is a fun game.	2013-07-15
US	48769965	R2M24RII25OQ98	B00CIBB0OY	841575905	Faster Than Light	Digital_Video_Games	5	2	3	N	N	FTL: Learning how to play the hand delt to you	FTL can be considered a game of many genre's, but I prefer to think of it as game of chance. I will get into what I mean by this later, but needless to say if you HATE games that take some of the control on winning or losing from you, don't purchase this game.<br /><br />A quick description of the game would be: You are a ship trying to go from one end of the galaxy to the other to deliever a report on a Genocidal enemy fleet. Exploring planets and bases in each Solar system as you move forward can lead to fights or random encounters, which can be a blessing or a curse, pending your supplies and health. You can only explore each solar system for so long, as a massive enemy fleet that will destroy you in moments arrives in each solar system you jump to, to kill you. As you travel, you can gain new crew members, from different species that can drastically change your ships survivability. As you progress, the threat of death at your heels, and unknown doom every planet you explore, makes for one of the most exciting games you could ever play.<br /><br />FTL has to be one of the most enjoyable games I have played in years. Even when dying, you learn so much in each game, that you are happy to hit new game and start again. Rarely did I get frustrated with the game, even when it seemed stacked against me, because there are so many incentives the game gives you to replay. You don't have to beat the game to unlock new ships, or races to play as; you only have to obtain achievements for new content. Simply, you don't have to reach the end to have a new experience with the game. While nothing else carries over (money and such) the games system allows you to never feel like it was all for naught, and is a driving point for me to keep playing.<br />The battle system is fun, with multiple tactics to employe, you can either bludgeon the ships health to death with superior firepower, fight conservatively knowing where to hit, keeping them in a constant state of panic as their crewdies from a variety of ways, or board the enemy ship and slaughter the crew one on one. Even the most unfair seeming fights can be won when interchanging your tactics, making the reward so much sweeter as you beat a vastly superior ship.<br />The open space, the random encounters, can be overwhelming, or haunting at times. It always seems like you discover one more thing, or face an encounter in a brand new way because of one miniscule variable that changes the game drastically. The general ambiance is just amazing, with mystery, fear, and uncertainty gripping your attention.<br /><br />What I opened with about FTL being a gambling game more than anything else, is that the games random generation of events can make the game feel like it personally hates you. To begin, you can get stuck fighting battle after battle, with nothing to heal you until you hit the end of a solar system. While you might find this frustrating your first few games (if you are getting unlucky) it always makes me want to play one more game. Its like playing slots or blackjack, you know you are just a game away from a giant payout. The involvement that FTL makes you take with each new game, makes the excitement restart every time, one that I can't get from any other game when replaying it. Suffice to say, purchase FTL, unless the idea of getting screwed by the hand dealt to you is unbearable, you won't regret it.	2013-12-02
US	32847857	R39AMWMECHA5F5	B0081IOPYK	868844339	Battlestations: Pacific [Online Game Code]	Digital_Video_Games	1	0	0	N	Y	never played it	For some reason when we order games we never get to play them because ther is all kinds of other programs you have to install until we just finally throw up our hands and give up	2014-03-25
US	13258692	R21Y93FN5BFKPJ	B002VBWIP6	232803743	Xbox Live Subscription	Digital_Video_Games	5	0	0	N	Y	Cant beat the price and got 800 MS Points too	Amazon is the cheapest place to find Xbox live membership and they threw in 800 MS points when we purchased it, it was a great deal. I would buy this again and again. The code is easy to enter the Xbox and we were highly satisfied	2013-08-15
US	12320342	R3KL58OW33DD6T	B00A2XO6IM	754310779	Hoyle Solitaire & More	Digital_Video_Games	1	0	0	N	Y	CAUTION  this software will HARM your computor	this software will download several huge malware files on your hard drive which will attempt to take over your brouser and plant advertising malware that pop-up everywhere<br /><br />Unbelievable that Amazon would actually SELL malware disguised as a game.  If you want to infect your computor go online and download &#34;free&#34; solitare games that will become infected.	2014-03-18
US	29051117	RADBOBRAWJVAC	B00413QCS6	936839043	Painkiller: Resurrection	Digital_Video_Games	3	0	0	N	Y	First person shooter game	Not what i expected. Good for first person shooters who like to search in buildings for targets. I like playing the game but not my favorite.	2013-12-04
US	18438061	R2L2FC8MZM9QWK	B00AZM80OQ	180561695	Delicious - Emily's Wonder Wedding Premium Edition [Download]	Digital_Video_Games	2	1	2	N	Y	Technical issue.	I've always enjoyed Emily's games. This game isn't bad by any means. I like the way it looks and the areas are charming. Even though this particularly game has challenge modes and is the premium edition, I still can't help but think that it's overpriced. However, that isn't truly much of an issue - regardless of price I end up playing my games more than once or twice (3+ if I really enjoyed it) - which is more than some of my Triple A games; so it might eventually pay for itself simply because of the amount of replays. However, that is connected to the big issue. Re-playability hampered due to a technical issue.<br /><br />Towards the end of the game, I end up having to replay days two or three times to get it to work properly - it gets stuck constantly (regardless of score), right after the last customer leaves the screen and I end up having to replay the entire day until it continues. Playing it over once just feels like an extra day with no wages, but two or three replays just gets kind of irritating. Update - game now refuses to go past Day 23.	2014-01-05
US	25560438	R3INAKWTO1KRN4	B0047O2Q02	505853962	Mirror's Edge	Digital_Video_Games	5	1	1	N	Y	If you are tired of the same ol run and gun games then.....	get this game. The graphics are nice and smooth as well as the gameplay. there is some shooting involved but not much. Parkour based game will have you wanting for more but too bad it is short. It can be hard for people who are used to running around shooting and glitching. Though a little dated, this game is a very nice change in scenery (from same old shooter games).	2013-09-27
US	18519529	R1N3B4T4G3TQBM	B004RMK5QG	395682204	Playstation Plus Subscription	Digital_Video_Games	5	0	0	N	Y	It was great!	Great price, great service, got lots of good free games with it on the psn. I also got a lot if doscounted games on the psn. Highly recommend it.	2014-01-01
US	44751489	RWD3LGLBJGCRT	B00IA9QZPW	744027389	Delicious - Emily's Honeymoon Cruise Platinum Edition [Download]	Digital_Video_Games	5	1	2	N	Y	The Best of the Series	I've played them all & this is difinately the best one. Play is just challenging enough & there are 2 levels of play. Story line is good as well as the graphic. There's a nice amount of mini games within each level. Great reply value. Hope they continue the series.	2014-04-22
US	7762137	RUHAV9JE36IJC	B008VXCPRY	140272720	Bastion [Download]	Digital_Video_Games	4	0	0	N	Y	Really strange installation, but nonetheless a great game.	After scouring the internet for a clue as to why Bastion wouldn't play, I finally found that I needed to install an older version of the .NET Framework in order for it to play.  You would think they would tell you what programs are required to play it.	2013-06-27
US	21129750	R395ZVGJYM0TT6	B0047T7UDU	143240966	Darksiders	Digital_Video_Games	1	0	2	N	Y	lost cause	I waited days for it to finish downloading only to have it wiped out from a virus, really bummed .	2014-02-22
US	11821462	R3A7UOYBTAUEOQ	B00CMSCTA2	971767807	Age of Empires II HD [Online Game Code]	Digital_Video_Games	5	0	0	N	Y	Love the game!	I am almost fifty and  have six children ranging from 2 to 22.  We play this game against each other.  I have had a disk for years but it got scratched up and I love the digital download option.  Priced competitively, instant gratification with the download.  I recommend this one highly	2014-02-17
US	30734988	R15SRVWNT275Z1	B008J35YFQ	225309182	Xbox 360 Live Points Card	Digital_Video_Games	5	0	0	N	Y	worked great!!	I have read reviews where customers were given used or non-working codes. Well mine worked fine and I still feel this is the most secure way to buy Microsoft points.	2013-08-25
US	14974513	R2P89YLPMK7ZM4	B008XN0AG0	126854341	Xblades [Download]	Digital_Video_Games	2	0	0	N	N	Looks good, plays not good.	X-Blades is a gorgeous game to look at, but the gameplay is extremely repetitive. It gets boring very quickly. I wish it was a movie or an anime instead of a game.	2013-11-26
US	24820753	R2DSAAPJPSFLP	B00ET6LPJ6	380110318	SimCity - Limited Edition	Digital_Video_Games	1	0	0	N	Y	I waited a decade for this?	I should have trusted you all, but I didn't. I figured people would never be happy after waiting so long for a new Sim City or that maybe it was just too different for people to like. What I found was a buggy, laggy, and clunky game with a terrible UI, over rated graphics, and bugs galore. I waited a long time until after this game was released for them to fix servers, patch the software, etc and its the same ole same ole. I remember back in the days of Maxis when everything they released was gold, it now seems that with a big company like EA behind Sim City, they are just using the name and rebranding it to some Sim City want a be. To say I am disappointed wouldn't even sum it up. I wish I could get my money back because honestly, Ill never play this game again. Its garbage.	2014-06-20
US	50271354	R3KURGNRHN7ITA	B004RMK5QG	395682204	Playstation Plus Subscription	Digital_Video_Games	5	0	0	N	Y	Meets expectations	Meets expectations	2014-07-10
US	34371655	RFDL2CCU2YRLF	B002VBWIP6	232803743	Xbox Live Subscription	Digital_Video_Games	5	0	0	N	Y	Awesome Deal!	It's $10 cheaper and this time they gave 800 points for free!  Plus its nice to not have to enter your credit card info on the xbox 360!	2013-08-13
US	36691170	R12JT1PUA30E3J	B00HAU9DPG	267293866	Doki-Doki Universe - PS4 / PS3 / PS Vita [Digital Code]	Digital_Video_Games	5	9	13	N	Y	such a cute Lil game..	My 4 yr old niece and my 4 yr old son love love love this game..<br />I have it on his PS vita and They went nuts over it..	2013-12-31
US	29932092	R2X4OCF02GRE1Z	B00GJXMRX0	261938406	Assassin's Creed 4	Digital_Video_Games	5	0	0	N	Y	Sing a Shantie	i have a full schedule with school and work and in a week i still found over 64 hours to play this game. addiction is high because it isn't like any of the other assassin's creed games. its more large world with bits and pieces of assassin stuff on each island. with this game you will not want to fast travel. you just want to sail your boat and sing a shantie.	2013-12-12
US	24347742	R2FYF1UWF78H6M	B002VBWIP6	232803743	Xbox Live Subscription	Digital_Video_Games	5	0	0	N	Y	Dont pay full price.	I have a xbox 360. I have to have the gold membership. Not having the internet access is like cereal without milk, like lemonade without the sugar, like PPandJ without the J. Don't pay for anything less than 12 months at a time and don't pay the full retail price at $60. Wait for the price to drop to $50, it happens often enough.	2014-04-17
US	28088944	R2OFBLEAVTUKC7	B0052YFO2S	572070203	Red Faction Armageddon	Digital_Video_Games	5	0	1	N	Y	loce it	great story line. i enjoyed every second. everyone should play this game just for the fun of it. five stars for me.	2014-05-13
US	17849558	R3SDRWA3X8UPWW	B00AJREB8G	621534064	18 Wheels of Steel: American Long Haul	Digital_Video_Games	1	0	2	N	Y	Sucks Sucks Sucks!!!!!!!!!!!!!!!!!!!!	Game graphics are just out of today!<br />dont buy dont buy dont buy!<br />It just suckssssssss Dont buy it it does not meet expectations	2013-05-31
US	14442942	R2C30TXWC2Y7TI	B00359FHKQ	10654188	Nancy Drew: The Haunting of Castle Malloy	Digital_Video_Games	5	0	0	N	Y	Nancy Drew: The Haunting of Castle Malloy [Download]	I love the Nancy Drew games, I have played them all, I usually buy the dvd but I downloaded this one from amazon.com and I had not problems with the download	2013-08-05
US	51902770	R3M50NBRLSAA37	B00GHTP25G	266231679	Baldur's Gate II: Enhanced Edition [Online Game Code]	Digital_Video_Games	1	7	40	N	Y	WARNING - DO NOT PURCHASE	This game is dependent on the hideous garbage known as Steam. Don't waste your money on the download - buy the discs.	2014-02-09
US	10521371	R1BDPO0DPPQTED	B008BUYY9O	785090747	Fiesta Online [Game Connect]	Digital_Video_Games	5	0	0	N	N	great game!	Although this game is free, i believe it is similar in level of fun as most of the PTP games out there. The class system is very fun, story is okay, combat is fun, and its free!	2013-09-26
US	46730432	ROK2UOWY707B	B00B29S1JK	339304182	Far Cry 3	Digital_Video_Games	2	0	1	N	Y	Graphics are outstanding	Game just not my cup of tea. Played for 30 minutes, un-installed. Loved the original Farcry.....this one not so much.....	2014-06-06
US	44227031	R1DHKS9GTEQ2NB	B004VSTQ2A	232803743	Xbox Live Subscription	Digital_Video_Games	5	0	0	N	Y	Xbox Live FTW	I love Xbox Live. Always works well and has amazing services. It now has a reward system and you get two free games a month on both Xbox 360 and Xbox One.	2014-05-19
US	19371856	RFU7NYI2569T8	B0044DEQ2C	406590606	The Witcher - Enhanced Edition	Digital_Video_Games	4	0	0	N	N	good game	haven't finished it yet<br />I like it<br />not to easy but not to hard<br />great story line<br />every enjoyable game play even today	2014-03-09
US	30746163	RZPQD6NLOS2RF	B007VTVRFA	402222185	SimCity - Limited Edition	Digital_Video_Games	2	0	0	N	Y	Let Down	After so many iterations of the game, is it arrogant to think it would have more details and features? The game doesn't even have on-ramps for traffic alleviation or the feature to micromanage a city if you wanted. Instead, it's the same broad general overseeing of a city. It's a snore-fest after the first hour of playing.	2014-06-28
US	39289142	R1B1DSH3Y0M9IK	B007W3ZZS0	242374038	Crysis 3	Digital_Video_Games	5	0	0	N	Y	graphics	impressive graphics and story. this is one hell of a game to play along with the bow and aliens.. what more do you want	2014-03-14
US	14890260	RV2Q0MEMJKBX2	B00885MLL0	656824172	Metro Last Light [Download]	Digital_Video_Games	5	0	0	N	Y	Damn fine end of the world shenanigans	This game has more polish then the first, which some people didn't like (they like how &#34;gritty&#34; the old one played).  I loved that they took the time to get the game working well.  And the atmosphere is one of the best in gaming.  You get a sense of the sheer terror of post apocalyptic russian tunnels and the societies that form in them, both human and not.	2013-10-22
US	5268758	R1PO5V0NANZCDY	B00452VGXO	744825471	The Sims 3 Late Night	Digital_Video_Games	5	0	0	N	Y	Sims 3 challenges	You can do better challenges with this expansion pack especially the black widow challenge and the celebrity lifetime wish best sims game out there if you ask me!	2014-01-23
US	32214783	R294L0S4E0T69O	B004VSTQ2A	232803743	Xbox Live Subscription	Digital_Video_Games	5	0	0	N	Y	Great Price and Fast Shipper	Great Price and loved it. Will buy from again. Better prices online than in the store and instant downloads. Cant wait for black Friday sales.	2013-08-18
US	27416484	RXG4545WD0L7V	B0083W649I	986415757	Bioshock Dual Pack [Online Game Code]	Digital_Video_Games	5	0	0	N	Y	Good Games	This 2 games are essential to play if you love games wityh awesome gameplays merging with a fantastic story behind it. Great experience.	2013-06-27
US	38138082	RZCMJCV6XXCW4	B00GDHCY7G	491904507	The Walking Dead: Season 2	Digital_Video_Games	5	0	1	N	Y	Great game!	While waiting on Walking Dead TV series( Season 5... I think Gareth is HOT!) I had found The Walking Dead Game! Really happy that I did..:) Walking Dead season two has even better quality than season 1.! I don't know why people complaining,, I guess just buy a new gaming computer with updated graphic card...	2014-04-15
US	49557479	R1J21Q0YF3WR1E	B00CC2YGAE	563679210	Miner Warfare	Digital_Video_Games	4	0	0	N	Y	Miner Warfare is a cute and fun game that you will enjoy.	Miner Warfare by DVG Heartbit Interactive is a fun game that is very addicting.  The game has cool weapons and explosives.  The game even has a fun mining aspect that lets you steal gold.  The also game allows up to 8 players to play at the same time locally.  I enjoyed this game and would recommend it.<br /><br />Thank you for reading my review.	2013-11-25
US	10766702	R3JICSCJ4SUZH6	B009XDMQ0W	223982723	Mass Effect Trilogy	Digital_Video_Games	5	0	0	N	Y	outstanding games	This is a great bundle at a fantastic price. I'm extremely happy I was able to get this deal.<br />Mass effect 3 is a fantastic game.	2013-12-28
US	29241896	R2SLS11A586QXR	B00477472O	304079564	Dragon Age: Origins	Digital_Video_Games	5	0	0	N	Y	Great	I already have the game with all the DLC for the X-box, but I lost my CD and didn't think I should go buy another. So I chose the online version. Its great, works nicely, I even modded my game. On top of that I had to do a complete systems restart which brought my computer back to it's factory made state. I went online, re-downloaded everything and i'm good. Money well spent. Only wish I bought the PC version back in 09.	2013-05-13
US	17173902	R1653XC8SGTN22	B00GQYOC4O	287440271	Mr Claus Kitchen - Hidden Object Game [Download]	Digital_Video_Games	5	1	1	N	Y	I love christmas!!	The pictures are all awesome!! Makes me want to start decorating for Christmas already!!! lol Its great fun finding all the hidden objects, and seing all the awesome stuff for Christmas is terrific, I love all the colors so vivid and beautiful!!	2014-05-01
US	43208250	R3OH9G6FOZ3CLW	B009XIHR5Q	273122858	Assassin's Creed III: Season Pass	Digital_Video_Games	3	2	7	N	Y	Did not work at first....a call to amazon, and a few emails is all it took but i bought the game to play not stress out	UPDATE.....Got the season pass to work now, so i guess it is ok, did take me 8 hours though.<br /><br />I bought this and the steam version of AC3....the game works but not the season pass.  I activated both in Steam....then steam sent me to uplay where I have to activate the game again...which worked but not the SEASON PASS. PLEASE DO NOT BUY. YOU WILL NOT GET ANY HELP WITH THIS UNLESS YOU CONTACT STEAM AND UPLAY AND SPEND HOURS WITH YOU SERVICE TECH WHO DO NOT KNOW ANYTHING....I WOULD HAVE JUST GAVE AMAZON 7.50 BUCK IF THEY REALLY NEEDED IT. I WASTED MONEY AND TIME.	2014-04-09
US	16142765	R6T8TC49GL90X	B00A2VHB4U	25943116	APB Reloaded	Digital_Video_Games	5	0	0	N	Y	I can only say one thing.... AMAZING	The graphics are amazing and the story is awesome. Also I love the way you can customize a lot of things in this game. It is addictive and i played it for a while (till i realized that my laptop was unplugged... oops). But the over all of this game is solid. I cant believe all the details they have put into this game.	2013-12-10
US	41572501	R2TJZN0KROLQWZ	B007VTVRFA	402222185	SimCity - Limited Edition	Digital_Video_Games	4	0	2	N	Y	Amazing Game. Very addicting. Long load times.	This game rocks. I am an RTS gamer and I love city design and I cannot describe how much I like this game. I won't go into detailed like game mechanical because I'm sure a few dozen people on youtube have already done that but I will cover the thing that you won't read on the box.<br /><br />For those worried about the game not downloading; READ THIS CAREFULLY. In Origin, when you download the game, the game hasn't actually be downloaded. This is only the launcher. Once you open the launcher, the actual game files start downloading. People think it stuck but that's because it still has to download 12GB of game data.<br /><br />This game takes up a lot of horsepower from your machine. The minimum requirement for laptop is a gtx660m and I advice anyone buying this game with a bad GPU to save up and upgrade. I have a 630m and expected it to run at max settings assuming RTS games don't suck much power. Boy was I wrong. I was able to run the settings at low (min,low,med,high,ultra) with anti-aliasing but the textures at high (2GB frame buffer for only 1366x768 resolution). I was able to run these settings at that resolution at 45 fps which is quite ok for me.<br /><br />Another thing I have to complain about is that you are limited to 8 worlds per server. This sucks. We as gamers should be able to save the game files locally and not on some server that might shutdown that requires us to connect to the internet everytime we need to play.<br /><br />If you're playing this game for a long while, I advice you get a better mouse. My current mouse sucks and make my little pinky numb after 3 hours. The keyboard doesn't matter as all the keys you'll use are 1-9 and F1-F12.<br /><br />Despite all of that, I still play this game everyday. It is very addictive and I recommend it to every one.	2013-12-05
US	49217429	RY84OYJD07QXN	B00CPBZDPE	25969873	Firaxis Pack [Online Game Code]	Digital_Video_Games	5	0	0	N	Y	Great pack	2 great series, 3 great games. I had never played the XCOM games but had heard they were quite fun. I was not disappointed. Civilaization was as always fun.	2014-01-03
US	8462662	RABHGKNWXDS3U	B00BTHQETO	852567282	Barn Yarn [Download]	Digital_Video_Games	3	2	2	N	Y	loved the game, but....	every time I reached another level, the game closed, which made me re-open each time.  Other than that, it's a great game!  Never did this on my 1 hour free trial, but when purchased from Amazon, and downloaded exactly as instructed, it never worked correctly.	2013-06-07
US	11741193	R1ZI1Q2SDOD5WO	B002PDPMO4	57398637	7 Wonders of the Ancient World 2	Digital_Video_Games	5	0	0	N	Y	Great Game	I have this game for my DS and liked it so much I downloaded it for my PC.<br />It is fun to play. It's not a changeling game but fun for any age.	2013-06-05
US	19590785	R2X4GH5YAZB0E8	B00452VH0Q	920556591	Mass Effect 2	Digital_Video_Games	5	0	0	N	Y	Downloaded and Installed Perfect.	Installed through origin. The game runs perfectly smooth and there is nothing wrong with the downloaded version. Love this game! Win7 64bit	2013-11-20
US	11995099	R11IX3478LSC2U	B008ALUBYQ	112160022	Borderlands 2	Digital_Video_Games	5	0	1	N	Y	BL2  nice sequel and fun	much more eye candy and BL 1 still fun and slick looking.  run this game with phyx enabled cards and its looks even slicker!	2013-05-29
US	47304669	R7K3OA17Y9671	B004RMK4P8	384246568	Playstation Network Card	Digital_Video_Games	2	0	3	N	Y	Use of Card	This card was being used for a scam on the internet. In order to get a product from a certain web site it required  a PlayStation gift card to complete the order. They stated that it could save on the cost of there product. My complaint is Amazon should have notified their customers by posting a flag if they see a trend of things like this being done.  If Amazon is sending a prepaid card to a place that they have already sent several to, wouldn't you think that they would believe it seems unusual? They need to have the programmers modify their system with some type of warning for their customers. I have used Amazon for quite a long time and always had a good experience with them. Amazon is a wonderful and safe place to purchase from, and that is the reason they should notify their customers for trends similar to this, and then let the customer decide.	2014-03-25
US	26429493	R163CPN5PDMXCO	B00ELJROFA	338659565	CIV V GOLD + Brave New World [Online Game Code]	Digital_Video_Games	5	0	0	N	Y	best game ever!	you betcha! the expansions really make this 4x game the premo one~! Yer gonna love it! Gold includes all the DLCs so you can have the maximum experience!	2014-01-11
US	11719207	R1NWDNJGVYKBEE	B006YVXGJQ	872362624	Grand Theft Auto - San Andreas [Download]	Digital_Video_Games	3	0	0	N	Y	Eh	Decent game. Somewhat lags and I think it is due to the digital download. However it's still a pretty fun game.	2013-11-12
US	46234760	R3V8FV4AST52VN	B00GMPJFFI	444609049	Injustice: Gods Among Us	Digital_Video_Games	5	0	0	N	Y	Great price for a great game.	Great price for a great game! Keep the digital codes coming for PS4 titles Amazon, especially at the discount prices Amazon offers at times :)	2014-05-26
US	25854329	R1VG6HBEUXD7TK	B00GRS8B4G	984843767	Deep Blue Sea - Hidden Object Game [Download]	Digital_Video_Games	1	0	0	N	Y	had to return it. No curser. How in ...	had to return it.  No curser.  How in the hell can you play the game??????	2014-07-11
US	16656531	R1L34MOXFF0O9X	B0041OT7U0	895002693	Rail Cargo Simulator	Digital_Video_Games	3	0	0	N	Y	Not What I Thought	I bought this game on a whim and gave it a try. It's not what I thought it would be, and I did not find it particularly impressive. This is why I only give it 3 stars (&#34;It's okay&#34;) for my own opinion. It's a decent time-waster, and its graphics and performance are mediocre. However, I'm sure that enthusiastic train sim fans would find its scenarios enjoyable.	2013-10-04
US	22916266	RI77ZDLS205JU	B00J5SX8OI	47693148	Battlefield 4: Naval Strike	Digital_Video_Games	4	1	1	N	Y	It's fair but I'm not blown away.	It's descent, and just another way for EA to make money. I do like that the code is available from Amazon directly. It allows me to buy keys for my brothers without tying my CC to their Origin account. I do believe $10.00 would be acceptable but $15.00 is excessive. I only say this because I've already dished out $300.00 on this game. What happened to the good o' days when a game was $60.00 max? Other than that, it's a descent expansion, not many level changers on this one, but the maps and new mode have some appeal. It also includes a few new weapons, one of which seems overpowered.	2014-05-18
US	52127810	R2N4JZE3K9K4EV	B0040ZNF9E	721081406	Amelie's Cafe: Summer Time [Download]	Digital_Video_Games	3	0	0	N	Y	For Children	A game for very young people.  You guide Amelie from table to table taking orders from customers and running to the kitchen to pick up the completed orders and deliver them to the appropriate customers as fast as possible.	2013-05-07
US	42080596	R17RWJH8QDXYWF	B00FQPQGSY	867016258	Brothers: A Tale of Two Sons	Digital_Video_Games	5	0	0	N	Y	GOTY 2013	Of the games I've played in 2013, this is definitely the best. The story is great, the atmosphere is awesome, and all the side-stories in the game are simply stunning.	2014-01-01
US	49945042	R1J1YG7DQCNIGR	B008VXCPV0	953476164	Batman: Arkham Asylum Game of the Year Edition	Digital_Video_Games	5	0	0	N	N	Finally A Good Batman Game	If you played through the old 8-bit and 16-bit days and even into the DVD based systems, you know just how bad Batman games were.  They were right on par with Spider-man games which were mostly frustrating, weird, and didn't feel like you were playing as the hero you saw on TV or in the comics.  We've come a long way.<br /><br />The Joker has allowed himself to be captured and taken to Arkham.  No sooner is he in than he springs his trap and away we go.  The game world is nicely detailed and things look realistic without having to have a $200 graphics card.  I'm running a GT 240 I got around 3 years ago and everything runs smooth as silk.<br /><br />You have access to gadgets like explosive jell, your baterrangs, and grappling hook.  You also have a very cool &#34;Detective Mode&#34; which lets you see through walls via infrared and helps point out walls you can blow up.  It also shows you the state of enemies (calm/tense/terrified) and picks out thugs with firearms.  Combat is fun.  Controls streamlined.  Everything is polished.  It manages to take care of almost every major complaint one has about a game being unfun.<br /><br />The only thing I'd say against it, all the streamlining makes some of the moves feel like autopilot.  At times it felt more like I was just pressing buttons to watch a movie than playing a game.  It can also be a little hint happy and feel like it's just telling you where to go next.  This isn't necessarily a bad thing, one of my major annoyances is if I get lost in a game and waste time not doing anything fun, but it'd have been a little better if it waited to see you were lost and then started getting progressively more &#34;helpful&#34; in the hints.  All told though, spectacular game.	2013-11-25
US	35535954	R2TFWD5UEBDTM6	B0091XHZW8	37905404	Guild Wars 2 [Download]	Digital_Video_Games	4	1	2	N	Y	Good for casual gamers	I like that I can pick this up and play whenever I want, and the different weapon combinations make it interesting to play every time. I do not, however, like that there is no dedicated tank/healer/dps class, though there are perks to this as well. I just liked fitting that tank roll and controlling the situation.<br /><br />Graphics are good, and it runs fine on my mid-range DX11 intel core i5 laptop w/ 4GB RAM, Geforce GT420M 1GB video card. I can't run full settings, but it still looks good.	2013-05-24
US	36166649	R3PO16YDM1ZUIT	B003JY78I6	731866507	Royal Envoy [Download]	Digital_Video_Games	1	1	1	N	Y	Could not play it.	I could not play it on my computer so the nice customer rep allowed me to refund and removed it from my library.  However I have been able to play other Royal Envoy games (not as purchases but as trials) and I loved all of them.	2013-12-12
US	7482726	RTSFAMSBUU6DW	B009XDMQ0W	223982723	Mass Effect Trilogy	Digital_Video_Games	2	0	0	N	Y	Windows 7 error.	There is some form of error that gives an issue when trying to play Mass Effect 1 on windows 7.  ME3 multiplayer works fine but as the first doesn't. I look around online there are some fixes and i'm not the only one having this issue. It is possible that there is conflict with Origin.	2014-04-05
US	42010634	R1UFM6K9VWU59G	B009Z0NKWQ	514891291	Cook, Serve, Delicious! [Download]	Digital_Video_Games	3	3	5	N	Y	Not New, Not Hardcore, Not Particularly Remarkable	"I bought this game to circumvent the Steam Greenlight process, which takes approximately 7 eons.  The Greenlight page for Cook, Serve, Delicious claims that it \\""is a hardcore restaurant sim, one of the few in its genre that gives the players total control over where they want to take their restaurant.\\"" This, along with some other text I read about how the developers felt there was not enough hardcore restaurant sims out there, gave me hope.<br /><br />I was hoping for something like Crusader Kings, but with restaurants: spreadsheets and statistics, a game where you can take your restaurant in any number of directions.<br /><br />This is not that game.<br /><br />This is an almost bog-standard cooking/restaurant/speed game, where customers file into your restaurant in dribs, drabs, or torrents, and where you are solely responsible for serving them a menu (customizable, but only from 18-20 prototypes).  These customers have little patience for sloth, and less for mistakes: one spritz of spice too few or chicken breast tenderized too much will ruin their expectations.  The gameplay consists of a manic attempt to balance different recipes, which cook at different speeds and require a different set of keystrokes to enter.  You are paid, if the customers are not too unhappy with you.  You can spend this pittance on a few kitchen upgrades, a few patience upgrades, and a few recipe upgrades (which make the recipes more complicated to prepare, but also more expensive).<br /><br />There are a few flashes of innovation: I enjoyed the email system, and some of the graphics (particularly the skyline through the window) are quite lovely.  The game has a sense of humor, and is pretty cohesive.  It's an enjoyable way to occupy my hands while I think about other things.<br /><br />But it is padded; I have no doubt that it will indeed take me the 30 hours listed to finish the game because the developers have instituted time requirements for each level: 20 days per star, 5 stars total.  There are other requirements (relatively easy to fulfill) that I usually have completed in half that time, meaning that there are about half the time is pure grind.  Because you don't earn enough per day to buy something new every day, that grind time is *really* grindy, and one of the things that I'm least happy about.  There are already other barriers to game pacing in place that work fine (money you can earn, limits on your speed/coordination, etc.)  It is completely unnecessary to force players to sit longer before accessing content.  It's borderline marketing dishonesty to claim this is part of gameplay hours; if there's 30 hours of gameplay *only* because the developers set an egg timer to prevent you from accessing content, that's pretty shody design and ethics.<br /><br />There's basically one path: if you want to sell hamburgers and fries, you can, but you don't have any decor options, and the restaurant doesn't *feel* any different.  It's clear from the goals you're given that the designers want you to claw your way to the top (indeed, it's unavoidable).  At some point, several of the foods can't be served any more - if you wanted to run a little snack bar, you're out of luck within a few hours of gameplay.<br /><br />The game appears to have gone through pretty thorough quality assurance and editing, and I appreciate that. It's a fine game, for what it is, but you should not go in expecting anything more than a polished dash-sim."	2013-04-29
US	10065403	REIILRBNKUFQF	B004RMK4BC	384246568	Playstation Network Card	Digital_Video_Games	5	0	0	N	Y	yes	For what the product is, there really is nothing more to say. You get to purchase games off PSN and for this I give it five stars.	2013-10-14
US	2036623	R3DQQ67HZGSHO3	B007Z3RN2I	137803476	Call of Duty: Black Ops II	Digital_Video_Games	5	1	1	N	Y	How online purchases should be done.	Great price for a great game. Also no hassle to download it and getting it to run. I am very pleased.	2013-12-16
US	47794343	R27NVEEFAKN7TH	B00BLS58V6	718485381	New Yankee in King Arthur's Court 2 [Download]	Digital_Video_Games	2	0	1	N	Y	Too Many Distracting Ghouls.	I did not like or finish this time management game.  There were too many distracting ghouls.  I just got irritated, and I quit and uninstalled the game just a few levels into it.  This time management game got tedious early on.  I prefer the My Kingdom for the Princess time management/task game.	2014-03-18
US	23970855	RIU2SRM4NZK4U	B0052FZ1P2	579603308	Assassin's Creed: Brotherhood	Digital_Video_Games	1	2	2	N	Y	Good game, terrible product	The game itself is fine, but I spent the better part of a weekend getting it to install.  The process is overly complicated and if you download it to the wrong folder (or the desktop) you have to restart the whole download (which takes 3+ hours).  Make your life easier and buy it through Steam.	2013-12-06
US	6036254	R3JOE8AML9KVKS	B00ELJRCDO	60021262	Walking Dead Pack [Online Game Code]	Digital_Video_Games	1	0	1	N	Y	sorry i spent 7 bucks it	to start with, I expected that this would be a real &#34;game&#34; like the other computer game's I've played, I really hated that you really can't control what you (the character) doe's, all you can do is answer some question's, and hope they are right to keep from ''dieing&#34;, plus it was very choppy and had a lot of image issue's,<br /><br />bottom line, I wouldn't recommend this to anyone	2014-01-27
US	13350226	RNI7RXKFVUJPW	B002VBWIP6	232803743	Xbox Live Subscription	Digital_Video_Games	5	0	0	N	Y	Easy to use	Very easy to buy and then input the code for immediate use.  Nothing hard about the purchase and use of the membership!	2013-04-30
US	43177110	ROLCC50A3EB3Z	B00ELJRCDO	60021262	Walking Dead Pack [Online Game Code]	Digital_Video_Games	5	0	0	N	Y	Game of The Year	This is 2013's GOTY and this is my second time buying it. Not for myself but as a gift for my best friend. I hate typing.	2014-01-06
US	45939185	R3399B59I0NCBF	B004D4YDPC	740438932	Grand Theft Auto: Episodes from Liberty City	Digital_Video_Games	4	0	0	N	Y	Good	Really fun game. bought it because i had it for xbox and wanted to play when i got rid of xbox	2013-12-18
US	23275074	R1ETZEFNJ1BP5I	B00CQOG8LI	388933938	The Sims 3	Digital_Video_Games	3	22	27	N	Y	Excellent game but never worked properly.	I was so exited about this game, I've been a Sims fan for quite a time now, the download and installation was perfect, but it would crash everytime I try to play. So dissapointing. I asked for a refund and Amazon answer very quickly and did refund me the money. Amazon Custom Service is the best.	2013-07-16
US	41678014	RZSVOZKHS3OSL	B00F4CF4PU	341969535	Xbox Live Gift Card	Digital_Video_Games	5	0	0	N	Y	I love it!	I love it, it's safe & easy to use.I can make purchases on my Xbox without having to submit a credit card.I I don't have to worry about over spending or credit card fees.I just spend what I planned to spend it works for me	2014-05-30
US	46720550	R2YPZZSJ28QTCN	B004GKMVOS	404140635	Ultimate Mahjongg 20 [Download]	Digital_Video_Games	5	0	0	N	Y	Freefall, I love it	I play it every day.  I especially ordered it for my laptop<br />so I could take it with me on vacation.  I wish you had it for my Kindle.	2013-09-13
US	20284679	R342ZE1TINIE7B	B00BZCX3LA	769014395	The Sims 3: Island Paradise	Digital_Video_Games	5	2	3	N	Y	A game that you won't regret purchasing. Just a word of advice make sure your system meets the requirements  to run the game.	I know that sometimes the synopsis that EA/Origin gives for a game can be overly optimistic and that the game play falls far short of the mark. But, Island Paradise has had me in its clutches from the moment I installed it on my desktop. I started building my first resort with Hobart's Hideaway. While I tweeked the resort to earn/please customers, I sent my sim snorkeling til she reached level 4 and gained the ability to scuba dive. After she gained the ability to scuba dive I have sent her scubaing every chance I get. The ability to catch fish, collect shells, explore underwater caves and eventually get the quest to harvest kelp are just a few things that make the ability for your sim to scuba dive a great new facet in this expansion. Watch out for the sharks! This will cause your sim to get the &#34;warm wet suit&#34; moodlet. If you are attacked by sharks your sim will fight the shark!	2013-12-01
US	10433355	R37FHBDPTMA2U5	B00J3PTR8E	79638232	Time Travel - Hidden Object Game [Download]	Digital_Video_Games	2	0	1	N	Y	hidden object	This game is not a hidden object game. It is more of seek and find Iam dissappointed do not like at all,	2014-05-18
US	42817523	R1TD3506BN7KMR	B002VBWIP6	232803743	Xbox Live Subscription	Digital_Video_Games	5	0	1	N	N	better than ps	Xbox live is a fantastic service and one I highly recommend for everyone.  PS may offer a free service...but this just works.	2014-01-30
US	4718969	R2YNG2PWG3KO7	B008J360HC	225309182	Xbox 360 Live Points Card	Digital_Video_Games	4	0	0	N	Y	1200 pointa	Just what i expected. Castle crashers is the bomb! I play that all the time with my siblings and it is sick.	2013-09-25
US	1934402	R29WNS6PUEH1JH	B00DCDTSRI	795275853	PAYDAY 2	Digital_Video_Games	5	1	1	N	Y	Payday 2	Love it :D Awesome game. Play it way to much :P Hope there is a new update soon, i cant wait :D	2014-04-24
US	23966252	R2F7IDT6MWJJRM	B00GJ1X1SM	558851256	MANHUNT/MANHUNT 2 [Online Game Code]	Digital_Video_Games	3	0	0	N	Y	Good, not great	A little glitchy and a pain to get running properly on windows 8.1, but lots of fun. Certainly not a game for the light hearted, if you don't care for graphic violence do not play these games!	2014-02-13
US	3873699	R1EQSWRHGM6HWX	B004RMK5QG	395682204	Playstation Plus Subscription	Digital_Video_Games	5	1	3	N	Y	worth it！	very very very good！I like black Friday！I love amazon！I love Sony！But，where is the 5 dollar code？ It said there would be 5 dollar code within！	2013-11-29
US	40136063	R3DDJYFYTZ1U57	B00DP7CCT2	266213251	Gnomoria [Online Game Code]	Digital_Video_Games	5	10	10	N	N	Always Updates	I really do love this game. It's price point is amazing for the content it brings, as well as the fact that it is being constantly updated and bug fixes are usually astoundingly fast. New content comes regularly and feed back is respected well.<br /><br />Play this game.	2014-03-15
US	10918911	R2W6JIX0P1T9XL	B004VSTQ2A	232803743	Xbox Live Subscription	Digital_Video_Games	5	0	0	N	Y	Fast and easy	This option is way better in my opinion than going all the way to gamestop to buy a card and back. Unless you don't have access to a credit card, this is by far the most convenient option. Buyer beware, make sure you have the password and access to the email associated with your amazon account.	2014-01-18
US	3073336	R1WAZNNPZSEIVL	B00H89IBFM	834917369	Xbox Live 24 Month Gold Membership - Xbox 360 Digital Code	Digital_Video_Games	3	0	0	N	Y	WOW!!! ONE BIG HEADACHE	READ THIS IF YOU INTEND TO BUY!!!!!<br /><br />If you are currently under an Xbox Live Gold Subscription under a credit/debit card it will not let you use this with it. You will have to wait until it runs out or call Xbox and have them cancel your current. This wont stack on your subscription. At least it wouldn't mind. I advise waiting out your remainder.	2014-02-24
US	34570664	R2IE00VNRGMWF0	B008K52VP4	252285739	Inversion	Digital_Video_Games	2	0	0	N	Y	Just not inspired enough to be worth it.	I have not spent much time in multilayer, so I really can't comment on that aspect of the game.<br /><br />I bought this while it was on sale to fill my craving for a new game during a rather boring period of game releases.<br /><br />As for single player...<br />I found the storyline mildly interesting. I don't think the character attachment and immersion was as strong as telltale's &#34;the walking dead&#34;, or even Biosock infinite. At least there is more here than just rampaging through corridors of some &#34;infected&#34; spaceship.<br /><br />The one thing that makes this game standout from many others is the gravity gun, but it only ends up being a major tool on the occasions that you are forced to use it. You can't randomly decide that you want to scale some building and check out what hidden passage or stash might be on the 7th floor.<br /><br />Boss fights are just too over-done and the environments too linear. At $40, I would absolutely NOT waste time on this game. To me, $20 would be a hard sell but is perhaps a more fair value. There are plenty of aging titles around that would be more enjoyable at that price range though. I think I would recommend waiting for this one to hit the $10 mark.	2014-01-12
US	46580192	R2ZRCJX6U9VVNT	B008NCGRPE	92507564	Remington Super Slam Hunting: Alaska [Download]	Digital_Video_Games	5	0	0	N	Y	I love it!	I love this game. Finally found a game I always wanted. If you like a lot of actions right away, this is for you.  You don't have to sit around and waste your time waiting for a deer to appear and then disappear because of the wind direction or your body scent or whatever who knows.  Well, it might not be realistic but if you want just a fun like me this is it.	2013-08-22
US	34396066	R1B09JN8DOGW5I	B001MIZNEW	73178924	Virtual Villagers 2 [Download]	Digital_Video_Games	4	1	1	N	Y	Nice game	Virtual Villagers 2, the Lost Children is a nice relaxing game to play. Not all the shoot 'em up, hurry, hurry of the more sophisticated games. VV2 is just plain enjoyable to play. FYI: I am grandma aged so that may influence my choice of games somewhat.	2013-06-20
US	15753174	R311XPFDJV24P1	B00945156U	903280277	Borderlands 2	Digital_Video_Games	4	1	2	N	Y	Decent add on material	I have played this DLC now for some number of hours, and can say that it is decent, but not stellar material.  It isn't bad, but not as good as some of the DLC associated with the original Borderlands in my opinion.  Borderlands 2 itself is one of the better games I have played in my 30+ years of gaming, so I think I may have had expectations that were too high for the DLC.  I am definitely not saying I don't like it, and would recommend it to anyone who enjoyed the base game.  Anytime you can add new places, characters and weapons to an already good gaming experience, you can't complain too much.  In rating them, I would say that I liked the Torgue campaign, followed by Captain Scarlett, and then the Hammerlock missions.  The Hammerlock stuff just seemed overly difficult for the level of enemies you are fighting, so it was my least favorite.  The fourth one has yet to come out, so we will see how it fairs compared to the others.  I do wish they had included at least one playable character with the Season Pass, but not a problem worthy of downgrading it.	2013-05-09
US	2804517	R7CZCQZ6QAB0A	B004AYCNYI	53821984	Command & Conquer: Red Alert 3: Uprising [Download]	Digital_Video_Games	4	0	1	N	Y	I hope your computer is fast.	It took longer than I wanted too. So it would be better if it was on a disk to sell.	2013-09-03
US	17339559	R263XN1S0N48N3	B00A2XA3GG	333671446	LEGO Lord of the Rings	Digital_Video_Games	4	0	0	N	Y	LEGO/LOTR fans will love it!!!!!!!	Great graphics and addictive gameplay<br />xbox 360 controller recommended !!<br />Too bad does not have multiplayer online option<br />Highly recommended particularly for LEGO/LOTR fans	2014-01-10
US	33043197	R3E2VPS2LK9OK	B007WWW2C8	394595707	The Walking Dead	Digital_Video_Games	1	1	1	N	Y	Do Not Recommend	Very difficult to download and the game was not structured correctly.  Bought the game on Xbox instead. Would Not Recommend	2014-04-07
US	51177301	R2BLER9PFWBXUC	B002PDPMKS	809968842	Chainz 2 [Download]	Digital_Video_Games	5	1	1	N	Y	Chainz2 - a blast from the past!	"If you're like me, you occasionally like to take time to relax from the hustle and bustle of life. Some games are just to complicated to concentrate on unless you're young and \\""into\\"" games. I played this game several years back and it unwinds me. It grows more difficult with each level and I might finally reach the final goal. But in the mean time, I can lean back and play and enjoy!"	2013-10-09
US	2449618	R1ZWC3VBWKJB8L	B00GAC1D2G	384246568	Playstation Network Card	Digital_Video_Games	5	0	0	N	Y	Perfect way to buy your codes	The code is avaliable as soon as the payment is done. My shops are better now. I always buy and I never had any complications.	2014-03-15
US	39375924	R1MATBRHJ5NE6M	B004RMK5QG	395682204	Playstation Plus Subscription	Digital_Video_Games	5	0	0	N	Y	Worked Great	Got it on sale and recieved code right away no hassle very happy hope it will be on sale again	2013-12-31
US	3920241	R1MJSOHCOCTELU	B008BKEWMI	57554399	RuneScape [Game Connect]	Digital_Video_Games	1	0	9	N	Y	Don't buy	its the worse game ever, i thought I would try it out on members to get the full benefit but this game is awful.	2014-04-22
US	19910973	R2R4H7ODAEKBPN	B0083W649I	986415757	Bioshock Dual Pack [Online Game Code]	Digital_Video_Games	5	0	0	N	Y	Amazing Price For Two Amazing Games	Five dollars for these two games is an absolutely incredible price, especially considering the fact that Bioshock and Bioshock 2 are two critically acclaimed games. Two games for less than the price of one. What a bargain.<br /><br />For people who are experiencing issues with compatibility, I would recommend running the games in compatibility mode with Windows XP. If this doesn't work, I would suggest asking the Steam community for help.	2013-05-25
US	37015107	RYNU56F3WWJ8A	B00GGU51BQ	964327501	Fatal Frame	Digital_Video_Games	4	0	0	N	Y	Old School Gaming still Going	This was a PS2 game at it still scares me. Never forget the games that started it all. Just don't be prepared for PS3 quality graphics. Owned all Fatal Frame games years ago.	2014-02-09
US	45770206	R1YXVS2HXZXUJW	B004SQ6W4A	286098964	Golden Trails: The New Western Rush [Download]	Digital_Video_Games	3	0	0	N	Y	over too soon	Need more places to search.finished it much too soon.but was still good game to relax and play for a while.	2013-06-06
US	6780656	RNCMOWWXPMRDO	B007WWW2C8	394595707	The Walking Dead	Digital_Video_Games	1	0	7	N	Y	Don't Bother Buying	I paid for this game downloaded everything i needed and won't play so i waisted 25 bucks for a game that i can't play	2013-09-20
US	31468703	R9QJT2O42W91	B004RMK5QG	395682204	Playstation Plus Subscription	Digital_Video_Games	5	0	0	N	Y	works like a champ	This is a simple way to add the funds to my PS4 wallet.  It was simple to do and works like a champ.	2014-04-26
US	48966551	R3MH18P72HU49F	B007VTVRFA	402222185	SimCity - Limited Edition	Digital_Video_Games	4	2	7	N	N	Quite Good	A lot of times I decide to get a game even if the reviews are bad, like I did with this one.  This game has been out for a while now, and they have fixed most of the problems.  You do not have to pay extra for big cities and the graphics aren't bad.  I have had this game for almost two months, and alt least on my computer, haven't found any glitches or problems.  It is overall a lot easier and simpler to use then the old sim city, but can still do more things. I know you have to have internet to play this game, but most of the time you will be playing it at home, and who doesn't have internet at their house in 2014!<br /><br />I gave this only four stars instead of five for two reasons.  The first is it is a little complicated to install, you have to download origin before you can download this.  Origin is made by EA games and is where you can buy all Sim things.  It may be better to buy the game on origin instead of amazon, because that is one less download you have to make.  The other reason is the terrain tool, there is none.  This was a fun thing to play with on the old Sim City.<br /><br />Overall, a very fun game.	2014-03-03
US	43151957	R2SML5YR16MBEM	B004RMK4BC	384246568	Playstation Network Card	Digital_Video_Games	5	0	0	N	Y	Great for purchases	This is an easy and safe way to put money on your wallet when you want to buy stuff from the PSN store.	2013-08-20
US	33156005	R3B71PCLEX8KA9	B001KC034K	923055096	Ricochet Infinity	Digital_Video_Games	4	1	1	N	Y	BEST GAME FOR ALL AGES.	THE BEST GAME ON A PC. U CAN PLAY IT FOR EVER. HAVE BEEN USING THIS PRODUCT FOR SEVERAL YEARS.	2013-12-12
US	47079310	R110T0HFX0MO0I	B00A3DJSSO	530490364	Dead Island Riptide [Online Game Code]	Digital_Video_Games	4	0	0	N	Y	great game	amazing game, long history, awsome co-op etc, but i feel like the game its just like the first one, they only added some details etc, BUTTTTT THE ENDING WAS HORRIBLE i expected more	2014-03-05
US	12530025	R364FQQCAEGKUT	B00CXTUBH8	836413916	Batman Arkham Origins	Digital_Video_Games	5	0	0	N	Y	best Christmas present ever	One the best games of 2013, I got it for 20 bucks. Sweet deal. It is a must have for gamers.	2014-01-29
US	13926410	R1GNM61I3XK2A9	B002VBWIP6	232803743	Xbox Live Subscription	Digital_Video_Games	5	0	0	N	Y	Easy	It was easy to renew through this process. I love the simplicity and not having to wait for a card.	2013-05-15
US	49838578	R3B5BBAECHDWYC	B00CB0ZO30	623808047	Gardenscapes 2 [Download]	Digital_Video_Games	4	0	0	N	Y	interesting and fun game	It was just a fun game to play.<br />Every time my granddaughter comes over she wants to play it also. She is 7. We have fun with it.	2013-07-03
US	13294442	R2FDKV8D67FDJ5	B004VSTQ2A	232803743	Xbox Live Subscription	Digital_Video_Games	5	0	0	N	Y	Yeeeahh	It is what it is! Works perfectly, was what I purchased and needed. Easy to use. Cheaper than most other places. Duhhh.	2014-06-07
US	7685602	RAM0I506WR3EO	B004RMK57U	53534661	Playstation Plus Subscription	Digital_Video_Games	5	0	0	N	Y	good service	in my country they sold these cards for 70 $<br />and not avalible every where<br />thanks for the online code&#62;&#62;&#62;&#62;	2014-02-10
US	25004936	R1VHIGPTB4Q2FN	B009IR1SR0	912779847	Command and Conquer The Ultimate Collection [Online Game Code]	Digital_Video_Games	5	1	1	N	Y	This is the best game ever	This is the best game ever!!!  I had it years ago and found this download which was compatible with windows 7 and it works perfectly, even for online play through xwis, if you want to play online you have to create a user name and account.  It's free and here is the link just in case you are looking to do so.<br /><br />https://xwis.net/forums/?app=core&module=global&section=login	2014-07-07
US	13284636	R32EKFUMZPFTXN	B004RMK4BC	384246568	Playstation Network Card	Digital_Video_Games	5	0	0	N	Y	received immediately!	Quick and easy! No fuss, instant delivery worked as soon as I entered it via account management. Not sure if PS has fixed the store, you used to not be able to use it there, instead do redeem code in account management from the main menu.	2014-04-01
US	9888438	R32CJV6I43I3AK	B00FQPQM42	838659950	SimCity: Cities of Tomorrow	Digital_Video_Games	1	0	2	N	Y	Worst DLC buying experience ever	Amazon's instant delivery is not instant at all. It keeps telling me I need to go back and check the status of the order. It is only a game code. come on......	2014-03-20
US	18266083	R1TWN95OCA6GSG	B00D93B5VI	99954883	NBA 2K14	Digital_Video_Games	4	0	0	N	Y	Removes most of the cheese	Slight gameplay enhancements but it still needs work. A lot of cheese was removed specially online but the a.i i still kinda dumb maybe the ps4 version will be slightly better. The game is fun regardless	2013-10-10
US	49954562	R1G5UJ604LUG4M	B00885MLL0	656824172	Metro Last Light [Download]	Digital_Video_Games	2	4	12	N	N	Got this game for free and I still feel ripped off.	"I got this free with my new video card, so I guess I should be grateful for because if I paid money for this I'd be raging right now. Where to begin?<br /><br />The story - Can't say much about the story since I got bored to death and stopped paying attention. It's not that the story itself is boring, but the way it is presented. Everything is done incredibly sllloooooowwwwwwwwwlllyyyy. Characters narrate for what seems like forever speaking like robots. Either you are forced to sit there with no control and listen to them drone on, or (even worse) follow them as they incredibly slowly walk while giving exposition. They scripted so much in this game, why not that? Also I lost track as to why I am chasing the Dark One instead of not contacting home base to let them know of army heading their way. You'd think that would be slightly more important. Also get use to being captured. It's now your hobby.<br /><br />No control - Around the first hour or so the computer is playing the game, not you. It's all one long escort quest with you following someone else, and we all know how much fun that is. And most of the fights during that hour are also scripted, so fighting back feels pointless and a waste of ammo since it's programed so you either can't win or can't lose.<br /><br />AI - I haven't seen AI this bad in literally decades. Just wait around a corner and enemies will slowly come around the bend to get a bullet in the head, oblivious to the pile of bodies of his friends that just did the same thing. The game promotes stealth, but they are so stupid you can just walk into a room and start shooting and kill everyone before they react. Literally you can stand behind one enemy and shoot one on the other side of the room and the one right in front of you will just stand there for 5 seconds saying \\""Huh? What was that? Are you o.k.?\\"" Also enemies will stand in the open and loudly proclaim that they are reloading. Brilliant survival strategy there!<br /><br />I'm lost! - Thisone is small but important. There is no hud, directional arrow, journal or map to tell you where you going. I know this was left out to give a more realistic experience, but at least they could give you a journal to tell you your current objective. I died in the swamp because I couldn't remember the second place to look for gasoline. Normally I like a bit of exploring is fine, but not when I have a limited air supply. Also after one of my many captures I was stuck in one room for 15 minutes because I couldn't find the exit (see graphics below.)<br /><br />Graphics - On the surface the graphics are great. The game looks very good, provided you like the color brown and from what you can see out of a blurry, broken gas mask (Note to designers: modern gas mask lenses are plastic, not glass!) What is hidden behind that shiny coat is held together with string and glue. Clipping thru objects is constant, as well as enemies hitting you thru walls. At times you'll want to explore a hallway but find it blocked by a table or the invincible small cardboard box. Creatures react when you shoot them...sometimes. Either that or they have a very weird hit box. If they swing and miss they will sometimes spaz out. The programmers spent a lot of time creating a 7 second scene of you getting in and out of the rail car, but then block your path with a small box. That right there sums up this game; massive amount of work went into pointless stuff and not main game elements. There is also a constant bug where the screen will lock up for around 30 seconds. I have not checked to see if there is a fix for that yet.<br /><br />I could keep going, but that sums up most of the bad points. If the story grabbed me in the beginning I guess I might like this more. As it stands it is a slow, boring story broken up by brief sections of boring combat. I could stand one or the other being bad, but not both."	2013-05-30
US	37234964	R1CYE0M580CJFV	B00GAC1D2G	384246568	Playstation Network Card	Digital_Video_Games	5	0	0	N	Y	Great for securety	Online delivery is the best option for a PSN code. Offer the same item online code for $20 with a $20 value that I purchased several months ago	2013-12-23
US	2741353	R2IQKNEKPGZMZD	B00GRD73O0	704843665	Sonic & All-Stars Racing Transformed 4-Pack [Online Game Code]	Digital_Video_Games	3	0	0	N	Y	Its ok	I like Mario Kart style games and all though I like the idea of cars, planes and boats there are a few things that just annoy the crap outta me.<br /><br />I got this game +3 more copies to play with family and friends. Well first this we realized was that in multiplayer you get only a few tracks unless you take the time to unlock them all. As someone who was honestly looking for multiplayer fun this really sucked. Then I figured.. Well, lets just all play the multiplayer campaign. Went back to set it when I realized there was none. So locked multiplayer maps till you beat the single player only campaign. This sucks if all you wanna do is play with friends and family.<br /><br />Well my son went and unlocked some maps. Came back and played with his just to find out that his car is now like 8 lvls higher and no way to keep up with him.. Hmm.. ok.. guess everyone is kinda forced to play that single player stuff if you wanna keep up and continue to have a chance with the people you are playing with.<br /><br />Now all that said. The game is fun. Single player is good if your like playing against the PC. But if your looking for a fun multiplayer game to play with others and that is really your only reason for buying this. I would recommend you look into something else a little more multiplayer friendly<br /><br />This was my reason for 3 stars. If multiplayer was better I would prob give 5.<br /><br />Hope this review helped. Have a fun gaming	2014-05-07
US	2574951	R32MANFBR2D1X2	B0085P7G5E	242628037	Hoyle Card Games [Mac Download]	Digital_Video_Games	4	1	2	N	Y	Great game	I have had this game before , and I enjoy it every time I play it. there is enough of different games to play  So I never get tired of playing.	2013-09-21
US	38244763	R2DRT696WJJEOI	B008BKF4ZW	57554399	RuneScape [Game Connect]	Digital_Video_Games	2	0	2	N	Y	Didn't get anything from them. I guess it's a ...	Didn't get anything from them. I guess it's a way for Jagex to rake in the real life money without flat out selling gold.	2014-07-08
US	11310715	R1WX78R9M54JF1	B00GGUW02Y	489428321	Battlefield 4 - PS3 [Digital Code]	Digital_Video_Games	5	0	0	N	Y	Really easy setup	Worked as needed: bought the digital code, loaded it on psn, bamm boom= instant gaming! Great game, even with all the lame complaining! Having tons of fun, lots to unlock. Great modes.	2014-01-02
US	21583813	R10J6XPBI5I88Z	B008TXMPJE	112689632	The Sims 3 Seasons	Digital_Video_Games	5	0	0	N	Y	Very pleased	Very easy to download. Easy to insult and the instructions were easy to follow. I'm very pleased with my purchase.	2014-03-18
US	45460360	R2AW36RW34DKQ2	B00D8FUHFC	270862469	Borderlands Bundleganza [Download]	Digital_Video_Games	5	0	0	N	Y	awesome game	awesome game, lots of fun and I don't have to be online to play it. would definitely recommend to others.	2013-09-05
US	19482725	R1DV5CVJZ2ULCC	B00FRQZ7GE	607119794	Creeper World 3: Arc Eternal [Download]	Digital_Video_Games	5	2	2	N	Y	Loved the game	I've been a fan of CW since the very first one. This game introduces a couple new concepts that do change gameplay tactics, but it's largely an incremental improvement from previous versions. If you want more CW, this is a great buy.	2014-02-24
US	49950309	R275O5GRL1SWZ0	B0056JLU4A	176271390	Trainz Simulator 12 [Download]	Digital_Video_Games	1	0	1	N	N	Avoid At All Costs	This simulator is absolutely terrible.<br /><br />I honestly have nothing good to say.  From what I can decipher from lengthy web searches trying to find help (the manual is a joke, and the online help wiki is mostly not there) those who enjoy this are those who want to build routes and create custom content.  Many of these are in search of profit, and will gladly sell you their creations and then not tell you anything at all about how to use them.<br /><br />For example, in one of these scenarios, the schedule tells you to go to a certain trackmark (never mind there is no explanation anywhere of what a trackmark is), which seems straightforward.  Unfortunately, you are given no indication of where this trackmark might actually be beyond the name of the town where it is.  If you pull up the extremely busy map, you'll next spend a good five to ten minutes trying to find that town, then zooming in and out attempting to wade past the annoying labels to discover this trackmark.  When you find it, you can then change back to your train and attempt to drive it, but there are no indications anywhere of which tracks to take, what direction to go ... nothing.  I assume if I were a professional engineer, I would know all these things already, but I am not, and I do not.<br /><br />I spent six hours on this game.  I managed to derail myself several times by going through switches incorrectly.  There is no real tutorial on these switches except to tell you that you need to switch them.  I spent a good thirty minutes on one map just looking for my direct destination.  I managed to fill a coal car I wasn't supposed to fill (poor location awareness on the part of the program) and had NO ability to unload it and load the correct one, thus ending the simulation right there.<br /><br />I am rambling I know, but I've had it with software like this.<br /><br />It is, at best, a skeleton.  If you already know everything there is to know about driving trains, well, maybe you might not hate it.	2013-12-24
US	13200850	R2HHB5DLAG0P0M	B00F4CEOS8	341969535	Xbox Live Gift Card	Digital_Video_Games	4	0	0	N	Y	Like it online but whatever	It's safe and really the only way to do it now days. It was easier to get online with the machine.	2014-01-15
US	16134079	R3ITXLB6RE7YW6	B0042JTQW8	31830720	Club Vegas Video Poker [Download]	Digital_Video_Games	1	0	0	N	Y	not good	Not impressed at all, asked for refund due to installation error. Not happy at all with this game. Asked for refund	2014-05-29
US	17042294	RQIV7UCBHTY3V	B009WWHW0I	365511980	Lost Chronicles Zerzura	Digital_Video_Games	5	0	0	N	Y	surprisingly great game	Super enjoyable for me. Kept my interest throughout and was fun in a quiet way. Good length and interesting challenges if a bit easy.	2014-04-12
US	34550839	R2U1RQT74RLTKD	B007VTVRFA	402222185	SimCity - Limited Edition	Digital_Video_Games	1	4	5	N	Y	Simcity 5	Worst game ever. I wish I would used the money to buy another game. The map is extremely small and the game is full of bugs. Dont waste your money.	2013-04-28
US	35409570	R6K9CMXBJY2I8	B007VTVRFA	402222185	SimCity - Limited Edition	Digital_Video_Games	4	0	1	N	Y	Not the 'true' english version, but still a fun game!	I bought this game because myself and my children love the sim city series. It was on sale and I had amazon digital credit from previous purchases so I decided to get it. Well after successfully activating the product thru origin, downloading and installing I went to play it. Immediately met with another update, which took some time to complete. Finally i was able to play the game, and during the tutorial mission something became glaringly obvious. While the text displayed on the screen was in English, and I can play the game no problem, the voice overs from the citizens and advisers in the game are in some language other than English. I don't know maybe its German.<br /><br />So not sure what amazon/origin is doing here but the game does work and you just have to deal with the odd voiceover. I did a quick look around the settings and see no way to easily change this. Overall a good game but you may wish to buy the retail version. Amazon digital games are a mixed bag...	2014-01-08
US	44624792	R1695Y6A8DKJZA	B00DEQKPDE	334115957	Dracula 4: The Shadow of the Dragon [Download]	Digital_Video_Games	3	2	2	N	Y	short but over all decent	this &#34;game&#34; if you can call it that was way TOO SHORT. especially for the price they charged for it. but getting past the shortness of it all was a cool background. liked the artwork behind it. I hope the final chapter of this saga with ellen cross explains the whole story of her illness and how things began with her , the painting of the count. want more detail and story background.	2013-11-08
US	36157826	R1JQ21BDPTIFBA	B006ZNGOJC	961193988	Hoyle Slots and Video Poker [Download]	Digital_Video_Games	1	1	1	N	Y	Windows will not allow the game to play	Windows will not allow the download to be played!!! What a waste need a refund... cannot get it to run	2013-05-20
US	13828325	R1PYHGF47WZ8V4	B00IK108KI	713139896	Thief DLC: The Bank Heist [Online Game Code]	Digital_Video_Games	2	2	3	N	Y	You'd think a bank would have more payout...	It's a BANK. A bank should give you TONS of coin or highly valued items! Did it? NO! I found more high-value items in scouring the head honcho's palace than I did in the bank DLC. Waste.	2014-07-07
US	2049445	R3UVE61VYJ1MFD	B00GQWRJDM	899561229	Christmas Dreams - Hidden Object Game [Download]	Digital_Video_Games	3	2	2	N	Y	Has quite a few bugs in it	"For the price what this game offered is fine. It's just a simple hidden object challenge. The main problem with this game is that it doesn't work right. It will ask you to find an item, you can't find it, finally give up and hit the \\""hint\\"" button and it highlights a completely different object. Other times you will get an object to find, click it, and it says it's the wrong thing.<br /><br />Problem is whenever you use a \\""Hint\\"" or click the wrong object points are deducted. It really seems like this game was just rushed out and no one play tested it, for the cheap price I guess they weren't too worried about it, but it'd be nice if someone would correct those bugs and allow us to download the fully working version."	2013-12-26
US	2208656	R19Y4GQS20KJHR	B00GXHIM2M	227932044	Dishonored: Game of the Year Edition	Digital_Video_Games	5	8	8	N	Y	If you liked Far Cry 3 or Deus Ex: Human Revolution, stop reading and buy this!	As the review title suggests, this game offers fps action with the option of stealth, mixed with multiple routes of navigation and plenty of secret areas to explore. The game is set in something that resembles 18th-19th Century Britain with Corvo's supernatural abilities bridging the gap to provide environmental awareness and faster movement.<br />The game is beautifully presented and the setting is really memorable. Where the game truly shines is how your actions influence the plot and innervate subtle changes to your surroundings.<br />The GOTY is definitely the version to go for, with a brand new campaign that almost doubles the length of the game, along with some nice bonuses for the main game.<br />Finally, as a crude benchmark the game struggled on my old Q6600/5770 pc on low settings (&#60;30fps), but my 4670K/GTX 770 blitzed through ultra no problems as you might expect. Point being, if your pc is older do take a quick look at the requirements.<br />This was probably my favourite game of 2012, a must buy I'd say!	2014-01-09
US	38028007	R1RL30TY4SQ439	B00KFQ586U	895604201	Enemy Front	Digital_Video_Games	1	3	14	N	N	Abhorrently bad!!!!	As I write this on my laptop, I sit with some friends that run a major retail supply warehouse. We started playing this game yesterday and are still laughing our A**es off at how terrible this game is.<br /><br />OK, this game is made by CI GAMES. In case you are not familiar with this group of brain dead development chimps, they are the very same short bus riders that brought you such sewer level classic compilations of vomit like -<br /><br />FARM FRENZY<br />SNIPER GHOST WARRIOR<br />ALIEN RAGE<br /><br />Yes, those despicable things. And they dare to make yet another.<br /><br />Here are just some of the wonderful surprises waiting for you -<br /><br />Completely mentally challenged enemy AI - they almost help kill themselves as you shoot them down.<br />Horrible video graphics quality. Think back about 10 years ago.<br />Terrible glitches - disappearing floors that let you see through the game level, weapons that vanish and it seems as though you are shooting bullets from your finger tips (sounds cool, I know but it isn't).<br />Bland, lifeless levels.<br />No depth of plot or story to pull you into it.<br />The FAIL list goes on and on.<br /><br />You have been warned!	2014-06-12
US	9085552	RQBZRTQQF0SCK	B00GGUUFUI	721570092	Battlefield 4: Premium Season Pass - PS3/ PS4 [Digital Code]	Digital_Video_Games	4	0	1	N	Y	Great	I recommend this product is an expansion that can not miss in the saga of BT4.<br /> it's a shame that finds out the market with so many errors	2014-03-20
US	11856898	RC9PP5IRL40CR	B003BVIXV8	993869366	Dawn of Discovery	Digital_Video_Games	5	0	0	N	Y	game	My husband is the gamer, He plays this game all the time. Probably will until he gets another new game	2014-06-02
US	16107438	RWWKDHD91LSIS	B00FENO3OC	240170359	Scribblenauts Unmasked [Download]	Digital_Video_Games	5	0	0	N	Y	Great game	Scribblenauts and DC characters in one game are like peanut butter and chocolate. You simply cannot go wrong with it.	2014-04-04
US	11659500	R2USR1DDJSIVO4	B0083W649I	986415757	Bioshock Dual Pack [Online Game Code]	Digital_Video_Games	1	2	5	N	Y	Doesn't work	Doesn't work.<br /><br />Have downloaded 22 games on steam with no problems, but when this starts, 'bioshock.exe has failed to open' flashes across the screen and it shuts down. No word back on a refund. Buyer beware I guess.	2013-05-18
US	46695321	R2L80A0179SUE	B00I4BGLOG	433924898	The Elder Scrolls Online Imperial Edition [Download]	Digital_Video_Games	5	2	5	N	Y	It is Elder Scrolls!	Finally, Elder Scrolls is available in an MMO.  This is NOT a typical MMO though.  It is designed and targeted to Elder Scrolls users who would like to have an online environment to engage in with their friends.<br /><br />With a few issues that have come up as with any new game, Zenimax is working as quickly as possible to resolve problems.  They are also very open to accepting feedback from the users on how to make the game better.  Some of those changes have already been implemented, and more will be implemented in Craglorn (the first expansion).<br /><br />So far, I am loving the game.	2014-05-07
US	13747318	R388BY8FSQB2FW	B0033AH2LE	665218845	Collapse! [Download]	Digital_Video_Games	3	0	0	N	Y	it is a good game	it's a good game to play in a good timeand and fan teenager sad that a bow do do it  too	2013-05-03
US	14227953	RKIZ4ID1MXTRU	B004GUSIFE	558419391	DC Universe Online [Download]	Digital_Video_Games	5	0	0	N	Y	Great game	I really enjoy this game. It isn't as good as City of Heroes but it is still fun. I do wish that you were able to customize the look of your avatar more. It has a decent tutorial that helps you learn the game before being thrown in with the rest of the players.	2014-02-02
US	19320564	RVMSC2QU21K4E	B00CMSCV4Q	954148166	Final Fantasy XIV: A Realm Reborn	Digital_Video_Games	4	2	5	N	Y	Bad Launch, Great Game.	"First I'll let you know why I took off 1 star. I took it off because of how terrible the launch for this game has been ,while most MMO's do suffer from poor launches I feel like this one was a little more stressful.<br /><br />Now for a review of the actual game.<br /><br />Pros<br /><br />- Beautiful graphics<br />- Extensive amount of content<br />- Unique dungeons<br />- Challenging boss fights<br />- Great story<br />- Side quests are interesting<br />- Able to level each class and job to level 50 on one toon.<br />- Large map you'll want to explore<br />- FATE's are fun<br /><br />Cons<br /><br />- Server errors (only at launch)<br />- Frustrating minimap<br />- Long grind after leveling first job.<br />- Combat is a little slow<br />- No PvP<br /><br />I've been playing the game since Closed Beta 2 and experienced the game in it's and worst times. I did not however play 1.0 so you'll see no comparison from me but from what I've heard this is leagues better than 1.0.<br /><br />Now what a lot of people are going to think when seeing this game is \\""Is this a WoW clone?\\"". I can safely say that no, it is not. It does have a traditional MMORPG structure ala questing, dungeons, raids, and skills but besides that when you play this game it will feel like a fresh experience. After playing for over 50 hours since Open beta began I still haven't gotten burned out by this game and it just keeps getting more and more addicting. The amount of content pumped into this game is astounding and there's always something to do. You can primarily do quests and still be able to reach level 50, or you could simply run dungeons and get to level 50. You really have the option to play this game however you like.<br /><br />Crafting in this game is one of the cool features in my opinion that sets it apart from other MMORPG's. You level up a job like fishing or alchemy the same you do a class. There's even job specific gear you get that provide stats that help with your job. Each job alsohas unique skills you learn as you level up.<br /><br />Now for another question burning in people's minds, is it worth $15 a month? Short answer, yes. Like I said before the amount of content you get in this game is astounding and I feel like you can't go wrong paying the subscription fee. Unlike a Free to play game everything is available to you, no cash shops or anything that would give someone who pays more money an advantage over anyone else.<br /><br />My final words on the game are this, if you're a Final Fantasy fan, MMORPG veteran or even a complete noob when it comes to video games you will love Final Fantasy XIV: A Realm Reborn. It is very fun and very addicting and I game that I can see being very successful in the future."	2013-08-28
US	5335437	R31YX9P1W2NF26	B00K59HKIQ	384246568	Playstation Network Card	Digital_Video_Games	5	0	0	N	Y	All like I expected	Fast and secure! All like I expected, totally worth it	2014-03-05
US	45251149	RLMLRLP32WXIC	B00AWEMODK	369846597	FINAL FANTASY XI Ultimate Collection Seekers Edition [Download]	Digital_Video_Games	5	2	3	N	N	Game itself is amazing	"The game is amazing, however it is a dying game. Unfortunate to all the original players that like a challenge when it comes to games instead of this new age gaming style of button mashing and game companies holding your hand through everything.<br /><br />I played for 7 years, there are 22 different jobs, thousands of gear options to vamp up your character in anyway you would like.<br /><br />For the casual gamers, don't play this game. You won't get far, you need to pretty much be dead set on always becoming the best you can. There is plenty in the game to do before you are truly ready for anything end game wise. You can NOT just level a job and think you are ready to go do the hard stuff, this game and the veteran players will eat you alive. Nobody helps people out anymore and the servers are nearly dead since the release of ff14.<br /><br />However... Veteran players are still active, if you want a good game that still has some form of a challenge this is your game. Pick 1 or 2 jobs and stick with it. Get good at the jobs and get all the top gear for the jobs before you move to another job. There is plenty of \\""getting by\\"" gear out there on the game. But with all the Veteran players that want someone that knows what they are doing in their groups, (which you need a good solid group to get the good stuff anyway) means you need to actually work towards it.<br /><br />For the Veteran players and old school gamers that like a good challenge, pick this one over ff14. 14 has its moments but will never compare to the depth that 11 has.<br /><br />Long live the valkrum dunes, gear swaps and the need to know your jobs."	2013-10-14
US	44300100	R2W7G7M19RG18S	B00CBJ73TO	401174462	Thief II: The Metal Age [Online Game Code]	Digital_Video_Games	4	2	3	N	Y	Runs fine on Win 7 64 bit 4 core	Don't have to set the affinity to one core or do any other tricks to make it run. Otherwise it's just like playing the original game.	2013-07-06
US	6670210	R1C3E4HKIVQ1UO	B0098QPPL6	64618519	Battlefield 3	Digital_Video_Games	5	0	0	N	N	AWSOME!	i love this game! there is literaly NO flaws! and the fact that you download it so you can never lose it, amazing! bought this because steam didnt have it and i love it. 5 out of 5!	2013-06-03
US	36883089	RFAQ120L6PP9S	B003ZDP6V2	75652907	Britannica Word Search [Download]	Digital_Video_Games	3	0	0	N	Y	I'm just not a word search person	I'm sure this program is great for those who like this type of puzzle.  I'm not one of them.  My fault - not theirs.	2014-03-19
US	1523448	R2XAGBUSAHXSQD	B00ET6LPJ6	380110318	SimCity - Limited Edition	Digital_Video_Games	5	0	0	N	Y	Great game! Maps could be bigger but the regional ...	Great game! Maps could be bigger but the regional effect helps mitigate this deficiency. Great to run an industry and a very intricate game that involves intense strategy to accomplish ambitious goals.	2014-06-30
US	10183409	R3Q45MQ5QBY71V	B00KVQ5ZW6	330296277	2K Franchise Pack [Download]	Digital_Video_Games	1	7	10	N	N	$28 more than buying the games individually	The review only reflects the cost and not the quality of the games themselves. Price it in such a way that it makes sense 2K/Amazon.	2014-06-18
US	18104248	R1O6TRT7VFNNIE	B009XDMQ0W	223982723	Mass Effect Trilogy	Digital_Video_Games	5	0	0	N	Y	Great for someone looking to play for the first time.	I had tried getting into Mass Effect a few times. The controls of the first game always put me in the awkward position of &#34;wow, the story is great, but holy dickballs these controls need work.&#34; When I saw this triple pack for 40 bucks, it's hard not to pass up. ME1 and 2 are worth it alone, but the fact you get the 3rd as well sealed the deal.	2013-06-14
US	14694756	R1OXAWEECBA4ZY	B009D4GN1Y	893386799	Mahjongg Platinum 5 Deluxe	Digital_Video_Games	3	0	0	N	Y	Mahjongg Platinum 5 Deluxe	This screens that come up are not good for older people as they have a slant on them and the back grounds also make your eyes a little crazy. Probably a good game for younger generation, but not for older people.	2014-01-26
US	19011744	R17J83E12AXS7E	B009K6YJTS	148061521	Aliens: Colonial Marines	Digital_Video_Games	1	1	3	N	Y	Not good.	1.Bad lighting for the most part.<br />2.Weak light on flashlight even in the darkest environments.<br />3.Gameplay is clunky and not very well developed.<br />4.Aiming is funky.<br />5.Hit marking is undeveloped. I honestly don't get why guns don't do what they are supposed to do in almost any game.<br />6.Graphics are like worse than 2007.<br />7.Dead Space 1 looks better than this game and is a heck of a lot scarier.<br />8.Great Story and voice acting but it lacks pop and appeal otherwise.<br />9.The only thing that made me want to buy this game was it was super cheap and I watched a trailer which hyped it up all cool when it wasn't.<br />9.Sega just talk to some gamers already jeez.	2014-02-27
US	11314733	RNHRFQT8V0D0	B008J35KS2	225309182	Xbox 360 Live Points Card	Digital_Video_Games	5	0	0	N	Y	Very Practical	Bought it when I saw a sale I was interested on xbox live in about to expire. I was able to purchase, redeem and make my purchase on xbox live as before the sale expired, so I would recommend this, especially if you are in a hurry to buy something with a discount.	2013-07-24
US	41394216	R8NGIJVSQUHS7	B00CMSCWGS	583284103	FIFA 14 [Online Game Code]	Digital_Video_Games	1	4	7	N	N	Online gameplay sucks !	Online gameplay sucks ! No team play options ! You can not add friends online(pc)  ,it's so slow when is raining ! you can not tackle like fifa 12 or fifa 13 ,players moving like there is a magnet under their feet ! actually I want to know why ea decided changed this game ! they should update it immediately ! otherwise I wont purchase  from ea anymore !	2013-12-24
US	45366834	RWEHZVW5X8W2A	B00GMTKMHY	686779980	The Last of Us: Left Behind DLC - PS3 [Digital Code]	Digital_Video_Games	5	0	0	N	N	And I thought it couldn't get any better.	I bought this via the psn network and I never regretted it for a second. I loved the main game and this DLC.......OH THIS DLC! I was not prepared to go on such an emotional roller coaster in the 3 hours it took to play it. I cried. I am not ashamed to admit it. Now I sometimes cry when I read an emotional book, I almost never cry during a movie unless. It is a rare emotional gem, and not once have I ever cried during tv show. Before I played this I could have never in a million years pictured myself crying during a videogame...... Now I can. Thanks a lot Naughty Dog! But seriously this is what great storytelling is about. I thought the skillful and seamless way it uses the medium of video games to tell a story (the fear and anticipation of danger, the heightened empathy to the character you play that comes from the videogame genre) was good in the main TLOU game..... But this is a whole other level of connecting to the character and the story and it is the best emotional roller coaster I have been on since I read The Color Purple in middle school. It made me as fulfilled emotionally as playing Journey did. I can't express how happy I am to have enjoyed the experience of playing this game. And I applaud them for staying true to their vision and the story they wanted to tell despite any pressure or hate that they got for it.	2014-07-02
US	18264329	R904FQ3CREG6G	B0083W649I	986415757	Bioshock Dual Pack [Online Game Code]	Digital_Video_Games	4	0	0	N	Y	Good games, one problem.	I payed very little for them and loved them both. Bioshock 1 definitely had some kinks but they resolved them in Bioshock 2. One pretty annoying problem though, they crash all the time. Roughly every 30 min or so for no apparent reason, and I know it's not my computer.	2013-06-17
US	2146476	R1E8QERY2MBLNT	B00GMPJFFI	444609049	Injustice: Gods Among Us	Digital_Video_Games	4	0	0	N	Y	Good Fighter	Story mode was amazing but the controls need a little work in my opinion. Overall I am enjoying this purchase	2014-05-06
US	3114849	ROJ5L4YVE53UI	B00BBFXEFQ	294305529	Might & Magic VI: The Mandate of Heaven [Download]	Digital_Video_Games	5	0	1	N	Y	Nostalgic	Played this game with my daughter when it first came out. Immersive gameplay and &#34;state of the art&#34; wt the time. Fifteen years later bought it again and still lots of fun with some humor thrown in. One of the all time best rpgs.	2014-03-10
US	34335464	R17HZXPWCXQI0I	B0034KYBSU	431941625	Tom Clancy's Splinter Cell	Digital_Video_Games	5	0	0	N	Y	Great	I loaned my original CD's for Splinter Cell to a relative. He liked it so much he said he &#34; LOST IT &#34; LOL so I ordered this download	2013-08-20
US	1804040	R86EDY46VM0FW	B006BEZQRG	430515677	Grand Theft Auto IV: Complete [Download]	Digital_Video_Games	1	1	1	N	Y	install never worked	Didnt install properly and tried multiple times, rockstar and other companies couldnt help at all and took too long to get back to me for me to even think about getting a refund.	2014-05-15
US	21743128	R2W2LHMF8ZN8HQ	B008FPV88U	552000072	Max Payne 3	Digital_Video_Games	5	0	0	N	Y	Excellent game true sequel to the previous episodes!	Got what I paid for, immersive experience, Die Hard like hero, excellent weapons! Would recommend it to ppl who liked MP 1 & 2!!	2013-08-06
US	11186809	R2W1KGC2ETGRDW	B00D8FUHFC	270862469	Borderlands Bundleganza [Download]	Digital_Video_Games	5	0	0	N	Y	Great game bundle....	The price for this bundle was worth buying the first borderlands that I had already had, was able to give to a friend for his birthday so everything worked out great.	2014-03-27
US	6960878	R2SIXGTFENGMAI	B008J35KS2	225309182	Xbox 360 Live Points Card	Digital_Video_Games	5	0	0	N	Y	Instant!	Got it within 20 minutes of ordering just in time. Hope it's the same if they sell cash cards with same speed.	2013-10-29
US	46749533	R2RI4MSZZ5F32A	B00D2CZS9Q	473564914	Need for Speed Rivals	Digital_Video_Games	1	57	65	N	N	No Racing Wheels Work!	Racing game where you can't use a Racing Wheel!! Impressive! Glad to know they have the brightest minds working to create these games and forgetting the obvious! Brilliant!<br /><br />Don't Buy If You Use A Wheel!	2013-11-22
US	18040844	R2YX8YN6GLIEEZ	B00GGUW312	611158159	FIFA 14 - PS3 [Digital Code]	Digital_Video_Games	5	0	0	N	Y	Ok!	All is ok!!! and I Love it!!<br /><br />EA Fifa Soccer 14 is an amazing game!!<br /><br />In future I will buy for the PS4!!<br /><br />Thanks so much Amazon.com!!	2014-03-31
US	1987617	R3MP4YQ0SIMJFF	B00DUHROQ8	316006811	TERA: Rising	Digital_Video_Games	5	1	2	N	Y	No credit card? no problem..	This is perfect for those who don't want to pay using a credit card. INSTANT online delivery all you have  to do is refresh your emp balance in game and you are set. No tricks, and no complications just the way I like it.	2014-07-14
US	38373634	R7S8DM0N11EX0	B009IXL5FO	890878242	Thief Gold [Download]	Digital_Video_Games	4	0	0	N	N	Classic but enjoyable	you cant go wrong with classic games its the best these days no games can match them very sad but true	2014-03-20
US	23010015	RXMX4E1KCS0W6	B00APOVDDY	126337887	Darksiders Franchise Pack [Download]	Digital_Video_Games	5	0	0	N	N	Amazing series	This series is amazing and definitely worth a play through. If you like zelda formula dungeons and a brawler gameplay wise then this game is one you should try.	2013-11-02
US	13673806	R2GJZ056D8ZVKT	B00EP13M28	542350089	Battlefield 4	Digital_Video_Games	1	5	33	N	N	Its not the game.  Don't buy unless you already have BF4	The store does not clearly explain what you are buying. You are NOT buying BF4 the game.  You are buy extra content.  There are many stories online of folks buying Premium only to learn they did not actually buy the game.  They have to shell out even more cash for that.<br /><br />I liked BF3, I played BF3 a lot.  Liked BF4 beta, and when I was ready to buy BF4, I did, or I thought I did.  EA needs to figure out that if they keep messing around with their customer base, we'll leave and find another product worthy of our money.	2013-11-16
US	13436857	R1SNG7PJVK657U	B004RMK4P8	384246568	Playstation Network Card	Digital_Video_Games	1	1	2	N	N	didnt work	I purchased once but the code didn't work so I called customer service he was really nice, he gave me a new code but it didn't work again though he did ask if he could stay on the phone to make sure but I didn't have the time to. In the end I gave up	2013-12-03
US	50359597	R1ZK7TO96KHVQU	B003ZDOINE	552098067	Mortimer Beckett and the Lost King [Download]	Digital_Video_Games	5	3	3	N	Y	This is fun and entertaining	I've enjoyed many of the Mortimer Beckett adventures.  This one is fun and the graphics are wonderful. Mortimer travels from city to city, accumulating lost jewels to be placed in the crown of the lost King.  You start in each city with pictures across the bottom of your screen of items that need to be found and then placed or used in some way. As you use items, you acquire pieces of a jewel, and once the jewel is complete, you place it in the crown and move on the the next city.  There are also fun mini puzzles to solve along the way. I have Windows 7 and the game worked well with it. I would recommend this to anyone looking for a fun and relaxing, not too hard, hidden object with puzzles game.	2011-02-16
US	49837039	R218BO89EOOU7K	B002N2YLDA	651261886	WipEout HD [Online Game Code - Full Game]	Digital_Video_Games	5	8	8	N	N	Slick, fast and fun.	Simply the best futuristic racing game on any system. Wipeout HD runs at 60 frames per second at 1080p lines of resolution, and it really shows. The art direction is as good as we have come to expect from other games in this long-running series, but now you can see all the little spinning bits of the ships in mindblowing detail. The game is fast and fun, offering a healthy challenge but not too difficult for a newbie to get into.	2009-10-08
US	37513878	R2XKZ2QW2LP5LQ	B001V7QIDO	225309182	Xbox 360 Live Points Card	Digital_Video_Games	5	0	0	N	Y	AMAZINF	I chose a 5 because it was given to me quickly and helped me get what I needed for my xbox needs .	2012-11-14
US	33663277	R3PMGXE8V22288	B009GKT2Y0	667892023	Hotline Miami	Digital_Video_Games	5	1	2	N	Y	BUy. nOw!!!!!	If you don't like this, you are not a gamer. Period. Twitch arcade action with modern flair. Premium soundtrack. Ultra-violence. High scores. Need I say more?	2013-01-15
US	13509815	ROQSV7KS7H26E	B007VTVRFA	402222185	SimCity - Limited Edition	Digital_Video_Games	1	1	1	N	Y	Because I can't enter less than 1 star	I have had this for 2 days now and haven't been able to play it once. You aren't able to play it off line. You have to have an always on connection, but their servers are down. I hope everyone on the server side dev team loses their job after this. $60 for a digital download that is unplayable is laughable, but I'm not yet laughing.<br />Booooo! Boo to you EA. You have failed and MILLIONS of people are pretty ticked. Sell your stock now.	2013-03-07
US	26326701	R2HGA7USCGL2N	B004GUSIFE	558419391	DC Universe Online [Download]	Digital_Video_Games	2	0	1	N	Y	Designed for a console	"decent game needs a few major patches costume design could use more options missions are pretty redundant it does not play like a \\""NORMAL MMO\\""you can definitely tell this game was made for a console I went and bought an xbox controller because I couldn't stand using the mouse its something different has alot of potential hopefully it gets to live it out"	2011-02-28
US	40955995	R33GKDRPQH5XMZ	B002HWSDVW	659492699	Splosion Man [Online Game Code]	Digital_Video_Games	4	0	0	N	N	A super fun platformer	"The Good: Great controls, super funny, lots of levels, looks great<br /><br />The Bad: Can be hard to master for some, tough boss fights, it ends<br /><br />Remember games like Sonic the Hedgehog, TMNT, Kid Chameleon, or even Mario? Yeah, well we haven't seen a game like those in awhile (especially a 2D one) and that's what makes `Splosion Man so great. It brings back that classic challenging platformer goodness with a great sense of humor, and a loving character. `Splosion Man pits you against a bunch of mad scientists obstacles and traps trying to capture while you run rampant trying to escape.<br /><br />As the name implies you have the ability to explode, but not just as many times as you want. You can explode three times in a row then you must \\""recharge\\"" yourself by staying on the ground for a few seconds or clinging to a wall. Exploding allows you to jump, break glass, hit switches, and pretty much do anything because this is the core gameplay. You have different obstacles to overcome such as jumping gaps; you may need a green canister to shoot you across a huge gap, exploding barrels will give you a slight boost since there may be huge open areas above a death pit that are just barrels. The idea would be to explode yourself on each barrel and \\""hop\\"" across the huge gap. Most of the time scientists will pull levers that block your way and you must solve how to get to them. Giant closing walls may come down on you from either side and you'll need to jump your way up and out. You may run across electrified fields, and you must find the switch to turn them off, then you can kill the scientist and be on your marry way. There are dozens of different traps and obstacles and it would take forever to describe them all, but one thing is for certain and it's that you need to use your exploding powers to get through them.<br /><br />When it comes to boss fights they are epic and rather tough. They all involve some form of exploding and evading which must be mastered. That's the beauty of this game; you can conquer the controls, but it takes practice to master them. The later levels require precise jumping, exploding, and timing or you will meet your death. Speaking of death (unlike older platformers) checkpoints are fair and plentiful so you are sure not to get to frustrated. Trial and error here is abundant, but it's forgiving. What I mainly love about the character you play are the noises he makes. He runs around looking goofier than ever making airplane noises, barking noises, and just overall maniacal laughs that make you laugh every time. The achievements on the the other hand are pretty easy to get and take a bit of thinking to figure out. Most of them require finishing certain objectives and some require finding hidden items. Like any platformer the game has impossible to find items and these are cakes. Yes they even make a joke about the Portal reference in the achievement description. Hell, there's even a real life `Splosion Man video during the credits roll. Speaking of that the game has a great co-op play both online and off so you and a friend can master the power of exploding. You even unlock a theme and gamer picture for all your effort.<br /><br />So to conclude, `Splosion Man is a fine platformer which does something original that we have never seen before. Whether it's the epic boss fights, the ability to explode, or the levels that just make you feel giddy `Splosion is worth every penny and will hopefully make an explosive sequel.'s the beauty of this game; you can conquer the controls, but it takes practice to master them. The later levels require precise jumping, exploding, and timing or you will meet your death. Speaking of death (unlike older platformers) checkpoints are fair and plentiful so you are sure not to get to frustrated. Trial and error here is abundant, but it's forgiving. What I mainly love about the character you play are the noises he makes. He runs around looking goofier than ever making airplane noises, barking noises, and just overall maniacal laughs that make you laugh every time. The achievements on the the other hand are pretty easy to get and take a bit of thinking to figure out. Most of them require finishing certain objectives and some require finding hidden items. Like any platformer the game has impossible to find items and these are cakes. Yes they even make a joke about the Portal reference in the achievement description. Hell, there's even a real life `Splosion Man video during the credits roll. Speaking of that the game has a great co-op play both online and off so you and a friend can master the power of exploding. You even unlock a theme and gamer picture for all your effort.<br /><br />So to conclude, `Splosion Man is a fine platformer which does something original that we have never seen before. Whether it's the epic boss fights, the ability to explode, or the levels that just make you feel giddy `Splosion is worth every penny and will hopefully make an explosive sequel."	2012-03-28
US	9628723	R328E814YY64A4	B004RMK4P8	384246568	Playstation Network Card	Digital_Video_Games	5	0	0	N	Y	Digital and Fast	Flawless! Recommend! Save my Life and open the doors of playstation network for me and my friends. Thank you so much!	2012-11-29
US	20006127	RXSD8SDSY0HDF	B0054SFL34	510762395	Dungeon Siege 3	Digital_Video_Games	5	0	0	N	Y	Nice demo.	Good demo.  Well done trailer.  Allowed me to test drive the product.  Enjoyed it which is why I bought DS 3.	2013-03-18
US	39103056	RDG6G0LN0FXHA	B001KC00SO	51035385	Bud Redhead: The Time Chase [Download]	Digital_Video_Games	4	1	1	N	N	cool game	hiya...i remember this game when i downloaded it ages ago to one of my old computers.  it was very fun..but i got to the last level and just got stumped by the last boss lol.  it was still awesome tho...ty	2011-10-04
US	52902599	R3UGIUGAK1H55I	B005WWZUQ0	28899677	Battlefield 3	Digital_Video_Games	3	0	0	N	N	Very cool game!	This game is becoming just as good if not better than COD!  Great graphics and game-play! Try to get it on sale!<br /><br />My only complaint is that I only play the single player campaigns on these game and this one is dreadfully short.	2013-02-19
US	27981031	R1UG7G26XMIKYM	B0047O2L52	764295486	Crysis Maximum Edition [Download]	Digital_Video_Games	3	1	1	N	Y	Crysis Maximum Edition Digital Download	Install Issues: I purchased this game, and was immediately bombarded with issues installing the program. The program takes a long time to download, and is confusing to install. The secuROM program that is included with this product dampers the value, but I have found that it is not intrusive.<br /><br />Gameplay: The graphics are very sharp and detailed, but they do produce strain on your graphics card. If you do not know if your graphics card can handle this game, I would consider researching, because lag can certainly reduce the quality of the gameplay.<br /><br />Price: The price of this game is fair, and for the content it includes, it is a good price.	2012-06-16
US	29850169	R6HPGKOEXPIME	B004RMK4BC	384246568	Playstation Network Card	Digital_Video_Games	5	1	1	N	Y	International buyers	Perfect!!! I live in Brazil and I can´t find it at stores. But now I can buy on internet and it's so easy: you buy and use credits immediatly. You don't need to leave your house! Excellent purchase.	2012-12-14
US	18684952	R30HLFGE2DKKVB	B004MPRFF2	167989497	Bulletstorm [Download]	Digital_Video_Games	1	2	6	N	Y	Horrible game.	I should have looked at more reviews for this game because I found it just gory and dumb. Couldn't keep my attention longer than 5 mins. This one is for kids. Good thing it was only 5.	2012-10-26
US	48205197	R3I92FM42UQG1F	B00657AVMO	689109857	ANNO 2070 [Download]	Digital_Video_Games	5	4	14	N	Y	Intersting, Challenging, yet Fun and enjoyable.	This game was set for a civilization, build city type style.  The difference that this game had verses other games is that, like SimCity, you have income, the only thing different is that income is a big issue later on, the game spoon feeds you on easy  but gets difficult as you press on.  Which is not a bad thing, it was completely unexpected and fun.  The other you have two factions was a a bit of let down at first until I realized that there is much more to each faction than originally thought.  Way more advances and technology pending on each game.  Every single skirmish or single player game I played each one was completely different from the next.  That usually never happens since I can usually predict the computer.  In this game, the computer is predicting me.  That is a really good challenge. The play style is unique, and playing with a friend could take a hour to possibly (with saving continuously) a day or more. Don't know about anybody else but that sounds like fun and a lot less time depending cause you can still play without the other player and they can jump back in at any time.  There is more to this game but I don't want to spoil it for other gamers out there.  Yes this game is fun, and adventurous for those who like city building games. I definitely recommend this game to others.	2012-01-03
US	35479065	R13G31OLMVQEY2	B008BOVGJQ	535475262	Federation Field Kit: TERA Online [Game Connect]	Digital_Video_Games	1	4	5	N	Y	free but lame	nothing of any value 1 time use items.  if you try to save for right moment...takes up hotbar space and inventory.  the bandage cannot be replenished.  More of a teaser than anything.	2012-09-05
US	22249415	R15JIA0BU6M8N2	B009W68BLI	882296457	Tomb Raider: Legend [Online Game Code]	Digital_Video_Games	2	0	26	N	Y	TOMB RAIDER LEGEND --- file	hi TOMB RAIDER LEGEND is a good game but i dont want to go through a website to play it when i paid for it all i wanted was the actual file and thats all i wanted i dont want to to go through a websie thats why i deleted it but like i said TOMB RAIDER LEGEND is a good game i do recomend it thanks --- MIKE	2013-03-12
US	51972824	R2VLV5P4BO0CES	B001XCWTPS	766965059	A Fairy Tale	Digital_Video_Games	2	4	5	N	N	too easy	the game is sort of cute but I was able to work my way through the entire game in just a few hours.  The only time I lost is when the phone rang and I forgot to out the game on pause.  This might be good for kids but I find it too boring for an adult.	2009-10-04
US	11424906	RWZE3CL3O5GLL	B007VFHIHA	177545800	Hitman: Absolution	Digital_Video_Games	1	1	4	N	Y	Bad Port...	Hitman Absolution is a really fun game and I wish I could play it more but sadly the PC version of Absolution is a broken down mess of a game. Seriously the PC version of this game in unplayable. The main reason is the framerate. When ever you transition to a new area by going through a door or elevator the game lags to 0 frames per second almost all of the time. And the lag remains for a very long time as well. It's not my PC either because I have looked the game's requirements up on several websites and according to all of them I should be able to run this game on high settings without a problem but even when I put the game on the lowest settings possible it lags unbearably whenever the game loads a new area. Get this game for Ps3 or Xbox 360 otherwise don't get it at all because the PC version is a waste of money.	2013-03-10
US	22481880	R2IV05ZWQ5UC21	B001V7QIDO	225309182	Xbox 360 Live Points Card	Digital_Video_Games	5	0	0	N	Y	Great purchase	I bought this xbox points for my boyfriend and he absolutely loved the gift. As soon as I purchased it he was able to play new levels. We are both happy with the purchase!	2012-06-29
US	52586698	R1RWBPCEISYM4S	B0047O2L5M	616205698	Command & Conquer: Red Alert 3	Digital_Video_Games	1	1	3	N	N	Can't Zoom Out....Annoying	I don't know if this is the game developer's idea of immersing you in the action, but not being able to zoom out and get a better look at your layout is REALLY annoying and a major limiting factor in this game for me. If that doesn't bother you, you might really like it.	2011-11-27
US	28600244	R2CMGA8POE7Q2C	B007VTVRFA	402222185	SimCity - Limited Edition	Digital_Video_Games	1	11	11	N	N	Oh did I want this game to be amazing	I loved the other Sim Citys but this one is a sad EA nightmare. The update to my childhoods favorite game is filled with problems dealing with DRM &#34;Features&#34;. Online connection loss can cause your hard work to be rolled back.<br /><br />Now to the actual game it looks lovely for what bit you get to build inside. The plots are too small! There is no land editing or underground subways.<br /><br />Fix these issues and give those who buy your games the right to play them at all times.	2013-03-06
US	26745604	R22E1YSM19Q5WG	B008PGUVLE	644291783	Blacklight Tango Down [Online Game Code]	Digital_Video_Games	1	1	4	N	Y	Stinky Games for Windows Live.. won't let me log-in/play	Well, the idea was nice, a game for a little over a dollar.. well.. it would be if Games for Windows Live, or whatever it's name is, would let me log in.. can't get in, complete waste of a $1..	2012-12-21
US	38859400	R1A384BYKLWZEG	B006BEZQRG	430515677	Grand Theft Auto IV: Complete [Download]	Digital_Video_Games	1	2	4	N	Y	Don't buy will not work on your computer	Can't  get this piece of c... software to work, don't waste your money. Wish I could get my money back.	2013-02-07
US	12566106	R3GWUL8PJ0WWYM	B0080XYCO4	583189392	Dark Strokes: Sins of the Fathers [Download]	Digital_Video_Games	5	3	3	N	Y	Excellent game	This game had very good graphics, difficult hidden object scenes, and good long play time. The story line was a bit strange and the dialogue did not fit the time period it was supposed to be set in, but these were minor problems for a very good game.	2012-06-19
US	12694888	R1BY4IKP5KJ4YE	B0089YFA86	780199470	Drakensang [Game Connect]	Digital_Video_Games	3	0	0	N	Y	i found this game disappointing	i never got the  andermants i paid for.  it never showed up ingame and i was never able to use them.  the game lacked the maneuverability i am accustom to in video games.	2013-01-31
US	17540878	RKJZEUFJNL72W	B004VNHST8	737842231	Company of Heroes: Tales of Valor [Download]	Digital_Video_Games	5	0	0	N	Y	Great!	I bought this to expand my play, when I play with my friends. Company of Heroes is already good with friends, this makes it even more fun! I highly recommend.	2012-12-02
US	17251033	R25NMI4REWS74X	B008J361YY	225309182	Xbox 360 Live Points Card	Digital_Video_Games	5	0	0	N	Y	Xbox live points	I'm happy that they have more points card than just the standard 1600 and 4000 points card now. Very good!	2012-09-17
US	34304827	R2VT2CYT2S7U6J	B001KC01WY	303859741	Jewel Quest Solitaire 2 [Download]	Digital_Video_Games	4	0	0	N	N	fun	This is one of the best solitaire games I have played. It is a good mix of solitaire and the Jewel Quest games. Regular solitaire can become boring sometimes but I enjoy this one.	2012-02-05
US	52691695	R18SVU8PZ6VWD4	B001V7QIDO	225309182	Xbox 360 Live Points Card	Digital_Video_Games	4	0	2	N	Y	easy to access and use	You can purchase these live points on Amazon, and you will immediately be shown your code which you can use for yourself or gift to someone else if you want to. The process of purchasing on line from Amazon is easy and the price is competitive. It's just the whole concept of paying for this in general that gripes me.	2012-01-13
US	41129668	R1C2V83K0TWD1	B006P28VBM	660948751	Dragon Age Pack [Download]	Digital_Video_Games	4	0	0	N	Y	Amazing Game	Its a game. I downloaded it and played it. Other than having to create an account with the company that made the game I was pretty happy with the Amazon side of it.	2012-08-02
US	39548549	R1GEYN6T2U9VGB	B004RMK4P8	384246568	Playstation Network Card	Digital_Video_Games	1	3	7	N	Y	Expect a 4 hour delay to get this	I buy a $20 card and it goes through right away. Next I buy a $50 card - message that it can take 4 hours to receive the code.	2012-12-08
US	20648727	R18VN0FG6650KJ	B001KC00CK	533692002	Airport Mania: First Flight	Digital_Video_Games	5	0	0	N	N	One of my favorite!	The game is easy to play. The tutorial option runs you through the game, although you could easily play the game even without it.    [...]	2009-04-16
US	31679015	R16PSPKHM76WBZ	B00452VGYS	748012584	The Sims 3 [Download]	Digital_Video_Games	1	4	9	N	Y	OMG	I do not recommend downloading the game to the PC.     I have a Dell Inspiron, High speed internet, and have LITERALLY been waiting for this to finish installing for about 4-5 hours now between all the different things that need to download.      NOT RECOMMENDED!!!!!!!!!!!!!!!!!	2011-01-31
US	52710043	R2YGUTCEKR95H4	B003O68WX4	293563764	LEGO Fever [Download]	Digital_Video_Games	1	0	2	N	N	ever heard about good game programming?	well, the programmers of this game haven't, and this game isn't programmed well. there's no way to adapt anything to a (subjective) degree of difficulty - no way to adapt speed, difficulty, anything. and, there's no way to freely select levels. combined, that means the game is useless the moment you encounter any level where - for whatever reason - you have problems. end of game. end of use. BAD programming. not even worth $6.99. Buy the fullblown Lego Star Wars complete - that's good programming.	2011-12-25
US	20203909	R35JKN748WCVK	B007WWW2C8	394595707	The Walking Dead	Digital_Video_Games	1	14	47	N	Y	It will not work. Got a refund	Big fan of the comic and the show. Downloaded the game as a pleasant diversion as I am not a person with lots of free time. Spent probably 6-10 hours trying to get it to work, over the course of a week, and all I did was screw up the settings on my computer.<br /><br />Know this- you will need to become a Steam member,and log on, and create a Steam account, and so forth, before you even begin to play- all things I did not know, which would have kept me from buying this game in the first place. I don't want to be part of an online community. I want to kill zombies. Get out of my way, Steam.<br /><br />This is a known bug (the game will not start) and there are a bunch of solutions posted online. Some I tried and they didn't work, others were far too time consuming and complex for me to delve into. Driver updates, Driver settings, firewall settings, new version of Flash (the source of many woes), uninstall Steam, reinstall Steam, uninstall game, reinstall game, run Steam as administrator, run game as administrator, Do I really need to do all this just to play a game? It didn't ever work anyway.<br /><br />Thanks for the refund, Amazon- appreciated.	2012-06-26
US	44130168	R1EC5O9IUAVNOJ	B002YX09MU	118530233	Bus Driver [Download]	Digital_Video_Games	5	2	2	N	Y	Fun game	this game is very fun I must say. I would get it if I was you. I love dropping people off at the bus stops. This was a good buy	2013-04-05
US	41959722	R100TS9H5L7OVD	B008ALU5KG	629524765	XCOM: Enemy Unknown	Digital_Video_Games	5	0	1	N	N	Reboot of a classic--- great fun & addicting	I played the original xcom back in the 90s when the graphics looked like pacman. Despite that it was a great strategy game. Enemy unknown takes everything that was so fun about the old game and updates it with cool modern graphics and cut scenes. This is the best game released this year. There's 2 aspects. The squads raids play out like an x-files chess game. Turn based stategy where without careful planning your whole sqaud can be decimated by the alien invaders. And the x-com's base where you have to juggle priorities like resource management and reverse engineering captured alien tech and building better weapons and crafts in the engineering dept. it's easier to learn but actually very layered in its gameplay. I freakin love this game. Highly reccomended.	2013-03-04
US	49704118	R1N0NEXB72OD3W	B006ZNGG68	616370818	Hoyle Card Games 2012 AMR	Digital_Video_Games	1	57	60	N	Y	Big Disappointment	This product is awful.  Not even one star!!!  I just bought a new computer and decided to purchase the 2012 version.  It doesn't even fill the screen of my new computer.  The graphics are terrible.  I have already removed it from my computer and have lost the money I paid for it since it was a download.  I previously had an old version for Windows 98 and enjoyed it for many years including when I upgraded to Windows XP.  DO NOT WASTE YOUR MONEY ON THIS PRODUCT.  It's pure garbage.	2012-04-13
US	19193300	R2W8Q67TDYV5HA	B009GMR02E	821488713	Cargo Commander [Online Game Code]	Digital_Video_Games	4	0	4	N	N	4 of 5 on this game	This game is sort of fun, Makes time go by! its a little hard, but once you get the game its a good fun game at $10.00	2012-11-04
US	39338642	R3JDTA0XC8G2KV	B004FGN3RC	180203605	Alien Shooter 2 - Conscription [Download]	Digital_Video_Games	4	1	1	N	Y	Solid game that could use more content.	"If you expected cerebral pleasures from a game called \\""Alien Shooter\\"", you have the wrong game. If you want to reduce about 4,500--by my kill stats--ugly critters large and small to stacks of corpses and pools of gore, you're dead on.    AS2 is a simple 3rd-person shooter (TPS) with isometric presentation. ( [...] ) There's no strategy to the game; tactics are simple, and it has a very linear simplicity. You can occasionally make a few extra weapons and support items available by finding hidden/obscure objects, but nearly all hidden areas are simply stashes of cash and/or ammo; this means you're likely to live longer, and contributes directly to your final score no matter what. Cash goes directly to buying better weapons and support gear from a sort of futuristic storefront: one per level, with a few levels that don't make it available at all. You'll want to plan accordingly; death means restarting a level, no matter how long, from the beginning.    If difficulty becomes a problem, there are quite a lot of cheats packed in; many very granular. You *will* be labeled a cheater, and unable to upload your \\""high score\\"", but at least you can be assured you'll finish the game. You can also edit game resources--that's outside the scope of this review.    The plot is forgivably bad, and exists to provide some minimal context to grinding a bloody path through the advancing alien hordes. There's voice acting: some passable, some laughable. The game-interface text is translated competently and even amusingly (see the description of the \\""Awareness\\"" trait, or whatever it's called), whereas a good deal of the monologue / dialogue, mostly the written parts, seem to have been translated by the Russian developers using Google Language Tools. It's understandable, but not much better than that.    Yet, the mistranslations aren't game-stopping, and you've got your pick of around 120 unique weapons ranging up to \\""impossible, yet awesome\\"" and 50 or so support items--if you count all the cybernetic implant variants. It's just what I need for turning my brain off once in a while.    --barely playable on a fast Core 2 Duo with Intel HD 3000 graphics. You'll want a real GPU for this one, if not a fast one."	2012-01-26
US	51493714	R34KPX4JAUWGXF	B009GKT2M2	165594677	Farming Simulator 2013 [Download]	Digital_Video_Games	5	0	0	N	Y	farming simulator	I was not disappointed and would recomment it again. Products that I buy from you are just what I wanted	2013-02-24
US	28719300	R22LO578GDSPWB	B003QTD6YY	222486584	Hotel Giant 2 [Download]	Digital_Video_Games	1	0	1	N	Y	Unknown Game	I order this game at amazon; however, there is no direction.<br />I am unable to play game.<br />Don't buy unless you know how to play. :(	2013-01-20
US	18139125	R2HGC3BRP4IO5B	B0039UU9SQ	728504119	Emergency 3	Digital_Video_Games	3	0	0	N	Y	you get what you pay for.	cute little game, but after playing for about 30 minutes it starts to get real boring.  for the price not a bad option to download and just have for those days when you need a break from  rise of nations, simcity or what ever games you typically play.	2013-01-22
US	49778930	R2CVCIJTUL0RI0	B001L5TJ1O	829193383	Cradle of Persia [Download]	Digital_Video_Games	5	4	4	N	Y	I love it	After fishdom - still playing - the cradle of Rome - still playing - I just bought it and I love it. It is challenging, fun and you just don't want to stop. The good thing is, you can try it first for 30 min. and if you like it, you buy it. So, try it, you can't loose, and if you like 3 match games, you will love this one and will try out all the other too.	2009-11-04
US	23961707	R2VNRAFKK9F2FP	B004M191TY	791105577	Rift Collector's Edition [Download]	Digital_Video_Games	5	0	1	N	Y	BEST MMORPG YET (been playing mmo's since '99)	This game took everything great about many of the past MMORPG's and added some interesting flavor to it and made sure it was completely polished with no bugs before it's release.<br /><br />A great game and a great company!<br /><br />I didn't think I could get into another MMO after seeing so many similar ones on the market but this one only took the best (from what I can tell) and just made it better!	2011-03-25
US	31597554	R1E05FXESUX6G4	B002VBWIP6	232803743	Xbox Live Subscription	Digital_Video_Games	5	0	1	N	Y	Lo mejor es tener estas caracteristicas	Me gusto mucho mla verdad es excelente la estar en casa y ver el facebook en el televisor, sin tener que prender el pc	2011-07-24
US	46563223	R8FY74XYKIV74	B001V7QIDO	225309182	Xbox 360 Live Points Card	Digital_Video_Games	5	3	4	N	Y	1600 Microsoft Points	This product is great. It is very cheap and my son loves it. Will be buying more soon. Hope to see them here!	2012-10-18
US	10090750	R1F8VXYN6BK05J	B001TK3VTW	1447622	Azteca [Download]	Digital_Video_Games	5	0	0	N	Y	Love it	This is a match 3 with increasingly difficult levels.  You can skip a level if you get too frustrated.  Works great on XP and 7.	2012-10-12
US	15319330	R3RAC7FP0BF3WT	B005Q1YA5O	697839009	The Sims 3: Pets	Digital_Video_Games	1	0	4	N	N	Sorry	"Sorry about the cussing XD i meant to put \\""freaking\\"" its just i was tired and didnt know what i was typing."	2012-11-06
US	9593546	R2JJAAJQIJCKHB	B004APAEL6	972173811	Rollercoaster Tycoon 3: Platinum	Digital_Video_Games	5	0	0	N	Y	Thumbs up	This is one of the best games out there, even if its pretty old. The download was fast and easy.	2013-01-05
US	20600977	R3N6PKFTZFA4D7	B004774IPU	151985175	Sid Meier's Civilization V	Digital_Video_Games	5	0	1	N	Y	Once You Find Your Settings, A Great Experience	Let's start by saying, I've never played any of the earlier Civ games.  I've played Civ Rev, though.<br /><br />When I bought the game, I did an auto-start, and wasn't really happy with the game.  It was moving too fast, and overall, it just was not fun.  However, once I fixed the settings to cater more to me (it took a few tries to get it just right), it became a lot more interesting to play.<br /><br />I would recommend this to everyone, and I would also say don't discredit it before giving it a few more tries and catering it specifically to you.	2012-07-17
US	19051942	R2W9O1B44012UW	B008L1QIME	332874949	Hidden object bundle 10in1 [Download]	Digital_Video_Games	5	2	2	N	Y	games from Amazon	I really like the 10 games in one when I get bored I can play a differt game it was a good buy and they are intresting	2012-11-03
US	43977431	R8JCQO4FNV1JF	B00917DBUE	714336136	Dark Souls: Prepare To Die Edition [Online Game Code]	Digital_Video_Games	1	14	38	N	Y	Decent idea, painful execution	The core idea of Dark Souls isn't too bad.  Difficult monsters and very little hand-holding.  I'd play a game like that.  The game has a few design problems I could live with, but what really cripples this game is how crappy a port it is.<br /><br />The controls are terrible. Absolute trash. It's twin stick controls, so you don't move well. Turn speed is pretty slow. You have to lock on to someone to target them, but you can only lock on if you're pretty close.  If you try to lock on but you're too far away, it moves the camera behind you.  If the camera was in front of you, that turns you around.  That's very very bad if you were trying to move away from something and lock onto it, because now you've moving towards it (and still not locked on).<br /><br />The on-screen prompts are all xbox buttons, so if you don't have an xbox controller, you are out of luck.  Don't try playing with mouse+keyboard, because you will need at least 3 hands.<br /><br />If you have another kind of gamepad, you're stuck with whatever autoconfigured controls it assigns.  For me several buttons were swapped, which is weird.  Not that I'd know they were wrong, since again all the prompts are xbox.<br /><br />So the controls are pretty objectively bad, but there are a few subjective things I really dislike.<br /><br />You'll probably end up spending more time redoing content than anything else. What happens to me is I'll have a first run through someplace and it'll be kind of fun. Exploration, edge of my seat tension, and so on.  Then I'll die somewhere, so everything respawns.  Great. Now I have to repeat the last hour's worth of content.  It's not as fun because I've already seen it, but whatever.  Then I die again, so that's another run through this stuff. Repeat enough times and it's just boring and frustrating.  If you play sloppy or try to run past things, you'll probably just die more.<br /><br />It's possible to grind out xp indefinitely to raise your stats very high.  That means ifI wanted to spent 8 hours leveling I could wear better armor. But I don't want to grind because grinding is boring, so I'm at a disadvantage.  Some people like that sort of thing, but I think it's pretty bad.<br /><br />The magic system is kind of stupid. It's spells per day, and it sucks as much as it does in D&D.  Buy spells from vendors (if you can find them), raise a stat to equip them.  Non-casters don't have per-day limitations, but I guess they couldn't be bothered to come up with a more interesting, less awful system for spells.<br /><br />So in summary: It's a so-so opaque rpg with lots of deadly monsters, but it's ruined by awful controls and mandatory content repetition.  The spell system stinks, too.	2012-12-03
US	9969770	RA748LTH6O873	B00A4MWX04	196500025	Scribblenauts Unlimited [Download]	Digital_Video_Games	4	2	2	N	Y	Nice	this game is really fun, very unique... very enjoyable....highly recommending it if you never try... or are looking for something to spend quality time with	2013-01-26
US	35562198	R3J6T490WFERB1	B008ALU5KG	629524765	XCOM: Enemy Unknown	Digital_Video_Games	5	0	0	N	Y	Wonderful Game	This was the first download I tried from Amazon. It turned out fine. Really enjoyed the easy way the download went. I've enjoyed the hours of fun and stress relief I got from the game. Only item I'm not sure about was that I was supposed to get a copy of Civ 5 for my preorder but have not been notified how to get the free download. I would do this type of purchase again.	2012-11-14
US	16081481	R2DUI3MF7ZYOWY	B003KRP1HC	263063370	NecroVisioN Lost Company	Digital_Video_Games	4	0	0	N	N	Awesome!	From start to finish, this game is a blast to play.  My favorite level are the last 2 levels where you get this amazing weapon (I won't mention any further to avoid spoiling for others).  Visually this game is fantastic as well, there is one stage that takes place under a full moon and it looks gorgeous!<br /><br />My setup is:  Phenom X3 8750, 3 GB DRR2 RAM, 500 GB 7200 rpm HDD, Geforce 8800 ULTRA, 430 Watt Antec PS, Sound Blaster Audigy sound card.<br /><br />Overall, this is a worthy purchase.  I rate this game B+ !	2012-05-26
US	44352047	RBQ3UD46I6B2D	B00B29S1L8	660610090	Defiance [Download]	Digital_Video_Games	4	3	6	N	Y	This just might work!	I decided to buy this game after seeing that it closely resembled Tabula Rasa, Global Agenda and Firefall. Essentially I have been waiting for a MMORPGFPS because I want skill with gun usage and PVE. It also didn't hurt that I enjoy Scifi and with the new show airing soon it ties well.<br /><br />Frankly, even with the bugs with a new launch and server concerns. Again the start of a new MMO which is always the case. It's really starting to shock me. This could very easily become one of those sleeper games that actually changes things. Sure it has some rough edges like a poor chat bar which sometimes doesn't work or no one reads it. Yet the game play is a lot of fun. The depth and gameplay also seems to improve as you move through the game. When you get a friend on voice chat with Skype or Teamspeak it really makes it that much more enjoyable.<br /><br />If you want a MMORPGFPS, this is your game. It will surely keep your interest for a couple of months at the very least from what I have seen. Just keep in mind it has some rough edges going in and you will be fine.<br /><br />It's worth giving it a shot because it does the most important job which is making it &#34;FUN!&#34;	2013-04-09
US	7365592	R2FVX6TSZFYELO	B008J35YFQ	225309182	Xbox 360 Live Points Card	Digital_Video_Games	5	0	0	N	N	it really does accept gift cards after all	well i was skeptical like all of you but after 1hr on the phone with amazon they said that is just a security check and it really is just put in whatever credit card i really wont be charged even though it says how would you like to pay just enter it click next and if you look it actually applies your gift card automaticly cool	2013-01-16
US	11830733	RHP2VHPYHF9ZD	B0044DEPZA	602814549	Star Trek Online	Digital_Video_Games	1	0	2	N	Y	Worth about 2 hours of gameplay	After 2 hours, you'll have pretty much played through every type of situation the game has to offer. There are no epic cities, creative map designs, or engaging story telling. The game is just a series of mini-games coasting on the star trek name. It might be worth a $3 deal for one months play, but I wouldn't bother continuing a subscription especially as they try to nickel and dime you for everything in their store.	2011-06-02
US	20807244	R2GGRUQJOPZ0IC	B003QTD6YY	222486584	Hotel Giant 2 [Download]	Digital_Video_Games	3	0	3	N	Y	tutorial not very good.	I dind't make it past the tutorial before I gave up.  I'll try again very soon and will update this rating if anything changes.	2012-02-10
US	26347012	RKTZPATL4KEKC	B002VBWIP6	232803743	Xbox Live Subscription	Digital_Video_Games	5	0	0	N	N	Worth It!	XBOX Live; lots of fun; definitely worth the $$...online game code is soooo convenient... delivery of code was almost immediate!	2012-01-15
US	30911227	R3A3UIELXGC0RS	B008Y218RK	102056685	Lord of the Rings: War in the North [Download]	Digital_Video_Games	5	0	0	N	Y	Love This Game	I Like Everything About this game i like the story line and all the characters!<br /><br />i really recommend this game to anyone!	2013-01-29
US	16078264	R1A2QBO7QDGZNS	B001V7QIDE	94597412	Xbox 360 Live 12 Month plus 1 Month Bonus [Online Game Code]	Digital_Video_Games	5	13	13	N	Y	Instant	My live expired today without any warning and going without live for a week while amazon ships a card would be pretty boring considering I have the week off. I ordered this and within about 1 minute I got my code, entered it on xbox.com and it worked perfect. I could have just gotten this from xbox.com but Amazon has the bonus month for the same price which makes it a better deal.	2009-07-07
US	28904778	RQM6O21ICC8RI	B0067N0HLQ	683535351	Sacra Terra: Angelic Night [Download]	Digital_Video_Games	5	30	30	N	Y	Great Game	This is a very good HOG game.  You have to repeat several rooms, but the map is a real help on where to go next.  My only complaint/suggestion is that I would have liked the map to be interactive so I could just click on a location and be taken there.  Getting to a location can be tedious.  The game is longer than most games these days, with two goals to accomplish -- get rid of the demons and replace all of the rune stones in the church.  You collect tools along the way, which may be used in the current location or in another area.  The hint button recharges quickly and it doesn't cost a hint if you just need to know where to go next.  All of the minigames are either fairly easy or can be skipped if you wish.  I would recommend this game.	2011-12-07
US	16271601	RCE98XG1BWKTI	B007XWHLQ4	510972219	Costume Quest [Download]	Digital_Video_Games	5	2	3	N	Y	A amazingly fun adventure	I first tried the demo for this game on my 360 and fell in love with the gameplay and story. Saw it for $3 on here an couldnt resist. Its almost got a pokemon feel to it, in the sense that you go around collecting different costumes, which give you different powers to fight the bad guys. The fighting is turned-based and here it seems to take alot from Final Fantasy games, having different moves to choose from along with powerup moves which unlock after some time in combat.<br /><br />If you're looking for a fun game, with engaging gameplay and a fun storyline, you definitely can't go wrong with this buy, which also includes the Ice Grubbins DLC which you would have to purchase seperately if you bought this on Xbox 360 so thats a plus!	2012-05-12
US	13585557	R19BA9ESHGWO8N	B002VJK2VU	985309556	Elementals: The Magic Key [Download]	Digital_Video_Games	2	0	0	N	Y	"Game is great idea, but it ""hung"" in places."	"The game is fun as far as it goes.  It is possible that my copy was damaged. The game \\""hung\\"" in the middle."	2013-01-14
US	13220968	R2DEVTRE0JBU8J	B001K7HUUU	70609047	Jewel Quest Solitaire [Download]	Digital_Video_Games	5	0	0	N	Y	Jewel Quest Solitaire	I enjoy my Solitaire and I really enjoy this one. If you like Solitaire you<br />may like this game, check it out.	2013-01-31
US	52990550	R3LXV0WAIP5NA8	B008ALU5KG	629524765	XCOM: Enemy Unknown	Digital_Video_Games	5	1	2	N	Y	very good game	I'm hooked. There is huge tension on every mission if I'll make it all the way to the end or not.	2012-12-13
US	31346224	R2QS7M0PHV5YG9	B008B3M0LU	18066764	Flyff [Game Connect]	Digital_Video_Games	5	3	3	N	N	Easily Addicting	I started playing this game back in 2005 when it was first introduced to the US from Korea. It is a Korean MMORPG (Massive Multi-Online Role Playing Game).<br /><br />There are many different jobs to choose from. You start as a Vagrant, and can choose between a Mage, Acrobat, Mercenary, and Assist. From there you get to pick another job later on.<br /><br />I have been playing this game for over 7 years and have played every possible class and the customization is endless in-game.<br /><br />There are many helpful guides and other players in the online forums, as well as more information on the game itself.	2012-09-07
US	52231193	R141NU2C0A3GP1	B0030GG1B8	104907006	Port Royale 2 [Download]	Digital_Video_Games	4	13	13	N	Y	Problems in Windows 7 and Vista	I bought PR2 abour 4 days ago and have really enjoyed the game a great deal, with one major exception:  It keeps canking out when in the city view and brings up the windows blue screen of death.  It seems the game was developed in 2004 by Ascaron, a game developer in Germany that went bankrupt in 2009, and was originally designed for Windows ME, 95/98, and XP.  Support was never provided for Vista or today's 7.  Amazon shows the company producing / distributing as Strategy First, but it appears they purchased the rights to the game, then did nothing to support it.  In any case, if you are patient with the constant canks and do not mind advancing a few days of game play between computer shutdowns, go for it.  Truly, the game is 5 star material - especially for the price - but the annoyance and potential damage to my (ergo, your) computer may just not be worth it.	2011-03-13
US	45219627	R39FSF7IRRUZW4	B001QTWAHK	478492165	Hide & Secret 2: Cliffhanger Castle [Download]	Digital_Video_Games	2	0	0	N	N	Would be better without the stupid voice acting	This had challenging searches, fun mini puzzles though they were mostly shape-matching exercises and okay graphics. The characters were so annoying that I was wishing I could shut them off. The minute they'd come on the screen I was scrabbling for the skip button. I guess they're supposed to be amusing and funny, but the stupid always-hungry male stereotype, the pompous overbearing wizard and the long-suffering female character were just sad and annoying. I also prefer hidden object games where the objects are whole instead in fragments. The hints are sparse as another reviewer remarked. You do run out of them quickly, especially as on occasion this game hides objects in place you can't find them without hints. They simply aren't visible. So eh. It was okay to play but I really got tired of the 'storyline' fast. My sister couldn't stand it long enough to even get half way through this admittedly short game.	2012-02-04
US	23564949	RPWJW6516YVMS	B005BSXBSY	213275424	Real Crimes: The Unicorn Killer [Download]	Digital_Video_Games	2	2	2	N	Y	Lifeless Game	I purchased this on sale for $3. I overpaid. The entire game is anticlimactic. Reading the Product Description is more exciting than actually playing the game! If you never have enough hidden object (HO) games to play, try to find this for less than $3. HO - easy to medium difficulty, puzzles - easy. No voice overs. Graphics - OK. Jennifer the junior FBI agent is a little irritating.<br />Playtime 1.5 - 2 hrs	2012-10-01
US	24585868	R2C885068DWEMH	B00917DBUE	714336136	Dark Souls: Prepare To Die Edition [Online Game Code]	Digital_Video_Games	4	0	0	N	Y	Fun game	Awesome game lots of fun and really challenging. Great art work and fantastic game design. Recommend playing this as well as the prequel.	2013-02-01
US	34685125	R22RSQVLNXA9GK	B005DU4G3Y	47998878	The Sims 3: Town Life Stuff	Digital_Video_Games	2	0	3	N	Y	ok	did not realize the original sims had to be installed 1st and that this was just an ad on. I do not think the ad was clear. I did end up buying the orgianal also.	2012-10-21
US	21929791	R1BKM4TW5YSOJY	B007VTVRFA	402222185	SimCity - Limited Edition	Digital_Video_Games	1	0	0	N	N	Would love to play it, but EA wont let me	Origin says I've played seventeen hours of SimCity five. The truth is; Origin logs time in the launch screen or circular menus as time played. In reality, I have played roughly two hours of actual game. When looking for cities, I either cannot claim them, nor can I get back to the server from which they are on.<br /><br />I am still at a loss as to why our cities are tied but to one always down server and EA's excuse is &#34;well, if you want to play- just try a different server!&#34; What is the point of this game if you get to play at most one out of every five hours 'logged'<br /><br />I'd return, but who am I kidding- it wont stop EA from doing this again.	2013-03-07
US	12124542	R2DNB5JGKHU059	B0087STJLS	296282987	Battlefield 3: Premium Season Pass	Digital_Video_Games	1	1	8	N	Y	I expected this game to be at least a little better than bf2	I don't have much to say, other than this is the same exact game as battlefield 2. I don't really notice the graphics being much better, the controls are the same, the physics engine feels seems the same, it has the same horrible vehicle controls as before -- I honestly can't tell what they changed here besides the maps. This game feels about 10 years out of date to me. I was a sucker for getting this expansion pack so I could play with others. This was a huge mistake that I will not ever repeat again. I will not be buying bf4. Zero stars in my opinion. Fanboys, please pay attention to the fact that I said it was my opinion. I know many other people like this game, that's fine, and I don't speak for them, this is just my two cents.	2012-11-17
US	46544620	R1QKOSPGWKDFQ2	B001QTWAHA	845293204	Lucky Clover [Download]	Digital_Video_Games	5	1	1	N	Y	LUCKY CLOVER,LUCKY ME !	This game [[ASIN:B001QTWAHA Lucky Clover [Download]]]is a hit with me i mean i am really enjoying this game !I must say that i was a little hesitant in buying this game because i saw the little leprechaun image and it looks kind of 'cheap'so i thought to myself that this game is going to be boring and visually unattractive,well guess what ? I WAS WRONG ! This game is fun,the leprechaun hides things like clovers,crowns,hearts,horseshoes and some other things. Now on to the visual THIS GAME IS COLORFUL [visually pleasing to these eyes]and as for the host of our game 'the leprechaun' he says little corny things from time to time while jumping around the screen and to my amazement it's not annoying to me, actually he moves the game along so that it won't become stale. Buy this game !	2013-01-07
US	34220526	R2XOSQ1QARZSH5	B005HRZ29K	832660030	Deus Ex: Human Revolution - Standard Edition [Download]	Digital_Video_Games	5	1	2	N	Y	Says it is a game, but feels like a visionary tale!	Deus Ex: Human Revolution is the most engrossing game I have played since the original Mass Effect and Dragon Age Origins. I may draw flak for this, but I enjoyed it even more than the original Deus Ex. Deus Ex: Human Revolution manages to suck the player into the game world in a way that makes other developers appear lazy. I felt for many of the characters, especially the lead character and the tragedy in his life, even finding it very interesting that he was interested in renascence era clockworks (he has been building them in his apartment from blueprints). There is a bit of a let down as we don't get quite the closure with some of the characters near the end that would have been hoped for as becoming humanity's savior takes precedence.<br /><br />You play as Adam Jensen, the head of security for an up and coming trans-human augment corporation. Unfortunately, Adam's life is turned upside down when an attack nearly kills him, leading to him to need life saving augmentations throughout his body. Jensen takes a sabbatical from work to adjust to his situation; however, events cause Jensen to need to return to work six months after the incident. The plot keeps you motivated and has a lot of twists and turns. Without any DLC and playing as a mix of ninja, hacker, and gunslinger, I clocked 35 hours from start to finish of a single play through. There are so many fun ways to approach any given section, you might be able to cloak and completely sneak by, move from object to object and knock out a few guards along the way, hack a gun turret or robots to obliterate the enemies in a room, punch through a wall and start blasting away with a minigun, set up some traps, or even completely avoid an area by jumping a fence or slipping into an airduct. There is no excuse to not enjoy the game because you can literally play it any way you want.<br /><br />The only real weak point of the game is that boss fights can be a little bit rough on normal difficulty levels if you don't prepare for them with at least a few combat augmentations found on the Dermal Armor line (especially EMP shielding). The first boss was a bit tough for me, the second took a moderate amount of trial and error; however, by the third, I had enough augmentations across the board to take him down after only a couple of tries. The final boss was a complete push over for me as I could hack anything with an interface while laughing off most gunfire and EMP blasts, and had upgraded my revolver while stockpiling ammo for it to a point that would make Dirty Harry green with envy. Having mentioned stockpiling ammo, soldiers in the future seem to be able to pop off hundreds of rounds when they spot you while only ever carrying 2 or 3 rounds for you to take from their person; likewise, someone missed the memo that ammo usually comes 50 rounds to a box! You'll need to scrounge a lot of ammo and be proficient in several weapons to make it through the game if you are aren't planning a 100% sneaky approach (I carried both pistols, a tranquilizer rifle, a minigun, a stun gun, and an assault rifle for most of the game and used whichever had ammo on hand or best dealt with the situation).<br /><br />Ultimately, not only will you enjoy this game, but it will make you think. I found myself asking a lot of questions about the ethics of transhumanism and what makes us indeed human. More developers need to be willing to explore and interweave issues like this into their storytelling. This game is money well spent; however, you may want to get the augmented edition for the extras like the soundtrack (the musical score by the way is superb, as is the acting and art direction). What are you waiting for? Add to cart!	2012-05-06
US	49687825	RTVF3Q7ZUXES1	B0083VTNQA	550300086	Bioshock 2	Digital_Video_Games	2	0	5	N	Y	Prefer hardcopy media	Installation was problematic on Win 7 x64. Machine is higher-end, 16GB/500GB hd/1GB ram HD video. Did not prefer connection to Steam. Returned/refunded product code, re-ordered DVD copy, removed Steam files/account, installed ok from physical media correctly.	2013-01-18
US	39131614	R3SGYD7CI6756U	B0047O2Q0M	68597324	Burnout Paradise: The Ultimate Box [Download]	Digital_Video_Games	4	1	2	N	Y	Burnout Paradise: The Ultimate Box	It was more what I was looking for than some of the other racing games. The fact you can destroy your car and many others is a great feature! Nothing quite like racing toward your destination, glancing a the map, and having a sharp corner turn your car into a compact.<br /><br />  Limited ability to customize your car, but so many to get. Basically trading a truly custom look for running any of a slew of different bodies.<br /><br />  The one thing I couldn't get over was the fact your car keeps hitting the rev limit, then shifting up a gear. Not sure how many gears some of these cars are supposed to have, but I seem to clear the first 6-7 gears regularly, often it seems like I keep shifting up to the next...<br /><br />  Overall, the game is a blast, and more addictive than I would have expected for a race game.	2012-08-24
US	48684250	R3A4CRPVUWMG16	B00477472O	304079564	Dragon Age: Origins	Digital_Video_Games	1	2	9	N	Y	Dragon Age Sucks	This game utterly fails to have any appeal , it seems to be NWN the cheap version.<br />They really do not incorporate anything different and it is not as good as NWN.<br />Save your money if you want a RP game get NWN not it's cheap imitation.	2012-08-30
US	14394986	R1HC947448FYWI	B004GUSIFE	558419391	DC Universe Online [Download]	Digital_Video_Games	3	0	0	N	Y	not a bad action game.	Other than a lack of content at lv30(cap), it's one of the better and more fluid MMOG's I've played.  It's too bad we can't play it for the past while because of the actions of a few hackers.  So, this review is also cut short because we can't play the game.	2011-05-07
US	12365474	R2DUVXXMBOYOGZ	B00A9XQ83Q	363781726	Max Payne 3: The Complete Edition [Online Game Code]	Digital_Video_Games	5	0	0	N	Y	Awesome	This is an awesome game, though it feels short in content, it is well worth playing through. Really a great game, and one of my top games of 2012!	2012-12-26
US	25623976	RYNPQCVDY72ZB	B007VTVRFA	402222185	SimCity - Limited Edition	Digital_Video_Games	1	0	0	N	Y	Servers are Garbage!	The execution of this product is disgraceful. The game itself is pretty good. With how ridiculous the servers are right now, though, it gets a 1 star. Stop being asshats EA!	2013-03-07
US	45513083	R24CD3CNYD4N5C	B004APAEHA	178032140	Dragon Age Origins: Ultimate Edition	Digital_Video_Games	3	1	1	N	N	So much potential........gone.....	"This game has one of the grandest world and story i've played, with so much to explore and so much to see, it is an incredible experience.......if only they can make the game playable.......<br /><br />The first challenge is the DLCs, the Ultimate edition that you just downloaded does NOT support the DLC authorizations right out of the box, and a newly released patch must be installed in order for the contents to work, which was actually okay.<br /><br />Then, here's the crash. Look online and you will see, there are tons of outcries about this game having random crashes, so frequently that it completely destroys the game play! \\""Oh, you are about to win this extremely difficult battle? Let me crash the game for ya\\"". There are currently no patches that help address these crashing issues and so it is safe to assume that the game just has these as fundamental flaws.<br /><br />Terrible team AI. If you ever die in Dragon Age, is because of your teammates. In this game you go explore the world with 3 companions of your choosing, and they are suppose to help you through battles and fight on your side. NOPE. Every time i fight a battle, my mage companion (namely Morrigan) always manages to blast the rest of the team, including me, into frozen statues, and all you can do is watch enemies swarm up and slice you into pieces while you are frozen in place and there is nothing you can do about it. Friendly fire literally means \\""fire at your friendlies\\"" in this game.<br /><br />Incredibly dumb way to increase battle difficulty. There are 2 ways this game makes battles challenging. 1. Half of your party is dead before the battle even starts. Enemies always have ways to take out most of your heal at the very beginning of the battles. Before your character can even start to move, you already lost half of your heal and locked down with 5 different hexes that poison/slow/damage you, just plain ridiculous. 2. Swarms of enemies. While taking boss fights, you aren't really fighting the boss, you are just dealing with waves after waves of enemies that spawn right out of nowhere into the battlefield, wearing you out before you can even lay a finger on the boss. Just an incredibly dull way of making the game difficult.<br /><br />Paid DLC contents. What kind of developer charges 10 bucks for the player to be able to use a party storage chest?<br /><br />Overall, this game is very enjoyable for the first 20 hours, as you first get to know the world and the colorful characters, but as you progress more, the game just breaks down entirely into tons of technical difficulties and poorly planned level/battles, not a pleasant sight....."	2013-01-10
US	30536447	R23LOSSJQQEDB3	B00413QA3S	747969247	Speak & Learn Chinese (Mandarin) [Download]	Digital_Video_Games	5	2	2	N	Y	Cool and cheap	This software is cheap and it is for beginner like myself. I have no prior experience with Chinese. This software seems to be helping me understand noun such as doctor, classroom, shopping mall, etc... It's really helpful and you just download it and installed into your computer.	2012-07-19
US	42210208	R178FK7HD6DIFR	B002WC80JC	727636493	Heroes of Might & Magic 5	Digital_Video_Games	1	4	7	N	Y	is imposible to download !	It is imposible to download!<br />I tryed for 10 times, spending few hours and until now, i did not succed ... no comment!	2012-05-31
US	15394375	R1FNZ8CMW7OUY9	B0088TTJH0	727466057	Quantum Conundrum [Download]	Digital_Video_Games	4	8	14	N	N	Too much platforming	Quantum Conundrum, a game by Kim Swift. Kim Swift was a part of making Portal and it shows through in some aspects of the game. In Quantum Conundrum you are a young boy sent to your uncle's house who happens to be a crazy scientist. When you arrive there doesn't seem to be anyone home. Then you hear your uncle start to talk to you through some communication device and he seems to be stuck in some other dimension. He guides you through these different rooms with one puzzle in each, much like oh I don't know test chambers from Portal. After a short tutorial you are given the Inter-Dimensional Shift Device.<br />This is when you start to have control over what dimension you're in there are 5 total including the regular dimension. The first dimension you get is the fluffy dimension which makes everything all pink and fluffy, but it also makes thinks lighter like a safe so you can pick it up. Each dimension has its own slightly different art styles which is nice because the whole game looks exactly the same. The second dimension you get is the heavy dimension which explains itself, and I won't get into the other 2. When you do in fact have all the dimensions at once it makes for some devilish puzzles.<br />To be upfront the game is pretty good with that said i find myself getting the answer to a puzzle and just not being able to execute it because i missed some jump or i didn't catch that thing in time and holy shit that is one of the most frustrating things when you mind know what to do but you just can't get it to work just right in the game. First person platforming is just no fun because you mess it up so much or at least i do.  The game is way too focused on platforming, tight timing, and catching shit.<br />Now on to the part where I talk about the writing in the game. It's nowhere near that of Portal's. It kind of feels like it was written for a little kid. Which I guess makes since because the main character is a little kid, but even then they could have throughin some weird references to more adult things. It just sort of feels bland at some point. There's not even really that much of a story your uncles lost in some other dimension and it's your job to go find him. Whole game is cut with him saying stuff which is spouse to be funny, but it's not and he seemed to be talking about 90 percent of the time I was playing.<br /> Quantum Conundrum is not bad in any since of the word, but it defiantly has its fair share of problems. The story and writing could use some work as well as just the overall design aspect of a lot of the puzzles. It does bring a lot of neat ideas to the table witch are always fun to play around with. For 15 bucks the game actually felt pretty long it was at least 7 hours for me personally, and I had a pretty good time with it.	2012-07-09
US	45035525	RQC8PMJK20HWC	B00B3WVCBU	40159067	Second Life	Digital_Video_Games	3	0	0	N	Y	cool	this was a nice bonus item i have only been able to use it once but it's cool. Thanks for offering it on Amazon.	2013-03-20
US	16425121	R2322LXDBIRWLB	B002VWLKPO	80279754	Oddworld: Abe's Oddysee [Download]	Digital_Video_Games	4	1	1	N	N	Still working on it	Nice graphic based game.  It is taking me a while to play because I can't quite get the timing of some of the moves... I am not 8 years old,  over 40 and a lot slower that I used to be	2013-01-18
US	38668841	R1YHYDBGBG0VPL	B007VFHIHA	177545800	Hitman: Absolution	Digital_Video_Games	2	7	24	N	Y	Very disappointed	I was very disappointed from the beginning,it tells you what keys to press on the screen which I personally don't like. What's up with that instinct mode? Allows you to spot enemies through walls instead of peeking around corners,how unrealistic can you be. Hitman doesn't have x-ray vision. No map or hud and health bar regenerates on it's own,i don't see any gun shot wounds. you have to press a sequence of keys just to knock someone out.When you holster a weapon it just disappears,and the sniper rifle just appears out of thin air; No assembly or anything,how does he carry the rifle without a case. Does he have an armory in his pants??<br /><br />I feel like this game was poorly laid out & there was no thought put into it, Eidos did a MUCH BETTER job in the making of the Hitman games b4 this one was made. Eidos was not a devoloper this time.	2012-11-22
US	49757449	R3OW8HKM8MSYJ1	B00AOCUBOE	753301508	FreeFall Tournament	Digital_Video_Games	5	1	2	N	N	My son loves this game	My son loves this game.  As a mother, I'm glad it doesn't have blood but there is a lot of shooting and explosions.  I guess boys will be boys.  At least it's free.  Plus, I can threaten him that he won't get to play if he doesn't complete his homework first.  It's been really effective for that.  So, since he is happy and doing his homework, I'm happy and give it 5 stars.  Update:  Dad wanted to say he hates getting killed by his son.	2013-01-14
US	24553276	RYHU0HEVYZQUX	B001KC01ZQ	612860682	Mahjongg Artifacts: Chapter 2 [Download]	Digital_Video_Games	4	3	4	N	Y	A pretty good game	I accidentally became interested in Mahjong after watching my sister, who enjoys the game, play.<br /><br />Mahjong Artifacts was an Amazon FAOTD and I enjoyed playing it on my Android phone, so I decided to get the sequel on my PC. While it is a bit more difficult to create combos on the PC (and I am willing to admit that this may be due to my being slow moving my mouse), one thing that can be quite maddening is the fact that due to the non-movable position of the tile set, it is possible to have a free tile that you cannot see due to it being obscured by other tiles in the way. Some sort of 'tilt' function where the tile set could be moved a few degrees to allow complete visualization of all the tiles, especially when the tile stack in front of the free tile is very high would have been appreciated, considering this is a game where scoring is based in some part upon the speed with which one completes the game.<br /><br />Another compliant (a minor one) is that there is no entry in the Help section to explain the function of the feather and magnet and other special tiles. If I don't play the game for a few weeks, I may forget how to use the tiles. Going to the help section is not illuminating.<br /><br />Lastly, it would be nice if there was an option to show all the matches for a particular tile. Again (and this goes beyond matches of flowers or seasons, etc), it can be difficult to figure out which tiles are matches while not being exact matches (if that makes any sense).There can be a penalty for this (a few pearls), but again in a game where you are scored on how quickly the set is cleared away, this would be a boon.<br /><br />All that said, though, it is an  enjoyable game and a great time waster.<br /><br />PS-the developers really should stop asking the gamer to rate their games every time the main menu is brought up.	2012-03-15
US	35813072	RJRY603W3QD3S	B007VTVKG6	126987789	The Secret World	Digital_Video_Games	4	3	4	N	N	Buy to Play	Game is buy to play now so it's totally worth it. Before it wasn't worth the $60+ $15 a month.	2012-12-15
US	52875178	RM66JARGH2B1L	B001KC00HU	631385531	Jewel Quest 2 [Download]	Digital_Video_Games	1	2	2	N	N	My crash dummy ... you get what you pay for	I'm not much for writing negative reviews, but this is the worst product I've ever gotten from amazon.com.   This game continually crashed until I got to level 4 and now crashes at precisely the same time.  Once it totally screwed up my video. An enthusiastic thumbs down for a game that simply doesn't work.      To update, I am running Windows Vista Ultimate	2009-03-04
US	14319955	R30W69PDR58W2B	B00457VJ3G	341178582	SimCity 4 Deluxe Edition with Rush Hour Expansion Pack	Digital_Video_Games	4	0	1	N	Y	Good	Good, it was quite good. And it was also quite good and now I only have a few more words to go.	2013-04-05
US	12193100	R6LR0QR84PZQL	B002VBWIP6	232803743	Xbox Live Subscription	Digital_Video_Games	5	1	1	N	Y	The Best Way To Buy XBox Live	Forget treking to the stores or browsing through website after website....Amazon makes it easy and affordable. My Stepson's birthday was one day away when he blirted out what he finally wanted and....Amazon to the rescue.	2011-05-06
US	11757749	R2W02ZO17ZOHR8	B004D4YDNE	69625145	Grand Theft Auto IV - PC Download (Standard Edition) [Download]	Digital_Video_Games	1	1	2	N	Y	wtf	"Purchased this, took me 9 days to download it.  \\""Download is corrupt, click OK to go to your downloads and download it again blah blah blah\\""  Gotta be kidding me."	2011-09-04
US	22153696	R1EI1TQABNIUOT	B008J35YFQ	225309182	Xbox 360 Live Points Card	Digital_Video_Games	5	0	0	N	Y	Quick and easy	I love that you can either have it come in the mail and just get the codes right away.  I also like the fact that I don't have to work about xbox autocharging my xbox live when it runs out or any kids accidentally buying all kinds of stuff.	2013-04-11
US	25514684	R3T871J6W7MH1K	B003UNKYL4	598236546	ArmA 2: Operation Arrowhead [Download]	Digital_Video_Games	1	0	4	N	Y	ArmA 2: Operation Arrowhead	By far the worst fps I have ever tried to play.  My expectations were not that high but the game was so slow and boring that I doubt if I got through 5% of it.	2012-08-15
US	34750326	R1J64F2A9EFIRC	B005H40K7W	648253967	From Dust - PS3 [Digital Code]	Digital_Video_Games	5	1	2	N	N	PS3 Version works great and their are no connection problems.	This is a very unique game. I enjoy playing it when I get the time. If you are having problems with the PC version or are planning on buying this game soon, Download it of the Playstation Network. Its getting low reviews from people b/c of all the connection problems. This game is very interesting.	2011-10-25
US	36725097	R1J67DP28NYZC6	B002FGU08E	848515557	Double Play: Jewel Quest 2 and 3 [Download]	Digital_Video_Games	1	0	0	N	Y	fishdom2 much much much better	False Trojans (AVG) in download so i have to disable my virus protection which i did only to find a dated version of the match 3 game. the pointer you use to match jewels is slow and i have a gaming laptop that runs skyrim on high settings making playing timed frustrating---good thing it was cheap-but not as cheap as better games here on amazon like fishdom2.	2012-04-04
US	42077041	RNLPOK1EI4S9I	B009SPZ11Q	826849966	BioShock Infinite	Digital_Video_Games	5	1	3	N	N	I am as impressed as I was with Bioshock (2007)	I am not too far into the game, and I understand some complain about a slight lack of originality. But I see it rather as an original story with some strong nods to the Original Bioshock (and of course the same mechanics. If they aren't broke don't fix it).  I thoroughly enjoyed the game so far and I'll update when I finish it.	2013-03-30
US	19776172	R3J1EQE2F5EVQ2	B00359FHL0	383462468	Nancy Drew: Curse of Blackmoor Manor	Digital_Video_Games	3	0	0	N	Y	Meh	This game at times was nearly impossible at times. The puzzles were hard, at one point you're thrown into a secret passage filled with moving rooms that took me two days to figure out. The plot was really good, the villain was the last person I suspected, and there were a couple of moments when you jump.<br /><br />At first you're not able to go very many places in the manor, but once you figure out all the passage ways the weave throughout the mansion, there's more places to go to. There really is only two people you actually talk to, and even then you didn't talk to them much; I talked to a parrot more than humans.<br /><br />Overall it was a pretty okay game. I have, without a doubt, played better Nancy Drew games than this one. It was a strange, but very good, plot. Unfortunatly, it was VERY hard. If I were a person who hadn't ever played a Nancy Drew game before, I'd go play the Legend of the Crystal Skull,and leave this one for much later. If you are going to play it, keep a notebook and a pen near; you'll need it.	2012-06-18
US	16815825	R25IDSQ0JD5GHD	B008FPV4N4	243923403	Grand Theft Auto: San Andreas	Digital_Video_Games	5	15	15	N	Y	One of the best games of all time.	This is by far my favorite entry in the Grand Theft Auto series. I originally got it for Xbox, then Xbox 360, but the PC version has got the best graphics. Yes, GTA IV definitely has better graphics, but as far as gameplay, San Andreas takes the cake. ALL of it. The '90s music, the gangster-hood atmosphere, the hilarious NPC dialogue, the missions, and so many more things make this one of the best PS2 classics as well as just one of the best video games of all time. Even after you beat the storyline missions, which are very entertaining and enthralling if I might add, there is just SO much more to explore and fun to be had. I would definitely recommend this game to anyone who has played GTA before, and to people who are new to the series. Happy Gaming, Ladies and Gents! :)	2012-06-30
US	14114726	R3OAMF7RFZHUNO	B00APOVDDY	126337887	Darksiders Franchise Pack [Download]	Digital_Video_Games	5	2	2	N	N	Very good deal	$13 for the first game of a series and the recently released 2nd version + the DLC's is a very good deal at $13. I got a $5 THQ coupon and $3 in gift cards so it was even better :)	2012-12-26
US	42407741	R1P4BY36GQPJOP	B007FGUFX4	123632701	Darksiders II	Digital_Video_Games	4	0	1	N	Y	Good game, but has flaws	I loved the first game very much, and this one is right up there, though it has issues.  You can tell its a console port because of the controls behave.  The graphics are ok, but could be better.  If you liked the first game and want to continue learning about the story, then this game is a must.	2012-11-15
US	18090983	R16YZZJI6VVP2H	B004RMK4BC	384246568	Playstation Network Card	Digital_Video_Games	5	262	290	N	Y	Very Good and Quickly	A delivery of code is very quickly. Few seconds. To Brazilian, this is the best option to charge your USA's PSN account. The code works perfectly.	2012-10-23
US	10513360	R3IH6FS7ZVN3TN	B0033PSLYG	222390687	Cajun Cop [Download]	Digital_Video_Games	4	0	0	N	Y	Fun game	Filled with many H/O scenes and mini games. Great storyline to go along with it. Highly Recommend to young and old	2013-04-22
US	50989385	R3JGP42UEPTFXG	B001KC04D0	694621331	Jewel Quest Mysteries [Download]	Digital_Video_Games	1	2	2	N	Y	Jewel Quest	This program does not work on my Windows 7 or Windows 7 Professional. There should be a way to get a refund for programs that do not work.	2012-07-20
US	13488103	R2D4A080C02CLR	B001V7QIDO	225309182	Xbox 360 Live Points Card	Digital_Video_Games	5	12	16	N	Y	BUYER BEWARE : REGION LOCKED TO USA users only.	BUYER BEWARE : Microsoft now uses region locking. Do not buy if your located outside 50 US States. They wont work.	2011-05-10
US	13896185	R1DKWDL0L3UVJO	B005IHDLYW	558291004	Tropico 4	Digital_Video_Games	5	4	5	N	N	Best City Builder	"This is hands down the best city builder out, as was Tropico 3. Please disregard the low scores from people that have improperly set up their computers as they really shouldn't be reviewing the \\""product\\"". They were not capable of making this game run and shouldn't be reviewing it. It is frustrating to purchase a product that does not work for you. Unfortunately with computers it is difficult to tell where the conflict is on your setup, and when you aren't sure to point fingers. With that being said there was injustice done to the scoring of this game. If you run a fresh OS install with the recommended requirements it will run just fine. In fact it will run much better than fine. If you have an outdated system you'll likely be shocked how well Tropico is running.<br /><br />I've always been confused by Sim City and never hit that stride where it was a lot of fun. I have always been a Civilization fan, but when the last release V fell through I stumbled upon Tropico 3. The game filled that void with the variety and attention to detail. As you dig deeper into this game it is dumbfounding that so much thought went into the decisions that were made. It's easy to just look at the eye candy and overlook the micro managers dream that is burried underneath. What seperates this game from others is replayability. I've never grown tired of playing it.<br /><br />What's the difference between Tropico 3 and Tropico 4? More stuff, a lot more stuff, and a whole bunch more stuff. If you aren't familiar with Tropico you could easily grab a copy of Tropico 3 to keep you engrossed for the next year. You only need to reach for Tropico 4 if you want more. It is essentially the same game if you strip off the extras. However, who doesn't want more stuff if they love the game?<br /><br />This is one of those rare situations where you want to say if it is not broken do not fix it. Look how they fixed Civ V. It's so fixed that even Sid Meir doesn't like it."	2013-02-18
US	33434347	R19LAO3DVHR1OH	B0085P7YGU	813357047	Torchlight	Digital_Video_Games	1	0	5	N	Y	Can't install this.	I cannot install this game. It tells me I have an updated version of C++ so it cannot install. That is stupid. I don't know how a newer version of a program can make it not work.	2013-01-12
US	43517720	RDINYNXP1PYBM	B0085NTITS	742077220	Spec Ops: The Line	Digital_Video_Games	4	6	6	N	Y	Surprisingly great	I was expecting this game to be a mediocre, run of the mill, third person shooter. I saw it on sale on here for half off the weekend after it's release, and I picked it up. It has been a long while since I've looked forward to getting home to play a game, and this game makes it so. The story does not drag. It is enticing and interesting. You fill the role of a captain of a 3 man squad who were sent into Dubai which has been ruined by war and extreme, near constant sand storms (which lead to very interesting gameplay and visuals), to recover survivors of the whole situation. You start to uncover a long strange line of destructive behavior from the different sides of the war, while being caught right in the middle. Currently I am about 3.5 hours in, and have not once been in any way bored. The game does currently seem a bit easy. I started on the hardest unlocked difficulty, suicidal I believe it is called, and it has gone pretty quickly. I do enjoy that the enemies are not bullet sponges. They die in about 3 bullets or less, and headshots are OHKs. The majority of the enviroments allow you to flank the enemy. While the levels tend to progress in a generally linear fashion, most of the fire fight areas are large, interesting, and varied. This game portrays the feeling of stranded that you are very well. You are constantly low on ammo, you swap weapons very often, and you rarely come across someone who isn't trying to kill you. Overall, for 25 dollars I completely feel this game is worth it. I have not been able to try multiplayer, due to some kind of issue with steamworks. I don't know what it is but the game believes I'm in offline mode, when I'm not, but if the multiplayer is good, then this is a 5 star game, in my opinion.	2012-07-02
US	28783776	R9WTQL9PYHUJW	B007A5WCCC	618086229	House of 1000 Doors: Family Secrets  [Download]	Digital_Video_Games	4	0	0	N	N	Enjoyed game	I played the game continously until the end, which means it held my interest and was easy to figure out. I would go back and play it again as another name to see what happens.	2013-01-15
US	45427463	R8ZTGTXD8W64W	B005QF1OSG	616569685	PAYDAY The Heist [Download]	Digital_Video_Games	5	2	5	N	Y	Amazing game, worth the money.	An aboslutely phenomenal game, which resembles Left 4 Dead and Call of Duty. While it borrowed some aspects from them, it's not a rip-off by any means.	2012-02-23
US	49664686	R2A87MDUK50USL	B00AM215VE	393305477	Starter Vehicle Pack - Soar: Second Life [Instant Access]	Digital_Video_Games	5	0	0	N	Y	Nice pack for Second Life Residents	Too bad it was removed. I'm a long time resident of Second Life, and one of the items is a Premium members only gift, so this is definitely a steal!	2013-02-17
US	17095312	R27KN5696R8VWW	B005TMG0IU	660444606	Might & Magic: Heroes VI	Digital_Video_Games	4	0	0	N	Y	Awesome	Great campaigns and solid online interface. Slightly less awesome than heroes III, but still worth the time and money. Online download worked great. No issues.	2013-01-19
US	44202545	R3NG64IRYTZCUW	B007RIGE12	155977885	TERA	Digital_Video_Games	5	0	0	N	Y	Worth it	Glad I bought the digital copy for $10 to get the Founder status in game before it went free to play, totally worth it since the price of the game has been skyrocketing because of the Founder status.	2013-04-13
US	51653442	R2DJ7BIZ1SUUFQ	B003FGW7C0	964534232	Mystery Case Files: Dire Grove	Digital_Video_Games	4	0	0	N	Y	If you liked this, try Midnight Mysteries Salem Witch Trials	I avoided this game for so long thinking it would be the same format as earlier Mystery Case Files games (90% hidden object, no challenging mini puzzles and repetitive).  Boy was I in for a pleasant surprise.  I think this particular game sent the bar for a newer genre of hidden object, puzzle solving and strategy games.  Most of the other reviews have covered the strong points of the game.  I will add that I recently bought and played Midnight Mysteries, The Salem Witch Trials which had a very similar format and feel to this game (in fact, it may have been just slightly better than this one).  So if you are looking for a strong follow-up to this game, I would highly recommend that one.	2010-07-23
US	14384054	R3ON4MBPV49A4S	B005OE9YUY	304210147	Nuclear Dawn	Digital_Video_Games	2	2	13	N	Y	No Instructions.	I am sure that it is an excellent game, but there no instructions as to how to play it...cannot find any on Google or elsewhere...	2011-11-25
US	19419187	R225OWRAK4GMPJ	B008ALU5KG	629524765	XCOM: Enemy Unknown	Digital_Video_Games	4	2	4	N	Y	Good	Son enjoys. Fun to play and challenging play for most levels of play. 2K sent $5.00 credit on next purchase which was nice surprise.	2012-12-31
US	16792960	R3GVFHH8O3C5VD	B002VBWIP6	232803743	Xbox Live Subscription	Digital_Video_Games	4	0	0	N	Y	Received quickly and works as expected.	Received quickly and works as expected. No problems so far. I am happy with the item and would purchase again.	2013-01-08
US	41647830	RP2YLS4GRERR9	B002VBWIP6	232803743	Xbox Live Subscription	Digital_Video_Games	5	0	0	N	Y	Cheaper	5 stars for the fact I can just download the code and look at another screen for my 360 and input it right away. If you have the money I would HIGHLY recommend as it'd be cheaper in the long run.	2013-04-21
US	38758488	R3LKKZIE9TI949	B009YLKBQY	714287586	Kingdoms of Amalur + DLC Bundle [Download]	Digital_Video_Games	5	0	1	N	Y	Like Dragon Age and Morrowind had a baby and threw in some extra MMOish elements	This is seriously one of the best games in the past couple of years, especially in the action rpg genre.<br /><br />Good luck getting it at this price again or anytime soon, never seen it this low with all expansions, extremely worth it if you are an action/adventure or rpg fan.	2012-12-22
US	37990054	R1MRMX36U106L	B002VBWIP6	232803743	Xbox Live Subscription	Digital_Video_Games	5	0	0	N	Y	perfect	the code worked perfectly no problems at all Recommend everyone to buy from amazon its cheaper than buying from the xbox 360 and i does not take a long time like other online stores to get the code!	2012-10-27
US	43917060	R12LKZZ3WDGTSD	B0093N3Z0M	719601541	Mortal Kombat Arcade Kollection [Download]	Digital_Video_Games	1	7	12	N	Y	Never got to play it	I could never get the game to work with my game pad. It was a total waste of my money.	2012-12-10
US	33413349	R27JSV12AAID2C	B004QZAE06	43193859	Total War: Shogun 2	Digital_Video_Games	5	0	0	N	Y	Smooth, beautiful, deep and fun	This game is a great example of learning from past successes and mistakes. The game brings together all the best qualities of Rome, Medieval 2 and Empire Total War while smoothing over the jagged edges that sometimes made gameplay tedious or confusing. The art is beautiful, the units and tech tree are fun and the interface is elegant.   This game begins to achieve something I've always wanted to see: a successful fusion of the Total War series' tactical battles and the Civilization series' strategic empire building.	2012-01-16
US	44530896	R3P20SHPHWAJ6V	B001KC03ZE	148264073	Jewel Quest III [Download]	Digital_Video_Games	5	4	4	N	Y	Just finished this game	I just finished this game.  If was really fun but very difficult.  There were times when I thought I wouldn't be able to beat certain maps.  It was very rewarding when completing some of the most difficult maps.  This was the first Jewel Quest Game I'v downloaded and played.  It worked really well no problem with loading or crashing on my laptop.  If you want to spend $7.00 bucks on a very fun and challenging game that will take you awhile to complete than by all means get this one and go for it.  Graphics are really nice and the game play topnotch.	2010-01-24
US	10200504	R1S1BAVUBIEIG7	B008CA9XB2	663254282	Sid Meier's Civilization V: Gods and Kings - PC	Digital_Video_Games	4	0	0	N	Y	Quality expansion	Some of the changes made to Civ V by this expansion aren't favorable. Overall though, the expansion is a lot of fun.	2013-02-21
US	9712277	R1XIDU4AP37CM9	B007VTVRFA	402222185	SimCity - Limited Edition	Digital_Video_Games	1	10	10	N	N	A terrible product	"I share similar sentiments with those posted above.  After the initial hiccups, waiting, and many patches later, I finally started to enjoy the game.  Two days ago, a city I spent a significant amount of time on was simply lost to oblivion: the city is currently \\""being processed\\"" and I can no longer access the city. From what I've seen, this happens frequently.  It has been this way for over a week now, and I have since stopped playing the game.  Pathetic.  I was always a huge fan of Simcity. Thats now gone. They've simply released a bad product.  Don't buy it."	2013-03-19
US	7442919	R26AW6B7S5E7S4	B0083W649I	986415757	Bioshock Dual Pack [Online Game Code]	Digital_Video_Games	1	1	6	N	N	hell	i can't run this game  something problem is in this game  i used window7 and i can't  run s*** s***	2013-01-24
US	33355113	R1B67CQDNBTHPV	B0099R8ERG	63553165	Call of Duty: Black Ops II	Digital_Video_Games	4	3	6	N	Y	A STRONG 4 STARS!	Awesome Game with amazing new weapons and gadgets.....Only if your a diehard fanboy then this game is perfect if not the game is still worth a campaign playthrough but its the multiplayer and zombies that keep us coming back for more......a STRONG 4 Stars. ^_^	2012-11-13
US	27303941	R3A322BIWNRIYA	B002MUB0NW	960836046	Luxor [Download]	Digital_Video_Games	5	0	1	N	Y	Finally got it to work on Vista!	"It opens. I click the \\""Click Here to Play a New Game\\"" button and it closes. After a few tries, it's getting annoying. Uninstalling right now.    Update: After reading the other reviews with comments on how to fix this bug, it's fixed! I'll have to remember that handy trick for making compatible with XP and running as the Administrator. Now I can enjoy this great game!"	2011-05-03
US	21542812	R3FW9IUDPQ721X	B003UD7RV4	438796217	Midnight Mysteries: Salem Witch Trials [Download]	Digital_Video_Games	4	3	3	N	Y	Lots of fun!!!	I thought that this was a really fun game for the kids and me!!! The graphics were great!!! We had no problems loading or saving the game.	2010-12-17
US	40742776	RTUNP5AEQT1UJ	B007VTVRFA	402222185	SimCity - Limited Edition	Digital_Video_Games	1	55	132	N	Y	You are only buying a key and being sent to Origin	"The download version (which, to Amazon's \\""credit\\"" does mention needing Origin to \\""activate\\"") actually just redirects you to download the Origin client, which then lets you (slowly) download the game. You might as well just buy it at EA's store if that's the case, there's nothing gained here. The boxed copy doesn't mention Origin anywhere - but still requires it. If you want this game, you will be forced to install Origin and leave it running at all times while playing the game. The quality of the game is irrelevant, it comes with malware. You're welcome, customers."	2013-03-05
US	29844610	RD8WGXS3AIEPN	B008D7EYWC	285817101	Need for Speed Most Wanted	Digital_Video_Games	4	2	7	N	N	[UPDATED!!!!]  Ignore these whiners because of NEW PATCH and AMD BETA DRIVER	"[UPDATE] Like I said in this review waiting for a new driving would be best.  A new patch has been issued and the AMD beta driver dated Nov. 16th (AMD CATALYST 12.11 BETA8 DRIVER) Improved the framerate significantly (I have AMD 6800s with option of crossfire and a 970 AMD Black edition CPU).  60 FPS with most settings maxed.  Patience, that is all that is require you whiny gamers!<br /><br />These guys giving MW a single star are ridiculous.  Instead of wasting your time reading the pathetic wimpering of owners 680 video cards who can't be bothered to temper their massive impatience until new drivers are released take a look at this light technical review of MW: Rage3D.com \\""Need for Speed: Most Wanted PC Technical Review\\""<br />This article gives you a very reasonable overview of the troubles this port is grappling with absent drivers that take advantage of the GPU. As it stands for the moment this game is CPU bound,.<br /><br />However, if you can put your anger aside unlike these frothing owners of PCs' intended to help them overcome the obvious limitations of their manhood you will find a real gem of a Need for Speed experience.  Just reduce your graphical settings so that you can improve the sub par framerate that dips far too often.  The most common setting that will improve your performance is the geometry setting.  This isn't the first you have had do this kind of thing but who cares if it makes you have a blast with this game.<br /><br />I am running an AMD quad core 970 with the option to invoke cross fire with my dual 6850s.  Crossife doesn't do anything at this point so don't worrry about it and just turn your settings down and run one card.  I fooled around with my settings switched my settings to medium.  This seemed to really help with the framerate<br /><br />So enjoy this game and just look forward to playing MW with whatever fixes come down the pike."	2012-11-08
US	11957028	R1P3TA7N5HCLQL	B003UD7RV4	438796217	Midnight Mysteries: Salem Witch Trials [Download]	Digital_Video_Games	5	0	0	N	Y	Great Entertainment	A fun game with great graphics. The puzzles are fairly challenging without becoming frustrating. The hidden objects weren't to difficult to find. The storyline is interesting. You can unlock an extra hidden object game if you find all 50 clovers.	2012-06-06
US	50656582	R1YJ092WE1IR3S	B002N2YLDA	651261886	WipEout HD [Online Game Code - Full Game]	Digital_Video_Games	5	1	2	N	N	One of the best	This is an excellent addition to the Wipeout series and is one of the reasons I went for a PS3 over a 360 (well, that and the free blu-ray player). The 1080 HD graphics are incredible.	2010-11-26
US	17859908	R7E8RB6OMZO6O	B002FGU08E	848515557	Double Play: Jewel Quest 2 and 3 [Download]	Digital_Video_Games	2	0	4	N	N	Not Pleased	I purchased the game download on 2 seperate occasion. I was never able to download the game from Amazon.com. Amazon.com was not helpful and blamed me and my computer for the problem. They refused to check on the problem from their end. I finally downloaded the game directly from IWIN games, with no problems. Think twice before buying game downloads from Amazon.com.	2011-07-07
US	45820489	R2MY3A9W9LB1EK	B0091T6FQO	206154893	Desert to Sea Bundle [Download]	Digital_Video_Games	5	1	1	N	Y	Get this while you still can	This bundle is a steal deal if your into games which have high quality narrative on top of this you get 5$ prmotional credits towards 2k games get this bundle while you still can	2012-12-26
US	7548929	R2M70WCIAJSBMC	B007JPKGH6	993315172	Need For Speed World Starter Packs	Digital_Video_Games	5	0	0	N	N	Great deal for cheap	This is a fun game, and this is the cheapest way to get boost for it. Definitely recommend if you can get it.	2013-01-18
US	44033618	R3N6VJGVUC9JBS	B0073VCB8I	960339290	Rage	Digital_Video_Games	3	0	0	N	Y	ehhh	Honestly not too impressed with this game. its just your typical run of the mill, little creativity. boarderlands is a way better game of this style pluss is has multiplayer capability. but i recoment buying the platform version. but then again im not really a pc gamer.	2013-01-15
US	10738103	R3QYOCLL69GMNZ	B002VBWIP6	232803743	Xbox Live Subscription	Digital_Video_Games	5	0	0	N	Y	Good Deal	I purchased this for my son.  I love that it is a money saver.  I will definitely continue to buy his Xbox live subscriptions from Amazon if they can offer a deal like this.  Thanks!	2012-03-12
US	13569701	R2YO8X9XOYI0BN	B006JRRAZQ	467977545	Battlefield 3 - Back to Karkand DLC Pack [Online Game Code]	Digital_Video_Games	2	1	1	N	N	Paying for dlc is a ripoff	Paying for dlc is a ripoff. The game itself is overpriced and then they go and charge a crap load more for just a few extra maps	2012-12-02
US	9680335	R3CTW46N6G18EV	B0091XHZW8	37905404	Guild Wars 2 [Download]	Digital_Video_Games	5	0	4	N	Y	I love the service here	The game itself is very attracting with many new modes which i've never experienced before in other games. Yet the service is even more impressive. Due to my net problem, I cannot retrieve the number at first. The service immediately solved this problem without any trouble.	2012-11-27
US	15898772	R3NHCNPF76F5R0	B0047O2L70	706806298	Dead Space	Digital_Video_Games	4	0	0	N	N	Good survival horror game.	"To be clear, I don't see this as a full horror game but more of an action survival game. The horror mostly comes from cheap scares thanks to the monsters popping up everywhere. However you eventually realize that anyplace with ventilation shafts are a trap. But nonetheless a really enjoyable experience and like I recommend with any game that's most basic principal is horror, play at night, in the dark, with the sound up. You need to immerse yourself. My only gripe is that it was ported from console so the mouse aim is a little \\""floaty\\"", but their is an option to take of v-sync in the main menu that helps alleviates the problem. IN SHORT, immerse yourself and you get a good game."	2011-03-10
US	52621822	R19DCLCOSPN1X3	B0054SFL34	510762395	Dungeon Siege 3	Digital_Video_Games	3	0	7	N	N	I did not get this item	"I was looking at the Verizon TV ad where the boy's mother butts in and takes over the computer during a Dungeon Siege game.  I really don't remember actually   downloading the demo.  The father runs in and yells \\""We were going to storm the castle!\\"" and the boy just shrugs and points to his mother.  A metaphor for life itself."	2011-12-10
US	12948451	R3HY9CK4BM448	B0083W649I	986415757	Bioshock Dual Pack [Online Game Code]	Digital_Video_Games	5	1	1	N	Y	Fantastic game bundle for those dystopia lovers	I've never seen this bundle for $5 as it was at my time of purchase, so I couldn't resist the urge! Games activate on Steam, so you always have it backed up should you need to delete it for space. Or you can go through the Amazon download and get the non-steamworks version, which also is archived on your Amazon account. You can't go wrong. These games bring a fresh feeling to monotonous FPS story-based games. Definitely worth the purchase.	2012-11-28
US	11039792	R4HRGZQ9OQ9R1	B002VBWIP6	232803743	Xbox Live Subscription	Digital_Video_Games	5	0	0	N	Y	Great Buy	This is the only way I will buy my xbox membership. The price is unbeatable, much less than going to walmart and buying it. The code was available instantly and there was absolutely no problems with activating my membership. I will for sure purchase this again!	2012-03-30
US	40685022	R3H817GAOTB8NU	B0052UX62W	45221875	The Sims 3: Generations	Digital_Video_Games	1	0	5	N	Y	Cannot get this to work with my Sims 3 on Steam	Cannot for the life of me get this game to work.  Constantly getting errors saying that I must have Sims 3 installed first, which I do.  Have been in contact with Steam and EA Games but neither have been much help.  I just want a refund but of course I can't get that because it is DLC....ugh....so frustrated.	2011-12-01
US	22680310	R38WB6AYTDATD4	B001VEI39Y	813395569	Youda Farmer [Download]	Digital_Video_Games	4	0	0	N	Y	Youda Farmer	I loved this game.  It was a lot of fun.  I only wish that it could have been longer.  I wanted to continue playing and was disappointed when it was over.  I would strongly recommend this game to anyone who likes time management games.	2011-10-21
US	28279687	R2EEEJ9JM26BZM	B004WSJEPI	992548984	Warlords Battlecry 3 [Download]	Digital_Video_Games	1	1	2	N	Y	major bugs for Daemon player	I tried playing the Daemon player, and I could not cast a spell, or occasionally build a building. I have tried to cast spells with a 90+ per cent success rate with no success.Unfortunately, there is not a bug patch for this.	2012-01-10
US	46174122	R2QVI5BY12S9AO	B00945156U	903280277	Borderlands 2	Digital_Video_Games	1	15	73	N	Y	Only includes campaigns	Unlike previous season passes, this season pass does not include all of the game's dlc.  I thought that was the point of a season pass, you're giving the developers a big boost in cash now instead of buying them 1 at a time as they come out.  You're throwing the developers a bone and they throw one back.  Edit for clarification: $30 today is worth more than $40 next year.<br /><br />But no, that's not the way it is anymore.<br /><br />The 5th class is not included in the season pass, and, as far as I know, no new costumes, classes, or other non-campaign content will be included.  Those will be separate downloads, probably costing 10.00 each.<br /><br />How much do they expect you to pay for borderlands 2?  Right now the game is 100 bucks if you pay full price for everything.<br /><br />0/10, would not recommend to a friend.	2012-10-17
US	48384596	R3MGXSXXVTL9WT	B004OYTV3A	231900464	Murder Island: Secret of Tantalus  [Download]	Digital_Video_Games	1	1	1	N	Y	BE WARNED!!	I was really excited to download & play this game; however, it will not run on Windows 8. it locks up my computer, & I have to cold-boot to get it back. I've tried compatibility settings, but to no avail. so be warned, that if you want to play this game, make sure you don't try to play it with newer computers. I wish I could write a review on the game, but at this point, I doubt I ever will.	2012-12-20
US	41262950	R3RDIZD1RYJ44W	B004SCRFZE	366636141	Europa Universalis III: Divine Wind [Download]	Digital_Video_Games	1	5	44	N	Y	Waste of Money!	Tried numerous times to download this.   It crashes every time I try to launch.  I have tried everything to no avail.  Don't waste your money.  Buy another game.	2011-08-01
US	13308671	R22PK6OGQVVDDC	B008ALUBYQ	112160022	Borderlands 2	Digital_Video_Games	4	0	0	N	Y	New and improved Borderlands	Pre-ordered the digital version from Amazon and was able to pre-download before release on Steam flawlessly.  Booted up on release day with the pre-ordered bonuses with no problems.  Borderlands 2 to me is really more of an expansion of the first.  If you played the first one you will be right at home here.  They really just improved on the first game which to me makes the decision of purchasing this game easy.<br />If you played the first Borderlands and enjoyed it, defiantly purchase this.<br />If you played the original and it wasn't for you, this probably wont be either.<br />If you never played Borderlands but like FPS games with RPG elements this is the perfect item chasing game to keep you busy.	2012-10-12
US	22260829	R2KS8P5DQ47VZU	B00632BHEM	641685341	Tropico Reloaded [Download]	Digital_Video_Games	5	0	0	N	Y	Love!	I bought this because we moved and I lost my copy of tropico pirates cove. I'm glad we bought this, it's the best of Tropico!	2012-12-15
US	45995365	R3M680DWK9QBKC	B008ALU5KG	629524765	XCOM: Enemy Unknown	Digital_Video_Games	4	11	21	N	N	Bugs seem fixed...still shouldn't need Steam's permission to play	"This is a fantastic game.  Just like some cars are fantastic, until they break down halfway to your destination.  Many of you won't experience these, but there are a number of game-breaking bugs.  No, not whiney \\""it's too hard\\"" or \\""it's hard to tell what ground/floor level I'm on\\"" or even \\""the aliens are spawning right on top of me.\\""  I'm talking bugs like saves disappearing, the game closing for no reason, etc.  You know, game breakers - i.e. it is IMPOSSIBLE to finish the game.  Not hard.  Not annoying.  Impossible in the truest sense of the word.  Like you can't make that fantastic car go anywhere when the radiator is busted.  Just go to the xcom site and support forum and you'll see countless issues.  For me it was several hours into the game when I discovered all my soldiers are \\""on mission,\\"" meaning the game considers them on your skyranger craft you send out to get aliens.  The max capacity is 6.  Yet 12 soldiers are showing as \\""on mission.\\""  Injured ones, rookies, etc.  This makes it so you can't add/delete anyone from your team.  It makes the game un-playable.  Literally, not figuratively.<br /><br />My advice is check out on their and other support sites the various issues this game has that should've been encountered in QC and wait until they're fixed before you buy it.  Firaxis apparently wanted to get some cash in the coffers, quality of product who cares, and relased a beta/buggy version.  Hey, why QC the game before release when we can get a whole boatload of money, let frustrated customers do the qc for us, and take our sweet time fixing (or even acknowledging) the bugs once we've cashed in?<br /><br />***UDPATE***<br /><br />In fairness, I should update and say they fixed whatever caused the issues discussed above.  It's a great game.  Only remaining annoyance is that sometimes you can't play offline.  I know there's an offline mode but once in awhile you go to use it and it says something to the effect of \\""cannot start offline mode because there isno steam login information saved on the computer.\\""  You then won't be able to play until you get back to an internet connection.  So aggravating.  Screw you steam, I paid for the game, let me play it whenever I want.  Heck, charge me 10 bucks extra so I don't have to have nana's (steam's) fickle permission when I want to play."	2012-10-17
US	28990539	RU6ZARLSDQZV8	B002PDPMSA	945561389	7 Wonders - Treasures of Seven	Digital_Video_Games	5	0	0	N	Y	The game of challenge	Being that I am retired & always like a challenge when playing a game this game is lot's of fun & a great challenge	2013-02-02
US	47793876	R1JEE5BJGYIGJ1	B009PNLAAW	750879807	Absolutely Great Square Pack [Download]	Digital_Video_Games	5	20	30	N	Y	Everything works, thank you Tvacgamer for keeping up with demand on Reddit	All games register on Steam, separate keys so you can give away the ones you already own. This couldn't be more perfect.<br /><br />Deus Ex 3: Very good game. Keeps the spirit of the original.<br /><br />Hitman Blood Money: Best of the series.<br /><br />Just Cause 2: Amazing.<br /><br />Supreme Commander 2: Really, really good but really really hard.<br /><br />Haven't played the others yet.<br /><br />10/10	2012-10-14
US	16423565	RUV937S535RU3	B002ASAH1M	502723344	Dream Chronicles	Digital_Video_Games	5	1	1	N	Y	Really nice game	I really enjoyed this game. Other reviewers complained that it was too short, but I really don't like games that are so difficult that it takes forever to finish, so I thought it was fine. The music is really pretty and relaxing.For the price, I definitely recommend this game.	2010-03-06
US	37485394	RBR7OMJ8I36OY	B0088TPV54	652324870	Dead Space 3	Digital_Video_Games	5	0	0	N	Y	Dead Space 3 purchase review.	A much needed in depth story driven game that goes to the heart of the story behind the markers and necromorphs that are pivotal parts of the Dead Space franchise.<br /><br />I chose this rating because of how they incorporated new elements while focusing more on story than anything. It's nice to see the universe expanded and explained like this game did.<br /><br />I would suggest picking it up if you're a true fan with an open mind.	2013-03-02
US	23207036	R1IJI53300G0ZU	B0064TYOLW	122131766	Mass Effect 3	Digital_Video_Games	1	11	14	N	N	A disappointing ending to a near masterpiece	The ending to the Mass Effect trilogy improves and continues in ways that Bioware is known for; Streamlined combat, weapon mods, character interaction and story progression. All of which enhance the game and make this an amazing game to play and a fitting end...until the final moments.<br />In the final moments, instead of carefully knitting together an ending that would both tie up all the lose plot lines and give players a sense of accomplishment, Bioware makes a turn into the metaphysical and supernatural in a way that the series is unfamiliar with. The choices that the player has made for 3 games matter little and even with the 16 different endings that is advertised, they all boil down to 3 choices that leave not only their core base ostracized but the new comers unrewarded.	2012-03-12
US	5041227	RNFR66GZSLRTX	B001V7QIDO	225309182	Xbox 360 Live Points Card	Digital_Video_Games	5	0	0	N	Y	Exactly What I Expected	I was looking for a quick and easy way to buy some Microsoft Points without having to go to the store, so I hopped onto Amazon and placed an order. After the processing, I immediately received a code online and was able redeem it without any troubles.	2013-03-25
US	47794024	R3STK8H8DSDAPX	B007VTVKG6	126987789	The Secret World	Digital_Video_Games	4	2	2	N	N	Fun Game	Fun and unique atmosphere and plan to enjoy once I get through some backlog. I scored this as a good price and I'm happy with it so far, about 2 hours playing time.	2013-02-03
US	37687227	R23PDAMI2I6ZV2	B005LH6PYM	885473811	BloodRayne Betrayal [Online Game Code]	Digital_Video_Games	3	1	3	N	N	Gore-y in a good way, messy in a bad way	"Oh, Bloodrayne, why must you torture me so? Why must you have such amazing promise coming from a solid developer only to smack me right in the face? I've always had an affinity for 2D games since there's always something so amazing looking about a game that was done entirely by hand rather than polygons and 3D programs. The gameplay resembles hack-and-slash games like Strider and more recently, Shank, and the look of the game makes one easily think of Castlevania, especially it's orchestral rock music. So what went wrong? Well that's easy: the game itself. Now, I'm no stranger to difficult games and I've played my fair share but there's a fine line between challenging but rewarding gameplay that promotes skill versus a game where the challenge seems clumsily done and you end up fighting the game rather than the actual enemies. There is some amount of fun to be had but if you're looking for a good hack and slash then look elsewhere.    The game's story is barely worth mentioning but you play as a dhampir (half vampire/half human) named Bloodrayne who has allied herself with the Brimstone Society so that you can kill her vampire father, Kagan. Over the course of 15 chapters, you'll meet at best 2 main characters talking about a story that's just not very engaging. Granted this is a 2D brawler so we're not expecting Metal Gear level of depth but this story just isn't well told. The chapters themselves are pretty same-y after awhile and there's not enough difference from one level to the next, separated by one chapter having one pain-in-the-rear segment that another doesn't have.     Where the game really shines is in its combat which is a lot more faster than Shank and a bit more flexibility in movement. A dash move granting invincibility when she's in it, a gun for long distance encounters and one primary attack button (X/Square). She does have one neat ability and that ties into her vampire lineage. If she attacks an enemy then presses the Circle/B button, she infects that person and by pressing Y/Triangle, she turns that enemy into a makeshift bomb which can then \\""chain\\"" into the other enemies, creating a devastating chain of explosions. Or if she holds the Circle button after she attacks, she drains them of their health and replenishes some of yours.     But there is one massive problem with all of this and that's oddly enough aimed at its biggest strength: the animation. In terms of detail and fluidity, Bloodrayne is indeed a gorgeous game and for those looking for a faster and bloodier Castlevania will definitely find it here. However, this is the kind of combat where the animation takes priority over the player's movement so if you want to do something, well pray she's not currently stuck doing a different move because she won't do it. So if you get hit by an enemy and you're standing back up, there's potential to be hit by another attack because she's still in here \\""I'm getting up\\"" animation. If you're attacking and know you're going to get hit elsewhere, you can't dash away or avoid it if you're still doing your \\""I'm slashing\\"" animation.     Another unreliable maneuver is a backwards flip she does which is done by running one direction, quickly pressing the other and jumping and if done correctly, Bloodrayne will do a nice high backflip that'd make the Olympics proud. But it doesn't always work and in one sequence, you're jumping on platforms that disappear for a few seconds with a spiky floor underneath and she has to backflip onto a higher platform. But getting it out in time is tricky and if she falls onto the spiky floor, she gets locked into a \\""I got hit and am falling to the ground\\"" animation. So what happens if you re-land on a platform? You won't have enough time to get back up because she's still in her \\""I'm getting up\\"" animation and you end up falling back onto the spikes again anyway. The dash is quite inconsistent as well and for some reason she likes to do this skid-like animation where she slides forward like she slammed the brakes on her roller skates and it's no big deal on wide floors but on platforms that are no wider than she is, she just falls right off anyway.    Graphically yeah, this game's a stunner and I barely saw any framerate issues, screen tearing or graphical glitches and the animation quality itself is quite as high as well. Bloodrayne is one sexy character design and there's even little touches here and there like how she's sipping on a cup of blood when you respawn at a fountain. The music will instantly make one recall Castlevania with its upbeat rock music with fast, metal-y guitar riffs only it's not altogether memorable. Since there's no real voice acting to speak of, I just put on iTunes.    If you want a 2D side scroller brawler, I highly recommend Scott Pilgrim vs the World. Controls well, great visual style and stellar music. Now I don't mean to say Bloodrayne Betrayal is one of the worst games of the year (even though personally, I might put it in there) but this is a game where I recommend the demo first or just purchase something else. There's a lot to admire here but the execution is flat-out wrong and I'm not one to instantly hate a game based on difficulty or I forgot what NES games were like but for everything I can praise in this game, there's something I can knock it right away with. Animation quality is amazing but variety in environments and enemy types is lackluster. Combat is fast paced and fun but the touchy controls make it more harder to control than should actually be (and you don't unlock any new abilities either). This game is for the seriously patient type of gamer but even then, it might turn you off anyway."	2011-09-12
US	26073287	R28C9I3LM6RLZW	B004RMK57U	53534661	Playstation Plus Subscription	Digital_Video_Games	5	0	0	N	Y	Did the job.	What can you say? Got to me on time, code worked, and did what it was supposed to which was give my account Gold access. PSGold is pretty great to have. They constantly give out great games for free and discounts if not free. Just remember whatever games you get as a gold member becomes not playable once your gold time runs out.	2013-02-13
US	41701565	R7MC0Z2P8BK87	B0091UYJ66	685599512	Max Payne 3 Complete and LA Noire Complete bundle [Online Game Code]	Digital_Video_Games	5	2	2	N	Y	Amazing	This game is an absolute piece of heaven. This is clearly one of the best action games I've played in my whole life. The graphics, the audio, the gameplay are all amazing. I don't have a lot to say. Please enjoy !	2012-10-03
US	10327323	R6DO6YE59MICM	B00475AYUA	684016722	Sid Meiers Civilization IV: The Complete Edition	Digital_Video_Games	2	1	1	N	Y	A Disappointment	The more lush graphics detract from playability.  Navigation around the world map takes longer.  The city status page is harder to read, as are the other status figures.  It just isn't as good as Civilization II.	2013-01-19
US	10462733	R2GZW4UYJGJKA6	B00439GSTQ	254289656	Hinterland [Download]	Digital_Video_Games	4	6	6	N	Y	Not a bad way to spend $8	"First off, I enjoyed this game.  However, it is an $8 game.. so don't expect that you are getting a contender for game of the year or anything like that.  What it is:  A top view fantasy/RPG/adventure game where you control a hero who is building a town for a king.  You have to choose from visiting people to settle the town (such a soldiers, inn keepers, or farmers) all of who can be ordered to join you on your adventures.  You and your rag tag party of up to 3 settlers must defend the settlement from monster raids, and defeat areas of monsters on the map thus \\""expanding\\"" the empire.  Characters can advance in levels and equip weapons, armor, and misc items that are found while killing monsters, in chests, or are made by other towns people (such as the weaponsmith).  What I liked:  -the music  -the upgradeable buildings and professions of towns people  -the experience/level building  -being able to upgrade towns people and hero with loot and items  What I didn't like:  -the controls (though I did get used to them after a while)  -the lack of story  I liked the game.  It kept me busy for a few hours each night for about 2-3 evenings.  Not much replay value, since the game plays pretty much the same each time (dispite auto generated maps), but for $8 how much replay are your expecting?  Overall, I got my $8 worth... and then some."	2011-12-24
US	36446619	R20RNWFW6OPN94	B00475AYUA	684016722	Sid Meiers Civilization IV: The Complete Edition	Digital_Video_Games	5	0	0	N	N	Just got it	So I went ahead and downloaded this game because I've played a lot of CIV 5, and I noticed in chat forums that many people believe CIV 4 to be a much better game. I've only logged a few hours in gameplay so far, but boy, the first thing I noticed are the graphics. At first I thought I'd bought the wrong game. There's such a HUGE diference in visuals from the fourth to fifth game. CIV 5 is beautiful. CIV 4 is clunky as heck for a game that came out in 2009. And the voice actor is pathetic compared to the voice actor in CIV 5. The producers made vast improvements on the game's aesthetics.<br /><br />I'll definitely keep playing it, as I've read that the fifth installment is considered Civilization for Dummies. But playing 4 almost hurts my eyes, and for some reason, it doesn't fit on my Apple Macbook screen properly. I have to play it in a minimized screen. All in all, though, I'll give it five stars just because it's Civilization, a game I started playing back in the 90s. I actually think it's my first PC game, and so it holds a special place in my heart. I've owned CiV 1, 3, 5, and now 4. I guess once I get CIV II, my gameplay collection will be complete.	2013-02-21
US	13504481	R1JCLE53GTYQJR	B00475AYUA	684016722	Sid Meiers Civilization IV: The Complete Edition	Digital_Video_Games	4	1	1	N	Y	Thank you Heather!	You'd think they would mention that you have to set up your own shortcuts to the executable files.  Thank you Heather for sparing me hours of aggravation. Very helpful.	2011-11-05
US	11950075	R2LQXJ4TLMF3GY	B003QTECEM	349390522	Midnight Mysteries - The Edgar Allan Poe Conspiracy	Digital_Video_Games	5	1	1	N	Y	Great fun, a bit short	I understand this product has a great price tag, but I still felt that it was a little bit short. I finished it in about 3 hours. I am still giving it five stars because it's a great 'I spy' type of game. I highly recommend it if you like a good mystery and I spy games. Probably not the best game for younger kids as it gets kind of creepy at certain points.	2011-11-17
US	52313972	R1N32WTCN20NIL	B008BLPB0Y	563206076	Red Crow Mysteries: Legion	Digital_Video_Games	2	2	2	N	Y	Waaaaay too short for the price	There is no clear direction on what you're supposed to do.  I figured it out eventually, but it was frustrating.  Do I need to Go to another location and find the item needed?  Do I need one item to complete the task?  Combine two items?  In one scene it was Four.  The help key was little help.  In almost every scene, if used to determine which direction to go next, it would indicate something needed attention in a scene already cleared.  And just as I was getting the hang of how the game should be played, it ended.  Turns out there is only about 3 locations, a few scenes within those locations, but for the price, I expected to play this game for a lot longer than an hour.  Games I purchased for half the price last twice as long and are a lot more interesting.	2012-07-24
US	42729577	R2L11ENXJA8HD0	B005GXPRTU	844059362	Breath of Fire IV [Online Game Code]	Digital_Video_Games	5	0	2	N	Y	PERFECT!	I have been waiting FOREVER for this game to come onto the PSN store, or the Xbox market! but I decided to get it on PSN anyways. It's just too bad that they didn't add Breath of fire 3 to the store as well.	2011-09-29
US	14275767	R287L1SO8X08AZ	B004NBZBME	544485504	Homefront	Digital_Video_Games	1	0	2	N	Y	i hate it	it not working and it to setup i want my $8 back i hate it this product !!!!!!!!!!!!!!!!!!!!!!!!!!!! !!!!!!!!!!!!!!!!!!!!!!!!!!!!!! !!!!!!!!!!!!!!!!!!!!!!!	2012-12-26
US	26062179	R9D7M8DNNX0ER	B002YGS4EM	472267666	Marvel vs. Capcom 2	Digital_Video_Games	4	0	0	N	Y	Fun, Fun, Fun!	Better than the first game, love the additional characters! I'm a huge comic book fan/marvel fan and an original coin op street fighter fan so this is the perfect marriage fighting experience. The only reason I didn't give it a 5th star are due to sprites/graphics becoming a bit outdated by today's standards compared to the new Street fighter IV or even an older title like Guilty gear X.	2009-12-15
US	43572843	R1UX4X9F811G0B	B007VTVRFA	402222185	SimCity - Limited Edition	Digital_Video_Games	1	0	0	N	Y	Unfinnished product. Bugs and error messages	Internet connection is required, but the servers are down most of the time. Not worth $60. What a rip off.	2013-03-08
US	51528154	R31A253B7PYLB6	B004ZUFKEC	321025745	The Sims 3 [Mac Download]	Digital_Video_Games	5	1	1	N	Y	Dowload and Gameplay Work Great!	I was hesitant to download the Sims 3 after mediocre gameplay reviews and all the bad download reviews on Amazon, but I ended up succumbing to the temptation and purchased the game on July 14. I have actually loved the game and had no problems downloading it through wifi. The only complaint I have is that it really heats up my MacBook Pro even when extra measures are taken to promote fan/ air flow. However, this is a hardware issue, not a software or Sims 3 problem.    Perhaps Amazon fixed earlier downloading issues....?? All and all, I'm satisfied with my purchase!	2011-07-21
US	51310953	R2HCPDDX92LU3W	B004RMK4BC	384246568	Playstation Network Card	Digital_Video_Games	5	0	0	N	Y	Very Good !!	Itá very easy to input the code on the Playstation Network, it's worth if you don't to spend a lot of money.	2012-12-19
US	31923259	R2OWS58ININ2JY	B0093N3YJY	993217700	Batman Arkham City Harleys Revenge DLC [Download]	Digital_Video_Games	3	2	3	N	Y	Decent, but short.	Good extension to the original game (which I loved!), but it is a bit short and not nearly as open as the full game. If you have to have more of the original game, with a few more story details, you should pick it up. Other wise, wait for a sale, I bought it at 2.50 a few days ago, and it's bound to drop down in any major sale. Also, I should note that you have to activate it thru Steam AND games for windows live, which has been known to cause problems for some people.	2012-11-28
US	31307766	R3ORPY3TN2FAOS	B001V7QIDY	225309182	Xbox 360 Live Points Card	Digital_Video_Games	5	0	0	N	Y	Excelent!	We got the code in minutes and were able to use it immediately. Better than waiting for the card to arrive. Great buy!	2013-03-20
US	24440446	RXUJBEVNYN9IC	B001LRQ96A	232832991	Pinball FX [Online Game Code]	Digital_Video_Games	5	5	5	N	N	Great Fun	Pinball FX is like having your own pinball arcade machine in your home. It really is pretty neat although not the best. If you love pinball and like to achieve high scores all the time this is the game for you. I think I've played hours at a time in this game and that is just an amazing thing with an XBLA game. The multiplayer is pretty fun too, grab 3 other friends or get into a match with strangers, and try to grab the target score before anyone else can. Even though the camera is supported I believe I only used it once as controlling the flippers was awkward and not needed with that method. I might have used it a few times online though but not controlling the flippers. The achievements are fun, I finally got the Speed Table achievement >&lt;, and the new tables that are up on the marketplace are priced reasonably as well as great added gameplay. Try out the demo but I recommend it, great game.	2009-04-08
US	32050292	R2N7CDPSUANOL2	B004ZUFKEC	321025745	The Sims 3 [Mac Download]	Digital_Video_Games	1	0	1	N	N	DO NOT BUY	Terrible! DO NOT PURCHASE!!!!! I have been downloading for the past two hours and I still have 63 HOURS remaining!!!! Don't waste your time and buy it from origin.	2013-03-26
US	16992491	R2AAAU3GJ7V8C3	B00475AYUA	684016722	Sid Meiers Civilization IV: The Complete Edition	Digital_Video_Games	5	1	1	N	Y	Better than the sequel	Sid Meier's name is synonymous with strategy gaming and 'empire builders'.  Sim City and Civilization are both groundbreaking series not to be missed by strategy enthusiasts.  Civ IV adds many new units, tech, and political and religious options to the game.  It's the most in-depth and most 'hardcore' strategy in the series.  Civ V streamlined play and eliminated much of the complexity, as well as the unit stacking which completely changed combat.  Some people may like the changes in V but for me and many others, Civ IV was the pinnacle of the series.  This is the complete edition, including 3 expansions and is the definitive version you want.  Oh, and Leonard Nimoy, Star Trek's Mr. Spock (or for younger players, Fringe's William Bell) does a lot of the voice over work and is fantastic of course!	2012-02-22
US	10778636	R2JGAI2OECKRU8	B0091T6LFE	496203253	The Crazy Action Pack  [Download]	Digital_Video_Games	5	0	0	N	N	Good Games at low cost	these are 3 standard games, tha give you high fun<br />are a little bit old, but pretty good.<br />for Steam	2013-03-01
US	13307465	R1T4EWMIWDG3R3	B0042JSVRO	223916139	Trinklit Supreme [Download]	Digital_Video_Games	4	0	0	N	Y	Nice time killer	It's a good puzzle game to pass the time.  Its an easy game so children can play it.  Not very challenging though.	2013-02-26
US	24636126	R8O7IT8VYR9VF	B007VTVRFA	402222185	SimCity - Limited Edition	Digital_Video_Games	1	6	7	N	N	Do not buy!	Small maps, limited customization, and you always have to have an online connection. I guess I'll have to go back to playing Sim City 4.	2013-03-06
US	31068635	R1GMV6RAENH9VM	B004APAEHA	178032140	Dragon Age Origins: Ultimate Edition	Digital_Video_Games	5	0	0	N	Y	Love it!	Already had these games for the ps3 and decided I wanted them for my laptop as well so I could take them with me wherever I went... Love them would definitely recommend purchasing for anyone who loves a game with many choices and ways to play...	2013-01-22
US	12781043	R32L3UPDGCNGCC	B0051BH6FK	854938644	The Witcher 2: Assassins of Kings	Digital_Video_Games	5	1	3	N	N	Amazing Game	I haven't got to play much of it yet but I can tell this game will be amazing. I played a couple minutes and the graphics are blowing me away can't wait to play more.	2012-01-15
US	28757375	R1EV70U3G1X8WQ	B0035LCXGA	172500221	Nancy Drew: Danger By Design	Digital_Video_Games	1	2	2	N	Y	Download doesn't work on computer	The download went well but when I tried to play it it only played the music and the screen was frozen. I've uninstalled and installed 3 times but the game hasn't started any time I tried. Is there anyway I can get any help? Why won't this version play on my computer? It sucks to have payed for a game I can't play.	2012-11-18
US	10462727	R1098J2HSBJT9S	B008J35YFQ	225309182	Xbox 360 Live Points Card	Digital_Video_Games	5	0	0	N	Y	Fast and reliable	This is the second time I have bought a game code on Amazon and I am very happy with how fast the purchase was and how easy it is to apply the code.	2013-01-06
US	21460607	R3KMT6UQWVLE2Q	B009PNLAAW	750879807	Absolutely Great Square Pack [Download]	Digital_Video_Games	1	142	515	N	N	Be careful.	Had been looking for a pack of squares to help with my shape collection. Be careful, this is not a great pack of squares at all.	2012-10-14
US	36893161	RLT28U4KO5AVO	B007L87VYW	737195547	Serious Sam 3: BFE	Digital_Video_Games	5	0	0	N	Y	Great graphics and fun	It's hard not to like this game even if u die alot.  But dying can be funny and sometimes a little strange.  Like, &#34;What the help happened, how did I die?&#34;  And the other people are laugh their ass off as they watch you die or get knocked back a 100 yards without dying.  They have really made dying an art in this game or I should say lots of arts. You'll enjoy this game. Note: don't stop running or else take the consequences, LOL.	2012-11-23
US	29146860	R2STY31M4UGFI7	B004RMK4BC	384246568	Playstation Network Card	Digital_Video_Games	5	0	0	N	Y	Great deal	it is great that we can buy this cards online. it is fast, secure, accurate and it is selled with the correct price.	2013-02-07
US	38017259	RC9Q2V30PF6BP	B007VTVRFA	402222185	SimCity - Limited Edition	Digital_Video_Games	1	14	14	N	N	The Death of the Franchise	"SimCity?  I'd call it SimsCity.  It's our favorite SimCity franchise completely neutered, dumbed down, and fully impotent.<br /><br />There's no need to read a bunch of review about features and DRM.  There's only one thing you need to know:<br /><br />The city size is so small that you can fill the whole thing up in about an hour of playing.  You'll never be able to make a large sprawling city.<br /><br />Pros:<br /><br />- Great music<br />- Sounds in the game are great and very responsive to what you're doing<br />- Zones on curvy roads are implemented much better than Cities XL<br /><br />Cons:<br />- City size is laughable and makes the game unplayable<br />- Buggy<br />- Always-online DRM<br />- No highways<br />- No subways<br />- No terraforming<br />- No adjacent neighbors possible<br />- No longer a \\""simulation\\"""	2013-03-24
US	50477220	R16VQ91RCLMUDZ	B007VTVRFA	402222185	SimCity - Limited Edition	Digital_Video_Games	1	1	1	N	N	WASTE OF MONEY	If you're going to make a game online only... you should at least of the servers to back that up. SOOO pissed off...	2013-03-07
US	11609578	R1ENHF7GZ7HO8V	B001V7QIDY	225309182	Xbox 360 Live Points Card	Digital_Video_Games	5	0	0	N	Y	It's 4k MS points	Not much to say.  I paid and I got my virtual code and entered it in right away.  Makes me even lazier so I don't have to go to the store.	2012-07-10
US	20959365	R1MIPRNS69VLEL	B009W68BL8	577617306	Lucius [Download]	Digital_Video_Games	5	0	2	N	N	Rrmulcahy	I bought this game on steam because the reviews and trailers i saw here pretty interesting. When i started playing it, i supprisingly liked it. The in the storey your a little boy and you have to kill everyone. Thats the short end of it. The graphics are great! the storey is short but all in all its a great game to play. I would highly reccomend this to people who want to play kinda a scary but adventure game.	2012-11-16
US	11079144	R37A679N8GJK49	B0047O2L5M	616205698	Command & Conquer: Red Alert 3	Digital_Video_Games	2	1	1	N	N	A bad, tacky sequel to RA2	The game play is somewhat unrealistic and reminiscent of weapons from some future sci-fi era than the Command and Conquer/Red Alert series. Look for other strategy games but this one is not worthy of the series.	2013-04-13
US	13105487	R24RJEK5AXYEPJ	B007VTVRFA	402222185	SimCity - Limited Edition	Digital_Video_Games	1	4	4	N	N	SimCity: Now Ready For Alpha Testing, Only $59.99 To Join!	I was one of the many who pre-ordered this game and I can honestly say that I'm sorry I did. I was an avid SimCity fan until this release, which has been nothing but errors and bugs. The longer I play, the more frustrated I become.<br /><br />-Good luck connecting to a server(which is required)<br />-Terrain is buggy<br />-Building textures disappear<br />-Buildings appear through train tracks<br />-Can't have more than one train station or people will be waiting forever<br />-Only one entrance to city(traffic jam inevitable)<br />-RCI demand not recognized across cities in the same region<br />-People ask for things that are already in place (Ferrys, Busses, etc.) then proceed to not use them<br />-Average wait times get bugged at a certain number<br />-Services (garbage, busses, police) follow each other meaninglessly<br />-Traffic always takes the shortest route (not quickest) resulting in unnecessary traffic problems<br />-Utility sharing is buggy, rarely works<br /><br />Did I miss something?<br />Oh, of course,<br />-Good luck connecting to a server and actually opening the game	2013-03-07
US	45850714	RAKPI6D1U6VSU	B00A3F5S0O	21846111	Tantalizing THQ Medley [Download]	Digital_Video_Games	5	0	0	N	Y	Excellent offer	This is an awesome bundle. What it offers for the cheap price is incredible, Space Marines alone is worth it. And it also includes STALKER SOC which is a great game, and I only mentioned 2 games. There are 4 more. So get it.	2012-12-18
US	28706637	RO89M7W2988Q8	B007VTVRFA	402222185	SimCity - Limited Edition	Digital_Video_Games	1	0	0	N	N	Screw EA	Constant internet connection is required, which is a major fault for me so I will not buy.  Even if you have a good enough connection Ea doesn't seem to have the capacity to handle all there customers.	2013-03-10
US	12612355	RZ6BPZUCLF762	B00328HPAA	195959831	Murder, She Wrote	Digital_Video_Games	5	1	1	N	Y	Fun Hidden Object Game Download	If you were a Fan of Murder She Wrote you will enjoy this Game.  And if you are not old enough to be a Fan of the Show, you might still like giving this Game a chance, IF you are a Fan of Hidden Objects.  I like that it has a Relaxed or Time game, too.  You will get a kick out of hearing Jessica talk w/people of Cabot Cove and eslewhere she stumbles upon a dead person (which happened a lot w/her, &lt;grin>.	2011-02-13
US	15949723	R21TRY1A68U51X	B00BLS4CYU	721213483	Trials Evolution Gold Edition [Download]	Digital_Video_Games	3	0	16	N	Y	Love the Game	From what I have watched on live streams - The game is Awesome.............The Download time from Amazon could be faster and not take so long. I purchased this game and began downloading hoping that would be playing it within a hour or so and I was wrong. Went from 2 hours up to 6 hours til finished downloading. I could have been done alot faster buying the game from steam. This is reason for the 3 stars instead of 5	2013-03-29
US	47146302	R2GMB4BDWP14V0	B007VTVRFA	402222185	SimCity - Limited Edition	Digital_Video_Games	1	3	3	N	Y	Unless you want to lose your progress every five minutes DON'T BUY!!!	Don't get me wrong, the game concept is awesome. Graphics are great.<br /><br />BUT<br /><br />If you don't want to lose your progress when the Simcity Servers stop responding, don't buy this. There is no option to save locally just saved to their server so the smallest error will lose your work.<br /><br />Overall it's a good game. Just terrible idea of how a player has to play it by their rules or should I say servers.	2013-03-07
US	5989020	RIQWODGFT6YO7	B004J4WZJC	596250936	Sonic 3 & Knuckles [Download]	Digital_Video_Games	5	1	1	N	N	Sonic 3 n' Knuckles	Insta- Classic. Can never go through a whole year with out finishing this game at least once. Great product that still holds up to date.	2013-02-21
US	28160954	R3J89POD5Z1YEE	B008G0ZVLE	842068553	Plethora of Paradox Games [Download]	Digital_Video_Games	1	1	10	N	N	Put together a bundle, add $20, what a steal! *sarcasm*	"Soooo... where are you guys getting this $9.51 price?  I'm seeing $145.87.  Which is $20 more than the \\""individual\\"" price... That's pretty far from a deal."	2012-12-18
US	19887688	R1XM2BQ1HS1TFR	B005WK1MOG	362704995	Cities XL 2012 [Download]	Digital_Video_Games	4	3	4	N	N	Worth it if you're a fan of the genre.	Other than a pretty obnoxious memory leak that forces you to restart the game every hour or so, this is a fairly enjoyable game for fans of management and building sims.  There is an active modding community that has added a lot to the game to fix bugs and make up for a few balance problems in the game.  Looking into mods is highly recommended if you want to get the most out of the game.  Until the next Sim City comes out, it's the next best thing.	2012-09-03
US	9488604	R1N2NNKI5YOSU9	B00BOYYO8A	434449634	Xbox LIVE 1600 Microsoft Points for Gears of War: Judgment VIP Season Pass - Xbox 360 Digital Code	Digital_Video_Games	5	1	2	N	Y	ready to play some gears of war judgment	its awesome if your a gears fan get this but the only problem is that you have to download it n your xbox 360	2013-03-14
US	13591129	R2YG0TR1RI5J24	B0035FZMU0	197764447	Nancy Drew: Warnings at Waverly Academy [Download]	Digital_Video_Games	4	0	0	N	Y	Got it to work	"This is a fun game.<br /><br />The only issue I ran into was when it was first installed, and I had (what I imagine is the same as the other people with complaints) the problem with running it after it was installed. In order to make it work, Direct X must be installed on your computer, which can easily be downloaded by typing \\""Direct X\\"" in Google.<br /><br />After this it works perfectly"	2012-06-08
US	8826656	RK7U2AGWW36F5	B00917DBUE	714336136	Dark Souls: Prepare To Die Edition [Online Game Code]	Digital_Video_Games	5	2	3	N	N	Amazingly deep and rewarding experience	Once the resolution mod is in place this game is probably the best adventure in years.<br />Extremely deep OPTIONAL lore, Breathtaking rich world to explore. Fascinating gritty and brutal boss battles.<br />The Artorias of he Abyss DLC adds so much more to an already fulfilling experience, It's impossible to not like this game if you are into dark fantasy/rpg games.	2012-12-26
US	40294953	R2DTUACGXOYKWH	B0091T6FQO	206154893	Desert to Sea Bundle [Download]	Digital_Video_Games	5	0	0	N	Y	Amazing Bundle!	I got this bundle for $9.99 The games you get with this bundle are worth getting. Overall, it's an amazing bundle which any gamer would like.	2013-02-01
US	22446271	R2U6CO2WP4IGWM	B004774IPU	151985175	Sid Meier's Civilization V	Digital_Video_Games	4	0	4	N	Y	Fun when it works	I had trouble getting this game to run with any stability.  It kept crashing when the graphics settings were turned up to around Medium, even when I was playing on a tiny map.  This was running the DX10/11 executable.    The DX9 version of the executable wouldn't even start at first.  The workaround was to delete gameoverlayrenderer.dll before starting the game. That's the file that enables steam's overlay.  Disabling the overlay in steam's settings didn't work; I have to delete the file every time.  Steam re-creates the file on its own, but not while the game is running.  To make things more convenient, I ended up creating a batch file to delete the file.  I just run the batch file, then the DirectX 9 shortcut to the game.  Since implementing this work-around, I haven't had any stability issues, though I can't use the steam overlay in-game.  (Achievements still register, but you won't get a pop-up notification of them.)    Oh yea, and the game is fun too. Get it.    My system specs:  - Core 2 Duo E8400 3.0 GHz @ 3.4 GHz  - MSI 8800 GTS 320MB  - Agility 60GB SSD (system)  - 2.5 TB storage  - DDR2-1066 8 GB @ 1:1	2011-08-18
US	20909233	R1VFEYABHUN74O	B007PIR5WQ	786283285	Deadly 30 [Download]	Digital_Video_Games	2	0	3	N	Y	this is okey it not li ke contra game &#62;.&#60;	2-D game<br /><br />shooter good buit house and get part was too far way kinda hard you be good at it so i am fial four time it still good game so far :)	2013-01-12
US	12820210	R1Z6HNK0ZR7PLX	B001LRQ9MO	161922599	Wik: Fable of Souls [Online Game Code]	Digital_Video_Games	5	1	1	N	N	Wik is an awesome game	Wik and the Fable of Souls for the XBox 360 is a really fun game. If you've played the PC version of this same game, you'll be aware of some of the basics, but the control scheme is different (obviously). However, it is the multiplayer experience that is what makes this game worth the purchase. There are a few types of games to play with your friends, and all of them fun especially when there are numerous wiks jumping around in a frenzied manner. The ten bucks or so that this game costs is definitely worth it, as long as you've got some buddies to share in the Wik loving experience. Enjoy!	2009-08-15
US	48778087	R5GND8VQZWQNE	B0044DEQ3Q	49368511	Ghostbusters: The Video Game [Download]	Digital_Video_Games	1	1	5	N	Y	no wonder it was on sale for so cheap	will review when it when i can actually get to playable 1st mission without crashing my pc. no fun i say	2013-01-28
US	47161002	R2ABYX0LDXV59T	B003DTKU96	709625016	Virtual Villagers 4: The Tree of Life [Download]	Digital_Video_Games	2	0	1	N	Y	Too slow paced for me	I guess my patience level when it comes to gaming is 0.  While I enjoyed the game at first (played the demo), it simply took too long for things to progress.  Don't get me wrong, if I am going on a quest, surveying a scene, trying to solve a puzzle, I have all the patience in the world and won't give up until I can figure it out.  However, waiting for them to complete simple task, such as building a hut, became an arduous task.  I found myself tired of checking in.  And when the game first starts, you must be somewhat there to ensure you keep the people on task.  I did start over a few times to see if I wasn't giving it a fair chance; however, before long, I was speeding up the computer clock just to make them hurry up.  However, once I forgot and ended up coming back days later to find everyone dead...yikes.  Additionally, when I have to work long hours, it may be days before I log back in (again this happened and all my people died).  Maybe if I were home and could check through out the day, this might be more for me.  It didn't catch on with my kids either.    Not my cup of tea; however, different strokes for different folks.  But, I am a mom who enjoys playing as Kratos or Flo on the Go. :)	2011-01-04
US	5326818	R1BNCO68Q9AEWS	B004RMK4P8	384246568	Playstation Network Card	Digital_Video_Games	5	0	0	N	Y	Nice	Easy and fast. You get the code registered in your amazon account so all you got to do is copy it and enjoy.	2013-03-13
US	26883293	R3RQFCVRQBLBFB	B004RMK4BC	384246568	Playstation Network Card	Digital_Video_Games	5	0	0	N	Y	Via e-mail, works like a charm	It comes via e-mail, after 2 or 10 minutes of purchase. It works like a charm in PSN. You don't even generate waste of paper. I recommend it to everybody that wants to put credit in the PSN account.	2013-03-13
US	52520442	R382IEBU7N9TLP	B002MUB0LY	426504344	Magic Inlay [Download]	Digital_Video_Games	3	1	1	N	N	Simple Graphics, but Still Fun	This is an older game, and that's definitely obvious in the graphics and music- both are a bit old school.  That said, I still really enjoy playing this game.  Gameplay involves filling larger shapes with smaller pieces.  Players can't let the conveyor belt that delivers the pieces fill up, or it's game over.  There are a number of power-ups available, as well as enemies that make gameplay harder.  Overall, a good, mindless diversion.  Not the most sophisticated, but it still has its place.	2011-03-22
US	36061584	R32BPI1DPDG71F	B001QCWQ8K	772916441	Slingo Supreme [Download]	Digital_Video_Games	4	0	0	N	Y	It's.....Slingo!	If you have ever played Slingo, then you know what to expect with this game!  There are two ways to play....traditional, or supreme slingo, which comes with lots of different bonus powerups that you can use to make the game a bit more exciting.  As you play, you earn stars and unlock different bonuses, then you choose which ones you want to play with.<br />Comes with a daily challenge every day.  A nice, mindless time killer!	2012-03-28
US	22173244	R37JAGSFSYE1WG	B00945156U	903280277	Borderlands 2	Digital_Video_Games	5	0	0	N	Y	Awesome DLC!	I bought the PC Season Pass for about $23 with a code, for that price how could I refuse? But even at $30 you're still saving $10 since it contains 4 DLC packs and each one costs $10. And these are actual content packs, including new characters, levels, weapons, currencies, challenges, etc. So far there's been 2 released, and they're both so much fun. They're really well done, funny, action-packed, and there's that Borderlands quality to them, as you'd expect. If you have Borderlands 2, you're doing yourself a disservice not buying the DLC as well. And why not save some money getting them through the season pass while you're at it?	2012-11-27
US	6901439	R1HVLOI19M7HQF	B004VSTQ2A	232803743	Xbox Live Subscription	Digital_Video_Games	5	0	0	N	N	What I thought about the Product	I loved it and what it did for me.<br />The way the product was given to me was more than satisfactory	2013-01-28
US	15920810	R1XTH89F7DA9E4	B006JRRAZQ	467977545	Battlefield 3 - Back to Karkand DLC Pack [Online Game Code]	Digital_Video_Games	1	2	7	N	N	Ripoff	Such a joke to release DLC six weeks after the game came out. THIS SHOULD BE FREE! EA is a piece of crap now.	2012-04-22
US	14700608	R96CIATCWZEFC	B004DNWPX0	476373588	Annabel [Download]	Digital_Video_Games	4	3	3	N	Y	Annabel	I enjoyed playing this game but I had hoped for it to be a bit more difficult. The graphis were very good.	2012-12-04
US	10453853	R29N3C3G0H6I11	B004BLJPZU	708420181	ZZZ MX vs ATV Reflex	Digital_Video_Games	1	1	9	N	Y	Could not get download to work!	Counldn't get the download to load and work on my computer! Please add a read me file to help with loading!	2013-01-23
US	38486924	RL8FKF69FASSP	B00B7UK2I2	745978958	Crusader Kings Pack [Download]	Digital_Video_Games	5	24	24	N	N	$5 credit worked here	got this for $4.99 (when it was $10 & using the $5 credit)<br /><br />This is a grand strategy game with a medieval setting, and should not be listed under Action Games.<br />Those hoping for an action game will be sorely disappointed.<br /><br />This is a strong Paradox strategy entry, and includes all materials up until the fourth expansion.<br /><br />All items activate on Steam except Crusader Kings (1) Complete.<br /><br />Crusader Kings 2 base game is bundled with Sword of Islam (expansion 1), Legacy of Rome (expansion 2), Sunset Invasion (expansion 3), and The Republic (expansion 4), as well as all the graphics and music packs prior to the fifth expansion.<br /><br />This bundle does NOT include:<br />The 5th expansion, The Old Gods, released May 28, 2013,<br />CK2: Norse Unit Pack,<br />CK2: Norse Portraits,<br />CK2: Hymns to the Old Gods,<br />CK2: Celtic Portraits,<br />CK2: Celtic Unit Pack,<br />CK2: Dynasty Shield III.<br /><br />Recommendation for strategy gamers only.	2013-01-31
US	33331126	R1A7NSCMKJ0SGD	B001KC0278	909113229	Magic Shop [Download]	Digital_Video_Games	4	1	1	N	Y	Love the download games	Fun and entertaining.  I really enjoy the prices for the download games at Amazon.  When they have a sale it's great.  I am addicted to this type of game.	2012-05-16
US	44172434	R1P4TNTY9RBU8W	B007JPKH16	430284991	Need For Speed World Starter Packs	Digital_Video_Games	5	1	1	N	Y	nice pack	great cars with the porshe and it works as it should.I already purchased every one of these packs and all work great!!!	2013-01-29
US	14988628	R3C3WD36N2TGIY	B008J360HC	225309182	Xbox 360 Live Points Card	Digital_Video_Games	5	0	0	N	Y	Thanks	Very easy was to add points to my xbox live account. Works in canada, just stay away from the 2400 points in canada.	2013-01-09
US	18774392	RD5RONW1CQ1SJ	B00477472Y	533608856	Mass Effect - Xbox 360 (Limited)	Digital_Video_Games	1	0	1	N	Y	Beware, horrible to install and get to launch.	"I'm just going to refer you all to this thread I made on bioware's technical support forum for ME1.  It contains the details of my issues with this game.    [...]  In short: This game can be, perhaps not for every user but certainly for me, an absolutely pain to install and get to launch.    Now instead of just whining, I'm going to refer ya'll to some useful information in case you do decide to buy this.    [...]    [...]    Those are some problems you might run into with Mass Effect. Not to mention the problem I haven't resolved where the game crashes for me every time I press a key at the \\""Press Any Key\\"" screen.    Buy it at your own risk. [[ASIN:B00477472Y Mass Effect [Download]]]"	2012-02-21
US	19776172	R1N6E59T8PXBAQ	B0035G08DK	732356003	Nancy Drew: Secret of the Old Clock [Download]	Digital_Video_Games	1	0	1	N	N	BAD	I loathed this game. There was barely any interaction with people, It was all puzzles, and I didn't like how it was in the past. There wasn't much snooping, and I didn't see the need to figure out 'who done it'. It was a waste of time. I was frustrated the whole time, and there was NO suspense. I wouldn't spend one cent on this game personally...	2012-06-18
US	20219149	R2ZLQ9ZSM83G1I	B001QTWAF2	347721668	Five Card Deluxe [Download]	Digital_Video_Games	5	0	0	N	Y	A good Card Game	Have really enjoyed playing this game, it test your card game skills and you find out real quick if you are good or not. Like the game	2011-05-15
US	35105661	R1351HP9MBWTMQ	B002SG86IM	181833164	PixelJunk Monsters: Deluxe	Digital_Video_Games	5	2	2	N	N	the PSP's secret best game!	I can't believe how much gameplay the developer has managed to squeeze into a $20 game.  I've played for over 40 hours so far, and still have not completed all of the levels!  Factor in multiple difficulties, multiplayer, and a challenge mode, and there is well over 200 hours of fun in this game.  The PSP needs more games like this!	2009-11-11
US	37760549	R13QI8WKD8X2YG	B005WWZUQ0	28899677	Battlefield 3	Digital_Video_Games	1	0	1	N	Y	Freaking Origin Store is lame!	Dear EA:<br /><br />I don't necessarily mind that you made me download a 10GB file so that I could play your game. What I do mind is the fact that instead of slipstreaming the latest update into your image, I now have to download an additional 6GB before your freaking idiotic &#34;Origin Store&#34; (Read bad Steam ripoff) will allow me to play this game.  I'm really sorry that I bough this game from you at this time, and will absolutely think twice about buying any other games from you, because quite frankly, you don't really seem to care that you're making me go through all of this inconvenience just to play Battlefield 3. Oh no... your programmers don't have the sense god gave a fern. I'll be posting this on Amazon as well, since that's where I bought this marvel of modern technology, Hopefully the next poor sap who thinks about buying a game from you will rethink their decision.<br /><br />I haven't even gotten to play this game. I'd love to give the game a review, but I have to wait another 1.5 hours at the least to be able to. I guess I'll go back over to one of my steam games, since I won't be playing the game I started downloading early this morning. Oh, and I have a 12Gb pipe into the house, so it's not me that's taking so long to download this game. It's you.	2013-02-25
US	27828846	R2UD6RXA9Y0BPQ	B0040V4T8O	97283480	Medieval II: Total War - Gold Edition [Download]	Digital_Video_Games	4	0	2	N	Y	Incredible, but one big flaw.	I have tried this game out, and in general I find it incredible. It retains all the wonderful elements of earlier games in the series, while the priests, merchants, and especially the princesses add wonderful new details. However, there are a few minor flaws and one major problem.   The minor flaws  1. I personally do not like the new system whereby the number of soldiers and agents you can create is capped, though I do enjoy having more build slots.  2. I preferred it when a building's cost was deducted from the tresury as soon as you ordered it. This prevented queue stoppage, since you had alredy paid for everything in line.   3. It might be preferrable if you could change your faction's religion.  The big problem.  It turns out that you need at least 100 GB of free disk space to play this properly. Much less, and the battle scenes become jerky and good generalship is almost impossible.  Aside from these, I found nothing wrong with the game.	2011-11-28
US	9476589	R2AK1OT8XSO6IU	B00A418B7Y	88167459	Prototype Pack [Online Game Code]	Digital_Video_Games	5	0	0	N	N	Awesome deal	Best buy ever ...considering the game  was just 4 -5 month old and getting both the dlc and prototype 1&2 in under 8$ . Can't ask for more	2012-12-11
US	11557151	R37I4N35FLPS6I	B00466HRRS	207351412	EverQuest House of Thule [Download]	Digital_Video_Games	5	1	2	N	Y	Amazing price and delivery	Orderd this to update an EQ account that was a couple expansions back. The price for this item was only $15.99 this day! SOE sells it for $39.99..... couldn't pass this up. Availible for download right away(Athough I have yet to need to download anything from Amazon). My activation code was all I needed and it was availible instantly in my downloads purchased area. I will continue to buy things on this site untill I have any issues.	2011-06-22
US	29560877	R3TZH87BWI31F9	B004RMK4BC	384246568	Playstation Network Card	Digital_Video_Games	5	0	0	N	Y	Sony Playstation Network Card - $20 [Online Game Code]	Excelente Compra ya que con todo los problemas que ha tenido Sony es la mejor alternativa para no tener que usar tu tarjeta de credito directamente.    Facil la pedi y me llego el correo con el codigo inmediatamante.    Se lo recomiendo a todos.	2011-05-17
US	38984520	R9GVU6CA1A1NU	B0056JCFEY	362194703	Woodcutter Simulator 2011 [Download]	Digital_Video_Games	1	1	2	N	N	get a real chainsaw	"The \\""work of a real man?\\""  Sheesh, give me a break.  Anybody can sit in front of a computer screen with their belly spilling over their jeans pretending to cut trees - give me the real thing any day!<br /><br />Let me introduce you to the sport of ninja woodcutting, which combines the best elements of logging with the stealthy assassin's art.  The object is to take out unsuspecting trees.  Just last month I donned my black mask and split-toed slippers and staked out my prey: a mulberry that had carelessly strewn its messy leaves on my lawn.  Practicing the skill of silent movement known as shinobi-iri, acquired with years of practice, I crept up on my heedless victim.  Little did it suspect the grim nemesis that stalked it!  Whipping out my chainsaw I notched it and felled it with a swift back-cut before it knew what hit it.<br /><br />To my chagrin, my neighbor didn't take kindly to me cutting down his tree.  But after an unpleasant business with the police involving a lot of embarrassing explanations and a restraining order, I'm pleased to say that it's behind me.  If only they'd invent a quiet chainsaw all this could have been avoided.  Maybe next time I'll allow myself lots of time and not start the motor.<br /><br />Anyway, forget about the stupid video game and go hunt yourself some tree!"	2012-10-05
US	36425381	R354F2CSGN5P1E	B004RMK4BC	384246568	Playstation Network Card	Digital_Video_Games	5	0	0	N	Y	Great card	This is one of the best way to buy digital games via internet if you do not have a credit card.	2012-11-25
US	22880912	R1EXIOFLLVS30V	B003HKS14W	963096346	Penumbra Collection [Download]	Digital_Video_Games	5	2	4	N	Y	OpenAL.dll (Amazon downloader needs work)	After install i had an issue with openAL.dll not being installed or present this is easily remedied by going to [...] and installing openAL...game runs flawlessly....<br /><br />I downloaded this game here because I just couldn't beat the price on any other game download site. However Amazon really needs to do some work on the downloader which unilke direct2drive and steam can only download one game at a time...this is time consuming and ridiculous considering technology today and especially since games are now 1gb or larger.<br /><br />The game gets 5 stars but the downloader gets none....	2010-12-25
US	64376	RJX61JAEYB5XK	B004APAELG	800401220	Rollercoaster Tycoon 2: Triple Thrill Pack	Digital_Video_Games	5	0	0	N	Y	Awesome Classic!	this game was one of my first games on a pc and  i loved it! when I saw that it was only $2 to download I didn't even think about it but just clicked Buy!!<br />and it's still an awesome game!! it works perfect and playing it has brought back so many great memories!	2013-04-18
US	8931840	R1QYJALBMMK9AG	B00AIAWZA0	328816308	Euro Truck Simulator Gold [Download]	Digital_Video_Games	2	0	4	N	Y	Euro Truck Simulator Gold	This is way too laggy, I rated it two stars because i expected it to be much better.<br />Pros: The download was succesfull,<br />Cons: Somewhat hard to follow, dont make the mistake of getting it if you don't like laggy games	2013-03-31
US	13193005	RZUSRPACY8WD4	B004RMK4P8	384246568	Playstation Network Card	Digital_Video_Games	5	0	0	N	Y	Way better than other options for the PSN	You won't find a better option to buy products from the PlayStation Network.<br />- Easy<br />- Fast (You get your code instantly)<br />- No additional costs<br />- Safe<br />- Best option for international customers<br />Perfect!	2011-05-13
US	45281654	R38E1O484E8JYQ	B0031TZR0U	133086157	Borderlands: Mad Moxxi's Underdome Riot [Online Game Code]	Digital_Video_Games	5	0	1	N	Y	Awesome!	This add-on download was easy to purchase, download and use. It works exactly the same as if you were to buy a Playstation network card and buy it from the Playstation store.	2010-12-21
US	10962609	R36XEBIKOICJI6	B003QTD70C	652936271	Trine [Download]	Digital_Video_Games	5	1	1	N	Y	Good game	A fun, beautiful little game, with nice narration.  Amazon download was quick and easy.  I didn't try to activate the key on steam, so I cannot comment on that.	2013-02-20
US	13582991	RVRX5H42UJKEG	B007ZR85NK	832018578	Gardenscapes: Mansion Makeover [Download]	Digital_Video_Games	5	27	29	N	Y	Better than the first!	I just completed part one of this game Gardenscapes and while I enjoyed it there were some things about it that I didn't care for. I decided to purchase Gardenscapes: Mansion Makeover and I gotta say, the designers did a great job making this one more entertaining.<br /><br />The graphics are beautiful as always, the premise is extremely fun (to remodel the hall of your old dilapidated mansion), and with a lot of decorations to choose from the game seems longer than the first Gardenscapes.<br /><br />It's also left a door opened for them to potentially design another Gardenscapes game where you remodel the rest of the home.<br /><br />There are no mini-games so this series is perfect for the seek and find fans who don't care for adventures or mini-games that many hidden object games rely on.	2012-05-04
US	38216332	R1PX9W5C3ZRL46	B004I6D7PW	82216072	Jigsaw Aero Puzzle 2.0 [Download]	Digital_Video_Games	1	1	1	N	Y	Puzzle	Not impressed. Sometimes the pieces can be pushed off the edge where you can't get them back. Also when you move a large portion of pieces that are put together in the border they don't always snap together propery, creating a crack. I would not recommend this game. The pieces also change to black and get stuck that way	2011-08-09
US	34580909	R9M58ED96VWA0	B002VBWIP6	232803743	Xbox Live Subscription	Digital_Video_Games	5	0	0	N	Y	Great Price/Fast Delivery	Great price and fast delivery by ordering the code via e-mail. I have ordered other codes for itunes and xbox befor and always have been more than satisfied.	2012-05-09
US	46909418	R1PLRTJZV4GMW4	B004HW76E0	604656460	Drakensang: The River of Time [Download]	Digital_Video_Games	4	0	0	N	Y	Good game if you like the original Drakensang	This game is very similar to the original Drakensang.  You have a couple of more classes to choose from, but that's about it.  The only criticism is that you are limited on the NPCs you can add to your party.  In the original, you had about 10 you could choose from.  In this one, the number of NPCs is reduced to 4.  Still a good game.	2011-06-13
US	19753622	R3KPXGZ8JY8ZN4	B0030GG17M	607765910	AURA: Fate of the Ages [Download]	Digital_Video_Games	4	25	26	N	Y	Very Good - More Puzzle than Adventure	This game is very similar to the Myst games.  Beautiful graphics (still and cinema), choc full of great puzzles, a sense of magic and mystery in the air... a great game.  The only problem is that you are not entirely sure why the heck you are solving all these crazy puzzles.  I took off one star for that reason - lack of plot.  There is a bad guy, you need to stop him... by solving puzzles?  And who is this order that you belong too?  And why are there barely any people anywhere?  If the world is at stake, shouldn't there be more of a sense of urgency?  And why does your character sound like such an idiot the few times he speaks?    Bottom line - if you like Myst, your will enjoy this game.  Do be careful of the first set of puzzles though, they are possibly the hardest in the game, and you have little guidance.	2010-07-13
US	11786787	RNAWXH14O9CVW	B004HW7KGY	796537609	Helldorado	Digital_Video_Games	1	1	9	N	Y	WINDOWS 8 PROBLEM	I CANT PLAY IT ON WINDOWS 8. IT ALWAYS GIVE ME PHYS X PROBLEM. I HAVE THE LATEST PHYSX INSTALLED. I WANT MY MONEY BACK	2013-02-18
US	30311747	R3KZPZJ3W006I	B0041OSXHS	775851968	Agatha Christie 3 in 1 Bundle [Download]	Digital_Video_Games	3	1	1	N	Y	Alright, I guess.	The game downloaded: no problem.  It worked: no problem.  It was a little disappointing: a problem.  Frankly, because of other downloadable games I've bought, I was expecting the storyline to be a little more...well...more.<br /><br />I've read each of the books related to the game and although no a lot was missing or changed, the story deliver left something to be desired, mainly because there was no spoken dialog.  This meant if I wanted to know the progression of the story, I had to have my eyes on the screen at all times.  Not terrible, but it also meant I couldn't putter or study during the intermissions of storyline.<br /><br />Yes, it's just a seek-and-find game, but I play the games because 1) I can do it while I study because it does not require a whole lot of concentration; and 2) the style of storylines has always made up for the slowness of the interactive parts.<br /><br />Oh, I'll continue to buy seek-and-find games in the future.  But, as to this game, unless you're willing to stare at a computer non-stop just to get story progression, give it a pass until it goes down in price some more.	2011-04-05
US	47619435	R2EZ7DSYKFXGH8	B00917DBUE	714336136	Dark Souls: Prepare To Die Edition [Online Game Code]	Digital_Video_Games	5	0	0	N	Y	Incredible game	Very fun, very challenging. It doesn't hold your hand, which can be a tad frustrating when you don't know how to jump or parry until 10 hours in, but it's still nice to have a game that rewards exploration and experimentation.<br /><br />Dark Souls can be rage inducing when you die, but when you overcome the challenges presented in the game you feel unstoppable.<br /><br />One negative note I have is that the online features of the PC version aren't as consistent as they are in the consoles. There's a longer wait time in summoning people, being summoned, and being invaded, and most summons end up failing. This could be because less people play the game on PC than they do on consoles or because of differences in the PC port and the console versions (this was From's first PC game). It's disappointing, but the features are still there and the game is so good I genuinely can't take off any points for it.<br /><br />Easily my game of the year.	2013-01-24
US	15230757	R34PZ55DBH25Z	B0047O2L3E	977077711	Spore	Digital_Video_Games	5	0	0	N	Y	Great	This is a great game, and a great value.    I had some trouble getting it to download and install right, but after i re downloaded it, it worked pretty well.  The only thing i would have to say is make sure your PC meets the minimum specs and make sure you download it correctly and install everything.	2011-08-03
US	9805640	R1AIYNDWQKATFM	B009M8KRFE	220309681	Borderlands 2: Mechromancer Pack DLC	Digital_Video_Games	5	0	0	N	Y	i love the mechromancer	I really like the mechromancer. i played axton all the way to 50, then the mechromancer. I am not sure which one i like more, but all i do know is that i really love the mechromancer. close enough is one of my favorite skills of all time.	2013-01-21
US	48315418	R1SX13YMSATAXM	B002VBWIP6	232803743	Xbox Live Subscription	Digital_Video_Games	5	0	0	N	Y	Love it.	You get the code instantly, no need to wait for anything. I find it easiest to enter the code online at xbox.com.	2013-04-04
US	24587022	R1UADOJD16VGC8	B007L88B0K	725973977	Serious Sam HD: The Second Encounter	Digital_Video_Games	4	1	2	N	Y	serius sam hd the second encounter	I like the regular serius sam 2 better, but this game is fun and I really like that it has so many skill levels to choose from...the only thing I dont like is no hand granades-launchers just are not as good.	2012-10-07
US	39971815	R1T27F4EAX6GE	B007VTVRFA	402222185	SimCity - Limited Edition	Digital_Video_Games	1	8	9	N	Y	SimCity Review	No offline mode whatsoever.<br />Unable to login to the North America servers. Placed in queue.<br />No information on what position you are in the queue.<br />Waited well over an hour trying to play on a North America server and still not logged in.<br />Was able to login to another region.<br />Attempted to create city and got the message: &#34;Unable to claim your city. Please try to claim your city again.&#34;<br /><br />In a nutshell my favorite sim game series ever is now something I want a refund on. Very sad.	2013-03-06
US	49850933	R36YDAN482RQJS	B005XOJ6NK	624879213	Sonic Generations	Digital_Video_Games	4	0	0	N	Y	Good but flawed port	It's a very fun game with great graphics and oldschool/new Sonic gameplay. The only downside is that the port wasn't done very well. There are some glitches and bugs that keep this game from being perfect. It likes to freeze and sometimes Sonic likes to side-dash into a wall for eternity when a controller plugs in.<br /><br />Just google the fixes and you'll be fine.	2012-12-18
US	49795811	RXXYM1VK2E0H5	B003O690AS	525942410	Deadtime Stories [Download]	Digital_Video_Games	5	47	47	N	Y	Great and different casual game	"As stated in other reviews a great seek-and-find game with some interesting and slightly challenging mini puzzles/problem solving bits. The story is good, entertaining, the art work very well done also unique to what I've gamed before. This is a good game for old eyes as it is not as dark as some I've played that can make searching for objects \\""headache\\"" inducing. Refreshing that it is not another vampire themed game."	2010-07-25
US	33309685	R3F552AZAGU917	B0091XHZW8	37905404	Guild Wars 2 [Download]	Digital_Video_Games	5	1	2	N	Y	Amazing game	This game has many hours of game play. You will not have a scarcity of things to do for a very long time. It's a lot of fun	2013-02-27
US	50384630	R2LRO0XLHBFGD	B007VTVRFA	402222185	SimCity - Limited Edition	Digital_Video_Games	1	2	2	N	N	Worthless	Downloaded the game the day it came out. HAVE NOT BEEN ABLE TO PLAY A SINGLE MINUTE TO DATE.<br /><br />Waste of money to this point	2013-03-08
US	37699893	R2CKE92Q64D0RX	B005WWZUQ0	28899677	Battlefield 3	Digital_Video_Games	4	0	2	N	Y	BF3 good game	Got a great price at the time. Saved around $10 off the list price. I've been very happy with the game and with the new origin format. The only reason I didn't give it 5 stars was the initial download and install experience. Amazon delivered me my game key and a download link. I proceeded with the very large download from Amazon. As soon as it was done the first thing it installed was Origin. Then it wanted to install the game. I pointed it to the download location of the Amazon download. It didn't recognize it. I then had to re-download the entire game via Origin. This was only a matter of time. In the future if I purchase an EA game I will just utilize Origin to download it. Overall I am happy with the great price I got and Battlefield in general. Integration between Amazon and EA needs some work.	2011-12-15
US	38622117	R3V8E7126X9RTO	B007VTVRFA	402222185	SimCity - Limited Edition	Digital_Video_Games	1	1	2	N	N	First and last time I preorder a game.	"This has been a horirble experience so far. The gameplay I've seen of the game has been great, unfortunately I can't even play it because either servers are too packed to connect (since they made the \\""GREAT\\"" idea to make a continuous internet connection REQUIRED) or I get an error message saying that I can't create a city and have to try again. I only wish Amazon had pulled this from their shelves sooner so I wouldn't have wasted 64 dollars on this."	2013-03-07
US	50366254	R8JZ4C6BLQDJ3	B003DTKU96	709625016	Virtual Villagers 4: The Tree of Life [Download]	Digital_Video_Games	3	0	0	N	N	Hooked but not reallly happy	"Love/Hate  One of many games loaded on my new laptop under HP Games, thanks to Wild Tangent. Well, a sort of trial version. Got me hooked so I bought the WT download, a \\""$20 value\\"" discounted, with WT \\""coins\\"" for trying other games. Looked like it would be a grand adventure sim that I could dabble with a bit and forget, check back on later to see how the little sim people were doing. Well, the game does go on when closed if you don't use the menu to tell it to stop (but the villagers seem to \\""forget\\"" to do important maintenance work, so if you're not sure to get back to the game after a day at most, you'd better set the game to stop. Several of the early puzzles are straightforward and natural enough, and you don't have to solve them in order. That's nice.       However: It actually amounts to a rather claustrophobic (one small corner of the island) set of 16 puzzles (micro-games in effect) and four trivial variations of a simple \\""game\\"" (collecting). Several of the later puzzles take a fair bit of manual dexterity and speed, although not like an arcade game. I don't want any of that in a game that's otherwise about discovery and puzzle-solving.   I don't mind that it takes patience, and some of the later puzzles require one or two earlier puzzles to be completed and/or other goals reached, but some of them are not intuitive at all. For example: Cleaning the moss off some rocks in a freshwater stream/pond requires catching saltwater beach creatures (which are then automatically, without any explanation, put in the pond).      And things that should naturally work can't be done -- you can make cutting tools, but you can't use them to scrape the moss off the rocks. Using them to cut some stalks only results in getting messy -- but that turns out to be the key to another puzzle which you wouldn't even know you had to solve except for a butterfly icon. And it depends on the idea that butterflies would be (as they are in the game) attracted to the gooey plant sap.   Onlyone solution to each problem, and it can require a fussy combination of steps and timing. Challenging? Or just frustrating? The difficulty is compounded because you can do some things time after time and it does no good whatsoever, but some things you HAVE to do several times over, with no indication you are getting closer (e.g. the frog rescue puzzle) until you're done. The firepit/fruit trees/stew puzzles have really bugged me, because there's no reason why dropping villagers on certain things shouldn't give them the hint of what to do (it works for the first fire, why not the fire pit?), but instead I have to do something else, and it shouldn't be too exacting, but apparently I have to control every step and get everything exactly right. Bleagh.      Well, after solving all the puzzles you can do without getting too frustrated, you can always give in and look up the walkthrough on the website. (sigh)       Then there's the optional collections, which (I've confirmed by reading the comments of other players) may reach a point where you have to watch like a hawk for the last one or two items to show up randomly. Oh great.  So, here I am, hooked by these cute little virtual people (it IS fun to see them celebrate an accomplished puzzle, or -- when you get that far -- see the little ones come to the \\""nursery school\\""), but after I've gotten about halfway through the puzzles, with the village stabilized already with plenty of food, I'm now so frustrated I'm starting to peek at the walkthrough and spoilers, and thinking, \\""Is that all there is left?\\"" Disappointed but hating to quit at this point, even though there's nothing left to do but try weird combinations of actions without knowing if the effort is going to waste, or giving up and just following the instructions in a walkthrough or spoiler, hoping I can get everything done just right and in time. Guess some people like that kind of challenge, but it just annoys me and certainly isn't what I thought I was getting into."	2011-11-19
US	12376513	R2RSADKA8XJJM8	B0064TYRAU	771851250	Mass Effect 3	Digital_Video_Games	4	1	4	N	Y	Amazing!	Some people are butt-hurt over the ending, but does that really affect what rating the game deserves?<br />&#34;It's the journey that matters, not the destination.&#34;	2013-04-09
US	15867287	RY2VYMP64X1BG	B007VTVRFA	402222185	SimCity - Limited Edition	Digital_Video_Games	4	3	6	N	Y	Great game, aside from bugs [Updated Review 2016]	Gameplay is very addictive, you can get lost playing the game for hours. However, there are major issues with the game. Such as, the traffic system for cities. Traffic is easily congested in a 200,000 populace city. Water runs out below water treatment plants. Game crashes: meaning your city is lost when you next try to login. Very aggravating to login and find the city you spent hours or day building is now gone. Many more issues exist, these are just the ones that come to mind.<br /><br />Update 02/08/2016: Quite a few bug fixes have been made since this review was created, one major fix is that the game doesn't crash nearly as often honestly crashes are rather infrequent. Also numerous improvements have been made to the traffic, and other utility systems that were causing gameplay issues. My biggest problem with this title now that still keeps it from getting 5 stars is that these issues were found in the beta testing EA claims they did, as the issue was not related to a bug but instead related to the way some of the code structure and gameplay as defined therein.<br /><br />I've always been a fan of the SimCity series, and will probably continue to purchase future titles. But I will definitely not pre-order as I did with title to avoid the frustration of the months of critical bugs that the developers just couldn't seem to get fixed for far too long.	2013-04-08
US	52094021	R2U0N6UCGH3SUS	B00452VGYS	748012584	The Sims 3 [Download]	Digital_Video_Games	5	0	0	N	Y	...	i hated this game what a waste of cash i just thought it would be so much better very disapointed and of curse u cant return	2012-12-31
US	12430678	R2O5H0CPENHIGC	B0064TYRAU	771851250	Mass Effect 3	Digital_Video_Games	1	9	14	N	Y	Brilliance, then complete disappointment	I have been an ardent supporter of Bioware (KOTOR, DAO, ME) and have been waiting for ME3 for over a year. Incredible execution for the vast majority of the story and then a heartbreaking (in the worst of ways) ending.<br /><br />Do not purchase until Bioware commits to an alternative ending. I hope they will redeem the incredible promise of the series.	2012-03-19
US	9907799	REUA1FLK962J9	B003E35XE8	257822631	Mount & Blade: Warband	Digital_Video_Games	5	2	2	N	N	Medieval Mayhem at its best!	Do you know who Richard the Lionheart is?  what an anglo saxon is?  Edward the confessor? or just like beating the crap out of someone with a sword or maybe headshotting a cavalryman while he is trying to beat down your buddy the archer?  If so, then this game is for you!<br /><br />Lets dig into the meat of this game.  This game does not have the graphics of Skyrim or Asssasins creed but the gameplay will definitely be more than satisfying to make up for that shortcoming.  The servers can host up to 200 people and the one I normally play on is maxed out at 90 which feels like quite a few.  It is a fast paced game with non stop action and though the learning curve can be tough at first within a week you will be laying some serious smackdown.  I recommend anyone starting out to hang back and be a archer for a bit.  Once you get the hang of it then feel free to grab a horse and lance or become infantry with a two hander to do some in your face fighting.  Expect to die alot, some of these guys have been playing for years and can take you out without putting down their slice of pizza.  But hey...its just a game!!<br /><br />As for having to play on steam, not sure why some people are so uptight about that.  I havent had an issue with steam and actuallly  downloaded the game from there rather than buying a box copy.  Either way, its well worth 19 bucks...<br /><br />If you see me out on the field and on my team..say hi....if not on my team..ye bett'r run...  Alfredthegreat	2012-10-24
US	7357912	RSWIDF1YSCE2Q	B008TTPTOQ	646989012	Battlefield Bad Company 2 Ultimate Digital Collection [Download]	Digital_Video_Games	5	0	0	N	N	Great!	Was amazing even on my previously bad rig. Great game for such a low price (at least when i bought it). Overall good game, great buy	2013-01-31
US	24094473	R31VQEXKL6JBF5	B005WWZUQ0	28899677	Battlefield 3	Digital_Video_Games	4	6	8	N	N	fail!  tech issue will not run on NEW computer	tech issue and will not run on my new computer (EVGA 460 AMD X4 3.4GHZ 4GB RAM 1TB HD WIN VISTA 64)  reloaded 5 times, redownloaded 3 times, reinstalled drivers 10 times...<br /><br />There is a rumor that if I wipe my HD and reinstall windows and load new drivers that it might work ...  :(<br /><br />EDIT:  After formatting and re-installing windows it does work.	2011-11-20
US	40955995	RHD6S5RUVSCOD	B0088Q8MXA	995154475	Far Cry 3	Digital_Video_Games	5	5	6	N	N	One of the best games of 2012, outstanding.	The Good: Fantastic visuals, huge island to explore, memorable characters, amazing voice acting and animations, fun campaign<br /><br />The Bad: Hunting and crafting feels forced and under developed, side missions get boring after a while, multiplayer is so-so<br /><br />Skyrim with guns. That was Ubisoft's description for Far Cry 3. While it isn't quite Skyrim with guns, that's okay because no one really wanted that. Far Cry 3 is still a huge open world game, and is exactly what Far Cry 2 should have been. After Far Cry 2 left a bitter taste in my mouth with its boring empty world and mediocre story and missions, I just didn't have much hope for Far Cry 3. Thankfully I was wrong because this game is truly great with memorable characters and a great story. The whole world feels more lively this time around and less empty.<br /><br />Far Cry 3 has an awesome opening and really shows that this is already the best game in the series. You play as Jason Brody, just a regular guy who vacations to an island with his girlfriend and a few friends. Of course things go wrong and you are captured by some local pirates. The story has a lot of torture scenes spread throughout, but the beginning jail break with your brother really shows off the amazing voice acting and animations. You immediately get attached to these characters, and you are introduced to one of the most memorable game characters in recent history, Vaas. This guy is a sick and twisted psychopath and is truly demented. His relationship with Jason reminds me of Joker and Batman a lot. Jason makes Vaas question his own sanity and he is NOT comfortable with that. Jason seems to always come back from the dead, and this infuriates Vaas all the time. Every time Vaas comes on to screen you can't help but get excited for what thing he's going to do next. Truly, a well-developed character.<br /><br />Once you get past the first scene you are dumped into this huge luscious jungle and start getting introduced to various gameplay elements. Hunting is introduced as well as crafting. This includes crafting with animal skins to hold more things like ammo, weapons, and syringes. You can gather plants to craft syringes for health, enhance perception, hunting, steadier aim, and various other things. While these two new elements are fun, they seem a bit disconnected from the formula of Far Cry. The hunting is a bit under developed because stalking these animals isn't anything like in Assassin's Creed III. You can try sneaking up on them, but most are hidden in grass forcing you to use hunting syringes. When you fire off a shot all animals scatter and some take quite a few hits to take down. If you don't get them down in one shot you have to chase them down and eventually you lose them. The crafting requires different animal skins for each set, but I really felt it a hassle to do this.<br /><br />The same goes for plant gathering. Certain plants are required for certain syringes, but early on these fill up your lootsack forcing you to hunt for the skins for a bigger one. You also get a small wallet and have to craft a larger one for more money. Not exactly economical game wise, but this is to the taste of the player. I didn't mind it, but never really pursued hunting specific animals. I just gathered whatever got in my way. There just isn't a huge incentive on hunting and gathering this game.<br /><br />There are a few side quests such as hunting specific animals with certain weapons, killing marked targets, racing, Trial of the Rakyat which requires you to complete certain goals such as killing everyone in the area with headshots. These are fun and can break up the main story. The map is actually completely blacked out until you find radio towers and take them offline. This involves climbing the towers and figuring out how to scale them. Feels a bit like Assassin's Creed actually. There are also loot containers and relics spread throughout the island, but I honestly didn't bother. I really hateitem gathering in games because it is a lazy way to extend the play time, but some people out there like it.<br /><br />My favorite part of the game was the main story. Missions vary greatly, but I looked forward to the new characters and the ever evolving story of Jason, Vaas, and Hoyt (the main bad guy). The whole idea of going from a city slicker to a powerful tribal warrior is really interesting. There are some fantasy elements thrown in when you go through trials to become the most powerful Rakyat warrior on the island. You have to defeat a giant boss at one point with a bow and arrow. Pretty exciting and fun. This is probably one of the more interesting FPS campaigns I have played in a long time, in fact most FPS games seem to bore me these days. Far Cry 3 was a nice change of pace.<br /><br />When it comes to visuals Far Cry 3 pushes PC's yet once again like it did back when it first came out. The game has amazing DirectX 11 features such as SSAO and HBAO as well as anti-aliasing, high-resolution textures, high quality shadows, and some amazing lighting effects as well as some great shaders thrown in to make this game look like a lush jungle. You will need the latest PC gaming hardware to run it like this though, even my rig couldn't run it 100% maxed out. The PC version is definitely the best. When it comes to multiplayer I really can't say much other than you won't be coming back too often. Nothing really exciting there.<br /><br />Overall, Far Cry 3 sports amazing visuals, a great story and memorable characters, the huge open world is fun to explore, but the hunting and crafting mechanics feel a bit forced and under developed. Multiplayer isn't as interesting you think, but the co-op campaign is where it's at. If FPS games have been boring you lately take this for a spin.item gathering in games because it is a lazy way to extend the play time, but some people out there like it.<br /><br />My favorite part of the game was the main story. Missions vary greatly, but I looked forward to the new characters and the ever evolving story of Jason, Vaas, and Hoyt (the main bad guy). The whole idea of going from a city slicker to a powerful tribal warrior is really interesting. There are some fantasy elements thrown in when you go through trials to become the most powerful Rakyat warrior on the island. You have to defeat a giant boss at one point with a bow and arrow. Pretty exciting and fun. This is probably one of the more interesting FPS campaigns I have played in a long time, in fact most FPS games seem to bore me these days. Far Cry 3 was a nice change of pace.<br /><br />When it comes to visuals Far Cry 3 pushes PC's yet once again like it did back when it first came out. The game has amazing DirectX 11 features such as SSAO and HBAO as well as anti-aliasing, high-resolution textures, high quality shadows, and some amazing lighting effects as well as some great shaders thrown in to make this game look like a lush jungle. You will need the latest PC gaming hardware to run it like this though, even my rig couldn't run it 100% maxed out. The PC version is definitely the best. When it comes to multiplayer I really can't say much other than you won't be coming back too often. Nothing really exciting there.<br /><br />Overall, Far Cry 3 sports amazing visuals, a great story and memorable characters, the huge open world is fun to explore, but the hunting and crafting mechanics feel a bit forced and under developed. Multiplayer isn't as interesting you think, but the co-op campaign is where it's at. If FPS games have been boring you lately take this for a spin.	2013-03-06
US	24263096	R3SW01A7WKGL90	B007VTVKG6	126987789	The Secret World	Digital_Video_Games	1	4	107	N	Y	Forget It	Purchased this game thru amazon expecting my purchase price would cover more than 30 days of use. Why pay for a game for 30 days??<br />I didn't rent it, I bought it. A ripoff!!	2012-07-18
US	16249274	R2F5I59F92T2VR	B008ALUBYQ	112160022	Borderlands 2	Digital_Video_Games	5	0	0	N	Y	Woot	this game is friggin amazing so much better than the original borderlands and the psysx are awesome! CATCH A GAME! preordered form amazon.	2012-09-29
US	45180823	R24BCYROCDZLCE	B009YKVRYA	243068510	Stronghold HD [Download]	Digital_Video_Games	1	2	4	N	Y	Wouldn't Install And Figured Out To Use XP Compatibility Mode	I got an install error and tried Microsoft's suggested fix for that type of error.  Didn't work.  Used compatibility mode for XP SP3 and it installed.	2013-04-22
US	36849853	R306SR6JHFKQKT	B005WXIO44	683993728	Stronghold 3	Digital_Video_Games	1	0	0	N	N	If at all possible, do not purchase this game.	My biggest problem with Stronghold 3 is that no matter how hard I tried I could not find any distinguishable difference between it and Stronghold 1. The fact they tried to sell this game as 'new' is near criminal. It is hard to write a detailed review about this because the issue is quite simple. The game hasn't been changed at all. Even the stories cookie cutter from the last editions.<br /><br />What is worse is that even though I submitted a detailed report on why the game was a bait and switch I was told that refunds were not possible. The many forums of complaining customers reported that early on refunds were given out. Unfortunately they eventually stopped giving out refunds. I have nothing against the company, everybody makes mistakes and people still need to get paid.<br /><br />Better luck next time. Stronghold 1 still has a lot of potential.	2012-07-18
US	22745517	RD25T0MDQPV4H	B00A6CS0OU	505112373	Sega Genesis Classic Game Pack [Download]	Digital_Video_Games	4	0	0	N	Y	Bought on a whim	I bought this on a whim because I was able to get so many games for so cheap. But in reality I probably payed full price when you consider how many games I'll actually play. I think this is more for someone who is really into old Sega games, rather than someone like me, who only used to like a few Sega games.	2013-01-22
US	51785169	R1AH5D30FINBGV	B004774IPU	151985175	Sid Meier's Civilization V	Digital_Video_Games	2	4	4	N	N	Some added gloss to compensate for lackluster gameplay	I've played the Civ franchise since 1991, and based on poor consumer reviews, I waited until a $15 download price made this seem like a fair purchase.  It's worth $15 at best. Which is sad, because its immediate predecessor - Civ 4 - was a very good, versatile game.  The shortcomings and improvements (there are a couple) have been enumerated elsewhere. The one gripe to which I'd like to add more volume relates to the weak initial product in relation to the nickel-and-diming over DLC content. You sell me something mediocre and then want more money for the things that should have been there in the first place? Seems to be the new American business model.  Lastly, I'd like to point out what I view as the best indicator of this game's failure. If you go to one of the public forums dedicated to this game series, you can quickly see how much less robust the modding community has gathered around Civ 5 as compared to Civ 4.	2012-01-19
US	13125603	R2FEEEMHLJZAD3	B007VTVRFA	402222185	SimCity - Limited Edition	Digital_Video_Games	1	1	1	N	N	always online? no thanks	If i buy a game i play it whenever/wherever i want, not talking about buying something crippled that it's fixed a week later IF YOU PAY a new DLC	2013-03-07
US	46975331	R32ZMYJJKNZGLU	B002FGU08E	848515557	Double Play: Jewel Quest 2 and 3 [Download]	Digital_Video_Games	5	0	0	N	Y	Jewel Quest 2 and #	Again, this is my wife's review.<br /><br />I had brain surgery, lost a majority of my eyesight and spent 8 hours a day playing Jewel Quest, the specialist believe the puzzles helped me to train my eyes to focus better.  Love the game JQ 2.  I do not like JQ 3 very much.	2013-01-04
US	26023931	R3J9XP1CRA9VNS	B0058JADMS	372387582	Sony Playstation Network Card - $10 [Online Game Code]	Digital_Video_Games	5	6	7	N	Y	I got my code immediately	I needed to buy something off the Playstation  store and with this I was able to purchase without having to leave my house to go buy a Playstation card to credit my account.	2011-07-06
US	42043611	RXYW05PIZZQR6	B00684AGQ0	557240740	ANNO 2070 - Deluxe Edition [Download]	Digital_Video_Games	1	4	5	N	Y	Patch wont update	So, I bought the game and installed it fine. I go to play the game and the patch sits there for about three hours. After coming back to my computer and seeing that the patch has stayed at the exact same spot I then began to contact customer service. I did everything from uninstall the game to downloading the patch from a third source and inputing it manually. Needless to say the customer service was horrible and I was never able to play the game.	2012-10-26
US	44082829	R3HWL9IKC76Q0C	B002LIT974	30631851	Youda Sushi Chef [Download]	Digital_Video_Games	5	0	0	N	Y	Youda Sushi Chef	It's a lot of fun. Pick the items to make the sushi, click to roll it and it rolls down a conveyor to serve the customers. Easy mode is easy. Normal mode actually gives you a little more of a challenge. As you go through the game, you get more types of sushi to make and some take a lot of items to make. You can also upgrade each of your restaurants with decorations and items to make working in your restaurant a little easier and faster. I love it!	2011-05-17
US	42615978	R332Y60SGUBHBK	B008D7F2K0	125687261	Sims 3: Supernatural	Digital_Video_Games	5	18	19	N	Y	Compatible with Lion	Another reviewer has stated that this game does not work with Lion. These games have a tendency to be temperamental and sometimes choose to mess up on individual people, but I have Lion installed on my machine and it works just fine, so it's not an across-the-board operating system problem. Those with custom content installed should remember to remove the Mods folder and clear caches before installing, however, and to update their mods if possible afterwards.<br /><br />Chances are good, if you're looking at customer reviews, you're more concerned about if the download will work properly than if the game is any good. There are plenty of in-depth reviews out there for figuring out whether or not this game is your cup of tea. So just be aware that there are no inherent conflicts between this EP and Lion; if you experience problems there, I am more likely to wonder if the problem is having a too-old computer or incompatible CC or mods. There's lots of troubleshooting help available in TS3 communities also.	2012-09-09
US	18423758	R3VG40X1OBOF9E	B001V7QIDY	225309182	Xbox 360 Live Points Card	Digital_Video_Games	5	0	1	N	N	Only way to buy MS points.	Quick, Fast, and Easy. No need to enter your information online just buy one of these online codes and right after your transfer goes through you get the code to enter. Literally takes a couple minutes to add the points. Will purchase again no doubt in the future. Thanks Amazon.	2013-03-04
US	27485990	R233DB209ME07O	B008TTPK0E	298421638	Spore Ultimate Digital Collection [Download]	Digital_Video_Games	5	2	2	N	Y	Brings back memories	I had this game years ago when it first came out and my computer couldn't handle it so I didn't play it.<br /><br />I now have a gaming rig that can more than handle this and I have to say; I missed this game and it is everything I expected it to be and more! They don't make games like this one any more, its all about &#34;realistic&#34; shooters now. ='(	2013-03-30
US	12702703	RXCF6MC29XNV1	B004L629G2	930811126	Test Drive Unlimited 2	Digital_Video_Games	3	1	1	N	Y	Not too bad	"The game is quite fun and really sets itself apart by being open world where you actually own the car you purchase and own homes, clothing and such. It attempts to show the lifestyle often associated with owning these automobiles and gives it a more personal experience when driving \\""your\\"" supercar. It also allows basic tuning of vehicles to make them more potent racers and allows decent contact with other players for racing and showing off.<br /><br />With all of this it does fall short though. Firstly, the challenges can be quite difficult and tedious, particularly the license challenges, which is frustrating. This is compounded by the actual handling of most of the vehicles which is not exactly good nor is the actual exhaust notes of the engines, which for me is very important. After finishing the challenges, making money becomes difficult seeing as payouts are very small for redoing races and such. Also, customization of many of the cars is very limited, especially after you've actually purchased them (looking at Ferrari right now in terms of painting after purchase) and the customization options within themselves are very limited and somewhat difficult to use. Along with this, the multiplayer aspect can be hard to use particularly when you want to drive with specific friends because as far as I can tell, you can't choose into which server you'll be placed.<br /><br />All in all, the game is fun to boot up and just cruise around in every now and again, but I would recommend trying to find a good deal on it ($15-$20) in case its faults turn out to be too much of a bother."	2013-02-24
US	24471592	R164DOU4RR7WYR	B001V7QIDY	225309182	Xbox 360 Live Points Card	Digital_Video_Games	5	0	0	N	Y	Adam	Very helpful and with so much ease to buy. it saves time from heading your local game store etc. Especially when you know everything is closed.	2011-10-30
US	51500150	R3M6WW2B1GRE7B	B003UHUHC6	549776346	Legendary [Download]	Digital_Video_Games	2	1	4	N	Y	Heavy on coumputer requirements	This game seems to have a rather heavy requirement list for a 64 bit caliber experience, at least it installs and works..	2011-01-25
US	28565458	RMYXE4CIU2Z0H	B004V9QC80	617429709	Final Fantasy XI: Ultimate Collection Abyssea Edition [Download]	Digital_Video_Games	1	3	5	N	Y	FFXI Ultimate Edition + Destrier Beret (In game item)	Final Fantasy XI: Ultimate collection Abyssea Edition (Download)  ***  Includes In-game item Destrier Beret  ***    Pro:    - Download was fairly fast and easy to understand.  - Pricing was right considering it came with all up to date add on scenarios.    Cons:    - In game item: Destrier Beret (code provided)  - Square Enix failed to provide valid code that works to redeem item.    Rated this 1 since it was the lowest value given as a choice.  - Square Enix still has not fixed the problem for the in game item : Destrier Beret, despite claims that they fixed 7/26/12 as stated on their website.    [...]	2012-08-01
US	27013106	R1F2V0CQAYJOZZ	B002UNMMW4	879901633	Trapped The Abduction [Download]	Digital_Video_Games	3	4	4	N	Y	Fun Horror/Where's Woldo type game.....abit short for the money	"This is a pretty fun but short horror type game much like the \\""Myst\\"" (hidden-object game) series. Pretty unique plot and the game does draw you in which adds to the fun factor.     Gave it 3 stars because of the price and that it can be finished in two hours or less. Linear plot so no replay value at all.    The player takes on the role of a girl that has been car-jacked by some unknown nut and dumped in a large abandoned maze-like warehouse. The graphics are pretty good for a game of this kind and each level is very unique in design and detail. The sound is average and the voice-acting is actually not half bad. Abit cheesy, and repetitive (especially from the bad guy) at times, but still fun and helps set the \\""mood\\"" alot.    The game play is very reminiscent of \\""Where's Woldo\\"" in that the player has to find an \\""X\\"" amount of objects in each area. There is no control of where you can go, so the game progression is very linear. The point of the game is to find the necessary car parts to fix the car that brought you to the warehouse and gather as much evidence as you can about who abducted you.    The game has about 30+ levels. Each level has two parts. In part one you have to locate a number of objects hidden in a given \\""room\\"", which is detailed image with lots of different items hidden in shadows and room-appropriate clutter. For example in level one, you find yourself locked in the trunk of the kidnapper's car. You have to find a bunch of screws, twine, some lever, etc. by looking closely at all the \\""clutter\\"" and picking out objects that are part of the objective. That's where the \\""Where's Woldo\\"" gameplay comes in. A lot of things look alike and sometimes its hard to find all the items. Have to find all the objects to go to the next level (or room).    The game does have a handy \\""hint\\"" function which will help you find objects if you get stuck. Cannot be used very often though.    Second part of each level makes you do a series of tasks in a specific order. Like putwood in old-style furnace, find power button, find pressure valve, twist pressure valve..etc...etc.    Once you get through a few levels the game becomes pretty easy. Later levels have you find more and more objects which, at times, are pretty tiny.     Finished the game in about two hours, which is a plus in that the game does draw you in and you want to keep playing. But for $9.99, no replay value, and maybe 2-4 hours of play time,   I would not recommend this game....    ....unless you really love \\""myst\\"" style games and would enjoy a few hours of feeling like a car-jacked 18 year old girl going from one creepy room to the next while some hysterical maniac keeps taunting you with his maniacal laugh if you try to randomly click on objects in a room that are not part of the \\""objective\\"" list."	2009-11-09
US	33400519	R26A78P3H5LA9S	B001KC02M8	942071536	Farm Frenzy 2 [Download]	Digital_Video_Games	5	0	0	N	Y	Pure Enjoyment	This is my current favorite game, at an excellent price! The game combines strategy with fast paced action and an amusing soundtrack. The graphics are detailed and the animation is smooth ... go for it!	2010-11-26
US	15221533	R1G15EWHOJE25U	B0052UX62W	45221875	The Sims 3: Generations	Digital_Video_Games	5	1	1	N	N	quick and easy	I loved it! The way you download and you can play it right away. No waiting in the mail. Awesome!	2013-02-18
US	23848649	RN5OCBH9NAKM7	B004GHNFZU	510741395	Battlefield: Bad Company 2 Vietnam - Expansion [Download]	Digital_Video_Games	1	2	8	N	Y	Worse game yet	Have not had the game run for any lenght of time or found anyone else that has been playing it.	2011-12-07
US	49157968	RUOUFK3MPPN9X	B008OWV050	510690601	Borderlands 2	Digital_Video_Games	5	0	0	N	Y	Very solid game	Dozens of hours of game play with a huge world much bigger than the first.  Read the numerous online reviews for details on the game if you're unfamiliar but it's a solid improvement on the first game.  I will say that they have greatly scaled back the odds for finding the rarest items however which is starting to make the end game drag on a bit and become repetitive.  If you're not okay with farming and repetition though then you're probably in the wrong genre to begin with.<br /><br />I will say though this is a solid game with dozens of hours even if you just want to play through the story one time.	2012-10-26
US	14555401	R3HPV3Q6DAXR2H	B008I6NTVK	239255155	THQ Action Pack [Download]	Digital_Video_Games	5	0	0	N	Y	Great games at a great price!	The title says it all.  These are great games and at a killer bundled price.  This is an awesome buy and will ensure hours of good times.	2012-08-09
US	51530688	R3RQ84CMHEOUSY	B00A2CI8LE	149026483	3 PLEX: EVE Online [Instant Access]	Digital_Video_Games	5	2	3	N	Y	worth it	Well it helps to have a little extra money but it's worthless without Experience If time could be placed in a bottle and opened to gain a life then eve is your &#34;clone yourself&#34; kind of game :P	2013-01-28
US	41072201	R25C7DDAF3IITD	B002MUB0ZA	244525882	SKIP-BO - Castaway Caper (TM) [Download]	Digital_Video_Games	5	0	0	N	Y	Great Entertainment	Easy to learn and fun game to play over and over.  Several choices are available to play against one computer player or as many as 4.  Two different modes of play are available as well.  Worth the money.	2011-05-22
US	25382802	R2SYVAJGH816P5	B00B1GFKCA	903955538	THQ Mega Pack [Download]	Digital_Video_Games	5	1	1	N	Y	Holy instant gaming addiction, gamer man!	What a deal!  A couple games of the year, first person shooters, fantasy, shoot-em-up, thug-life, OH MY!<br /><br />This gaming pack is seriously cutting into my Dungeons and Dragons online time.<br /><br />If you didn't get this, have fun buying each game individually.  Any two of these games would be more expensive than this awesome package deal.<br /><br />Running through Saints Row series now.  Looking forward to the others!	2013-03-03
US	10290779	R1B5AKA6S7T2U0	B004APAEHA	178032140	Dragon Age Origins: Ultimate Edition	Digital_Video_Games	4	0	0	N	Y	Gamers beware	Dragon Age was developed for Sony's PS3, Microsoft's Xbox360 and PC. And Having played the PS3 and 360 version the controls for the game here is close but still more difficult then that of the systems. But the story, and interactions with items and such are still the same. The story line is well made and the replayability is high. So over all this game is worth the time to play but still you will need to be into the story line to play it more then one time through.	2012-01-28
US	32921026	R3GV4AS5MK5K6	B007VTVRFA	402222185	SimCity - Limited Edition	Digital_Video_Games	1	3	3	N	Y	DRM Failure	I am on my third day of owning this game and I've been able to play for exactly two hours. I was able to play for an hour at midnight when it launched before I went to bed, thinking the game was great and I didn't have any issues. 20 hours later when I tried to play again, my cable connection went out due to a snow storm knocking out a node down the block. This meant that, even though I truly want to play on my own, I was not allowed to do so. Whatever I though, my connection is up most of the time, so this shouldn't be an issue. I tried to play yesterday but they took the servers down for patching. Even after they came back up, I wasn't able to actually play the damn game. Tonight I tried to play but they turned off region play, so I'm stuck with my one tiny city in a giant region. It's ridiculous they crapped the bed this bad. I will not buy another DRM-Online only game again until it has been out  a couple months without issue.	2013-03-08
US	52595017	R2QRAUZA27C38M	B003FGW7AW	154494710	Mahjongg Dimensions Deluxe [Download]	Digital_Video_Games	4	0	0	N	Y	challenging	I'm occupied for hours.  Still haven't conquered the endless option. This is a good buy for the price and the entertainment value.	2012-01-02
US	12870510	R3SE3UE7G71JYO	B004IZL5FM	318994260	Mystery of Mortlake Mansion [Download]	Digital_Video_Games	5	0	0	N	Y	I loved every minute i spent playing this game	This was a totally different game, I had to really think and go exploring,  I had a great time,  and I have since played the game over again.  I want another game just like this one.	2011-05-23
US	26079982	R1Y4WZZ58HNTF1	B007IV4XJ8	217390296	Frog Fury [Download]	Digital_Video_Games	5	0	0	N	Y	Simple, but Difficult-to-master	I've played this game for a few years, but have only reached Level 9 ( out of 20).  I enjoy the challenge, but you only get 3 (or 5) lives, & each time you start back on Level 1.  It's still fun, and I recommend it.	2013-01-02
US	13943865	R2P5UN4G8G9PBG	B004APAELG	800401220	Rollercoaster Tycoon 2: Triple Thrill Pack	Digital_Video_Games	4	0	0	N	Y	Hours of fun	Love this pack. Lots of real life parks, some upgrades from the first pack, the graphics could improve. Need better views.	2012-08-13
US	37308303	R1K5MMLI5W6WTJ	B0054SFKUS	91565951	Dungeon Siege 3	Digital_Video_Games	3	0	3	N	Y	Updated - Game now playable, but mostly just mediocre	"kept getting a \\""Failed to Run Install Script Error\\"". Searched every where online and no solutions were found - $5 wasted."	2012-04-30
US	46821459	R2DOK6G8R8KFVW	B004ZUFM0E	866189262	Dragon Age: Origins [Mac Download]	Digital_Video_Games	1	5	7	N	Y	I will update this review (if possible) when it works.	Downloaded and installed smoothly, entered all codes and such.  As soon as I launch the game and it switches to full screen, I experience nothing but audio.  My desktop is still there, even though I'm in the application.  My cursor changes, and I hear what sounds like a cinematic or something, but nothing is there.  Very upset, cannot find a way to get support.	2012-06-29
US	44890470	R1BT7X7AIXOTE5	B0098QPPL6	64618519	Battlefield 3	Digital_Video_Games	5	0	0	N	Y	Can't stop playing it	I played it on the PS3 and it was only so so... but on my gaming PC with ultra graphics and glorious multiplayer, this game is amazing. Literally going to play this until they come out with another one.	2013-02-25
US	28610807	R2OMHY3SXMWEVG	B008J35KS2	225309182	Xbox 360 Live Points Card	Digital_Video_Games	5	0	0	N	Y	Great Deal for XBox Points!	I bought this for my nephew who seems to need them all the time.  I bought it and found that his grandmother had also bought one for him too so I decided that it would be a perfect Christmas gift! It's like gold to him! I'm sure he'll be happy and he certainly won't be expecting it. The price was great so I didn't mind.	2012-10-31
US	14837074	R3QYOG5T1PJ7R1	B001QCWQ80	499457837	Letter Lab [Download]	Digital_Video_Games	3	1	3	N	N	Too Easy, and Rated G	UGH.    First of all, to have this game be even remotely difficult enough for me to enjoy at all, I had to put the difficulty on 'hard,' then in the beginning I still didn't feel challenged at all. I love the concept, but I was glad I only downloaded the 30 minute trial. I won't be buying it.    It is playable with the keyboard, that's a plus.    Rated G. I play what words are available, I don't care what they are 'rated,' and of course this filter is rediculous. It let me play the word 'rear' but not the word 'rears.' There are WAY too many definitions of 'rears' to even think of it as a word that wouldn't be allowed. And yes, it is 'rated G' - it pops up a message to tell you so! The fact that this happens means that yes, the word is in their dictionary, but no, it won't let you play it even though it is obviously a completely valid word. There were other words it wouldn't let me play, but 'rears' was the worst filtering ever.    If you're looking for a game for children, this might be a good one. I wish it was labeled as such though. I wouldn't bother wasting the disk space.	2010-06-05
US	27221622	R1SCNNA4AA1BC4	B00609Q8VU	858945840	Janes Advance Strike Fighters	Digital_Video_Games	1	8	8	N	Y	Absolutely Horrible!!!!!!	Do not download this game.  This game will not work properly on any PC System and there is ZERO support for it.  The game will load and thats about it.  It will go through the title sequence and it appears it looks nice but cant see it through the jumbled text.  Then when the narrator starts to speak, he is a bumbling fool(need to be politically correct).  And dont even think for a minute that my drivers are out of date, because they are not.  Shame on you Jane's for putting out such a terrible product with your name on it......	2012-11-09
US	39045700	R2ZNUC5QWAUOK0	B00AWEMODK	369846597	FINAL FANTASY XI Ultimate Collection Seekers Edition [Download]	Digital_Video_Games	5	28	33	N	Y	New FFXI	The game has changed a lot since I first played when it was released. For me the game has gotten better and easier, but still gives you a good challenge. Preparation is key in this game. Also, the community is still strong. My server (Ragnarock) averages 1,600 at any given time and up 2,000 during peak hours. There are still tons of linkshells to join and are well worth getting into.<br /><br />Buying this package is great idea even if you already own the the previous expansions or are returning and have some of the expansions. This will give you everything that you might be missing, the new expansion, two virtual items, plus access to the two new jobs. The virtual items are quite helpful in the game especially if you are starting fresh. You get a Destrier Beret which gives you Regen, Refresh, Auto-Reraise, Increased Movement Speed, Increases Skill Gain Rate and will last up until level 30. Then there is the Choco TShirt this gives you +50 Accuracy, Ranged Accuracy, Magic Accuracy and helps you loose less when crafting. (They have some other features, but these are most useful to someone starting fresh.) For old players these items only existed in our dreams.<br /><br />Of course with an all new area to explore we get two new jobs. This now makes it possible to play 22 different jobs in FFXI. The two new jobs released are Geomancer(GEO) and Rune Fencer(RUN). I won't go into to much detail but GEO is like a BRD with BLM spells. RUN a is new style tank that uses a Great Sword and can change his resistance to different elements and can inflict elemental damage. They have limited to access to WHM, BLM, and RDM spells.<br /><br />Another good note:<br />Solo until, at least, level 13-14. (Don't forget to check the Field of Valors/Ground Tomes the quests are repeatable and can give a decent amount of extra EXP.)<br /><br />Then head to:<br /><br />Gusgen Mines (usually Book Page 1, in Grounds Tome, I have been in some that did page 2). Stay here till around 30~33.<br />(At 30 you can begin the Abyssea Quest, you want to start this quest ASAP to start collecting stones. The stones give you 30 minutes of time in Abyssea and take 20 hours to regenerate.)<br /><br />Then go to Crawlers Nest (Book Page 1) you can easily stay here till over 60. (If it is a new character, then don't forget you will have a limit break quest starting at 50, a good idea is to get 50 and get 1 exp from 51, do the limit break for 50 then go out and kill an easy prey to get 51, you will then be able to do the 55 limit break quest and level to 60 before having to do another. This can be done all the way to 99, just look up the quests and pay attention to the minimum level required to start the quest and plan accordingly. Once you do these quests on a job, you do not have to do them again.)<br /><br />After 60 head to Bostaunieux Oubliette (Page 4) there is usually a party here. You can level all the way to 99 here, I usually get to around 80 then head to Abyssea Areas. (If you started your Abyssea Quest at 30, by this time you should have a few stones to get you started.) (To access Bostaunieux Oubliette you either need to be on mission 2-3 in Bastok/Windhurst or Rank 2 in San d'Oria.)	2013-03-31
US	17654194	R30JSRVGRNVZZF	B002GP5W0A	967578792	Pahelika: Secret Legends [Download]	Digital_Video_Games	1	0	0	N	N	Astonishingly Bad!	Don't waste your time downloading the free trial or the full game.  There is nothing interesting, challenging, stimulating, rewarding, or enjoyable about this game.  The graphics are far below even mediocre games.  The game play is simplistic and frequently interrupted by stupid hints or messages.  I can't begin to understand how this is a best-selling download.  Yikes!	2009-12-30
US	11984964	RWV9WJ25TB8Y6	B007VTVRFA	402222185	SimCity - Limited Edition	Digital_Video_Games	1	0	0	N	N	SHAME ON YOU EA!!!	Cannot believe that EA copied THE WORST DRM system ever created!!! (looking to you Diablo 3!!!)<br /><br />The game companies need to stop treating gamers as morons that will buy anything from the brands that we love so much.	2013-03-08
US	35553621	R3LGB2DFY4S7A3	B004PGNJG2	616311618	Dragon Age 2	Digital_Video_Games	5	0	0	N	Y	Excellent role-playing games for the avid gamer -- requires a pretty buffed-out system	Many on-line reviews of this product are available.  The game plays best on a fairly high-end system, preferably 64-bit, with a powerful video card.  Well-designed game, many adventures.  I enjoy the game system very much	2012-11-28
US	33277789	RH0G7MDMQ54IF	B001K7HV3Q	701773253	Big Kahuna Reef	Digital_Video_Games	4	0	1	N	Y	Big Kahuna Reef	I was looking for a little strategry game to play when i didn't have the internet. Its a fun game, not extremely challenging but it keeps me busy.	2011-04-30
US	29805145	R2QI8KUKOZ9LZX	B007VTVRFA	402222185	SimCity - Limited Edition	Digital_Video_Games	1	1100	1151	N	N	One of the saddest money-grabbing schemes of all time	"It's a sad day when your brand new shiny City-Sim game on today's modern computers can't even hold a candle to its 10 year old predecessor. (Sim City 4)  I have been waiting in anxious anticipation for SimCity since the moment I learned of its existence.  All of those tiny little frusrating aspects of SC4 would finally get updated, and we would finally have the SimCity we've been dreaming of.  Surely, with 10 years to research and find what their loyal fans truly loved about the City building series, there was no way EA could fail at making a truly wonderful, classic game that would hold up as a true joy to play for years to come.<br /><br />But instead, EA scrapped it all.  They tore everything we loved about the game down, and gave an impostor the \\""SimCity\\"" franchise title instead.  A truly awful game of the highest order.  In summary, EA, here is everything you did wrong:<br /><br />1.  The biggest factor in enjoying my game, the one true aspect that let me endlessly experiment, was removed.  I can no longer reload a city after flinging disasters at it.  I can no longer turn my mega-city into a smog filled crime town just for fun to see what happens.  I can't even save my game locally.  What the hell is this?  Every single action is 100% permanent FOREVER... ?  Why even play?<br /><br />2.  Goodbye casual enjoyment.  Whose wonderful idea was it to come up with the always-on DRM??  Because they, and everyone who even remotely acted like the always-on connection was a good idea, should be immediately fired and banned from the video game industry for life.  No one wants this.  Not a single player wanted this, except you EA.  It's like EA could never envision that a scenario would arise where you would want to play the game and not have internet access.  Has no one from EA ever traveled before?  Do they drive around with their own personal satellite beaming internet to their laptop 24/7 365?  Because now there are literally no scenarios where I can play SimCity unless I sit down at my desktop computer for hours on end.  No more playing on a long road trip in the backseat.  No more popping out the laptop for a few hours of fun gaming on the flight home.  Do you have an even partially unreliable connection? Forget about it.  Use broadband internet access on the go? Hahaha good luck.  That's ok though, I'm sure all of EA's actual, paying customers will ask for refunds and then download a pirated copy with the DRM connection 'fixed' so they can enjoy their game in a few weeks anyway, so it shouldn't be a problem for long.<br /><br />3.  Speaking of the always-on internet connection, what happens in 3 years, hmm?  or 5 years, or 10 years?  What about when I go to pop out my dusty old copy of SimCity to show my kids in 15 years a classic game I used to enjoy?  Oh wait, nevermind, that's not possible because I'm sure your servers will be offline by then.  Will you offer us an offline patch when the servers go offline for good? Who knows... and who cares!! Because I'm sure you'll launch a new SimCity game then too, with the same s***ty DRM, and shut down these servers so we're forced to upgrade! I'm so excited!<br /><br />4.  What is this crap about collaborative regions?  Did anyone who designed this game even PLAY SimCity??  One if the franchise's greatest joys is building your own custom region up, brick by brick into the megalopolis, or crime slum, or paradise, or shopping mecca of your dreams.  Why would I ever want to be beholden to someone else's vision of what the region should be?  I literally cannot believe that there are no options to play the game truly, 100% solo.  It's unbelievable.  You know what, I'll go make some popcorn and sit back to watch \\""my region\\"" grow.  It's not like I can make it into what I want anyway.<br /><br />5.  No region/city terraforming?  Are you kidding me?  It's like EA wanted people to be angry.<br /><br />6.  Who broke out the shrink ray?  Why are the cities so tiny?  ...and the regions too for that matter?  Your loyal fans have been screaming for massive regions and bigger cities since the earliest possible SimCity days.  We finally have enough computing power to handle a truly massive region/city and what did you do?  Shrank it.  Thanks for nothing.<br /><br />7.  You killed all forms of game mods, EA.  Why would you do this?  Why would you cripple fan support of your own game?  It has been over 10 years, and the SC4 modding community is still going strong.  Hell, it'll probably be an even stronger mod community once people go back to SC4 after this launch.  So why would you cripple the ability to mod SimCity?  Oh, that's right, because you're greedy, money-grubbing jerks, and you introduced reason #8!<br /><br />8.  The micro-transaction marketplace.  You've got to be kidding me.  The very last thing I want to do with any game is get nickle-and-dimed.  But I guess in EA's mind it's ok to cut out pieces of the game and then resell them to you.  What a joy!<br /><br />9.  Solo play is crippled!  \\""You curmudgeoney old hermit, why would you not want to play socially with others?\\""  BECAUSE I DON'T WANT TO.  THAT'S ALL THE REASON I NEED.  If you purchase this and intend to play solo, enjoy realizing that you can't accomplish many major goals unless you play multiplayer with others.  For example, want that mega-airport in your own custom region?  Too bad!!  Hopefully you know multiple friends with the exact same interests as you so that you can unlock some meaningless obstruction to the things you want to build!  If you are going to include multi-player in a solo-play game format, make it OPTIONAL!<br /><br />It pains me deeply as a long-time fan of the Sim City franchise to say that I truly hope that this game goes down in history as one of the biggest failures ever.  Since it has already launched and we can't do anything to change the situation, at least SimCIty still has the chance to be remembered as a martyr.  Take note EA, this massive failure is a reminder that what your customers truly want is what they ask for - not what the developer wants.<br /><br />UPDATE #2: I just learned of another joy!<br /><br />10.  NO SUBWAYS.  Why, oh WHY would you have a SimCity game, or ANY City Simulator for that matter, WHERE YOU CAN'T BUILD SUBWAY SYSTEMS!  Seriously, this was included in SimCity 2000, over 15 years ago.... and now in 2013, subways disappear?  This is the type of ludicrous logic I just cannot grasp.<br /><br />UPDATE #3: I wanted to add in a few more points I missed in my original review, that I realize now would not be apparent unless you played the game yourself.<br /><br />11.  Pre-set neighbor connections.  Unlike in previous iterations of SimCity, you do not directly control where roads enter your city, they simply enter, and wherever they are, they are.  You will have to build around this.<br /><br />12.  Seriously, have I mentioned how small the cities are?  Maxis/EA repeatedly stated in pre-release that they are comparable to the size of the 'medium' tiles from SC4, but they're not.  They're really not even close, and in game play, they feel even more constricting than the 'small' city tiles in SC4.  Basically they should have called this game an update and re-boot of the 1995 Maxis game, SimTown.  That's how it plays - all the game focuses on is the sim people, not your city.<br /><br />13.  For a game that puts so much emphasis on the Sim residents of your city, it doesn't seem to care too much about them, or their behavior.  Instead of even remotely utilizing pathfinding skills, Sims and other entities in the game (garbage trucks, school buses, etc.) follow straight-line logic and keep going until they find a place to stop.  Sims will frequently jam up a street full of traffic when there is a perfectly usable road right next to it going to the same place.  Sims getting out of school proceed down the road in a row of school buses, dumping as many sims into each house as the house can hold until they runout of sims.  Sims don't have 'houses' (meaning they don't return to the place they came from when coming home from work) they just stop at the first residence that has space for them or keep going until there's one with room.  This leads to ridiculous and almost laughably stupid behavior - lines of school buses parading through your city... a single road in your city being jam packed with traffic, with every other road empty... conga lines of sims coming home from a place of work.  This game is just a broken, silly update to SimTown.  This is not Sim City.<br /><br />Honestly? Go play SimCity 4000 (with the Rush Hour expansion) and save your money."	2013-03-09
US	10997344	R214R2GPFZXGKA	B009YL65Q4	49538591	The Harry Batman Pack [Online Game Code]	Digital_Video_Games	5	0	0	N	Y	Excellent bundle for its price.	For a more detailed description of each game, I am sure others have provided great reviews.<br /><br />I was looking to buy the Harry Potter Lego games for a while. This bundle went on discount during winter sale for $15, which is an amazing price for all these games. It even is a great price for Lego Batman 2 alone.<br /><br />The pack gives you 3 codes to install on Steam. I was able to register the 2 Harry Potter games, and since I already owned the Batman game, I was able to give it to a friend.<br /><br />If you want these games and happen to see this bundle on discount, dont hesitate and buy it.	2013-02-13
US	46719085	R29NNBEC692FA6	B0047T7MF6	409155612	The Sims 2: Double Deluxe	Digital_Video_Games	5	0	1	N	N	Very pleased; Download worked!	"After reading mixed reviews, I took a gamble and bought the download rather than the DVD, and I was very pleased.  After starting the download I was able to leave my computer to do other work, and it was finished about 2 and a half hours later and ready to play.<br /><br />The game itself is adorable, and I plan to buy more stuff packs in the future.  I love creating my Sims and decorating their houses.  Be warned, it gets very addicting!<br /><br />A helpful cheat: While playing, press down SHIFT CTRL C or SHIFT ALT C (I forget which) and enter the word \\""motherlode\\"" spelled exactly like that to increase your money. ;3"	2012-04-03
US	36596914	R3RFOQB4XKGZZL	B007VTVRFA	402222185	SimCity - Limited Edition	Digital_Video_Games	1	0	0	N	N	Huge Dissapointment	"Congratulations EA, you have ruined the magical memories from my childhood.  I was so excited to share the fun and experience with my son that I enjoyed as a youth.  Not only was my son extremely disappointed by not being able to even play the game, he was put off by the whole experience.  I guess that is a good thing though; I wasted thousands of hours and thousands of dollars over the course of my life as a pc gamer.  I now won't have to worry about my son making the same mistake.  He is completely discouraged with gaming and will not pump money, time, or effort into what is clearly a completely failing industry.  It's not just EA that gets the blame here, but looking back they single-handed killed off \\""Need for Speed\\"", \\""Sim City\\"" and countless other titles."	2013-03-08
US	20584631	R1VN3IKJJZM37M	B008ALU5KG	629524765	XCOM: Enemy Unknown	Digital_Video_Games	5	1	2	N	Y	Turn based fun	Fun game that can have you making some tough choices from which counrty to protect, to which upgrades to purchase.  Great game for turn based fans.	2012-11-25
US	37718472	RL8F4HSVAQD2F	B004M18X8E	346320671	Indigo Prophecy	Digital_Video_Games	5	0	1	N	Y	Such a great game	So cinematic and interactive.  The quick-time-events are fun an interesting.  Definitely a lot of fun to be had here.  Buy it!	2013-03-14
US	32613237	R1ODRV1WXAJK0Q	B008L1QIME	332874949	Hidden object bundle 10in1 [Download]	Digital_Video_Games	2	0	1	N	Y	Disappointed	I have spent hours playing some hidden object games.  I did not play any of the games for more than 10 minutes because they were not engaging for me.  Feel like I wasted 10 bucks.	2012-11-09
US	14138205	R3J7VGQFA6SPC	B0069TK0VU	293049727	Magicka Ultimate Pack [Download]	Digital_Video_Games	1	0	27	N	N	hideous controls	using the keyboard or gamepad sucks for this game because they couldn't come up with a comfortable control scheme.  it would be nice if i could straff around the enemies while trying to cast spells. so while the enemies are crowding around you, you can't maneuver if you want to cast spells.  the gamepad option is even more horrible.  don't waste your money.	2012-02-08
US	18032163	RFRTH3GGLMFQA	B007XJR3CO	701074783	Warlock: Master of the Arcane [Download]	Digital_Video_Games	5	22	23	N	Y	Almost there.... and now There.	"Updated 9/1/2013 - The game has gotten a couple of DLC releases, some of these round out the game even more nicely. There are now \\""hero\\"" characters and you can equip them with items, so the game now has a mini inventory system.  I haven't seen any updates for a while now, so the game may be considered \\""complete.\\""  For the price it is surely a gem.<br /><br />The review is written the first week of release.  This game takes place in the Majesty universe (Ardiana)<br /><br />A demo is available on steam that gives a good representation if you care to try before you buy.<br /><br />First thing. Should you buy it?  If you are looking at this game because you want to 4X game in a fantasy setting the answer is for $20 or less, YES!<br /><br />Many people cite Master of Magic as \\""thee fantasy all others should be measured by.\\""  I never played it.  My 4X history stared with Civ2, than Age of Wonders Shadow Magic (AoW:SM).  AoW:SM was my gem, and I will say Warlock: Master of the Arcane (Warlock) gets close.  First there are no separate instanced tactical battles.  Fights are pretty much exactly like Civ5.  The city building is like Elemental, which means, every building you produce takes up a tile, the space around your city is the limiting factor, every unit/building takes a certain number of turns to produce (there is no varying production).  You are limited by area to build (city growth) and for troops your upkeep costs (which can only be balanced by building certain buildings in your cities.  That is a unit may cost 3 gold per turn to upkeep, you can build (in one of your limited building squares) a market that will provide you with 3gold.  If you produce more troops that you can support you will eventually go broke.  In my opinion it works, at least in the early phase of the game.  There have been complaints the AI doesn't seem to abide by the same system, and also that players can reach pretty much levels of infinite resources later in the game.<br /><br />In additionto making units, when they level up you can pick a bonus much like in Civ4/5.  Also units can be enchanted (by casting spells onto them at the cost of magic), or be \\""outfitted\\"" with \\""equipment\\"" (for a cost of gold).  There is no \\""crafting\\"" or backpack or item inventory.  The way it works is once you build a foundry on a map iron resource you will have an option to click on a unit and click on masterwork armor pay 50gold and you're done.  It is more a perk than an item.  You can't transfer anything, and if the unit dies all your investment is gone.  You choice is pretty much spam units, or produce less units but buff them up.  Or work somewhere in-between.<br /><br />There are plenty of special locations on the map. They provide a bonus once you build upon them.  For example a silver resource for instance you can build a mine for extra Gold, or a silversmith for the ability to upgrade your troops resistance to melee and ranged damage.  I really enjoy the choice of two different buildings most times.  In past games it seems you pretty much only get one option of what to build on a resource node.  One issue is right now you can not destroy a building, so if you decide you want to change your choice later you can not.<br />Quests.  The games quest system if very similar to AoW:SM.  Instead of the spirits of War, Magic, etc, you of the Gods of Ardiana.  You get your basic, \\""Build this\\"", \\""kill that,\\"" \\""conquer this.\\""  Complete quests gives immediate rewards (not completing has a penalty), and in some cases a successful completion will affect your relationship to the corresponding  Gods.  Favor of a God can unlock extra spells and units, as well as a Victory pathway within the game.<br /><br />Magic.  Magic feels potent.  It can keep your troops alive or bring down your enemies.  Focusing on Magic research can lead to a Victory pathway.<br /><br />AI.  It does a decent job resisting the player but never really threatens.  You can also game the system once you learn the naissances of the AI behavior.  For example I let an AI faction that I was at peace with whittle (6 unit army attacking that enemy city for probably 10 turns ) another factions city down to no defense and then just ran in with my rangers and captured it.  The AI just slowly walks away, no fuss or complaint.<br /><br />Overall.  Warlock will likely scratch that itch that many gamer have felt since their beloved 4x fantasy game became too outdated.  Out of the box it plays much more fluidly and faster than elemental.  I've never felt the need to just pound end turn.  To me that means the game is fun to play, instead of just parts of the game.  For the price of $20 I would buy the game again without second thought.  The game is not perfect, there are bugs, but most don't affect gameplay.  Also some of the games features to me feel somewhat superficial (diplomacy, getting a quest to build a farm 5 times in a row, having an enemy attack your city every turn retreat->heal->attack again - this doesn't seem effect the output of the city at all) and some promised features that aren't available at all yet (multiplayer).  If these features were flushed out just a bit and the bugs taken care of, Warlock could very easily be a satisfying game even at $40.  As it is though I think the game is a very good entertainment value for the price of admission.  A demo is available on steam that gives a good representation if you care to try before you buy."	2012-05-10
US	33845817	RAOG92ZRW1YQF	B00A418B7Y	88167459	Prototype Pack [Online Game Code]	Digital_Video_Games	1	0	1	N	Y	Poor PC port	I believe that rather than writing the game natively for the PC, Activision is using a software intermediary (akin to Java) to emulate / port the XBOX version.  It is incredibly CPU dependent.<br /><br />Don't waste your time or money on either title for the PC.	2012-11-18
US	20873330	R2EC0J8PQH5QHK	B00B1ULJI0	307093098	5-Game Arcade/Indie Pack [Download]	Digital_Video_Games	5	10	13	N	N	One of the Best Deals I Have Seen	"This is a fantastic deal and I recommend you get it if you don't have at least a couple of these games. I have not beat all these, but I have played a bit of each. Here is a quick rundown.<br /><br />Deadlight- Alright game, probably the weakest of the bunch. Kind of like \\""Limbo\\"" or \\""Shadow Complex\\"" with zombies and annoying voice acting. But it doesn't have as creative puzzles and game play as either of those games. Still fun though.<br /><br />Mark of the Ninja- This is the best of the pack I think. Its like \\""Shank\\"" but stealthy. It has some great mechanics and is consistently addicting. Great little stealth game.<br /><br />Toy Soldiers- It's a pretty basic tower defense but you can control what you build. Its a solid title but I haven't played too much of it.<br /><br />Insanely Twisted Shadow Planet- This game is pretty awesome. Old School Metroid but your in a spaceship and you have to use all your tools to on your spaceship to progress. I like it, fun game for sure.<br /><br />Iron Brigade- This is from Double-Fine, the people behind Psychonauts and Brutal Legend. It is also a tower defense and I personally like it more then Toy Soldiers. You get to control a Mech that you can customize the body, weapons, paint job, and a bunch more on.<br /><br />So there you have it. I would strongly suggest getting this pack."	2013-01-28
US	44189749	R1DBKH6YELN8CM	B007VTVRFA	402222185	SimCity - Limited Edition	Digital_Video_Games	1	2	2	N	N	The worst release for computers in any catagory since Windows Vista	EA have succeeded masterfully in taking a great game franchise and crippling it completely. I'm sure the game itself would be great if it weren't for the broken DRM, in game purchases and restrictions on what you can create and destroy.<br /><br />Sim City is dead to me now.  Personally I've had more fun getting rid of malware from my computer than this nightmare.	2013-03-08
US	38202702	RGUUBX0IMXZZ9	B008TXMPJE	112689632	The Sims 3 Seasons	Digital_Video_Games	1	8	22	N	N	Do not purchase digital download if you have a Mac!	Do not purchase a digital download of this game if you have a Mac.  I have never had any issues with downloading my copy with previous games, but starting with this one, you have to use EA's Origin downloader.  Big problem: Origin still hasn't caught up with the rest of the world and doesn't offer a Mac version of their download client.  I just spent $40 on something I can't use, and I can't figure out a way to get in touch with Amazon or EA to get my money back.<br /><br />If anyone knows of any work-arounds or knows how to get directly in contact with either of these companies, please let me know in the comments.	2012-11-13
US	34914390	R21JZSEGZ0FST3	B002NPCYP4	728625347	Cake Mania: Main Street [Download]	Digital_Video_Games	5	4	4	N	Y	Addicting, More than just cakes this time!!!	After finding that I couldn't use my disc for Cake Mania on my new Windows 7 laptop, I decided to see what the newest product was for Cake Mania.  I chose to use the Amazon Download, and I LOVE IT!    I was instantly addicted, especially since if I get mad in one area of the game (for example, the customers made me mad in the cake area), then I can exit that and go to the Burger Barn or the Flower Shop!  I enjoyed seeing the different areas pop up and expanding them as I could in the town.    I do recommend a wireless mouse for this game if you use a laptop, because it was impossible for me to keep up with the customers without it.	2010-01-10
US	17099078	RFCQFXSK94SDC	B007RIGE12	155977885	TERA	Digital_Video_Games	5	86	102	N	N	Definitely worth trying, even if your skeptical!	"I would like to start off by saying that I REALLY hope this game makes it big in the states.  It's got a lot of complaints about certain aspects(that are irrelevant to the actual game play) but is a fantastic game.  This is also my first review so be gentle!<br /><br />PROs:<br /><br />Graphics<br />The game is downright gorgeous.  There's not many other ways to describe it really.  The world has both colorful, as well as darker landscapes, and it does a fantastic job of making these look absolutely phenomenal.  Character models are very crisp and gorgeous as well.  Even if you don't like the idea of playing the Elin race, which seem to be sprites of some sort, you just can't deny how amazing the models look compared to any other game on the market currently.  You'll also notice when taking flight points that the game has an incredible sense of scale that plenty of other games have never achieved, but doesn't overdo it to the point of say, Belsavis(SWTOR).<br /><br />Gameplay<br />Tons of fun!  The combat in this game is very engaging, and the monster difficulty is a nice slow curve at the beginning while you get used to controls that are quite different from other games on the market.  Things do get more challenging as you level, and I've found it to be an extremely rewarding system.  It feels similar to Dark Souls when you finally kill that boss you've been having trouble with.  This was the feeling I got the first time soloing a BAM, or killing some of the more difficult bosses in dungeons.  The enchanting system is an interesting way to develop your current gear to higher levels.  I won't explain it because it would take a while, but it's interesting to say the least.  Your bank is shared between all characters on that server, and this gets high conveniences points in my book!  There are also Auction Houses, or Trade Brokers, in every city(major or minor).<br /><br />Endgame<br />There is quite a lot to do in Tera, but if you're expecting to run a few hard modesthen jump into raid content it doesn't work like a traditional MMO.  Some of the things to expect are the political system, which I can't comment on because we do not have complete access to it yet.  They will be implementing battlegrounds mid-late summer, and there are already several max level dungeons, and hard mode equivalents of these.  Even after the extensive farming I've done it hasn't gotten old or monotonous like in previous Korean originated games I've played.  Widely due to the combat being insanely fun I would imagine.<br /><br />PvP<br />Very well done system.  Like all MMOs perfect balance is not achieved, but the PvP is much more focused on your ability to react and outplay your opponent.  Collision detections also gives this part of the game a more fulfilling strategy system(especially in group based pvp).<br /><br />CONs<br /><br />Graphics<br />The only aspect of this I found buggy/etc was that during cut scenes the characters don't mouth with the words being spoken correctly.  Other than that I've not seen any graphical shortcomings or bugs.<br /><br />Gameplay<br />As with all MMOs the quest grinding can get a tad boring.  However this SHOULD be expected by any veteran gamer as when a game says they're questing system is innovative or dynamic it usually means buggy, or cool the first 20 times you do it, just like after bringing back 100 wolf flanks across different toons to that guy by the abbey in the Human starter zone from WoW.  The only other major \\""issue\\"" with the gameplay I would say is a high ping, or lagging, will screw you over unlike any other game will.  This is due mostly to the way the combat system works.  If you're not dodging attacks from monsters you'll go down relatively quick.<br /><br />Endgame<br />As of this post there are no \\""raids.\\""  Personally I was hoping for some, but then again collision detection with 20 people fighting a giant monster could get really hairy really fast.  The world bosses whicha re this game's current equivalent of \\""raiding\\"" are not instanced.  This can honestly be seen as a PRO or CON as some people(myself included) like the idea of controlling a spawn point(spawn times are not unreasonable in this game) or making rounds farming various bosses as they spawn.  Some people may prefer to get their loot without any competition from the community though.<br /><br />PvP<br />As stated above in the gameplay CONs, if you have a high ping then PvP will be especially frustrating for you.  The classes are fairly balanced, but some(Lancer) won't lose 1v1 if they are equally or better skilled than you.  The only real inconvenience I've noticed in PvP is if you want practice by dueling, it's suggested you trek outside of a city.  Inside cities collision detections turns off, and this can make playing a melee characters pretty frustrating at times when dueling.  The open world PvP is alright, but without there being a faction system it feels like it's 99% griefing and 1% actual combat.  Large guilds tend to roll around on PvP servers ganking soloers or small groups almost all the time, or using the collision detection to block the exits of cities/etc.  It's an almost miraculous occurrence(from personal experiences) to find another group of players your level, or another soloer that results in pvp while questing/etc.  Between deathmatches, and guild vs guild battles(24hr long pvp between guilds), PvE servers have the same pvp capability of a PvP server, but without the constant trolling and griefing.  So if you decide to roll on a PvP server, it's highly recommended you join a guild with a cap on members(300) that is fairly active, otherwise your leveling/farming experiences may be very poor.<br /><br />Side Note:<br />This game has gotten a lot of grief in the states because of a few things related to the way some of the races look(Elin for example) or saying it's not as good as an actual action RPG(dark souls, castlevania,etc.).  Please keep in mind this is not one of those games, and is an MMO at heart and should be treated and compared to the games in it's primary genre.<br /><br />I hope someone finds this review helpful, and as stated above this is my first Amazon review so don't be to harsh please.  "	2012-04-24
US	40955995	R3QD7UEQ8AO92B	B004FN1XWM	897944878	Crysis Warhead [Download]	Digital_Video_Games	4	0	0	N	N	An awesome burst of an awesome game	The Good: More Crysis, better balancing of open environments and closed, more big aliens to kill<br /><br />The Bad: Nothing really new, still requires a monster to run, story is still lacking<br /><br />The original Crysis was a technical phenomenon with a lot of great elements that worked, and Warhead is the exact same game with a different setting. This is both good and bad, but more positives than anything. You play Psycho, one of the special forces soldiers who was sent in with the original game's Nomad. This is his story and what happened to him while separated from Nomad. While the core story of Crysis wasn't too interesting there is a better mix between the open world and corridors. The game still gives you the option to choose to approach each objective by sneaking, sniping, driving, or guns blazing.<br /><br />The game has more of a variety of objectives such as a train ride, and killing the larger aliens which can be pretty fun. There aren't any new weapons, and everything is pretty much the same. If you're looking for Crysis 2.5 with this you're going to be disappointed. While the game plays exactly like the first there are more cinematic moments such as running from a giant alien, and towards the end the game gets really epic. There are more aliens involved this time around instead of just mostly KPA soldiers. I still would have liked to see different alien types, and maybe make the game a bit more scripted since the game is so short.<br /><br />The game still looks the same with no graphical improvements at all. You still need an ultra powerful machine to run this on highest settings with DirectX10. Even my monster computer struggles to keep the FPS at a non-choppy rate during large firefights. The game is also more forgiving this time around as I only died maybe a dozen times during the whole campaign. The mass of enemies are easier to take on since the game seems to feel more balanced and the close quarters environments seem to be designed for this too.<br /><br />While I wish there would have been new weapons, new enemies, and totally new locales it works with the game's story. Warhead will really make Crysis fans happy and add an extra 4-5 hours and give you more of a back story to what happened to the strange Psycho.oo.<br /><br />While I wish there would have been new weapons, new enemies, and totally new locales it works with the game's story. Warhead will really make Crysis fans happy and add an extra 4-5 hours and give you more of a back story to what happened to the strange Psycho.	2012-03-28
US	12363074	R28PVL4OJGJ4RC	B007VTVRFA	402222185	SimCity - Limited Edition	Digital_Video_Games	1	7	8	N	N	Just terrible. Servers won't even let me launch the game.	Don't waste your money on a game that won't even allow you to play it. Complete waste of my time and money.	2013-03-06
US	31137552	R1JEZW79ILPVAX	B0098QPPL6	64618519	Battlefield 3	Digital_Video_Games	5	0	0	N	Y	Game is fun!	I'd much rather use steam to play my games, but BF3 is super fun so Origin will have to make do.	2012-12-28
US	28831169	R1UDITIA4L68FT	B00AEV8PLG	891790105	Medieval II: Total War - Gold Edition [Online Game Code]	Digital_Video_Games	3	0	8	N	Y	Fun enough	Good enough for some play and distraction of child. Has some glitches and child wantss to buy upgrades frequently. not at the same status of newer games	2013-01-06
US	12562086	R3MPO6NXYXW4VE	B009SPZ11Q	826849966	BioShock Infinite	Digital_Video_Games	5	5	53	N	Y	This is NOT Bioshock	Don't know what this is but it is definitely not Bioshock not part 1 or 2.  Where are the Big daddys and little sisters?  Gone is everything that made Bioshock so popular now we have regular everyday christian people trying to kill you thinking you are the devil reincarnated.  I prefer the deranged splicers and plasmids of part 1, lighting them on fire and seeing them run around screaming. But Infinite is a totally different game from the originals, a different direction so you cannot compare the two at all. The first part of the game is boring but the second part is where the game comes alive where the fighting becomes more intense and bloody especially in hand to hand combat when you run out of ammo. Be prepared for heads to roll and blood to squirt when the fighting starts, it gets really hectic and fun.  Then there is Elizabeth she truly is a work of art in a game almost real, if only the whole game was more like Elizabeth then it would be a 10 out of 10.  She really is part of the game and is your partner in crime.  Her facial expressions are like nothing Iike I have seen before in a game and you can tell when something is bothering her.  Her creation by the game makers deserves an award. Overall the Game is a 9 out of 10 for Elizabeth and the intense fight scenes where you must use a combination of guns and vigors to vanquish your enemies.  it took me awhile to master the guns and vigors so give it time but before I knew it I was commanding killer crows with the stroke of a hand while in the other hand I was blowing things up with the rocket launcher.  They could have done more with the songbird just like the Big Daddy in Bioshock 1.  I also changed the setting to max HD quality for a better experience.  I recommend you get this game.	2013-03-31
US	18050811	R367C0RCXIXVVH	B001KC04CQ	118235451	Feeding Frenzy [Download]	Digital_Video_Games	5	2	3	N	Y	best game	love this game. it is a lot of fun for all ages. better than a lot of other games i own. lot of surprised in this game.	2011-03-01
US	45818974	R3N0G3ZOJDR1L6	B008D7F0UC	706538139	The Sims 3 Supernatural [Download]	Digital_Video_Games	5	0	0	N	Y	Love It!	I love having supernatural characters in sims now. Finally, there's more than just vampires in the game. It makes it more interesting and entertaining to play, especially when zombies randomly come out of the ground in your yard.	2012-12-25
US	44040567	R7SVVYRWOW71Z	B002ASAGYK	201892883	Emerald City Confidential [Download]	Digital_Video_Games	5	1	1	N	Y	Loved it!	I absolutely loved this game, it was well worth the money. Game play is simple but still fun and the storyline was interesting enough to keep me playing for hours until I finished it. I only wish there were more games available for download like this!	2010-03-15
US	29680923	RNHCBL3J00YEH	B004Y0F89U	897724159	Mount & Blade: With Fire and Sword [Download]	Digital_Video_Games	2	1	2	N	N	Pay for a mod	This is a step backwards for Mount and Blade<br /><br />Basicly this is a mod that you pay for, but it is not as good as free mods for Warband..in fact the free player made mod With Fire and Sword is a bit better<br /><br />Not worth 20$<br /><br />If I could do it again, I would only pay 5$ for this	2011-06-24
US	44028515	R2HPTIVDQXDJVJ	B003INESJK	946280572	Mount & Blade	Digital_Video_Games	5	0	0	N	Y	fun and addictive gameplay	I recently bought this game off amazon for $2.00, great buy! Other people have left descriptive reviews so here's my brief summed-up version.<br /><br />The gameplay is totally unique. Its a mix of turned-based strategy and real-time strategy. The best part of the game is its RPG elements and battles. Its a complete fantasy world but with realistic elements. You can take prisoners and ransom them off for denars(gold), compete in tournaments, and complete quests throughout the land. The latest version of this game called Warbands offers much more along with a modding community; however this version is still loads of fun	2012-04-17
US	52733285	R3NYOGEHIKBXNH	B004K1F334	371024548	Amnesia [Download]	Digital_Video_Games	5	1	2	N	N	Scariest Game Ever	First off, I see a slew of one star reviews because they bought the game and then realized it could not run on their computer because it was not compatible. That's complete BS, you have no business playing PC games on your computer if it wasn't built for the purpose of pc gaming, even if your computer is only 2 months old, it still most like lacks the necessary components to play modern games. So if you have a computer BUILT specifically for gaming and its no less then 5 years old you will have NO problem running this game. Don't go expecting your'e netbooks and laptops to run it. Ignorance knows no bounds.  But anyways, Amnesia is definitely one of the scariest and best paced horror/survival games ever made. I would suggest it to anyone that's looking for a good scare. Just remember to play with the lights off and headphones on.	2011-12-02
US	16139045	R1SATHJNUDCZ6Z	B002VBWIP6	232803743	Xbox Live Subscription	Digital_Video_Games	5	1	1	N	Y	Wait... what am I rating here?	What am I rating here, the Online code vs Hard Copy code or XBOX live? lol.<br /><br />Well Ill start with this provides a modest savings but a savings non the less and better than waiting for the card to arrive. I was a little confused if they emailed me a code, but it took me to a separate page after checkout to redeem my code.	2012-11-26
US	12333143	R152ELXR8F6MH6	B008TTPRE8	542753000	Need for Speed Ultimate Digital Collection [Download]	Digital_Video_Games	5	10	11	N	Y	Need This Digital Collection	The Need For Speed Ultimate Digital Collection is an outstanding deal. I got it on sale for 7.50 which is an amazing deal for four quality racing games. I was able to activate Undercover, Shift, and Shift 2: Unleashed on origin with the codes Amazon provided no problem, to activate ProStreet I had EA call me by signing up for the call queue under Origin help and account issues. Within 10 minutes ProStreet was activated on my Origin account.	2012-12-18
US	10192987	R3MWRVSNAMSDWK	B002VBWIP6	232803743	Xbox Live Subscription	Digital_Video_Games	5	0	0	N	Y	good price	good price and you get the code instantly so there is no waiting. cheaper and faster then going out to your local store to buy the cards	2013-03-18
US	42094910	R1JOXKIQ3TXAPP	B00405RA04	394253725	Rome: Total War - Gold Edition	Digital_Video_Games	5	0	0	N	Y	Gamer Fun	Bought this game for my 14 year old.  Loves it.  Good gaming fun. Buy it, and your teen will never come out of his room! :-)	2012-12-13
US	27184957	R1VODNLYG03QFE	B0064TYOLW	122131766	Mass Effect 3	Digital_Video_Games	1	5	9	N	N	More Problems Outside of the Game	I am an avid player of the series, spending many a weekend trying different responses to observe different outcomes.  Preordered the game, and have already played through the ending several times for part 3.<br />For those who have read the reviews they are all true, both the positive and the negative.  The game has intense action, well blended in-play combinations, and in depth dialogue true to the series.  If you have not played the early games (1 and 2) then you may be in for a rough ride as there are more depressing scenes than if you imported a character (in some situations, the imported character produces a happy ending to some side stories), and as the chatter has brought forth, the very end is disappointing.  This being said, I still play the game regularly sans the last bit.<br /><br />Why I cannot recommend this game is because of Origin.  The server can be difficult to connect to, the customer service responses that I have read in answer to other gamers is substandard, and without Origin you cannot play your game.  To add clarity, you can play without the server if you purchase no bells and whistles, but considering some of the add-ons are free, once you play with the add-ons you will not be allowed to continue if the server is down.<br /><br />I would also be wary of purchasing any other game requiring Origin.  Unlike Steam, it is a very close fisted approach to gaming that seems more of a hindrance to relaxed enjoyment than an enhancement.	2012-04-29
US	45232643	R1PLD0TWIOUIC5	B004RMK57U	53534661	Playstation Plus Subscription	Digital_Video_Games	5	0	0	N	N	Too quick service	I thought it was going to take a while, but got my Code instantly, no problems at all. I Will give A+ service	2012-12-28
US	29629363	R25BZ4O054FSJ7	B002VBWIP6	232803743	Xbox Live Subscription	Digital_Video_Games	5	1	1	N	Y	loved it	orded this and ot the code with in minutes. great item. can't wait till i get to use it. :)	2013-01-08
US	51838057	R1SOT2SB79QSUU	B009AYQQSC	985000807	SCHAR: Blue Shield Alliance Special Edition [Download]	Digital_Video_Games	5	1	1	N	N	Great Local Co-Op Game	A slick local co-op game on the PC for fans of the twin-stick shooter genre (Geometry Wars, Robotron 2084, etc).  Nicely polished and plenty of extras packaged with it.	2012-12-16
US	41655563	RX408ABY2TFHI	B0067N0HLQ	683535351	Sacra Terra: Angelic Night [Download]	Digital_Video_Games	5	0	0	N	Y	One of the best!	I enjoyed this game immensely. I was a bit skeptical when I woke strapped to a hospital bed in a rather eerie hospital. Soon it became quite fun. What I truly liked about the game is it was pretty easy to figure out where you were supposed to go and do. You get a rune you take it to the church...it gives you something you need to complete a part of the puzzle. Not an easy game..but plenty of clues and love the fact you can click the hint (without using any) and it tells you if you need to go to another part of the puzzle. I find that irritating in most adventure puzzles...trying to figure out if there's more you're supposed to do before leaving a room. I like this and would highly recommend. Very worth the money!	2012-02-11
US	44257808	R2A4ASX3CHW3T0	B005JF4J58	31563707	Dead Island	Digital_Video_Games	5	0	0	N	Y	Great game, even better with friends.	With all the hype that it received last year, everyone expected a sophisticated, well-put-together product. While it does go for a slightly wacky approach (electrified weapons and bullets that poison zombies), it is altogether a great game. I bought my friend a copy and we have been bro-oping through the entire game for nearly 10 hours so far. Steam-activation is a plus for me, because I prefer to have a centralized platform for my games, rather than just having a bunch of icons scattered across my desktop. It's not the most optimized game ever, but it gets the job done and performs fairly smoothly.	2012-04-25
US	18407484	R29M2BBAF3B2H7	B001LRQ8FW	901486806	BC:Rearmed [Online Game Code]	Digital_Video_Games	4	0	0	N	Y	Bionic Commando Returns!	I dare not say this is better than the original, but it is just as good. It captures the nostalgia of the original perfectly. The gameplay mechanics are somewhat tricky but you'll get used to them, and soon you'll be throwing people with your bionic arm! For ten bucks this is worth it, I do only recommend this for bionic commando fans however, unless your just curious give it a shot.	2010-10-09
US	8031588	R1T7Z0K72API41	B004RMK57U	53534661	Playstation Plus Subscription	Digital_Video_Games	5	0	0	N	Y	quick and easy	Great way to get someone a gift card code without the hasle of going to the store. it tooks me less than 2 minutes to place the order and put in the email address of the recipient.	2013-03-23
US	13870106	R3QDG0PKKG1U24	B007VTVRFA	402222185	SimCity - Limited Edition	Digital_Video_Games	1	15	15	N	N	It's a MESS!	Paid for the game the day it was released.<br /><br />Had the same login problems as everyone else because of the forced DRM.<br /><br />However when I did finally get in, it was fun... for a while.<br /><br />Then you notice that so much is broken within the game. Casino bugs, traffic bugs, money being lost when sending to another city.<br /><br />And my personal favorite, the LOST CITY! Yes you read that correctly. Twice this has happened. You log in, and your city is GONE. All the work for nothing.<br /><br />Thanks EA. Bang up job once again.<br /><br />You'll never get another dollar from me or my family ever again.	2013-03-11
US	51829845	R11S22X9XDQ1FA	B003P2VIU6	619811732	NecroVision	Digital_Video_Games	1	7	15	N	Y	"oh look... another ""Germans are evil"" video game... zzzzzzzz"	"I uninstalled this pretty quickly. It reminded me a bit of Painkiller (which is its only redeeming quality), but was so clunky that even its slight resemblance to that was killed. And then, as the title of my review stated, it's another \\""evil Germans\\"" game... which I've had more than enough of. If you're going to try to pull this off, at least get some real Germans to translate and narrate as the horrid fake accents and grammar issues are pretty laughable. I wouldn't even play this for free, honestly. Better off to go back about 10 years before this game and play... well any game from back then... to have better control, just as good graphics and much more fun.<br /><br />Oh... it had some decent music on the initial screens, but it also sounded awfully familiar..."	2011-02-05
US	33954350	R1ZHJSYBEMDJB	B008MAZ0PU	124109245	Guild Wars 2 Digital Deluxe [Online Game Code]	Digital_Video_Games	5	0	1	N	Y	Exceeded expectations	Great game!  I am impressed by the game about every time I play it.  Great story, gameplay, graphics and sound, Just get it already!	2012-09-28
US	39141877	R3AT258ZRTKXL4	B005WWZUQ0	28899677	Battlefield 3	Digital_Video_Games	5	0	1	N	Y	BattleLog is not nearly as bad as people make it out to be	Battlefield 3 itself is unquestionably a great game. The multiplayer is probably the best military fps MP that I've ever seen, and the singleplayer is a little shallow, but still entertaining. The problem that most people have with it is that you 1) Have to have Origin installed to play it and 2) Have to launch the game through a website called battlelog. Origin is the exact same thing as Steam, except that it's made by EA instead of Valve. Remember when you installed Portal 2 or the Orange Box? You had to install Steam. But I don't see anyone complaining about that. As for battlelog, it is unnecessary, but that doesn't mean that it detracts from the overall experience. It's literally exactly the same as if there were two separate launchers to launch Campaign and Multiplayer, the only difference is that it's a website. So far, I have had no problems with it at all whatsoever. If you are on the fence about getting this game, ignore everything that people say about battlelog, the people who give this game 1 star because of it are idiots.	2012-07-15
US	51516663	R341LSEGEN3XMB	B0064TYRAU	771851250	Mass Effect 3	Digital_Video_Games	5	1	10	N	Y	Had a blast!	Normally I don't write reviews, but thought I should considering the bad rap it is getting.<br /><br />Gameplay: I had a blast.  Gameplay was a lot more refined and fast-paced than ME2.  There is more customization then there was in ME2 and more powers/skills to play with.<br /><br />Story/Ending: I felt that majority of the storylines throughout the game were very well done.  Some decisions you have to make on the fly are difficult to make.  Getting everyone to play nice is a struggle and was very gripping to me.  Some parts really stood out for being exceptional(Tuchanka I'm looking at you).  Most peoples issues with the game stem from the last 10 minutes.  Personally, I didn't have a problem with it.  Was it great, no, but it was adequate in my opinion.  It didn't kill the previous 30 hours I spent with the game and won't keep me from replaying the game.  I am currently in the middle of my second game and am still enjoying myself immensely.<br /><br />Multiplayer: Before I got the game, I didn't think I would ever play multiplayer, that's why I stick to single player RPG's like Mass Effect :)  After trying it out, I'm hooked.  It's a fairly simple and straightforward system: 11 waves of varying difficult enemies to survive, some objectives to fulfill, in a 4 player squad(all experience/gold that you receive is shared equally among the entire party).  It's a lot of fun and while I was skeptical at first, Bioware did well with it.<br /><br />All in all, I am glad that I played ME3.  It was fun to take my character that I started in ME1 and see choices that I made clear back in the first game have an effect on my game in ME3.  If you haven't played the rest of the series, I would recommend doing that, it makes this game that more meaningful.  If you don't want to play the other games, I would still recommend playing ME3.  It was a blast.	2012-03-22
US	52127810	RA5L3RKA9Y8R1	B0056JDAMK	412898371	Everyday Genius: SquareLogic [Download]	Digital_Video_Games	3	0	1	N	Y	Interesting concept	This game is challenging and just as easy a concept as Sudoku.<br />Unfortunately this game is not solvable without guessing at the higher levels, so a rating of 3.<br />The math is supposed to help solve the puzzles but it fails to do so effectively, there are 3 or 4 possible solutions and only by guessing do you come to the realization many turns later that your guess was wrong.	2013-02-21
US	16912337	R1FMY5N4AXA5R9	B001K7HV3Q	701773253	Big Kahuna Reef	Digital_Video_Games	4	0	0	N	Y	my own fish farm	i have fun it was easy to start and free my kind of game it becomes more challenging as i go the only thing i dont like is not being able to erase the high scores there might be a way but i havent fiqured it out yet i love the earning and learning of the fish of the sea i think it would be fun for all ages family friendly	2011-07-22
US	25182399	R1OLE865KCA1UR	B007KLV7XG	49532776	5 in 1:  Texas Hold'em Poker Pack [Download]	Digital_Video_Games	5	3	5	N	Y	Easy to play, real poker table feel!	I was actually looking for this particular game for my grandpa, who is 69, and has been playing it on his laptop for YEARS... We got him a new laptop for Christmas, as the old one was really slow, and he insisted I look for the same exact poker game, because he enjoyed playing it on the long nights when he couldn't go to sleep till 3-4 am. He said it was easy to understand and play, but not boring, like many other games he had previously tried...It also had that real poker table atmosphere going on, and after I found it and downloaded from amazon, I found myself playing it for hours, too. I got hooked! So you can say that it is just as exciting for different age groups(I am 37).	2013-01-02
US	43833687	R3BJQZEQRFDT5I	B008GW5V9E	406314050	2K Shooter Pack [Download]	Digital_Video_Games	5	0	0	N	N	Great Games for a great price	When I got this set I think it was 10$ for all four games. I had never played any of them, but heard great things about them all so I couldn't pass it up. I still haven't played 3 of them, but for 10$ even just one of the games was a good price.<br /><br />The important part: They all activate on Steam, so 10$ just to have them in my Steam library in case I ever decide to play them is such a sick deal. Sad this item is no longer available. If it ever goes back on sale I recommend grabbing it immediately.	2013-04-05
US	19310829	R1SQJ8VZ88D7QU	B003N9BJV4	308771935	The Tomorrow War	Digital_Video_Games	1	2	3	N	Y	Sucks big time	Forget about it! Had Demo deleted real fast. Hard to use and understand.  Not user friendly.  Would rather go fishing.	2011-12-17
US	35791750	R2TMUAE0M0C55M	B002VBWIP6	232803743	Xbox Live Subscription	Digital_Video_Games	5	1	1	N	Y	Xbox Live 12 Month Gold Membership	Not sure why, but this Xbox Live 12 month Gold Membership started immediately when I entered the code. I thought it would have tacked on to the remaining days I had left on the current subscription. No worries, it was only a couple of days. Other than that it was convenient to be able to just download the code from Amazon.	2011-11-11
US	17450460	R14NDJRRR2Q3IL	B004BDPCV4	451801939	Harry Potter and the Deathly Hallows Part 1	Digital_Video_Games	1	2	3	N	Y	Choppy	Having played all of the other games, I was sorely disappointed with this one. I can't even begin playing it. The first scene is so choppy that I can't kill any death eaters. I wasted my money on a game I can't even play.	2011-07-22
US	28795729	R3MAKIV0M4EA27	B004I6D7PW	82216072	Jigsaw Aero Puzzle 2.0 [Download]	Digital_Video_Games	4	0	0	N	Y	jigsaw Aero puzzle 2.0	It can be easy or hard You can make the pieces as small as you like.A lot of puzzles to chose from.I really enjoy it.	2011-04-01
US	43341769	RZLJ8ZBHZZ50H	B003YMMGEE	888402158	Sniper: Ghost Warrior	Digital_Video_Games	1	10	14	N	Y	DON'T BUY!!!!!!!!!!	When I first bought this game I new there was a lot of bad reviews. But I wasn't looking for another call of duty or some thing. I just wanted a cheap game to kick back and relax with. Wow was I mistaken!<br /><br />Cons<br />The grafics are BAD! I knew that it wouldn't be great but come on! Put a little effert into it.<br /><br />Hard to control<br /><br />Very unrealistic. You can be 1000 feet away from a guy hidden in the shrubs and he can kill you with an ak-47! But your gun wich is a sniper rifel with a scope has to take into acount wind, distence, humidity etc. How is it possible for him to hit you? Basicly you shoot one guy and then half way across the entire map 7 other guy kill you.<br /><br />In short don't but!	2010-11-12
US	18649614	R1X4WCY6AXN5NO	B004RMK4P8	384246568	Playstation Network Card	Digital_Video_Games	5	0	0	N	Y	Excellent	The appearance of the code was instant and code worked perfect. Highly recommended.!! Very easy and secure. Return to buy other code here.	2013-04-21
US	27943286	RMTPDHXV2932O	B005Q1YAI6	615639173	The Sims 3: Pets	Digital_Video_Games	5	3	3	N	Y	I LOVE ANIMALS	WONDERFUL.<br />YOU CAN HAVE PET DOGS.<br />AND CATS.<br />AND HORSES.<br />THERE ARE STRAY ANIMALS.<br />I LOVE ANIMALS.<br />IT WAS AN EXCELLENT PURCHASE.	2013-03-13
US	16940825	R37DHP129T3454	B004BSF3H2	386665429	Game Show Party Bundle [Online Game Code]	Digital_Video_Games	3	1	1	N	N	Unfortunate character art, but ok to play. Just not all 3.	"First of all, the only reason this pack is a 3 game bundle is because \\""Price Is Right\\"" is just so incredible awful.  You are paying for Family Feud and Press Your Luck, and PIR is merely a bad bonus you will try once and never want to play it again.  At least they are somewhat cute for a few minutes to kill.  Both FF and PYL have online multiplayer which is the only thing that justifies considering the purchase.  Both are variations of trivia games along with a sea of others.<br /><br />Price Is Right is just plain stupid. Just think about the game show, and then think about how this cold possible work.  It can't.  There is no online multi-player and you literally watch grainy clips of the show, guessing a price that is something that would never be accurate.  And the games, just not the Plinko, and falling mountain climber you would hope for.  I actually paid for this separately a while back.  I am learning if there is no demo, there is no purchase from me from now on.<br /><br />Unfortunately, with Family Feud, you would think you would be playing with 10 people, but each family has 4 members, however you are all 4 people.  So, you can be playing with another online, but you are 4 people in one playing against one other person as 4.  You buzz in fastest and then attempt to get the exact word or phrase for an answer.  This is not very easy.  It gives you some stretch, i.e. if you say \\""fruit\\"" and the actual word was \\""apple\\"", it might be accepted.<br /><br />Press Your Luck is a funny addition since the show only aired from 1983-86.  So not many people under 20 are going to realize this was a real game show.  If anything, this is probably the best game of the lot, since are up against one other contestant, and it still revolves around gambling and greed.  The blinking board is there that you stop with a buzzer, trying to have to land on the highest dollar or prize amount.  You win the amount if you get the question right.  The key here is that you can lose all your money at any time.  And you will be screaming the famous line \\""No Whammys! No Whammys!\\""... a great party game.  This can be bought on it's own for 10 bucks or less.<br /><br />Lastly, these are Ludia produced games under license from the original shows they were inspired by.  However, the classic games shows really need to be developed by someone else.  The graphics are clear and but the design is so way off, and the worst part about this are the limited character avatars.  There is not one avatar that looks male, so you just assume.  No matter what game you play, you feel like you are in the 80's mostly because it looks like all the people are female and came out of the Happy Clam private bar for women.  So, put on your Birkenstock, pop on your Indigo Girls CD, and keep a toothpick handy to get the carpet fragments our of your teeth, and you'll have a great time.oney at any time.  And you will be screaming the famous line \\""No Whammys! No Whammys!\\""... a great party game.  This can be bought on it's own for 10 bucks or less.<br /><br />Lastly, these are Ludia produced games under license from the original shows they were inspired by.  However, the classic games shows really need to be developed by someone else.  The graphics are clear and but the design is so way off, and the worst part about this are the limited character avatars.  There is not one avatar that looks male, so you just assume.  No matter what game you play, you feel like you are in the 80's mostly because it looks like all the people are female and came out of the Happy Clam private bar for women.  So, put on your Birkenstock, pop on your Indigo Girls CD, and keep a toothpick handy to get the carpet fragments our of your teeth, and you'll have a great time."	2011-02-19
US	51522629	R23WOBBIGEWFCK	B001KC02ZU	863713396	Jewel Match [Download]	Digital_Video_Games	4	0	0	N	Y	differant	Had  problems with this game, getting it to work with my computer, If you have your curser set to fan across the scren or the bull's eye setting, it want work well at all. It also jumps from level to level, like you on level 47 then you start it again and you will be back at level 11, you can contact the game company and they will e-mail you some setting you can do on you computer to make it work better.	2012-09-18
US	29895461	R2JOH40JB44GRT	B0074AIU56	95499508	Sims 3 Showtime  [Mac Download]	Digital_Video_Games	5	2	2	N	Y	Showtime	adds so much fun and excitement! I love all of the expansions but this one adds the celebrity and star levels that make the game so much more fun !	2013-03-12
US	12429224	R3ANW9823XAXMU	B0040RV3EQ	865529845	Fabulous Finds [Download]	Digital_Video_Games	3	1	1	N	Y	It was alright	"I'm used to playing games like the \\""Little Shop\\"" series and this game was not quite like that. It was entertaining enoguh for me to download after the trial was up. But it didn't take long after that to quit playing. A decent game for a younger age group  but it wasn't really my cup of tea. I would strongly suggest to anyone downloading any game to first play the free trial if you are frantic when the 30mintues are up then buy the game, if you thought it was ok maybe continue searching for a possible better game."	2012-04-28
US	49769917	RMGKVOHU9CNPQ	B008D7F47Q	886655228	FIFA Soccer 13	Digital_Video_Games	4	0	0	N	Y	beautiful	FIFA 13 is probably one of the best games that I played on pc just had one fault when you switch off the computer and turn it back on it stopped working apart from that this is the best game if you switch tha 5 star	2013-03-20
US	41936825	R3NFVGEZN7ZH5	B008TTPRE8	542753000	Need for Speed Ultimate Digital Collection [Download]	Digital_Video_Games	2	0	0	N	Y	Good driving, everything else is horrible.	It never ceases to amaze me how gaming companies think its ok to demand you log in to their gaming networks.<br />Not mandatory, so we'll &#34;nag them&#34;. EA, X-box live and the likes.<br />The driving part of the game isn't very real. One can be 2 straights ahead of an AI vehicle and before 2 more corners you see the AI car blowing around corners and bouncing of gaurd rails to catch up; and they do within a corner or two and then commence trying to run you off the road. Really? this how racing is? NOT.  Then forcing me to sit through cut-scenes of unparralled bordem and stupidity. Where they seemed to put their biggest effort was the sexy flag girls on the start line. I came to drive cars, not stare at pixelated sluts. This review rings true for just about every EA and esp. NFS driving titles. I got these cheap (only upside) to add to my extensive driving game collection and will be used about as much as the bible in a hotel room nightstand. I was hoping for better, against my better judgement. Oh well, can't win 'em all.	2013-01-17
US	44833332	R21GE8CHI1EE75	B007RIGE12	155977885	TERA	Digital_Video_Games	4	1	1	N	Y	This game is awesome	This game is awesome but the only thing i dont like is that not a lot of people play it. When it comes to big MMORPG's its the community that makes it fun, the community needs to grow.	2012-12-26
US	11880088	R32NM0KV4HYDHB	B004SOZC02	777706534	The Stronghold Collection	Digital_Video_Games	1	3	24	N	Y	horrible	SO i just spent 4 hour installing this crap twice and everytime it says ui need to reinstall, its not all there it didnt download right and as a result i wasted 20 bucks and also am not playing games. dont waste your time or your money. Would have been worht it if it actually worked.	2011-07-03
US	31688712	R1QZKS7AJMCY2H	B003HKRQ02	226457887	Majesty 2: The Fantasy Kingdom Sim	Digital_Video_Games	4	1	1	N	Y	Review of Majesty 2	"So to hit some key points, the download process was very good. Great idea, but something to be aware of. If you have a 5Mbps DSL, that equates to .61MB per second so if the file is large, it might take a while to download.  If you have cable internet at 20Mbps, that equates to 2.44MB per second a lot faster. So just be aware of the time to download.<br /><br />The game itself is fun, but as you go up in the realms, it becomes insanely difficult. It appears that the game is set up to make you die unless you do certain things. Example, \\""The Gold Chyort\\"" will drive you nuts, how do you survive? You make your base and then get wiped out. You emphasize on defense and still get wiped out. Read the walk-throughs out there on the net, you will need it.<br /><br />The game has a strong \\""World of Warcraft\\"" feel, you have to gather resources (money), research for better defense as well as offense, increasing armor, etc. It is a fun game until you hit the levels where it goes insane. Do not go and think that you can clear the map and get everything.<br /><br />The graphics is very good and the game does not demand a great computer system to play on so a very good trade off.<br /><br />In the end, a really fun game; tip. Make sure to get the drawven base, you get a kick-butt defensive post which has a good range to cover and is devastating to the creature that attack you, but costs a lot so place them in well positioned areas."	2011-12-30
US	22810759	R1S1ASJ5EDRNDC	B002WC80MY	676345707	Assassin's Creed	Digital_Video_Games	4	0	0	N	Y	good	I have no problem with this game at this time. I have not played it all that much yet. My rating on this game may change as I play it more.	2013-01-26
US	23526768	R2IFIEWR93Q1MT	B004RMK4P8	384246568	Playstation Network Card	Digital_Video_Games	5	0	0	N	Y	perfect	just instant and perfect, I got the code just after I ordered, nothing to complain about, thank you a lot	2013-03-02
US	43061947	R1XQ4VCZUO7IXN	B003MQMPD4	806461441	Europa Universalis Rome Gold	Digital_Video_Games	5	0	1	N	Y	it's a great game	is one of the best games that i played, i like the realism that present the game and long experience.	2012-06-12
US	33581345	RR0DT9VZG906Z	B004WP939S	15549296	Majesty 2 Collection [Download]	Digital_Video_Games	2	2	4	N	Y	Majesty 2, good concept, bad excutation	"I purchased this as a digital copy, very intriguing concept, though the actual game is quite buggy.<br />The install at first wouldn't work, something to do with the firewall helper, that took an hour of search the net for a fix for that. Then one of the expansion packs \\""corrupt database files\\"" an aspect I cannot find a fix for because I can't find a compatible fix for my digital copy.<br />Then moving onto game play, very difficult the rate of attack and the speed of build, resource collection and tech research seems to be REALY off, which wouldn't be but so bad, but there are no cheats, the hacks with the digital copy don't work, niter do the trainers, so there is no way to balance it manually.<br />Your defensive structures tend to be way too weak, except for the high priced ones.<br />Finally you have sewers and graveyards that spawn within your town, but there is no way to cleanse, or destroy these so your buildings and villagers are always under attack from low to medium level baddies.<br /><br />In the end, I am very unsatisfied with this product, the only reason I gave it two stars is because visually and conceptually it is a great product."	2012-04-20
US	29529672	R1UOROG600MCGD	B005WWZUQ0	28899677	Battlefield 3	Digital_Video_Games	2	6	10	N	N	Disappointed	I've been waiting for the release of BF3 all year and sadly this game didn't live up to its reputation or the hype. The graphics and sounds effects are top notch, but the gameplay just doesn't hold up.  My first major complaint is with Battlelog. BF3 has no in-game menu, in order to launch the game you have to log into the Battlelog website and launch the game from there. So there is no way to change graphics settings, keybindings, etc... without first joining a game. The Battlelog server browser is also a joke, instead of retrieving the entire list of servers it only displays about 10-15 servers and then if you scroll to the bottom of the list it adds another 10-15 servers. The problem is that the first 10-15 servers populated are not necessarily the servers with the best ping, so you have to scroll to the very bottom of the list a few times in order to get a good selection of servers to pick from. Battlelog's only redeeming quality is that it gives you the ability to make squads, which allows you and your friends to join in the same game on the same team.  My second major complaint is with game stability and load times. In some cases it has taken me 10-15 minuntes just to get in the game. Most of the time it takes multiple attempts to join a server before I can actually get in. Sometimes the game crashes 2 or 3 times while loading, sometimes the game loads, but I get stuck on a black screen, and other times it actually works. I have three gaming computers and I have the same problem with all of them. Even when the game does load correctly it takes 3-4 minutes of waiting before you are finally able to play.   My final complaint is with lag in multiplayer. I own Battlefield 2, battlefield 2142, and Battlefield Bad Company 2 all of which play great online, however Battlefield 3 has taken a huge step backward in this area. You can be getting shot at, run behind a wall, and drop dead a second later even though you were no longer taking fire. I've also gotten kills on several occasions where I've run out of ammo while shooting at another player and it looks like they got away, but then a second later I get credit for shooting them, because of the lag. I've been playing online FPS's since Medal of Honor Allied Assault and I've never experienced lag online like this.  I'm very disappointed that my favorite PC title has turned out to be such a disaster so far, hopefully they can fix it with patches over the next several months. If the community stays around that long.	2011-11-23
US	11333811	R3OQ9OJ856MO1F	B00AY06LNG	478913156	The Sims 3 [Download]	Digital_Video_Games	1	3	3	N	Y	Doesn't work without disc	"I downloaded the game and already have an Origin account. It downloaded quickly and easily, and when I selected the download from my Origin game library and clicked \\""Play\\"", it stated that I could not play without a disc inserted. The whole reason I purchased the game for PC download is so I DON'T have to have a disc to play. Total waste of time and money."	2013-03-07
US	38226392	R34804PL8UUUK8	B004RMK5QG	395682204	Playstation Plus Subscription	Digital_Video_Games	5	0	1	N	Y	Offers several benefits for a great price	I'm sure there are features of PlayStation Plus I haven't used yet, but I'll go over the ones I do use.<br /><br />Free games - There are, at any given time, about 10 or 15 free full-length games available digitally to subscribers. These are changed regularly and have included big names like Street Fighter, Darksiders, Mega Man, Little Big Planet, Ratchet and Clank, etc. You could amass a pretty decent collection just in free games, especially if you're a casual gamer. You only get to use those games while you're a paid subscriber, but the price makes it well worth it.<br /><br />Discounts - You get discounts on most downloads in the PlayStation store. You can get popular games for as little as a couple of dollars sometimes (I bought Journey for about $2.50, I think). Usually discount is about 25%, and unlike the free games, the ones you buy with your discount are yours whether you remain a paid subscriber or not.<br /><br />Cloud storage - PS Plus allows you to store save files via Cloud, a feature not available to non-subscribers. This allows me to retrieve save files I have on friends' consoles, as well as back up my save files to play on other peoples' consoles. In the event that something happens to my PS3 (God forbid), my save files are safely stored online. The saves are easy to store and retrieve.<br /><br />Exclusive betas, etc. - PS Plus gives subscribers exclusive access to early betas and demos of games. This is probably going to appeal to more serious gamers, but it's cool to check out upcoming games before release date.<br /><br />All in all, I think for $50 per year, this is a great value. It's well worth the price.	2013-03-22
US	18342940	R1JONPR0SCACF1	B004ZUFN62	399461385	The Sims 3: Generations	Digital_Video_Games	5	0	0	N	Y	Download and game work fine	After reading some reviews, I was a little apprehensive about buying this download, however, it downloaded just fine and the code provided worked on the very first try. That said, these expansions pretty much suck if you run them on a 13&#34; Mac like mine, but that has nothing to do with the download product itself- that's how all Sims expansions run on my Mac regardless of where I buy them from.	2013-02-09
US	39143698	RCRVXYGQ0QMIJ	B007VTVRFA	402222185	SimCity - Limited Edition	Digital_Video_Games	1	2	2	N	Y	What a waste!	Requiring an always online connection for single player is just stupid.<br />Not having the server infrastructure to handle launch is blatant disregard for the customers.<br /><br />I have to actually be able to play the game to enjoy it.  Would give it 0 stars if possible.	2013-03-08
US	49708813	R3KTZ5HPF2PPEO	B004ZUFKEC	321025745	The Sims 3 [Mac Download]	Digital_Video_Games	3	0	0	N	Y	Not worth it	After reading through all the reviews I decided that I was going to risk downloading this game despite my initial skepticism. The download took about two hours and I then chose to update the game and download the patch which took about another half hour. But all in all it downloaded fine and I used the code sent to me with my purchase to finish the download with out any problems.  I should have listened to the warnings about the graphics though. My sim is a strange white colour and the graphics are coming up terribly. I admit though, this is no fault of the game but rather with my graphics card.   The game works fine on Lion but the graphics are too poor for me to get any real enjoyment out of it. If you don't have a fancy graphics card then it's really not worth it.  Make sure you're 100% certain before you download this.	2011-11-19
US	36140733	R24EWNZC2QTCBW	B008NCGRMC	823626646	Remington Super Slam Hunting: Africa [Download]	Digital_Video_Games	1	0	1	N	Y	too many bugs	sorry for years I have dealt with amazon and there products etc...Never had any whats so ever problems, however, this game just don't work, well it works for a little while, then crashes my system, I have more then enough specs as reviewed in the write-up of what you need to run this game. I download it..it installs, runs, then after a certain amout of game play, it freezes up, or from time to time, it crates a blue screen telling me that for my system safety, it stop the game from a major crash on my system,I downloaded it several times, to try my best to get it to work properly, and it just won't work longer then I would say about 30 minutes, give or take a few, Before it crashes, Sorry, I for the firstime and hopefully the last <Fingers crossed> am leaving this rating as low as it can go, the programmers of thios game, need to go back and fix the bugs etc in it..before they market it, a free game can do the same crashes as this 20.00 dollar game..I wont downlaod again and install it, it had to be like 12 times I already tried and failed to get it too work properly.	2012-09-12
US	12146958	R2SRGTFXBRS04G	B004VSTQ2A	232803743	Xbox Live Subscription	Digital_Video_Games	5	0	0	N	Y	Best price on the net or anywhere else for that matter	Quick easy, no waiting for a card. The code appears right after purchase and your done. It doesn't get any easier.	2012-12-24
US	8871462	R361TOAGTCVHRN	B0098QPPL6	64618519	Battlefield 3	Digital_Video_Games	5	1	1	N	N	The best service ever	Well what can I say about this well three words ITS FREAKING AWESOME!!!!!!! I got the product in like two days and then setup was easy ass hell. I already had origin so it was good but the campaign can be better. I ha to stop playing campaign cause of its lack of excitement which dropped the rating down to 3 star then I played multiplayer and was blown away with it. Every thing was perfect. And plus with premium edition it was perfect which bought it up to 5 stars. The sad thing was when I got it it ha to be updated but oh well it was worth the wait if I were you I would buy this game it's amazing	2012-12-03
US	37511384	R1TJWKOCFQ0JK1	B004J4WZII	360092680	Streets of Rage	Digital_Video_Games	5	1	1	N	Y	Love this classic	I felt like a teenager again, reliving one of my favorite fighting games on pc today. Streets of rage is a fast paced action fighter with a great music soundtrack that'll have your head moving while your pressing the buttons. I love the save game option so I don't have to start completely over	2013-03-06
US	22263083	R2JLGQI0XR44DZ	B0091UOX1W	481572632	Dead Space Dual Pack [Download]	Digital_Video_Games	4	1	2	N	N	Non-Origin Dual pack also available for Download	Just so you know, there is an amazon download version also available which does not require Origin here: [[ASIN:B00BFWADDQ Dead Space Bundle [Download]]] - you can dload direct from amazon servers. Both require an EA online account login, but that is all. I know cause I bought mine that way, and I'm very happy. Cheers!	2013-02-27
US	12663536	RIV5CWGZK413T	B005SV7W84	637917863	Twisted Lands: Insomniac [Download]	Digital_Video_Games	4	0	0	N	Y	Better than it should be!	The drippy couple (heh) notwithstanding, the two Twisted Lands (Shadow Town and Insomniac) are quite playable and enjoyable.  Decent graphics, clear paths so that once you learn your way around a bit, you can do the back-and-forth fairly quickly.  I'm playing them a second time, and it's more fun, really, than the first time.  Recommended!	2012-07-06
US	12135509	R2NKBNEO6F7IUZ	B006JRRAZQ	467977545	Battlefield 3 - Back to Karkand DLC Pack [Online Game Code]	Digital_Video_Games	1	1	2	N	N	Booooring	So let's pay $15 for some extra grinding in BF 3 so you can obtain new guns that you most likely won't use.  On top of that they haven't had any more fixes done in the game in forever.  Game is fun when it actually works properly.  Except for all the aimbotters and hackers that are on nearly every server.  COD4 way more reliable, way fewer problems.	2012-09-02
US	12151504	R2HDNZGMB2U4RG	B004WP939S	15549296	Majesty 2 Collection [Download]	Digital_Video_Games	3	1	2	N	Y	Too difficult	I played Majesty and the Northern Expansion, so naturally when I saw this I was a bit excited.<br />After playing the game, all I can say is the graphics are great but some of the changes to gameplay are just awful.  There are a couple improvements that I liked, but the campaigns were often insanely difficult.  Don't get me wrong, I like a challenge, but I don't like an impossible challenge.  At least with the original series they were all doable.. without getting high blood pressure, screaming out in anger and wanting to smash your computer.  :(	2012-08-22
US	11591009	R2P095YDEFY6BK	B002VBWIP6	232803743	Xbox Live Subscription	Digital_Video_Games	5	0	0	N	Y	Great Deal	Great deal for an amazing price. Also very convenient that I didn't have to wait for it to arrive or to pick it up. Instant!	2013-02-18
US	48540309	R1PSJ5CAU5SY86	B005OMM66A	872730407	Saints Row: The Third [Download]	Digital_Video_Games	5	0	0	N	Y	Fantastic game!	This game was fun right out of the box.  The over-the-top humor and action along with the basic RPG elements kept me playing from start to finish having a great time.  Co-op online was fun, letting me and a friend join together to kill people with crazy weapons and even crazier outfits (or no outfit).<br /><br />The story may have been forced, but I enjoyed the goal of taking down all the other crime bosses to get 'revenge'.<br /><br />This is the only Saints Row game I've ever played.	2012-11-13
US	20682597	R39YIMLLJKFMHW	B002GP6WEA	538155721	LocoRocoCocoreccho!  [Online Game Code - Full Game]	Digital_Video_Games	5	0	0	N	Y	Great fun!	"LocoRoco is a very fun and addicting game.    I was a little worried that there was only 1 \\""level\\"". But after playing it made sense. The more you play, the more \\""gates\\"" get opened in this level. For a total of 6 or 7 gates I believe. By the end, I was spending about 1.5 hours per run through.    It never got boring and I ended up with about 10 hours of play time. However, there is a lot of replay value here, trying to get all the locorocos by the end. I still haven't done it... heh    I was also worried that controlling the LocoRocos via the Cocoreccho (what the rocos call the butter fly) would be poor, but it in fact was quite fun. The LocoRocos continue on the circuit until you change the path via a gate, so you never loose them or anything.    Overall, excellent game. Great fun for any age group, easy to play, and relaxing as well with a zero frustration factor."	2010-01-06
US	12739482	R1VQMLE03UU8RG	B004E10R4K	404225442	Need for Speed: Hot Pursuit	Digital_Video_Games	4	0	0	N	Y	Game is good	I have a problem with the Amazon games downloader.  I bought Assassin's Creed 1 from Amazon Digital Download and my download kept getting interrupted and pausing.  They need to make a downloader that lets you stop and resume later on.  Anyways, I also bought this game, NFS: Hot Pursuit.  Graphics are quite refreshing after playing a lot of GT5.  The world looks beautiful, I'm playing on PC BTW.  The music is cinematic.  It has Porsche in it.  It is a very aracadey feeling game.  I'm dissapointed there is no car customization (my favorite NFS titles are NFS: Porsche and the Underground Series).  I haven't finished the game yet.	2011-01-21
US	48189433	R25AVWE2P8D49N	B008J360HC	225309182	Xbox 360 Live Points Card	Digital_Video_Games	5	0	0	N	Y	Great convenience!	I love being able to purchase the game code online.  It's instant and you don't have to battle the Walmart crowd, or have your card number in Microsoft's system.	2013-03-17
US	52412515	R2J3CFENX2KT7S	B009SPZ11Q	826849966	BioShock Infinite	Digital_Video_Games	5	2	4	N	Y	Not quite as great as first, but still a 5	"Bioshock Infinite is the third in the franchise, and many reviews have focused on how it compares to the first or second. I don't much care. BSI is a great game. The weapons are all built around play styles, so while some will not be useful to some players, they're all useful for someone. The story is engrossing. The escalation of the action is perfect. The city is gorgeous. Nods to the first game and to a plethora of other sources are fun. There's just nothing about this game that I'm actively disliking.<br /><br />Some high points (non-spoiler): the game has a \\""taxi\\"" mechanic that engages the user in a way that I'm really fond of. The sense of \\""what the hell is going on\\"" in the start of the story is played out very well. When you first see the city there are some real \\""holy crap, they actually did that!\\"" moments that made the game purchase worth it for me.<br /><br />Minor issues: movement is stuttery around uneven surfaces.  Some of the voice acting is hard to hear over action that may be going on (not nearly as bad as Borderlands 2!)<br /><br />Overall a great game with lots of potential for the future of the franchise."	2013-04-03
US	31448933	R3UG4351IR395E	B001QCWQKS	98666663	Mr. Biscuits - The Case of the Ocean Pearl [Download]	Digital_Video_Games	5	2	3	N	N	More Than A Hidden Object Game	I absolutely that there is an element of mystery to the game, and that the game includes a payoff for the player, in that you must solve the mystery to win the game.  Pay attention to the clues given, and you'll do as well as I did - I solved the mystery on my first guess!  The characters are funny, SFX are great, and Mr. Biscuits is adorable!	2009-04-25
US	33143341	R2YPFXV5TXO98Z	B0087STJLS	296282987	Battlefield 3: Premium Season Pass	Digital_Video_Games	5	0	0	N	Y	Very good game	Very good game to play with friends however the game effects , sound and game play is good... ... ..	2013-02-15
US	10194639	R1ARZHXX1FUI7B	B0035LCXGA	172500221	Nancy Drew: Danger By Design	Digital_Video_Games	2	3	3	N	N	How do I NOW play this game since I have WINDOWS 7? Many of my games are the same, I can't use them anymore, what to do?	I am just asking if the NANCY DREW games are going to come out with operating systems that can play on WINDOWS 7? I know some do, but most of my child's games are not playing on her new sony laptop, with Windows 7...what should we do, or what should the game maker's do for us?<br /><br />PLEASE EVERYONE THAT READS THIS, IF YOU HAVE THIS PROBLEM, PLEASE CONTACT THE MANUFACTOR LIKE I HAVE..NUMBER'S COUNT AS ALWAYS' THANK YOU..	2012-08-16
US	16261928	R1MN2JPXQLYHF5	B00AAHSFAK	275341467	Paradox Majesty Franchise [Download]	Digital_Video_Games	1	0	32	N	N	Dumb deal	Simply put, you can buy the individual games for 60 dollars, why in heavens would you pay 99 dollars...... I think the product manager needs to review and adjust the pricing, normally you get a discount buying budled games.	2012-11-27
US	50943878	R1M0XF66JE3UXR	B003FGW7AW	154494710	Mahjongg Dimensions Deluxe [Download]	Digital_Video_Games	2	0	0	N	Y	Fun	I enjoy a game while waiting for one thing or another.  The Mahjongg game is fun but there are some levels that I would consider impossible to do.  Being a senior citizen, I blame it on my age.  But I would appreciate a game that has a more attainable level for those of us who are not quite as fast as we used to be.	2011-06-08
US	24947519	R3JIR77D4BJXNH	B00546GJ1E	775945047	Pride of Nations [Download]	Digital_Video_Games	4	8	10	N	Y	Ageod at its best	Pride of Nations is a typical Ageod game. If you have played AACW or BOA, you know the basics. This is nearly complete control of what a nation would be doing during this time period. Political, industrial and colonial efforts are involved. As Crisis situations arise, the diplomat must rise to choose the course of actions. The game is a challenge to say at the least. The span of the game actions is 70 years- 1850-1920. This involves nearly 1700 turns (2 per month). The player has a choice of countries to choose to oversee. The historical events are interwoven with the player's decisions to create an eventful game. In-between turns is time-involved. Minute or longer is not unusual. However, when you considerate all the events and actions that the computer must calibrate, it is an understandable aspect of the game. After all, the games span a long period filled with many historical events. Patience is a virtue in this game both in developing your country and waiting for the results of each 2-week turn. Overall I like the game.	2011-07-04
US	18355402	R1O3I7PJVHV9FK	B008TXMPJE	112689632	The Sims 3 Seasons	Digital_Video_Games	3	1	5	N	Y	Don't download the game it's a big mistake	I downloaded the game via Origin (because you have to when you download this game) and everything went fine until I started playing with my sims. I tried changing the length of the seasons but as soon as I did it the game shut down, every single time I did it. But I said well I'll just play with the seasons as they are, but then the game shut down whenever it wanted to. I said well I'll just save every 5 minutes. But yesterday when I was playing everything went fine until I tried to shut down the game myself, oh the irony. The game froze for hours in the exit screen until I just ended the process and today I tried to play but my whole screen would turn black and then show a message saying that the initialization failed and the game could not be started. I never had any kind of problem with my other sims 3 expansions but those expansions are all in discs and I though well lets change the routine and just download it. BIG MISTAKE! Take just a little bit of your time and buy at a retail store or even by mail but don't download it. The game is great but not when its downloaded.	2012-11-18
US	13558470	R9UPR0JM0GPBW	B00B89S07C	53703958	Xbox LIVE 1200 Microsoft Points for Call of Duty: Black Ops II Revolution - Xbox 360 Digital Code	Digital_Video_Games	5	1	2	N	Y	Perfect, fast, easy!	This should have been my first option but i went with gamestop and ordered it online, what a mistake that was. The online receipt said they would not charge me until the item has shipped but seeing as this was a online download code i don't see how that would be possible. Anyway, they charged me right away and i get an email saying they CANCELED MY ORDER! Take my money than cancel my order? bulls***. I called and could barley understand the customer service rep. but she did say my money would be reimbursed in 24 hours. AMAZON is the way to go. just a few clicks and credit card info, and they INSTANTLY give you the code.	2013-02-10
US	34963722	R201H6850T6YU8	B007WWWF9I	745456278	The Walking Dead [Download]	Digital_Video_Games	1	10	14	N	N	Crippling save files ruin the experience	I bought this game from Amazon for Mac Steam after reading all the numerous awards it has earned for last year and thought I would give it a shot, plus being a fan of the TV show, it was an easy call.  I have completed episode 1 and just started episode 2 when I realize that the choices that I made from episode 1 didn't get carried over.  After reading through a couple of sites, it looks like this is a major problem with the game.  The developer, Telltale Games, supposedly is working on a fix for episode 4 but I can't find anything relating to a fix for episode 2.  This is unfortunate because the game hinges on your decision and it's disappointing to see that because of save file bugs you can't see the consequences of your action.  As a result, I will have to rate this game 1* out of 5*.<br /><br />I would not recommend this game to anyone until a permanent patch has been released.<br /><br />EDIT: So after uninstalling/reinstalling the game on Steam, I went back and replayed through the entire episode 1... and now the game crashes repeatedly at the beginning of episode 2.  So I no longer have access to episode 2 and the subsequent episodes... this is completely unsatisfactory.  I will no longer be purchasing games from Telltale Games since there seems to be no fixes in sight for the save bugs.  It's surprising that since Episode 1 and 2 have been released for so long now that this bug remains a problem.  And the customer support has been nonexistent... aside from a lot of acknowledgement of problems with the save system, there doesn't seem to be any movement to fix it.<br /><br />I highly recommend anyone to stay away from this game.  While it's possible you could get a working download, I think the sheer amount of cases (on all systems) so far should be a warning sign to anyone considering buying the game.	2013-01-11
US	7417882	R1FUI1YDOA2GCT	B009G7XXI4	867901911	Hitman Absolution: Professional Edition [Download]	Digital_Video_Games	3	1	2	N	N	Not bad, but not the best tittle in this saga.	When i think in a new Hitman, i think about lots of weapons, lots of ways to complete each work, lots of customize choices, but.. In this one i missed lots of them.<br />There's not really a customize option, in my opinion, &#34;Ways to complete each mission&#34; are so weak if you consider the other games, i feel not enough backgroup emotion in this one, timeline it's a quite boring, and.. ok, it's Hitman, but for real, i expeted more than i saw..<br />Good graphics, not AWESOME, but, not bad, good psychics, good gameplay, but, i think it's not enough for what they could made for this one.<br />In my opinion, it's a good game, but if you really love Hitman, go to play this saga from start.... I was bored for playing about 1 day after i bought it, it's a quite annoying in my opinion, and i have done about more than 50% of the game.<br />Not the best Hitman game, but not bad.<br />Hope they think about this if they are thinking about making a new one in a future.<br />Contracts mode it's in my opinion one of the best ways to play this new Hitman game, history it's a little poor and boring.<br />Hope you guys enjoy this game more than me, really.	2013-01-19
US	14670525	RW6HHMAO2D4LG	B001V7QIDY	225309182	Xbox 360 Live Points Card	Digital_Video_Games	5	0	0	N	Y	Love being able to purchase online!	I love that I can renew my son's X-Box 360 Live account online and buy points without ever having to nleave the house!	2013-01-29
US	32543994	R3OQKOHZUX9ETH	B008ALU5KG	629524765	XCOM: Enemy Unknown	Digital_Video_Games	4	1	2	N	Y	Brings back Memories	Enjoyed playing the new and improved XCOM game.  It still sucks me in to the action as the old time version.  Keep on making games of this genre!	2013-01-10
US	14424222	R27UFUM15769Y0	B001MIZNEM	193672495	Cake Mania [Download]	Digital_Video_Games	3	0	0	N	Y	Not Bad for Children	My son age three loves to play video games such as Angry Birds, games on Nick Jr, and Disney.  He didn't have much interest in this game.  I played a couple rounds and it seemed fun enough.  I am a little old for it though.  I did get it for free so I am not complaining but I wouldn't pay money for this.	2011-06-03
US	34020394	R1PRC48TJXW11X	B00AM215VE	393305477	Starter Vehicle Pack - Soar: Second Life [Instant Access]	Digital_Video_Games	1	16	24	N	N	Why US only?!	With Second Life being a worldwide community it is really annoying that this is US only -.- Why can't I purchase a digital product from Germany?	2013-01-05
US	34687552	RH9613X4DLI8J	B004RMK4P8	384246568	Playstation Network Card	Digital_Video_Games	5	0	0	N	Y	Great product	Code came up on the screen instantly and was able to email to myself in case I forgot. Great product	2013-01-14
US	38672794	RKBXQ4VNHSU9J	B0064TYOLW	122131766	Mass Effect 3	Digital_Video_Games	2	7	9	N	N	Disappointing conclusion to an epic trilogy	Had I known the ending then that I do now, I would probably not have bought this last game.<br /><br />Instead, I withheld myself from finding out any of the spoilers so that it wouldn't ruin what I thought would be a great ending to a series, inline with what Bioware has delivered with the prior two parts to the series.  Now, I have come to see that perhaps that was what Bioware was banking on.  It almost seems like they ran out of time at the end and just slapped some random ending together to send it out.  None of what Bioware has promised with the ending has come to pass.<br /><br />The ending that you get has no real bearing with the choices that you've made throughout the series.  In fact, you can get the same ending even if you made all the wrong choices if you play the multiplayer enough.  It doesn't really answer ANY of the questions that you may have had as well.	2012-05-03
US	45558985	R7H7KBNVH1X15	B00452VGYS	748012584	The Sims 3 [Download]	Digital_Video_Games	2	1	1	N	Y	Download sucks	I am a big fan of the Sim's game, and i wish i could review the game for you, but I bought it yesterday and it is still downloading to my computer. Its been a full 24 hours now and it is only @ 67%. My initial download time was 2 and a half hours....<br />I could have gone to the store and bought it and been playing it now, but I am still waiting.<br /><br />The Digital Download is a good idea, and I liked that i wouldnt have to fuss with discs and losing them, but I would rather have the discs and mess with them, than waiting so long for the download!<br /><br />Game is probably good, download sucks. In my opinion, just go buy it!	2012-07-27
US	43323814	R3HG8HQ8FRDF9T	B004774724	512269609	The Sims 3: Ambitions	Digital_Video_Games	4	0	0	N	Y	Great but addictive	This expansion kit has brought new life to the core game.  It's great, but addictive and time consuming.  Can't play it as often as I like.  :-P	2012-01-31
US	44751489	R1W89XOVO6BCCO	B003BVJ8DK	38118708	Fiona Finch and the Finest Flowers [Download]	Digital_Video_Games	4	2	2	N	Y	Great Game	Love this game. I thought it was a little slow when I first started but now I love it. Played it at least 4 times. Has both story mode and free gardening mode. Good graphics. A great way to relax.	2012-04-16
US	16924773	R1YMQ3YVPUARRY	B004NSVDCO	335987690	Assassin's Creed: Brotherhood	Digital_Video_Games	5	1	3	N	Y	Assassin's Creed Brotherhood	UBISoft is amazing in its Assassin's Creed series of games.  Starting with the original Assassins Creed, the games just  keep getting better.  Graphics were great in the original, with a good story line. Move on to ACII, and the story line  and graphics improve again. I have the AC series in PC, so the video, and graphics are stunning.  I thought that ACII  was superb, but find that AC Brotherhood again improves again on all aspects of the two original games. Story lines  change with surprising and unexpected twist, making a far better gaming experience.  The addition of new weapons and  methods of combat make the game second to none in my opinion.  I am eagerly awaiting the AC Redemption release.	2011-09-26
US	16025172	R2XPIOPJFT8UOV	B002MUB0ZA	244525882	SKIP-BO - Castaway Caper (TM) [Download]	Digital_Video_Games	5	0	0	N	Y	ONE VERY SATISFIED CUSTOMER !!!	I have purchased several digital downloads from Amazon Digital Services, including video games, and music downloads. I have also purchased one On Demand Video Download. Every time I have been completely satisfied with the products and services of these purchases. I would highly recommend purchasing Amazon Digital Products.     Signed ~~~    One Very Satisfied Customer      [[ASIN:B002MUB0ZA SKIP-BO - Castaway Caper (TM) [Download]]]	2011-12-24
US	47404950	R30VROJ5K3H1I1	B004RMK5QG	395682204	Playstation Plus Subscription	Digital_Video_Games	4	1	1	N	Y	Playstation Plus provides you with great games!	I find many discounts and freebies well worth $50 per year! I would recommend this to casual and hardcore gamers.	2013-04-13
US	13570771	R259068HZZK9H1	B002VBWIP6	232803743	Xbox Live Subscription	Digital_Video_Games	5	0	0	N	Y	Very Convinent	I purchased this for my husband when Hurricane Sandy hit and we were stuck in a different town with no one we knew, but we had internet and of course the precious xbox. Apparently, you don't leave your xbox where a hurricane might hit.<br /><br />There are better deals and sales out there, but this will do in a pinch. It worked immediately and we have never had a problem with it more than 2 months later.	2013-01-12
US	34358385	R79FI9UO86L9P	B0049U4PGC	676178644	King Arthur [Download]	Digital_Video_Games	3	0	0	N	Y	There are hints	After reading the first review, I had to try the game. I started the trial version and there are hints after the first 2 search screens and another little matching game. I ended up purchasing it without finishing the trial. I only gave it 3 stars because I haven't finished the game yet but wanted to let others know that hints are available if you make it past the first couple of puzzles.	2011-05-24
US	35844842	R10W8X8WW6VI72	B005OMM66A	872730407	Saints Row: The Third [Download]	Digital_Video_Games	5	1	1	N	N	a lot more fun than GTA4	Much more fun and less serious than GTA. Easier ways to create mayhem and less pesky police. Fun characters, nice upgrade system and A LOT more frames per second than GTA4.	2012-11-16
US	14610390	R2TS8MMDE0OCOL	B004E10R4K	404225442	Need for Speed: Hot Pursuit	Digital_Video_Games	4	0	0	N	N	Pretty Good	This game was alright.  It's fun if you don't have to pay full price for it. It is a little difficult to play on the PC but the graphics are still pretty good and the gameplay is not glitchy	2011-12-11
US	12647523	R225QYQ9JTLHM6	B006L6DTTQ	929461989	Pickers [Download]	Digital_Video_Games	5	1	1	N	Y	Love this Game	This was a really fun game.  I really liked the fact that it was using places in the U.S. instead of another country.  No monsters, evil characters or ghosts.  Reminds me of the TV show and was a lot more fun than the usual seek and find games.  Please, please send us a sequil!	2012-06-12
US	25854329	R29UCL71QLN3E0	B003TV4ANA	108097284	Fishdom 2	Digital_Video_Games	5	0	0	N	Y	Great Fishing	I bought this for my granddaughter.  I have been playing Fishdom ever since.  This game is good for any age.	2011-08-24
US	25575022	R2HIVA7N0DWZDR	B001K7HUR8	437400094	Ricochet Xtreme [Download]	Digital_Video_Games	5	0	0	N	Y	A Fun, addicting Classic!	Classic Ricochet, fun and addictive with fun bonuses.  A great way to kill the time (and boredom)!	2009-11-14
US	14725328	R2VE0BMAAU0JNP	B004CLYIYW	729813060	Puzzler World	Digital_Video_Games	3	0	0	N	Y	Good for children	This is a great game for children.  There is a diverse game base and several games over all.  I believe an adult would not find it challenging.	2011-12-30
US	11212222	R3AQ97OE32DLPQ	B007VTVRFA	402222185	SimCity - Limited Edition	Digital_Video_Games	1	1	1	N	Y	Waste of money & time.	I received the game but am unable to log in so I spent $60 for only a headache. I loved SimCity back in the day but this is nonsense that they require you to be online to play the game. Save your money and don't buy this.	2013-03-08
US	26481584	R2ARJI37OX6NG0	B003O68U04	698281643	Avernum IV [Download]	Digital_Video_Games	1	2	5	N	Y	This game is very tough	As the title says this game is very tough. I was not able to get past many of the bad guys. Maybe this will be good for some one who doesn't mind losing members of their party or is better at protecting them than I was.	2012-05-20
US	20801704	R3ADW89GNH8TCA	B00A418B7Y	88167459	Prototype Pack [Online Game Code]	Digital_Video_Games	4	0	0	N	Y	If you want to fell like a badass	Good games for cheap price. Some people complained about the technical problems with them, but I didn't experience nothing major.	2012-12-16
US	51302099	R2Q5UH29OII5VW	B00GAC1D2G	384246568	Playstation Network Card	Digital_Video_Games	4	0	0	N	Y	Four Stars	works great	2013-03-27
US	51438611	R37173XG6TP1G4	B004TC15ZE	638911654	Shift 2 - Unleashed	Digital_Video_Games	4	0	0	N	Y	Shift 2 slightly improved over first effort	I prefer other pc driving games over this one, but I have bought the games in this series for many years, and I thought that it would make a solid diversion for me to wile away the hours. It looks beautiful and sounds right, the interface is a bit clunky, but the developers are headed in the right direction. It is a bargain for the price paid on Amazon, and I would probably purchase the next game in this series , especially on Amazon if it is priced under $20. At that price you have nothing to lose.	2011-12-08
US	28451730	R3J837G19U0T1J	B0047O2Q0M	68597324	Burnout Paradise: The Ultimate Box [Download]	Digital_Video_Games	5	1	2	N	Y	Awesome Fun Game!	Bought on Amazon for $5 and redeemed the product code in Origin client (I installed the game using Origin).  Works great in Windows 7 64-bit; no game crashes so far. Installed on a machine with an i7-950 processor and 2-way SLI GTX 560 Ti graphics cards.  Using XBox 360 Wireless Controller for Windows without any issues.  Far as I can tell, there is no reason not to purchase this game.	2012-02-19
US	25523756	RA1UWZGFWXEC4	B0064TYOLW	122131766	Mass Effect 3	Digital_Video_Games	5	4	8	N	N	Awesome	After the DLC ending... One of the best games I ever played.  The graphics and story line were extremely engrossing, and the additional stuff, like love interests made it feel like it mattered.	2012-07-05
US	46029096	R2FU18H32NL995	B001JP5H26	535451460	Risk II [Download]	Digital_Video_Games	4	2	4	N	N	Title Says it all	Risk addicts will enjoy this version as it offers many unique ways of playing.  Being one who did all night Risk games in college was really happy to see this product.	2009-02-05
