index,Order ID,Date,Status,Fulfilment,Sales Channel ,ship-service-level,Style,SKU,Category,Size,ASIN,Courier Status,Qty,currency,Amount,ship-city,ship-state,ship-postal-code,ship-country,promotion-ids,B2B,fulfilled-by,Unnamed: 22
33553,406-1893448-0805943,04-10-22,Shipped,Amazon,Amazon.in,Expedited,JNE3797,JNE3797-KR-XXXL,Western Dress,3XL,B09SDY4VDC,Shipped,1,INR,725.0,NEW DELHI,DELHI,110014.0,IN,IN Core Free Shipping 2015/04/08 23-48-5-108,False,,
9427,171-9111954-5793164,04-24-22,Shipped - Delivered to Buyer,Merchant,Amazon.in,Standard,NW014,NW014-ST-SR-M,Set,M,B0928S4YCB,Shipped,1,INR,560.0,GURUGRAM,HARYANA,122018.0,IN,"Amazon PLCC Free-Financing Universal Merchant AAT-WNKTBO3K27EJC,Amazon PLCC Free-Financing Universal Merchant AAT-QX3UCCJESKPA2,Amazon PLCC Free-Financing Universal Merchant AAT-5QQ7BIYYQEDN2,Amazon PLCC Free-Financing Universal Merchant AAT-DSJ2QRXXWXVMQ,Amazon PLCC Free-Financing Universal Merchant AAT-CXJHMC2YJUK76,Amazon PLCC Free-Financing Universal Merchant AAT-SL3Y2YRMAUNFC,Amazon PLCC Free-Financing Universal Merchant AAT-CC4FAVTYR4X7C,Amazon PLCC Free-Financing Universal Merchant AAT-XXRCW6NZEPZI4,Amazon PLCC Free-Financing Universal Merchant AAT-EOKPWFWYW7Y6I,Amazon PLCC Free-Financing Universal Merchant AAT-ZYL5UPUNW6T62,Amazon PLCC Free-Financing Universal Merchant AAT-G5ZRX4BZOIODU,Amazon PLCC Free-Financing Universal Merchant AAT-PZHUW6DZX4BPS,Amazon PLCC Free-Financing Universal Merchant AAT-ETXQ3XXWMRXBG,Amazon PLCC Free-Financing Universal Merchant AAT-TNYBHEAO7HOHO,Amazon PLCC Free-Financing Universal Merchant AAT-BRSZZ45H6MHAO,Amazon PLCC Free-Financing Universal Merchant AAT-MKLXOOZWQL7GO,Amazon PLCC Free-Financing Universal Merchant AAT-CB7UNXEXGIJTC,Amazon PLCC Free-Financing Universal Merchant #MP-gzasho-1593152694811,Amazon PLCC Free-Financing Universal Merchant AAT-WLBA4GZ52EAH4,Amazon PLCC Free-Financing Universal Merchant AAT-QMFZ3M7T5NPDS,Amazon PLCC Free-Financing Universal Merchant #MP-pmilan-1601980554292",False,Easy Ship,
199,171-4496851-5319548,04-30-22,Shipped,Amazon,Amazon.in,Expedited,JNE3687,JNE3687-TU-M,Top,M,B0986XRZ8X,Shipped,1,INR,545.0,BENGALURU,KARNATAKA,560085.0,IN,,False,,
12447,402-9811148-9865940,04-23-22,Shipped - Delivered to Buyer,Merchant,Amazon.in,Standard,SET339,SET339-KR-NP-XS,Set,XS,B09RSVKMH5,Shipped,1,INR,654.0,YAMUNANAGAR,HARYANA,135001.0,IN,"Amazon PLCC Free-Financing Universal Merchant AAT-WNKTBO3K27EJC,Amazon PLCC Free-Financing Universal Merchant AAT-QX3UCCJESKPA2,Amazon PLCC Free-Financing Universal Merchant AAT-5QQ7BIYYQEDN2,Amazon PLCC Free-Financing Universal Merchant AAT-DSJ2QRXXWXVMQ,Amazon PLCC Free-Financing Universal Merchant AAT-CXJHMC2YJUK76,Amazon PLCC Free-Financing Universal Merchant AAT-CC4FAVTYR4X7C,Amazon PLCC Free-Financing Universal Merchant SS-1640596961008,Amazon PLCC Free-Financing Universal Merchant AAT-XXRCW6NZEPZI4,Amazon PLCC Free-Financing Universal Merchant AAT-EOKPWFWYW7Y6I,Amazon PLCC Free-Financing Universal Merchant AAT-ZYL5UPUNW6T62,Amazon PLCC Free-Financing Universal Merchant AAT-G5ZRX4BZOIODU,Amazon PLCC Free-Financing Universal Merchant AAT-PZHUW6DZX4BPS,Amazon PLCC Free-Financing Universal Merchant AAT-ETXQ3XXWMRXBG,Amazon PLCC Free-Financing Universal Merchant AAT-BRSZZ45H6MHAO,Amazon PLCC Free-Financing Universal Merchant AAT-MKLXOOZWQL7GO,Amazon PLCC Free-Financing Universal Merchant AAT-CB7UNXEXGIJTC,Amazon PLCC Free-Financing Universal Merchant #MP-gzasho-1593152694811,Amazon PLCC Free-Financing Universal Merchant AAT-WLBA4GZ52EAH4",False,Easy Ship,
39489,402-3246945-1426737,04-07-22,Shipped,Amazon,Amazon.in,Expedited,JNE3405,JNE3405-KR-XS,kurta,XS,B081XCMYXJ,Shipped,1,INR,399.0,RANCHI,JHARKHAND,834009.0,IN,IN Core Free Shipping 2015/04/08 23-48-5-108,False,,
42724,406-4452174-8729162,04-04-22,Shipped,Amazon,Amazon.in,Expedited,J0230,J0230-SKD-M,Set,M,B08XNJG8B1,Shipped,1,INR,969.0,NEW DELHI,DELHI,110075.0,IN,IN Core Free Shipping 2015/04/08 23-48-5-108,False,,
10822,404-0634652-3925926,04-24-22,Shipped - Delivered to Buyer,Merchant,Amazon.in,Standard,J0007,J0007-SKD-S,Set,S,B0894XR7QJ,Shipped,1,INR,1065.0,VARANASI,UTTAR PRADESH,221002.0,IN,"Amazon PLCC Free-Financing Universal Merchant AAT-WNKTBO3K27EJC,Amazon PLCC Free-Financing Universal Merchant AAT-QX3UCCJESKPA2,Amazon PLCC Free-Financing Universal Merchant AAT-5QQ7BIYYQEDN2,Amazon PLCC Free-Financing Universal Merchant AAT-DSJ2QRXXWXVMQ,Amazon PLCC Free-Financing Universal Merchant AAT-CXJHMC2YJUK76,Amazon PLCC Free-Financing Universal Merchant AAT-CC4FAVTYR4X7C,Amazon PLCC Free-Financing Universal Merchant AAT-XXRCW6NZEPZI4,Amazon PLCC Free-Financing Universal Merchant AAT-EOKPWFWYW7Y6I,Amazon PLCC Free-Financing Universal Merchant AAT-ZYL5UPUNW6T62,Amazon PLCC Free-Financing Universal Merchant AAT-G5ZRX4BZOIODU,Amazon PLCC Free-Financing Universal Merchant AAT-PZHUW6DZX4BPS,Amazon PLCC Free-Financing Universal Merchant AAT-ETXQ3XXWMRXBG,Amazon PLCC Free-Financing Universal Merchant AAT-BRSZZ45H6MHAO,Amazon PLCC Free-Financing Universal Merchant AAT-MKLXOOZWQL7GO,Amazon PLCC Free-Financing Universal Merchant AAT-CB7UNXEXGIJTC,Amazon PLCC Free-Financing Universal Merchant #MP-gzasho-1593152694811,Amazon PLCC Free-Financing Universal Merchant AAT-WLBA4GZ52EAH4",False,Easy Ship,
49498,405-2717118-8887565,05-31-22,Shipped,Amazon,Amazon.in,Expedited,SET408,SET408-KR-NP-XL,Set,XL,B09RKDJX6S,Shipped,1,INR,499.0,HYDERABAD,TELANGANA,500044.0,IN,IN Core Free Shipping 2015/04/08 23-48-5-108,False,,False
4144,403-0650407-0973906,04-28-22,Shipped,Amazon,Amazon.in,Expedited,JNE3691,JNE3691-TU-XS,Top,XS,B098717ZBD,Shipped,1,INR,665.0,HAZARIBAGH,JHARKHAND,825301.0,IN,IN Core Free Shipping 2015/04/08 23-48-5-108,False,,
36958,404-4721831-0825949,04-08-22,Shipped,Amazon,Amazon.in,Expedited,JNE3833,JNE3833-KR-M,kurta,M,B09PDPD1GM,Shipped,1,INR,521.0,MUMBAI,MAHARASHTRA,400078.0,IN,IN Core Free Shipping 2015/04/08 23-48-5-108,False,,
43106,403-4880084-0441160,04-04-22,Cancelled,Amazon,Amazon.in,Expedited,J0373,J0373-KR-M,kurta,M,B09KXR4JZB,Unshipped,1,INR,620.0,PUNE,MAHARASHTRA,412308.0,IN,,False,,
38695,406-6012274-5186743,04-07-22,Shipped,Amazon,Amazon.in,Expedited,JNE3373,JNE3373-KR-XXL,kurta,XXL,B082W8RWN1,Shipped,1,INR,376.0,BENGALURU,KARNATAKA,560068.0,IN,IN Core Free Shipping 2015/04/08 23-48-5-108,False,,
6188,404-7355422-8324345,04-26-22,Cancelled,Amazon,Amazon.in,Expedited,JNE3461,JNE3461-KR-XL,kurta,XL,B08B3YPXKZ,Cancelled,0,,,CHENNAI,TAMIL NADU,600083.0,IN,,False,,
1414,171-1979326-0273917,04-30-22,Shipped,Amazon,Amazon.in,Expedited,J0341,J0341-DR-M,Western Dress,M,B099NQQ79L,Shipped,1,INR,744.0,RAYAGIRI,TAMIL NADU,627764.0,IN,IN Core Free Shipping 2015/04/08 23-48-5-108,False,,
18471,407-1364738-8945140,04-19-22,Cancelled,Amazon,Amazon.in,Expedited,MEN5004,MEN5004-KR-XXXL,kurta,3XL,B08YZ2W99X,Cancelled,0,,,BHADRESWAR,WEST BENGAL,712139.0,IN,,False,,
29282,404-3885269-7789928,04-13-22,Shipped,Amazon,Amazon.in,Expedited,JNE3633,JNE3633-KR-L,kurta,L,B094FK7621,Shipped,1,INR,459.0,KOZHIKODE,KERALA,673010.0,IN,,False,,
15177,407-4237855-5907564,04-21-22,Shipped - Delivered to Buyer,Merchant,Amazon.in,Standard,JNE3795,JNE3795-KR-XS,kurta,XS,B09HMCTDFZ,Shipped,1,INR,517.0,NAWALGARH,RAJASTHAN,333304.0,IN,"Amazon PLCC Free-Financing Universal Merchant AAT-WNKTBO3K27EJC,Amazon PLCC Free-Financing Universal Merchant AAT-QX3UCCJESKPA2,Amazon PLCC Free-Financing Universal Merchant AAT-5QQ7BIYYQEDN2,Amazon PLCC Free-Financing Universal Merchant AAT-DSJ2QRXXWXVMQ,Amazon PLCC Free-Financing Universal Merchant AAT-CXJHMC2YJUK76,Amazon PLCC Free-Financing Universal Merchant AAT-CC4FAVTYR4X7C,Amazon PLCC Free-Financing Universal Merchant AAT-XXRCW6NZEPZI4,Amazon PLCC Free-Financing Universal Merchant AAT-EOKPWFWYW7Y6I,Amazon PLCC Free-Financing Universal Merchant AAT-ZYL5UPUNW6T62,Amazon PLCC Free-Financing Universal Merchant AAT-G5ZRX4BZOIODU,Amazon PLCC Free-Financing Universal Merchant AAT-6PE7LSBGRLMV2,Amazon PLCC Free-Financing Universal Merchant AAT-PZHUW6DZX4BPS,Amazon PLCC Free-Financing Universal Merchant AAT-BRSZZ45H6MHAO,Amazon PLCC Free-Financing Universal Merchant AAT-MKLXOOZWQL7GO,Amazon PLCC Free-Financing Universal Merchant AAT-CB7UNXEXGIJTC,Amazon PLCC Free-Financing Universal Merchant #MP-gzasho-1593152694811,Amazon PLCC Free-Financing Universal Merchant AAT-WLBA4GZ52EAH4",False,Easy Ship,
34304,405-0440983-7469164,04-10-22,Shipped - Delivered to Buyer,Merchant,Amazon.in,Standard,MEN5028,MEN5028-KR-M,kurta,M,B08YYT6ZG2,Shipped,1,INR,499.0,ANJAR,Gujarat,370110.0,IN,"Amazon PLCC Free-Financing Universal Merchant AAT-WNKTBO3K27EJC,Amazon PLCC Free-Financing Universal Merchant AAT-QX3UCCJESKPA2,Amazon PLCC Free-Financing Universal Merchant AAT-CXJHMC2YJUK76,Amazon PLCC Free-Financing Universal Merchant AAT-CC4FAVTYR4X7C,Amazon PLCC Free-Financing Universal Merchant AAT-XXRCW6NZEPZI4,Amazon PLCC Free-Financing Universal Merchant AAT-EOKPWFWYW7Y6I,Amazon PLCC Free-Financing Universal Merchant AAT-G5ZRX4BZOIODU,Amazon PLCC Free-Financing Universal Merchant AAT-BRSZZ45H6MHAO,Amazon PLCC Free-Financing Universal Merchant AAT-MKLXOOZWQL7GO,Amazon PLCC Free-Financing Universal Merchant AAT-CB7UNXEXGIJTC,Amazon PLCC Free-Financing Universal Merchant #MP-gzasho-1593152694811,Amazon PLCC Free-Financing Universal Merchant AAT-WLBA4GZ52EAH4",False,Easy Ship,
12609,405-5842456-6069969,04-23-22,Shipped,Amazon,Amazon.in,Expedited,SET268,SET268-KR-NP-XS,Set,XS,B08XQBXFPP,Shipped,1,INR,788.0,Aurangabad,MAHARASHTRA,431007.0,IN,IN Core Free Shipping 2015/04/08 23-48-5-108,False,,
12144,406-0086428-7851566,04-23-22,Shipped,Amazon,Amazon.in,Expedited,SET366,SET366-KR-NP-XXL,Set,XXL,B09QJMSLD1,Shipped,1,INR,1163.0,LUCKNOW,UTTAR PRADESH,226002.0,IN,IN Core Free Shipping 2015/04/08 23-48-5-108,False,,
6113,404-2221025-4374717,04-26-22,Shipped,Amazon,Amazon.in,Expedited,J0301,J0301-TP-XXL,Top,XXL,B099S8X47K,Shipped,1,INR,463.0,BENGALURU,KARNATAKA,560100.0,IN,,False,,
15908,407-9651517-3835513,04-21-22,Shipped,Amazon,Amazon.in,Expedited,JNE3400,JNE3400-KR-XS,kurta,XS,B083SMQCTY,Shipped,1,INR,459.0,Lucknow,UTTAR PRADESH,226002.0,IN,,False,,
821,405-6836135-6312327,04-30-22,Shipped - Delivered to Buyer,Merchant,Amazon.in,Standard,JNE3706,JNE3706-DR-L,Western Dress,L,B0982ZYR1X,Shipped,1,INR,413.0,NAGPUR,MAHARASHTRA,441111.0,IN,"Amazon PLCC Free-Financing Universal Merchant AAT-WNKTBO3K27EJC,Amazon PLCC Free-Financing Universal Merchant AAT-QX3UCCJESKPA2,Amazon PLCC Free-Financing Universal Merchant AAT-5QQ7BIYYQEDN2,Amazon PLCC Free-Financing Universal Merchant AAT-DSJ2QRXXWXVMQ,Amazon PLCC Free-Financing Universal Merchant AAT-CXJHMC2YJUK76,Amazon PLCC Free-Financing Universal Merchant AAT-CC4FAVTYR4X7C,Amazon PLCC Free-Financing Universal Merchant AAT-XXRCW6NZEPZI4,Amazon PLCC Free-Financing Universal Merchant AAT-EOKPWFWYW7Y6I,Amazon PLCC Free-Financing Universal Merchant AAT-ZYL5UPUNW6T62,Amazon PLCC Free-Financing Universal Merchant AAT-PZHUW6DZX4BPS,Amazon PLCC Free-Financing Universal Merchant AAT-ETXQ3XXWMRXBG,Amazon PLCC Free-Financing Universal Merchant AAT-7X3XCTYG64VBE,Amazon PLCC Free-Financing Universal Merchant AAT-7CHGD3WTS3MHM,Amazon PLCC Free-Financing Universal Merchant AAT-26ZDKNME27X42,Amazon PLCC Free-Financing Universal Merchant AAT-4ZF5KN6E4LJK4,Amazon PLCC Free-Financing Universal Merchant AAT-7RCXIKUAX7DDY,Amazon PLCC Free-Financing Universal Merchant AAT-BRSZZ45H6MHAO,Amazon PLCC Free-Financing Universal Merchant AAT-MKLXOOZWQL7GO,Amazon PLCC Free-Financing Universal Merchant AAT-CB7UNXEXGIJTC,Amazon PLCC Free-Financing Universal Merchant #MP-gzasho-1593152694811,Amazon PLCC Free-Financing Universal Merchant AAT-WLBA4GZ52EAH4",False,Easy Ship,
15118,407-3694776-1172309,04-21-22,Shipped,Amazon,Amazon.in,Expedited,SET374,SET374-KR-NP-M,Set,M,B09NDKJKPN,Shipped,1,INR,635.0,DHARWAD,KARNATAKA,580007.0,IN,,False,,
13466,403-4462599-8264339,04-22-22,Shipped - Delivered to Buyer,Merchant,Amazon.in,Standard,SET331,SET331-KR-NP-XS,Set,XS,B09NQ54RRT,Shipped,1,INR,597.0,PUNE,MAHARASHTRA,411023.0,IN,"Amazon PLCC Free-Financing Universal Merchant AAT-WNKTBO3K27EJC,Amazon PLCC Free-Financing Universal Merchant AAT-QX3UCCJESKPA2,Amazon PLCC Free-Financing Universal Merchant AAT-5QQ7BIYYQEDN2,Amazon PLCC Free-Financing Universal Merchant AAT-DSJ2QRXXWXVMQ,Amazon PLCC Free-Financing Universal Merchant AAT-CXJHMC2YJUK76,Amazon PLCC Free-Financing Universal Merchant AAT-CC4FAVTYR4X7C,Amazon PLCC Free-Financing Universal Merchant AAT-XXRCW6NZEPZI4,Amazon PLCC Free-Financing Universal Merchant AAT-EOKPWFWYW7Y6I,Amazon PLCC Free-Financing Universal Merchant AAT-ZYL5UPUNW6T62,Amazon PLCC Free-Financing Universal Merchant AAT-G5ZRX4BZOIODU,Amazon PLCC Free-Financing Universal Merchant AAT-MYWMDU232W4HO,Amazon PLCC Free-Financing Universal Merchant AAT-PZHUW6DZX4BPS,Amazon PLCC Free-Financing Universal Merchant AAT-BRSZZ45H6MHAO,Amazon PLCC Free-Financing Universal Merchant AAT-MKLXOOZWQL7GO,Amazon PLCC Free-Financing Universal Merchant AAT-CB7UNXEXGIJTC,Amazon PLCC Free-Financing Universal Merchant #MP-gzasho-1593152694811,Amazon PLCC Free-Financing Universal Merchant AAT-WLBA4GZ52EAH4",False,Easy Ship,
26497,406-4533944-4001921,04-14-22,Cancelled,Amazon,Amazon.in,Expedited,SET182,SET182-KR-DH-M,Set,M,B085NYG5CR,Unshipped,1,INR,657.0,Bareilly,UTTAR PRADESH,243005.0,IN,,False,,
42111,405-7032546-3126759,04-05-22,Shipped - Delivered to Buyer,Merchant,Amazon.in,Standard,JNE1977,JNE1977-KR-237-M,kurta,M,B074SW485J,Shipped,1,INR,259.0,MUMBAI,MAHARASHTRA,400077.0,IN,"Amazon PLCC Free-Financing Universal Merchant AAT-WNKTBO3K27EJC,Amazon PLCC Free-Financing Universal Merchant AAT-QX3UCCJESKPA2,Amazon PLCC Free-Financing Universal Merchant AAT-CXJHMC2YJUK76,Amazon PLCC Free-Financing Universal Merchant AAT-SL3Y2YRMAUNFC,Amazon PLCC Free-Financing Universal Merchant AAT-CC4FAVTYR4X7C,Amazon PLCC Free-Financing Universal Merchant AAT-XXRCW6NZEPZI4,Amazon PLCC Free-Financing Universal Merchant AAT-EOKPWFWYW7Y6I,Amazon PLCC Free-Financing Universal Merchant AAT-G5ZRX4BZOIODU,Amazon PLCC Free-Financing Universal Merchant AAT-YFJA6XMAMWZSK,Amazon PLCC Free-Financing Universal Merchant AAT-K66BSCE2J2V5E,Amazon PLCC Free-Financing Universal Merchant AAT-275LMAQ3T5REI,Amazon PLCC Free-Financing Universal Merchant AAT-TNYBHEAO7HOHO,Amazon PLCC Free-Financing Universal Merchant AAT-BRSZZ45H6MHAO,Amazon PLCC Free-Financing Universal Merchant AAT-MKLXOOZWQL7GO,Amazon PLCC Free-Financing Universal Merchant AAT-CB7UNXEXGIJTC,Amazon PLCC Free-Financing Universal Merchant #MP-gzasho-1593152694811,Amazon PLCC Free-Financing Universal Merchant AAT-WLBA4GZ52EAH4,Amazon PLCC Free-Financing Universal Merchant AAT-QMFZ3M7T5NPDS,Amazon PLCC Free-Financing Universal Merchant #MP-pmilan-1601980554292",False,Easy Ship,
30188,405-9367631-7902714,04-12-22,Shipped,Amazon,Amazon.in,Expedited,SET393,SET393-KR-NP-L,Set,L,B09QJ51J2K,Shipped,1,INR,969.0,NEW DELHI,DELHI,110096.0,IN,IN Core Free Shipping 2015/04/08 23-48-5-108,False,,
37237,406-9149036-6812336,04-08-22,Shipped,Amazon,Amazon.in,Expedited,J0341,J0341-DR-L,Western Dress,L,B099NRCT7B,Shipped,1,INR,744.0,HUBLI,KARNATAKA,580023.0,IN,IN Core Free Shipping 2015/04/08 23-48-5-108,False,,
33109,407-2252197-7465936,04-10-22,Shipped - Delivered to Buyer,Merchant,Amazon.in,Standard,SET385,SET385-KR-NP-XXXL,Set,3XL,B09K3KGJ8S,Shipped,1,INR,631.0,BENGALURU,KARNATAKA,560015.0,IN,"Amazon PLCC Free-Financing Universal Merchant AAT-WNKTBO3K27EJC,Amazon PLCC Free-Financing Universal Merchant AAT-QX3UCCJESKPA2,Amazon PLCC Free-Financing Universal Merchant AAT-CXJHMC2YJUK76,Amazon PLCC Free-Financing Universal Merchant AAT-CC4FAVTYR4X7C,Amazon PLCC Free-Financing Universal Merchant AAT-XXRCW6NZEPZI4,Amazon PLCC Free-Financing Universal Merchant AAT-EOKPWFWYW7Y6I,Amazon PLCC Free-Financing Universal Merchant AAT-ZYL5UPUNW6T62,Amazon PLCC Free-Financing Universal Merchant AAT-G5ZRX4BZOIODU,Amazon PLCC Free-Financing Universal Merchant AAT-PZHUW6DZX4BPS,Amazon PLCC Free-Financing Universal Merchant AAT-TNYBHEAO7HOHO,Amazon PLCC Free-Financing Universal Merchant AAT-BRSZZ45H6MHAO,Amazon PLCC Free-Financing Universal Merchant AAT-MKLXOOZWQL7GO,Amazon PLCC Free-Financing Universal Merchant AAT-CB7UNXEXGIJTC,Amazon PLCC Free-Financing Universal Merchant #MP-gzasho-1593152694811,Amazon PLCC Free-Financing Universal Merchant AAT-WLBA4GZ52EAH4,Amazon PLCC Free-Financing Universal Merchant AAT-QMFZ3M7T5NPDS,Amazon PLCC Free-Financing Universal Merchant #MP-pmilan-1601980554292",False,Easy Ship,
36480,406-4296778-4176322,04-08-22,Shipped,Amazon,Amazon.in,Expedited,SET221,SET221-KR-NP-L,Set,L,B08PCXTR1R,Shipped,1,INR,714.0,margao,GOA,403709.0,IN,IN Core Free Shipping 2015/04/08 23-48-5-108,False,,
24148,171-8278254-7773965,04-16-22,Shipped,Amazon,Amazon.in,Expedited,J0008,J0008-SKD-L,Set,L,B0894YB3B1,Shipped,1,INR,1133.0,MANDI,HIMACHAL PRADESH,175024.0,IN,IN Core Free Shipping 2015/04/08 23-48-5-108,False,,
5503,408-1590313-4403501,04-27-22,Shipped,Amazon,Amazon.in,Expedited,JNE3405,JNE3405-KR-XS,kurta,XS,B081XCMYXJ,Shipped,1,INR,399.0,GURUGRAM,HARYANA,122101.0,IN,,False,,
3918,403-9513144-2927533,04-28-22,Shipped - Delivered to Buyer,Merchant,Amazon.in,Standard,JNE2205,JNE2205-KR-467-A-XXL,kurta,XXL,B07BL24MXX,Shipped,1,INR,329.0,IMPHAL,MANIPUR,795001.0,IN,"Amazon PLCC Free-Financing Universal Merchant AAT-WNKTBO3K27EJC,Amazon PLCC Free-Financing Universal Merchant AAT-QX3UCCJESKPA2,Amazon PLCC Free-Financing Universal Merchant AAT-5QQ7BIYYQEDN2,Amazon PLCC Free-Financing Universal Merchant AAT-DSJ2QRXXWXVMQ,Amazon PLCC Free-Financing Universal Merchant AAT-CXJHMC2YJUK76,Amazon PLCC Free-Financing Universal Merchant AAT-CC4FAVTYR4X7C,Amazon PLCC Free-Financing Universal Merchant AAT-XXRCW6NZEPZI4,Amazon PLCC Free-Financing Universal Merchant AAT-EOKPWFWYW7Y6I,Amazon PLCC Free-Financing Universal Merchant AAT-G5ZRX4BZOIODU,Amazon PLCC Free-Financing Universal Merchant AAT-23LLL7GZCLBVW,Amazon PLCC Free-Financing Universal Merchant AAT-PZHUW6DZX4BPS,Amazon PLCC Free-Financing Universal Merchant AAT-ETXQ3XXWMRXBG,Amazon PLCC Free-Financing Universal Merchant AAT-7X3XCTYG64VBE,Amazon PLCC Free-Financing Universal Merchant AAT-7CHGD3WTS3MHM,Amazon PLCC Free-Financing Universal Merchant AAT-26ZDKNME27X42,Amazon PLCC Free-Financing Universal Merchant AAT-4ZF5KN6E4LJK4,Amazon PLCC Free-Financing Universal Merchant AAT-7RCXIKUAX7DDY,Amazon PLCC Free-Financing Universal Merchant AAT-BRSZZ45H6MHAO,Amazon PLCC Free-Financing Universal Merchant AAT-MKLXOOZWQL7GO,Amazon PLCC Free-Financing Universal Merchant AAT-CB7UNXEXGIJTC,Amazon PLCC Free-Financing Universal Merchant #MP-gzasho-1593152694811,Amazon PLCC Free-Financing Universal Merchant AAT-WLBA4GZ52EAH4",False,Easy Ship,
38478,402-1878414-2086752,04-07-22,Shipped - Delivered to Buyer,Merchant,Amazon.in,Standard,SET398,SET398-KR-PP-XXL,Set,XXL,B09RP8WY5J,Shipped,1,INR,1186.0,GHAZIABAD,UTTAR PRADESH,201010.0,IN,"Amazon PLCC Free-Financing Universal Merchant AAT-WNKTBO3K27EJC,Amazon PLCC Free-Financing Universal Merchant AAT-QX3UCCJESKPA2,Amazon PLCC Free-Financing Universal Merchant AAT-CXJHMC2YJUK76,Amazon PLCC Free-Financing Universal Merchant AAT-CC4FAVTYR4X7C,Amazon PLCC Free-Financing Universal Merchant AAT-XXRCW6NZEPZI4,Amazon PLCC Free-Financing Universal Merchant AAT-WSJLDN3X7KEMO,Amazon PLCC Free-Financing Universal Merchant AAT-VL6FGQVGQVXUS,Amazon PLCC Free-Financing Universal Merchant AAT-EOKPWFWYW7Y6I,Amazon PLCC Free-Financing Universal Merchant AAT-ZYL5UPUNW6T62,Amazon PLCC Free-Financing Universal Merchant AAT-XVPICCHRWDCAI,Amazon PLCC Free-Financing Universal Merchant AAT-G5ZRX4BZOIODU,Amazon PLCC Free-Financing Universal Merchant AAT-ACZIPIA37BFIY,Amazon PLCC Free-Financing Universal Merchant AAT-YFJA6XMAMWZSK,Amazon PLCC Free-Financing Universal Merchant AAT-K66BSCE2J2V5E,Amazon PLCC Free-Financing Universal Merchant AAT-275LMAQ3T5REI,Amazon PLCC Free-Financing Universal Merchant AAT-EPSXIT4LWLKXC,Amazon PLCC Free-Financing Universal Merchant AAT-BRSZZ45H6MHAO,Amazon PLCC Free-Financing Universal Merchant AAT-MKLXOOZWQL7GO,Amazon PLCC Free-Financing Universal Merchant AAT-CB7UNXEXGIJTC,Amazon PLCC Free-Financing Universal Merchant #MP-gzasho-1593152694811,Amazon PLCC Free-Financing Universal Merchant AAT-WLBA4GZ52EAH4",False,Easy Ship,
21123,406-8586449-6450703,04-18-22,Shipped,Amazon,Amazon.in,Expedited,JNE3694,JNE3694-KR-S,kurta,S,B097ZZV2GF,Shipped,1,INR,295.0,hotar,WEST BENGAL,743610.0,IN,,False,,
49717,408-6181770-0707537,05-31-22,Shipped,Amazon,Amazon.in,Expedited,PJNE3068,PJNE3068-KR-4XL,kurta,4XL,B09M75YGQF,Shipped,1,INR,1099.0,NELLORE,ANDHRA PRADESH,524004.0,IN,IN Core Free Shipping 2015/04/08 23-48-5-108,False,,False
42294,406-3630092-6761158,04-05-22,Shipped - Delivered to Buyer,Merchant,Amazon.in,Standard,J0277,J0277-SKD-XL,Set,XL,B08QGLBXXQ,Shipped,1,INR,1481.0,LUCKNOW,UTTAR PRADESH,226022.0,IN,"Amazon PLCC Free-Financing Universal Merchant AAT-WNKTBO3K27EJC,Amazon PLCC Free-Financing Universal Merchant AAT-QX3UCCJESKPA2,Amazon PLCC Free-Financing Universal Merchant AAT-CXJHMC2YJUK76,Amazon PLCC Free-Financing Universal Merchant AAT-CC4FAVTYR4X7C,Amazon PLCC Free-Financing Universal Merchant AAT-XXRCW6NZEPZI4,Amazon PLCC Free-Financing Universal Merchant AAT-CXNSLNBROFDW4,Amazon PLCC Free-Financing Universal Merchant AAT-WSJLDN3X7KEMO,Amazon PLCC Free-Financing Universal Merchant AAT-VL6FGQVGQVXUS,Amazon PLCC Free-Financing Universal Merchant AAT-EOKPWFWYW7Y6I,Amazon PLCC Free-Financing Universal Merchant AAT-ZYL5UPUNW6T62,Amazon PLCC Free-Financing Universal Merchant AAT-G5ZRX4BZOIODU,Amazon PLCC Free-Financing Universal Merchant AAT-ACZIPIA37BFIY,Amazon PLCC Free-Financing Universal Merchant AAT-YFJA6XMAMWZSK,Amazon PLCC Free-Financing Universal Merchant AAT-K66BSCE2J2V5E,Amazon PLCC Free-Financing Universal Merchant AAT-275LMAQ3T5REI,Amazon PLCC Free-Financing Universal Merchant AAT-BRSZZ45H6MHAO,Amazon PLCC Free-Financing Universal Merchant AAT-MKLXOOZWQL7GO,Amazon PLCC Free-Financing Universal Merchant AAT-CB7UNXEXGIJTC,Amazon PLCC Free-Financing Universal Merchant #MP-gzasho-1593152694811,Amazon PLCC Free-Financing Universal Merchant AAT-WLBA4GZ52EAH4",False,Easy Ship,
47609,402-0936180-3682721,04-01-22,Shipped,Amazon,Amazon.in,Expedited,J0124,J0124-TP-XL,Top,XL,B08MYNFKXZ,Shipped,1,INR,469.0,NOIDA,UTTAR PRADESH,201305.0,IN,,False,,
11076,171-7070373-8241137,04-23-22,Shipped - Delivered to Buyer,Merchant,Amazon.in,Standard,JNE3291,JNE3291-KR-L,kurta,L,B07R5X9WJB,Shipped,2,INR,884.0,MUMBAI,MAHARASHTRA,400078.0,IN,"Amazon PLCC Free-Financing Universal Merchant AAT-WNKTBO3K27EJC,Amazon PLCC Free-Financing Universal Merchant AAT-QX3UCCJESKPA2,Amazon PLCC Free-Financing Universal Merchant AAT-5QQ7BIYYQEDN2,Amazon PLCC Free-Financing Universal Merchant AAT-DSJ2QRXXWXVMQ,Amazon PLCC Free-Financing Universal Merchant AAT-CXJHMC2YJUK76,Amazon PLCC Free-Financing Universal Merchant AAT-CC4FAVTYR4X7C,Amazon PLCC Free-Financing Universal Merchant AAT-XXRCW6NZEPZI4,Amazon PLCC Free-Financing Universal Merchant AAT-R7GXNZWISTRFA,Amazon PLCC Free-Financing Universal Merchant AAT-EOKPWFWYW7Y6I,Amazon PLCC Free-Financing Universal Merchant AAT-ZYL5UPUNW6T62,Amazon PLCC Free-Financing Universal Merchant AAT-G5ZRX4BZOIODU,Amazon PLCC Free-Financing Universal Merchant AAT-P3CSUAK4HTEP2,Amazon PLCC Free-Financing Universal Merchant AAT-PZHUW6DZX4BPS,Amazon PLCC Free-Financing Universal Merchant AAT-ETXQ3XXWMRXBG,Amazon PLCC Free-Financing Universal Merchant AAT-BRSZZ45H6MHAO,Amazon PLCC Free-Financing Universal Merchant AAT-MKLXOOZWQL7GO,Amazon PLCC Free-Financing Universal Merchant AAT-CB7UNXEXGIJTC,Amazon PLCC Free-Financing Universal Merchant #MP-gzasho-1593152694811,Amazon PLCC Free-Financing Universal Merchant AAT-WLBA4GZ52EAH4",False,Easy Ship,
41514,171-1167114-5024329,04-05-22,Shipped,Amazon,Amazon.in,Expedited,JNE3405,JNE3405-KR-XXL,kurta,XXL,B081WSL2JS,Shipped,1,INR,399.0,RAJAHMUNDRY,ANDHRA PRADESH,533293.0,IN,,False,,
22062,402-6867954-4802757,04-17-22,Shipped,Amazon,Amazon.in,Expedited,JNE3366,JNE3366-KR-1053-L,kurta,L,B07T65WM8Q,Shipped,1,INR,376.0,AURANGABAD,MAHARASHTRA,431009.0,IN,IN Core Free Shipping 2015/04/08 23-48-5-108,False,,
9413,406-4589358-1446725,04-24-22,Shipped - Delivered to Buyer,Merchant,Amazon.in,Standard,SET385,SET385-KR-NP-L,Set,L,B09K3Z4GHN,Shipped,1,INR,631.0,NEW DELHI,DELHI,110084.0,IN,"Amazon PLCC Free-Financing Universal Merchant AAT-WNKTBO3K27EJC,Amazon PLCC Free-Financing Universal Merchant AAT-QX3UCCJESKPA2,Amazon PLCC Free-Financing Universal Merchant AAT-5QQ7BIYYQEDN2,Amazon PLCC Free-Financing Universal Merchant AAT-DSJ2QRXXWXVMQ,Amazon PLCC Free-Financing Universal Merchant AAT-CXJHMC2YJUK76,Amazon PLCC Free-Financing Universal Merchant AAT-SL3Y2YRMAUNFC,Amazon PLCC Free-Financing Universal Merchant AAT-CC4FAVTYR4X7C,Amazon PLCC Free-Financing Universal Merchant AAT-XXRCW6NZEPZI4,Amazon PLCC Free-Financing Universal Merchant AAT-EOKPWFWYW7Y6I,Amazon PLCC Free-Financing Universal Merchant AAT-ZYL5UPUNW6T62,Amazon PLCC Free-Financing Universal Merchant AAT-G5ZRX4BZOIODU,Amazon PLCC Free-Financing Universal Merchant AAT-PZHUW6DZX4BPS,Amazon PLCC Free-Financing Universal Merchant AAT-ETXQ3XXWMRXBG,Amazon PLCC Free-Financing Universal Merchant AAT-BRSZZ45H6MHAO,Amazon PLCC Free-Financing Universal Merchant AAT-MKLXOOZWQL7GO,Amazon PLCC Free-Financing Universal Merchant AAT-CB7UNXEXGIJTC,Amazon PLCC Free-Financing Universal Merchant #MP-gzasho-1593152694811,Amazon PLCC Free-Financing Universal Merchant AAT-WLBA4GZ52EAH4,Amazon PLCC Free-Financing Universal Merchant #MP-pmilan-1601980554292",False,Easy Ship,
38340,171-8914741-9889103,04-07-22,Shipped - Delivered to Buyer,Merchant,Amazon.in,Standard,J0132,J0132-KR-XS,kurta,XS,B08N1BYTL6,Shipped,1,INR,362.0,RANCHI,JHARKHAND,834003.0,IN,"Amazon PLCC Free-Financing Universal Merchant AAT-WNKTBO3K27EJC,Amazon PLCC Free-Financing Universal Merchant AAT-QX3UCCJESKPA2,Amazon PLCC Free-Financing Universal Merchant AAT-CXJHMC2YJUK76,Amazon PLCC Free-Financing Universal Merchant AAT-CC4FAVTYR4X7C,Amazon PLCC Free-Financing Universal Merchant AAT-XXRCW6NZEPZI4,Amazon PLCC Free-Financing Universal Merchant AAT-EOKPWFWYW7Y6I,Amazon PLCC Free-Financing Universal Merchant AAT-G5ZRX4BZOIODU,Amazon PLCC Free-Financing Universal Merchant AAT-YFJA6XMAMWZSK,Amazon PLCC Free-Financing Universal Merchant AAT-K66BSCE2J2V5E,Amazon PLCC Free-Financing Universal Merchant AAT-275LMAQ3T5REI,Amazon PLCC Free-Financing Universal Merchant AAT-EPSXIT4LWLKXC,Amazon PLCC Free-Financing Universal Merchant AAT-BRSZZ45H6MHAO,Amazon PLCC Free-Financing Universal Merchant AAT-MKLXOOZWQL7GO,Amazon PLCC Free-Financing Universal Merchant AAT-CB7UNXEXGIJTC,Amazon PLCC Free-Financing Universal Merchant #MP-gzasho-1593152694811,Amazon PLCC Free-Financing Universal Merchant AAT-WLBA4GZ52EAH4",False,Easy Ship,
30263,407-7058678-5019512,04-12-22,Shipped,Amazon,Amazon.in,Expedited,SET295,SET295-KR-NP-XS,Set,XS,B09PN5N9FP,Shipped,1,INR,751.0,BHAVANI,TAMIL NADU,638301.0,IN,IN Core Free Shipping 2015/04/08 23-48-5-108,False,,
41252,408-7568369-1698731,04-05-22,Shipped,Amazon,Amazon.in,Expedited,SET397,SET397-KR-NP-XS,Set,XS,B09RKDH2BT,Shipped,1,INR,1129.0,JAMSHEDPUR,JHARKHAND,831017.0,IN,IN Core Free Shipping 2015/04/08 23-48-5-108,False,,
14644,408-0952338-1089911,04-21-22,Cancelled,Merchant,Amazon.in,Standard,J0003,J0003-SET-L,Set,L,B0894Y4PNG,,0,,,MUMBAI,MAHARASHTRA,400013.0,IN,,False,Easy Ship,
26335,407-8128814-0123540,04-15-22,Shipped - Delivered to Buyer,Merchant,Amazon.in,Standard,SET264,SET264-KR-NP-XS,Set,XS,B08YNH5YL6,Shipped,1,INR,824.0,SAHARSA,BIHAR,852201.0,IN,"Amazon PLCC Free-Financing Universal Merchant AAT-WNKTBO3K27EJC,Amazon PLCC Free-Financing Universal Merchant AAT-QX3UCCJESKPA2,Amazon PLCC Free-Financing Universal Merchant AAT-CXJHMC2YJUK76,Amazon PLCC Free-Financing Universal Merchant AAT-CC4FAVTYR4X7C,Amazon PLCC Free-Financing Universal Merchant AAT-XXRCW6NZEPZI4,Amazon PLCC Free-Financing Universal Merchant AAT-EOKPWFWYW7Y6I,Amazon PLCC Free-Financing Universal Merchant AAT-ZYL5UPUNW6T62,Amazon PLCC Free-Financing Universal Merchant AAT-G5ZRX4BZOIODU,Amazon PLCC Free-Financing Universal Merchant AAT-Q4AAGWXBPHLIS,Amazon PLCC Free-Financing Universal Merchant AAT-PZHUW6DZX4BPS,Amazon PLCC Free-Financing Universal Merchant AAT-XX7G3ZRJJJ5LG,Amazon PLCC Free-Financing Universal Merchant AAT-LEHCKNDBJG64E,Amazon PLCC Free-Financing Universal Merchant AAT-DJVHCEV7D7RQY,Amazon PLCC Free-Financing Universal Merchant AAT-BRSZZ45H6MHAO,Amazon PLCC Free-Financing Universal Merchant AAT-MKLXOOZWQL7GO,Amazon PLCC Free-Financing Universal Merchant AAT-CB7UNXEXGIJTC,Amazon PLCC Free-Financing Universal Merchant #MP-gzasho-1593152694811,Amazon PLCC Free-Financing Universal Merchant AAT-WLBA4GZ52EAH4",False,Easy Ship,
28102,406-7878735-6292327,04-14-22,Shipped,Amazon,Amazon.in,Expedited,JNE3291,JNE3291-KR-XXXL,kurta,3XL,B07R5XKXL4,Shipped,1,INR,442.0,HYDERABAD,TELANGANA,500018.0,IN,IN Core Free Shipping 2015/04/08 23-48-5-108,False,,
17523,171-0121004-0594779,04-20-22,Shipped,Amazon,Amazon.in,Expedited,SET290,SET290-KR-DPT-L,Set,L,B09B577CVX,Shipped,1,INR,725.0,HYDERABAD,TELANGANA,500089.0,IN,IN Core Free Shipping 2015/04/08 23-48-5-108,False,,
24712,408-5577199-6330764,04-15-22,Shipped,Amazon,Amazon.in,Expedited,JNE3422,JNE3422-KR-S,kurta,S,B081WSQZ9C,Shipped,1,INR,295.0,DEBRA,WEST BENGAL,721126.0,IN,IN Core Free Shipping 2015/04/08 23-48-5-108,False,,
40485,404-4006835-2449932,04-06-22,Shipped,Amazon,Amazon.in,Expedited,SET361,SET361-KR-NP-XS,Set,XS,B09QJ4BF2X,Shipped,1,INR,1126.0,Rajkot,Gujarat,360007.0,IN,IN Core Free Shipping 2015/04/08 23-48-5-108,False,,
3850,405-3241271-6537140,04-28-22,Shipped,Amazon,Amazon.in,Expedited,JNE3405,JNE3405-KR-XXXL,kurta,3XL,B081WZ4T3V,Shipped,1,INR,399.0,"Vandipettai, Kurukupuram, Rasipuram, Namakkal",TAMIL NADU,637401.0,IN,IN Core Free Shipping 2015/04/08 23-48-5-108,False,,
40040,171-7738768-5605132,04-06-22,Shipped - Delivered to Buyer,Merchant,Amazon.in,Standard,SET331,SET331-KR-NP-S,Set,S,B09NQ47F17,Shipped,1,INR,589.0,DIGBOI,ASSAM,786171.0,IN,"Amazon PLCC Free-Financing Universal Merchant AAT-WNKTBO3K27EJC,Amazon PLCC Free-Financing Universal Merchant AAT-QX3UCCJESKPA2,Amazon PLCC Free-Financing Universal Merchant AAT-CXJHMC2YJUK76,Amazon PLCC Free-Financing Universal Merchant AAT-CC4FAVTYR4X7C,Amazon PLCC Free-Financing Universal Merchant AAT-XXRCW6NZEPZI4,Amazon PLCC Free-Financing Universal Merchant AAT-EOKPWFWYW7Y6I,Amazon PLCC Free-Financing Universal Merchant AAT-ZYL5UPUNW6T62,Amazon PLCC Free-Financing Universal Merchant AAT-G5ZRX4BZOIODU,Amazon PLCC Free-Financing Universal Merchant AAT-YFJA6XMAMWZSK,Amazon PLCC Free-Financing Universal Merchant AAT-K66BSCE2J2V5E,Amazon PLCC Free-Financing Universal Merchant AAT-275LMAQ3T5REI,Amazon PLCC Free-Financing Universal Merchant AAT-BRSZZ45H6MHAO,Amazon PLCC Free-Financing Universal Merchant AAT-MKLXOOZWQL7GO,Amazon PLCC Free-Financing Universal Merchant AAT-CB7UNXEXGIJTC,Amazon PLCC Free-Financing Universal Merchant #MP-gzasho-1593152694811,Amazon PLCC Free-Financing Universal Merchant AAT-WLBA4GZ52EAH4",False,Easy Ship,
15267,404-7408621-4610731,04-21-22,Shipped,Amazon,Amazon.in,Expedited,JNE3440,JNE3440-KR-N-L,kurta,L,B081X7JHBC,Shipped,1,INR,399.0,GHAZIABAD,UTTAR PRADESH,201016.0,IN,,False,,
49146,404-8874122-8743552,05-31-22,Shipped - Delivered to Buyer,Merchant,Amazon.in,Standard,JNE3797,JNE3797-KR-XL,Western Dress,XL,B09SDXRYBG,Shipped,1,INR,771.0,CHENNAI,TAMIL NADU,600062.0,IN,"Amazon PLCC Free-Financing Universal Merchant AAT-WNKTBO3K27EJC,Amazon PLCC Free-Financing Universal Merchant AAT-QX3UCCJESKPA2,Amazon PLCC Free-Financing Universal Merchant AAT-5QQ7BIYYQEDN2,Amazon PLCC Free-Financing Universal Merchant AAT-DSJ2QRXXWXVMQ,Amazon PLCC Free-Financing Universal Merchant AAT-CXJHMC2YJUK76,Amazon PLCC Free-Financing Universal Merchant AAT-SL3Y2YRMAUNFC,Amazon PLCC Free-Financing Universal Merchant AAT-CC4FAVTYR4X7C,Amazon PLCC Free-Financing Universal Merchant AAT-FYWJCQHU2XQ2U,Amazon PLCC Free-Financing Universal Merchant AAT-WSJLDN3X7KEMO,Amazon PLCC Free-Financing Universal Merchant AAT-VL6FGQVGQVXUS,Amazon PLCC Free-Financing Universal Merchant AAT-EOKPWFWYW7Y6I,Amazon PLCC Free-Financing Universal Merchant AAT-URPEBMPS7TSPE,Amazon PLCC Free-Financing Universal Merchant AAT-5ZEB2OGNZ32MC,Amazon PLCC Free-Financing Universal Merchant AAT-5VXFLMD6EKIFC,Amazon PLCC Free-Financing Universal Merchant AAT-CAK4QZ7KEFRQU,Amazon PLCC Free-Financing Universal Merchant AAT-YZJ5BRTPINRLK,Amazon PLCC Free-Financing Universal Merchant AAT-SNWJTEAZA2JRI,Amazon PLCC Free-Financing Universal Merchant AAT-BBJ6FVTP3QKBO,Amazon PLCC Free-Financing Universal Merchant AAT-BRSZZ45H6MHAO,Amazon PLCC Free-Financing Universal Merchant AAT-MKLXOOZWQL7GO,Amazon PLCC Free-Financing Universal Merchant AAT-CB7UNXEXGIJTC,Amazon PLCC Free-Financing Universal Merchant #MP-gzasho-1593152694811,Amazon PLCC Free-Financing Universal Merchant AAT-WLBA4GZ52EAH4",False,Easy Ship,False
30001,404-5818203-6768341,04-12-22,Cancelled,Merchant,Amazon.in,Standard,J0215,J0215-BL-S,Blouse,S,B09KXY2SLN,,0,INR,519.05,JABALPUR,MADHYA PRADESH,482004.0,IN,,False,Easy Ship,
45926,171-6288753-0717942,04-02-22,Cancelled,Amazon,Amazon.in,Expedited,SET340,SET340-KR-NP-L,Set,L,B09RKD1MFC,Cancelled,0,,,KARKAL,KARNATAKA,574104.0,IN,,False,,
43824,402-6917383-6601920,04-04-22,Shipped,Amazon,Amazon.in,Expedited,J0120,J0120-TP-XL,Top,XL,B08RYRFYSP,Shipped,1,INR,365.0,CHENNAI,TAMIL NADU,600048.0,IN,,False,,
17240,402-0401431-9931556,04-20-22,Shipped - Delivered to Buyer,Merchant,Amazon.in,Standard,J0131,J0131-KR-XXL,kurta,XXL,B08V12MVVT,Shipped,1,INR,345.0,KANPUR,UTTAR PRADESH,208022.0,IN,"Amazon PLCC Free-Financing Universal Merchant AAT-WNKTBO3K27EJC,Amazon PLCC Free-Financing Universal Merchant AAT-QX3UCCJESKPA2,Amazon PLCC Free-Financing Universal Merchant AAT-5QQ7BIYYQEDN2,Amazon PLCC Free-Financing Universal Merchant AAT-DSJ2QRXXWXVMQ,Amazon PLCC Free-Financing Universal Merchant AAT-CXJHMC2YJUK76,Amazon PLCC Free-Financing Universal Merchant AAT-CC4FAVTYR4X7C,Amazon PLCC Free-Financing Universal Merchant AAT-XXRCW6NZEPZI4,Amazon PLCC Free-Financing Universal Merchant AAT-EOKPWFWYW7Y6I,Amazon PLCC Free-Financing Universal Merchant AAT-ZYL5UPUNW6T62,Amazon PLCC Free-Financing Universal Merchant AAT-G5ZRX4BZOIODU,Amazon PLCC Free-Financing Universal Merchant AAT-PZHUW6DZX4BPS,Amazon PLCC Free-Financing Universal Merchant AAT-XX7G3ZRJJJ5LG,Amazon PLCC Free-Financing Universal Merchant AAT-LEHCKNDBJG64E,Amazon PLCC Free-Financing Universal Merchant AAT-DJVHCEV7D7RQY,Amazon PLCC Free-Financing Universal Merchant AAT-BRSZZ45H6MHAO,Amazon PLCC Free-Financing Universal Merchant AAT-MKLXOOZWQL7GO,Amazon PLCC Free-Financing Universal Merchant AAT-CB7UNXEXGIJTC,Amazon PLCC Free-Financing Universal Merchant #MP-gzasho-1593152694811,Amazon PLCC Free-Financing Universal Merchant AAT-WLBA4GZ52EAH4",False,Easy Ship,
4892,171-6344657-3217936,04-27-22,Shipped - Delivered to Buyer,Merchant,Amazon.in,Standard,JNE3384,JNE3384-KR-XL,kurta,XL,B084KTCL3P,Shipped,1,INR,295.0,SHILLONG,MEGHALAYA,793008.0,IN,"Amazon PLCC Free-Financing Universal Merchant AAT-WNKTBO3K27EJC,Amazon PLCC Free-Financing Universal Merchant AAT-QX3UCCJESKPA2,Amazon PLCC Free-Financing Universal Merchant AAT-5QQ7BIYYQEDN2,Amazon PLCC Free-Financing Universal Merchant AAT-DSJ2QRXXWXVMQ,Amazon PLCC Free-Financing Universal Merchant AAT-CXJHMC2YJUK76,Amazon PLCC Free-Financing Universal Merchant AAT-CC4FAVTYR4X7C,Amazon PLCC Free-Financing Universal Merchant AAT-XXRCW6NZEPZI4,Amazon PLCC Free-Financing Universal Merchant AAT-R7GXNZWISTRFA,Amazon PLCC Free-Financing Universal Merchant AAT-WSJLDN3X7KEMO,Amazon PLCC Free-Financing Universal Merchant AAT-VL6FGQVGQVXUS,Amazon PLCC Free-Financing Universal Merchant AAT-EOKPWFWYW7Y6I,Amazon PLCC Free-Financing Universal Merchant AAT-ZYL5UPUNW6T62,Amazon PLCC Free-Financing Universal Merchant AAT-G5ZRX4BZOIODU,Amazon PLCC Free-Financing Universal Merchant AAT-P3CSUAK4HTEP2,Amazon PLCC Free-Financing Universal Merchant AAT-ACZIPIA37BFIY,Amazon PLCC Free-Financing Universal Merchant AAT-4UKS7UWZY3AES,Amazon PLCC Free-Financing Universal Merchant AAT-PZHUW6DZX4BPS,Amazon PLCC Free-Financing Universal Merchant AAT-ETXQ3XXWMRXBG,Amazon PLCC Free-Financing Universal Merchant AAT-7X3XCTYG64VBE,Amazon PLCC Free-Financing Universal Merchant AAT-7CHGD3WTS3MHM,Amazon PLCC Free-Financing Universal Merchant AAT-26ZDKNME27X42,Amazon PLCC Free-Financing Universal Merchant AAT-4ZF5KN6E4LJK4,Amazon PLCC Free-Financing Universal Merchant AAT-7RCXIKUAX7DDY,Amazon PLCC Free-Financing Universal Merchant AAT-BRSZZ45H6MHAO,Amazon PLCC Free-Financing Universal Merchant AAT-MKLXOOZWQL7GO,Amazon PLCC Free-Financing Universal Merchant AAT-CB7UNXEXGIJTC,Amazon PLCC Free-Financing Universal Merchant #MP-gzasho-1593152694811,Amazon PLCC Free-Financing Universal Merchant AAT-WLBA4GZ52EAH4",False,Easy Ship,
725,407-3778695-8884327,04-30-22,Shipped,Amazon,Amazon.in,Expedited,J0341,J0341-DR-S,Western Dress,S,B099NR7612,Shipped,1,INR,744.0,BENGALURU,KARNATAKA,560066.0,IN,IN Core Free Shipping 2015/04/08 23-48-5-108,False,,
22949,404-9718306-3610703,04-16-22,Cancelled,Amazon,Amazon.in,Expedited,SET268,SET268-KR-NP-XL,Set,XL,B08XQBF1G4,Unshipped,1,INR,788.0,HYDERABAD,TELANGANA,500083.0,IN,,False,,
34657,402-1225029-1180360,04-10-22,Shipped,Amazon,Amazon.in,Expedited,SET366,SET366-KR-NP-L,Set,L,B09QJLJ229,Shipped,1,INR,1163.0,HYDERABAD,TELANGANA,500050.0,IN,,False,,
37213,403-7687597-5227528,04-08-22,Shipped,Amazon,Amazon.in,Expedited,J0236,J0236-SKD-M,Set,M,B08ZYP5VBV,Shipped,1,INR,922.0,BAREILLY,UTTAR PRADESH,243001.0,IN,IN Core Free Shipping 2015/04/08 23-48-5-108,False,,
20304,407-0648594-7374711,04-18-22,Shipped - Delivered to Buyer,Merchant,Amazon.in,Standard,SET393,SET393-KR-NP-M,Set,M,B09QJ4YB1F,Shipped,1,INR,999.0,PATNA,BIHAR,800014.0,IN,"Amazon PLCC Free-Financing Universal Merchant AAT-WNKTBO3K27EJC,Amazon PLCC Free-Financing Universal Merchant AAT-QX3UCCJESKPA2,Amazon PLCC Free-Financing Universal Merchant AAT-CXJHMC2YJUK76,Amazon PLCC Free-Financing Universal Merchant AAT-SL3Y2YRMAUNFC,Amazon PLCC Free-Financing Universal Merchant AAT-CC4FAVTYR4X7C,Amazon PLCC Free-Financing Universal Merchant AAT-XXRCW6NZEPZI4,Amazon PLCC Free-Financing Universal Merchant SS-1643890021772,Amazon PLCC Free-Financing Universal Merchant AAT-R7GXNZWISTRFA,Amazon PLCC Free-Financing Universal Merchant AAT-EOKPWFWYW7Y6I,Amazon PLCC Free-Financing Universal Merchant AAT-ZYL5UPUNW6T62,Amazon PLCC Free-Financing Universal Merchant AAT-G5ZRX4BZOIODU,Amazon PLCC Free-Financing Universal Merchant AAT-P3CSUAK4HTEP2,Amazon PLCC Free-Financing Universal Merchant AAT-PZHUW6DZX4BPS,Amazon PLCC Free-Financing Universal Merchant AAT-XX7G3ZRJJJ5LG,Amazon PLCC Free-Financing Universal Merchant AAT-LEHCKNDBJG64E,Amazon PLCC Free-Financing Universal Merchant AAT-DJVHCEV7D7RQY,Amazon PLCC Free-Financing Universal Merchant AAT-TNYBHEAO7HOHO,Amazon PLCC Free-Financing Universal Merchant AAT-BRSZZ45H6MHAO,Amazon PLCC Free-Financing Universal Merchant AAT-MKLXOOZWQL7GO,Amazon PLCC Free-Financing Universal Merchant AAT-CB7UNXEXGIJTC,Amazon PLCC Free-Financing Universal Merchant #MP-gzasho-1593152694811,Amazon PLCC Free-Financing Universal Merchant AAT-WLBA4GZ52EAH4,Amazon PLCC Free-Financing Universal Merchant AAT-QMFZ3M7T5NPDS,Amazon PLCC Free-Financing Universal Merchant #MP-pmilan-1601980554292",False,Easy Ship,
15269,403-7909675-7604358,04-21-22,Shipped,Amazon,Amazon.in,Expedited,SET158,SET158-KR-PP-M,Set,M,B082Z3LQFR,Shipped,1,INR,791.0,CHENNAI,TAMIL NADU,600053.0,IN,IN Core Free Shipping 2015/04/08 23-48-5-108,False,,
22367,171-2992719-4344346,04-17-22,Shipped,Amazon,Amazon.in,Expedited,SET268,SET268-KR-NP-S,Set,S,B08XQ98B2Q,Shipped,1,INR,788.0,CHENNAI,TAMIL NADU,600126.0,IN,,False,,
42684,171-4515605-0582765,04-05-22,Shipped,Amazon,Amazon.in,Expedited,J0341,J0341-DR-XXXL,Western Dress,3XL,B099NSQP4Z,Shipped,1,INR,1033.0,THIRUVANANTHAPURAM,KERALA,695015.0,IN,IN Core Free Shipping 2015/04/08 23-48-5-108,False,,
46734,404-4891740-6351524,04-02-22,Shipped,Amazon,Amazon.in,Expedited,SET183,SET183-KR-DH-XL,Set,XL,B08B3ZCRC5,Shipped,1,INR,730.0,Jammu,JAMMU & KASHMIR,181205.0,IN,IN Core Free Shipping 2015/04/08 23-48-5-108,False,,
11732,407-3926672-5247516,04-23-22,Shipped,Amazon,Amazon.in,Standard,J0341,J0341-DR-XXXL,Western Dress,3XL,B099NSQP4Z,Shipped,1,INR,744.0,PUNE,MAHARASHTRA,411004.0,IN,,False,,
18619,171-3469512-2524300,04-19-22,Shipped,Amazon,Amazon.in,Expedited,JNE3741,JNE3741-KR-XXL,kurta,XXL,B099FBTWW1,Shipped,1,INR,432.0,DEHRADUN,UTTARAKHAND,248001.0,IN,,False,,
48492,402-3597023-0586768,04-01-22,Shipped,Amazon,Amazon.in,Expedited,J0009,J0009-SKD-M,Set,M,B0894Y7ZF8,Shipped,1,INR,990.0,CHENNAI,TAMIL NADU,600095.0,IN,IN Core Free Shipping 2015/04/08 23-48-5-108,False,,
26803,404-2690567-7601162,04-14-22,Shipped,Amazon,Amazon.in,Expedited,JNE2305,JNE2305-KR-533-M,kurta,M,B07GRSF1FC,Shipped,1,INR,357.0,AZAMGARH,UTTAR PRADESH,276001.0,IN,IN Core Free Shipping 2015/04/08 23-48-5-108,False,,
44305,404-3529376-1809152,04-03-22,Shipped - Delivered to Buyer,Merchant,Amazon.in,Standard,BL104,BL104-XXL,Blouse,XXL,B085GBS9Y4,Shipped,1,INR,493.0,BENGALURU,KARNATAKA,560029.0,IN,"Amazon PLCC Free-Financing Universal Merchant AAT-WNKTBO3K27EJC,Amazon PLCC Free-Financing Universal Merchant AAT-QX3UCCJESKPA2,Amazon PLCC Free-Financing Universal Merchant AAT-CXJHMC2YJUK76,Amazon PLCC Free-Financing Universal Merchant AAT-SL3Y2YRMAUNFC,Amazon PLCC Free-Financing Universal Merchant AAT-CC4FAVTYR4X7C,Amazon PLCC Free-Financing Universal Merchant AAT-XXRCW6NZEPZI4,Amazon PLCC Free-Financing Universal Merchant AAT-WSJLDN3X7KEMO,Amazon PLCC Free-Financing Universal Merchant AAT-VL6FGQVGQVXUS,Amazon PLCC Free-Financing Universal Merchant AAT-EOKPWFWYW7Y6I,Amazon PLCC Free-Financing Universal Merchant AAT-ZYL5UPUNW6T62,Amazon PLCC Free-Financing Universal Merchant AAT-XVPICCHRWDCAI,Amazon PLCC Free-Financing Universal Merchant AAT-G5ZRX4BZOIODU,Amazon PLCC Free-Financing Universal Merchant AAT-ACZIPIA37BFIY,Amazon PLCC Free-Financing Universal Merchant AAT-YFJA6XMAMWZSK,Amazon PLCC Free-Financing Universal Merchant AAT-K66BSCE2J2V5E,Amazon PLCC Free-Financing Universal Merchant AAT-BRSZZ45H6MHAO,Amazon PLCC Free-Financing Universal Merchant AAT-MKLXOOZWQL7GO,Amazon PLCC Free-Financing Universal Merchant AAT-CB7UNXEXGIJTC,Amazon PLCC Free-Financing Universal Merchant #MP-gzasho-1593152694811,Amazon PLCC Free-Financing Universal Merchant AAT-WLBA4GZ52EAH4",False,Easy Ship,
47522,406-4998867-5904366,04-01-22,Shipped,Amazon,Amazon.in,Expedited,SET268,SET268-KR-NP-XL,Set,XL,B08XQBF1G4,Shipped,1,INR,698.0,NIZAMABAD,TELANGANA,503001.0,IN,IN Core Free Shipping 2015/04/08 23-48-5-108,False,,
32207,408-4491955-4724349,04-11-22,Shipped - Delivered to Buyer,Merchant,Amazon.in,Standard,SET293,SET293-KR-NP-XL,Set,XL,B09K3DQZ66,Shipped,1,INR,692.0,AMBARNATH,MAHARASHTRA,421505.0,IN,"Amazon PLCC Free-Financing Universal Merchant AAT-WNKTBO3K27EJC,Amazon PLCC Free-Financing Universal Merchant AAT-QX3UCCJESKPA2,Amazon PLCC Free-Financing Universal Merchant AAT-CXJHMC2YJUK76,Amazon PLCC Free-Financing Universal Merchant AAT-SL3Y2YRMAUNFC,Amazon PLCC Free-Financing Universal Merchant AAT-CC4FAVTYR4X7C,Amazon PLCC Free-Financing Universal Merchant AAT-XXRCW6NZEPZI4,Amazon PLCC Free-Financing Universal Merchant AAT-EOKPWFWYW7Y6I,Amazon PLCC Free-Financing Universal Merchant AAT-ZYL5UPUNW6T62,Amazon PLCC Free-Financing Universal Merchant AAT-G5ZRX4BZOIODU,Amazon PLCC Free-Financing Universal Merchant AAT-PZHUW6DZX4BPS,Amazon PLCC Free-Financing Universal Merchant AAT-TNYBHEAO7HOHO,Amazon PLCC Free-Financing Universal Merchant AAT-BRSZZ45H6MHAO,Amazon PLCC Free-Financing Universal Merchant AAT-MKLXOOZWQL7GO,Amazon PLCC Free-Financing Universal Merchant AAT-CB7UNXEXGIJTC,Amazon PLCC Free-Financing Universal Merchant #MP-gzasho-1593152694811,Amazon PLCC Free-Financing Universal Merchant AAT-WLBA4GZ52EAH4,Amazon PLCC Free-Financing Universal Merchant AAT-QMFZ3M7T5NPDS,Amazon PLCC Free-Financing Universal Merchant #MP-pmilan-1601980554292",False,Easy Ship,
2530,407-0726865-7987533,04-29-22,Shipped - Delivered to Buyer,Merchant,Amazon.in,Standard,SET220,SET220-KR-PP-M,Set,M,B08MXDBYQK,Shipped,1,INR,1099.0,navi mumbai,MAHARASHTRA,400706.0,IN,"Amazon PLCC Free-Financing Universal Merchant AAT-WNKTBO3K27EJC,Amazon PLCC Free-Financing Universal Merchant AAT-QX3UCCJESKPA2,Amazon PLCC Free-Financing Universal Merchant AAT-5QQ7BIYYQEDN2,Amazon PLCC Free-Financing Universal Merchant AAT-DSJ2QRXXWXVMQ,Amazon PLCC Free-Financing Universal Merchant AAT-CXJHMC2YJUK76,Amazon PLCC Free-Financing Universal Merchant AAT-SL3Y2YRMAUNFC,Amazon PLCC Free-Financing Universal Merchant AAT-CC4FAVTYR4X7C,Amazon PLCC Free-Financing Universal Merchant AAT-XXRCW6NZEPZI4,Amazon PLCC Free-Financing Universal Merchant AAT-EOKPWFWYW7Y6I,Amazon PLCC Free-Financing Universal Merchant AAT-ZYL5UPUNW6T62,Amazon PLCC Free-Financing Universal Merchant AAT-N6QGG4HRHN6T4,Amazon PLCC Free-Financing Universal Merchant AAT-PZHUW6DZX4BPS,Amazon PLCC Free-Financing Universal Merchant AAT-ETXQ3XXWMRXBG,Amazon PLCC Free-Financing Universal Merchant AAT-7X3XCTYG64VBE,Amazon PLCC Free-Financing Universal Merchant AAT-7CHGD3WTS3MHM,Amazon PLCC Free-Financing Universal Merchant AAT-26ZDKNME27X42,Amazon PLCC Free-Financing Universal Merchant AAT-4ZF5KN6E4LJK4,Amazon PLCC Free-Financing Universal Merchant AAT-7RCXIKUAX7DDY,Amazon PLCC Free-Financing Universal Merchant AAT-TNYBHEAO7HOHO,Amazon PLCC Free-Financing Universal Merchant AAT-BRSZZ45H6MHAO,Amazon PLCC Free-Financing Universal Merchant AAT-MKLXOOZWQL7GO,Amazon PLCC Free-Financing Universal Merchant AAT-CB7UNXEXGIJTC,Amazon PLCC Free-Financing Universal Merchant #MP-gzasho-1593152694811,Amazon PLCC Free-Financing Universal Merchant AAT-WLBA4GZ52EAH4,Amazon PLCC Free-Financing Universal Merchant AAT-QMFZ3M7T5NPDS,Amazon PLCC Free-Financing Universal Merchant #MP-pmilan-1601980554292",False,Easy Ship,
17746,171-5159003-2292313,04-20-22,Shipped - Delivered to Buyer,Merchant,Amazon.in,Standard,JNE3488,JNE3488-KR-S,kurta,S,B08PCM4CDX,Shipped,1,INR,299.0,KOLKATA,WEST BENGAL,700012.0,IN,"Amazon PLCC Free-Financing Universal Merchant AAT-WNKTBO3K27EJC,Amazon PLCC Free-Financing Universal Merchant AAT-QX3UCCJESKPA2,Amazon PLCC Free-Financing Universal Merchant AAT-CXJHMC2YJUK76,Amazon PLCC Free-Financing Universal Merchant AAT-CC4FAVTYR4X7C,Amazon PLCC Free-Financing Universal Merchant AAT-XXRCW6NZEPZI4,Amazon PLCC Free-Financing Universal Merchant AAT-WSJLDN3X7KEMO,Amazon PLCC Free-Financing Universal Merchant AAT-VL6FGQVGQVXUS,Amazon PLCC Free-Financing Universal Merchant AAT-EOKPWFWYW7Y6I,Amazon PLCC Free-Financing Universal Merchant AAT-G5ZRX4BZOIODU,Amazon PLCC Free-Financing Universal Merchant AAT-ACZIPIA37BFIY,Amazon PLCC Free-Financing Universal Merchant AAT-4UKS7UWZY3AES,Amazon PLCC Free-Financing Universal Merchant AAT-PZHUW6DZX4BPS,Amazon PLCC Free-Financing Universal Merchant AAT-XX7G3ZRJJJ5LG,Amazon PLCC Free-Financing Universal Merchant AAT-LEHCKNDBJG64E,Amazon PLCC Free-Financing Universal Merchant AAT-DJVHCEV7D7RQY,Amazon PLCC Free-Financing Universal Merchant AAT-BRSZZ45H6MHAO,Amazon PLCC Free-Financing Universal Merchant AAT-MKLXOOZWQL7GO,Amazon PLCC Free-Financing Universal Merchant AAT-CB7UNXEXGIJTC,Amazon PLCC Free-Financing Universal Merchant #MP-gzasho-1593152694811,Amazon PLCC Free-Financing Universal Merchant AAT-WLBA4GZ52EAH4",False,Easy Ship,
8270,407-1059613-9634737,04-25-22,Shipped - Delivered to Buyer,Merchant,Amazon.in,Standard,J0338,J0338-DR-M,Western Dress,M,B0982ZPB81,Shipped,1,INR,744.0,HYDERABAD,TELANGANA,500072.0,IN,"Amazon PLCC Free-Financing Universal Merchant AAT-WNKTBO3K27EJC,Amazon PLCC Free-Financing Universal Merchant AAT-QX3UCCJESKPA2,Amazon PLCC Free-Financing Universal Merchant AAT-5QQ7BIYYQEDN2,Amazon PLCC Free-Financing Universal Merchant AAT-DSJ2QRXXWXVMQ,Amazon PLCC Free-Financing Universal Merchant AAT-CXJHMC2YJUK76,Amazon PLCC Free-Financing Universal Merchant AAT-CC4FAVTYR4X7C,Amazon PLCC Free-Financing Universal Merchant AAT-XXRCW6NZEPZI4,Amazon PLCC Free-Financing Universal Merchant AAT-EOKPWFWYW7Y6I,Amazon PLCC Free-Financing Universal Merchant AAT-ZYL5UPUNW6T62,Amazon PLCC Free-Financing Universal Merchant AAT-G5ZRX4BZOIODU,Amazon PLCC Free-Financing Universal Merchant AAT-PZHUW6DZX4BPS,Amazon PLCC Free-Financing Universal Merchant AAT-ETXQ3XXWMRXBG,Amazon PLCC Free-Financing Universal Merchant AAT-BRSZZ45H6MHAO,Amazon PLCC Free-Financing Universal Merchant AAT-MKLXOOZWQL7GO,Amazon PLCC Free-Financing Universal Merchant AAT-CB7UNXEXGIJTC,Amazon PLCC Free-Financing Universal Merchant #MP-gzasho-1593152694811,Amazon PLCC Free-Financing Universal Merchant AAT-WLBA4GZ52EAH4",False,Easy Ship,
15079,405-5072271-0391525,04-21-22,Shipped,Amazon,Amazon.in,Expedited,JNE3486,JNE3486-KR-XS,kurta,XS,B08W8T272T,Shipped,1,INR,499.0,MUMBAI,MAHARASHTRA,400091.0,IN,,False,,
13624,402-0349408-1917162,04-22-22,Shipped,Amazon,Amazon.in,Expedited,SET098,SET098-KR-PP-S,Set,S,B07X3KSDT3,Shipped,1,INR,696.0,NOIDA,UTTAR PRADESH,201303.0,IN,,False,,
30638,408-6455153-3669106,04-12-22,Shipped,Amazon,Amazon.in,Expedited,JNE3459,JNE3459-KR-S,kurta,S,B08BFW22DK,Shipped,1,INR,442.0,BALESHWAR,ODISHA,756001.0,IN,IN Core Free Shipping 2015/04/08 23-48-5-108,False,,
30440,406-3180908-1826707,04-12-22,Shipped,Amazon,Amazon.in,Expedited,MEN5007,MEN5007-KR-XXXL,kurta,3XL,B08YYZJPWN,Shipped,1,INR,475.0,Pathankot,PUNJAB,145001.0,IN,IN Core Free Shipping 2015/04/08 23-48-5-108,False,,
36056,402-5291313-7403534,04-09-22,Shipped,Amazon,Amazon.in,Expedited,JNE3567,JNE3567-KR-XS,kurta,XS,B08KRXDR4Y,Shipped,1,INR,399.0,BHATGAON,CHHATTISGARH,493222.0,IN,IN Core Free Shipping 2015/04/08 23-48-5-108,False,,
42651,407-2044466-4958729,04-05-22,Shipped - Delivered to Buyer,Merchant,Amazon.in,Standard,SET322,SET322-KR-SHA-M,Set,M,B09RKDCHPH,Shipped,1,INR,1120.0,MEDINIPUR,WEST BENGAL,721101.0,IN,"Amazon PLCC Free-Financing Universal Merchant AAT-WNKTBO3K27EJC,Amazon PLCC Free-Financing Universal Merchant AAT-QX3UCCJESKPA2,Amazon PLCC Free-Financing Universal Merchant AAT-CXJHMC2YJUK76,Amazon PLCC Free-Financing Universal Merchant AAT-CC4FAVTYR4X7C,Amazon PLCC Free-Financing Universal Merchant AAT-XXRCW6NZEPZI4,Amazon PLCC Free-Financing Universal Merchant AAT-CXNSLNBROFDW4,Amazon PLCC Free-Financing Universal Merchant AAT-WSJLDN3X7KEMO,Amazon PLCC Free-Financing Universal Merchant AAT-VL6FGQVGQVXUS,Amazon PLCC Free-Financing Universal Merchant AAT-EOKPWFWYW7Y6I,Amazon PLCC Free-Financing Universal Merchant AAT-ZYL5UPUNW6T62,Amazon PLCC Free-Financing Universal Merchant AAT-G5ZRX4BZOIODU,Amazon PLCC Free-Financing Universal Merchant AAT-ACZIPIA37BFIY,Amazon PLCC Free-Financing Universal Merchant AAT-YFJA6XMAMWZSK,Amazon PLCC Free-Financing Universal Merchant AAT-K66BSCE2J2V5E,Amazon PLCC Free-Financing Universal Merchant AAT-275LMAQ3T5REI,Amazon PLCC Free-Financing Universal Merchant AAT-BRSZZ45H6MHAO,Amazon PLCC Free-Financing Universal Merchant AAT-MKLXOOZWQL7GO,Amazon PLCC Free-Financing Universal Merchant AAT-CB7UNXEXGIJTC,Amazon PLCC Free-Financing Universal Merchant #MP-gzasho-1593152694811,Amazon PLCC Free-Financing Universal Merchant AAT-WLBA4GZ52EAH4",False,Easy Ship,
36803,404-5390427-2904342,04-08-22,Shipped,Amazon,Amazon.in,Expedited,SET268,SET268-KR-NP-XL,Set,XL,B08XQBF1G4,Shipped,1,INR,788.0,FARIDABAD,HARYANA,121004.0,IN,,False,,
48224,402-5452322-4458760,04-01-22,Shipped,Amazon,Amazon.in,Expedited,J0243,J0243-DR-S,Ethnic Dress,S,B092648LBY,Shipped,1,INR,1449.0,ODDANCHATRAM,TAMIL NADU,624619.0,IN,IN Core Free Shipping 2015/04/08 23-48-5-108,False,,
29226,404-2878326-7375558,04-13-22,Shipped,Amazon,Amazon.in,Expedited,SET268,SET268-KR-NP-XXXL,Set,3XL,B08XQBC8FV,Shipped,1,INR,788.0,VUYYURU,ANDHRA PRADESH,521165.0,IN,,False,,
5633,407-0017393-6238727,04-27-22,Shipped,Amazon,Amazon.in,Expedited,J0230,J0230-SKD-S,Set,S,B08XNJ19QH,Shipped,1,INR,1112.0,JAIPUR,RAJASTHAN,302020.0,IN,,False,,
5987,408-7230779-6915508,04-26-22,Cancelled,Amazon,Amazon.in,Expedited,J0344,J0344-TP-S,Top,S,B0986XYSRW,Cancelled,0,,,SECUNDERABAD,TELANGANA,500056.0,IN,,False,,
48063,405-4237130-2597103,04-01-22,Cancelled,Amazon,Amazon.in,Expedited,MEN5025,MEN5025-KR-L,kurta,L,B08YYTM98L,Unshipped,1,INR,547.0,GHAZIABAD,UTTAR PRADESH,201001.0,IN,,False,,
1812,404-3249874-5165935,04-29-22,Shipped,Amazon,Amazon.in,Expedited,J0285,J0285-SKD-XS,Set,XS,B08QGN4RYQ,Shipped,1,INR,1432.0,THANE,MAHARASHTRA,401107.0,IN,,False,,
27578,403-4154924-7501917,04-14-22,Shipped - Delivered to Buyer,Merchant,Amazon.in,Standard,J0003,J0003-SET-XL,Set,XL,B0894YFQ5R,Shipped,1,INR,696.0,LUCKNOW,UTTAR PRADESH,226002.0,IN,"Amazon PLCC Free-Financing Universal Merchant AAT-WNKTBO3K27EJC,Amazon PLCC Free-Financing Universal Merchant AAT-QX3UCCJESKPA2,Amazon PLCC Free-Financing Universal Merchant AAT-CXJHMC2YJUK76,Amazon PLCC Free-Financing Universal Merchant AAT-CC4FAVTYR4X7C,Amazon PLCC Free-Financing Universal Merchant AAT-XXRCW6NZEPZI4,Amazon PLCC Free-Financing Universal Merchant AAT-R7GXNZWISTRFA,Amazon PLCC Free-Financing Universal Merchant AAT-EOKPWFWYW7Y6I,Amazon PLCC Free-Financing Universal Merchant AAT-ZYL5UPUNW6T62,Amazon PLCC Free-Financing Universal Merchant AAT-G5ZRX4BZOIODU,Amazon PLCC Free-Financing Universal Merchant AAT-P3CSUAK4HTEP2,Amazon PLCC Free-Financing Universal Merchant AAT-LMLYJV5SYVNDA,Amazon PLCC Free-Financing Universal Merchant AAT-PZHUW6DZX4BPS,Amazon PLCC Free-Financing Universal Merchant AAT-TNYBHEAO7HOHO,Amazon PLCC Free-Financing Universal Merchant AAT-BRSZZ45H6MHAO,Amazon PLCC Free-Financing Universal Merchant AAT-MKLXOOZWQL7GO,Amazon PLCC Free-Financing Universal Merchant AAT-CB7UNXEXGIJTC,Amazon PLCC Free-Financing Universal Merchant #MP-gzasho-1593152694811,Amazon PLCC Free-Financing Universal Merchant AAT-WLBA4GZ52EAH4,Amazon PLCC Free-Financing Universal Merchant AAT-QMFZ3M7T5NPDS,Amazon PLCC Free-Financing Universal Merchant #MP-pmilan-1601980554292",False,Easy Ship,
16823,404-5539134-4755515,04-20-22,Cancelled,Merchant,Amazon.in,Standard,SET397,SET397-KR-NP  -M,Set,M,B09RKD6KWL,,0,INR,1058.93,RANCHI,JHARKHAND,834001.0,IN,,False,Easy Ship,
3928,407-6353505-8789167,04-28-22,Shipped - Delivered to Buyer,Merchant,Amazon.in,Standard,JNE3461,JNE3461-KR-XXXL,kurta,3XL,B08B3YC7HZ,Shipped,1,INR,363.0,MUMBAI,MAHARASHTRA,400067.0,IN,"Amazon PLCC Free-Financing Universal Merchant AAT-WNKTBO3K27EJC,Amazon PLCC Free-Financing Universal Merchant AAT-QX3UCCJESKPA2,Amazon PLCC Free-Financing Universal Merchant AAT-5QQ7BIYYQEDN2,Amazon PLCC Free-Financing Universal Merchant AAT-DSJ2QRXXWXVMQ,Amazon PLCC Free-Financing Universal Merchant AAT-CXJHMC2YJUK76,Amazon PLCC Free-Financing Universal Merchant AAT-CC4FAVTYR4X7C,Amazon PLCC Free-Financing Universal Merchant AAT-XXRCW6NZEPZI4,Amazon PLCC Free-Financing Universal Merchant AAT-EOKPWFWYW7Y6I,Amazon PLCC Free-Financing Universal Merchant AAT-ZYL5UPUNW6T62,Amazon PLCC Free-Financing Universal Merchant AAT-G5ZRX4BZOIODU,Amazon PLCC Free-Financing Universal Merchant AAT-23LLL7GZCLBVW,Amazon PLCC Free-Financing Universal Merchant AAT-PZHUW6DZX4BPS,Amazon PLCC Free-Financing Universal Merchant AAT-ETXQ3XXWMRXBG,Amazon PLCC Free-Financing Universal Merchant AAT-7X3XCTYG64VBE,Amazon PLCC Free-Financing Universal Merchant AAT-7CHGD3WTS3MHM,Amazon PLCC Free-Financing Universal Merchant AAT-26ZDKNME27X42,Amazon PLCC Free-Financing Universal Merchant AAT-4ZF5KN6E4LJK4,Amazon PLCC Free-Financing Universal Merchant AAT-7RCXIKUAX7DDY,Amazon PLCC Free-Financing Universal Merchant AAT-BRSZZ45H6MHAO,Amazon PLCC Free-Financing Universal Merchant AAT-MKLXOOZWQL7GO,Amazon PLCC Free-Financing Universal Merchant AAT-CB7UNXEXGIJTC,Amazon PLCC Free-Financing Universal Merchant #MP-gzasho-1593152694811,Amazon PLCC Free-Financing Universal Merchant AAT-WLBA4GZ52EAH4",False,Easy Ship,
37286,406-1748887-2211531,04-08-22,Shipped,Amazon,Amazon.in,Expedited,SET252,SET252-KR-PP-M,Set,M,B08TGZN5D4,Shipped,1,INR,759.0,COIMBATORE,TAMIL NADU,641026.0,IN,IN Core Free Shipping 2015/04/08 23-48-5-108,False,,
25045,171-3479227-3908361,04-15-22,Shipped - Delivered to Buyer,Merchant,Amazon.in,Standard,JNE3510,JNE3510-KR-M,kurta,M,B08WPR5MCB,Shipped,1,INR,442.0,KORBA,CHHATTISGARH,495450.0,IN,"Amazon PLCC Free-Financing Universal Merchant AAT-WNKTBO3K27EJC,Amazon PLCC Free-Financing Universal Merchant AAT-QX3UCCJESKPA2,Amazon PLCC Free-Financing Universal Merchant AAT-CXJHMC2YJUK76,Amazon PLCC Free-Financing Universal Merchant AAT-CC4FAVTYR4X7C,Amazon PLCC Free-Financing Universal Merchant AAT-XXRCW6NZEPZI4,Amazon PLCC Free-Financing Universal Merchant AAT-EOKPWFWYW7Y6I,Amazon PLCC Free-Financing Universal Merchant AAT-G5ZRX4BZOIODU,Amazon PLCC Free-Financing Universal Merchant AAT-Q4AAGWXBPHLIS,Amazon PLCC Free-Financing Universal Merchant AAT-PZHUW6DZX4BPS,Amazon PLCC Free-Financing Universal Merchant AAT-XX7G3ZRJJJ5LG,Amazon PLCC Free-Financing Universal Merchant AAT-LEHCKNDBJG64E,Amazon PLCC Free-Financing Universal Merchant AAT-DJVHCEV7D7RQY,Amazon PLCC Free-Financing Universal Merchant AAT-BRSZZ45H6MHAO,Amazon PLCC Free-Financing Universal Merchant AAT-MKLXOOZWQL7GO,Amazon PLCC Free-Financing Universal Merchant AAT-CB7UNXEXGIJTC,Amazon PLCC Free-Financing Universal Merchant #MP-gzasho-1593152694811,Amazon PLCC Free-Financing Universal Merchant AAT-WLBA4GZ52EAH4",False,Easy Ship,
15727,404-2959846-4717129,04-21-22,Shipped - Delivered to Buyer,Merchant,Amazon.in,Standard,SET249,SET249-KR-NP-L,Set,L,B08XQ8Q141,Shipped,1,INR,680.0,PUNE,MAHARASHTRA,411037.0,IN,"Amazon PLCC Free-Financing Universal Merchant AAT-WNKTBO3K27EJC,Amazon PLCC Free-Financing Universal Merchant AAT-QX3UCCJESKPA2,Amazon PLCC Free-Financing Universal Merchant AAT-5QQ7BIYYQEDN2,Amazon PLCC Free-Financing Universal Merchant AAT-DSJ2QRXXWXVMQ,Amazon PLCC Free-Financing Universal Merchant AAT-CXJHMC2YJUK76,Amazon PLCC Free-Financing Universal Merchant AAT-SL3Y2YRMAUNFC,Amazon PLCC Free-Financing Universal Merchant AAT-CC4FAVTYR4X7C,Amazon PLCC Free-Financing Universal Merchant AAT-XXRCW6NZEPZI4,Amazon PLCC Free-Financing Universal Merchant AAT-R7GXNZWISTRFA,Amazon PLCC Free-Financing Universal Merchant AAT-EOKPWFWYW7Y6I,Amazon PLCC Free-Financing Universal Merchant AAT-ZYL5UPUNW6T62,Amazon PLCC Free-Financing Universal Merchant AAT-G5ZRX4BZOIODU,Amazon PLCC Free-Financing Universal Merchant AAT-P3CSUAK4HTEP2,Amazon PLCC Free-Financing Universal Merchant AAT-6PE7LSBGRLMV2,Amazon PLCC Free-Financing Universal Merchant AAT-PZHUW6DZX4BPS,Amazon PLCC Free-Financing Universal Merchant AAT-BRSZZ45H6MHAO,Amazon PLCC Free-Financing Universal Merchant AAT-MKLXOOZWQL7GO,Amazon PLCC Free-Financing Universal Merchant AAT-CB7UNXEXGIJTC,Amazon PLCC Free-Financing Universal Merchant #MP-gzasho-1593152694811,Amazon PLCC Free-Financing Universal Merchant AAT-WLBA4GZ52EAH4,Amazon PLCC Free-Financing Universal Merchant #MP-pmilan-1601980554292",False,Easy Ship,
29600,404-6856939-5121933,04-13-22,Shipped,Amazon,Amazon.in,Expedited,JNE3440,JNE3440-KR-N-L,kurta,L,B081X7JHBC,Shipped,1,INR,399.0,NOIDA,UTTAR PRADESH,201305.0,IN,,False,,
10430,404-5478613-9190769,04-24-22,Shipped,Amazon,Amazon.in,Expedited,JNE3568,JNE3568-KR-XXL,kurta,XXL,B08KRYXSYH,Shipped,1,INR,399.0,MUMBAI,MAHARASHTRA,400074.0,IN,IN Core Free Shipping 2015/04/08 23-48-5-108,False,,
25768,405-1761606-1067519,04-15-22,Shipped,Amazon,Amazon.in,Expedited,JNE3368,JNE3368-KR-XS,kurta,XS,B081WX6MFJ,Shipped,1,INR,471.0,MOHALI,PUNJAB,140301.0,IN,,False,,
29103,407-5072430-8849929,04-13-22,Shipped,Amazon,Amazon.in,Expedited,J0002,J0002-SKD-XXXL,Set,3XL,B0894YJC25,Shipped,1,INR,1115.0,BENGALURU,KARNATAKA,560076.0,IN,IN Core Free Shipping 2015/04/08 23-48-5-108,False,,
36537,408-6589969-1033946,04-08-22,Shipped,Amazon,Amazon.in,Expedited,JNE3800,JNE3800-KR-L,Western Dress,L,B09SDXWNPZ,Shipped,1,INR,771.0,TIRUNELVELI,TAMIL NADU,627002.0,IN,IN Core Free Shipping 2015/04/08 23-48-5-108,False,,
39328,404-2005024-5568316,04-07-22,Shipped,Amazon,Amazon.in,Expedited,JNE3615,JNE3615-KR-XXXL,kurta,3XL,B091Q8934K,Shipped,1,INR,299.0,UTTARPARA KOTRUNG,WEST BENGAL,712232.0,IN,,False,,
35539,405-3172282-0529113,04-09-22,Shipped,Amazon,Amazon.in,Expedited,JNE3405,JNE3405-KR-L,kurta,L,B081WSCKPQ,Shipped,1,INR,399.0,BENGALURU,KARNATAKA,560068.0,IN,IN Core Free Shipping 2015/04/08 23-48-5-108,False,,
28075,405-8491098-0731548,04-14-22,Shipped,Amazon,Amazon.in,Expedited,JNE3291,JNE3291-KR-XXL,kurta,XXL,B07R41RZV7,Shipped,1,INR,442.0,Pune,MAHARASHTRA,411048.0,IN,,False,,
17840,406-4871220-9447510,04-20-22,Shipped,Amazon,Amazon.in,Expedited,MEN5032,MEN5032-KR-M,kurta,M,B08YZ1BNXR,Shipped,1,INR,562.0,SIBSAGAR,ASSAM,785681.0,IN,IN Core Free Shipping 2015/04/08 23-48-5-108,False,,
27802,403-7859148-1162729,04-14-22,Shipped - Delivered to Buyer,Merchant,Amazon.in,Standard,J0103,J0103-SKD-S,Set,S,B08VWKY8LL,Shipped,1,INR,1338.0,BENGALURU,KARNATAKA,560084.0,IN,"Amazon PLCC Free-Financing Universal Merchant AAT-WNKTBO3K27EJC,Amazon PLCC Free-Financing Universal Merchant AAT-QX3UCCJESKPA2,Amazon PLCC Free-Financing Universal Merchant AAT-CXJHMC2YJUK76,Amazon PLCC Free-Financing Universal Merchant AAT-CC4FAVTYR4X7C,Amazon PLCC Free-Financing Universal Merchant AAT-XXRCW6NZEPZI4,Amazon PLCC Free-Financing Universal Merchant AAT-EOKPWFWYW7Y6I,Amazon PLCC Free-Financing Universal Merchant AAT-ZYL5UPUNW6T62,Amazon PLCC Free-Financing Universal Merchant AAT-G5ZRX4BZOIODU,Amazon PLCC Free-Financing Universal Merchant AAT-LMLYJV5SYVNDA,Amazon PLCC Free-Financing Universal Merchant AAT-PZHUW6DZX4BPS,Amazon PLCC Free-Financing Universal Merchant AAT-BRSZZ45H6MHAO,Amazon PLCC Free-Financing Universal Merchant AAT-MKLXOOZWQL7GO,Amazon PLCC Free-Financing Universal Merchant AAT-CB7UNXEXGIJTC,Amazon PLCC Free-Financing Universal Merchant #MP-gzasho-1593152694811,Amazon PLCC Free-Financing Universal Merchant AAT-WLBA4GZ52EAH4,Amazon PLCC Free-Financing Universal Merchant #MP-pmilan-1601980554292",False,Easy Ship,
7682,403-9087848-4685139,04-25-22,Shipped - Delivered to Buyer,Merchant,Amazon.in,Standard,SET377,SET377-KR-NP-S,Set,S,B09TZV2J9G,Shipped,1,INR,1238.0,NEW DELHI,DELHI,110045.0,IN,"Amazon PLCC Free-Financing Universal Merchant AAT-WNKTBO3K27EJC,Amazon PLCC Free-Financing Universal Merchant AAT-QX3UCCJESKPA2,Amazon PLCC Free-Financing Universal Merchant AAT-5QQ7BIYYQEDN2,Amazon PLCC Free-Financing Universal Merchant AAT-DSJ2QRXXWXVMQ,Amazon PLCC Free-Financing Universal Merchant AAT-CXJHMC2YJUK76,Amazon PLCC Free-Financing Universal Merchant AAT-SL3Y2YRMAUNFC,Amazon PLCC Free-Financing Universal Merchant AAT-CC4FAVTYR4X7C,Amazon PLCC Free-Financing Universal Merchant AAT-XXRCW6NZEPZI4,Amazon PLCC Free-Financing Universal Merchant AAT-R7GXNZWISTRFA,Amazon PLCC Free-Financing Universal Merchant AAT-EOKPWFWYW7Y6I,Amazon PLCC Free-Financing Universal Merchant AAT-ZYL5UPUNW6T62,Amazon PLCC Free-Financing Universal Merchant AAT-G5ZRX4BZOIODU,Amazon PLCC Free-Financing Universal Merchant AAT-P3CSUAK4HTEP2,Amazon PLCC Free-Financing Universal Merchant AAT-PZHUW6DZX4BPS,Amazon PLCC Free-Financing Universal Merchant AAT-AWMMZNGS33JGQ,Amazon PLCC Free-Financing Universal Merchant AAT-ETXQ3XXWMRXBG,Amazon PLCC Free-Financing Universal Merchant AAT-TNYBHEAO7HOHO,Amazon PLCC Free-Financing Universal Merchant AAT-BRSZZ45H6MHAO,Amazon PLCC Free-Financing Universal Merchant AAT-MKLXOOZWQL7GO,Amazon PLCC Free-Financing Universal Merchant AAT-CB7UNXEXGIJTC,Amazon PLCC Free-Financing Universal Merchant #MP-gzasho-1593152694811,Amazon PLCC Free-Financing Universal Merchant AAT-WLBA4GZ52EAH4,Amazon PLCC Free-Financing Universal Merchant AAT-QMFZ3M7T5NPDS,Amazon PLCC Free-Financing Universal Merchant #MP-pmilan-1601980554292",False,Easy Ship,
24279,407-0263490-5232313,04-16-22,Shipped,Amazon,Amazon.in,Expedited,JNE2113,JNE2113-KR-381-S,kurta,S,B0793R5HQ7,Shipped,1,INR,499.0,SIPCOT THOOTHUKUDI,TAMIL NADU,628008.0,IN,IN Core Free Shipping 2015/04/08 23-48-5-108,False,,
33070,171-5518162-7542760,04-10-22,Shipped,Amazon,Amazon.in,Expedited,JNE3399,JNE3399-KR-L,kurta,L,B082W8354V,Shipped,1,INR,435.0,GUNTUR,ANDHRA PRADESH,522006.0,IN,,False,,
35557,405-4191389-1676343,04-09-22,Cancelled,Amazon,Amazon.in,Expedited,J0161,J0161-DR-XS,Western Dress,XS,B08V17851C,Unshipped,1,INR,473.0,GWALIOR,MADHYA PRADESH,474002.0,IN,,False,,
37189,408-8881285-3573103,04-08-22,Cancelled,Amazon,Amazon.in,Expedited,JNE3634,JNE3634-KR-L,kurta,L,B0981152GP,Unshipped,1,INR,511.0,Haldwani,UTTARAKHAND,263139.0,IN,,False,,
47149,407-1989403-1451556,04-02-22,Cancelled,Amazon,Amazon.in,Expedited,MEN5018,MEN5018-KR-XXL,kurta,XXL,B08YYZD2F1,Cancelled,0,,,Gurgaon,HARYANA,122009.0,IN,,False,,
46915,405-3801466-3138754,04-02-22,Shipped,Amazon,Amazon.in,Expedited,JNE3440,JNE3440-KR-N-XXL,kurta,XXL,B081XBQBGF,Shipped,1,INR,379.0,JAMMU,JAMMU & KASHMIR,180013.0,IN,Duplicated AYTJSBA8ZOP16 1567159860988,False,,
9801,405-0210515-8793148,04-24-22,Shipped,Amazon,Amazon.in,Expedited,SET268,SET268-KR-NP-XS,Set,XS,B08XQBXFPP,Shipped,1,INR,788.0,MUMBAI,MAHARASHTRA,400094.0,IN,,False,,
38800,403-9685264-4951564,04-07-22,Shipped,Amazon,Amazon.in,Expedited,JNE3567,JNE3567-KR-XL,kurta,XL,B08KRTXC2Y,Shipped,1,INR,399.0,LUCKNOW,UTTAR PRADESH,226017.0,IN,,False,,
24669,406-2764869-1849920,04-15-22,Shipped - Delivered to Buyer,Merchant,Amazon.in,Standard,J0341,J0341-DR-M,Western Dress,M,B099NQQ79L,Shipped,1,INR,744.0,PUNE,MAHARASHTRA,412207.0,IN,"Amazon PLCC Free-Financing Universal Merchant AAT-WNKTBO3K27EJC,Amazon PLCC Free-Financing Universal Merchant AAT-QX3UCCJESKPA2,Amazon PLCC Free-Financing Universal Merchant AAT-CXJHMC2YJUK76,Amazon PLCC Free-Financing Universal Merchant AAT-CC4FAVTYR4X7C,Amazon PLCC Free-Financing Universal Merchant AAT-XXRCW6NZEPZI4,Amazon PLCC Free-Financing Universal Merchant AAT-CXNSLNBROFDW4,Amazon PLCC Free-Financing Universal Merchant AAT-WSJLDN3X7KEMO,Amazon PLCC Free-Financing Universal Merchant AAT-VL6FGQVGQVXUS,Amazon PLCC Free-Financing Universal Merchant AAT-EOKPWFWYW7Y6I,Amazon PLCC Free-Financing Universal Merchant AAT-ZYL5UPUNW6T62,Amazon PLCC Free-Financing Universal Merchant AAT-XVPICCHRWDCAI,Amazon PLCC Free-Financing Universal Merchant AAT-G5ZRX4BZOIODU,Amazon PLCC Free-Financing Universal Merchant AAT-ACZIPIA37BFIY,Amazon PLCC Free-Financing Universal Merchant AAT-4UKS7UWZY3AES,Amazon PLCC Free-Financing Universal Merchant AAT-PZHUW6DZX4BPS,Amazon PLCC Free-Financing Universal Merchant AAT-XX7G3ZRJJJ5LG,Amazon PLCC Free-Financing Universal Merchant AAT-LEHCKNDBJG64E,Amazon PLCC Free-Financing Universal Merchant AAT-DJVHCEV7D7RQY,Amazon PLCC Free-Financing Universal Merchant AAT-BRSZZ45H6MHAO,Amazon PLCC Free-Financing Universal Merchant AAT-MKLXOOZWQL7GO,Amazon PLCC Free-Financing Universal Merchant AAT-CB7UNXEXGIJTC,Amazon PLCC Free-Financing Universal Merchant #MP-gzasho-1593152694811,Amazon PLCC Free-Financing Universal Merchant AAT-WLBA4GZ52EAH4",False,Easy Ship,
44233,408-2726532-4673920,04-03-22,Shipped,Amazon,Amazon.in,Expedited,J0008,J0008-SKD-S,Set,S,B0894XGJ83,Shipped,1,INR,1079.0,AONLA,UTTAR PRADESH,243301.0,IN,IN Core Free Shipping 2015/04/08 23-48-5-108,False,,
31919,403-8301835-9228321,04-11-22,Shipped,Amazon,Amazon.in,Expedited,J0230,J0230-SKD-S,Set,S,B08XNJ19QH,Shipped,1,INR,1112.0,GONDA,UTTAR PRADESH,271001.0,IN,IN Core Free Shipping 2015/04/08 23-48-5-108,False,,
7134,408-1953394-9919519,04-26-22,Shipped,Amazon,Amazon.in,Expedited,JNE3256,JNE3256-KR-XXL,kurta,XXL,B07RRWXRJQ,Shipped,1,INR,487.0,CHOWWARA,KERALA,683580.0,IN,Duplicated A12RHGVGRWOT3S 1560498941486,False,,
33704,407-7227812-3613959,04-10-22,Cancelled,Amazon,Amazon.in,Expedited,SET247,SET247-KR-SHA-S,Set,S,B09B58DHH1,Cancelled,0,,,Pune,MAHARASHTRA,411015.0,IN,,False,,
29660,402-8037915-3150766,04-13-22,Shipped - Delivered to Buyer,Merchant,Amazon.in,Standard,SET183,SET183-KR-DH-M,Set,M,B08B3Z2YY3,Shipped,1,INR,759.0,NUVEM,GOA,403713.0,IN,"Amazon PLCC Free-Financing Universal Merchant AAT-WNKTBO3K27EJC,Amazon PLCC Free-Financing Universal Merchant AAT-QX3UCCJESKPA2,Amazon PLCC Free-Financing Universal Merchant AAT-CXJHMC2YJUK76,Amazon PLCC Free-Financing Universal Merchant AAT-CC4FAVTYR4X7C,Amazon PLCC Free-Financing Universal Merchant AAT-XXRCW6NZEPZI4,Amazon PLCC Free-Financing Universal Merchant AAT-EOKPWFWYW7Y6I,Amazon PLCC Free-Financing Universal Merchant AAT-ZYL5UPUNW6T62,Amazon PLCC Free-Financing Universal Merchant AAT-G5ZRX4BZOIODU,Amazon PLCC Free-Financing Universal Merchant AAT-PZHUW6DZX4BPS,Amazon PLCC Free-Financing Universal Merchant AAT-BRSZZ45H6MHAO,Amazon PLCC Free-Financing Universal Merchant AAT-MKLXOOZWQL7GO,Amazon PLCC Free-Financing Universal Merchant AAT-CB7UNXEXGIJTC,Amazon PLCC Free-Financing Universal Merchant #MP-gzasho-1593152694811,Amazon PLCC Free-Financing Universal Merchant AAT-WLBA4GZ52EAH4",False,Easy Ship,
17893,171-5748550-9355519,04-20-22,Shipped,Amazon,Amazon.in,Expedited,JNE3366,JNE3366-KR-1053-A-L,kurta,L,B07WV3LBWZ,Shipped,1,INR,376.0,JABALPUR,MADHYA PRADESH,482003.0,IN,IN Core Free Shipping 2015/04/08 23-48-5-108,False,,
22018,171-3208777-9977126,04-17-22,Shipped,Amazon,Amazon.in,Expedited,JNE2291,JNE2291-KR-602-XS,kurta,XS,B07HYT4LFQ,Shipped,1,INR,376.0,Raigarh,CHHATTISGARH,496001.0,IN,IN Core Free Shipping 2015/04/08 23-48-5-108,False,,
13538,402-5499718-4123559,04-22-22,Shipped - Delivered to Buyer,Merchant,Amazon.in,Standard,JNE3405,JNE3405-KR-M,kurta,M,B081WVMMCY,Shipped,1,INR,399.0,BHATPARA,WEST BENGAL,743127.0,IN,"Amazon PLCC Free-Financing Universal Merchant AAT-WNKTBO3K27EJC,Amazon PLCC Free-Financing Universal Merchant AAT-QX3UCCJESKPA2,Amazon PLCC Free-Financing Universal Merchant AAT-5QQ7BIYYQEDN2,Amazon PLCC Free-Financing Universal Merchant AAT-DSJ2QRXXWXVMQ,Amazon PLCC Free-Financing Universal Merchant AAT-CXJHMC2YJUK76,Amazon PLCC Free-Financing Universal Merchant AAT-SL3Y2YRMAUNFC,Amazon PLCC Free-Financing Universal Merchant AAT-CC4FAVTYR4X7C,Amazon PLCC Free-Financing Universal Merchant AAT-XXRCW6NZEPZI4,Amazon PLCC Free-Financing Universal Merchant AAT-EOKPWFWYW7Y6I,Amazon PLCC Free-Financing Universal Merchant AAT-G5ZRX4BZOIODU,Amazon PLCC Free-Financing Universal Merchant AAT-MYWMDU232W4HO,Amazon PLCC Free-Financing Universal Merchant AAT-PZHUW6DZX4BPS,Amazon PLCC Free-Financing Universal Merchant AAT-TNYBHEAO7HOHO,Amazon PLCC Free-Financing Universal Merchant AAT-BRSZZ45H6MHAO,Amazon PLCC Free-Financing Universal Merchant AAT-MKLXOOZWQL7GO,Amazon PLCC Free-Financing Universal Merchant AAT-CB7UNXEXGIJTC,Amazon PLCC Free-Financing Universal Merchant #MP-gzasho-1593152694811,Amazon PLCC Free-Financing Universal Merchant AAT-WLBA4GZ52EAH4,Amazon PLCC Free-Financing Universal Merchant AAT-QMFZ3M7T5NPDS,Amazon PLCC Free-Financing Universal Merchant #MP-pmilan-1601980554292",False,Easy Ship,
43118,403-5965912-5649910,04-04-22,Shipped,Amazon,Amazon.in,Expedited,J0230,J0230-SKD-M,Set,M,B08XNJG8B1,Shipped,1,INR,969.0,HYDERABAD,TELANGANA,500085.0,IN,IN Core Free Shipping 2015/04/08 23-48-5-108,False,,
36420,408-4629687-1509965,04-08-22,Cancelled,Merchant,Amazon.in,Standard,J0239,J0239-SKD-XXL,Set,XXL,B0925XD2Q6,,0,INR,1159.82,HYDERABAD,TELANGANA,500038.0,IN,,False,Easy Ship,
9405,406-3799413-5772353,04-24-22,Shipped,Amazon,Amazon.in,Expedited,SET217,SET217-KR-PP-XXXL,Set,3XL,B089B2WLM2,Shipped,1,INR,825.0,UTTARPARA KOTRUNG,WEST BENGAL,712258.0,IN,IN Core Free Shipping 2015/04/08 23-48-5-108,False,,
13413,403-9470408-5686716,04-22-22,Shipped - Delivered to Buyer,Merchant,Amazon.in,Standard,J0082,J0082-TP-XL,Top,XL,B092D2DFD6,Shipped,1,INR,360.0,MUMBAI,MAHARASHTRA,400104.0,IN,"Amazon PLCC Free-Financing Universal Merchant AAT-WNKTBO3K27EJC,Amazon PLCC Free-Financing Universal Merchant AAT-QX3UCCJESKPA2,Amazon PLCC Free-Financing Universal Merchant AAT-5QQ7BIYYQEDN2,Amazon PLCC Free-Financing Universal Merchant AAT-DSJ2QRXXWXVMQ,Amazon PLCC Free-Financing Universal Merchant AAT-CXJHMC2YJUK76,Amazon PLCC Free-Financing Universal Merchant AAT-SL3Y2YRMAUNFC,Amazon PLCC Free-Financing Universal Merchant AAT-CC4FAVTYR4X7C,Amazon PLCC Free-Financing Universal Merchant AAT-XXRCW6NZEPZI4,Amazon PLCC Free-Financing Universal Merchant AAT-EOKPWFWYW7Y6I,Amazon PLCC Free-Financing Universal Merchant AAT-ZYL5UPUNW6T62,Amazon PLCC Free-Financing Universal Merchant AAT-G5ZRX4BZOIODU,Amazon PLCC Free-Financing Universal Merchant AAT-MYWMDU232W4HO,Amazon PLCC Free-Financing Universal Merchant AAT-PZHUW6DZX4BPS,Amazon PLCC Free-Financing Universal Merchant AAT-BRSZZ45H6MHAO,Amazon PLCC Free-Financing Universal Merchant AAT-MKLXOOZWQL7GO,Amazon PLCC Free-Financing Universal Merchant AAT-CB7UNXEXGIJTC,Amazon PLCC Free-Financing Universal Merchant #MP-gzasho-1593152694811,Amazon PLCC Free-Financing Universal Merchant AAT-WLBA4GZ52EAH4",False,Easy Ship,
6720,406-4233121-0052369,04-26-22,Shipped,Amazon,Amazon.in,Expedited,JNE3633,JNE3633-KR-XS,kurta,XS,B094FNYJJ5,Shipped,1,INR,459.0,HYDERABAD,TELANGANA,500080.0,IN,IN Core Free Shipping 2015/04/08 23-48-5-108,False,,
15601,402-7043052-3570718,04-21-22,Shipped,Amazon,Amazon.in,Expedited,SET268,SET268-KR-NP-S,Set,S,B08XQ98B2Q,Shipped,1,INR,788.0,CHENNAI,TAMIL NADU,600023.0,IN,,False,,
44743,403-7081960-4912323,04-03-22,Cancelled,Amazon,Amazon.in,Expedited,PSET264,PSET264-KR-NP-6XL,Set,6XL,B09M77164V,Cancelled,0,,,SALEM,TAMIL NADU,636008.0,IN,,False,,
31138,408-9740627-8617114,04-12-22,Shipped - Delivered to Buyer,Merchant,Amazon.in,Standard,J0005,J0005-DR-L,Western Dress,L,B08B3Y3VHQ,Shipped,1,INR,899.0,AHMEDABAD,Gujarat,380015.0,IN,"Amazon PLCC Free-Financing Universal Merchant AAT-WNKTBO3K27EJC,Amazon PLCC Free-Financing Universal Merchant AAT-QX3UCCJESKPA2,Amazon PLCC Free-Financing Universal Merchant AAT-CXJHMC2YJUK76,Amazon PLCC Free-Financing Universal Merchant AAT-CC4FAVTYR4X7C,Amazon PLCC Free-Financing Universal Merchant AAT-XXRCW6NZEPZI4,Amazon PLCC Free-Financing Universal Merchant AAT-EOKPWFWYW7Y6I,Amazon PLCC Free-Financing Universal Merchant AAT-ZYL5UPUNW6T62,Amazon PLCC Free-Financing Universal Merchant AAT-G5ZRX4BZOIODU,Amazon PLCC Free-Financing Universal Merchant AAT-PZHUW6DZX4BPS,Amazon PLCC Free-Financing Universal Merchant AAT-BRSZZ45H6MHAO,Amazon PLCC Free-Financing Universal Merchant AAT-MKLXOOZWQL7GO,Amazon PLCC Free-Financing Universal Merchant AAT-CB7UNXEXGIJTC,Amazon PLCC Free-Financing Universal Merchant #MP-gzasho-1593152694811,Amazon PLCC Free-Financing Universal Merchant AAT-WLBA4GZ52EAH4",False,Easy Ship,
2729,171-3735683-9566761,04-29-22,Shipped,Amazon,Amazon.in,Expedited,JNE3399,JNE3399-KR-L,kurta,L,B082W8354V,Shipped,1,INR,435.0,TALIPARAMBA,KERALA,670581.0,IN,,False,,
38242,403-0757324-4723526,04-07-22,Shipped - Delivered to Buyer,Merchant,Amazon.in,Standard,SET195,SET195-KR-NP-A-XL,Set,XL,B08L91JRKW,Shipped,1,INR,737.0,HYDERABAD,TELANGANA,500085.0,IN,"Amazon PLCC Free-Financing Universal Merchant AAT-WNKTBO3K27EJC,Amazon PLCC Free-Financing Universal Merchant AAT-QX3UCCJESKPA2,Amazon PLCC Free-Financing Universal Merchant AAT-CXJHMC2YJUK76,Amazon PLCC Free-Financing Universal Merchant AAT-CC4FAVTYR4X7C,Amazon PLCC Free-Financing Universal Merchant AAT-XXRCW6NZEPZI4,Amazon PLCC Free-Financing Universal Merchant AAT-EOKPWFWYW7Y6I,Amazon PLCC Free-Financing Universal Merchant AAT-ZYL5UPUNW6T62,Amazon PLCC Free-Financing Universal Merchant AAT-G5ZRX4BZOIODU,Amazon PLCC Free-Financing Universal Merchant AAT-YFJA6XMAMWZSK,Amazon PLCC Free-Financing Universal Merchant AAT-K66BSCE2J2V5E,Amazon PLCC Free-Financing Universal Merchant AAT-275LMAQ3T5REI,Amazon PLCC Free-Financing Universal Merchant AAT-EPSXIT4LWLKXC,Amazon PLCC Free-Financing Universal Merchant AAT-BRSZZ45H6MHAO,Amazon PLCC Free-Financing Universal Merchant AAT-MKLXOOZWQL7GO,Amazon PLCC Free-Financing Universal Merchant AAT-CB7UNXEXGIJTC,Amazon PLCC Free-Financing Universal Merchant #MP-gzasho-1593152694811,Amazon PLCC Free-Financing Universal Merchant AAT-WLBA4GZ52EAH4",False,Easy Ship,
29625,405-9769501-0205104,04-13-22,Shipped,Amazon,Amazon.in,Expedited,SET286,SET286-KR-NP-XL,Set,XL,B099NGZGRJ,Shipped,1,INR,626.0,BANGALORE,KARNATAKA,560097.0,IN,,False,,
47894,406-9112360-8447513,04-01-22,Shipped,Amazon,Amazon.in,Expedited,SET268,SET268-KR-NP-L,Set,L,B08XQ8MCKP,Shipped,1,INR,698.0,BHOPAL,MADHYA PRADESH,462021.0,IN,IN Core Free Shipping 2015/04/08 23-48-5-108,False,,
42090,406-2106642-9978760,04-05-22,Shipped,Amazon,Amazon.in,Expedited,JNE3468,JNE3468-KR-XXL,kurta,XXL,B08RP3TP66,Shipped,1,INR,339.0,PEDDAPURAM,ANDHRA PRADESH,533437.0,IN,,False,,
36399,404-6035250-4722764,04-08-22,Shipped,Amazon,Amazon.in,Expedited,J0230,J0230-SKD-XS,Set,XS,B08XNHXSFZ,Shipped,1,INR,1112.0,MUMBAI,MAHARASHTRA,400065.0,IN,,False,,
6244,406-6062384-7660322,04-26-22,Shipped,Amazon,Amazon.in,Expedited,J0343,J0343-DR-XL,Western Dress,XL,B0982Z1994,Shipped,1,INR,744.0,NEW DELHI,DELHI,110030.0,IN,IN Core Free Shipping 2015/04/08 23-48-5-108,False,,
5545,402-7276249-8709917,04-27-22,Cancelled,Merchant,Amazon.in,Standard,SET288,SET288-KR-NP-XL,Set,XL,B09M6S4DML,,0,INR,651.43,PIMPRI CHINCHWAD,MAHARASHTRA,412101.0,IN,,False,Easy Ship,
4064,171-6214968-3025165,04-28-22,Shipped - Returned to Seller,Merchant,Amazon.in,Standard,J0341,J0341-DR-M,Western Dress,M,B099NQQ79L,Shipped,1,INR,744.0,KHURJA,UTTAR PRADESH,203131.0,IN,"Amazon PLCC Free-Financing Universal Merchant AAT-WNKTBO3K27EJC,Amazon PLCC Free-Financing Universal Merchant AAT-QX3UCCJESKPA2,Amazon PLCC Free-Financing Universal Merchant AAT-5QQ7BIYYQEDN2,Amazon PLCC Free-Financing Universal Merchant AAT-DSJ2QRXXWXVMQ,Amazon PLCC Free-Financing Universal Merchant AAT-CXJHMC2YJUK76,Amazon PLCC Free-Financing Universal Merchant AAT-CC4FAVTYR4X7C,Amazon PLCC Free-Financing Universal Merchant AAT-XXRCW6NZEPZI4,Amazon PLCC Free-Financing Universal Merchant AAT-EOKPWFWYW7Y6I,Amazon PLCC Free-Financing Universal Merchant AAT-ZYL5UPUNW6T62,Amazon PLCC Free-Financing Universal Merchant AAT-G5ZRX4BZOIODU,Amazon PLCC Free-Financing Universal Merchant AAT-23LLL7GZCLBVW,Amazon PLCC Free-Financing Universal Merchant AAT-PZHUW6DZX4BPS,Amazon PLCC Free-Financing Universal Merchant AAT-ETXQ3XXWMRXBG,Amazon PLCC Free-Financing Universal Merchant AAT-7X3XCTYG64VBE,Amazon PLCC Free-Financing Universal Merchant AAT-7CHGD3WTS3MHM,Amazon PLCC Free-Financing Universal Merchant AAT-26ZDKNME27X42,Amazon PLCC Free-Financing Universal Merchant AAT-4ZF5KN6E4LJK4,Amazon PLCC Free-Financing Universal Merchant AAT-7RCXIKUAX7DDY,Amazon PLCC Free-Financing Universal Merchant AAT-BRSZZ45H6MHAO,Amazon PLCC Free-Financing Universal Merchant AAT-MKLXOOZWQL7GO,Amazon PLCC Free-Financing Universal Merchant AAT-CB7UNXEXGIJTC,Amazon PLCC Free-Financing Universal Merchant #MP-gzasho-1593152694811,Amazon PLCC Free-Financing Universal Merchant AAT-WLBA4GZ52EAH4",False,Easy Ship,
12851,405-0418754-9651541,04-22-22,Shipped,Amazon,Amazon.in,Expedited,J0236,J0236-SKD-S,Set,S,B08ZYPD8GX,Shipped,1,INR,950.0,KANIGIRI,ANDHRA PRADESH,523230.0,IN,IN Core Free Shipping 2015/04/08 23-48-5-108,False,,
21802,403-6725228-1772327,04-17-22,Shipped,Amazon,Amazon.in,Expedited,SET224,SET224-KR-NP-XXL,Set,XXL,B08MXFTM28,Shipped,1,INR,1287.0,NASHIK,MAHARASHTRA,422011.0,IN,,False,,
41163,402-7885324-6069958,04-05-22,Cancelled,Amazon,Amazon.in,Expedited,JNE3568,JNE3568-KR-XL,kurta,XL,B08KS2BCHS,Cancelled,0,,,KALYAN,MAHARASHTRA,421306.0,IN,,False,,
6232,407-1324035-2149903,04-26-22,Shipped,Amazon,Amazon.in,Expedited,JNE3801,JNE3801-KR-L,kurta,L,B09SDY51NS,Shipped,1,INR,725.0,Morbi,Gujarat,363641.0,IN,IN Core Free Shipping 2015/04/08 23-48-5-108,False,,
3862,404-7948037-0967564,04-28-22,Shipped,Amazon,Amazon.in,Expedited,JNE3440,JNE3440-KR-N-XXXL,kurta,3XL,B09HMTKV2L,Shipped,1,INR,399.0,GHAZIABAD,UTTAR PRADESH,201010.0,IN,,False,,
35094,407-8621003-2867541,04-09-22,Shipped,Amazon,Amazon.in,Expedited,MEN5020,MEN5020-KR-XXXL,kurta,3XL,B08YYSKBSS,Shipped,1,INR,452.0,YAVATMAL,MAHARASHTRA,445001.0,IN,Duplicated A12RHGVGRWOT3S 1560498941486,False,,
40195,408-6423611-8036346,04-06-22,Cancelled,Amazon,Amazon.in,Expedited,JNE3440,JNE3440-KR-N-XXL,kurta,XXL,B081XBQBGF,Unshipped,1,INR,399.0,CHENNAI,TAMIL NADU,600125.0,IN,,False,,
39250,402-5643790-5933131,04-07-22,Cancelled,Amazon,Amazon.in,Expedited,SET219,SET219-KR-PP-XL,Set,XL,B08B3YW2S6,Cancelled,0,,,KOLKATA,WEST BENGAL,700032.0,IN,,False,,
6217,403-0026168-0473943,04-26-22,Shipped,Amazon,Amazon.in,Expedited,SET268,SET268-KR-NP-M,Set,M,B08XQ8R6GW,Shipped,1,INR,788.0,KOLKATA,WEST BENGAL,700075.0,IN,,False,,
36775,407-6240306-8481936,04-08-22,Shipped,Amazon,Amazon.in,Expedited,SET349,SET349-KR-NP-XXXL,Set,3XL,B09QJ4FNCN,Shipped,1,INR,968.0,BHUBANESWAR,ODISHA,751019.0,IN,IN Core Free Shipping 2015/04/08 23-48-5-108,False,,
42976,405-6635021-6394712,04-04-22,Shipped,Amazon,Amazon.in,Expedited,JNE3866,JNE3866-KR-M,kurta,M,B09TZWBRYB,Shipped,1,INR,877.0,Bangalore,KARNATAKA,560076.0,IN,VPC-44571-38707597 Coupon,False,,
48467,405-5556485-9164341,04-01-22,Cancelled,Amazon,Amazon.in,Expedited,PJNE3252,PJNE3252-KR-N-4XL,kurta,4XL,B09LD3CHKT,Unshipped,1,INR,563.0,BENGALURU,KARNATAKA,560085.0,IN,,False,,
14831,402-7936083-8934736,04-21-22,Shipped,Amazon,Amazon.in,Expedited,SET182,SET182-KR-DH-M,Set,M,B085NYG5CR,Shipped,1,INR,657.0,AMBALA,HARYANA,134003.0,IN,IN Core Free Shipping 2015/04/08 23-48-5-108,False,,
30092,407-8980704-1408352,04-12-22,Shipped,Amazon,Amazon.in,Expedited,JNE3471,JNE3471-KR-S,kurta,S,B08HK4B2K4,Shipped,1,INR,295.0,MUMBAI,MAHARASHTRA,400086.0,IN,IN Core Free Shipping 2015/04/08 23-48-5-108,False,,
8893,405-0732184-2164305,04-25-22,Shipped - Delivered to Buyer,Merchant,Amazon.in,Standard,JNE3363,JNE3363-KR-1032-XXXL,kurta,3XL,B07T1XDM5P,Shipped,1,INR,376.0,Noida,UTTAR PRADESH,201301.0,IN,"Amazon PLCC Free-Financing Universal Merchant AAT-WNKTBO3K27EJC,Amazon PLCC Free-Financing Universal Merchant AAT-QX3UCCJESKPA2,Amazon PLCC Free-Financing Universal Merchant AAT-5QQ7BIYYQEDN2,Amazon PLCC Free-Financing Universal Merchant AAT-DSJ2QRXXWXVMQ,Amazon PLCC Free-Financing Universal Merchant AAT-CXJHMC2YJUK76,Amazon PLCC Free-Financing Universal Merchant AAT-SL3Y2YRMAUNFC,Amazon PLCC Free-Financing Universal Merchant AAT-CC4FAVTYR4X7C,Amazon PLCC Free-Financing Universal Merchant AAT-XXRCW6NZEPZI4,Amazon PLCC Free-Financing Universal Merchant AAT-EOKPWFWYW7Y6I,Amazon PLCC Free-Financing Universal Merchant AAT-G5ZRX4BZOIODU,Amazon PLCC Free-Financing Universal Merchant AAT-PZHUW6DZX4BPS,Amazon PLCC Free-Financing Universal Merchant AAT-AWMMZNGS33JGQ,Amazon PLCC Free-Financing Universal Merchant AAT-ETXQ3XXWMRXBG,Amazon PLCC Free-Financing Universal Merchant AAT-TNYBHEAO7HOHO,Amazon PLCC Free-Financing Universal Merchant AAT-BRSZZ45H6MHAO,Amazon PLCC Free-Financing Universal Merchant AAT-MKLXOOZWQL7GO,Amazon PLCC Free-Financing Universal Merchant AAT-CB7UNXEXGIJTC,Amazon PLCC Free-Financing Universal Merchant #MP-gzasho-1593152694811,Amazon PLCC Free-Financing Universal Merchant AAT-WLBA4GZ52EAH4,Amazon PLCC Free-Financing Universal Merchant AAT-QMFZ3M7T5NPDS,Amazon PLCC Free-Financing Universal Merchant #MP-pmilan-1601980554292",False,Easy Ship,
6020,405-2623537-1945915,04-26-22,Shipped,Amazon,Amazon.in,Expedited,SET197,SET197-KR-NP-L,Set,L,B08B3YPD63,Shipped,1,INR,759.0,NOIDA,UTTAR PRADESH,201304.0,IN,IN Core Free Shipping 2015/04/08 23-48-5-108,False,,
46088,403-4975368-4147561,04-02-22,Shipped,Amazon,Amazon.in,Expedited,SET269,SET269-KR-NP-M,Set,M,B0983D28F9,Shipped,1,INR,799.0,FARIDABAD,HARYANA,121001.0,IN,IN Core Free Shipping 2015/04/08 23-48-5-108,False,,
15242,408-2776140-2095507,04-21-22,Shipped,Amazon,Amazon.in,Expedited,JNE3373,JNE3373-KR-XS,kurta,XS,B082W872VQ,Shipped,1,INR,376.0,KOLKATA,WEST BENGAL,700034.0,IN,IN Core Free Shipping 2015/04/08 23-48-5-108,False,,
45307,171-2044117-2483512,04-03-22,Shipped - Delivered to Buyer,Merchant,Amazon.in,Standard,JNE3706,JNE3706-DR-M,Western Dress,M,B098312LYF,Shipped,1,INR,399.0,Bangalore,KARNATAKA,560005.0,IN,"Amazon PLCC Free-Financing Universal Merchant AAT-WNKTBO3K27EJC,Amazon PLCC Free-Financing Universal Merchant AAT-QX3UCCJESKPA2,Amazon PLCC Free-Financing Universal Merchant AAT-CXJHMC2YJUK76,Amazon PLCC Free-Financing Universal Merchant AAT-SL3Y2YRMAUNFC,Amazon PLCC Free-Financing Universal Merchant AAT-CC4FAVTYR4X7C,Amazon PLCC Free-Financing Universal Merchant AAT-XXRCW6NZEPZI4,Amazon PLCC Free-Financing Universal Merchant AAT-EOKPWFWYW7Y6I,Amazon PLCC Free-Financing Universal Merchant AAT-G5ZRX4BZOIODU,Amazon PLCC Free-Financing Universal Merchant AAT-YFJA6XMAMWZSK,Amazon PLCC Free-Financing Universal Merchant AAT-K66BSCE2J2V5E,Amazon PLCC Free-Financing Universal Merchant AAT-BRSZZ45H6MHAO,Amazon PLCC Free-Financing Universal Merchant AAT-MKLXOOZWQL7GO,Amazon PLCC Free-Financing Universal Merchant AAT-CB7UNXEXGIJTC,Amazon PLCC Free-Financing Universal Merchant #MP-gzasho-1593152694811,Amazon PLCC Free-Financing Universal Merchant AAT-WLBA4GZ52EAH4",False,Easy Ship,
26550,407-3066732-1555507,04-14-22,Shipped,Amazon,Amazon.in,Expedited,JNE3373,JNE3373-KR-L,kurta,L,B082W7GVH7,Shipped,1,INR,376.0,BENGALURU,KARNATAKA,560090.0,IN,,True,,
6034,171-3868653-8352340,04-26-22,Shipped,Amazon,Amazon.in,Expedited,MEN5014,MEN5014-KR-XXL,kurta,XXL,B08YYYB7PX,Shipped,1,INR,499.0,LUCKNOW,UTTAR PRADESH,226001.0,IN,IN Core Free Shipping 2015/04/08 23-48-5-108,False,,
7905,408-4133166-0881938,04-25-22,Cancelled,Amazon,Amazon.in,Expedited,SET098,SET098-KR-PP-M,Set,M,B07X3K4L82,Cancelled,0,,,VARANASI,UTTAR PRADESH,221005.0,IN,,False,,
32225,406-4343369-0029133,04-11-22,Shipped,Amazon,Amazon.in,Expedited,JNE3701,JNE3701-KR-L,kurta,L,B094FLV8J9,Shipped,1,INR,399.0,CHENNAI,TAMIL NADU,600042.0,IN,IN Core Free Shipping 2015/04/08 23-48-5-108,False,,
6017,402-4054191-3617140,04-26-22,Shipped,Amazon,Amazon.in,Expedited,JNE3373,JNE3373-KR-XXL,kurta,XXL,B082W8RWN1,Shipped,1,INR,376.0,CHENNAI,TAMIL NADU,600095.0,IN,IN Core Free Shipping 2015/04/08 23-48-5-108,False,,
21879,408-1465375-3477963,04-17-22,Shipped,Amazon,Amazon.in,Expedited,JNE3366,JNE3366-KR-1053-XXXL,kurta,3XL,B07SZSYNQ9,Shipped,1,INR,376.0,Alaipur,WEST BENGAL,741245.0,IN,,False,,
2791,407-2693089-2273915,04-29-22,Shipped,Amazon,Amazon.in,Expedited,SET378,SET378-KR-NP-XS,Set,XS,B09RKFQBBZ,Shipped,1,INR,1221.0,ANKLESHWAR,Gujarat,393001.0,IN,IN Core Free Shipping 2015/04/08 23-48-5-108,False,,
42605,171-2179202-8137120,04-05-22,Shipped - Delivered to Buyer,Merchant,Amazon.in,Standard,JNE3400,JNE3400-KR-XL,kurta,XL,B083SM2T9C,Shipped,1,INR,453.0,Kamand,HIMACHAL PRADESH,175005.0,IN,"Amazon PLCC Free-Financing Universal Merchant AAT-WNKTBO3K27EJC,Amazon PLCC Free-Financing Universal Merchant AAT-QX3UCCJESKPA2,Amazon PLCC Free-Financing Universal Merchant AAT-CXJHMC2YJUK76,Amazon PLCC Free-Financing Universal Merchant AAT-SL3Y2YRMAUNFC,Amazon PLCC Free-Financing Universal Merchant AAT-CC4FAVTYR4X7C,Amazon PLCC Free-Financing Universal Merchant AAT-XXRCW6NZEPZI4,Amazon PLCC Free-Financing Universal Merchant AAT-EOKPWFWYW7Y6I,Amazon PLCC Free-Financing Universal Merchant AAT-ZYL5UPUNW6T62,Amazon PLCC Free-Financing Universal Merchant AAT-G5ZRX4BZOIODU,Amazon PLCC Free-Financing Universal Merchant AAT-YFJA6XMAMWZSK,Amazon PLCC Free-Financing Universal Merchant AAT-K66BSCE2J2V5E,Amazon PLCC Free-Financing Universal Merchant AAT-275LMAQ3T5REI,Amazon PLCC Free-Financing Universal Merchant AAT-BRSZZ45H6MHAO,Amazon PLCC Free-Financing Universal Merchant AAT-MKLXOOZWQL7GO,Amazon PLCC Free-Financing Universal Merchant AAT-CB7UNXEXGIJTC,Amazon PLCC Free-Financing Universal Merchant #MP-gzasho-1593152694811,Amazon PLCC Free-Financing Universal Merchant AAT-WLBA4GZ52EAH4",False,Easy Ship,
5823,403-0443312-5179533,04-26-22,Shipped,Amazon,Amazon.in,Expedited,JNE3405,JNE3405-KR-XS,kurta,XS,B081XCMYXJ,Shipped,1,INR,399.0,THANE,MAHARASHTRA,401208.0,IN,,False,,
15387,408-2531830-7014759,04-21-22,Shipped,Amazon,Amazon.in,Expedited,JNE2307,JNE2307-KR-572-XXL,kurta,XXL,B07JK3ZR8N,Shipped,1,INR,299.0,BIDAR,KARNATAKA,585401.0,IN,,False,,
29561,404-2833936-9471562,04-13-22,Cancelled,Merchant,Amazon.in,Standard,J0003,J0003-SET-S,Set,S,B0894X27FC,,0,INR,622.86,TIRUPATI,ANDHRA PRADESH,517501.0,IN,,False,Easy Ship,
39475,171-2944315-9498707,04-07-22,Shipped - Delivered to Buyer,Merchant,Amazon.in,Standard,MEN5004,MEN5004-KR-S,kurta,S,B08YZ175BR,Shipped,1,INR,480.0,Bangalore,KARNATAKA,560093.0,IN,"Amazon PLCC Free-Financing Universal Merchant AAT-WNKTBO3K27EJC,Amazon PLCC Free-Financing Universal Merchant AAT-QX3UCCJESKPA2,Amazon PLCC Free-Financing Universal Merchant AAT-CXJHMC2YJUK76,Amazon PLCC Free-Financing Universal Merchant AAT-SL3Y2YRMAUNFC,Amazon PLCC Free-Financing Universal Merchant AAT-CC4FAVTYR4X7C,Amazon PLCC Free-Financing Universal Merchant AAT-XXRCW6NZEPZI4,Amazon PLCC Free-Financing Universal Merchant AAT-EOKPWFWYW7Y6I,Amazon PLCC Free-Financing Universal Merchant AAT-ZYL5UPUNW6T62,Amazon PLCC Free-Financing Universal Merchant AAT-G5ZRX4BZOIODU,Amazon PLCC Free-Financing Universal Merchant AAT-YFJA6XMAMWZSK,Amazon PLCC Free-Financing Universal Merchant AAT-K66BSCE2J2V5E,Amazon PLCC Free-Financing Universal Merchant AAT-275LMAQ3T5REI,Amazon PLCC Free-Financing Universal Merchant AAT-EPSXIT4LWLKXC,Amazon PLCC Free-Financing Universal Merchant AAT-BRSZZ45H6MHAO,Amazon PLCC Free-Financing Universal Merchant AAT-MKLXOOZWQL7GO,Amazon PLCC Free-Financing Universal Merchant AAT-CB7UNXEXGIJTC,Amazon PLCC Free-Financing Universal Merchant #MP-gzasho-1593152694811,Amazon PLCC Free-Financing Universal Merchant AAT-WLBA4GZ52EAH4,Amazon PLCC Free-Financing Universal Merchant #MP-pmilan-1601980554292",False,Easy Ship,
292,406-6386989-1689108,04-30-22,Shipped - Delivered to Buyer,Merchant,Amazon.in,Standard,SET303,SET303-KR-NP-XL,Set,XL,B09K3F7D9H,Shipped,1,INR,888.0,BARUIPUR,WEST BENGAL,700145.0,IN,"Amazon PLCC Free-Financing Universal Merchant AAT-WNKTBO3K27EJC,Amazon PLCC Free-Financing Universal Merchant AAT-QX3UCCJESKPA2,Amazon PLCC Free-Financing Universal Merchant AAT-5QQ7BIYYQEDN2,Amazon PLCC Free-Financing Universal Merchant AAT-DSJ2QRXXWXVMQ,Amazon PLCC Free-Financing Universal Merchant AAT-CXJHMC2YJUK76,Amazon PLCC Free-Financing Universal Merchant AAT-CC4FAVTYR4X7C,Amazon PLCC Free-Financing Universal Merchant AAT-XXRCW6NZEPZI4,Amazon PLCC Free-Financing Universal Merchant AAT-EOKPWFWYW7Y6I,Amazon PLCC Free-Financing Universal Merchant AAT-ZYL5UPUNW6T62,Amazon PLCC Free-Financing Universal Merchant AAT-ETXQ3XXWMRXBG,Amazon PLCC Free-Financing Universal Merchant AAT-7X3XCTYG64VBE,Amazon PLCC Free-Financing Universal Merchant AAT-7CHGD3WTS3MHM,Amazon PLCC Free-Financing Universal Merchant AAT-26ZDKNME27X42,Amazon PLCC Free-Financing Universal Merchant AAT-4ZF5KN6E4LJK4,Amazon PLCC Free-Financing Universal Merchant AAT-7RCXIKUAX7DDY,Amazon PLCC Free-Financing Universal Merchant AAT-BRSZZ45H6MHAO,Amazon PLCC Free-Financing Universal Merchant AAT-MKLXOOZWQL7GO,Amazon PLCC Free-Financing Universal Merchant AAT-CB7UNXEXGIJTC,Amazon PLCC Free-Financing Universal Merchant #MP-gzasho-1593152694811,Amazon PLCC Free-Financing Universal Merchant AAT-WLBA4GZ52EAH4",False,Easy Ship,
16957,403-4642989-6915542,04-20-22,Shipped,Amazon,Amazon.in,Expedited,SET347,SET347-KR-NP-M,Set,M,B09RKF9KV8,Shipped,1,INR,801.0,Pune,MAHARASHTRA,411008.0,IN,,False,,
30860,407-4166762-0677156,04-12-22,Shipped,Amazon,Amazon.in,Expedited,J0342,J0342-TP-XL,Top,XL,B099S83C1B,Shipped,1,INR,574.0,JAIPUR,RAJASTHAN,302006.0,IN,IN Core Free Shipping 2015/04/08 23-48-5-108,False,,
14073,171-6685166-9828362,04-22-22,Shipped - Delivered to Buyer,Merchant,Amazon.in,Standard,JNE3560,JNE3560-KR-S,kurta,S,B08PCTRGGR,Shipped,1,INR,487.0,PANCHGANI,MAHARASHTRA,412805.0,IN,"Amazon PLCC Free-Financing Universal Merchant AAT-WNKTBO3K27EJC,Amazon PLCC Free-Financing Universal Merchant AAT-QX3UCCJESKPA2,Amazon PLCC Free-Financing Universal Merchant AAT-5QQ7BIYYQEDN2,Amazon PLCC Free-Financing Universal Merchant AAT-DSJ2QRXXWXVMQ,Amazon PLCC Free-Financing Universal Merchant AAT-CXJHMC2YJUK76,Amazon PLCC Free-Financing Universal Merchant AAT-CC4FAVTYR4X7C,Amazon PLCC Free-Financing Universal Merchant AAT-XXRCW6NZEPZI4,Amazon PLCC Free-Financing Universal Merchant AAT-R7GXNZWISTRFA,Amazon PLCC Free-Financing Universal Merchant AAT-EOKPWFWYW7Y6I,Amazon PLCC Free-Financing Universal Merchant AAT-ZYL5UPUNW6T62,Amazon PLCC Free-Financing Universal Merchant AAT-G5ZRX4BZOIODU,Amazon PLCC Free-Financing Universal Merchant AAT-P3CSUAK4HTEP2,Amazon PLCC Free-Financing Universal Merchant AAT-MYWMDU232W4HO,Amazon PLCC Free-Financing Universal Merchant AAT-PZHUW6DZX4BPS,Amazon PLCC Free-Financing Universal Merchant AAT-BRSZZ45H6MHAO,Amazon PLCC Free-Financing Universal Merchant AAT-MKLXOOZWQL7GO,Amazon PLCC Free-Financing Universal Merchant AAT-CB7UNXEXGIJTC,Amazon PLCC Free-Financing Universal Merchant #MP-gzasho-1593152694811,Amazon PLCC Free-Financing Universal Merchant AAT-WLBA4GZ52EAH4",False,Easy Ship,
21856,405-7728875-8693902,04-17-22,Shipped - Delivered to Buyer,Merchant,Amazon.in,Standard,JNE3654,JNE3654-TP-L,Top,L,B09B3GS5CM,Shipped,1,INR,387.0,PIMPRI CHINCHWAD,MAHARASHTRA,411033.0,IN,"Amazon PLCC Free-Financing Universal Merchant AAT-WNKTBO3K27EJC,Amazon PLCC Free-Financing Universal Merchant AAT-QX3UCCJESKPA2,Amazon PLCC Free-Financing Universal Merchant AAT-CXJHMC2YJUK76,Amazon PLCC Free-Financing Universal Merchant AAT-SL3Y2YRMAUNFC,Amazon PLCC Free-Financing Universal Merchant AAT-CC4FAVTYR4X7C,Amazon PLCC Free-Financing Universal Merchant AAT-XXRCW6NZEPZI4,Amazon PLCC Free-Financing Universal Merchant AAT-CXNSLNBROFDW4,Amazon PLCC Free-Financing Universal Merchant AAT-WSJLDN3X7KEMO,Amazon PLCC Free-Financing Universal Merchant AAT-VL6FGQVGQVXUS,Amazon PLCC Free-Financing Universal Merchant AAT-EOKPWFWYW7Y6I,Amazon PLCC Free-Financing Universal Merchant AAT-ZYL5UPUNW6T62,Amazon PLCC Free-Financing Universal Merchant AAT-G5ZRX4BZOIODU,Amazon PLCC Free-Financing Universal Merchant AAT-ACZIPIA37BFIY,Amazon PLCC Free-Financing Universal Merchant AAT-4UKS7UWZY3AES,Amazon PLCC Free-Financing Universal Merchant AAT-PZHUW6DZX4BPS,Amazon PLCC Free-Financing Universal Merchant AAT-XX7G3ZRJJJ5LG,Amazon PLCC Free-Financing Universal Merchant AAT-LEHCKNDBJG64E,Amazon PLCC Free-Financing Universal Merchant AAT-DJVHCEV7D7RQY,Amazon PLCC Free-Financing Universal Merchant AAT-BRSZZ45H6MHAO,Amazon PLCC Free-Financing Universal Merchant AAT-MKLXOOZWQL7GO,Amazon PLCC Free-Financing Universal Merchant AAT-CB7UNXEXGIJTC,Amazon PLCC Free-Financing Universal Merchant #MP-gzasho-1593152694811,Amazon PLCC Free-Financing Universal Merchant AAT-WLBA4GZ52EAH4",False,Easy Ship,
22079,407-1266299-3950762,04-17-22,Shipped - Delivered to Buyer,Merchant,Amazon.in,Standard,JNE3468,JNE3468-KR-XL,kurta,XL,B08RP67NGB,Shipped,1,INR,363.0,CHENNAI,TAMIL NADU,600100.0,IN,"Amazon PLCC Free-Financing Universal Merchant AAT-WNKTBO3K27EJC,Amazon PLCC Free-Financing Universal Merchant AAT-QX3UCCJESKPA2,Amazon PLCC Free-Financing Universal Merchant AAT-CXJHMC2YJUK76,Amazon PLCC Free-Financing Universal Merchant AAT-SL3Y2YRMAUNFC,Amazon PLCC Free-Financing Universal Merchant AAT-CC4FAVTYR4X7C,Amazon PLCC Free-Financing Universal Merchant AAT-XXRCW6NZEPZI4,Amazon PLCC Free-Financing Universal Merchant AAT-R7GXNZWISTRFA,Amazon PLCC Free-Financing Universal Merchant AAT-EOKPWFWYW7Y6I,Amazon PLCC Free-Financing Universal Merchant AAT-ZYL5UPUNW6T62,Amazon PLCC Free-Financing Universal Merchant AAT-G5ZRX4BZOIODU,Amazon PLCC Free-Financing Universal Merchant AAT-P3CSUAK4HTEP2,Amazon PLCC Free-Financing Universal Merchant AAT-PZHUW6DZX4BPS,Amazon PLCC Free-Financing Universal Merchant AAT-XX7G3ZRJJJ5LG,Amazon PLCC Free-Financing Universal Merchant AAT-LEHCKNDBJG64E,Amazon PLCC Free-Financing Universal Merchant AAT-DJVHCEV7D7RQY,Amazon PLCC Free-Financing Universal Merchant AAT-BRSZZ45H6MHAO,Amazon PLCC Free-Financing Universal Merchant AAT-MKLXOOZWQL7GO,Amazon PLCC Free-Financing Universal Merchant AAT-CB7UNXEXGIJTC,Amazon PLCC Free-Financing Universal Merchant #MP-gzasho-1593152694811,Amazon PLCC Free-Financing Universal Merchant AAT-WLBA4GZ52EAH4",False,Easy Ship,
17023,171-6554619-8595543,04-20-22,Shipped,Amazon,Amazon.in,Expedited,JNE3366,JNE3366-KR-1053-S,kurta,S,B07T65CC1N,Shipped,1,INR,376.0,ANDIPATTI,TAMIL NADU,625512.0,IN,IN Core Free Shipping 2015/04/08 23-48-5-108,False,,
8739,408-5765408-2282736,04-25-22,Shipped,Amazon,Amazon.in,Expedited,J0301,J0301-TP-XXL,Top,XXL,B099S8X47K,Shipped,1,INR,463.0,MUZAFFARNAGAR,UTTAR PRADESH,251001.0,IN,,False,,
15825,403-4292742-7450706,04-21-22,Shipped - Delivered to Buyer,Merchant,Amazon.in,Standard,JNE3608,JNE3608-KR-L,kurta,L,B08TH4MQD2,Shipped,1,INR,362.0,ANAPARTHY,ANDHRA PRADESH,533342.0,IN,"Amazon PLCC Free-Financing Universal Merchant AAT-WNKTBO3K27EJC,Amazon PLCC Free-Financing Universal Merchant AAT-QX3UCCJESKPA2,Amazon PLCC Free-Financing Universal Merchant AAT-5QQ7BIYYQEDN2,Amazon PLCC Free-Financing Universal Merchant AAT-DSJ2QRXXWXVMQ,Amazon PLCC Free-Financing Universal Merchant AAT-CXJHMC2YJUK76,Amazon PLCC Free-Financing Universal Merchant AAT-SL3Y2YRMAUNFC,Amazon PLCC Free-Financing Universal Merchant AAT-CC4FAVTYR4X7C,Amazon PLCC Free-Financing Universal Merchant AAT-XXRCW6NZEPZI4,Amazon PLCC Free-Financing Universal Merchant AAT-EOKPWFWYW7Y6I,Amazon PLCC Free-Financing Universal Merchant AAT-ZYL5UPUNW6T62,Amazon PLCC Free-Financing Universal Merchant AAT-G5ZRX4BZOIODU,Amazon PLCC Free-Financing Universal Merchant AAT-6PE7LSBGRLMV2,Amazon PLCC Free-Financing Universal Merchant AAT-PZHUW6DZX4BPS,Amazon PLCC Free-Financing Universal Merchant AAT-BRSZZ45H6MHAO,Amazon PLCC Free-Financing Universal Merchant AAT-MKLXOOZWQL7GO,Amazon PLCC Free-Financing Universal Merchant AAT-CB7UNXEXGIJTC,Amazon PLCC Free-Financing Universal Merchant #MP-gzasho-1593152694811,Amazon PLCC Free-Financing Universal Merchant AAT-WLBA4GZ52EAH4",False,Easy Ship,
2741,407-3625094-6531543,04-29-22,Shipped,Amazon,Amazon.in,Expedited,JNE3620,JNE3620-KR-XL,kurta,XL,B091Q97FJ7,Shipped,1,INR,329.0,WARANGAL,TELANGANA,506252.0,IN,IN Core Free Shipping 2015/04/08 23-48-5-108,False,,
18048,171-6288567-9516365,04-19-22,Shipped - Delivered to Buyer,Merchant,Amazon.in,Standard,SET329,SET329-KR-NP-L,Set,L,B09K3S1BWQ,Shipped,1,INR,666.0,BENGALURU,KARNATAKA,560083.0,IN,"Amazon PLCC Free-Financing Universal Merchant AAT-WNKTBO3K27EJC,Amazon PLCC Free-Financing Universal Merchant AAT-QX3UCCJESKPA2,Amazon PLCC Free-Financing Universal Merchant AAT-CXJHMC2YJUK76,Amazon PLCC Free-Financing Universal Merchant AAT-CC4FAVTYR4X7C,Amazon PLCC Free-Financing Universal Merchant AAT-XXRCW6NZEPZI4,Amazon PLCC Free-Financing Universal Merchant AAT-R7GXNZWISTRFA,Amazon PLCC Free-Financing Universal Merchant AAT-EOKPWFWYW7Y6I,Amazon PLCC Free-Financing Universal Merchant AAT-ZYL5UPUNW6T62,Amazon PLCC Free-Financing Universal Merchant AAT-G5ZRX4BZOIODU,Amazon PLCC Free-Financing Universal Merchant AAT-P3CSUAK4HTEP2,Amazon PLCC Free-Financing Universal Merchant AAT-PZHUW6DZX4BPS,Amazon PLCC Free-Financing Universal Merchant AAT-XX7G3ZRJJJ5LG,Amazon PLCC Free-Financing Universal Merchant AAT-LEHCKNDBJG64E,Amazon PLCC Free-Financing Universal Merchant AAT-DJVHCEV7D7RQY,Amazon PLCC Free-Financing Universal Merchant AAT-TNYBHEAO7HOHO,Amazon PLCC Free-Financing Universal Merchant AAT-BRSZZ45H6MHAO,Amazon PLCC Free-Financing Universal Merchant AAT-MKLXOOZWQL7GO,Amazon PLCC Free-Financing Universal Merchant AAT-CB7UNXEXGIJTC,Amazon PLCC Free-Financing Universal Merchant #MP-gzasho-1593152694811,Amazon PLCC Free-Financing Universal Merchant AAT-WLBA4GZ52EAH4,Amazon PLCC Free-Financing Universal Merchant AAT-QMFZ3M7T5NPDS,Amazon PLCC Free-Financing Universal Merchant #MP-pmilan-1601980554292",False,Easy Ship,
49936,405-2196548-4228311,05-31-22,Shipped,Amazon,Amazon.in,Expedited,JNE3659,JNE3659-TP-N-L,Top,L,B08ZHT1PKK,Shipped,1,INR,493.0,DERA BASSI INDUSTRIAL AREA,PUNJAB,140507.0,IN,IN Core Free Shipping 2015/04/08 23-48-5-108,False,,False
17372,171-0627361-6541163,04-20-22,Shipped,Amazon,Amazon.in,Expedited,J0025,J0025-DR-M,Western Dress,M,B089G32945,Shipped,1,INR,566.0,BENGALURU,KARNATAKA,560097.0,IN,,False,,
22021,402-1346574-0237100,04-17-22,Shipped,Amazon,Amazon.in,Expedited,BL021,BL021-71BLACK,Blouse,Free,B077Z5QTGN,Shipped,1,INR,419.0,NOIDA,UTTAR PRADESH,201303.0,IN,,False,,
46364,171-3107063-3659510,04-02-22,Shipped,Amazon,Amazon.in,Expedited,SET398,SET398-KR-PP-XXL,Set,XXL,B09RP8WY5J,Shipped,1,INR,1201.0,KANPUR,UTTAR PRADESH,208017.0,IN,IN Core Free Shipping 2015/04/08 23-48-5-108,False,,
23537,405-6990786-6425149,04-16-22,Shipped - Delivered to Buyer,Merchant,Amazon.in,Standard,JNE3787,JNE3787-KR-XXL,kurta,XXL,B09RKBXH45,Shipped,1,INR,487.0,SURAT,Gujarat,395007.0,IN,"Amazon PLCC Free-Financing Universal Merchant AAT-WNKTBO3K27EJC,Amazon PLCC Free-Financing Universal Merchant AAT-QX3UCCJESKPA2,Amazon PLCC Free-Financing Universal Merchant AAT-CXJHMC2YJUK76,Amazon PLCC Free-Financing Universal Merchant AAT-CC4FAVTYR4X7C,Amazon PLCC Free-Financing Universal Merchant AAT-XXRCW6NZEPZI4,Amazon PLCC Free-Financing Universal Merchant AAT-EOKPWFWYW7Y6I,Amazon PLCC Free-Financing Universal Merchant AAT-G5ZRX4BZOIODU,Amazon PLCC Free-Financing Universal Merchant AAT-PZHUW6DZX4BPS,Amazon PLCC Free-Financing Universal Merchant AAT-XX7G3ZRJJJ5LG,Amazon PLCC Free-Financing Universal Merchant AAT-LEHCKNDBJG64E,Amazon PLCC Free-Financing Universal Merchant AAT-DJVHCEV7D7RQY,Amazon PLCC Free-Financing Universal Merchant AAT-BRSZZ45H6MHAO,Amazon PLCC Free-Financing Universal Merchant AAT-MKLXOOZWQL7GO,Amazon PLCC Free-Financing Universal Merchant AAT-CB7UNXEXGIJTC,Amazon PLCC Free-Financing Universal Merchant #MP-gzasho-1593152694811,Amazon PLCC Free-Financing Universal Merchant AAT-WLBA4GZ52EAH4",False,Easy Ship,
45499,404-1436714-0309164,04-03-22,Shipped,Amazon,Amazon.in,Expedited,J0344,J0344-TP-XXL,Top,XXL,B0986TGXF9,Shipped,1,INR,469.0,varanasi,UTTAR PRADESH,221010.0,IN,IN Core Free Shipping 2015/04/08 23-48-5-108,False,,
40185,403-0659562-7505140,04-06-22,Shipped - Delivered to Buyer,Merchant,Amazon.in,Standard,NW003,NW003-TP-PJ-XXL,Set,XXL,B0928YJ3TR,Shipped,1,INR,519.0,DURGAPUR,WEST BENGAL,713216.0,IN,"Amazon PLCC Free-Financing Universal Merchant AAT-WNKTBO3K27EJC,Amazon PLCC Free-Financing Universal Merchant AAT-QX3UCCJESKPA2,Amazon PLCC Free-Financing Universal Merchant AAT-CXJHMC2YJUK76,Amazon PLCC Free-Financing Universal Merchant AAT-CC4FAVTYR4X7C,Amazon PLCC Free-Financing Universal Merchant AAT-XXRCW6NZEPZI4,Amazon PLCC Free-Financing Universal Merchant AAT-CXNSLNBROFDW4,Amazon PLCC Free-Financing Universal Merchant AAT-WSJLDN3X7KEMO,Amazon PLCC Free-Financing Universal Merchant AAT-VL6FGQVGQVXUS,Amazon PLCC Free-Financing Universal Merchant AAT-EOKPWFWYW7Y6I,Amazon PLCC Free-Financing Universal Merchant AAT-ZYL5UPUNW6T62,Amazon PLCC Free-Financing Universal Merchant AAT-G5ZRX4BZOIODU,Amazon PLCC Free-Financing Universal Merchant AAT-ACZIPIA37BFIY,Amazon PLCC Free-Financing Universal Merchant AAT-YFJA6XMAMWZSK,Amazon PLCC Free-Financing Universal Merchant AAT-K66BSCE2J2V5E,Amazon PLCC Free-Financing Universal Merchant AAT-275LMAQ3T5REI,Amazon PLCC Free-Financing Universal Merchant AAT-BRSZZ45H6MHAO,Amazon PLCC Free-Financing Universal Merchant AAT-MKLXOOZWQL7GO,Amazon PLCC Free-Financing Universal Merchant AAT-CB7UNXEXGIJTC,Amazon PLCC Free-Financing Universal Merchant #MP-gzasho-1593152694811,Amazon PLCC Free-Financing Universal Merchant AAT-WLBA4GZ52EAH4",False,Easy Ship,
9613,408-7975976-7192357,04-24-22,Shipped,Amazon,Amazon.in,Expedited,SET303,SET303-KR-NP-M,Set,M,B09K3GJ9Y3,Shipped,1,INR,888.0,HYDERABAD,TELANGANA,500049.0,IN,,False,,
43281,408-6629457-1726755,04-04-22,Shipped,Amazon,Amazon.in,Expedited,SET360,SET360-KR-NP-L,Set,L,B09QJKR216,Shipped,1,INR,1138.0,ADAMPUR,PUNJAB,144102.0,IN,IN Core Free Shipping 2015/04/08 23-48-5-108,False,,
37891,408-4484172-7681959,04-08-22,Shipped - Delivered to Buyer,Merchant,Amazon.in,Standard,J0231,J0231-SKD-L,Set,L,B08XNH796J,Shipped,1,INR,1281.0,NAGPUR,MAHARASHTRA,440030.0,IN,"Amazon PLCC Free-Financing Universal Merchant AAT-WNKTBO3K27EJC,Amazon PLCC Free-Financing Universal Merchant AAT-QX3UCCJESKPA2,Amazon PLCC Free-Financing Universal Merchant AAT-CXJHMC2YJUK76,Amazon PLCC Free-Financing Universal Merchant AAT-CC4FAVTYR4X7C,Amazon PLCC Free-Financing Universal Merchant AAT-XXRCW6NZEPZI4,Amazon PLCC Free-Financing Universal Merchant AAT-EOKPWFWYW7Y6I,Amazon PLCC Free-Financing Universal Merchant AAT-ZYL5UPUNW6T62,Amazon PLCC Free-Financing Universal Merchant AAT-G5ZRX4BZOIODU,Amazon PLCC Free-Financing Universal Merchant AAT-YFJA6XMAMWZSK,Amazon PLCC Free-Financing Universal Merchant AAT-K66BSCE2J2V5E,Amazon PLCC Free-Financing Universal Merchant AAT-NJKZEPFSHB7RC,Amazon PLCC Free-Financing Universal Merchant AAT-275LMAQ3T5REI,Amazon PLCC Free-Financing Universal Merchant AAT-TNYBHEAO7HOHO,Amazon PLCC Free-Financing Universal Merchant AAT-BRSZZ45H6MHAO,Amazon PLCC Free-Financing Universal Merchant AAT-MKLXOOZWQL7GO,Amazon PLCC Free-Financing Universal Merchant AAT-CB7UNXEXGIJTC,Amazon PLCC Free-Financing Universal Merchant #MP-gzasho-1593152694811,Amazon PLCC Free-Financing Universal Merchant AAT-WLBA4GZ52EAH4,Amazon PLCC Free-Financing Universal Merchant AAT-QMFZ3M7T5NPDS,Amazon PLCC Free-Financing Universal Merchant #MP-pmilan-1601980554292",False,Easy Ship,
26178,404-0857093-8530722,04-15-22,Shipped - Delivered to Buyer,Merchant,Amazon.in,Standard,JNE3785,JNE3785-KR-XXXL,kurta,3XL,B09K3V4NVW,Shipped,1,INR,362.0,BANBASA,UTTARAKHAND,262310.0,IN,"Amazon PLCC Free-Financing Universal Merchant AAT-WNKTBO3K27EJC,Amazon PLCC Free-Financing Universal Merchant AAT-QX3UCCJESKPA2,Amazon PLCC Free-Financing Universal Merchant AAT-CXJHMC2YJUK76,Amazon PLCC Free-Financing Universal Merchant AAT-CC4FAVTYR4X7C,Amazon PLCC Free-Financing Universal Merchant AAT-XXRCW6NZEPZI4,Amazon PLCC Free-Financing Universal Merchant AAT-EOKPWFWYW7Y6I,Amazon PLCC Free-Financing Universal Merchant AAT-G5ZRX4BZOIODU,Amazon PLCC Free-Financing Universal Merchant AAT-Q4AAGWXBPHLIS,Amazon PLCC Free-Financing Universal Merchant AAT-PZHUW6DZX4BPS,Amazon PLCC Free-Financing Universal Merchant AAT-XX7G3ZRJJJ5LG,Amazon PLCC Free-Financing Universal Merchant AAT-LEHCKNDBJG64E,Amazon PLCC Free-Financing Universal Merchant AAT-DJVHCEV7D7RQY,Amazon PLCC Free-Financing Universal Merchant AAT-BRSZZ45H6MHAO,Amazon PLCC Free-Financing Universal Merchant AAT-MKLXOOZWQL7GO,Amazon PLCC Free-Financing Universal Merchant AAT-CB7UNXEXGIJTC,Amazon PLCC Free-Financing Universal Merchant #MP-gzasho-1593152694811,Amazon PLCC Free-Financing Universal Merchant AAT-WLBA4GZ52EAH4",False,Easy Ship,
45892,171-1394999-9177917,04-02-22,Shipped,Amazon,Amazon.in,Expedited,JNE3399,JNE3399-KR-L,kurta,L,B082W8354V,Shipped,1,INR,426.0,Ghaziabad,UTTAR PRADESH,201010.0,IN,,False,,
20933,171-1183784-8078703,04-18-22,Shipped,Amazon,Amazon.in,Expedited,MEN5021,MEN5021-KR-M,kurta,M,B08YYQRS7M,Shipped,1,INR,533.0,Ahmedabad,Gujarat,380005.0,IN,,False,,
40971,406-1261188-6793945,04-06-22,Shipped - Delivered to Buyer,Merchant,Amazon.in,Standard,SET360,SET360-KR-NP-XXXL,Set,3XL,B09QJLGMQS,Shipped,1,INR,1126.0,GAYA,BIHAR,823001.0,IN,"Amazon PLCC Free-Financing Universal Merchant AAT-WNKTBO3K27EJC,Amazon PLCC Free-Financing Universal Merchant AAT-QX3UCCJESKPA2,Amazon PLCC Free-Financing Universal Merchant AAT-CXJHMC2YJUK76,Amazon PLCC Free-Financing Universal Merchant AAT-CC4FAVTYR4X7C,Amazon PLCC Free-Financing Universal Merchant AAT-XXRCW6NZEPZI4,Amazon PLCC Free-Financing Universal Merchant AAT-EOKPWFWYW7Y6I,Amazon PLCC Free-Financing Universal Merchant AAT-ZYL5UPUNW6T62,Amazon PLCC Free-Financing Universal Merchant AAT-G5ZRX4BZOIODU,Amazon PLCC Free-Financing Universal Merchant AAT-YFJA6XMAMWZSK,Amazon PLCC Free-Financing Universal Merchant AAT-K66BSCE2J2V5E,Amazon PLCC Free-Financing Universal Merchant AAT-275LMAQ3T5REI,Amazon PLCC Free-Financing Universal Merchant AAT-BRSZZ45H6MHAO,Amazon PLCC Free-Financing Universal Merchant AAT-MKLXOOZWQL7GO,Amazon PLCC Free-Financing Universal Merchant AAT-CB7UNXEXGIJTC,Amazon PLCC Free-Financing Universal Merchant #MP-gzasho-1593152694811,Amazon PLCC Free-Financing Universal Merchant AAT-WLBA4GZ52EAH4",False,Easy Ship,
22224,408-3186557-3869101,04-17-22,Shipped,Amazon,Amazon.in,Expedited,J0224,J0224-SKD-XXL,Set,XXL,B09RKF8XF8,Shipped,1,INR,1593.0,KANPUR,UTTAR PRADESH,208022.0,IN,IN Core Free Shipping 2015/04/08 23-48-5-108,False,,
24381,404-0168238-8423557,04-16-22,Shipped - Delivered to Buyer,Merchant,Amazon.in,Standard,J0003,J0003-SET-S,Set,S,B0894X27FC,Shipped,1,INR,654.0,BENGALURU,KARNATAKA,560036.0,IN,"Amazon PLCC Free-Financing Universal Merchant AAT-WNKTBO3K27EJC,Amazon PLCC Free-Financing Universal Merchant AAT-QX3UCCJESKPA2,Amazon PLCC Free-Financing Universal Merchant AAT-CXJHMC2YJUK76,Amazon PLCC Free-Financing Universal Merchant AAT-SL3Y2YRMAUNFC,Amazon PLCC Free-Financing Universal Merchant AAT-CC4FAVTYR4X7C,Amazon PLCC Free-Financing Universal Merchant AAT-XXRCW6NZEPZI4,Amazon PLCC Free-Financing Universal Merchant AAT-EOKPWFWYW7Y6I,Amazon PLCC Free-Financing Universal Merchant AAT-ZYL5UPUNW6T62,Amazon PLCC Free-Financing Universal Merchant AAT-G5ZRX4BZOIODU,Amazon PLCC Free-Financing Universal Merchant AAT-PZHUW6DZX4BPS,Amazon PLCC Free-Financing Universal Merchant AAT-XX7G3ZRJJJ5LG,Amazon PLCC Free-Financing Universal Merchant AAT-LEHCKNDBJG64E,Amazon PLCC Free-Financing Universal Merchant AAT-DJVHCEV7D7RQY,Amazon PLCC Free-Financing Universal Merchant AAT-TNYBHEAO7HOHO,Amazon PLCC Free-Financing Universal Merchant AAT-BRSZZ45H6MHAO,Amazon PLCC Free-Financing Universal Merchant AAT-MKLXOOZWQL7GO,Amazon PLCC Free-Financing Universal Merchant AAT-CB7UNXEXGIJTC,Amazon PLCC Free-Financing Universal Merchant #MP-gzasho-1593152694811,Amazon PLCC Free-Financing Universal Merchant AAT-WLBA4GZ52EAH4,Amazon PLCC Free-Financing Universal Merchant AAT-QMFZ3M7T5NPDS,Amazon PLCC Free-Financing Universal Merchant #MP-pmilan-1601980554292",False,Easy Ship,
34855,407-0191702-4933122,04-09-22,Cancelled,Amazon,Amazon.in,Expedited,JNE3405,JNE3405-KR-S,kurta,S,B081WX4G4Q,Unshipped,1,INR,399.0,BANGAON,WEST BENGAL,743235.0,IN,,False,,
48577,402-3723415-1078737,04-01-22,Shipped,Amazon,Amazon.in,Expedited,PSET264,PSET264-KR-NP-4XL,Set,4XL,B09M778LNG,Shipped,1,INR,955.0,Gurugram,HARYANA,122001.0,IN,,False,,
38536,405-5180084-4868306,04-07-22,Cancelled,Merchant,Amazon.in,Standard,J0376,J0376-SKD-M,Set,M,B09QJ3DYHK,,0,,,MEHKAR,MAHARASHTRA,443301.0,IN,,False,Easy Ship,
31755,403-0173977-3041148,04-11-22,Shipped - Delivered to Buyer,Merchant,Amazon.in,Standard,SET209,SET209-KR-PP-XXXL,Set,3XL,B099WXH67W,Shipped,1,INR,548.0,SOLAPUR,MAHARASHTRA,413002.0,IN,"Amazon PLCC Free-Financing Universal Merchant AAT-WNKTBO3K27EJC,Amazon PLCC Free-Financing Universal Merchant AAT-QX3UCCJESKPA2,Amazon PLCC Free-Financing Universal Merchant AAT-CXJHMC2YJUK76,Amazon PLCC Free-Financing Universal Merchant AAT-CC4FAVTYR4X7C,Amazon PLCC Free-Financing Universal Merchant AAT-XXRCW6NZEPZI4,Amazon PLCC Free-Financing Universal Merchant AAT-WSJLDN3X7KEMO,Amazon PLCC Free-Financing Universal Merchant AAT-VL6FGQVGQVXUS,Amazon PLCC Free-Financing Universal Merchant AAT-EOKPWFWYW7Y6I,VPC-44571-38707197 Coupon,Amazon PLCC Free-Financing Universal Merchant AAT-ZYL5UPUNW6T62,Amazon PLCC Free-Financing Universal Merchant AAT-XVPICCHRWDCAI,Amazon PLCC Free-Financing Universal Merchant AAT-G5ZRX4BZOIODU,Amazon PLCC Free-Financing Universal Merchant AAT-ACZIPIA37BFIY,Amazon PLCC Free-Financing Universal Merchant AAT-4UKS7UWZY3AES,Amazon PLCC Free-Financing Universal Merchant AAT-PZHUW6DZX4BPS,Amazon PLCC Free-Financing Universal Merchant AAT-BRSZZ45H6MHAO,Amazon PLCC Free-Financing Universal Merchant AAT-MKLXOOZWQL7GO,Amazon PLCC Free-Financing Universal Merchant AAT-CB7UNXEXGIJTC,Amazon PLCC Free-Financing Universal Merchant #MP-gzasho-1593152694811,Amazon PLCC Free-Financing Universal Merchant AAT-WLBA4GZ52EAH4",False,Easy Ship,
7753,408-5784231-1303563,04-25-22,Shipped - Delivered to Buyer,Merchant,Amazon.in,Standard,JNE3365,JNE3365-KR-1052-A-XXXL,kurta,3XL,B07WP5HGBG,Shipped,1,INR,376.0,ALLAHABAD,UTTAR PRADESH,211008.0,IN,"Amazon PLCC Free-Financing Universal Merchant AAT-WNKTBO3K27EJC,Amazon PLCC Free-Financing Universal Merchant AAT-QX3UCCJESKPA2,Amazon PLCC Free-Financing Universal Merchant AAT-5QQ7BIYYQEDN2,Amazon PLCC Free-Financing Universal Merchant AAT-DSJ2QRXXWXVMQ,Amazon PLCC Free-Financing Universal Merchant AAT-CXJHMC2YJUK76,Amazon PLCC Free-Financing Universal Merchant AAT-SL3Y2YRMAUNFC,Amazon PLCC Free-Financing Universal Merchant AAT-CC4FAVTYR4X7C,Amazon PLCC Free-Financing Universal Merchant AAT-XXRCW6NZEPZI4,Amazon PLCC Free-Financing Universal Merchant AAT-CXNSLNBROFDW4,Amazon PLCC Free-Financing Universal Merchant AAT-WSJLDN3X7KEMO,Amazon PLCC Free-Financing Universal Merchant AAT-VL6FGQVGQVXUS,Amazon PLCC Free-Financing Universal Merchant AAT-EOKPWFWYW7Y6I,Amazon PLCC Free-Financing Universal Merchant AAT-ZYL5UPUNW6T62,Amazon PLCC Free-Financing Universal Merchant AAT-XVPICCHRWDCAI,Amazon PLCC Free-Financing Universal Merchant AAT-G5ZRX4BZOIODU,Amazon PLCC Free-Financing Universal Merchant AAT-ACZIPIA37BFIY,Amazon PLCC Free-Financing Universal Merchant AAT-4UKS7UWZY3AES,Amazon PLCC Free-Financing Universal Merchant AAT-PZHUW6DZX4BPS,Amazon PLCC Free-Financing Universal Merchant AAT-ETXQ3XXWMRXBG,Amazon PLCC Free-Financing Universal Merchant AAT-BRSZZ45H6MHAO,Amazon PLCC Free-Financing Universal Merchant AAT-MKLXOOZWQL7GO,Amazon PLCC Free-Financing Universal Merchant AAT-CB7UNXEXGIJTC,Amazon PLCC Free-Financing Universal Merchant #MP-gzasho-1593152694811,Amazon PLCC Free-Financing Universal Merchant AAT-WLBA4GZ52EAH4",False,Easy Ship,
46638,402-7126908-1974769,04-02-22,Shipped,Amazon,Amazon.in,Expedited,JNE3802,JNE3802-KR-L,kurta,L,B09K3THDTH,Shipped,1,INR,453.0,CHENNAI,TAMIL NADU,600073.0,IN,IN Core Free Shipping 2015/04/08 23-48-5-108,False,,
43834,405-6493314-5317951,04-04-22,Shipped - Delivered to Buyer,Merchant,Amazon.in,Standard,JNE3446,JNE3446-KR-S,kurta,S,B081X18FL6,Shipped,1,INR,299.0,KOLKATA,WEST BENGAL,700016.0,IN,"Amazon PLCC Free-Financing Universal Merchant AAT-WNKTBO3K27EJC,Amazon PLCC Free-Financing Universal Merchant AAT-QX3UCCJESKPA2,Amazon PLCC Free-Financing Universal Merchant AAT-CXJHMC2YJUK76,Amazon PLCC Free-Financing Universal Merchant AAT-CC4FAVTYR4X7C,Amazon PLCC Free-Financing Universal Merchant AAT-XXRCW6NZEPZI4,Amazon PLCC Free-Financing Universal Merchant AAT-R7GXNZWISTRFA,Amazon PLCC Free-Financing Universal Merchant AAT-WSJLDN3X7KEMO,Amazon PLCC Free-Financing Universal Merchant AAT-VL6FGQVGQVXUS,Amazon PLCC Free-Financing Universal Merchant AAT-EOKPWFWYW7Y6I,Amazon PLCC Free-Financing Universal Merchant AAT-ZYL5UPUNW6T62,Amazon PLCC Free-Financing Universal Merchant AAT-G5ZRX4BZOIODU,Amazon PLCC Free-Financing Universal Merchant AAT-P3CSUAK4HTEP2,Amazon PLCC Free-Financing Universal Merchant AAT-ACZIPIA37BFIY,Amazon PLCC Free-Financing Universal Merchant AAT-YFJA6XMAMWZSK,Amazon PLCC Free-Financing Universal Merchant AAT-K66BSCE2J2V5E,Amazon PLCC Free-Financing Universal Merchant AAT-BRSZZ45H6MHAO,Amazon PLCC Free-Financing Universal Merchant AAT-MKLXOOZWQL7GO,Amazon PLCC Free-Financing Universal Merchant AAT-CB7UNXEXGIJTC,Amazon PLCC Free-Financing Universal Merchant #MP-gzasho-1593152694811,Amazon PLCC Free-Financing Universal Merchant AAT-WLBA4GZ52EAH4",False,Easy Ship,
26235,405-0995805-8873937,04-15-22,Shipped,Amazon,Amazon.in,Expedited,JNE3645,JNE3645-TP-N-XXL,Top,XXL,B08ZH7C41R,Shipped,1,INR,432.0,TEZU,ARUNACHAL PRADESH,792001.0,IN,,False,,
44229,408-7055527-9360320,04-03-22,Shipped,Amazon,Amazon.in,Expedited,JNE3562,JNE3562-KR-M,kurta,M,B08MYTT6CV,Shipped,1,INR,472.0,"Thaiyur, Kelambakkam",TAMIL NADU,603103.0,IN,IN Core Free Shipping 2015/04/08 23-48-5-108,False,,
49596,404-9529408-3561133,05-31-22,Shipped,Amazon,Amazon.in,Expedited,J0117,J0117-TP-XL,Top,XL,B08N4H7B3Y,Shipped,1,INR,545.0,AMBARNATH,MAHARASHTRA,421501.0,IN,IN Core Free Shipping 2015/04/08 23-48-5-108,False,,False
18552,171-9638918-9020304,04-19-22,Shipped,Amazon,Amazon.in,Expedited,SET268,SET268-KR-NP-M,Set,M,B08XQ8R6GW,Shipped,1,INR,788.0,KODAD,TELANGANA,508206.0,IN,IN Core Free Shipping 2015/04/08 23-48-5-108,False,,
43136,402-2416610-1376302,04-04-22,Shipped,Amazon,Amazon.in,Expedited,SET130,SET130-KR-NP-XXXL,Set,3XL,B07VRCKGH7,Shipped,1,INR,499.0,HYDERABAD,TELANGANA,500058.0,IN,IN Core Free Shipping 2015/04/08 23-48-5-108,False,,
36672,403-5014191-3122710,04-08-22,Shipped,Amazon,Amazon.in,Expedited,SET098,SET098-KR-PP-S,Set,S,B07X3KSDT3,Shipped,1,INR,696.0,THANJAVUR,TAMIL NADU,613002.0,IN,IN Core Free Shipping 2015/04/08 23-48-5-108,False,,
43649,406-2243491-6885939,04-04-22,Shipped,Amazon,Amazon.in,Expedited,J0335,J0335-DR-M,Western Dress,M,B09831XC46,Shipped,1,INR,1125.0,PUNE,MAHARASHTRA,411057.0,IN,,False,,
3940,171-2874939-5405137,04-28-22,Cancelled,Merchant,Amazon.in,Standard,JNE3440,JNE3440-KR-N-XL,kurta,XL,B081WPK66G,,0,INR,380.0,PUNE,MAHARASHTRA,411036.0,IN,,False,Easy Ship,
31496,405-2785878-7224331,04-11-22,Shipped,Amazon,Amazon.in,Expedited,J0038,J0038-DR-XS,Ethnic Dress,XS,B089FZQSBS,Shipped,1,INR,546.0,Kishangarh (Ajmer),RAJASTHAN,305801.0,IN,IN Core Free Shipping 2015/04/08 23-48-5-108,False,,
26593,404-0063681-6629904,04-14-22,Shipped,Amazon,Amazon.in,Expedited,J0278,J0278-SET-M,Set,M,B08QGP2V4V,Shipped,1,INR,761.0,HYDERABAD,TELANGANA,500050.0,IN,IN Core Free Shipping 2015/04/08 23-48-5-108,False,,
23921,171-5927742-9916331,04-16-22,Shipped - Delivered to Buyer,Merchant,Amazon.in,Standard,SET324,SET324-KR-NP-XS,Set,XS,B09NQ4DD29,Shipped,1,INR,597.0,BONGAIGAON,ASSAM,783380.0,IN,"Amazon PLCC Free-Financing Universal Merchant AAT-WNKTBO3K27EJC,Amazon PLCC Free-Financing Universal Merchant AAT-QX3UCCJESKPA2,Amazon PLCC Free-Financing Universal Merchant AAT-CXJHMC2YJUK76,Amazon PLCC Free-Financing Universal Merchant AAT-CC4FAVTYR4X7C,Amazon PLCC Free-Financing Universal Merchant AAT-XXRCW6NZEPZI4,Amazon PLCC Free-Financing Universal Merchant AAT-EOKPWFWYW7Y6I,Amazon PLCC Free-Financing Universal Merchant AAT-ZYL5UPUNW6T62,Amazon PLCC Free-Financing Universal Merchant AAT-G5ZRX4BZOIODU,Amazon PLCC Free-Financing Universal Merchant AAT-PZHUW6DZX4BPS,Amazon PLCC Free-Financing Universal Merchant AAT-XX7G3ZRJJJ5LG,Amazon PLCC Free-Financing Universal Merchant AAT-LEHCKNDBJG64E,Amazon PLCC Free-Financing Universal Merchant AAT-DJVHCEV7D7RQY,Amazon PLCC Free-Financing Universal Merchant AAT-BRSZZ45H6MHAO,Amazon PLCC Free-Financing Universal Merchant AAT-MKLXOOZWQL7GO,Amazon PLCC Free-Financing Universal Merchant AAT-CB7UNXEXGIJTC,Amazon PLCC Free-Financing Universal Merchant #MP-gzasho-1593152694811,Amazon PLCC Free-Financing Universal Merchant AAT-WLBA4GZ52EAH4",False,Easy Ship,
26402,402-3730491-4627541,04-14-22,Shipped - Delivered to Buyer,Merchant,Amazon.in,Standard,SET278,SET278-KR-NP-S,Set,S,B0983F2ZJW,Shipped,1,INR,1523.0,BURDWAN,WEST BENGAL,713102.0,IN,"Amazon PLCC Free-Financing Universal Merchant AAT-WNKTBO3K27EJC,Amazon PLCC Free-Financing Universal Merchant AAT-QX3UCCJESKPA2,Amazon PLCC Free-Financing Universal Merchant AAT-CXJHMC2YJUK76,Amazon PLCC Free-Financing Universal Merchant AAT-SL3Y2YRMAUNFC,Amazon PLCC Free-Financing Universal Merchant AAT-CC4FAVTYR4X7C,Amazon PLCC Free-Financing Universal Merchant AAT-XXRCW6NZEPZI4,Amazon PLCC Free-Financing Universal Merchant AAT-R7GXNZWISTRFA,Amazon PLCC Free-Financing Universal Merchant AAT-EOKPWFWYW7Y6I,Amazon PLCC Free-Financing Universal Merchant AAT-ZYL5UPUNW6T62,Amazon PLCC Free-Financing Universal Merchant AAT-G5ZRX4BZOIODU,Amazon PLCC Free-Financing Universal Merchant AAT-P3CSUAK4HTEP2,Amazon PLCC Free-Financing Universal Merchant AAT-Q4AAGWXBPHLIS,Amazon PLCC Free-Financing Universal Merchant AAT-PZHUW6DZX4BPS,Amazon PLCC Free-Financing Universal Merchant AAT-XX7G3ZRJJJ5LG,Amazon PLCC Free-Financing Universal Merchant AAT-LEHCKNDBJG64E,Amazon PLCC Free-Financing Universal Merchant AAT-DJVHCEV7D7RQY,Amazon PLCC Free-Financing Universal Merchant AAT-TNYBHEAO7HOHO,Amazon PLCC Free-Financing Universal Merchant AAT-BRSZZ45H6MHAO,Amazon PLCC Free-Financing Universal Merchant AAT-MKLXOOZWQL7GO,Amazon PLCC Free-Financing Universal Merchant AAT-CB7UNXEXGIJTC,Amazon PLCC Free-Financing Universal Merchant #MP-gzasho-1593152694811,Amazon PLCC Free-Financing Universal Merchant AAT-WLBA4GZ52EAH4,Amazon PLCC Free-Financing Universal Merchant AAT-QMFZ3M7T5NPDS,Amazon PLCC Free-Financing Universal Merchant #MP-pmilan-1601980554292",False,Easy Ship,
45942,405-1096671-4483545,04-02-22,Shipped,Amazon,Amazon.in,Expedited,JNE3798,JNE3798-KR-S,Western Dress,S,B09SDXPCRB,Shipped,1,INR,715.0,KOLKATA,WEST BENGAL,700027.0,IN,VPC-44571-38707597 Coupon,False,,
48525,403-7120432-1571567,04-01-22,Cancelled,Amazon,Amazon.in,Expedited,JNE3686,JNE3686-TU-XL,Top,XL,B0943HX9XL,Unshipped,1,INR,446.0,GURUGRAM,HARYANA,122006.0,IN,,False,,
18315,403-9461916-3581106,04-19-22,Shipped - Delivered to Buyer,Merchant,Amazon.in,Standard,JNE2205,JNE2205-KR-467-A-XXL,kurta,XXL,B07BL24MXX,Shipped,1,INR,329.0,VISAKHAPATNAM,ANDHRA PRADESH,530007.0,IN,"Amazon PLCC Free-Financing Universal Merchant AAT-WNKTBO3K27EJC,Amazon PLCC Free-Financing Universal Merchant AAT-QX3UCCJESKPA2,Amazon PLCC Free-Financing Universal Merchant AAT-CXJHMC2YJUK76,Amazon PLCC Free-Financing Universal Merchant AAT-SL3Y2YRMAUNFC,Amazon PLCC Free-Financing Universal Merchant AAT-CC4FAVTYR4X7C,Amazon PLCC Free-Financing Universal Merchant AAT-XXRCW6NZEPZI4,Amazon PLCC Free-Financing Universal Merchant AAT-EOKPWFWYW7Y6I,Amazon PLCC Free-Financing Universal Merchant AAT-G5ZRX4BZOIODU,Amazon PLCC Free-Financing Universal Merchant AAT-PZHUW6DZX4BPS,Amazon PLCC Free-Financing Universal Merchant AAT-AWMMZNGS33JGQ,Amazon PLCC Free-Financing Universal Merchant AAT-XX7G3ZRJJJ5LG,Amazon PLCC Free-Financing Universal Merchant AAT-LEHCKNDBJG64E,Amazon PLCC Free-Financing Universal Merchant AAT-DJVHCEV7D7RQY,Amazon PLCC Free-Financing Universal Merchant AAT-BRSZZ45H6MHAO,Amazon PLCC Free-Financing Universal Merchant AAT-MKLXOOZWQL7GO,Amazon PLCC Free-Financing Universal Merchant AAT-CB7UNXEXGIJTC,Amazon PLCC Free-Financing Universal Merchant #MP-gzasho-1593152694811,Amazon PLCC Free-Financing Universal Merchant AAT-WLBA4GZ52EAH4",False,Easy Ship,
36893,408-6506162-7088306,04-08-22,Shipped,Amazon,Amazon.in,Expedited,J0112,J0112-TP-L,Top,L,B08V1HFN61,Shipped,1,INR,359.0,PUNE,MAHARASHTRA,411040.0,IN,,False,,
26695,403-0540679-8785903,04-14-22,Shipped,Amazon,Amazon.in,Expedited,JNE3607,JNE3607-KR-XL,kurta,XL,B08TGZCN3N,Shipped,1,INR,471.0,Ahmednagar,MAHARASHTRA,414106.0,IN,IN Core Free Shipping 2015/04/08 23-48-5-108,False,,
42127,402-6730221-4040336,04-05-22,Shipped,Amazon,Amazon.in,Expedited,J0078,J0078-SET-XXL,Set,XXL,B08VW9RBLW,Shipped,1,INR,999.0,HYDERABAD,TELANGANA,500032.0,IN,IN Core Free Shipping 2015/04/08 23-48-5-108,False,,
14170,403-9752533-2556330,04-22-22,Shipped - Delivered to Buyer,Merchant,Amazon.in,Standard,J0005,J0005-DR-XXXL,Western Dress,3XL,B08B3YMCZK,Shipped,1,INR,899.0,HYDERABAD,TELANGANA,500072.0,IN,"Amazon PLCC Free-Financing Universal Merchant AAT-WNKTBO3K27EJC,Amazon PLCC Free-Financing Universal Merchant AAT-QX3UCCJESKPA2,Amazon PLCC Free-Financing Universal Merchant AAT-5QQ7BIYYQEDN2,Amazon PLCC Free-Financing Universal Merchant AAT-DSJ2QRXXWXVMQ,Amazon PLCC Free-Financing Universal Merchant AAT-CXJHMC2YJUK76,Amazon PLCC Free-Financing Universal Merchant AAT-SL3Y2YRMAUNFC,Amazon PLCC Free-Financing Universal Merchant AAT-CC4FAVTYR4X7C,Amazon PLCC Free-Financing Universal Merchant AAT-XXRCW6NZEPZI4,Amazon PLCC Free-Financing Universal Merchant AAT-EOKPWFWYW7Y6I,Amazon PLCC Free-Financing Universal Merchant AAT-ZYL5UPUNW6T62,Amazon PLCC Free-Financing Universal Merchant AAT-G5ZRX4BZOIODU,Amazon PLCC Free-Financing Universal Merchant AAT-MYWMDU232W4HO,Amazon PLCC Free-Financing Universal Merchant AAT-PZHUW6DZX4BPS,Amazon PLCC Free-Financing Universal Merchant AAT-TNYBHEAO7HOHO,Amazon PLCC Free-Financing Universal Merchant AAT-BRSZZ45H6MHAO,Amazon PLCC Free-Financing Universal Merchant AAT-MKLXOOZWQL7GO,Amazon PLCC Free-Financing Universal Merchant AAT-CB7UNXEXGIJTC,Amazon PLCC Free-Financing Universal Merchant #MP-gzasho-1593152694811,Amazon PLCC Free-Financing Universal Merchant AAT-WLBA4GZ52EAH4,Amazon PLCC Free-Financing Universal Merchant AAT-QMFZ3M7T5NPDS,Amazon PLCC Free-Financing Universal Merchant #MP-pmilan-1601980554292",False,Easy Ship,
3732,171-7859548-3927502,04-28-22,Shipped - Delivered to Buyer,Merchant,Amazon.in,Standard,JNE3365,JNE3365-KR-1052-A-S,kurta,S,B07WS14TZY,Shipped,1,INR,376.0,PANIPAT,HARYANA,132103.0,IN,"Amazon PLCC Free-Financing Universal Merchant AAT-WNKTBO3K27EJC,Amazon PLCC Free-Financing Universal Merchant AAT-QX3UCCJESKPA2,Amazon PLCC Free-Financing Universal Merchant AAT-5QQ7BIYYQEDN2,Amazon PLCC Free-Financing Universal Merchant AAT-DSJ2QRXXWXVMQ,Amazon PLCC Free-Financing Universal Merchant AAT-CXJHMC2YJUK76,Amazon PLCC Free-Financing Universal Merchant AAT-CC4FAVTYR4X7C,Amazon PLCC Free-Financing Universal Merchant AAT-XXRCW6NZEPZI4,Amazon PLCC Free-Financing Universal Merchant AAT-EOKPWFWYW7Y6I,Amazon PLCC Free-Financing Universal Merchant AAT-G5ZRX4BZOIODU,Amazon PLCC Free-Financing Universal Merchant AAT-23LLL7GZCLBVW,Amazon PLCC Free-Financing Universal Merchant AAT-PZHUW6DZX4BPS,Amazon PLCC Free-Financing Universal Merchant AAT-ETXQ3XXWMRXBG,Amazon PLCC Free-Financing Universal Merchant AAT-7X3XCTYG64VBE,Amazon PLCC Free-Financing Universal Merchant AAT-7CHGD3WTS3MHM,Amazon PLCC Free-Financing Universal Merchant AAT-26ZDKNME27X42,Amazon PLCC Free-Financing Universal Merchant AAT-4ZF5KN6E4LJK4,Amazon PLCC Free-Financing Universal Merchant AAT-7RCXIKUAX7DDY,Amazon PLCC Free-Financing Universal Merchant AAT-BRSZZ45H6MHAO,Amazon PLCC Free-Financing Universal Merchant AAT-MKLXOOZWQL7GO,Amazon PLCC Free-Financing Universal Merchant AAT-CB7UNXEXGIJTC,Amazon PLCC Free-Financing Universal Merchant #MP-gzasho-1593152694811,Amazon PLCC Free-Financing Universal Merchant AAT-WLBA4GZ52EAH4",False,Easy Ship,
7881,402-7620991-2098739,04-25-22,Shipped - Delivered to Buyer,Merchant,Amazon.in,Standard,SET397,SET397-KR-NP  -M,Set,M,B09RKD6KWL,Shipped,1,INR,1186.0,BENGALURU,KARNATAKA,560037.0,IN,"Amazon PLCC Free-Financing Universal Merchant AAT-WNKTBO3K27EJC,Amazon PLCC Free-Financing Universal Merchant AAT-QX3UCCJESKPA2,Amazon PLCC Free-Financing Universal Merchant AAT-5QQ7BIYYQEDN2,Amazon PLCC Free-Financing Universal Merchant AAT-DSJ2QRXXWXVMQ,Amazon PLCC Free-Financing Universal Merchant AAT-CXJHMC2YJUK76,Amazon PLCC Free-Financing Universal Merchant AAT-SL3Y2YRMAUNFC,Amazon PLCC Free-Financing Universal Merchant AAT-CC4FAVTYR4X7C,Amazon PLCC Free-Financing Universal Merchant AAT-XXRCW6NZEPZI4,Amazon PLCC Free-Financing Universal Merchant AAT-R7GXNZWISTRFA,Amazon PLCC Free-Financing Universal Merchant AAT-EOKPWFWYW7Y6I,Amazon PLCC Free-Financing Universal Merchant AAT-ZYL5UPUNW6T62,Amazon PLCC Free-Financing Universal Merchant AAT-G5ZRX4BZOIODU,Amazon PLCC Free-Financing Universal Merchant AAT-P3CSUAK4HTEP2,Amazon PLCC Free-Financing Universal Merchant AAT-PZHUW6DZX4BPS,Amazon PLCC Free-Financing Universal Merchant AAT-ETXQ3XXWMRXBG,Amazon PLCC Free-Financing Universal Merchant AAT-BRSZZ45H6MHAO,Amazon PLCC Free-Financing Universal Merchant AAT-MKLXOOZWQL7GO,Amazon PLCC Free-Financing Universal Merchant AAT-CB7UNXEXGIJTC,Amazon PLCC Free-Financing Universal Merchant #MP-gzasho-1593152694811,Amazon PLCC Free-Financing Universal Merchant AAT-WLBA4GZ52EAH4",False,Easy Ship,
6016,408-9324111-7319511,04-26-22,Shipped - Returned to Seller,Merchant,Amazon.in,Standard,J0119,J0119-TP-XL,Top,XL,B08RYPWC3J,Shipped,1,INR,540.0,AHMEDABAD,Gujarat,380004.0,IN,"Amazon PLCC Free-Financing Universal Merchant AAT-WNKTBO3K27EJC,Amazon PLCC Free-Financing Universal Merchant AAT-QX3UCCJESKPA2,Amazon PLCC Free-Financing Universal Merchant AAT-5QQ7BIYYQEDN2,Amazon PLCC Free-Financing Universal Merchant AAT-DSJ2QRXXWXVMQ,Amazon PLCC Free-Financing Universal Merchant AAT-CXJHMC2YJUK76,Amazon PLCC Free-Financing Universal Merchant AAT-CC4FAVTYR4X7C,Amazon PLCC Free-Financing Universal Merchant AAT-XXRCW6NZEPZI4,Amazon PLCC Free-Financing Universal Merchant AAT-EOKPWFWYW7Y6I,Amazon PLCC Free-Financing Universal Merchant AAT-ZYL5UPUNW6T62,Amazon PLCC Free-Financing Universal Merchant AAT-G5ZRX4BZOIODU,Amazon PLCC Free-Financing Universal Merchant AAT-PZHUW6DZX4BPS,Amazon PLCC Free-Financing Universal Merchant AAT-ETXQ3XXWMRXBG,Amazon PLCC Free-Financing Universal Merchant AAT-7X3XCTYG64VBE,Amazon PLCC Free-Financing Universal Merchant AAT-7CHGD3WTS3MHM,Amazon PLCC Free-Financing Universal Merchant AAT-26ZDKNME27X42,Amazon PLCC Free-Financing Universal Merchant AAT-4ZF5KN6E4LJK4,Amazon PLCC Free-Financing Universal Merchant AAT-7RCXIKUAX7DDY,Amazon PLCC Free-Financing Universal Merchant AAT-BRSZZ45H6MHAO,Amazon PLCC Free-Financing Universal Merchant AAT-MKLXOOZWQL7GO,Amazon PLCC Free-Financing Universal Merchant AAT-CB7UNXEXGIJTC,Amazon PLCC Free-Financing Universal Merchant #MP-gzasho-1593152694811,Amazon PLCC Free-Financing Universal Merchant AAT-WLBA4GZ52EAH4",False,Easy Ship,
23029,402-4073300-8089147,04-16-22,Shipped - Delivered to Buyer,Merchant,Amazon.in,Standard,JNE3818,JNE3818-KR-XL,kurta,XL,B09LTZSNG1,Shipped,1,INR,499.0,MOHALI,PUNJAB,140301.0,IN,"Amazon PLCC Free-Financing Universal Merchant AAT-WNKTBO3K27EJC,Amazon PLCC Free-Financing Universal Merchant AAT-QX3UCCJESKPA2,Amazon PLCC Free-Financing Universal Merchant AAT-CXJHMC2YJUK76,Amazon PLCC Free-Financing Universal Merchant AAT-SL3Y2YRMAUNFC,Amazon PLCC Free-Financing Universal Merchant AAT-CC4FAVTYR4X7C,Amazon PLCC Free-Financing Universal Merchant AAT-XXRCW6NZEPZI4,Amazon PLCC Free-Financing Universal Merchant AAT-EOKPWFWYW7Y6I,Amazon PLCC Free-Financing Universal Merchant AAT-G5ZRX4BZOIODU,Amazon PLCC Free-Financing Universal Merchant AAT-PZHUW6DZX4BPS,Amazon PLCC Free-Financing Universal Merchant AAT-XX7G3ZRJJJ5LG,Amazon PLCC Free-Financing Universal Merchant AAT-LEHCKNDBJG64E,Amazon PLCC Free-Financing Universal Merchant AAT-DJVHCEV7D7RQY,Amazon PLCC Free-Financing Universal Merchant AAT-BRSZZ45H6MHAO,Amazon PLCC Free-Financing Universal Merchant AAT-MKLXOOZWQL7GO,Amazon PLCC Free-Financing Universal Merchant AAT-CB7UNXEXGIJTC,Amazon PLCC Free-Financing Universal Merchant #MP-gzasho-1593152694811,Amazon PLCC Free-Financing Universal Merchant AAT-WLBA4GZ52EAH4,Amazon PLCC Free-Financing Universal Merchant #MP-pmilan-1601980554292",False,Easy Ship,
35473,403-0699599-4306711,04-09-22,Shipped - Delivered to Buyer,Merchant,Amazon.in,Standard,SET228,SET228-KR-PP-A-XXXL,Set,3XL,B09HMVYKV8,Shipped,1,INR,653.0,Mattannur,KERALA,670702.0,IN,"Amazon PLCC Free-Financing Universal Merchant AAT-WNKTBO3K27EJC,Amazon PLCC Free-Financing Universal Merchant AAT-QX3UCCJESKPA2,Amazon PLCC Free-Financing Universal Merchant AAT-CXJHMC2YJUK76,Amazon PLCC Free-Financing Universal Merchant AAT-SL3Y2YRMAUNFC,Amazon PLCC Free-Financing Universal Merchant AAT-CC4FAVTYR4X7C,Amazon PLCC Free-Financing Universal Merchant AAT-XXRCW6NZEPZI4,Amazon PLCC Free-Financing Universal Merchant AAT-EOKPWFWYW7Y6I,Amazon PLCC Free-Financing Universal Merchant AAT-ZYL5UPUNW6T62,Amazon PLCC Free-Financing Universal Merchant AAT-G5ZRX4BZOIODU,Amazon PLCC Free-Financing Universal Merchant AAT-YFJA6XMAMWZSK,Amazon PLCC Free-Financing Universal Merchant AAT-K66BSCE2J2V5E,Amazon PLCC Free-Financing Universal Merchant AAT-275LMAQ3T5REI,Amazon PLCC Free-Financing Universal Merchant AAT-BRSZZ45H6MHAO,Amazon PLCC Free-Financing Universal Merchant AAT-MKLXOOZWQL7GO,Amazon PLCC Free-Financing Universal Merchant AAT-CB7UNXEXGIJTC,Amazon PLCC Free-Financing Universal Merchant #MP-gzasho-1593152694811,Amazon PLCC Free-Financing Universal Merchant AAT-WLBA4GZ52EAH4",False,Easy Ship,
49685,406-3047499-1231503,05-31-22,Shipped,Amazon,Amazon.in,Expedited,SET317,SET317-KR-PP-XXL,Set,XXL,B09RKD5B2W,Shipped,1,INR,1199.0,DEHRADUN,UTTARAKHAND,248001.0,IN,IN Core Free Shipping 2015/04/08 23-48-5-108,False,,False
4817,406-8084472-9435560,04-27-22,Shipped - Delivered to Buyer,Merchant,Amazon.in,Standard,J0096,J0096-KR-XS,kurta,XS,B089FZXRFW,Shipped,1,INR,568.0,CHERTHALA,KERALA,688539.0,IN,"Amazon PLCC Free-Financing Universal Merchant AAT-WNKTBO3K27EJC,Amazon PLCC Free-Financing Universal Merchant AAT-QX3UCCJESKPA2,Amazon PLCC Free-Financing Universal Merchant AAT-5QQ7BIYYQEDN2,Amazon PLCC Free-Financing Universal Merchant AAT-DSJ2QRXXWXVMQ,Amazon PLCC Free-Financing Universal Merchant AAT-CXJHMC2YJUK76,Amazon PLCC Free-Financing Universal Merchant AAT-CC4FAVTYR4X7C,Amazon PLCC Free-Financing Universal Merchant AAT-XXRCW6NZEPZI4,Amazon PLCC Free-Financing Universal Merchant AAT-EOKPWFWYW7Y6I,Amazon PLCC Free-Financing Universal Merchant AAT-ZYL5UPUNW6T62,Amazon PLCC Free-Financing Universal Merchant AAT-G5ZRX4BZOIODU,Amazon PLCC Free-Financing Universal Merchant AAT-PZHUW6DZX4BPS,Amazon PLCC Free-Financing Universal Merchant AAT-ETXQ3XXWMRXBG,Amazon PLCC Free-Financing Universal Merchant AAT-7X3XCTYG64VBE,Amazon PLCC Free-Financing Universal Merchant AAT-7CHGD3WTS3MHM,Amazon PLCC Free-Financing Universal Merchant AAT-26ZDKNME27X42,Amazon PLCC Free-Financing Universal Merchant AAT-4ZF5KN6E4LJK4,Amazon PLCC Free-Financing Universal Merchant AAT-7RCXIKUAX7DDY,Amazon PLCC Free-Financing Universal Merchant AAT-TNYBHEAO7HOHO,Amazon PLCC Free-Financing Universal Merchant AAT-BRSZZ45H6MHAO,Amazon PLCC Free-Financing Universal Merchant AAT-MKLXOOZWQL7GO,Amazon PLCC Free-Financing Universal Merchant AAT-CB7UNXEXGIJTC,Amazon PLCC Free-Financing Universal Merchant #MP-gzasho-1593152694811,Amazon PLCC Free-Financing Universal Merchant AAT-WLBA4GZ52EAH4,Amazon PLCC Free-Financing Universal Merchant AAT-QMFZ3M7T5NPDS,Amazon PLCC Free-Financing Universal Merchant #MP-pmilan-1601980554292",False,Easy Ship,
41693,403-8681284-6808307,04-05-22,Shipped,Amazon,Amazon.in,Expedited,JNE3567,JNE3567-KR-XL,kurta,XL,B08KRTXC2Y,Shipped,1,INR,399.0,MEERUT,UTTAR PRADESH,250110.0,IN,,False,,
12007,408-0049813-9815563,04-23-22,Shipped,Amazon,Amazon.in,Expedited,J0230,J0230-SKD-S,Set,S,B08XNJ19QH,Shipped,1,INR,1112.0,THANE,MAHARASHTRA,401107.0,IN,,False,,
41327,405-2144569-7167568,04-05-22,Shipped - Delivered to Buyer,Merchant,Amazon.in,Standard,SET366,SET366-KR-NP-XXL,Set,XXL,B09QJMSLD1,Shipped,1,INR,1130.0,NOIDA,UTTAR PRADESH,201301.0,IN,"Amazon PLCC Free-Financing Universal Merchant AAT-WNKTBO3K27EJC,Amazon PLCC Free-Financing Universal Merchant AAT-QX3UCCJESKPA2,Amazon PLCC Free-Financing Universal Merchant AAT-CXJHMC2YJUK76,Amazon PLCC Free-Financing Universal Merchant AAT-SL3Y2YRMAUNFC,Amazon PLCC Free-Financing Universal Merchant AAT-CC4FAVTYR4X7C,Amazon PLCC Free-Financing Universal Merchant AAT-XXRCW6NZEPZI4,Amazon PLCC Free-Financing Universal Merchant AAT-EOKPWFWYW7Y6I,Amazon PLCC Free-Financing Universal Merchant AAT-ZYL5UPUNW6T62,Amazon PLCC Free-Financing Universal Merchant AAT-G5ZRX4BZOIODU,Amazon PLCC Free-Financing Universal Merchant AAT-YFJA6XMAMWZSK,Amazon PLCC Free-Financing Universal Merchant AAT-K66BSCE2J2V5E,Amazon PLCC Free-Financing Universal Merchant AAT-275LMAQ3T5REI,Amazon PLCC Free-Financing Universal Merchant AAT-BRSZZ45H6MHAO,Amazon PLCC Free-Financing Universal Merchant AAT-MKLXOOZWQL7GO,Amazon PLCC Free-Financing Universal Merchant AAT-CB7UNXEXGIJTC,Amazon PLCC Free-Financing Universal Merchant #MP-gzasho-1593152694811,Amazon PLCC Free-Financing Universal Merchant AAT-WLBA4GZ52EAH4,Amazon PLCC Free-Financing Universal Merchant #MP-pmilan-1601980554292",False,Easy Ship,
9506,171-7248191-1967554,04-24-22,Cancelled,Amazon,Amazon.in,Expedited,SET317,SET317-KR-PP-XL,Set,XL,B09RKD2VCP,Cancelled,0,,,LUCKNOW,UTTAR PRADESH,226017.0,IN,,False,,
44798,402-3292667-1928362,04-03-22,Shipped,Amazon,Amazon.in,Expedited,JNE3405,JNE3405-KR-L,kurta,L,B081WSCKPQ,Shipped,1,INR,449.0,JODHPUR,RAJASTHAN,342003.0,IN,,False,,
34062,405-2306324-2725129,04-10-22,Shipped,Amazon,Amazon.in,Expedited,AN213,AN213-BROWN-S,Bottom,S,B091GMW334,Shipped,1,INR,229.0,Chandigarh,CHANDIGARH,160014.0,IN,,False,,
27474,171-1195039-3179501,04-14-22,Cancelled,Amazon,Amazon.in,Expedited,JNE3368,JNE3368-KR-M,kurta,M,B081XDBBSH,Cancelled,0,,,TIRUVANNAMALAI,TAMIL NADU,606601.0,IN,IN Core Free Shipping 2015/04/08 23-48-5-108,False,,
31143,403-7368049-8603544,04-12-22,Shipped,Amazon,Amazon.in,Expedited,JNE3440,JNE3440-KR-N-M,kurta,M,B081WY1SP3,Shipped,1,INR,399.0,GURUGRAM,HARYANA,122009.0,IN,,False,,
21235,408-1101626-3657132,04-17-22,Shipped - Delivered to Buyer,Merchant,Amazon.in,Standard,SET316,SET316-KR-DPT-M,Set,M,B09KXTXLMZ,Shipped,1,INR,1149.0,BALURGHAT,WEST BENGAL,733101.0,IN,"Amazon PLCC Free-Financing Universal Merchant AAT-WNKTBO3K27EJC,Amazon PLCC Free-Financing Universal Merchant AAT-QX3UCCJESKPA2,Amazon PLCC Free-Financing Universal Merchant AAT-CXJHMC2YJUK76,Amazon PLCC Free-Financing Universal Merchant AAT-CC4FAVTYR4X7C,Amazon PLCC Free-Financing Universal Merchant AAT-XXRCW6NZEPZI4,Amazon PLCC Free-Financing Universal Merchant AAT-EOKPWFWYW7Y6I,Amazon PLCC Free-Financing Universal Merchant AAT-ZYL5UPUNW6T62,Amazon PLCC Free-Financing Universal Merchant AAT-G5ZRX4BZOIODU,Amazon PLCC Free-Financing Universal Merchant AAT-PZHUW6DZX4BPS,Amazon PLCC Free-Financing Universal Merchant AAT-AWMMZNGS33JGQ,Amazon PLCC Free-Financing Universal Merchant AAT-XX7G3ZRJJJ5LG,Amazon PLCC Free-Financing Universal Merchant AAT-LEHCKNDBJG64E,Amazon PLCC Free-Financing Universal Merchant AAT-DJVHCEV7D7RQY,Amazon PLCC Free-Financing Universal Merchant AAT-BRSZZ45H6MHAO,Amazon PLCC Free-Financing Universal Merchant AAT-MKLXOOZWQL7GO,Amazon PLCC Free-Financing Universal Merchant AAT-CB7UNXEXGIJTC,Amazon PLCC Free-Financing Universal Merchant #MP-gzasho-1593152694811,Amazon PLCC Free-Financing Universal Merchant AAT-WLBA4GZ52EAH4",False,Easy Ship,
1390,408-1625494-4314764,04-30-22,Shipped - Delivered to Buyer,Merchant,Amazon.in,Standard,J0004,J0004-SKD-L,Set,L,B0894WMVMW,Shipped,1,INR,1115.0,FATEHABAD,HARYANA,125050.0,IN,"Amazon PLCC Free-Financing Universal Merchant AAT-WNKTBO3K27EJC,Amazon PLCC Free-Financing Universal Merchant AAT-QX3UCCJESKPA2,Amazon PLCC Free-Financing Universal Merchant AAT-5QQ7BIYYQEDN2,Amazon PLCC Free-Financing Universal Merchant AAT-DSJ2QRXXWXVMQ,Amazon PLCC Free-Financing Universal Merchant AAT-CXJHMC2YJUK76,Amazon PLCC Free-Financing Universal Merchant AAT-CC4FAVTYR4X7C,Amazon PLCC Free-Financing Universal Merchant AAT-XXRCW6NZEPZI4,Amazon PLCC Free-Financing Universal Merchant AAT-EOKPWFWYW7Y6I,Amazon PLCC Free-Financing Universal Merchant AAT-ZYL5UPUNW6T62,Amazon PLCC Free-Financing Universal Merchant AAT-PZHUW6DZX4BPS,Amazon PLCC Free-Financing Universal Merchant AAT-ETXQ3XXWMRXBG,Amazon PLCC Free-Financing Universal Merchant AAT-7X3XCTYG64VBE,Amazon PLCC Free-Financing Universal Merchant AAT-7CHGD3WTS3MHM,Amazon PLCC Free-Financing Universal Merchant AAT-26ZDKNME27X42,Amazon PLCC Free-Financing Universal Merchant AAT-4ZF5KN6E4LJK4,Amazon PLCC Free-Financing Universal Merchant AAT-7RCXIKUAX7DDY,Amazon PLCC Free-Financing Universal Merchant AAT-BRSZZ45H6MHAO,Amazon PLCC Free-Financing Universal Merchant AAT-MKLXOOZWQL7GO,Amazon PLCC Free-Financing Universal Merchant AAT-CB7UNXEXGIJTC,Amazon PLCC Free-Financing Universal Merchant #MP-gzasho-1593152694811,Amazon PLCC Free-Financing Universal Merchant AAT-WLBA4GZ52EAH4",False,Easy Ship,
38249,406-6948211-2250768,04-07-22,Shipped,Amazon,Amazon.in,Expedited,SET397,SET397-KR-NP-S,Set,S,B09RKF9GZQ,Shipped,1,INR,1129.0,KOLKATA,WEST BENGAL,700040.0,IN,,False,,
37624,408-2261234-6180325,04-08-22,Shipped,Amazon,Amazon.in,Expedited,JNE3522,JNE3522-KR-XXXL,kurta,3XL,B08W9XJKRG,Shipped,1,INR,342.0,BELAGAVI,KARNATAKA,591108.0,IN,,False,,
42028,171-1810269-8731550,04-05-22,Shipped,Amazon,Amazon.in,Expedited,J0376,J0376-SKD-XXXL,Set,3XL,B09QJ55538,Shipped,1,INR,999.0,KOTDWARA,UTTARAKHAND,246149.0,IN,IN Core Free Shipping 2015/04/08 23-48-5-108,False,,
20834,408-8082996-5262759,04-18-22,Shipped,Amazon,Amazon.in,Expedited,JNE3714,JNE3714-KR-XXXL,kurta,3XL,B099FD9VJ2,Shipped,1,INR,459.0,HYDERABAD,TELANGANA,500078.0,IN,,False,,
14757,408-4497938-7242732,04-21-22,Shipped,Amazon,Amazon.in,Expedited,J0339,J0339-DR-XL,Western Dress,XL,B0982ZDB2S,Shipped,1,INR,744.0,HUBBALLI,KARNATAKA,580030.0,IN,IN Core Free Shipping 2015/04/08 23-48-5-108,False,,
26396,405-2336334-8797109,04-14-22,Shipped,Amazon,Amazon.in,Expedited,J0243,J0243-DR-L,Ethnic Dress,L,B0926RSGCQ,Shipped,1,INR,999.0,Vellore,TAMIL NADU,632001.0,IN,IN Core Free Shipping 2015/04/08 23-48-5-108,False,,
6808,405-1958272-5217959,04-26-22,Shipped - Delivered to Buyer,Merchant,Amazon.in,Standard,JNE3710,JNE3710-DR-XL,Western Dress,XL,B091T5FWQC,Shipped,1,INR,690.0,UTTAR BAGDOGRA,WEST BENGAL,734014.0,IN,"Amazon PLCC Free-Financing Universal Merchant AAT-WNKTBO3K27EJC,Amazon PLCC Free-Financing Universal Merchant AAT-QX3UCCJESKPA2,Amazon PLCC Free-Financing Universal Merchant AAT-5QQ7BIYYQEDN2,Amazon PLCC Free-Financing Universal Merchant AAT-DSJ2QRXXWXVMQ,Amazon PLCC Free-Financing Universal Merchant AAT-CXJHMC2YJUK76,Amazon PLCC Free-Financing Universal Merchant AAT-CC4FAVTYR4X7C,Amazon PLCC Free-Financing Universal Merchant AAT-XXRCW6NZEPZI4,Amazon PLCC Free-Financing Universal Merchant AAT-EOKPWFWYW7Y6I,Amazon PLCC Free-Financing Universal Merchant AAT-ZYL5UPUNW6T62,Amazon PLCC Free-Financing Universal Merchant AAT-G5ZRX4BZOIODU,Amazon PLCC Free-Financing Universal Merchant AAT-PZHUW6DZX4BPS,Amazon PLCC Free-Financing Universal Merchant AAT-ETXQ3XXWMRXBG,Amazon PLCC Free-Financing Universal Merchant AAT-7X3XCTYG64VBE,Amazon PLCC Free-Financing Universal Merchant AAT-7CHGD3WTS3MHM,Amazon PLCC Free-Financing Universal Merchant AAT-26ZDKNME27X42,Amazon PLCC Free-Financing Universal Merchant AAT-4ZF5KN6E4LJK4,Amazon PLCC Free-Financing Universal Merchant AAT-7RCXIKUAX7DDY,Amazon PLCC Free-Financing Universal Merchant AAT-BRSZZ45H6MHAO,Amazon PLCC Free-Financing Universal Merchant AAT-MKLXOOZWQL7GO,Amazon PLCC Free-Financing Universal Merchant AAT-CB7UNXEXGIJTC,Amazon PLCC Free-Financing Universal Merchant #MP-gzasho-1593152694811,Amazon PLCC Free-Financing Universal Merchant AAT-WLBA4GZ52EAH4",False,Easy Ship,
9225,407-8266335-8118741,04-24-22,Shipped,Amazon,Amazon.in,Expedited,J0342,J0342-TP-L,Top,L,B099S9MMY4,Shipped,1,INR,540.0,HYDERABAD,TELANGANA,500032.0,IN,IN Core Free Shipping 2015/04/08 23-48-5-108,False,,
48394,408-2138373-0809115,04-01-22,Shipped - Delivered to Buyer,Merchant,Amazon.in,Standard,MEN5013,MEN5013-KR-L,kurta,L,B08YYR9G96,Shipped,1,INR,495.0,MAVELIKKARA,KERALA,690107.0,IN,"Amazon PLCC Free-Financing Universal Merchant AAT-WNKTBO3K27EJC,Amazon PLCC Free-Financing Universal Merchant AAT-QX3UCCJESKPA2,Amazon PLCC Free-Financing Universal Merchant AAT-CXJHMC2YJUK76,Amazon PLCC Free-Financing Universal Merchant AAT-CC4FAVTYR4X7C,Amazon PLCC Free-Financing Universal Merchant AAT-XXRCW6NZEPZI4,Amazon PLCC Free-Financing Universal Merchant AAT-EOKPWFWYW7Y6I,Amazon PLCC Free-Financing Universal Merchant AAT-G5ZRX4BZOIODU,Amazon PLCC Free-Financing Universal Merchant AAT-YFJA6XMAMWZSK,Amazon PLCC Free-Financing Universal Merchant AAT-K66BSCE2J2V5E,Amazon PLCC Free-Financing Universal Merchant AAT-DFM4OAAQ3RGPM,Amazon PLCC Free-Financing Universal Merchant AAT-BRSZZ45H6MHAO,Amazon PLCC Free-Financing Universal Merchant AAT-MKLXOOZWQL7GO,Amazon PLCC Free-Financing Universal Merchant AAT-CB7UNXEXGIJTC,Amazon PLCC Free-Financing Universal Merchant #MP-gzasho-1593152694811,Amazon PLCC Free-Financing Universal Merchant AAT-WLBA4GZ52EAH4",False,Easy Ship,
5395,408-5321252-2745128,04-27-22,Shipped - Delivered to Buyer,Merchant,Amazon.in,Standard,JNE3405,JNE3405-KR-M,kurta,M,B081WVMMCY,Shipped,1,INR,399.0,VIRAJPETE,KARNATAKA,571247.0,IN,"Amazon PLCC Free-Financing Universal Merchant AAT-WNKTBO3K27EJC,Amazon PLCC Free-Financing Universal Merchant AAT-QX3UCCJESKPA2,Amazon PLCC Free-Financing Universal Merchant AAT-5QQ7BIYYQEDN2,Amazon PLCC Free-Financing Universal Merchant AAT-DSJ2QRXXWXVMQ,Amazon PLCC Free-Financing Universal Merchant AAT-CXJHMC2YJUK76,Amazon PLCC Free-Financing Universal Merchant AAT-CC4FAVTYR4X7C,Amazon PLCC Free-Financing Universal Merchant AAT-XXRCW6NZEPZI4,Amazon PLCC Free-Financing Universal Merchant AAT-EOKPWFWYW7Y6I,Amazon PLCC Free-Financing Universal Merchant AAT-G5ZRX4BZOIODU,Amazon PLCC Free-Financing Universal Merchant AAT-PZHUW6DZX4BPS,Amazon PLCC Free-Financing Universal Merchant AAT-ETXQ3XXWMRXBG,Amazon PLCC Free-Financing Universal Merchant AAT-7X3XCTYG64VBE,Amazon PLCC Free-Financing Universal Merchant AAT-7CHGD3WTS3MHM,Amazon PLCC Free-Financing Universal Merchant AAT-26ZDKNME27X42,Amazon PLCC Free-Financing Universal Merchant AAT-4ZF5KN6E4LJK4,Amazon PLCC Free-Financing Universal Merchant AAT-7RCXIKUAX7DDY,Amazon PLCC Free-Financing Universal Merchant AAT-BRSZZ45H6MHAO,Amazon PLCC Free-Financing Universal Merchant AAT-MKLXOOZWQL7GO,Amazon PLCC Free-Financing Universal Merchant AAT-CB7UNXEXGIJTC,Amazon PLCC Free-Financing Universal Merchant #MP-gzasho-1593152694811,Amazon PLCC Free-Financing Universal Merchant AAT-WLBA4GZ52EAH4",False,Easy Ship,
6943,402-5000861-3102749,04-26-22,Shipped - Delivered to Buyer,Merchant,Amazon.in,Standard,SET339,SET339-KR-NP-S,Set,S,B09RT1WSR9,Shipped,1,INR,654.0,NAGINA,UTTAR PRADESH,246762.0,IN,"Amazon PLCC Free-Financing Universal Merchant AAT-WNKTBO3K27EJC,Amazon PLCC Free-Financing Universal Merchant AAT-QX3UCCJESKPA2,Amazon PLCC Free-Financing Universal Merchant AAT-5QQ7BIYYQEDN2,Amazon PLCC Free-Financing Universal Merchant AAT-DSJ2QRXXWXVMQ,Amazon PLCC Free-Financing Universal Merchant AAT-CXJHMC2YJUK76,Amazon PLCC Free-Financing Universal Merchant AAT-SL3Y2YRMAUNFC,Amazon PLCC Free-Financing Universal Merchant AAT-CC4FAVTYR4X7C,Amazon PLCC Free-Financing Universal Merchant AAT-XXRCW6NZEPZI4,Amazon PLCC Free-Financing Universal Merchant AAT-EOKPWFWYW7Y6I,Amazon PLCC Free-Financing Universal Merchant AAT-ZYL5UPUNW6T62,Amazon PLCC Free-Financing Universal Merchant AAT-G5ZRX4BZOIODU,Amazon PLCC Free-Financing Universal Merchant AAT-PZHUW6DZX4BPS,Amazon PLCC Free-Financing Universal Merchant AAT-ETXQ3XXWMRXBG,Amazon PLCC Free-Financing Universal Merchant AAT-7X3XCTYG64VBE,Amazon PLCC Free-Financing Universal Merchant AAT-7CHGD3WTS3MHM,Amazon PLCC Free-Financing Universal Merchant AAT-26ZDKNME27X42,Amazon PLCC Free-Financing Universal Merchant AAT-4ZF5KN6E4LJK4,Amazon PLCC Free-Financing Universal Merchant AAT-7RCXIKUAX7DDY,Amazon PLCC Free-Financing Universal Merchant AAT-BRSZZ45H6MHAO,Amazon PLCC Free-Financing Universal Merchant AAT-MKLXOOZWQL7GO,Amazon PLCC Free-Financing Universal Merchant AAT-CB7UNXEXGIJTC,Amazon PLCC Free-Financing Universal Merchant #MP-gzasho-1593152694811,Amazon PLCC Free-Financing Universal Merchant AAT-WLBA4GZ52EAH4",False,Easy Ship,
23870,408-7019029-8028356,04-16-22,Shipped - Delivered to Buyer,Merchant,Amazon.in,Standard,MEN5019,MEN5019-KR-XL,kurta,XL,B08YYTGRYB,Shipped,1,INR,0.0,HOWRAH,WEST BENGAL,711102.0,IN,"Amazon PLCC Free-Financing Universal Merchant AAT-XXRCW6NZEPZI4,Amazon PLCC Free-Financing Universal Merchant AAT-XX7G3ZRJJJ5LG,Amazon PLCC Free-Financing Universal Merchant AAT-LEHCKNDBJG64E,Amazon PLCC Free-Financing Universal Merchant AAT-DJVHCEV7D7RQY,Amazon PLCC Free-Financing Universal Merchant #MP-gzasho-1593152694811",False,Easy Ship,
32492,171-4809282-6673967,04-11-22,Cancelled,Amazon,Amazon.in,Expedited,JNE3405,JNE3405-KR-XS,kurta,XS,B081XCMYXJ,Unshipped,1,INR,399.0,CHICALIM,GOA,403710.0,IN,,False,,
36345,402-3170507-3220304,04-08-22,Shipped - Returned to Seller,Merchant,Amazon.in,Standard,JNE3797,JNE3797-KR-L,Western Dress,L,B09SDXFFQ1,Shipped,1,INR,725.0,PUNE,MAHARASHTRA,411040.0,IN,"Amazon PLCC Free-Financing Universal Merchant AAT-WNKTBO3K27EJC,Amazon PLCC Free-Financing Universal Merchant AAT-QX3UCCJESKPA2,Amazon PLCC Free-Financing Universal Merchant AAT-CXJHMC2YJUK76,Amazon PLCC Free-Financing Universal Merchant AAT-SL3Y2YRMAUNFC,Amazon PLCC Free-Financing Universal Merchant AAT-CC4FAVTYR4X7C,Amazon PLCC Free-Financing Universal Merchant AAT-XXRCW6NZEPZI4,Amazon PLCC Free-Financing Universal Merchant AAT-EOKPWFWYW7Y6I,Amazon PLCC Free-Financing Universal Merchant AAT-ZYL5UPUNW6T62,Amazon PLCC Free-Financing Universal Merchant AAT-G5ZRX4BZOIODU,Amazon PLCC Free-Financing Universal Merchant AAT-YFJA6XMAMWZSK,Amazon PLCC Free-Financing Universal Merchant AAT-K66BSCE2J2V5E,Amazon PLCC Free-Financing Universal Merchant AAT-275LMAQ3T5REI,Amazon PLCC Free-Financing Universal Merchant AAT-BRSZZ45H6MHAO,Amazon PLCC Free-Financing Universal Merchant AAT-MKLXOOZWQL7GO,Amazon PLCC Free-Financing Universal Merchant AAT-CB7UNXEXGIJTC,Amazon PLCC Free-Financing Universal Merchant #MP-gzasho-1593152694811,Amazon PLCC Free-Financing Universal Merchant AAT-WLBA4GZ52EAH4",False,Easy Ship,
10755,403-8663349-9757968,04-24-22,Shipped,Amazon,Amazon.in,Expedited,J0341,J0341-DR-S,Western Dress,S,B099NR7612,Shipped,1,INR,744.0,Jaipur,RAJASTHAN,302001.0,IN,IN Core Free Shipping 2015/04/08 23-48-5-108,False,,
12301,406-5054887-9665952,04-23-22,Shipped,Amazon,Amazon.in,Expedited,JNE3759,JNE3759-KR-S,kurta,S,B099FC43YJ,Shipped,1,INR,544.0,UDUPI,KARNATAKA,576105.0,IN,IN Core Free Shipping 2015/04/08 23-48-5-108,False,,
48386,408-9664121-5191534,04-01-22,Cancelled,Amazon,Amazon.in,Expedited,JNE3399,JNE3399-KR-S,kurta,S,B082W87NQF,Unshipped,1,INR,426.0,KOTHAMANGALAM,KERALA,686691.0,IN,,False,,
42745,404-9529979-8299505,04-04-22,Cancelled,Merchant,Amazon.in,Standard,JNE3797,JNE3797-KR-L,Western Dress,L,B09SDXFFQ1,,0,,,MEDINIPUR,WEST BENGAL,721101.0,IN,,False,Easy Ship,
29089,406-5479912-3145147,04-13-22,Cancelled,Amazon,Amazon.in,Expedited,J0003,J0003-SET-S,Set,S,B0894X27FC,Cancelled,0,,,NEW DELHI,DELHI,110008.0,IN,,False,,
44712,404-4640208-8866739,04-03-22,Shipped,Amazon,Amazon.in,Expedited,SET291,SET291-KR-PP-L,Set,L,B099NJKJ54,Shipped,1,INR,563.0,DHULE,MAHARASHTRA,424005.0,IN,IN Core Free Shipping 2015/04/08 23-48-5-108,False,,
14343,403-1693364-2826731,04-21-22,Shipped,Amazon,Amazon.in,Expedited,JNE3425,JNE3425-KR-XXXL,kurta,3XL,B083178QTX,Shipped,1,INR,329.0,HYDERABAD,TELANGANA,500020.0,IN,IN Core Free Shipping 2015/04/08 23-48-5-108,False,,
38172,402-3785418-9018710,04-07-22,Shipped - Delivered to Buyer,Merchant,Amazon.in,Standard,NW037,NW037-TP-SR-XL,Set,XL,B099NRMYJF,Shipped,1,INR,449.0,BENGALURU,KARNATAKA,560066.0,IN,"Amazon PLCC Free-Financing Universal Merchant AAT-WNKTBO3K27EJC,Amazon PLCC Free-Financing Universal Merchant AAT-QX3UCCJESKPA2,Amazon PLCC Free-Financing Universal Merchant AAT-CXJHMC2YJUK76,Amazon PLCC Free-Financing Universal Merchant AAT-SL3Y2YRMAUNFC,Amazon PLCC Free-Financing Universal Merchant AAT-CC4FAVTYR4X7C,Amazon PLCC Free-Financing Universal Merchant AAT-XXRCW6NZEPZI4,Amazon PLCC Free-Financing Universal Merchant AAT-R7GXNZWISTRFA,Amazon PLCC Free-Financing Universal Merchant AAT-EOKPWFWYW7Y6I,Amazon PLCC Free-Financing Universal Merchant AAT-ZYL5UPUNW6T62,Amazon PLCC Free-Financing Universal Merchant AAT-G5ZRX4BZOIODU,Amazon PLCC Free-Financing Universal Merchant AAT-P3CSUAK4HTEP2,Amazon PLCC Free-Financing Universal Merchant AAT-YFJA6XMAMWZSK,Amazon PLCC Free-Financing Universal Merchant AAT-K66BSCE2J2V5E,Amazon PLCC Free-Financing Universal Merchant AAT-275LMAQ3T5REI,Amazon PLCC Free-Financing Universal Merchant AAT-EPSXIT4LWLKXC,Amazon PLCC Free-Financing Universal Merchant AAT-BRSZZ45H6MHAO,Amazon PLCC Free-Financing Universal Merchant AAT-MKLXOOZWQL7GO,Amazon PLCC Free-Financing Universal Merchant AAT-CB7UNXEXGIJTC,Amazon PLCC Free-Financing Universal Merchant #MP-gzasho-1593152694811,Amazon PLCC Free-Financing Universal Merchant AAT-WLBA4GZ52EAH4,Amazon PLCC Free-Financing Universal Merchant #MP-pmilan-1601980554292",False,Easy Ship,
5071,406-9583003-2797148,04-27-22,Shipped - Delivered to Buyer,Merchant,Amazon.in,Standard,J0088,J0088-TP-XXXL,Top,3XL,B092D2MRVZ,Shipped,1,INR,399.0,DAVANAGERE,KARNATAKA,577002.0,IN,"Amazon PLCC Free-Financing Universal Merchant AAT-WNKTBO3K27EJC,Amazon PLCC Free-Financing Universal Merchant AAT-QX3UCCJESKPA2,Amazon PLCC Free-Financing Universal Merchant AAT-5QQ7BIYYQEDN2,Amazon PLCC Free-Financing Universal Merchant AAT-DSJ2QRXXWXVMQ,Amazon PLCC Free-Financing Universal Merchant AAT-CXJHMC2YJUK76,Amazon PLCC Free-Financing Universal Merchant AAT-SL3Y2YRMAUNFC,Amazon PLCC Free-Financing Universal Merchant AAT-CC4FAVTYR4X7C,Amazon PLCC Free-Financing Universal Merchant AAT-XXRCW6NZEPZI4,Amazon PLCC Free-Financing Universal Merchant AAT-R7GXNZWISTRFA,Amazon PLCC Free-Financing Universal Merchant AAT-WSJLDN3X7KEMO,Amazon PLCC Free-Financing Universal Merchant AAT-VL6FGQVGQVXUS,Amazon PLCC Free-Financing Universal Merchant AAT-EOKPWFWYW7Y6I,Amazon PLCC Free-Financing Universal Merchant AAT-ZYL5UPUNW6T62,Amazon PLCC Free-Financing Universal Merchant AAT-G5ZRX4BZOIODU,Amazon PLCC Free-Financing Universal Merchant AAT-P3CSUAK4HTEP2,Amazon PLCC Free-Financing Universal Merchant AAT-ACZIPIA37BFIY,Amazon PLCC Free-Financing Universal Merchant AAT-4UKS7UWZY3AES,Amazon PLCC Free-Financing Universal Merchant AAT-PZHUW6DZX4BPS,Amazon PLCC Free-Financing Universal Merchant AAT-ETXQ3XXWMRXBG,Amazon PLCC Free-Financing Universal Merchant AAT-7X3XCTYG64VBE,Amazon PLCC Free-Financing Universal Merchant AAT-7CHGD3WTS3MHM,Amazon PLCC Free-Financing Universal Merchant AAT-26ZDKNME27X42,Amazon PLCC Free-Financing Universal Merchant AAT-4ZF5KN6E4LJK4,Amazon PLCC Free-Financing Universal Merchant AAT-7RCXIKUAX7DDY,Amazon PLCC Free-Financing Universal Merchant AAT-BRSZZ45H6MHAO,Amazon PLCC Free-Financing Universal Merchant AAT-MKLXOOZWQL7GO,Amazon PLCC Free-Financing Universal Merchant AAT-CB7UNXEXGIJTC,Amazon PLCC Free-Financing Universal Merchant #MP-gzasho-1593152694811,Amazon PLCC Free-Financing Universal Merchant AAT-WLBA4GZ52EAH4",False,Easy Ship,
24121,405-6917168-7395543,04-16-22,Shipped,Amazon,Amazon.in,Expedited,J0213,J0213-TP-XXXL,Top,3XL,B0965L3HCV,Shipped,1,INR,599.0,Mumbai,MAHARASHTRA,400071.0,IN,,False,,
48809,171-1622222-3001908,04-01-22,Shipped,Amazon,Amazon.in,Expedited,SET326,SET326-KR-PP-XXXL,Set,3XL,B09K3QJWWT,Shipped,1,INR,657.0,PUNE,MAHARASHTRA,411028.0,IN,,False,,
17820,171-9874318-4623537,04-20-22,Shipped,Amazon,Amazon.in,Expedited,JNE3613,JNE3613-KR-L,kurta,L,B08XVFSDR2,Shipped,1,INR,399.0,SRIKALAHASTI,ANDHRA PRADESH,517644.0,IN,,False,,
1122,408-0034595-6967577,04-30-22,Shipped,Amazon,Amazon.in,Expedited,SET333,SET333-KR-DPT-L,Set,L,B09RKCX5WR,Shipped,1,INR,967.0,SRIPERUMBUDUR,TAMIL NADU,602105.0,IN,IN Core Free Shipping 2015/04/08 23-48-5-108,False,,
11264,408-5959747-2897919,04-23-22,Shipped,Amazon,Amazon.in,Expedited,J0215,J0215-BL-M,Blouse,M,B09KXXLQK3,Shipped,1,INR,545.0,MUMBAI,MAHARASHTRA,400094.0,IN,,False,,
30579,402-7688970-4239508,04-12-22,Shipped,Amazon,Amazon.in,Expedited,SET322,SET322-KR-SHA-XXL,Set,XXL,B09RKDFBJ3,Shipped,1,INR,1099.0,BENGALURU,KARNATAKA,560076.0,IN,IN Core Free Shipping 2015/04/08 23-48-5-108,False,,
45464,407-5696911-9081925,04-03-22,Cancelled,Amazon,Amazon.in,Expedited,J0119,J0119-TP-XXL,Top,XXL,B08RYRBZPC,Unshipped,1,INR,750.0,CHIRAWA,RAJASTHAN,333026.0,IN,,False,,
48216,402-2408151-8257136,04-01-22,Shipped,Amazon,Amazon.in,Expedited,JNE3405,JNE3405-KR-L,kurta,L,B081WSCKPQ,Shipped,1,INR,449.0,BELLAMPALLE,TELANGANA,504251.0,IN,IN Core Free Shipping 2015/04/08 23-48-5-108,False,,
43044,402-4723482-6543548,04-04-22,Shipped,Amazon,Amazon.in,Expedited,JNE3784,JNE3784-KR-L,kurta,L,B09K3TM23D,Shipped,1,INR,452.0,CHENNAI,TAMIL NADU,600066.0,IN,,False,,
15656,404-3202570-6055522,04-21-22,Shipped,Amazon,Amazon.in,Expedited,JNE3452,JNE3452-KR-XS,kurta,XS,B08HK5QBX9,Shipped,1,INR,291.0,RANCHI,JHARKHAND,834009.0,IN,,False,,
1900,407-5235526-1156364,04-29-22,Shipped,Amazon,Amazon.in,Expedited,SET405,SET405-KR-NP-M,Set,M,B09QJ5M6TW,Shipped,1,INR,771.0,PUNE,MAHARASHTRA,411060.0,IN,,False,,
147,407-4235449-1353916,04-30-22,Shipped - Delivered to Buyer,Merchant,Amazon.in,Standard,J0009,J0009-SKD-S,Set,S,B0894X8979,Shipped,1,INR,999.0,AMILA,UTTAR PRADESH,275301.0,IN,"Amazon PLCC Free-Financing Universal Merchant AAT-WNKTBO3K27EJC,Amazon PLCC Free-Financing Universal Merchant AAT-QX3UCCJESKPA2,Amazon PLCC Free-Financing Universal Merchant AAT-5QQ7BIYYQEDN2,Amazon PLCC Free-Financing Universal Merchant AAT-DSJ2QRXXWXVMQ,Amazon PLCC Free-Financing Universal Merchant AAT-CXJHMC2YJUK76,Amazon PLCC Free-Financing Universal Merchant AAT-CC4FAVTYR4X7C,Amazon PLCC Free-Financing Universal Merchant AAT-XXRCW6NZEPZI4,Amazon PLCC Free-Financing Universal Merchant AAT-EOKPWFWYW7Y6I,Amazon PLCC Free-Financing Universal Merchant AAT-ZYL5UPUNW6T62,Amazon PLCC Free-Financing Universal Merchant AAT-ETXQ3XXWMRXBG,Amazon PLCC Free-Financing Universal Merchant AAT-7X3XCTYG64VBE,Amazon PLCC Free-Financing Universal Merchant AAT-7CHGD3WTS3MHM,Amazon PLCC Free-Financing Universal Merchant AAT-26ZDKNME27X42,Amazon PLCC Free-Financing Universal Merchant AAT-4ZF5KN6E4LJK4,Amazon PLCC Free-Financing Universal Merchant AAT-7RCXIKUAX7DDY,Amazon PLCC Free-Financing Universal Merchant AAT-TNYBHEAO7HOHO,Amazon PLCC Free-Financing Universal Merchant AAT-BRSZZ45H6MHAO,Amazon PLCC Free-Financing Universal Merchant AAT-MKLXOOZWQL7GO,Amazon PLCC Free-Financing Universal Merchant AAT-CB7UNXEXGIJTC,Amazon PLCC Free-Financing Universal Merchant #MP-gzasho-1593152694811,Amazon PLCC Free-Financing Universal Merchant AAT-WLBA4GZ52EAH4,Amazon PLCC Free-Financing Universal Merchant AAT-QMFZ3M7T5NPDS,Amazon PLCC Free-Financing Universal Merchant #MP-pmilan-1601980554292",False,Easy Ship,
29642,405-9006719-2289951,04-13-22,Shipped,Amazon,Amazon.in,Expedited,SET322,SET322-KR-SHA-L,Set,L,B09RKD22W2,Shipped,1,INR,1099.0,BENGALURU,KARNATAKA,560036.0,IN,IN Core Free Shipping 2015/04/08 23-48-5-108,False,,
3211,405-8060110-4281940,04-28-22,Shipped,Amazon,Amazon.in,Expedited,JNE3707,JNE3707-DR-XXL,Western Dress,XXL,B098372DQY,Shipped,1,INR,496.0,VASAI VIRAR,MAHARASHTRA,401303.0,IN,,False,,
43850,405-8578922-5413949,04-04-22,Shipped,Amazon,Amazon.in,Expedited,JNE2305,JNE2305-KR-533-L,kurta,L,B07GRSCXCP,Shipped,1,INR,329.0,KORATTY,KERALA,680741.0,IN,IN Core Free Shipping 2015/04/08 23-48-5-108,False,,
2354,402-6675041-6139565,04-29-22,Shipped,Amazon,Amazon.in,Expedited,SET339,SET339-KR-NP-XXL,Set,XXL,B09RSX8B8D,Shipped,1,INR,654.0,MUMBAI,MAHARASHTRA,400050.0,IN,,False,,
31520,402-6856164-7868363,04-11-22,Shipped - Delivered to Buyer,Merchant,Amazon.in,Standard,JNE3794,JNE3794-KR-XL,kurta,XL,B09HM9HC4T,Shipped,1,INR,517.0,PUNE,MAHARASHTRA,411057.0,IN,"Amazon PLCC Free-Financing Universal Merchant AAT-WNKTBO3K27EJC,Amazon PLCC Free-Financing Universal Merchant AAT-QX3UCCJESKPA2,Amazon PLCC Free-Financing Universal Merchant AAT-CXJHMC2YJUK76,Amazon PLCC Free-Financing Universal Merchant AAT-CC4FAVTYR4X7C,Amazon PLCC Free-Financing Universal Merchant AAT-XXRCW6NZEPZI4,Amazon PLCC Free-Financing Universal Merchant AAT-EOKPWFWYW7Y6I,Amazon PLCC Free-Financing Universal Merchant AAT-ZYL5UPUNW6T62,Amazon PLCC Free-Financing Universal Merchant AAT-G5ZRX4BZOIODU,Amazon PLCC Free-Financing Universal Merchant AAT-PZHUW6DZX4BPS,Amazon PLCC Free-Financing Universal Merchant AAT-BRSZZ45H6MHAO,Amazon PLCC Free-Financing Universal Merchant AAT-MKLXOOZWQL7GO,Amazon PLCC Free-Financing Universal Merchant AAT-CB7UNXEXGIJTC,Amazon PLCC Free-Financing Universal Merchant #MP-gzasho-1593152694811,Amazon PLCC Free-Financing Universal Merchant AAT-WLBA4GZ52EAH4,Amazon PLCC Free-Financing Universal Merchant #MP-pmilan-1601980554292",False,Easy Ship,
42583,402-0528722-5905904,04-05-22,Shipped - Delivered to Buyer,Merchant,Amazon.in,Standard,SET110,SET110-KR-PP-L,Set,L,B0822TBFW3,Shipped,1,INR,729.0,chandigarh,CHANDIGARH,160047.0,IN,"Amazon PLCC Free-Financing Universal Merchant AAT-WNKTBO3K27EJC,Amazon PLCC Free-Financing Universal Merchant AAT-QX3UCCJESKPA2,Amazon PLCC Free-Financing Universal Merchant AAT-CXJHMC2YJUK76,Amazon PLCC Free-Financing Universal Merchant AAT-CC4FAVTYR4X7C,Amazon PLCC Free-Financing Universal Merchant AAT-XXRCW6NZEPZI4,Amazon PLCC Free-Financing Universal Merchant AAT-EOKPWFWYW7Y6I,Amazon PLCC Free-Financing Universal Merchant AAT-ZYL5UPUNW6T62,Amazon PLCC Free-Financing Universal Merchant AAT-G5ZRX4BZOIODU,Amazon PLCC Free-Financing Universal Merchant AAT-YFJA6XMAMWZSK,Amazon PLCC Free-Financing Universal Merchant AAT-K66BSCE2J2V5E,Amazon PLCC Free-Financing Universal Merchant AAT-275LMAQ3T5REI,Amazon PLCC Free-Financing Universal Merchant AAT-BRSZZ45H6MHAO,Amazon PLCC Free-Financing Universal Merchant AAT-MKLXOOZWQL7GO,Amazon PLCC Free-Financing Universal Merchant AAT-CB7UNXEXGIJTC,Amazon PLCC Free-Financing Universal Merchant #MP-gzasho-1593152694811,Amazon PLCC Free-Financing Universal Merchant AAT-WLBA4GZ52EAH4,Amazon PLCC Free-Financing Universal Merchant #MP-pmilan-1601980554292",False,Easy Ship,
43337,402-6116107-6372308,04-04-22,Shipped,Amazon,Amazon.in,Expedited,J0184,J0184-KR-XS,kurta,XS,B08TZVXPSH,Shipped,1,INR,378.0,THRIPPUNITHURA,KERALA,682301.0,IN,,False,,
45284,404-3112822-4284337,04-03-22,Shipped - Returned to Seller,Merchant,Amazon.in,Standard,J0005,J0005-DR-S,Western Dress,S,B08B3YK5R3,Shipped,1,INR,1249.0,BENGALURU,KARNATAKA,560098.0,IN,"Amazon PLCC Free-Financing Universal Merchant AAT-WNKTBO3K27EJC,Amazon PLCC Free-Financing Universal Merchant AAT-QX3UCCJESKPA2,Amazon PLCC Free-Financing Universal Merchant AAT-CXJHMC2YJUK76,Amazon PLCC Free-Financing Universal Merchant AAT-CC4FAVTYR4X7C,Amazon PLCC Free-Financing Universal Merchant AAT-XXRCW6NZEPZI4,Amazon PLCC Free-Financing Universal Merchant AAT-WSJLDN3X7KEMO,Amazon PLCC Free-Financing Universal Merchant AAT-VL6FGQVGQVXUS,Amazon PLCC Free-Financing Universal Merchant AAT-EOKPWFWYW7Y6I,Amazon PLCC Free-Financing Universal Merchant AAT-ZYL5UPUNW6T62,Amazon PLCC Free-Financing Universal Merchant AAT-XVPICCHRWDCAI,Amazon PLCC Free-Financing Universal Merchant AAT-G5ZRX4BZOIODU,Amazon PLCC Free-Financing Universal Merchant AAT-ACZIPIA37BFIY,Amazon PLCC Free-Financing Universal Merchant AAT-YFJA6XMAMWZSK,Amazon PLCC Free-Financing Universal Merchant AAT-K66BSCE2J2V5E,Amazon PLCC Free-Financing Universal Merchant AAT-BRSZZ45H6MHAO,Amazon PLCC Free-Financing Universal Merchant AAT-MKLXOOZWQL7GO,Amazon PLCC Free-Financing Universal Merchant AAT-CB7UNXEXGIJTC,Amazon PLCC Free-Financing Universal Merchant #MP-gzasho-1593152694811,Amazon PLCC Free-Financing Universal Merchant AAT-WLBA4GZ52EAH4",False,Easy Ship,
46956,408-8340103-8681927,04-02-22,Cancelled,Merchant,Amazon.in,Standard,JNE3405,JNE3405-KR-XXXL,kurta,3XL,B081WZ4T3V,,0,,,INDORE,MADHYA PRADESH,452020.0,IN,,False,Easy Ship,
48790,404-0135656-3494735,04-01-22,Shipped,Amazon,Amazon.in,Expedited,JNE3368,JNE3368-KR-XL,kurta,XL,B081X921QM,Shipped,1,INR,449.0,TIRUNELVELI,TAMIL NADU,627004.0,IN,IN Core Free Shipping 2015/04/08 23-48-5-108,False,,
36585,402-9163815-9369930,04-08-22,Shipped,Amazon,Amazon.in,Expedited,SET258,SET258-KR-PP-XXL,Set,XXL,B0983F138V,Shipped,1,INR,881.0,DURGAPUR,WEST BENGAL,713204.0,IN,IN Core Free Shipping 2015/04/08 23-48-5-108,False,,
10465,402-5015636-8813959,04-24-22,Cancelled,Amazon,Amazon.in,Expedited,JNE3718,JNE3718-KR-L,kurta,L,B099FD9VJ9,Cancelled,0,,,PUDUCHERRY,PUDUCHERRY,605010.0,IN,,False,,
7821,407-5717197-8449915,04-25-22,Shipped - Delivered to Buyer,Merchant,Amazon.in,Standard,SET397,SET397-KR-NP-XS,Set,XS,B09RKDH2BT,Shipped,1,INR,1115.0,NOIDA,UTTAR PRADESH,201301.0,IN,"Amazon PLCC Free-Financing Universal Merchant AAT-WNKTBO3K27EJC,Amazon PLCC Free-Financing Universal Merchant AAT-QX3UCCJESKPA2,Amazon PLCC Free-Financing Universal Merchant AAT-5QQ7BIYYQEDN2,Amazon PLCC Free-Financing Universal Merchant AAT-DSJ2QRXXWXVMQ,Amazon PLCC Free-Financing Universal Merchant AAT-CXJHMC2YJUK76,Amazon PLCC Free-Financing Universal Merchant AAT-CC4FAVTYR4X7C,Amazon PLCC Free-Financing Universal Merchant AAT-XXRCW6NZEPZI4,Amazon PLCC Free-Financing Universal Merchant AAT-EOKPWFWYW7Y6I,Amazon PLCC Free-Financing Universal Merchant AAT-ZYL5UPUNW6T62,Amazon PLCC Free-Financing Universal Merchant AAT-G5ZRX4BZOIODU,Amazon PLCC Free-Financing Universal Merchant AAT-PZHUW6DZX4BPS,Amazon PLCC Free-Financing Universal Merchant AAT-ETXQ3XXWMRXBG,Amazon PLCC Free-Financing Universal Merchant AAT-BRSZZ45H6MHAO,Amazon PLCC Free-Financing Universal Merchant AAT-MKLXOOZWQL7GO,Amazon PLCC Free-Financing Universal Merchant AAT-CB7UNXEXGIJTC,Amazon PLCC Free-Financing Universal Merchant #MP-gzasho-1593152694811,Amazon PLCC Free-Financing Universal Merchant AAT-WLBA4GZ52EAH4",False,Easy Ship,
7205,406-3797798-3733105,04-26-22,Shipped,Amazon,Amazon.in,Expedited,SET268,SET268-KR-NP-XL,Set,XL,B08XQBF1G4,Shipped,1,INR,788.0,GHAZIABAD,UTTAR PRADESH,201010.0,IN,IN Core Free Shipping 2015/04/08 23-48-5-108,False,,
6413,171-7412568-8243532,04-26-22,Shipped,Amazon,Amazon.in,Expedited,MEN5005,MEN5005-KR-XXL,kurta,XXL,B08YYW2WZY,Shipped,1,INR,438.0,Ghaziabad,UTTAR PRADESH,201014.0,IN,,False,,
34046,405-8971220-2461117,04-10-22,Shipped,Amazon,Amazon.in,Expedited,JNE3440,JNE3440-KR-N-L,kurta,L,B081X7JHBC,Shipped,1,INR,399.0,GURUGRAM,HARYANA,122006.0,IN,,False,,
12728,404-3960166-1033921,04-22-22,Shipped,Amazon,Amazon.in,Expedited,J0251,J0251-SKD-M,Set,M,B09KXVQTFX,Shipped,1,INR,763.0,PRODDATUR,ANDHRA PRADESH,516360.0,IN,IN Core Free Shipping 2015/04/08 23-48-5-108,False,,
6925,408-4644445-6945120,04-26-22,Shipped - Delivered to Buyer,Merchant,Amazon.in,Standard,JNE3461,JNE3461-KR-L,kurta,L,B08B3YWTLK,Shipped,1,INR,363.0,CHENNAI,TAMIL NADU,600116.0,IN,"Amazon PLCC Free-Financing Universal Merchant AAT-WNKTBO3K27EJC,Amazon PLCC Free-Financing Universal Merchant AAT-QX3UCCJESKPA2,Amazon PLCC Free-Financing Universal Merchant AAT-5QQ7BIYYQEDN2,Amazon PLCC Free-Financing Universal Merchant AAT-DSJ2QRXXWXVMQ,Amazon PLCC Free-Financing Universal Merchant AAT-CXJHMC2YJUK76,Amazon PLCC Free-Financing Universal Merchant AAT-CC4FAVTYR4X7C,Amazon PLCC Free-Financing Universal Merchant AAT-XXRCW6NZEPZI4,Amazon PLCC Free-Financing Universal Merchant AAT-EOKPWFWYW7Y6I,Amazon PLCC Free-Financing Universal Merchant AAT-ZYL5UPUNW6T62,Amazon PLCC Free-Financing Universal Merchant AAT-G5ZRX4BZOIODU,Amazon PLCC Free-Financing Universal Merchant AAT-PZHUW6DZX4BPS,Amazon PLCC Free-Financing Universal Merchant AAT-ETXQ3XXWMRXBG,Amazon PLCC Free-Financing Universal Merchant AAT-7X3XCTYG64VBE,Amazon PLCC Free-Financing Universal Merchant AAT-7CHGD3WTS3MHM,Amazon PLCC Free-Financing Universal Merchant AAT-26ZDKNME27X42,Amazon PLCC Free-Financing Universal Merchant AAT-4ZF5KN6E4LJK4,Amazon PLCC Free-Financing Universal Merchant AAT-7RCXIKUAX7DDY,Amazon PLCC Free-Financing Universal Merchant AAT-BRSZZ45H6MHAO,Amazon PLCC Free-Financing Universal Merchant AAT-MKLXOOZWQL7GO,Amazon PLCC Free-Financing Universal Merchant AAT-CB7UNXEXGIJTC,Amazon PLCC Free-Financing Universal Merchant #MP-gzasho-1593152694811,Amazon PLCC Free-Financing Universal Merchant AAT-WLBA4GZ52EAH4",False,Easy Ship,
27995,171-0108516-7610708,04-14-22,Shipped,Amazon,Amazon.in,Expedited,SET268,SET268-KR-NP-L,Set,L,B08XQ8MCKP,Shipped,1,INR,788.0,BHOPAL,MADHYA PRADESH,462021.0,IN,IN Core Free Shipping 2015/04/08 23-48-5-108,False,,
37612,406-5683176-3293943,04-08-22,Shipped,Amazon,Amazon.in,Expedited,J0152,J0152-DR-L,Western Dress,L,B08V197XLZ,Shipped,1,INR,885.0,KOZHIKODE,KERALA,673655.0,IN,IN Core Free Shipping 2015/04/08 23-48-5-108,False,,
39483,408-8177703-4625959,04-07-22,Shipped,Amazon,Amazon.in,Expedited,SET268,SET268-KR-NP-XS,Set,XS,B08XQBXFPP,Shipped,1,INR,788.0,MUMBAI,MAHARASHTRA,400051.0,IN,,False,,
3016,171-4380968-9875511,04-28-22,Shipped,Amazon,Amazon.in,Expedited,SET342,SET342-KR-NP-N-S,Set,S,B09Q18LD8D,Shipped,1,INR,916.0,JORHAT,ASSAM,785001.0,IN,IN Core Free Shipping 2015/04/08 23-48-5-108,False,,
1640,404-6916163-7013154,04-29-22,Shipped,Amazon,Amazon.in,Expedited,JNE3567,JNE3567-KR-M,kurta,M,B08KRXV1QR,Shipped,1,INR,399.0,SATARA,MAHARASHTRA,415002.0,IN,,False,,
8883,405-8502859-6046767,04-25-22,Shipped,Amazon,Amazon.in,Expedited,JNE3645,JNE3645-TP-N-S,Top,S,B08ZHN6H5T,Shipped,1,INR,432.0,BENGALURU,KARNATAKA,560102.0,IN,,False,,
37601,403-5927962-8937907,04-08-22,Shipped,Amazon,Amazon.in,Expedited,J0341,J0341-DR-M,Western Dress,M,B099NQQ79L,Shipped,1,INR,744.0,SATARA,MAHARASHTRA,415002.0,IN,IN Core Free Shipping 2015/04/08 23-48-5-108,False,,
12969,402-8809270-0037914,04-22-22,Shipped,Amazon,Amazon.in,Expedited,J0189,J0189-TP-L,Top,L,B08N4VM1XX,Shipped,1,INR,329.0,BENGALURU,KARNATAKA,560097.0,IN,,False,,
23463,402-6197824-8175524,04-16-22,Shipped,Amazon,Amazon.in,Expedited,J0291,J0291-JS-M,Set,M,B09B55JKC7,Shipped,1,INR,859.0,DEHRADUN,UTTARAKHAND,248007.0,IN,IN Core Free Shipping 2015/04/08 23-48-5-108,False,,
15757,405-0054974-2657925,04-21-22,Shipped,Amazon,Amazon.in,Expedited,J0355,J0355-KR-S,kurta,S,B09811KTCN,Shipped,1,INR,597.0,GUNTUR,ANDHRA PRADESH,522613.0,IN,IN Core Free Shipping 2015/04/08 23-48-5-108,False,,
44076,404-7540038-7307555,04-04-22,Shipped,Amazon,Amazon.in,Expedited,SET172,SET172-KR-PP-B-S,Set,S,B0822V6CZC,Shipped,1,INR,899.0,East Delhi,DELHI,110095.0,IN,IN Core Free Shipping 2015/04/08 23-48-5-108,False,,
4086,404-6708059-0934711,04-28-22,Cancelled,Amazon,Amazon.in,Expedited,SET268,SET268-KR-NP-L,Set,L,B08XQ8MCKP,Unshipped,1,INR,788.0,BENGALURU,KARNATAKA,560079.0,IN,,False,,
508,171-6816175-3049154,04-30-22,Shipped,Amazon,Amazon.in,Expedited,SET345,SET345-KR-NP-XL,Set,XL,B09KXWW582,Shipped,1,INR,626.0,PRODDATUR,ANDHRA PRADESH,516360.0,IN,IN Core Free Shipping 2015/04/08 23-48-5-108,False,,
6354,403-5716678-4832334,04-26-22,Shipped,Amazon,Amazon.in,Expedited,SET264,SET264-KR-NP-M,Set,M,B08YN44FZJ,Shipped,1,INR,824.0,HYDERABAD,TELANGANA,500072.0,IN,,False,,
29644,406-2722990-0766765,04-13-22,Shipped,Amazon,Amazon.in,Expedited,JNE3748,JNE3748-KR-XXXL,kurta,3XL,B09RKBT7JT,Shipped,1,INR,517.0,NEW DELHI,DELHI,110058.0,IN,,False,,
20815,403-4958767-4221921,04-18-22,Shipped,Amazon,Amazon.in,Expedited,JNE3733,JNE3733-KR-M,kurta,M,B09KXQJYNP,Shipped,1,INR,549.0,CHENNAI,TAMIL NADU,600097.0,IN,,False,,
6234,407-6417185-3321117,04-26-22,Shipped,Amazon,Amazon.in,Expedited,SET240,SET240-KR-PP-XS,Set,XS,B08N4S2RQR,Shipped,1,INR,629.0,MUMBAI,MAHARASHTRA,400050.0,IN,,False,,
31989,403-7413123-2085104,04-11-22,Shipped - Delivered to Buyer,Merchant,Amazon.in,Standard,SET333,SET333-KR-DPT-XL,Set,XL,B09RKFZ1KH,Shipped,1,INR,909.0,KAYALPATTINAM,TAMIL NADU,628204.0,IN,"Amazon PLCC Free-Financing Universal Merchant AAT-WNKTBO3K27EJC,Amazon PLCC Free-Financing Universal Merchant AAT-QX3UCCJESKPA2,Amazon PLCC Free-Financing Universal Merchant AAT-CXJHMC2YJUK76,Amazon PLCC Free-Financing Universal Merchant AAT-CC4FAVTYR4X7C,Amazon PLCC Free-Financing Universal Merchant AAT-XXRCW6NZEPZI4,Amazon PLCC Free-Financing Universal Merchant AAT-R7GXNZWISTRFA,Amazon PLCC Free-Financing Universal Merchant AAT-EOKPWFWYW7Y6I,Amazon PLCC Free-Financing Universal Merchant AAT-ZYL5UPUNW6T62,Amazon PLCC Free-Financing Universal Merchant AAT-G5ZRX4BZOIODU,Amazon PLCC Free-Financing Universal Merchant AAT-P3CSUAK4HTEP2,Amazon PLCC Free-Financing Universal Merchant AAT-PZHUW6DZX4BPS,Amazon PLCC Free-Financing Universal Merchant AAT-BRSZZ45H6MHAO,Amazon PLCC Free-Financing Universal Merchant AAT-MKLXOOZWQL7GO,Amazon PLCC Free-Financing Universal Merchant AAT-CB7UNXEXGIJTC,Amazon PLCC Free-Financing Universal Merchant #MP-gzasho-1593152694811,Amazon PLCC Free-Financing Universal Merchant AAT-WLBA4GZ52EAH4,Amazon PLCC Free-Financing Universal Merchant #MP-pmilan-1601980554292",False,Easy Ship,
12995,408-0961191-8821164,04-22-22,Shipped,Amazon,Amazon.in,Expedited,J0118,J0118-TP-XXL,Top,XXL,B08N4QTQHW,Shipped,1,INR,487.0,Puzhakkal,KERALA,680553.0,IN,,False,,
42501,406-4368326-7327548,04-05-22,Shipped,Amazon,Amazon.in,Expedited,SET345,SET345-KR-NP-M,Set,M,B09KXV4BN8,Shipped,1,INR,618.0,Bengaluru,KARNATAKA,560078.0,IN,IN Core Free Shipping 2015/04/08 23-48-5-108,False,,
38920,406-5203764-0171511,04-07-22,Shipped,Amazon,Amazon.in,Expedited,J0336,J0336-TP-XXXL,Top,3XL,B0986TP5RR,Shipped,1,INR,599.0,HYDERABAD,TELANGANA,500074.0,IN,,False,,
262,404-6783988-2006729,04-30-22,Shipped,Amazon,Amazon.in,Expedited,SET324,SET324-KR-NP-L,Set,L,B09NQ44RNV,Shipped,1,INR,597.0,CHENNAI,TAMIL NADU,600096.0,IN,IN Core Free Shipping 2015/04/08 23-48-5-108,False,,
7891,407-1988483-9693951,04-25-22,Shipped - Delivered to Buyer,Merchant,Amazon.in,Standard,MEN5010,MEN5010-KR-M,kurta,M,B08YZ1LYHJ,Shipped,1,INR,462.0,Mumbai,MAHARASHTRA,400050.0,IN,"Amazon PLCC Free-Financing Universal Merchant AAT-WNKTBO3K27EJC,Amazon PLCC Free-Financing Universal Merchant AAT-QX3UCCJESKPA2,Amazon PLCC Free-Financing Universal Merchant AAT-5QQ7BIYYQEDN2,Amazon PLCC Free-Financing Universal Merchant AAT-DSJ2QRXXWXVMQ,Amazon PLCC Free-Financing Universal Merchant AAT-CXJHMC2YJUK76,Amazon PLCC Free-Financing Universal Merchant AAT-SL3Y2YRMAUNFC,Amazon PLCC Free-Financing Universal Merchant AAT-CC4FAVTYR4X7C,Amazon PLCC Free-Financing Universal Merchant AAT-XXRCW6NZEPZI4,Amazon PLCC Free-Financing Universal Merchant AAT-R7GXNZWISTRFA,Amazon PLCC Free-Financing Universal Merchant AAT-WSJLDN3X7KEMO,Amazon PLCC Free-Financing Universal Merchant AAT-VL6FGQVGQVXUS,Amazon PLCC Free-Financing Universal Merchant AAT-EOKPWFWYW7Y6I,Amazon PLCC Free-Financing Universal Merchant AAT-G5ZRX4BZOIODU,Amazon PLCC Free-Financing Universal Merchant AAT-P3CSUAK4HTEP2,Amazon PLCC Free-Financing Universal Merchant AAT-ACZIPIA37BFIY,Amazon PLCC Free-Financing Universal Merchant AAT-4UKS7UWZY3AES,Amazon PLCC Free-Financing Universal Merchant AAT-DELQQPYRTQEMS,Amazon PLCC Free-Financing Universal Merchant AAT-ETXQ3XXWMRXBG,Amazon PLCC Free-Financing Universal Merchant AAT-BRSZZ45H6MHAO,Amazon PLCC Free-Financing Universal Merchant AAT-MKLXOOZWQL7GO,Amazon PLCC Free-Financing Universal Merchant AAT-CB7UNXEXGIJTC,Amazon PLCC Free-Financing Universal Merchant #MP-gzasho-1593152694811,Amazon PLCC Free-Financing Universal Merchant AAT-WLBA4GZ52EAH4,Amazon PLCC Free-Financing Universal Merchant #MP-pmilan-1601980554292",False,Easy Ship,
10527,402-0420569-9093938,04-24-22,Shipped,Amazon,Amazon.in,Expedited,MEN5011,MEN5011-KR-XL,kurta,XL,B08YZ1RHHJ,Shipped,1,INR,499.0,MUMBAI,MAHARASHTRA,400097.0,IN,,False,,
18600,407-1659817-4577123,04-19-22,Shipped,Amazon,Amazon.in,Expedited,JNE3473,JNE3473-KR-XS,kurta,XS,B08B3Y2TWH,Shipped,1,INR,487.0,KANCHIPURAM,TAMIL NADU,600061.0,IN,IN Core Free Shipping 2015/04/08 23-48-5-108,False,,
24114,404-2972104-1229965,04-16-22,Shipped - Delivered to Buyer,Merchant,Amazon.in,Standard,MEN5023,MEN5023-KR-XXL,kurta,XXL,B08YYZ1RYT,Shipped,1,INR,549.0,Kolkata,WEST BENGAL,700037.0,IN,"Amazon PLCC Free-Financing Universal Merchant AAT-WNKTBO3K27EJC,Amazon PLCC Free-Financing Universal Merchant AAT-QX3UCCJESKPA2,Amazon PLCC Free-Financing Universal Merchant AAT-CXJHMC2YJUK76,Amazon PLCC Free-Financing Universal Merchant AAT-SL3Y2YRMAUNFC,Amazon PLCC Free-Financing Universal Merchant AAT-CC4FAVTYR4X7C,Amazon PLCC Free-Financing Universal Merchant AAT-XXRCW6NZEPZI4,Amazon PLCC Free-Financing Universal Merchant AAT-EOKPWFWYW7Y6I,Amazon PLCC Free-Financing Universal Merchant AAT-ZYL5UPUNW6T62,Amazon PLCC Free-Financing Universal Merchant AAT-G5ZRX4BZOIODU,Amazon PLCC Free-Financing Universal Merchant AAT-DELQQPYRTQEMS,Amazon PLCC Free-Financing Universal Merchant AAT-XX7G3ZRJJJ5LG,Amazon PLCC Free-Financing Universal Merchant AAT-LEHCKNDBJG64E,Amazon PLCC Free-Financing Universal Merchant AAT-DJVHCEV7D7RQY,Amazon PLCC Free-Financing Universal Merchant AAT-BRSZZ45H6MHAO,Amazon PLCC Free-Financing Universal Merchant AAT-MKLXOOZWQL7GO,Amazon PLCC Free-Financing Universal Merchant AAT-CB7UNXEXGIJTC,Amazon PLCC Free-Financing Universal Merchant #MP-gzasho-1593152694811,Amazon PLCC Free-Financing Universal Merchant AAT-WLBA4GZ52EAH4",False,Easy Ship,
33498,404-8849606-1285924,04-10-22,Cancelled,Amazon,Amazon.in,Expedited,SET110,SET110-KR-PP-S,Set,S,B0822T2BM8,Cancelled,0,,,KANDAMKUNNU,KERALA,670701.0,IN,,False,,
13471,404-6975346-0430743,04-22-22,Shipped,Amazon,Amazon.in,Expedited,SET159,SET159-KR-NP-XS,Set,XS,B0822STS8T,Shipped,1,INR,464.0,Greater noida,UTTAR PRADESH,201310.0,IN,,False,,
31725,403-5531302-6908308,04-11-22,Shipped,Amazon,Amazon.in,Expedited,SET398,SET398-KR-PP-XXL,Set,XXL,B09RP8WY5J,Shipped,1,INR,1186.0,TENALI,ANDHRA PRADESH,522201.0,IN,IN Core Free Shipping 2015/04/08 23-48-5-108,False,,
23690,404-9145889-9399516,04-16-22,Shipped,Amazon,Amazon.in,Expedited,J0337,J0337-TP-XL,Top,XL,B0986XV4QN,Shipped,1,INR,487.0,JAMSHEDPUR,JHARKHAND,831001.0,IN,IN Core Free Shipping 2015/04/08 23-48-5-108,False,,
10557,405-1649176-6280320,04-24-22,Shipped,Amazon,Amazon.in,Expedited,JNE3399,JNE3399-KR-M,kurta,M,B082W84Q2J,Shipped,1,INR,435.0,PERAVALI,ANDHRA PRADESH,534330.0,IN,Duplicated AYTJSBA8ZOP16 1567159860988,False,,
6556,402-9068918-1249145,04-26-22,Cancelled,Merchant,Amazon.in,Standard,JNE3479,JNE3479-KR-S,kurta,S,B08MYT459J,,0,INR,246.67,KANCHEEPURAM,TAMIL NADU,631501.0,IN,,False,Easy Ship,
45577,402-4036339-6853933,04-03-22,Shipped,Amazon,Amazon.in,Expedited,SET295,SET295-KR-NP-XL,Set,XL,B09PN51JWD,Shipped,1,INR,747.0,KURNOOL,ANDHRA PRADESH,518002.0,IN,IN Core Free Shipping 2015/04/08 23-48-5-108,False,,
41503,403-8413748-3931569,04-05-22,Shipped,Amazon,Amazon.in,Expedited,MEN5005,MEN5005-KR-XXXL,kurta,3XL,B08YYPZJ9R,Shipped,1,INR,452.0,SABANG,WEST BENGAL,721166.0,IN,IN Core Free Shipping 2015/04/08 23-48-5-108,False,,
27872,408-3317403-1729937,04-14-22,Shipped - Delivered to Buyer,Merchant,Amazon.in,Standard,SET288,SET288-KR-NP-XXXL,Set,3XL,B09M6STTBC,Shipped,1,INR,684.0,HYDERABAD,TELANGANA,500044.0,IN,"Amazon PLCC Free-Financing Universal Merchant AAT-WNKTBO3K27EJC,Amazon PLCC Free-Financing Universal Merchant AAT-QX3UCCJESKPA2,Amazon PLCC Free-Financing Universal Merchant AAT-CXJHMC2YJUK76,Amazon PLCC Free-Financing Universal Merchant AAT-CC4FAVTYR4X7C,Amazon PLCC Free-Financing Universal Merchant AAT-XXRCW6NZEPZI4,Amazon PLCC Free-Financing Universal Merchant AAT-EOKPWFWYW7Y6I,Amazon PLCC Free-Financing Universal Merchant AAT-ZYL5UPUNW6T62,Amazon PLCC Free-Financing Universal Merchant AAT-G5ZRX4BZOIODU,Amazon PLCC Free-Financing Universal Merchant AAT-LMLYJV5SYVNDA,Amazon PLCC Free-Financing Universal Merchant AAT-PZHUW6DZX4BPS,Amazon PLCC Free-Financing Universal Merchant AAT-BRSZZ45H6MHAO,Amazon PLCC Free-Financing Universal Merchant AAT-MKLXOOZWQL7GO,Amazon PLCC Free-Financing Universal Merchant AAT-CB7UNXEXGIJTC,Amazon PLCC Free-Financing Universal Merchant #MP-gzasho-1593152694811,Amazon PLCC Free-Financing Universal Merchant AAT-WLBA4GZ52EAH4,Amazon PLCC Free-Financing Universal Merchant #MP-pmilan-1601980554292",False,Easy Ship,
10810,404-3929293-1161942,04-24-22,Shipped,Amazon,Amazon.in,Expedited,JNE3463,JNE3463-KR-XXL,kurta,XXL,B08RP77NWN,Shipped,1,INR,534.0,MYSURU,KARNATAKA,570020.0,IN,,False,,
38214,171-1907717-2461911,04-07-22,Shipped,Amazon,Amazon.in,Expedited,SET269,SET269-KR-NP-L,Set,L,B0983D9C65,Shipped,1,INR,824.0,GHAZIABAD,UTTAR PRADESH,201013.0,IN,IN Core Free Shipping 2015/04/08 23-48-5-108,False,,
11730,405-7747857-5271560,04-23-22,Shipped,Amazon,Amazon.in,Expedited,J0012,J0012-SKD-L,Set,L,B0894XGSH9,Shipped,1,INR,1213.0,COIMBATORE,TAMIL NADU,641023.0,IN,,False,,
27438,171-0275878-9743523,04-14-22,Shipped,Amazon,Amazon.in,Expedited,SET014,SET014-KR-PP-XXXL,Set,3XL,B07K5BD23T,Shipped,1,INR,818.0,TIRUPATI,ANDHRA PRADESH,517501.0,IN,IN Core Free Shipping 2015/04/08 23-48-5-108,False,,
21779,402-3160951-7705917,04-17-22,Shipped - Delivered to Buyer,Merchant,Amazon.in,Standard,J0215,J0215-BL-M,Blouse,M,B09KXXLQK3,Shipped,1,INR,545.0,MUMBAI,MAHARASHTRA,400101.0,IN,"Amazon PLCC Free-Financing Universal Merchant AAT-WNKTBO3K27EJC,Amazon PLCC Free-Financing Universal Merchant AAT-QX3UCCJESKPA2,Amazon PLCC Free-Financing Universal Merchant AAT-CXJHMC2YJUK76,Amazon PLCC Free-Financing Universal Merchant AAT-SL3Y2YRMAUNFC,Amazon PLCC Free-Financing Universal Merchant AAT-CC4FAVTYR4X7C,Amazon PLCC Free-Financing Universal Merchant AAT-XXRCW6NZEPZI4,Amazon PLCC Free-Financing Universal Merchant AAT-CXNSLNBROFDW4,Amazon PLCC Free-Financing Universal Merchant AAT-WSJLDN3X7KEMO,Amazon PLCC Free-Financing Universal Merchant AAT-VL6FGQVGQVXUS,Amazon PLCC Free-Financing Universal Merchant AAT-EOKPWFWYW7Y6I,Amazon PLCC Free-Financing Universal Merchant AAT-ZYL5UPUNW6T62,Amazon PLCC Free-Financing Universal Merchant AAT-G5ZRX4BZOIODU,Amazon PLCC Free-Financing Universal Merchant AAT-ACZIPIA37BFIY,Amazon PLCC Free-Financing Universal Merchant AAT-4UKS7UWZY3AES,Amazon PLCC Free-Financing Universal Merchant AAT-PZHUW6DZX4BPS,Amazon PLCC Free-Financing Universal Merchant AAT-XX7G3ZRJJJ5LG,Amazon PLCC Free-Financing Universal Merchant AAT-LEHCKNDBJG64E,Amazon PLCC Free-Financing Universal Merchant AAT-DJVHCEV7D7RQY,Amazon PLCC Free-Financing Universal Merchant AAT-BRSZZ45H6MHAO,Amazon PLCC Free-Financing Universal Merchant AAT-MKLXOOZWQL7GO,Amazon PLCC Free-Financing Universal Merchant AAT-CB7UNXEXGIJTC,Amazon PLCC Free-Financing Universal Merchant #MP-gzasho-1593152694811,Amazon PLCC Free-Financing Universal Merchant AAT-WLBA4GZ52EAH4",False,Easy Ship,
34079,171-5873322-1005127,04-10-22,Shipped - Delivered to Buyer,Merchant,Amazon.in,Standard,J0153,J0153-DR-L,Western Dress,L,B08N49HFRG,Shipped,1,INR,443.0,DIMAPUR,NAGALAND,797112.0,IN,"Amazon PLCC Free-Financing Universal Merchant AAT-WNKTBO3K27EJC,Amazon PLCC Free-Financing Universal Merchant AAT-QX3UCCJESKPA2,Amazon PLCC Free-Financing Universal Merchant AAT-CXJHMC2YJUK76,Amazon PLCC Free-Financing Universal Merchant AAT-CC4FAVTYR4X7C,Amazon PLCC Free-Financing Universal Merchant AAT-XXRCW6NZEPZI4,Amazon PLCC Free-Financing Universal Merchant AAT-EOKPWFWYW7Y6I,Amazon PLCC Free-Financing Universal Merchant AAT-ZYL5UPUNW6T62,Amazon PLCC Free-Financing Universal Merchant AAT-G5ZRX4BZOIODU,Amazon PLCC Free-Financing Universal Merchant SS-1649241544188,Amazon PLCC Free-Financing Universal Merchant AAT-TNYBHEAO7HOHO,Amazon PLCC Free-Financing Universal Merchant AAT-BRSZZ45H6MHAO,Amazon PLCC Free-Financing Universal Merchant AAT-MKLXOOZWQL7GO,Amazon PLCC Free-Financing Universal Merchant AAT-CB7UNXEXGIJTC,Amazon PLCC Free-Financing Universal Merchant #MP-gzasho-1593152694811,Amazon PLCC Free-Financing Universal Merchant AAT-WLBA4GZ52EAH4,Amazon PLCC Free-Financing Universal Merchant AAT-QMFZ3M7T5NPDS,Amazon PLCC Free-Financing Universal Merchant #MP-pmilan-1601980554292",False,Easy Ship,
22915,171-2086099-7428336,04-16-22,Shipped - Delivered to Buyer,Merchant,Amazon.in,Standard,JNE2032,JNE2032-KR-205-L,kurta,L,B0768H3V5D,Shipped,1,INR,316.0,Bengaluru,KARNATAKA,560076.0,IN,"Amazon PLCC Free-Financing Universal Merchant AAT-WNKTBO3K27EJC,Amazon PLCC Free-Financing Universal Merchant AAT-QX3UCCJESKPA2,Amazon PLCC Free-Financing Universal Merchant AAT-CXJHMC2YJUK76,Amazon PLCC Free-Financing Universal Merchant AAT-SL3Y2YRMAUNFC,Amazon PLCC Free-Financing Universal Merchant AAT-CC4FAVTYR4X7C,Amazon PLCC Free-Financing Universal Merchant AAT-XXRCW6NZEPZI4,Amazon PLCC Free-Financing Universal Merchant AAT-EOKPWFWYW7Y6I,Amazon PLCC Free-Financing Universal Merchant AAT-ZYL5UPUNW6T62,Amazon PLCC Free-Financing Universal Merchant AAT-G5ZRX4BZOIODU,Amazon PLCC Free-Financing Universal Merchant AAT-PZHUW6DZX4BPS,Amazon PLCC Free-Financing Universal Merchant AAT-XX7G3ZRJJJ5LG,Amazon PLCC Free-Financing Universal Merchant AAT-LEHCKNDBJG64E,Amazon PLCC Free-Financing Universal Merchant AAT-DJVHCEV7D7RQY,Amazon PLCC Free-Financing Universal Merchant SS-1649917930904,Amazon PLCC Free-Financing Universal Merchant AAT-BRSZZ45H6MHAO,Amazon PLCC Free-Financing Universal Merchant AAT-MKLXOOZWQL7GO,Amazon PLCC Free-Financing Universal Merchant AAT-CB7UNXEXGIJTC,Amazon PLCC Free-Financing Universal Merchant #MP-gzasho-1593152694811,Amazon PLCC Free-Financing Universal Merchant AAT-WLBA4GZ52EAH4,Amazon PLCC Free-Financing Universal Merchant #MP-pmilan-1601980554292",False,Easy Ship,
8085,171-3078638-4611566,04-25-22,Shipped - Returned to Seller,Merchant,Amazon.in,Standard,SET239,SET239-KR-NP-XXL,Set,XXL,B08V1Q4V1K,Shipped,1,INR,654.0,DEHRADUN,UTTARAKHAND,248001.0,IN,"Amazon PLCC Free-Financing Universal Merchant AAT-WNKTBO3K27EJC,Amazon PLCC Free-Financing Universal Merchant AAT-QX3UCCJESKPA2,Amazon PLCC Free-Financing Universal Merchant AAT-5QQ7BIYYQEDN2,Amazon PLCC Free-Financing Universal Merchant AAT-DSJ2QRXXWXVMQ,Amazon PLCC Free-Financing Universal Merchant AAT-CXJHMC2YJUK76,Amazon PLCC Free-Financing Universal Merchant AAT-CC4FAVTYR4X7C,Amazon PLCC Free-Financing Universal Merchant AAT-XXRCW6NZEPZI4,Amazon PLCC Free-Financing Universal Merchant AAT-WSJLDN3X7KEMO,Amazon PLCC Free-Financing Universal Merchant AAT-VL6FGQVGQVXUS,Amazon PLCC Free-Financing Universal Merchant AAT-EOKPWFWYW7Y6I,Amazon PLCC Free-Financing Universal Merchant AAT-ZYL5UPUNW6T62,Amazon PLCC Free-Financing Universal Merchant AAT-G5ZRX4BZOIODU,Amazon PLCC Free-Financing Universal Merchant AAT-ACZIPIA37BFIY,Amazon PLCC Free-Financing Universal Merchant AAT-4UKS7UWZY3AES,Amazon PLCC Free-Financing Universal Merchant AAT-PZHUW6DZX4BPS,Amazon PLCC Free-Financing Universal Merchant AAT-ETXQ3XXWMRXBG,Amazon PLCC Free-Financing Universal Merchant AAT-BRSZZ45H6MHAO,Amazon PLCC Free-Financing Universal Merchant AAT-MKLXOOZWQL7GO,Amazon PLCC Free-Financing Universal Merchant AAT-CB7UNXEXGIJTC,Amazon PLCC Free-Financing Universal Merchant #MP-gzasho-1593152694811,Amazon PLCC Free-Financing Universal Merchant AAT-WLBA4GZ52EAH4",False,Easy Ship,
43467,171-0445326-2304367,04-04-22,Shipped,Amazon,Amazon.in,Expedited,JNE3405,JNE3405-KR-L,kurta,L,B081WSCKPQ,Shipped,1,INR,449.0,BENGALURU,KARNATAKA,560068.0,IN,,False,,
14709,402-1300979-0284334,04-21-22,Shipped,Amazon,Amazon.in,Expedited,SET345,SET345-KR-NP-XS,Set,XS,B09KXSVTDB,Shipped,1,INR,666.0,Mumbai,MAHARASHTRA,400013.0,IN,,False,,
15466,403-4697022-6110759,04-21-22,Cancelled,Amazon,Amazon.in,Expedited,J0118,J0118-TP-XL,Top,XL,B08N4RDVZP,Unshipped,1,INR,487.0,BHUBANESWAR,ODISHA,751024.0,IN,,False,,
37172,408-5182701-3942723,04-08-22,Cancelled,Amazon,Amazon.in,Expedited,JNE3797,JNE3797-KR-XXL,Western Dress,XXL,B09SDXSQ33,Unshipped,1,INR,725.0,MUMBAI,MAHARASHTRA,400092.0,IN,,False,,
28748,171-1778986-0019504,04-13-22,Shipped,Amazon,Amazon.in,Expedited,JNE3405,JNE3405-KR-L,kurta,L,B081WSCKPQ,Shipped,1,INR,399.0,SALEM,TAMIL NADU,636014.0,IN,,False,,
3104,402-4651778-4259505,04-28-22,Shipped,Amazon,Amazon.in,Expedited,SET197,SET197-KR-NP-L,Set,L,B08B3YPD63,Shipped,1,INR,759.0,CHENNAI,TAMIL NADU,600050.0,IN,,False,,
708,402-5014156-9264316,04-30-22,Cancelled,Amazon,Amazon.in,Expedited,JNE3373,JNE3373-KR-XXXL,kurta,3XL,B082W7MZVQ,Cancelled,0,,,HYDERABAD,TELANGANA,500049.0,IN,,False,,
38385,403-5363586-2567530,04-07-22,Shipped - Delivered to Buyer,Merchant,Amazon.in,Standard,JNE3721,JNE3721-KR-XS,kurta,XS,B099FCBF34,Shipped,1,INR,329.0,AHMEDABAD,Gujarat,380061.0,IN,"Amazon PLCC Free-Financing Universal Merchant AAT-WNKTBO3K27EJC,Amazon PLCC Free-Financing Universal Merchant AAT-QX3UCCJESKPA2,Amazon PLCC Free-Financing Universal Merchant AAT-CXJHMC2YJUK76,Amazon PLCC Free-Financing Universal Merchant AAT-CC4FAVTYR4X7C,Amazon PLCC Free-Financing Universal Merchant AAT-XXRCW6NZEPZI4,Amazon PLCC Free-Financing Universal Merchant AAT-EOKPWFWYW7Y6I,Amazon PLCC Free-Financing Universal Merchant AAT-ZYL5UPUNW6T62,Amazon PLCC Free-Financing Universal Merchant AAT-G5ZRX4BZOIODU,Amazon PLCC Free-Financing Universal Merchant AAT-YFJA6XMAMWZSK,Amazon PLCC Free-Financing Universal Merchant AAT-K66BSCE2J2V5E,Amazon PLCC Free-Financing Universal Merchant AAT-275LMAQ3T5REI,Amazon PLCC Free-Financing Universal Merchant AAT-EPSXIT4LWLKXC,Amazon PLCC Free-Financing Universal Merchant AAT-BRSZZ45H6MHAO,Amazon PLCC Free-Financing Universal Merchant AAT-MKLXOOZWQL7GO,Amazon PLCC Free-Financing Universal Merchant AAT-CB7UNXEXGIJTC,Amazon PLCC Free-Financing Universal Merchant #MP-gzasho-1593152694811,Amazon PLCC Free-Financing Universal Merchant AAT-WLBA4GZ52EAH4,Amazon PLCC Free-Financing Universal Merchant #MP-pmilan-1601980554292",False,Easy Ship,
23444,407-3218831-0887562,04-16-22,Shipped,Amazon,Amazon.in,Expedited,SET393,SET393-KR-NP-XS,Set,XS,B09QJ3RGB6,Shipped,1,INR,969.0,CHOWWARA,KERALA,683574.0,IN,IN Core Free Shipping 2015/04/08 23-48-5-108,False,,
26510,407-9752059-5241156,04-14-22,Shipped,Amazon,Amazon.in,Expedited,J0342,J0342-TP-XS,Top,XS,B099S8D35J,Shipped,1,INR,574.0,Hyderabad,TELANGANA,500062.0,IN,,False,,
8466,171-2160804-9094765,04-25-22,Shipped - Delivered to Buyer,Merchant,Amazon.in,Standard,SET361,SET361-KR-NP-S,Set,S,B09QJ4J6KJ,Shipped,1,INR,1126.0,KANPUR,UTTAR PRADESH,208001.0,IN,"Amazon PLCC Free-Financing Universal Merchant AAT-WNKTBO3K27EJC,Amazon PLCC Free-Financing Universal Merchant AAT-QX3UCCJESKPA2,Amazon PLCC Free-Financing Universal Merchant AAT-5QQ7BIYYQEDN2,Amazon PLCC Free-Financing Universal Merchant AAT-DSJ2QRXXWXVMQ,Amazon PLCC Free-Financing Universal Merchant AAT-CXJHMC2YJUK76,Amazon PLCC Free-Financing Universal Merchant AAT-SL3Y2YRMAUNFC,Amazon PLCC Free-Financing Universal Merchant AAT-CC4FAVTYR4X7C,Amazon PLCC Free-Financing Universal Merchant AAT-XXRCW6NZEPZI4,Amazon PLCC Free-Financing Universal Merchant AAT-EOKPWFWYW7Y6I,Amazon PLCC Free-Financing Universal Merchant AAT-ZYL5UPUNW6T62,Amazon PLCC Free-Financing Universal Merchant AAT-G5ZRX4BZOIODU,Amazon PLCC Free-Financing Universal Merchant AAT-PZHUW6DZX4BPS,Amazon PLCC Free-Financing Universal Merchant AAT-ETXQ3XXWMRXBG,Amazon PLCC Free-Financing Universal Merchant AAT-BRSZZ45H6MHAO,Amazon PLCC Free-Financing Universal Merchant AAT-MKLXOOZWQL7GO,Amazon PLCC Free-Financing Universal Merchant AAT-CB7UNXEXGIJTC,Amazon PLCC Free-Financing Universal Merchant #MP-gzasho-1593152694811,Amazon PLCC Free-Financing Universal Merchant AAT-WLBA4GZ52EAH4",False,Easy Ship,
6230,407-3731933-2865155,04-26-22,Shipped - Delivered to Buyer,Merchant,Amazon.in,Standard,JNE3439,JNE3439-KR-M,kurta,M,B081WSGX1L,Shipped,1,INR,399.0,Mala,KERALA,680732.0,IN,"Amazon PLCC Free-Financing Universal Merchant AAT-WNKTBO3K27EJC,Amazon PLCC Free-Financing Universal Merchant AAT-QX3UCCJESKPA2,Amazon PLCC Free-Financing Universal Merchant AAT-5QQ7BIYYQEDN2,Amazon PLCC Free-Financing Universal Merchant AAT-DSJ2QRXXWXVMQ,Amazon PLCC Free-Financing Universal Merchant AAT-CXJHMC2YJUK76,Amazon PLCC Free-Financing Universal Merchant AAT-CC4FAVTYR4X7C,Amazon PLCC Free-Financing Universal Merchant AAT-XXRCW6NZEPZI4,Amazon PLCC Free-Financing Universal Merchant AAT-CXNSLNBROFDW4,Amazon PLCC Free-Financing Universal Merchant AAT-WSJLDN3X7KEMO,Amazon PLCC Free-Financing Universal Merchant AAT-VL6FGQVGQVXUS,Amazon PLCC Free-Financing Universal Merchant AAT-EOKPWFWYW7Y6I,Amazon PLCC Free-Financing Universal Merchant AAT-ZYL5UPUNW6T62,Amazon PLCC Free-Financing Universal Merchant AAT-G5ZRX4BZOIODU,Amazon PLCC Free-Financing Universal Merchant AAT-ACZIPIA37BFIY,Amazon PLCC Free-Financing Universal Merchant AAT-4UKS7UWZY3AES,Amazon PLCC Free-Financing Universal Merchant AAT-PZHUW6DZX4BPS,Amazon PLCC Free-Financing Universal Merchant AAT-ETXQ3XXWMRXBG,Amazon PLCC Free-Financing Universal Merchant AAT-7X3XCTYG64VBE,Amazon PLCC Free-Financing Universal Merchant AAT-7CHGD3WTS3MHM,Amazon PLCC Free-Financing Universal Merchant AAT-26ZDKNME27X42,Amazon PLCC Free-Financing Universal Merchant AAT-4ZF5KN6E4LJK4,Amazon PLCC Free-Financing Universal Merchant AAT-7RCXIKUAX7DDY,Amazon PLCC Free-Financing Universal Merchant AAT-BRSZZ45H6MHAO,Amazon PLCC Free-Financing Universal Merchant AAT-MKLXOOZWQL7GO,Amazon PLCC Free-Financing Universal Merchant AAT-CB7UNXEXGIJTC,Amazon PLCC Free-Financing Universal Merchant #MP-gzasho-1593152694811,Amazon PLCC Free-Financing Universal Merchant AAT-WLBA4GZ52EAH4",False,Easy Ship,
46358,407-3823476-6343508,04-02-22,Cancelled,Amazon,Amazon.in,Expedited,JNE3373,JNE3373-KR-M,kurta,M,B082W8F8P3,Unshipped,1,INR,364.0,Bangalore,KARNATAKA,560043.0,IN,,False,,
39357,408-7065176-1090740,04-07-22,Shipped - Delivered to Buyer,Merchant,Amazon.in,Standard,JNE3800,JNE3800-KR-A-XXXL,Western Dress,3XL,B09TH53Q68,Shipped,1,INR,771.0,UDAIPUR,RAJASTHAN,313001.0,IN,"Amazon PLCC Free-Financing Universal Merchant AAT-WNKTBO3K27EJC,Amazon PLCC Free-Financing Universal Merchant AAT-QX3UCCJESKPA2,Amazon PLCC Free-Financing Universal Merchant AAT-CXJHMC2YJUK76,Amazon PLCC Free-Financing Universal Merchant AAT-CC4FAVTYR4X7C,Amazon PLCC Free-Financing Universal Merchant AAT-XXRCW6NZEPZI4,Amazon PLCC Free-Financing Universal Merchant AAT-CXNSLNBROFDW4,Amazon PLCC Free-Financing Universal Merchant AAT-WSJLDN3X7KEMO,Amazon PLCC Free-Financing Universal Merchant AAT-VL6FGQVGQVXUS,Amazon PLCC Free-Financing Universal Merchant AAT-EOKPWFWYW7Y6I,Amazon PLCC Free-Financing Universal Merchant AAT-ZYL5UPUNW6T62,Amazon PLCC Free-Financing Universal Merchant AAT-G5ZRX4BZOIODU,Amazon PLCC Free-Financing Universal Merchant AAT-ACZIPIA37BFIY,Amazon PLCC Free-Financing Universal Merchant AAT-YFJA6XMAMWZSK,Amazon PLCC Free-Financing Universal Merchant AAT-K66BSCE2J2V5E,Amazon PLCC Free-Financing Universal Merchant AAT-275LMAQ3T5REI,Amazon PLCC Free-Financing Universal Merchant AAT-EPSXIT4LWLKXC,Amazon PLCC Free-Financing Universal Merchant AAT-BRSZZ45H6MHAO,Amazon PLCC Free-Financing Universal Merchant AAT-MKLXOOZWQL7GO,Amazon PLCC Free-Financing Universal Merchant AAT-CB7UNXEXGIJTC,Amazon PLCC Free-Financing Universal Merchant #MP-gzasho-1593152694811,Amazon PLCC Free-Financing Universal Merchant AAT-WLBA4GZ52EAH4",False,Easy Ship,
16386,405-8903342-9777936,04-20-22,Shipped,Amazon,Amazon.in,Expedited,SET044,SET044-KR-NP-L,Set,L,B07Q2P453R,Shipped,1,INR,612.0,LAKHIMPUR,UTTAR PRADESH,262701.0,IN,IN Core Free Shipping 2015/04/08 23-48-5-108,False,,
34165,403-5149132-1971503,04-10-22,Shipped,Amazon,Amazon.in,Expedited,JNE3405,JNE3405-KR-S,kurta,S,B081WX4G4Q,Shipped,1,INR,399.0,VASAI VIRAR,MAHARASHTRA,401301.0,IN,,False,,
4168,405-0463424-4289137,04-28-22,Shipped,Amazon,Amazon.in,Expedited,JNE3440,JNE3440-KR-N-XXXL,kurta,3XL,B09HMTKV2L,Shipped,1,INR,399.0,DAVANAGERE,KARNATAKA,577005.0,IN,,False,,
5803,403-6929253-3929930,04-27-22,Shipped - Delivered to Buyer,Merchant,Amazon.in,Standard,J0111,J0111-TP-L,Top,L,B092D2M2VS,Shipped,1,INR,423.0,MOTIHARI,BIHAR,845401.0,IN,"Amazon PLCC Free-Financing Universal Merchant AAT-WNKTBO3K27EJC,Amazon PLCC Free-Financing Universal Merchant AAT-QX3UCCJESKPA2,Amazon PLCC Free-Financing Universal Merchant AAT-5QQ7BIYYQEDN2,Amazon PLCC Free-Financing Universal Merchant AAT-DSJ2QRXXWXVMQ,Amazon PLCC Free-Financing Universal Merchant AAT-CXJHMC2YJUK76,Amazon PLCC Free-Financing Universal Merchant AAT-CC4FAVTYR4X7C,Amazon PLCC Free-Financing Universal Merchant AAT-XXRCW6NZEPZI4,Amazon PLCC Free-Financing Universal Merchant AAT-EOKPWFWYW7Y6I,Amazon PLCC Free-Financing Universal Merchant AAT-G5ZRX4BZOIODU,Amazon PLCC Free-Financing Universal Merchant AAT-PZHUW6DZX4BPS,Amazon PLCC Free-Financing Universal Merchant AAT-ETXQ3XXWMRXBG,Amazon PLCC Free-Financing Universal Merchant AAT-7X3XCTYG64VBE,Amazon PLCC Free-Financing Universal Merchant AAT-7CHGD3WTS3MHM,Amazon PLCC Free-Financing Universal Merchant AAT-26ZDKNME27X42,Amazon PLCC Free-Financing Universal Merchant AAT-4ZF5KN6E4LJK4,Amazon PLCC Free-Financing Universal Merchant AAT-7RCXIKUAX7DDY,Amazon PLCC Free-Financing Universal Merchant AAT-BRSZZ45H6MHAO,Amazon PLCC Free-Financing Universal Merchant AAT-MKLXOOZWQL7GO,Amazon PLCC Free-Financing Universal Merchant AAT-CB7UNXEXGIJTC,Amazon PLCC Free-Financing Universal Merchant #MP-gzasho-1593152694811,Amazon PLCC Free-Financing Universal Merchant AAT-WLBA4GZ52EAH4",False,Easy Ship,
12753,406-3391045-7717122,04-22-22,Shipped - Delivered to Buyer,Merchant,Amazon.in,Standard,SET183,SET183-KR-DH-M,Set,M,B08B3Z2YY3,Shipped,1,INR,759.0,MYSURU,KARNATAKA,570004.0,IN,"Amazon PLCC Free-Financing Universal Merchant AAT-WNKTBO3K27EJC,Amazon PLCC Free-Financing Universal Merchant AAT-QX3UCCJESKPA2,Amazon PLCC Free-Financing Universal Merchant AAT-5QQ7BIYYQEDN2,Amazon PLCC Free-Financing Universal Merchant AAT-DSJ2QRXXWXVMQ,Amazon PLCC Free-Financing Universal Merchant AAT-CXJHMC2YJUK76,Amazon PLCC Free-Financing Universal Merchant AAT-SL3Y2YRMAUNFC,Amazon PLCC Free-Financing Universal Merchant AAT-CC4FAVTYR4X7C,Amazon PLCC Free-Financing Universal Merchant AAT-XXRCW6NZEPZI4,Amazon PLCC Free-Financing Universal Merchant AAT-EOKPWFWYW7Y6I,Amazon PLCC Free-Financing Universal Merchant AAT-ZYL5UPUNW6T62,Amazon PLCC Free-Financing Universal Merchant AAT-G5ZRX4BZOIODU,Amazon PLCC Free-Financing Universal Merchant AAT-PZHUW6DZX4BPS,Amazon PLCC Free-Financing Universal Merchant AAT-ETXQ3XXWMRXBG,Amazon PLCC Free-Financing Universal Merchant AAT-TNYBHEAO7HOHO,Amazon PLCC Free-Financing Universal Merchant AAT-BRSZZ45H6MHAO,Amazon PLCC Free-Financing Universal Merchant AAT-MKLXOOZWQL7GO,Amazon PLCC Free-Financing Universal Merchant AAT-CB7UNXEXGIJTC,Amazon PLCC Free-Financing Universal Merchant #MP-gzasho-1593152694811,Amazon PLCC Free-Financing Universal Merchant AAT-WLBA4GZ52EAH4,Amazon PLCC Free-Financing Universal Merchant AAT-QMFZ3M7T5NPDS,Amazon PLCC Free-Financing Universal Merchant #MP-pmilan-1601980554292",False,Easy Ship,
2189,407-8699712-7129943,04-29-22,Shipped,Amazon,Amazon.in,Expedited,JNE3645,JNE3645-TP-N-M,Top,M,B08ZHSXP1S,Shipped,2,INR,864.0,MOHALI,PUNJAB,160062.0,IN,IN Core Free Shipping 2015/04/08 23-48-5-108,False,,
12187,405-1526287-2628309,04-23-22,Shipped,Amazon,Amazon.in,Expedited,SET375,SET375-KR-NP-L,Set,L,B09RKFD39V,Shipped,1,INR,696.0,CHENNAI,TAMIL NADU,600001.0,IN,IN Core Free Shipping 2015/04/08 23-48-5-108,False,,
31727,408-1327021-0176335,04-11-22,Shipped,Amazon,Amazon.in,Expedited,JNE3673,JNE3673-TU-L,Top,L,B0943CV4N8,Shipped,1,INR,599.0,HYDERABAD,TELANGANA,500018.0,IN,IN Core Free Shipping 2015/04/08 23-48-5-108,False,,
19245,404-7605654-1547537,04-19-22,Shipped,Amazon,Amazon.in,Expedited,JNE3691,JNE3691-TU-M,Top,M,B0986YS2YT,Shipped,1,INR,625.0,"Gautam Budh Nagar , NOIDA",UTTAR PRADESH,201304.0,IN,,False,,
37866,404-0523098-5358729,04-08-22,Cancelled,Merchant,Amazon.in,Standard,J0236,J0236-SKD-XXL,Set,XXL,B08ZYQ716N,,0,INR,878.1,GURUGRAM,HARYANA,122505.0,IN,,False,Easy Ship,
43514,406-2324850-8580334,04-04-22,Shipped,Amazon,Amazon.in,Expedited,J0008,J0008-SKD-L,Set,L,B0894YB3B1,Shipped,1,INR,1147.0,KOLHAPUR,MAHARASHTRA,416003.0,IN,,False,,
8718,406-6032628-1463548,04-25-22,Cancelled,Amazon,Amazon.in,Expedited,J0377,J0377-SKD-L,Set,L,B09QJ4FRW9,Unshipped,1,INR,1099.0,VASCO DA GAMA,GOA,403801.0,IN,,False,,
28824,171-3501405-9799514,04-13-22,Shipped,Amazon,Amazon.in,Expedited,SET378,SET378-KR-NP-M,Set,M,B09RKCYB2Z,Shipped,1,INR,1221.0,BHIMAVARAM,ANDHRA PRADESH,534202.0,IN,IN Core Free Shipping 2015/04/08 23-48-5-108,False,,
24468,405-5050877-2633926,04-16-22,Cancelled,Merchant,Amazon.in,Standard,JNE3609,JNE3609-KR-XXXL,kurta,3XL,B08W2R1L7V,,0,INR,540.95,KOCHI,KERALA,682019.0,IN,,False,Easy Ship,
48252,408-4983953-3529969,04-01-22,Shipped,Amazon,Amazon.in,Expedited,JNE3802,JNE3802-KR-XS,kurta,XS,B09K3TGHYV,Shipped,1,INR,453.0,THANE,MAHARASHTRA,400601.0,IN,,False,,
7201,403-1325250-6771503,04-26-22,Shipped - Delivered to Buyer,Merchant,Amazon.in,Standard,SET324,SET324-KR-NP-XXXL,Set,3XL,B09NQ51MPV,Shipped,1,INR,635.0,MADHEPURA,BIHAR,852113.0,IN,"Amazon PLCC Free-Financing Universal Merchant AAT-WNKTBO3K27EJC,Amazon PLCC Free-Financing Universal Merchant AAT-QX3UCCJESKPA2,Amazon PLCC Free-Financing Universal Merchant AAT-5QQ7BIYYQEDN2,Amazon PLCC Free-Financing Universal Merchant AAT-DSJ2QRXXWXVMQ,Amazon PLCC Free-Financing Universal Merchant AAT-CXJHMC2YJUK76,Amazon PLCC Free-Financing Universal Merchant AAT-CC4FAVTYR4X7C,Amazon PLCC Free-Financing Universal Merchant AAT-XXRCW6NZEPZI4,Amazon PLCC Free-Financing Universal Merchant AAT-EOKPWFWYW7Y6I,Amazon PLCC Free-Financing Universal Merchant AAT-ZYL5UPUNW6T62,Amazon PLCC Free-Financing Universal Merchant AAT-G5ZRX4BZOIODU,Amazon PLCC Free-Financing Universal Merchant AAT-PZHUW6DZX4BPS,Amazon PLCC Free-Financing Universal Merchant AAT-ETXQ3XXWMRXBG,Amazon PLCC Free-Financing Universal Merchant AAT-7X3XCTYG64VBE,Amazon PLCC Free-Financing Universal Merchant AAT-7CHGD3WTS3MHM,Amazon PLCC Free-Financing Universal Merchant AAT-26ZDKNME27X42,Amazon PLCC Free-Financing Universal Merchant AAT-4ZF5KN6E4LJK4,Amazon PLCC Free-Financing Universal Merchant AAT-7RCXIKUAX7DDY,Amazon PLCC Free-Financing Universal Merchant AAT-BRSZZ45H6MHAO,Amazon PLCC Free-Financing Universal Merchant AAT-MKLXOOZWQL7GO,Amazon PLCC Free-Financing Universal Merchant AAT-CB7UNXEXGIJTC,Amazon PLCC Free-Financing Universal Merchant #MP-gzasho-1593152694811,Amazon PLCC Free-Financing Universal Merchant AAT-WLBA4GZ52EAH4",False,Easy Ship,
9282,403-3603519-5427533,04-24-22,Shipped,Amazon,Amazon.in,Expedited,SET268,SET268-KR-NP-XL,Set,XL,B08XQBF1G4,Shipped,1,INR,788.0,HYDERABAD,TELANGANA,500073.0,IN,,False,,
26820,406-6801474-4802707,04-14-22,Cancelled,Amazon,Amazon.in,Expedited,JNE3373,JNE3373-KR-XXXL,kurta,3XL,B082W7MZVQ,Cancelled,0,,,TIRUNELVELI,TAMIL NADU,627604.0,IN,,False,,
27373,408-6823297-3333909,04-14-22,Shipped,Amazon,Amazon.in,Expedited,SET252,SET252-KR-PP-XS,Set,XS,B08TH86DG1,Shipped,1,INR,759.0,NEW DELHI,DELHI,110034.0,IN,IN Core Free Shipping 2015/04/08 23-48-5-108,False,,
22492,171-2834320-0277925,04-17-22,Shipped - Delivered to Buyer,Merchant,Amazon.in,Standard,BL003,BL003-50BLACK-B,Blouse,Free,B07818CHQF,Shipped,1,INR,419.0,ADOOR,KERALA,691525.0,IN,"Amazon PLCC Free-Financing Universal Merchant AAT-WNKTBO3K27EJC,Amazon PLCC Free-Financing Universal Merchant AAT-QX3UCCJESKPA2,Amazon PLCC Free-Financing Universal Merchant AAT-CXJHMC2YJUK76,Amazon PLCC Free-Financing Universal Merchant AAT-CC4FAVTYR4X7C,Amazon PLCC Free-Financing Universal Merchant AAT-XXRCW6NZEPZI4,Amazon PLCC Free-Financing Universal Merchant AAT-CXNSLNBROFDW4,Amazon PLCC Free-Financing Universal Merchant AAT-WSJLDN3X7KEMO,Amazon PLCC Free-Financing Universal Merchant AAT-VL6FGQVGQVXUS,Amazon PLCC Free-Financing Universal Merchant AAT-EOKPWFWYW7Y6I,Amazon PLCC Free-Financing Universal Merchant AAT-ZYL5UPUNW6T62,Amazon PLCC Free-Financing Universal Merchant AAT-XVPICCHRWDCAI,Amazon PLCC Free-Financing Universal Merchant AAT-G5ZRX4BZOIODU,Amazon PLCC Free-Financing Universal Merchant AAT-ACZIPIA37BFIY,Amazon PLCC Free-Financing Universal Merchant AAT-4UKS7UWZY3AES,Amazon PLCC Free-Financing Universal Merchant AAT-PZHUW6DZX4BPS,Amazon PLCC Free-Financing Universal Merchant AAT-XX7G3ZRJJJ5LG,Amazon PLCC Free-Financing Universal Merchant AAT-LEHCKNDBJG64E,Amazon PLCC Free-Financing Universal Merchant AAT-DJVHCEV7D7RQY,Amazon PLCC Free-Financing Universal Merchant AAT-BRSZZ45H6MHAO,Amazon PLCC Free-Financing Universal Merchant AAT-MKLXOOZWQL7GO,Amazon PLCC Free-Financing Universal Merchant AAT-CB7UNXEXGIJTC,Amazon PLCC Free-Financing Universal Merchant #MP-gzasho-1593152694811,Amazon PLCC Free-Financing Universal Merchant AAT-WLBA4GZ52EAH4",False,Easy Ship,
45637,403-8469200-1051548,04-03-22,Shipped,Amazon,Amazon.in,Expedited,J0008,J0008-SKD-XXXL,Set,3XL,B0894X8ND7,Shipped,1,INR,1147.0,Hyderabad,TELANGANA,500005.0,IN,,False,,
45879,403-1172026-8265111,04-02-22,Shipped,Amazon,Amazon.in,Expedited,SET344,SET344-KR-NP-L,Set,L,B09QJ37SNL,Shipped,1,INR,958.0,THIRUVANANTHAPURAM,KERALA,695024.0,IN,IN Core Free Shipping 2015/04/08 23-48-5-108,False,,
29339,403-2583491-2976303,04-13-22,Cancelled,Amazon,Amazon.in,Expedited,JNE3437,JNE3437-KR-M,kurta,M,B085HP1LQR,Unshipped,1,INR,517.0,TIRUPATI,ANDHRA PRADESH,517507.0,IN,,False,,
46547,406-8260176-8697951,04-02-22,Shipped,Amazon,Amazon.in,Expedited,SET145,SET145-KR-NP-M,Set,M,B0822TVYZ1,Shipped,1,INR,677.0,MUMBAI,MAHARASHTRA,400026.0,IN,IN Core Free Shipping 2015/04/08 23-48-5-108,False,,
10803,402-3604771-7931526,04-24-22,Shipped - Returned to Seller,Merchant,Amazon.in,Standard,JNE3775,JNE3775-KR-XL,kurta,XL,B09KXSLXWG,Shipped,1,INR,291.0,CHENNAI,TAMIL NADU,602024.0,IN,"Amazon PLCC Free-Financing Universal Merchant AAT-WNKTBO3K27EJC,Amazon PLCC Free-Financing Universal Merchant AAT-QX3UCCJESKPA2,Amazon PLCC Free-Financing Universal Merchant AAT-5QQ7BIYYQEDN2,Amazon PLCC Free-Financing Universal Merchant AAT-DSJ2QRXXWXVMQ,Amazon PLCC Free-Financing Universal Merchant AAT-CXJHMC2YJUK76,Amazon PLCC Free-Financing Universal Merchant AAT-CC4FAVTYR4X7C,Amazon PLCC Free-Financing Universal Merchant AAT-XXRCW6NZEPZI4,Amazon PLCC Free-Financing Universal Merchant AAT-EOKPWFWYW7Y6I,Amazon PLCC Free-Financing Universal Merchant AAT-ZYL5UPUNW6T62,Amazon PLCC Free-Financing Universal Merchant AAT-G5ZRX4BZOIODU,Amazon PLCC Free-Financing Universal Merchant AAT-PZHUW6DZX4BPS,Amazon PLCC Free-Financing Universal Merchant AAT-ETXQ3XXWMRXBG,Amazon PLCC Free-Financing Universal Merchant AAT-BRSZZ45H6MHAO,Amazon PLCC Free-Financing Universal Merchant AAT-MKLXOOZWQL7GO,Amazon PLCC Free-Financing Universal Merchant AAT-CB7UNXEXGIJTC,Amazon PLCC Free-Financing Universal Merchant #MP-gzasho-1593152694811,Amazon PLCC Free-Financing Universal Merchant AAT-WLBA4GZ52EAH4",False,Easy Ship,
20964,406-1813400-4960328,04-18-22,Shipped,Amazon,Amazon.in,Expedited,J0230,J0230-SKD-M,Set,M,B08XNJG8B1,Shipped,1,INR,1112.0,NANDED WAGHALA,MAHARASHTRA,431605.0,IN,IN Core Free Shipping 2015/04/08 23-48-5-108,False,,
30032,405-4213846-6141157,04-12-22,Shipped - Delivered to Buyer,Merchant,Amazon.in,Standard,J0003,J0003-SET-L,Set,L,B0894Y4PNG,Shipped,1,INR,696.0,PUNE,MAHARASHTRA,411057.0,IN,"Amazon PLCC Free-Financing Universal Merchant AAT-WNKTBO3K27EJC,Amazon PLCC Free-Financing Universal Merchant AAT-QX3UCCJESKPA2,Amazon PLCC Free-Financing Universal Merchant AAT-CXJHMC2YJUK76,Amazon PLCC Free-Financing Universal Merchant AAT-SL3Y2YRMAUNFC,Amazon PLCC Free-Financing Universal Merchant AAT-CC4FAVTYR4X7C,Amazon PLCC Free-Financing Universal Merchant AAT-XXRCW6NZEPZI4,Amazon PLCC Free-Financing Universal Merchant AAT-R7GXNZWISTRFA,Amazon PLCC Free-Financing Universal Merchant AAT-EOKPWFWYW7Y6I,Amazon PLCC Free-Financing Universal Merchant AAT-ZYL5UPUNW6T62,Amazon PLCC Free-Financing Universal Merchant AAT-G5ZRX4BZOIODU,Amazon PLCC Free-Financing Universal Merchant AAT-P3CSUAK4HTEP2,Amazon PLCC Free-Financing Universal Merchant AAT-PZHUW6DZX4BPS,Amazon PLCC Free-Financing Universal Merchant AAT-BRSZZ45H6MHAO,Amazon PLCC Free-Financing Universal Merchant AAT-MKLXOOZWQL7GO,Amazon PLCC Free-Financing Universal Merchant AAT-CB7UNXEXGIJTC,Amazon PLCC Free-Financing Universal Merchant #MP-gzasho-1593152694811,Amazon PLCC Free-Financing Universal Merchant AAT-WLBA4GZ52EAH4",False,Easy Ship,
5222,407-9271875-3855507,04-27-22,Shipped,Amazon,Amazon.in,Expedited,JNE3474,JNE3474-KR-E-XS,kurta,XS,B08LDKJH84,Shipped,1,INR,487.0,Mannuthy,KERALA,680651.0,IN,IN Core Free Shipping 2015/04/08 23-48-5-108,False,,
659,171-0983521-4425145,04-30-22,Shipped,Amazon,Amazon.in,Expedited,J0341,J0341-DR-M,Western Dress,M,B099NQQ79L,Shipped,1,INR,744.0,HYDERABAD,TELANGANA,500090.0,IN,IN Core Free Shipping 2015/04/08 23-48-5-108,False,,
33245,406-7895671-1461152,04-10-22,Shipped,Amazon,Amazon.in,Expedited,JNE3399,JNE3399-KR-S,kurta,S,B082W87NQF,Shipped,1,INR,435.0,ERODE,TAMIL NADU,638011.0,IN,IN Core Free Shipping 2015/04/08 23-48-5-108,False,,
5865,402-7829669-2721123,04-26-22,Shipped,Amazon,Amazon.in,Expedited,SET374,SET374-KR-NP-M,Set,M,B09NDKJKPN,Shipped,1,INR,635.0,MUMBAI,MAHARASHTRA,400037.0,IN,IN Core Free Shipping 2015/04/08 23-48-5-108,False,,
48871,406-8898501-4701138,04-01-22,Shipped,Amazon,Amazon.in,Expedited,JNE3679,JNE3679-TU-L,Top,L,B0943J4SL3,Shipped,1,INR,425.0,GUWAHATI,ASSAM,781029.0,IN,IN Core Free Shipping 2015/04/08 23-48-5-108,False,,
22985,404-5749930-9147541,04-16-22,Shipped - Delivered to Buyer,Merchant,Amazon.in,Standard,JNE3787,JNE3787-KR-XXXL,kurta,3XL,B09RKCC8WS,Shipped,1,INR,487.0,ONGOLE,ANDHRA PRADESH,523001.0,IN,"Amazon PLCC Free-Financing Universal Merchant AAT-WNKTBO3K27EJC,Amazon PLCC Free-Financing Universal Merchant AAT-QX3UCCJESKPA2,Amazon PLCC Free-Financing Universal Merchant AAT-CXJHMC2YJUK76,Amazon PLCC Free-Financing Universal Merchant AAT-CC4FAVTYR4X7C,Amazon PLCC Free-Financing Universal Merchant AAT-XXRCW6NZEPZI4,Amazon PLCC Free-Financing Universal Merchant AAT-EOKPWFWYW7Y6I,Amazon PLCC Free-Financing Universal Merchant AAT-G5ZRX4BZOIODU,Amazon PLCC Free-Financing Universal Merchant AAT-PZHUW6DZX4BPS,Amazon PLCC Free-Financing Universal Merchant AAT-XX7G3ZRJJJ5LG,Amazon PLCC Free-Financing Universal Merchant AAT-LEHCKNDBJG64E,Amazon PLCC Free-Financing Universal Merchant AAT-DJVHCEV7D7RQY,Amazon PLCC Free-Financing Universal Merchant AAT-BRSZZ45H6MHAO,Amazon PLCC Free-Financing Universal Merchant AAT-MKLXOOZWQL7GO,Amazon PLCC Free-Financing Universal Merchant AAT-CB7UNXEXGIJTC,Amazon PLCC Free-Financing Universal Merchant #MP-gzasho-1593152694811,Amazon PLCC Free-Financing Universal Merchant AAT-WLBA4GZ52EAH4",False,Easy Ship,
28880,171-4771640-7353103,04-13-22,Shipped,Amazon,Amazon.in,Expedited,J0003,J0003-SET-XXL,Set,XXL,B0894XKVH3,Shipped,1,INR,654.0,Chakdaha,WEST BENGAL,741222.0,IN,IN Core Free Shipping 2015/04/08 23-48-5-108,False,,
47087,405-7496210-0874766,04-02-22,Cancelled,Amazon,Amazon.in,Expedited,SET278,SET278-KR-NP-M,Set,M,B0983F3BLZ,Unshipped,1,INR,1450.0,BHUBANESWAR,ODISHA,751030.0,IN,,False,,
26527,404-5904074-5619505,04-14-22,Shipped,Amazon,Amazon.in,Expedited,JNE3368,JNE3368-KR-XL,kurta,XL,B081X921QM,Shipped,1,INR,471.0,BHILAI,CHHATTISGARH,490023.0,IN,,False,,
9647,405-3595908-5123501,04-24-22,Shipped,Amazon,Amazon.in,Expedited,SET268,SET268-KR-NP-XL,Set,XL,B08XQBF1G4,Shipped,1,INR,788.0,Belda,WEST BENGAL,721424.0,IN,IN Core Free Shipping 2015/04/08 23-48-5-108,False,,
49545,408-0865965-3904320,05-31-22,Shipped - Returned to Seller,Merchant,Amazon.in,Standard,SET327,SET327-KR-DPT-L,Set,L,B09PN4P12Y,Shipped,1,INR,999.0,MARKAPUR,ANDHRA PRADESH,523316.0,IN,"Amazon PLCC Free-Financing Universal Merchant AAT-WNKTBO3K27EJC,Amazon PLCC Free-Financing Universal Merchant AAT-QX3UCCJESKPA2,Amazon PLCC Free-Financing Universal Merchant AAT-5QQ7BIYYQEDN2,Amazon PLCC Free-Financing Universal Merchant AAT-DSJ2QRXXWXVMQ,Amazon PLCC Free-Financing Universal Merchant AAT-CXJHMC2YJUK76,Amazon PLCC Free-Financing Universal Merchant AAT-CC4FAVTYR4X7C,Amazon PLCC Free-Financing Universal Merchant AAT-FYWJCQHU2XQ2U,Amazon PLCC Free-Financing Universal Merchant AAT-R7GXNZWISTRFA,Amazon PLCC Free-Financing Universal Merchant AAT-WSJLDN3X7KEMO,Amazon PLCC Free-Financing Universal Merchant AAT-VL6FGQVGQVXUS,Amazon PLCC Free-Financing Universal Merchant AAT-EOKPWFWYW7Y6I,Amazon PLCC Free-Financing Universal Merchant AAT-URPEBMPS7TSPE,Amazon PLCC Free-Financing Universal Merchant AAT-5ZEB2OGNZ32MC,Amazon PLCC Free-Financing Universal Merchant AAT-5VXFLMD6EKIFC,Amazon PLCC Free-Financing Universal Merchant AAT-CAK4QZ7KEFRQU,Amazon PLCC Free-Financing Universal Merchant AAT-YZJ5BRTPINRLK,Amazon PLCC Free-Financing Universal Merchant AAT-SNWJTEAZA2JRI,Amazon PLCC Free-Financing Universal Merchant AAT-BBJ6FVTP3QKBO,Amazon PLCC Free-Financing Universal Merchant AAT-BRSZZ45H6MHAO,Amazon PLCC Free-Financing Universal Merchant AAT-MKLXOOZWQL7GO,Amazon PLCC Free-Financing Universal Merchant AAT-CB7UNXEXGIJTC,Amazon PLCC Free-Financing Universal Merchant #MP-gzasho-1593152694811,Amazon PLCC Free-Financing Universal Merchant AAT-WLBA4GZ52EAH4",False,Easy Ship,False
32374,171-7430723-6787516,04-11-22,Shipped,Amazon,Amazon.in,Expedited,J0012,J0012-SKD-M,Set,M,B0894XYMWS,Shipped,1,INR,1140.0,ORAI,UTTAR PRADESH,285001.0,IN,IN Core Free Shipping 2015/04/08 23-48-5-108,False,,
26158,403-3570595-1713936,04-15-22,Shipped,Amazon,Amazon.in,Expedited,SET268,SET268-KR-NP-XL,Set,XL,B08XQBF1G4,Shipped,1,INR,788.0,PANAJI,GOA,403001.0,IN,IN Core Free Shipping 2015/04/08 23-48-5-108,False,,
11711,403-7277122-4922763,04-23-22,Cancelled,Amazon,Amazon.in,Expedited,JNE3523,JNE3523-KR-XS,kurta,XS,B08B3YQPZM,Unshipped,1,INR,376.0,NEW DELHI,DELHI,110094.0,IN,,False,,
27238,403-0158853-6910705,04-14-22,Shipped,Amazon,Amazon.in,Expedited,J0236,J0236-SKD-XXXL,Set,3XL,B08ZYPCX6Y,Shipped,1,INR,922.0,CHENNAI,TAMIL NADU,600032.0,IN,IN Core Free Shipping 2015/04/08 23-48-5-108,False,,
18353,402-7909394-2795530,04-19-22,Shipped,Amazon,Amazon.in,Expedited,JNE3784,JNE3784-KR-S,kurta,S,B09K3ZT165,Shipped,1,INR,458.0,MUMBAI,MAHARASHTRA,400093.0,IN,,False,,
49514,408-3023078-1103549,05-31-22,Shipped,Amazon,Amazon.in,Standard,J0119,J0119-TP-XXXL,Top,3XL,B08RYPRVPV,Shipped,1,INR,0.0,MUMBAI,MAHARASHTRA,400093.0,IN,,False,,False
21724,407-6924400-4973149,04-17-22,Shipped,Amazon,Amazon.in,Expedited,SET273,SET273-KR-NP-S,Set,S,B094FR7J54,Shipped,1,INR,612.0,GURUGRAM,HARYANA,122001.0,IN,,False,,
25924,403-9695806-2195505,04-15-22,Cancelled,Amazon,Amazon.in,Expedited,J0236,J0236-SKD-S,Set,S,B08ZYPD8GX,Cancelled,0,,,BONGAIGAON,ASSAM,783380.0,IN,,False,,
41389,171-3792790-5013105,04-05-22,Shipped,Amazon,Amazon.in,Expedited,SET044,SET044-KR-NP-XL,Set,XL,B07Q2MWDYN,Shipped,1,INR,612.0,ERNAKULAM,KERALA,682018.0,IN,IN Core Free Shipping 2015/04/08 23-48-5-108,False,,
4772,402-3717101-6948327,04-27-22,Shipped,Amazon,Amazon.in,Expedited,JNE3652,JNE3652-TP-N-S,Top,S,B08ZHV1T4W,Shipped,1,INR,339.0,BENGALURU,KARNATAKA,560087.0,IN,,False,,
35204,407-8184729-7277137,04-09-22,Shipped - Delivered to Buyer,Merchant,Amazon.in,Standard,SET270,SET270-KR-PP-XXL,Set,XXL,B094FR5S1D,Shipped,1,INR,568.0,BENGALURU,KARNATAKA,560078.0,IN,"Amazon PLCC Free-Financing Universal Merchant AAT-WNKTBO3K27EJC,Amazon PLCC Free-Financing Universal Merchant AAT-QX3UCCJESKPA2,Amazon PLCC Free-Financing Universal Merchant AAT-CXJHMC2YJUK76,Amazon PLCC Free-Financing Universal Merchant AAT-SL3Y2YRMAUNFC,Amazon PLCC Free-Financing Universal Merchant AAT-CC4FAVTYR4X7C,Amazon PLCC Free-Financing Universal Merchant AAT-XXRCW6NZEPZI4,Amazon PLCC Free-Financing Universal Merchant AAT-R7GXNZWISTRFA,Amazon PLCC Free-Financing Universal Merchant AAT-EOKPWFWYW7Y6I,Amazon PLCC Free-Financing Universal Merchant AAT-ZYL5UPUNW6T62,Amazon PLCC Free-Financing Universal Merchant AAT-G5ZRX4BZOIODU,Amazon PLCC Free-Financing Universal Merchant AAT-P3CSUAK4HTEP2,Amazon PLCC Free-Financing Universal Merchant AAT-YFJA6XMAMWZSK,Amazon PLCC Free-Financing Universal Merchant AAT-K66BSCE2J2V5E,Amazon PLCC Free-Financing Universal Merchant AAT-275LMAQ3T5REI,Amazon PLCC Free-Financing Universal Merchant AAT-BRSZZ45H6MHAO,Amazon PLCC Free-Financing Universal Merchant AAT-MKLXOOZWQL7GO,Amazon PLCC Free-Financing Universal Merchant AAT-CB7UNXEXGIJTC,Amazon PLCC Free-Financing Universal Merchant #MP-gzasho-1593152694811,Amazon PLCC Free-Financing Universal Merchant AAT-WLBA4GZ52EAH4",False,Easy Ship,
27878,408-3317403-1729937,04-14-22,Shipped - Delivered to Buyer,Merchant,Amazon.in,Standard,J0150,J0150-KR-XXXL,kurta,3XL,B08N1B7QMP,Shipped,1,INR,420.0,HYDERABAD,TELANGANA,500044.0,IN,"Amazon PLCC Free-Financing Universal Merchant AAT-WNKTBO3K27EJC,Amazon PLCC Free-Financing Universal Merchant AAT-QX3UCCJESKPA2,Amazon PLCC Free-Financing Universal Merchant AAT-CXJHMC2YJUK76,Amazon PLCC Free-Financing Universal Merchant AAT-CC4FAVTYR4X7C,Amazon PLCC Free-Financing Universal Merchant AAT-XXRCW6NZEPZI4,Amazon PLCC Free-Financing Universal Merchant AAT-EOKPWFWYW7Y6I,Amazon PLCC Free-Financing Universal Merchant AAT-ZYL5UPUNW6T62,Amazon PLCC Free-Financing Universal Merchant AAT-G5ZRX4BZOIODU,Amazon PLCC Free-Financing Universal Merchant AAT-LMLYJV5SYVNDA,Amazon PLCC Free-Financing Universal Merchant AAT-PZHUW6DZX4BPS,Amazon PLCC Free-Financing Universal Merchant AAT-BRSZZ45H6MHAO,Amazon PLCC Free-Financing Universal Merchant AAT-MKLXOOZWQL7GO,Amazon PLCC Free-Financing Universal Merchant AAT-CB7UNXEXGIJTC,Amazon PLCC Free-Financing Universal Merchant #MP-gzasho-1593152694811,Amazon PLCC Free-Financing Universal Merchant AAT-WLBA4GZ52EAH4,Amazon PLCC Free-Financing Universal Merchant #MP-pmilan-1601980554292",False,Easy Ship,
5874,406-0227343-5709961,04-26-22,Shipped - Returned to Seller,Merchant,Amazon.in,Standard,J0119,J0119-TP-XXXL,Top,3XL,B08RYPRVPV,Shipped,1,INR,540.0,Pune,MAHARASHTRA,411043.0,IN,"Amazon PLCC Free-Financing Universal Merchant AAT-WNKTBO3K27EJC,Amazon PLCC Free-Financing Universal Merchant AAT-QX3UCCJESKPA2,Amazon PLCC Free-Financing Universal Merchant AAT-5QQ7BIYYQEDN2,Amazon PLCC Free-Financing Universal Merchant AAT-DSJ2QRXXWXVMQ,Amazon PLCC Free-Financing Universal Merchant AAT-CXJHMC2YJUK76,Amazon PLCC Free-Financing Universal Merchant AAT-CC4FAVTYR4X7C,Amazon PLCC Free-Financing Universal Merchant AAT-XXRCW6NZEPZI4,Amazon PLCC Free-Financing Universal Merchant AAT-EOKPWFWYW7Y6I,Amazon PLCC Free-Financing Universal Merchant AAT-ZYL5UPUNW6T62,Amazon PLCC Free-Financing Universal Merchant AAT-G5ZRX4BZOIODU,Amazon PLCC Free-Financing Universal Merchant AAT-PZHUW6DZX4BPS,Amazon PLCC Free-Financing Universal Merchant AAT-ETXQ3XXWMRXBG,Amazon PLCC Free-Financing Universal Merchant AAT-7X3XCTYG64VBE,Amazon PLCC Free-Financing Universal Merchant AAT-7CHGD3WTS3MHM,Amazon PLCC Free-Financing Universal Merchant AAT-26ZDKNME27X42,Amazon PLCC Free-Financing Universal Merchant AAT-4ZF5KN6E4LJK4,Amazon PLCC Free-Financing Universal Merchant AAT-7RCXIKUAX7DDY,Amazon PLCC Free-Financing Universal Merchant AAT-BRSZZ45H6MHAO,Amazon PLCC Free-Financing Universal Merchant AAT-MKLXOOZWQL7GO,Amazon PLCC Free-Financing Universal Merchant AAT-CB7UNXEXGIJTC,Amazon PLCC Free-Financing Universal Merchant #MP-gzasho-1593152694811,Amazon PLCC Free-Financing Universal Merchant AAT-WLBA4GZ52EAH4",False,Easy Ship,
17804,404-8207284-1959566,04-20-22,Shipped,Amazon,Amazon.in,Expedited,MEN5004,MEN5004-KR-M,kurta,M,B08YYYZMKB,Shipped,1,INR,484.0,LUCKNOW,UTTAR PRADESH,226024.0,IN,,False,,
34223,403-8037221-5100317,04-10-22,Shipped - Delivered to Buyer,Merchant,Amazon.in,Standard,JNE3797,JNE3797-KR-L,Western Dress,L,B09SDXFFQ1,Shipped,1,INR,725.0,BENGALURU,KARNATAKA,560100.0,IN,"Amazon PLCC Free-Financing Universal Merchant AAT-WNKTBO3K27EJC,Amazon PLCC Free-Financing Universal Merchant AAT-QX3UCCJESKPA2,Amazon PLCC Free-Financing Universal Merchant AAT-CXJHMC2YJUK76,Amazon PLCC Free-Financing Universal Merchant AAT-CC4FAVTYR4X7C,Amazon PLCC Free-Financing Universal Merchant AAT-XXRCW6NZEPZI4,Amazon PLCC Free-Financing Universal Merchant AAT-R7GXNZWISTRFA,Amazon PLCC Free-Financing Universal Merchant AAT-EOKPWFWYW7Y6I,Amazon PLCC Free-Financing Universal Merchant AAT-ZYL5UPUNW6T62,Amazon PLCC Free-Financing Universal Merchant AAT-G5ZRX4BZOIODU,Amazon PLCC Free-Financing Universal Merchant AAT-P3CSUAK4HTEP2,Amazon PLCC Free-Financing Universal Merchant AAT-BRSZZ45H6MHAO,Amazon PLCC Free-Financing Universal Merchant AAT-MKLXOOZWQL7GO,Amazon PLCC Free-Financing Universal Merchant AAT-CB7UNXEXGIJTC,Amazon PLCC Free-Financing Universal Merchant #MP-gzasho-1593152694811,Amazon PLCC Free-Financing Universal Merchant AAT-WLBA4GZ52EAH4,Amazon PLCC Free-Financing Universal Merchant #MP-pmilan-1601980554292",False,Easy Ship,
7841,407-3018043-2440315,04-25-22,Shipped - Delivered to Buyer,Merchant,Amazon.in,Standard,JNE3568,JNE3568-KR-L,kurta,L,B08KS2BPL8,Shipped,1,INR,399.0,visakhapatnam,ANDHRA PRADESH,530043.0,IN,"Amazon PLCC Free-Financing Universal Merchant AAT-WNKTBO3K27EJC,Amazon PLCC Free-Financing Universal Merchant AAT-QX3UCCJESKPA2,Amazon PLCC Free-Financing Universal Merchant AAT-5QQ7BIYYQEDN2,Amazon PLCC Free-Financing Universal Merchant AAT-DSJ2QRXXWXVMQ,Amazon PLCC Free-Financing Universal Merchant AAT-CXJHMC2YJUK76,Amazon PLCC Free-Financing Universal Merchant AAT-CC4FAVTYR4X7C,Amazon PLCC Free-Financing Universal Merchant AAT-XXRCW6NZEPZI4,Amazon PLCC Free-Financing Universal Merchant AAT-R7GXNZWISTRFA,Amazon PLCC Free-Financing Universal Merchant AAT-EOKPWFWYW7Y6I,Amazon PLCC Free-Financing Universal Merchant AAT-ZYL5UPUNW6T62,Amazon PLCC Free-Financing Universal Merchant AAT-G5ZRX4BZOIODU,Amazon PLCC Free-Financing Universal Merchant AAT-P3CSUAK4HTEP2,Amazon PLCC Free-Financing Universal Merchant AAT-PZHUW6DZX4BPS,Amazon PLCC Free-Financing Universal Merchant AAT-ETXQ3XXWMRXBG,Amazon PLCC Free-Financing Universal Merchant AAT-TNYBHEAO7HOHO,Amazon PLCC Free-Financing Universal Merchant AAT-BRSZZ45H6MHAO,Amazon PLCC Free-Financing Universal Merchant AAT-MKLXOOZWQL7GO,Amazon PLCC Free-Financing Universal Merchant AAT-CB7UNXEXGIJTC,Amazon PLCC Free-Financing Universal Merchant #MP-gzasho-1593152694811,Amazon PLCC Free-Financing Universal Merchant AAT-WLBA4GZ52EAH4,Amazon PLCC Free-Financing Universal Merchant AAT-QMFZ3M7T5NPDS,Amazon PLCC Free-Financing Universal Merchant #MP-pmilan-1601980554292",False,Easy Ship,
15922,407-0498280-9386729,04-21-22,Shipped,Amazon,Amazon.in,Expedited,JNE3373,JNE3373-KR-XXXL,kurta,3XL,B082W7MZVQ,Shipped,1,INR,376.0,BENGALURU,KARNATAKA,560089.0,IN,,False,,
28366,404-4297589-9701946,04-13-22,Shipped,Amazon,Amazon.in,Expedited,JNE3691,JNE3691-TU-S,Top,S,B09875DFR2,Shipped,1,INR,625.0,NAGPUR,MAHARASHTRA,440019.0,IN,,True,,
12083,407-0330787-5625919,04-23-22,Shipped,Amazon,Amazon.in,Expedited,JNE3801,JNE3801-KR-M,kurta,M,B09SDZ4FH9,Shipped,1,INR,725.0,GHAZIABAD,UTTAR PRADESH,201005.0,IN,IN Core Free Shipping 2015/04/08 23-48-5-108,False,,
20033,407-2548885-7990744,04-18-22,Shipped,Amazon,Amazon.in,Expedited,J0341,J0341-DR-L,Western Dress,L,B099NRCT7B,Shipped,1,INR,744.0,KUSHINAGAR,UTTAR PRADESH,274302.0,IN,IN Core Free Shipping 2015/04/08 23-48-5-108,False,,
14487,405-0203982-9312322,04-21-22,Shipped,Amazon,Amazon.in,Expedited,JNE3368,JNE3368-KR-XL,kurta,XL,B081X921QM,Shipped,1,INR,471.0,CHHOTI SADRI,RAJASTHAN,312604.0,IN,,False,,
20818,406-7000084-8219554,04-18-22,Shipped,Amazon,Amazon.in,Expedited,JNE3473,JNE3473-KR-L,kurta,L,B08B3Z2567,Shipped,1,INR,487.0,PATNA,BIHAR,801503.0,IN,IN Core Free Shipping 2015/04/08 23-48-5-108,False,,
37517,405-7950860-7709102,04-08-22,Shipped,Amazon,Amazon.in,Expedited,SET210,SET210-KR-PP-M,Set,M,B08RJCM9K3,Shipped,1,INR,575.0,NOIDA,UTTAR PRADESH,201306.0,IN,IN Core Free Shipping 2015/04/08 23-48-5-108,False,,
44235,403-9232676-3279527,04-03-22,Cancelled,Amazon,Amazon.in,Expedited,JNE3399,JNE3399-KR-L,kurta,L,B082W8354V,Unshipped,1,INR,426.0,CHENNAI,TAMIL NADU,600053.0,IN,,False,,
48650,171-7235754-4762732,04-01-22,Cancelled,Amazon,Amazon.in,Expedited,SET300,SET300-KR-NP-XL,Set,XL,B09KXTWY66,Cancelled,0,,,KULGAM,JAMMU & KASHMIR,192231.0,IN,,False,,
36235,402-5901282-1629106,04-09-22,Shipped,Amazon,Amazon.in,Expedited,JNE3468,JNE3468-KR-M,kurta,M,B08RP3LHNB,Shipped,1,INR,352.0,VASAI VIRAR,MAHARASHTRA,401303.0,IN,IN Core Free Shipping 2015/04/08 23-48-5-108,False,,
21069,171-8736575-7366723,04-18-22,Shipped,Amazon,Amazon.in,Expedited,JNE3465,JNE3465-KR-M,kurta,M,B08BFV1DVW,Shipped,1,INR,486.0,KOVALAM,KERALA,695501.0,IN,IN Core Free Shipping 2015/04/08 23-48-5-108,False,,
9523,404-4193048-4914710,04-24-22,Cancelled,Merchant,Amazon.in,Standard,SET270,SET270-KR-PP-S,Set,S,B094FPMC2W,,0,INR,540.95,PUDUCHERRY,PUDUCHERRY,607403.0,IN,,False,Easy Ship,
32755,405-6577211-8358724,04-11-22,Cancelled,Merchant,Amazon.in,Standard,JNE3546,JNE3546-KR-XXXL,kurta,3XL,B09B2F5N2H,,0,INR,436.19,HYDERABAD,TELANGANA,500080.0,IN,,False,Easy Ship,
12053,407-1823490-2265102,04-23-22,Shipped,Amazon,Amazon.in,Expedited,JNE3718,JNE3718-KR-M,kurta,M,B099FB63Q6,Shipped,1,INR,432.0,KANPUR,UTTAR PRADESH,208017.0,IN,,False,,
23593,407-2384000-6545124,04-16-22,Shipped,Amazon,Amazon.in,Expedited,JNE3836,JNE3836-KR-M,kurta,M,B09RKCM347,Shipped,1,INR,635.0,FARIDABAD,HARYANA,121009.0,IN,,False,,
8037,408-2736639-7747523,04-25-22,Shipped - Delivered to Buyer,Merchant,Amazon.in,Standard,J0301,J0301-TP-L,Top,L,B099S6795L,Shipped,1,INR,493.0,NEW TOWN,WEST BENGAL,700136.0,IN,"Amazon PLCC Free-Financing Universal Merchant AAT-WNKTBO3K27EJC,Amazon PLCC Free-Financing Universal Merchant AAT-QX3UCCJESKPA2,Amazon PLCC Free-Financing Universal Merchant AAT-5QQ7BIYYQEDN2,Amazon PLCC Free-Financing Universal Merchant AAT-DSJ2QRXXWXVMQ,Amazon PLCC Free-Financing Universal Merchant AAT-CXJHMC2YJUK76,Amazon PLCC Free-Financing Universal Merchant AAT-CC4FAVTYR4X7C,Amazon PLCC Free-Financing Universal Merchant AAT-XXRCW6NZEPZI4,Amazon PLCC Free-Financing Universal Merchant AAT-EOKPWFWYW7Y6I,Amazon PLCC Free-Financing Universal Merchant AAT-ZYL5UPUNW6T62,Amazon PLCC Free-Financing Universal Merchant AAT-G5ZRX4BZOIODU,Amazon PLCC Free-Financing Universal Merchant AAT-PZHUW6DZX4BPS,Amazon PLCC Free-Financing Universal Merchant AAT-ETXQ3XXWMRXBG,Amazon PLCC Free-Financing Universal Merchant AAT-BRSZZ45H6MHAO,Amazon PLCC Free-Financing Universal Merchant AAT-MKLXOOZWQL7GO,Amazon PLCC Free-Financing Universal Merchant AAT-CB7UNXEXGIJTC,Amazon PLCC Free-Financing Universal Merchant #MP-gzasho-1593152694811,Amazon PLCC Free-Financing Universal Merchant AAT-WLBA4GZ52EAH4,Amazon PLCC Free-Financing Universal Merchant #MP-pmilan-1601980554292",False,Easy Ship,
46976,402-6346758-8413112,04-02-22,Shipped - Delivered to Buyer,Merchant,Amazon.in,Standard,SET393,SET393-KR-NP-M,Set,M,B09QJ4YB1F,Shipped,1,INR,984.0,Bengaluru,KARNATAKA,562125.0,IN,"Amazon PLCC Free-Financing Universal Merchant AAT-WNKTBO3K27EJC,Amazon PLCC Free-Financing Universal Merchant AAT-QX3UCCJESKPA2,Amazon PLCC Free-Financing Universal Merchant AAT-CXJHMC2YJUK76,Amazon PLCC Free-Financing Universal Merchant AAT-SL3Y2YRMAUNFC,Amazon PLCC Free-Financing Universal Merchant AAT-CC4FAVTYR4X7C,Amazon PLCC Free-Financing Universal Merchant AAT-XXRCW6NZEPZI4,Amazon PLCC Free-Financing Universal Merchant AAT-EOKPWFWYW7Y6I,Amazon PLCC Free-Financing Universal Merchant AAT-ZYL5UPUNW6T62,Amazon PLCC Free-Financing Universal Merchant AAT-G5ZRX4BZOIODU,Amazon PLCC Free-Financing Universal Merchant AAT-YFJA6XMAMWZSK,Amazon PLCC Free-Financing Universal Merchant AAT-K66BSCE2J2V5E,Amazon PLCC Free-Financing Universal Merchant AAT-BRSZZ45H6MHAO,Amazon PLCC Free-Financing Universal Merchant AAT-MKLXOOZWQL7GO,Amazon PLCC Free-Financing Universal Merchant AAT-CB7UNXEXGIJTC,Amazon PLCC Free-Financing Universal Merchant #MP-gzasho-1593152694811,Amazon PLCC Free-Financing Universal Merchant AAT-WLBA4GZ52EAH4,Amazon PLCC Free-Financing Universal Merchant #MP-pmilan-1601980554292",False,Easy Ship,
16399,403-6714116-8360337,04-20-22,Cancelled,Amazon,Amazon.in,Expedited,J0340,J0340-TP-M,Top,M,B0986XSXR1,Unshipped,1,INR,563.0,MANDI,HIMACHAL PRADESH,175021.0,IN,,False,,
45785,407-3366973-2322712,04-03-22,Shipped,Amazon,Amazon.in,Expedited,J0292,J0292-TP-XXL,Top,XXL,B099S7FHCF,Shipped,1,INR,377.0,MUMBAI,MAHARASHTRA,400075.0,IN,,False,,
34615,404-8001385-0796319,04-10-22,Shipped,Amazon,Amazon.in,Expedited,JNE3437,JNE3437-KR-XXL,kurta,XXL,B085HJXJ3M,Shipped,1,INR,517.0,RAXAUL BAZAR,BIHAR,845305.0,IN,IN Core Free Shipping 2015/04/08 23-48-5-108,False,,
7624,406-6107850-7352309,04-25-22,Shipped - Delivered to Buyer,Merchant,Amazon.in,Standard,SET293,SET293-KR-NP-XXL,Set,XXL,B09K3QVXBS,Shipped,1,INR,692.0,BENGALURU,KARNATAKA,560102.0,IN,"Amazon PLCC Free-Financing Universal Merchant AAT-WNKTBO3K27EJC,Amazon PLCC Free-Financing Universal Merchant AAT-QX3UCCJESKPA2,Amazon PLCC Free-Financing Universal Merchant AAT-5QQ7BIYYQEDN2,Amazon PLCC Free-Financing Universal Merchant AAT-DSJ2QRXXWXVMQ,Amazon PLCC Free-Financing Universal Merchant AAT-CXJHMC2YJUK76,Amazon PLCC Free-Financing Universal Merchant AAT-CC4FAVTYR4X7C,Amazon PLCC Free-Financing Universal Merchant AAT-XXRCW6NZEPZI4,Amazon PLCC Free-Financing Universal Merchant AAT-WSJLDN3X7KEMO,Amazon PLCC Free-Financing Universal Merchant AAT-VL6FGQVGQVXUS,Amazon PLCC Free-Financing Universal Merchant AAT-EOKPWFWYW7Y6I,Amazon PLCC Free-Financing Universal Merchant AAT-ZYL5UPUNW6T62,Amazon PLCC Free-Financing Universal Merchant AAT-G5ZRX4BZOIODU,Amazon PLCC Free-Financing Universal Merchant AAT-ACZIPIA37BFIY,Amazon PLCC Free-Financing Universal Merchant AAT-4UKS7UWZY3AES,Amazon PLCC Free-Financing Universal Merchant AAT-PZHUW6DZX4BPS,Amazon PLCC Free-Financing Universal Merchant AAT-ETXQ3XXWMRXBG,Amazon PLCC Free-Financing Universal Merchant AAT-BRSZZ45H6MHAO,Amazon PLCC Free-Financing Universal Merchant AAT-MKLXOOZWQL7GO,Amazon PLCC Free-Financing Universal Merchant AAT-CB7UNXEXGIJTC,Amazon PLCC Free-Financing Universal Merchant #MP-gzasho-1593152694811,Amazon PLCC Free-Financing Universal Merchant AAT-WLBA4GZ52EAH4",False,Easy Ship,
13661,408-9184529-4473124,04-22-22,Shipped,Amazon,Amazon.in,Expedited,JNE3373,JNE3373-KR-M,kurta,M,B082W8F8P3,Shipped,1,INR,376.0,BENGALURU,KARNATAKA,560077.0,IN,,False,,
37736,403-4209837-4530737,04-08-22,Shipped,Amazon,Amazon.in,Expedited,J0135,J0135-SET-XXXL,Set,3XL,B08QGMNRBX,Shipped,1,INR,591.0,Thane,MAHARASHTRA,400603.0,IN,IN Core Free Shipping 2015/04/08 23-48-5-108,False,,
26541,406-2949019-3821169,04-14-22,Shipped,Amazon,Amazon.in,Expedited,JNE3613,JNE3613-KR-XL,kurta,XL,B08XVKMPHJ,Shipped,1,INR,399.0,MUZAFFARPUR,BIHAR,842001.0,IN,IN Core Free Shipping 2015/04/08 23-48-5-108,False,,
13267,403-0970910-4623567,04-22-22,Cancelled,Amazon,Amazon.in,Expedited,SET374,SET374-KR-NP-S,Set,S,B09NDL6H2B,Unshipped,1,INR,597.0,AMBALA,HARYANA,133001.0,IN,,False,,
18082,406-5328547-7702740,04-19-22,Shipped,Amazon,Amazon.in,Expedited,SET324,SET324-KR-NP-XXXL,Set,3XL,B09NQ51MPV,Shipped,1,INR,635.0,KANPUR,UTTAR PRADESH,208027.0,IN,IN Core Free Shipping 2015/04/08 23-48-5-108,False,,
48085,403-7362634-8956345,04-01-22,Shipped - Delivered to Buyer,Merchant,Amazon.in,Standard,JNE3560,JNE3560-KR-XXXL,kurta,3XL,B09B2G7CKV,Shipped,1,INR,481.0,NEW DELHI,DELHI,110091.0,IN,"Amazon PLCC Free-Financing Universal Merchant AAT-WNKTBO3K27EJC,Amazon PLCC Free-Financing Universal Merchant AAT-QX3UCCJESKPA2,Amazon PLCC Free-Financing Universal Merchant AAT-CXJHMC2YJUK76,Amazon PLCC Free-Financing Universal Merchant AAT-SL3Y2YRMAUNFC,Amazon PLCC Free-Financing Universal Merchant AAT-CC4FAVTYR4X7C,Amazon PLCC Free-Financing Universal Merchant AAT-XXRCW6NZEPZI4,Amazon PLCC Free-Financing Universal Merchant AAT-WSJLDN3X7KEMO,Amazon PLCC Free-Financing Universal Merchant AAT-VL6FGQVGQVXUS,Amazon PLCC Free-Financing Universal Merchant AAT-EOKPWFWYW7Y6I,Amazon PLCC Free-Financing Universal Merchant AAT-G5ZRX4BZOIODU,Amazon PLCC Free-Financing Universal Merchant AAT-ACZIPIA37BFIY,Amazon PLCC Free-Financing Universal Merchant AAT-YFJA6XMAMWZSK,Amazon PLCC Free-Financing Universal Merchant AAT-K66BSCE2J2V5E,Amazon PLCC Free-Financing Universal Merchant AAT-DFM4OAAQ3RGPM,Amazon PLCC Free-Financing Universal Merchant AAT-BRSZZ45H6MHAO,Amazon PLCC Free-Financing Universal Merchant AAT-MKLXOOZWQL7GO,Amazon PLCC Free-Financing Universal Merchant AAT-CB7UNXEXGIJTC,Amazon PLCC Free-Financing Universal Merchant #MP-gzasho-1593152694811,Amazon PLCC Free-Financing Universal Merchant AAT-WLBA4GZ52EAH4",False,Easy Ship,
42767,404-4842556-3757959,04-04-22,Shipped,Amazon,Amazon.in,Expedited,SET269,SET269-KR-NP-XL,Set,XL,B0983CBSJ3,Shipped,1,INR,799.0,Kalyan East,MAHARASHTRA,421306.0,IN,,False,,
4070,403-6356114-0035556,04-28-22,Cancelled,Merchant,Amazon.in,Standard,JNE3405,JNE3405-KR-M,kurta,M,B081WVMMCY,,0,INR,380.0,BAHRAICH,UTTAR PRADESH,271801.0,IN,,False,Easy Ship,
16286,403-5383443-6358734,04-20-22,Shipped,Amazon,Amazon.in,Expedited,SET197,SET197-KR-NP-XL,Set,XL,B08B3ZFHC6,Shipped,1,INR,759.0,NOIDA,UTTAR PRADESH,201305.0,IN,,False,,
1118,171-1718013-5317150,04-30-22,Shipped,Amazon,Amazon.in,Expedited,JNE3510,JNE3510-KR-L,kurta,L,B08WPR181B,Shipped,1,INR,429.0,Mumbai,MAHARASHTRA,400068.0,IN,IN Core Free Shipping 2015/04/08 23-48-5-108,False,,
10074,171-5782867-3171522,04-24-22,Shipped,Amazon,Amazon.in,Expedited,JNE3794,JNE3794-KR-XXL,kurta,XXL,B09HMS8F1B,Shipped,1,INR,517.0,"Madikeri, coorg",KARNATAKA,571214.0,IN,IN Core Free Shipping 2015/04/08 23-48-5-108,False,,
11373,405-1234550-3152365,04-23-22,Shipped - Delivered to Buyer,Merchant,Amazon.in,Standard,SET329,SET329-KR-NP-XS,Set,XS,B09K3KW667,Shipped,1,INR,666.0,PALAKKAD,KERALA,678551.0,IN,"Amazon PLCC Free-Financing Universal Merchant AAT-WNKTBO3K27EJC,Amazon PLCC Free-Financing Universal Merchant AAT-QX3UCCJESKPA2,Amazon PLCC Free-Financing Universal Merchant AAT-5QQ7BIYYQEDN2,Amazon PLCC Free-Financing Universal Merchant AAT-DSJ2QRXXWXVMQ,Amazon PLCC Free-Financing Universal Merchant AAT-CXJHMC2YJUK76,Amazon PLCC Free-Financing Universal Merchant AAT-CC4FAVTYR4X7C,Amazon PLCC Free-Financing Universal Merchant AAT-XXRCW6NZEPZI4,Amazon PLCC Free-Financing Universal Merchant AAT-EOKPWFWYW7Y6I,Amazon PLCC Free-Financing Universal Merchant AAT-ZYL5UPUNW6T62,Amazon PLCC Free-Financing Universal Merchant AAT-G5ZRX4BZOIODU,Amazon PLCC Free-Financing Universal Merchant AAT-PZHUW6DZX4BPS,Amazon PLCC Free-Financing Universal Merchant AAT-ETXQ3XXWMRXBG,Amazon PLCC Free-Financing Universal Merchant AAT-TNYBHEAO7HOHO,Amazon PLCC Free-Financing Universal Merchant AAT-BRSZZ45H6MHAO,Amazon PLCC Free-Financing Universal Merchant AAT-MKLXOOZWQL7GO,Amazon PLCC Free-Financing Universal Merchant AAT-CB7UNXEXGIJTC,Amazon PLCC Free-Financing Universal Merchant #MP-gzasho-1593152694811,Amazon PLCC Free-Financing Universal Merchant AAT-WLBA4GZ52EAH4,Amazon PLCC Free-Financing Universal Merchant AAT-QMFZ3M7T5NPDS,Amazon PLCC Free-Financing Universal Merchant #MP-pmilan-1601980554292",False,Easy Ship,
32684,405-7153584-4306735,04-11-22,Shipped,Amazon,Amazon.in,Expedited,JNE3546,JNE3546-KR-XL,kurta,XL,B08HK5JSM1,Shipped,1,INR,458.0,SAWAI MADHOPUR,RAJASTHAN,322001.0,IN,,False,,
46433,404-8780511-8147526,04-02-22,Cancelled,Amazon,Amazon.in,Expedited,J0230,J0230-SKD-S,Set,S,B08XNJ19QH,Unshipped,1,INR,999.0,JEHANABAD,BIHAR,824235.0,IN,,False,,
25349,404-5162842-6209947,04-15-22,Cancelled,Amazon,Amazon.in,Expedited,JNE3399,JNE3399-KR-M,kurta,M,B082W84Q2J,Cancelled,0,,,VARANASI,UTTAR PRADESH,221002.0,IN,,False,,
6715,407-8181864-8405141,04-26-22,Shipped,Amazon,Amazon.in,Expedited,J0008,J0008-SKD-M,Set,M,B0894YTN3H,Shipped,1,INR,1065.0,NEW DELHI,DELHI,110045.0,IN,IN Core Free Shipping 2015/04/08 23-48-5-108,False,,
34567,404-2818249-4152345,04-10-22,Shipped,Amazon,Amazon.in,Expedited,JNE3619,JNE3619-KR-XXL,kurta,XXL,B091Q97C9S,Shipped,1,INR,318.0,EAST DELHI,DELHI,110051.0,IN,,False,,
1030,404-7406168-9217147,04-30-22,Shipped,Amazon,Amazon.in,Expedited,J0004,J0004-SKD-XXXL,Set,3XL,B0894X1Q3M,Shipped,1,INR,1115.0,HYDERABAD,TELANGANA,500033.0,IN,IN Core Free Shipping 2015/04/08 23-48-5-108,False,,
22753,406-0122051-8883516,04-17-22,Cancelled,Amazon,Amazon.in,Expedited,SET240,SET240-KR-PP-XXL,Set,XXL,B08N4TT7CH,Unshipped,1,INR,629.0,MYSURU,KARNATAKA,570011.0,IN,,False,,
11761,408-4329609-3734705,04-23-22,Cancelled,Amazon,Amazon.in,Expedited,J0119,J0119-TP-M,Top,M,B08RYQNCQ1,Unshipped,1,INR,574.0,THANE,MAHARASHTRA,400615.0,IN,,False,,
35896,403-7999224-6743512,04-09-22,Shipped,Amazon,Amazon.in,Expedited,J0341,J0341-DR-M,Western Dress,M,B099NQQ79L,Shipped,1,INR,744.0,SATTENAPALLE,ANDHRA PRADESH,522403.0,IN,IN Core Free Shipping 2015/04/08 23-48-5-108,False,,
14492,403-0957484-9110739,04-21-22,Cancelled,Amazon,Amazon.in,Expedited,JNE3399,JNE3399-KR-XL,kurta,XL,B082W8B28G,Cancelled,0,,,CHENNAI,TAMIL NADU,600039.0,IN,,False,,
25085,402-2287432-6053146,04-15-22,Shipped,Amazon,Amazon.in,Expedited,J0230,J0230-SKD-XS,Set,XS,B08XNHXSFZ,Shipped,1,INR,1112.0,JAMSHEDPUR,JHARKHAND,831017.0,IN,IN Core Free Shipping 2015/04/08 23-48-5-108,False,,
20395,406-1253726-9709129,04-18-22,Shipped,Amazon,Amazon.in,Expedited,JNE3856,JNE3856-KR-XXL,kurta,XXL,B09QJ3Q3CT,Shipped,1,INR,666.0,SILIGURI,WEST BENGAL,734001.0,IN,IN Core Free Shipping 2015/04/08 23-48-5-108,False,,
4813,403-5926666-6177161,04-27-22,Shipped,Amazon,Amazon.in,Expedited,J0415,J0415-DR-L,Western Dress,L,B09TY1CM1M,Shipped,1,INR,899.0,MUZAFFARNAGAR,UTTAR PRADESH,251001.0,IN,IN Core Free Shipping 2015/04/08 23-48-5-108,False,,
8994,171-9809966-0502707,04-25-22,Shipped - Delivered to Buyer,Merchant,Amazon.in,Standard,SET324,SET324-KR-NP-XXXL,Set,3XL,B09NQ51MPV,Shipped,1,INR,635.0,NOIDA,UTTAR PRADESH,201305.0,IN,"Amazon PLCC Free-Financing Universal Merchant AAT-WNKTBO3K27EJC,Amazon PLCC Free-Financing Universal Merchant AAT-QX3UCCJESKPA2,Amazon PLCC Free-Financing Universal Merchant AAT-5QQ7BIYYQEDN2,Amazon PLCC Free-Financing Universal Merchant AAT-DSJ2QRXXWXVMQ,Amazon PLCC Free-Financing Universal Merchant AAT-CXJHMC2YJUK76,Amazon PLCC Free-Financing Universal Merchant AAT-SL3Y2YRMAUNFC,Amazon PLCC Free-Financing Universal Merchant AAT-CC4FAVTYR4X7C,Amazon PLCC Free-Financing Universal Merchant AAT-XXRCW6NZEPZI4,Amazon PLCC Free-Financing Universal Merchant AAT-EOKPWFWYW7Y6I,Amazon PLCC Free-Financing Universal Merchant AAT-ZYL5UPUNW6T62,Amazon PLCC Free-Financing Universal Merchant AAT-G5ZRX4BZOIODU,Amazon PLCC Free-Financing Universal Merchant AAT-PZHUW6DZX4BPS,Amazon PLCC Free-Financing Universal Merchant AAT-ETXQ3XXWMRXBG,Amazon PLCC Free-Financing Universal Merchant AAT-TNYBHEAO7HOHO,Amazon PLCC Free-Financing Universal Merchant AAT-BRSZZ45H6MHAO,Amazon PLCC Free-Financing Universal Merchant AAT-MKLXOOZWQL7GO,Amazon PLCC Free-Financing Universal Merchant AAT-CB7UNXEXGIJTC,Amazon PLCC Free-Financing Universal Merchant #MP-gzasho-1593152694811,Amazon PLCC Free-Financing Universal Merchant AAT-WLBA4GZ52EAH4,Amazon PLCC Free-Financing Universal Merchant AAT-QMFZ3M7T5NPDS,Amazon PLCC Free-Financing Universal Merchant #MP-pmilan-1601980554292",False,Easy Ship,
49691,402-0702309-3234720,05-31-22,Shipped,Amazon,Amazon.in,Expedited,J0212,J0212-DR-XXXL,Ethnic Dress,3XL,B0982Z25ZX,Shipped,1,INR,791.0,Mumbai,MAHARASHTRA,400103.0,IN,,False,,False
21374,405-6520363-8874733,04-17-22,Cancelled,Amazon,Amazon.in,Expedited,JNE3440,JNE3440-KR-N-S,kurta,S,B081X5WHHT,Unshipped,1,INR,399.0,COIMBATORE,TAMIL NADU,641012.0,IN,,False,,
30242,403-6396719-2289153,04-12-22,Shipped,Amazon,Amazon.in,Expedited,SET275,SET275-KR-NP-S,Set,S,B0983GKFV1,Shipped,1,INR,659.0,PUNE,MAHARASHTRA,411014.0,IN,,False,,
47578,402-1484199-3701158,04-01-22,Shipped,Amazon,Amazon.in,Expedited,JNE3518,JNE3518-KR-XL,kurta,XL,B08XW66LTH,Shipped,1,INR,481.0,KOTHAMANGALAM,KERALA,686666.0,IN,IN Core Free Shipping 2015/04/08 23-48-5-108,False,,
1164,407-9068980-0519517,04-30-22,Cancelled,Merchant,Amazon.in,Standard,NW006,NW006-ST-SR-XXXL,Set,3XL,B0922TRMHM,,0,INR,491.43,GURUGRAM,HARYANA,122001.0,IN,,False,Easy Ship,
24810,405-4100812-3661928,04-15-22,Shipped,Amazon,Amazon.in,Expedited,J0214,J0214-TP-XL,Top,XL,B0965LQN27,Shipped,1,INR,495.0,CHENNAI,TAMIL NADU,600126.0,IN,,False,,
21109,403-7499368-3172322,04-18-22,Shipped,Amazon,Amazon.in,Expedited,CH208,CH208-MUSTARD-L,Bottom,L,B091GMXLR2,Shipped,1,INR,273.0,KUMARAPALAYAM,TAMIL NADU,638183.0,IN,IN Core Free Shipping 2015/04/08 23-48-5-108,False,,
3697,405-4853153-5411515,04-28-22,Shipped,Amazon,Amazon.in,Expedited,JNE3399,JNE3399-KR-M,kurta,M,B082W84Q2J,Shipped,1,INR,435.0,SANGAREDDY,TELANGANA,502001.0,IN,IN Core Free Shipping 2015/04/08 23-48-5-108,False,,
11438,171-1947348-3044337,04-23-22,Shipped,Amazon,Amazon.in,Expedited,J0349,J0349-SET-XS,Set,XS,B099NM2DMY,Shipped,1,INR,801.0,RAIPUR,CHHATTISGARH,492001.0,IN,IN Core Free Shipping 2015/04/08 23-48-5-108,False,,
4469,407-3975752-6938710,04-27-22,Cancelled,Merchant,Amazon.in,Standard,JNE3500,JNE3500-KR-S,kurta,S,B09812MBCD,,0,INR,336.19,BIDAR,KARNATAKA,585401.0,IN,,False,Easy Ship,
9807,405-4103956-1139547,04-24-22,Shipped,Amazon,Amazon.in,Expedited,J0336,J0336-TP-XXL,Top,XXL,B0986YNFRH,Shipped,1,INR,599.0,GURUGRAM,HARYANA,122101.0,IN,IN Core Free Shipping 2015/04/08 23-48-5-108,False,,
47767,171-3665323-9539518,04-01-22,Cancelled,Merchant,Amazon.in,Standard,JNE3642,JNE3642-TP-XL,Top,XL,B09432TL5X,,0,,,NEW DELHI,DELHI,110051.0,IN,,False,Easy Ship,
6748,402-7480846-6440319,04-26-22,Shipped - Delivered to Buyer,Merchant,Amazon.in,Standard,SET110,SET110-KR-PP-XXXL,Set,3XL,B0822TCBKH,Shipped,1,INR,788.0,BENGALURU,KARNATAKA,560034.0,IN,"Amazon PLCC Free-Financing Universal Merchant AAT-WNKTBO3K27EJC,Amazon PLCC Free-Financing Universal Merchant AAT-QX3UCCJESKPA2,Amazon PLCC Free-Financing Universal Merchant AAT-5QQ7BIYYQEDN2,Amazon PLCC Free-Financing Universal Merchant AAT-DSJ2QRXXWXVMQ,Amazon PLCC Free-Financing Universal Merchant AAT-CXJHMC2YJUK76,Amazon PLCC Free-Financing Universal Merchant AAT-CC4FAVTYR4X7C,Amazon PLCC Free-Financing Universal Merchant AAT-XXRCW6NZEPZI4,Amazon PLCC Free-Financing Universal Merchant AAT-CXNSLNBROFDW4,Amazon PLCC Free-Financing Universal Merchant AAT-WSJLDN3X7KEMO,Amazon PLCC Free-Financing Universal Merchant AAT-VL6FGQVGQVXUS,Amazon PLCC Free-Financing Universal Merchant AAT-EOKPWFWYW7Y6I,Amazon PLCC Free-Financing Universal Merchant AAT-ZYL5UPUNW6T62,Amazon PLCC Free-Financing Universal Merchant AAT-XVPICCHRWDCAI,Amazon PLCC Free-Financing Universal Merchant AAT-G5ZRX4BZOIODU,Amazon PLCC Free-Financing Universal Merchant AAT-ACZIPIA37BFIY,Amazon PLCC Free-Financing Universal Merchant AAT-4UKS7UWZY3AES,Amazon PLCC Free-Financing Universal Merchant AAT-PZHUW6DZX4BPS,Amazon PLCC Free-Financing Universal Merchant AAT-ETXQ3XXWMRXBG,Amazon PLCC Free-Financing Universal Merchant AAT-7X3XCTYG64VBE,Amazon PLCC Free-Financing Universal Merchant AAT-7CHGD3WTS3MHM,Amazon PLCC Free-Financing Universal Merchant AAT-26ZDKNME27X42,Amazon PLCC Free-Financing Universal Merchant AAT-4ZF5KN6E4LJK4,Amazon PLCC Free-Financing Universal Merchant AAT-7RCXIKUAX7DDY,Amazon PLCC Free-Financing Universal Merchant AAT-BRSZZ45H6MHAO,Amazon PLCC Free-Financing Universal Merchant AAT-MKLXOOZWQL7GO,Amazon PLCC Free-Financing Universal Merchant AAT-CB7UNXEXGIJTC,Amazon PLCC Free-Financing Universal Merchant #MP-gzasho-1593152694811,Amazon PLCC Free-Financing Universal Merchant AAT-WLBA4GZ52EAH4",False,Easy Ship,
49184,406-9828210-9603517,05-31-22,Shipped,Amazon,Amazon.in,Expedited,SET293,SET293-KR-NP-XXL,Set,XXL,B09K3QVXBS,Shipped,1,INR,736.0,JAIPUR,RAJASTHAN,302033.0,IN,IN Core Free Shipping 2015/04/08 23-48-5-108,False,,False
17378,408-1222516-8505128,04-20-22,Shipped - Delivered to Buyer,Merchant,Amazon.in,Standard,JNE3722,JNE3722-KR-XXL,kurta,XXL,B09BQBF3Y2,Shipped,1,INR,280.0,Warangal,TELANGANA,506002.0,IN,"Amazon PLCC Free-Financing Universal Merchant AAT-WNKTBO3K27EJC,Amazon PLCC Free-Financing Universal Merchant AAT-QX3UCCJESKPA2,Amazon PLCC Free-Financing Universal Merchant AAT-5QQ7BIYYQEDN2,Amazon PLCC Free-Financing Universal Merchant AAT-DSJ2QRXXWXVMQ,Amazon PLCC Free-Financing Universal Merchant AAT-CXJHMC2YJUK76,Amazon PLCC Free-Financing Universal Merchant AAT-CC4FAVTYR4X7C,Amazon PLCC Free-Financing Universal Merchant AAT-XXRCW6NZEPZI4,Amazon PLCC Free-Financing Universal Merchant AAT-EOKPWFWYW7Y6I,Amazon PLCC Free-Financing Universal Merchant AAT-G5ZRX4BZOIODU,Amazon PLCC Free-Financing Universal Merchant AAT-PZHUW6DZX4BPS,Amazon PLCC Free-Financing Universal Merchant AAT-XX7G3ZRJJJ5LG,Amazon PLCC Free-Financing Universal Merchant AAT-LEHCKNDBJG64E,Amazon PLCC Free-Financing Universal Merchant AAT-DJVHCEV7D7RQY,Amazon PLCC Free-Financing Universal Merchant AAT-BRSZZ45H6MHAO,Amazon PLCC Free-Financing Universal Merchant AAT-MKLXOOZWQL7GO,Amazon PLCC Free-Financing Universal Merchant AAT-CB7UNXEXGIJTC,Amazon PLCC Free-Financing Universal Merchant #MP-gzasho-1593152694811,Amazon PLCC Free-Financing Universal Merchant AAT-WLBA4GZ52EAH4",False,Easy Ship,
36884,402-2423000-6748349,04-08-22,Cancelled,Amazon,Amazon.in,Expedited,J0377,J0377-SKD-XXL,Set,XXL,B09QJ38J59,Unshipped,1,INR,1099.0,NAGERCOIL,TAMIL NADU,629001.0,IN,,False,,
13356,407-0103738-3293108,04-22-22,Shipped,Amazon,Amazon.in,Expedited,SET098,SET098-KR-PP-M,Set,M,B07X3K4L82,Shipped,1,INR,696.0,KOHIMA,NAGALAND,797001.0,IN,IN Core Free Shipping 2015/04/08 23-48-5-108,False,,
32404,408-6485769-9061154,04-11-22,Shipped,Amazon,Amazon.in,Expedited,SET187,SET187-KR-DH-XL,Set,XL,B08B415N6S,Shipped,1,INR,599.0,MOHALI,PUNJAB,140301.0,IN,IN Core Free Shipping 2015/04/08 23-48-5-108,False,,
42454,407-6980664-9389152,04-05-22,Shipped,Amazon,Amazon.in,Expedited,JNE3704,JNE3704-KR-XL,kurta,XL,B099FC6LF2,Shipped,1,INR,481.0,HYDERABAD,TELANGANA,500029.0,IN,,False,,
46065,404-0635354-7820346,04-02-22,Shipped,Amazon,Amazon.in,Expedited,J0382,J0382-SKD-M,Set,M,B09M6TZJYC,Shipped,1,INR,1354.0,AURANGABAD,MAHARASHTRA,431005.0,IN,IN Core Free Shipping 2015/04/08 23-48-5-108,False,,
11538,408-8903864-8861142,04-23-22,Shipped - Delivered to Buyer,Merchant,Amazon.in,Standard,SET290,SET290-KR-DPT-XS,Set,XS,B09B57QMC1,Shipped,1,INR,725.0,PALAKKAD,KERALA,679303.0,IN,"Amazon PLCC Free-Financing Universal Merchant AAT-WNKTBO3K27EJC,Amazon PLCC Free-Financing Universal Merchant AAT-QX3UCCJESKPA2,Amazon PLCC Free-Financing Universal Merchant AAT-5QQ7BIYYQEDN2,Amazon PLCC Free-Financing Universal Merchant AAT-DSJ2QRXXWXVMQ,Amazon PLCC Free-Financing Universal Merchant AAT-CXJHMC2YJUK76,Amazon PLCC Free-Financing Universal Merchant AAT-CC4FAVTYR4X7C,Amazon PLCC Free-Financing Universal Merchant AAT-XXRCW6NZEPZI4,Amazon PLCC Free-Financing Universal Merchant AAT-EOKPWFWYW7Y6I,Amazon PLCC Free-Financing Universal Merchant AAT-ZYL5UPUNW6T62,Amazon PLCC Free-Financing Universal Merchant AAT-G5ZRX4BZOIODU,Amazon PLCC Free-Financing Universal Merchant AAT-PZHUW6DZX4BPS,Amazon PLCC Free-Financing Universal Merchant AAT-ETXQ3XXWMRXBG,Amazon PLCC Free-Financing Universal Merchant AAT-BRSZZ45H6MHAO,Amazon PLCC Free-Financing Universal Merchant AAT-MKLXOOZWQL7GO,Amazon PLCC Free-Financing Universal Merchant AAT-CB7UNXEXGIJTC,Amazon PLCC Free-Financing Universal Merchant #MP-gzasho-1593152694811,Amazon PLCC Free-Financing Universal Merchant AAT-WLBA4GZ52EAH4",False,Easy Ship,
2008,402-1249621-8158717,04-29-22,Shipped,Amazon,Amazon.in,Expedited,JNE3468,JNE3468-KR-M,kurta,M,B08RP3LHNB,Shipped,1,INR,352.0,UPPER TADONG,SIKKIM,737102.0,IN,IN Core Free Shipping 2015/04/08 23-48-5-108,False,,
3221,407-5800332-1995518,04-28-22,Shipped - Delivered to Buyer,Merchant,Amazon.in,Standard,SET184,SET184-KR-PP-M,Set,M,B08W9MFDJD,Shipped,1,INR,563.0,NEW DELHI,DELHI,110030.0,IN,"Amazon PLCC Free-Financing Universal Merchant AAT-WNKTBO3K27EJC,Amazon PLCC Free-Financing Universal Merchant AAT-QX3UCCJESKPA2,Amazon PLCC Free-Financing Universal Merchant AAT-5QQ7BIYYQEDN2,Amazon PLCC Free-Financing Universal Merchant AAT-DSJ2QRXXWXVMQ,Amazon PLCC Free-Financing Universal Merchant AAT-CXJHMC2YJUK76,Amazon PLCC Free-Financing Universal Merchant AAT-CC4FAVTYR4X7C,Amazon PLCC Free-Financing Universal Merchant AAT-XXRCW6NZEPZI4,Amazon PLCC Free-Financing Universal Merchant AAT-EOKPWFWYW7Y6I,Amazon PLCC Free-Financing Universal Merchant AAT-ZYL5UPUNW6T62,Amazon PLCC Free-Financing Universal Merchant AAT-G5ZRX4BZOIODU,Amazon PLCC Free-Financing Universal Merchant AAT-23LLL7GZCLBVW,Amazon PLCC Free-Financing Universal Merchant AAT-PZHUW6DZX4BPS,Amazon PLCC Free-Financing Universal Merchant AAT-ETXQ3XXWMRXBG,Amazon PLCC Free-Financing Universal Merchant AAT-7X3XCTYG64VBE,Amazon PLCC Free-Financing Universal Merchant AAT-7CHGD3WTS3MHM,Amazon PLCC Free-Financing Universal Merchant AAT-26ZDKNME27X42,Amazon PLCC Free-Financing Universal Merchant AAT-4ZF5KN6E4LJK4,Amazon PLCC Free-Financing Universal Merchant AAT-7RCXIKUAX7DDY,Amazon PLCC Free-Financing Universal Merchant AAT-BRSZZ45H6MHAO,Amazon PLCC Free-Financing Universal Merchant AAT-MKLXOOZWQL7GO,Amazon PLCC Free-Financing Universal Merchant AAT-CB7UNXEXGIJTC,Amazon PLCC Free-Financing Universal Merchant #MP-gzasho-1593152694811,Amazon PLCC Free-Financing Universal Merchant AAT-WLBA4GZ52EAH4",False,Easy Ship,
44996,408-9304560-9629945,04-03-22,Shipped,Amazon,Amazon.in,Expedited,SET349,SET349-KR-NP-L,Set,L,B09QJ49VD8,Shipped,1,INR,930.0,THANE,MAHARASHTRA,400605.0,IN,,False,,
18762,408-2980084-9128325,04-19-22,Shipped - Delivered to Buyer,Merchant,Amazon.in,Standard,J0341,J0341-DR-XXL,Western Dress,XXL,B099NR3NXY,Shipped,1,INR,0.0,NAVI MUMBAI,MAHARASHTRA,400705.0,IN,"Amazon PLCC Free-Financing Universal Merchant AAT-XXRCW6NZEPZI4,Amazon PLCC Free-Financing Universal Merchant AAT-XX7G3ZRJJJ5LG,Amazon PLCC Free-Financing Universal Merchant AAT-LEHCKNDBJG64E,Amazon PLCC Free-Financing Universal Merchant AAT-DJVHCEV7D7RQY,Amazon PLCC Free-Financing Universal Merchant #MP-gzasho-1593152694811",False,Easy Ship,
14165,171-1032925-8532344,04-22-22,Shipped,Amazon,Amazon.in,Expedited,JNE3384,JNE3384-KR-M,kurta,M,B084KYYXR3,Shipped,1,INR,295.0,MUMBAI,MAHARASHTRA,400072.0,IN,IN Core Free Shipping 2015/04/08 23-48-5-108,False,,
40683,408-3424506-1334765,04-06-22,Shipped,Amazon,Amazon.in,Expedited,JNE3721,JNE3721-KR-XS,kurta,XS,B099FCBF34,Shipped,1,INR,329.0,SATARA,MAHARASHTRA,415002.0,IN,IN Core Free Shipping 2015/04/08 23-48-5-108,False,,
25080,406-4547035-5101136,04-15-22,Cancelled,Merchant,Amazon.in,Standard,SET293,SET293-KR-NP-L,Set,L,B09K39CKVP,,0,INR,659.05,ALONG,ARUNACHAL PRADESH,791001.0,IN,,False,Easy Ship,
1822,403-8588722-5212320,04-29-22,Shipped,Amazon,Amazon.in,Expedited,JNE3405,JNE3405-KR-XXXL,kurta,3XL,B081WZ4T3V,Shipped,1,INR,399.0,HYDERABAD,TELANGANA,500028.0,IN,,False,,
44661,403-5896566-6108357,04-03-22,Shipped,Amazon,Amazon.in,Expedited,JNE3399,JNE3399-KR-XS,kurta,XS,B082W8DNQX,Shipped,1,INR,426.0,BENGALURU,KARNATAKA,560043.0,IN,IN Core Free Shipping 2015/04/08 23-48-5-108,False,,
6848,404-8699000-0788336,04-26-22,Shipped,Amazon,Amazon.in,Expedited,J0215,J0215-BL-M,Blouse,M,B09KXXLQK3,Shipped,1,INR,545.0,BENGALURU,KARNATAKA,560062.0,IN,,False,,
12635,407-8863501-2068339,04-23-22,Shipped - Delivered to Buyer,Merchant,Amazon.in,Standard,JNE3655,JNE3655-TP-M,Top,M,B0986ZLQJJ,Shipped,1,INR,329.0,INDORE,MADHYA PRADESH,452010.0,IN,"Amazon PLCC Free-Financing Universal Merchant AAT-WNKTBO3K27EJC,Amazon PLCC Free-Financing Universal Merchant AAT-QX3UCCJESKPA2,Amazon PLCC Free-Financing Universal Merchant AAT-5QQ7BIYYQEDN2,Amazon PLCC Free-Financing Universal Merchant AAT-DSJ2QRXXWXVMQ,Amazon PLCC Free-Financing Universal Merchant AAT-CXJHMC2YJUK76,Amazon PLCC Free-Financing Universal Merchant AAT-SL3Y2YRMAUNFC,Amazon PLCC Free-Financing Universal Merchant AAT-CC4FAVTYR4X7C,Amazon PLCC Free-Financing Universal Merchant AAT-XXRCW6NZEPZI4,Amazon PLCC Free-Financing Universal Merchant AAT-EOKPWFWYW7Y6I,Amazon PLCC Free-Financing Universal Merchant AAT-ZYL5UPUNW6T62,Amazon PLCC Free-Financing Universal Merchant AAT-G5ZRX4BZOIODU,Amazon PLCC Free-Financing Universal Merchant AAT-PZHUW6DZX4BPS,Amazon PLCC Free-Financing Universal Merchant AAT-ETXQ3XXWMRXBG,Amazon PLCC Free-Financing Universal Merchant AAT-BRSZZ45H6MHAO,Amazon PLCC Free-Financing Universal Merchant AAT-MKLXOOZWQL7GO,Amazon PLCC Free-Financing Universal Merchant AAT-CB7UNXEXGIJTC,Amazon PLCC Free-Financing Universal Merchant #MP-gzasho-1593152694811,Amazon PLCC Free-Financing Universal Merchant AAT-WLBA4GZ52EAH4,Amazon PLCC Free-Financing Universal Merchant #MP-pmilan-1601980554292",False,Easy Ship,
37668,404-7130810-4559551,04-08-22,Shipped,Amazon,Amazon.in,Expedited,JNE3716,JNE3716-KR-XXL,kurta,XXL,B099NPKT7D,Shipped,1,INR,399.0,TIRUVANNAMALAI,TAMIL NADU,606601.0,IN,,False,,
6095,402-1135617-7738719,04-26-22,Shipped,Amazon,Amazon.in,Expedited,JNE3801,JNE3801-KR-M,kurta,M,B09SDZ4FH9,Shipped,1,INR,725.0,BURDWAN,WEST BENGAL,713101.0,IN,IN Core Free Shipping 2015/04/08 23-48-5-108,False,,
39248,408-5284559-4221137,04-07-22,Shipped - Returned to Seller,Merchant,Amazon.in,Standard,JNE3461,JNE3461-KR-L,kurta,L,B08B3YWTLK,Shipped,1,INR,363.0,KOLKATA,WEST BENGAL,700047.0,IN,"Amazon PLCC Free-Financing Universal Merchant AAT-WNKTBO3K27EJC,Amazon PLCC Free-Financing Universal Merchant AAT-QX3UCCJESKPA2,Amazon PLCC Free-Financing Universal Merchant AAT-CXJHMC2YJUK76,Amazon PLCC Free-Financing Universal Merchant AAT-CC4FAVTYR4X7C,Amazon PLCC Free-Financing Universal Merchant AAT-XXRCW6NZEPZI4,Amazon PLCC Free-Financing Universal Merchant AAT-EOKPWFWYW7Y6I,Amazon PLCC Free-Financing Universal Merchant AAT-ZYL5UPUNW6T62,Amazon PLCC Free-Financing Universal Merchant AAT-G5ZRX4BZOIODU,Amazon PLCC Free-Financing Universal Merchant AAT-YFJA6XMAMWZSK,Amazon PLCC Free-Financing Universal Merchant AAT-K66BSCE2J2V5E,Amazon PLCC Free-Financing Universal Merchant AAT-275LMAQ3T5REI,Amazon PLCC Free-Financing Universal Merchant AAT-EPSXIT4LWLKXC,Amazon PLCC Free-Financing Universal Merchant AAT-BRSZZ45H6MHAO,Amazon PLCC Free-Financing Universal Merchant AAT-MKLXOOZWQL7GO,Amazon PLCC Free-Financing Universal Merchant AAT-CB7UNXEXGIJTC,Amazon PLCC Free-Financing Universal Merchant #MP-gzasho-1593152694811,Amazon PLCC Free-Financing Universal Merchant AAT-WLBA4GZ52EAH4",False,Easy Ship,
10577,402-4971831-7742742,04-24-22,Shipped - Delivered to Buyer,Merchant,Amazon.in,Standard,JNE3549,JNE3549-KR-XXL,kurta,XXL,B08MXBV2WG,Shipped,1,INR,329.0,AMETHI,UTTAR PRADESH,227816.0,IN,"Amazon PLCC Free-Financing Universal Merchant AAT-WNKTBO3K27EJC,Amazon PLCC Free-Financing Universal Merchant AAT-QX3UCCJESKPA2,Amazon PLCC Free-Financing Universal Merchant AAT-5QQ7BIYYQEDN2,Amazon PLCC Free-Financing Universal Merchant AAT-DSJ2QRXXWXVMQ,Amazon PLCC Free-Financing Universal Merchant AAT-CXJHMC2YJUK76,Amazon PLCC Free-Financing Universal Merchant AAT-SL3Y2YRMAUNFC,Amazon PLCC Free-Financing Universal Merchant AAT-CC4FAVTYR4X7C,Amazon PLCC Free-Financing Universal Merchant AAT-XXRCW6NZEPZI4,Amazon PLCC Free-Financing Universal Merchant AAT-EOKPWFWYW7Y6I,Amazon PLCC Free-Financing Universal Merchant AAT-G5ZRX4BZOIODU,Amazon PLCC Free-Financing Universal Merchant AAT-PZHUW6DZX4BPS,Amazon PLCC Free-Financing Universal Merchant AAT-ETXQ3XXWMRXBG,Amazon PLCC Free-Financing Universal Merchant AAT-BRSZZ45H6MHAO,Amazon PLCC Free-Financing Universal Merchant AAT-MKLXOOZWQL7GO,Amazon PLCC Free-Financing Universal Merchant AAT-CB7UNXEXGIJTC,Amazon PLCC Free-Financing Universal Merchant #MP-gzasho-1593152694811,Amazon PLCC Free-Financing Universal Merchant AAT-WLBA4GZ52EAH4,Amazon PLCC Free-Financing Universal Merchant #MP-pmilan-1601980554292",False,Easy Ship,
31074,407-8909433-0661906,04-12-22,Shipped,Amazon,Amazon.in,Expedited,SET316,SET316-KR-DPT-S,Set,S,B09KXV8QQB,Shipped,1,INR,1149.0,RAJKOT,Gujarat,360005.0,IN,IN Core Free Shipping 2015/04/08 23-48-5-108,False,,
29112,405-6759683-2017939,04-13-22,Shipped,Amazon,Amazon.in,Expedited,J0008,J0008-SKD-XS,Set,XS,B0894WWGK9,Shipped,1,INR,1133.0,GREATER NOIDA,UTTAR PRADESH,201310.0,IN,,False,,
10192,408-7468849-2134719,04-24-22,Shipped - Delivered to Buyer,Merchant,Amazon.in,Standard,SET389,SET389-KR-NP-S,Set,S,B09KXVBD7Z,Shipped,1,INR,680.0,PANIPAT,HARYANA,132103.0,IN,"Amazon PLCC Free-Financing Universal Merchant AAT-WNKTBO3K27EJC,Amazon PLCC Free-Financing Universal Merchant AAT-QX3UCCJESKPA2,Amazon PLCC Free-Financing Universal Merchant AAT-5QQ7BIYYQEDN2,Amazon PLCC Free-Financing Universal Merchant AAT-DSJ2QRXXWXVMQ,Amazon PLCC Free-Financing Universal Merchant AAT-CXJHMC2YJUK76,Amazon PLCC Free-Financing Universal Merchant AAT-CC4FAVTYR4X7C,Amazon PLCC Free-Financing Universal Merchant AAT-XXRCW6NZEPZI4,Amazon PLCC Free-Financing Universal Merchant AAT-EOKPWFWYW7Y6I,Amazon PLCC Free-Financing Universal Merchant AAT-ZYL5UPUNW6T62,Amazon PLCC Free-Financing Universal Merchant AAT-G5ZRX4BZOIODU,Amazon PLCC Free-Financing Universal Merchant AAT-PZHUW6DZX4BPS,Amazon PLCC Free-Financing Universal Merchant AAT-ETXQ3XXWMRXBG,Amazon PLCC Free-Financing Universal Merchant AAT-TNYBHEAO7HOHO,Amazon PLCC Free-Financing Universal Merchant AAT-BRSZZ45H6MHAO,Amazon PLCC Free-Financing Universal Merchant AAT-MKLXOOZWQL7GO,Amazon PLCC Free-Financing Universal Merchant AAT-CB7UNXEXGIJTC,Amazon PLCC Free-Financing Universal Merchant #MP-gzasho-1593152694811,Amazon PLCC Free-Financing Universal Merchant AAT-WLBA4GZ52EAH4,Amazon PLCC Free-Financing Universal Merchant AAT-QMFZ3M7T5NPDS,Amazon PLCC Free-Financing Universal Merchant #MP-pmilan-1601980554292",False,Easy Ship,
314,405-2788163-4515521,04-30-22,Shipped - Delivered to Buyer,Merchant,Amazon.in,Standard,JNE3522,JNE3522-KR-XXL,kurta,XXL,B08W9K3MXR,Shipped,1,INR,342.0,ujjain,MADHYA PRADESH,456010.0,IN,"Amazon PLCC Free-Financing Universal Merchant AAT-WNKTBO3K27EJC,Amazon PLCC Free-Financing Universal Merchant AAT-QX3UCCJESKPA2,Amazon PLCC Free-Financing Universal Merchant AAT-5QQ7BIYYQEDN2,Amazon PLCC Free-Financing Universal Merchant AAT-DSJ2QRXXWXVMQ,Amazon PLCC Free-Financing Universal Merchant AAT-CXJHMC2YJUK76,Amazon PLCC Free-Financing Universal Merchant AAT-CC4FAVTYR4X7C,Amazon PLCC Free-Financing Universal Merchant AAT-XXRCW6NZEPZI4,Amazon PLCC Free-Financing Universal Merchant AAT-EOKPWFWYW7Y6I,Amazon PLCC Free-Financing Universal Merchant AAT-ZYL5UPUNW6T62,Amazon PLCC Free-Financing Universal Merchant AAT-ETXQ3XXWMRXBG,Amazon PLCC Free-Financing Universal Merchant AAT-7X3XCTYG64VBE,Amazon PLCC Free-Financing Universal Merchant AAT-7CHGD3WTS3MHM,Amazon PLCC Free-Financing Universal Merchant AAT-26ZDKNME27X42,Amazon PLCC Free-Financing Universal Merchant AAT-4ZF5KN6E4LJK4,Amazon PLCC Free-Financing Universal Merchant AAT-7RCXIKUAX7DDY,Amazon PLCC Free-Financing Universal Merchant AAT-TNYBHEAO7HOHO,Amazon PLCC Free-Financing Universal Merchant AAT-BRSZZ45H6MHAO,Amazon PLCC Free-Financing Universal Merchant AAT-MKLXOOZWQL7GO,Amazon PLCC Free-Financing Universal Merchant AAT-CB7UNXEXGIJTC,Amazon PLCC Free-Financing Universal Merchant #MP-gzasho-1593152694811,Amazon PLCC Free-Financing Universal Merchant AAT-WLBA4GZ52EAH4,Amazon PLCC Free-Financing Universal Merchant AAT-QMFZ3M7T5NPDS,Amazon PLCC Free-Financing Universal Merchant #MP-pmilan-1601980554292",False,Easy Ship,
11449,403-0238124-7680331,04-23-22,Shipped,Amazon,Amazon.in,Expedited,J0344,J0344-TP-L,Top,L,B0986XYFFP,Shipped,1,INR,487.0,NARNAUL,HARYANA,123001.0,IN,IN Core Free Shipping 2015/04/08 23-48-5-108,False,,
30745,403-4684341-9100316,04-12-22,Shipped,Amazon,Amazon.in,Expedited,JNE3803,JNE3803-KR-S,kurta,S,B09K3ZQCF9,Shipped,1,INR,459.0,KALOL GANDHINAGAR DISTRICT,Gujarat,382721.0,IN,IN Core Free Shipping 2015/04/08 23-48-5-108,False,,
29702,405-2851903-7417140,04-13-22,Cancelled,Merchant,Amazon.in,Standard,J0006,J0006-SET-S,Ethnic Dress,S,B0894WT213,,0,INR,804.76,Secunderabad,TELANGANA,500014.0,IN,,False,Easy Ship,
27658,407-8962168-2942736,04-14-22,Shipped - Delivered to Buyer,Merchant,Amazon.in,Standard,JNE3294,JNE3294-KR-XS,kurta,XS,B07R41QNJQ,Shipped,1,INR,432.0,TEZU,ARUNACHAL PRADESH,792001.0,IN,"Amazon PLCC Free-Financing Universal Merchant AAT-WNKTBO3K27EJC,Amazon PLCC Free-Financing Universal Merchant AAT-QX3UCCJESKPA2,Amazon PLCC Free-Financing Universal Merchant AAT-CXJHMC2YJUK76,Amazon PLCC Free-Financing Universal Merchant AAT-CC4FAVTYR4X7C,Amazon PLCC Free-Financing Universal Merchant AAT-XXRCW6NZEPZI4,Amazon PLCC Free-Financing Universal Merchant AAT-EOKPWFWYW7Y6I,Amazon PLCC Free-Financing Universal Merchant AAT-ZYL5UPUNW6T62,Amazon PLCC Free-Financing Universal Merchant AAT-G5ZRX4BZOIODU,Amazon PLCC Free-Financing Universal Merchant AAT-LMLYJV5SYVNDA,Amazon PLCC Free-Financing Universal Merchant AAT-PZHUW6DZX4BPS,Amazon PLCC Free-Financing Universal Merchant AAT-BRSZZ45H6MHAO,Amazon PLCC Free-Financing Universal Merchant AAT-MKLXOOZWQL7GO,Amazon PLCC Free-Financing Universal Merchant AAT-CB7UNXEXGIJTC,Amazon PLCC Free-Financing Universal Merchant #MP-gzasho-1593152694811,Amazon PLCC Free-Financing Universal Merchant AAT-WLBA4GZ52EAH4,Amazon PLCC Free-Financing Universal Merchant #MP-pmilan-1601980554292",False,Easy Ship,
83553,407-5860836-3468334,05-04-22,Shipped,Amazon,Amazon.in,Expedited,SET273,SET273-KR-NP-S,Set,S,B094FR7J54,Shipped,1,INR,612.0,BENGALURU,KARNATAKA,560097.0,IN,IN Core Free Shipping 2015/04/08 23-48-5-108,False,,False
59427,403-0400208-4598766,05-23-22,Shipped,Amazon,Amazon.in,Expedited,JNE3405,JNE3405-KR-M,kurta,M,B081WVMMCY,Shipped,1,INR,435.0,HUBBALLI,KARNATAKA,580022.0,IN,IN Core Free Shipping 2015/04/08 23-48-5-108,False,,False
50199,405-1162622-9403527,05-31-22,Shipped,Amazon,Amazon.in,Expedited,J0373,J0373-KR-XS,kurta,XS,B09KXPXP31,Shipped,1,INR,575.0,BENGALURU,KARNATAKA,560008.0,IN,IN Core Free Shipping 2015/04/08 23-48-5-108,False,,False
62447,405-6461620-5074741,05-21-22,Shipped,Amazon,Amazon.in,Expedited,JNE3800,JNE3800-KR-S,Western Dress,S,B09SDXB141,Shipped,1,INR,771.0,CHENNAI,TAMIL NADU,600021.0,IN,IN Core Free Shipping 2015/04/08 23-48-5-108,False,,False
89489,403-4785742-5825100,05-01-22,Shipped,Amazon,Amazon.in,Expedited,J0119,J0119-TP-M,Top,M,B08RYQNCQ1,Shipped,1,INR,574.0,VARANASI,UTTAR PRADESH,221109.0,IN,IN Core Free Shipping 2015/04/08 23-48-5-108,False,,False
92724,405-9561607-9570739,06-28-22,Shipped,Amazon,Amazon.in,Expedited,J0353,J0353-KR-L,kurta,L,B09811VG73,Shipped,1,INR,635.0,HYDERABAD,TELANGANA,500056.0,IN,IN Core Free Shipping 2015/04/08 23-48-5-108,False,,False
60822,402-3282190-9401922,05-22-22,Cancelled,Amazon,Amazon.in,Expedited,JNE3560,JNE3560-KR-M,kurta,M,B08PCVMF6R,Unshipped,1,INR,544.0,HYDERABAD,TELANGANA,500028.0,IN,,False,,False
99498,406-1502877-6676339,06-22-22,Shipped,Amazon,Amazon.in,Expedited,JNE3781,JNE3781-KR-M,kurta,M,B09K3WRM4Q,Shipped,1,INR,416.0,ICHALKARANJI,MAHARASHTRA,416115.0,IN,IN Core Free Shipping 2015/04/08 23-48-5-108,False,,False
54144,402-8985506-9473150,05-28-22,Shipped,Amazon,Amazon.in,Expedited,J0117,J0117-TP-M,Top,M,B08N4TGTRV,Shipped,1,INR,545.0,CHENNAI,TAMIL NADU,600043.0,IN,,False,,False
86958,407-7768095-9829928,05-03-22,Shipped,Amazon,Amazon.in,Expedited,JNE3405,JNE3405-KR-S,kurta,S,B081WX4G4Q,Shipped,1,INR,399.0,BARABANKI,UTTAR PRADESH,225001.0,IN,IN Core Free Shipping 2015/04/08 23-48-5-108,False,,False
93106,408-6575873-1256340,06-27-22,Pending - Waiting for Pick Up,Merchant,Amazon.in,Standard,J0135,J0135-SET-XXL,Set,XXL,B08QGM4LMF,Unshipped,1,INR,0.0,BENGALURU,KARNATAKA,560094.0,IN,"Amazon PLCC Free-Financing Universal Merchant AAT-5QQ7BIYYQEDN2,Amazon PLCC Free-Financing Universal Merchant AAT-DSJ2QRXXWXVMQ,Amazon PLCC Free-Financing Universal Merchant AAT-EWAPBB6BDRGM6,Amazon PLCC Free-Financing Universal Merchant AAT-AMKH7SAAONETC,Amazon PLCC Free-Financing Universal Merchant AAT-56XNPXK2K7OLI,Amazon PLCC Free-Financing Universal Merchant AAT-DP5M6CP4XT7YY,Amazon PLCC Free-Financing Universal Merchant #MP-gzasho-1593152694811",False,Easy Ship,False
88695,405-3517479-0687511,05-02-22,Shipped,Amazon,Amazon.in,Expedited,JNE3291,JNE3291-KR-XL,kurta,XL,B07R4XJNW3,Shipped,1,INR,442.0,BALLY,WEST BENGAL,711201.0,IN,IN Core Free Shipping 2015/04/08 23-48-5-108,False,,False
56188,404-7621301-3449143,05-26-22,Shipped,Amazon,Amazon.in,Expedited,JNE3797,JNE3797-KR-XL,Western Dress,XL,B09SDXRYBG,Shipped,1,INR,771.0,HYDERABAD,TELANGANA,500044.0,IN,IN Core Free Shipping 2015/04/08 23-48-5-108,False,,False
51414,402-1509191-7739534,05-30-22,Cancelled,Amazon,Amazon.in,Expedited,SET098,SET098-KR-PP-XXL,Set,XXL,B07X3JWM6Y,Cancelled,0,,,BENGALURU,KARNATAKA,560060.0,IN,,False,,False
68471,406-9379743-8217144,05-16-22,Shipped,Amazon,Amazon.in,Expedited,J0004,J0004-SKD-XXXL,Set,3XL,B0894X1Q3M,Shipped,1,INR,1186.0,CHENNAI,TAMIL NADU,600074.0,IN,,False,,False
79282,406-7222207-1781935,05-07-22,Shipped,Amazon,Amazon.in,Expedited,SET293,SET293-KR-NP-XS,Set,XS,B09K3938KW,Shipped,1,INR,702.0,ITANAGAR,ARUNACHAL PRADESH,791113.0,IN,IN Core Free Shipping 2015/04/08 23-48-5-108,False,,False
65177,403-9299470-2365964,05-18-22,Shipped,Amazon,Amazon.in,Expedited,JNE3510,JNE3510-KR-XL,kurta,XL,B08WPZ1N4Z,Shipped,1,INR,471.0,CUTTACK,ODISHA,753013.0,IN,,False,,False
84304,404-5702020-1557141,05-04-22,Shipped,Amazon,Amazon.in,Expedited,J0003,J0003-SET-S,Set,S,B0894X27FC,Shipped,1,INR,655.0,LUDHIANA,PUNJAB,141001.0,IN,IN Core Free Shipping 2015/04/08 23-48-5-108,False,,False
62609,404-0893194-6188322,05-21-22,Shipped - Delivered to Buyer,Merchant,Amazon.in,Standard,JNE3160,JNE3160-KR-G-XL,kurta,XL,B07K4C1KTB,Shipped,1,INR,749.0,HYDERABAD,TELANGANA,500085.0,IN,"Amazon PLCC Free-Financing Universal Merchant AAT-WNKTBO3K27EJC,Amazon PLCC Free-Financing Universal Merchant AAT-QX3UCCJESKPA2,Amazon PLCC Free-Financing Universal Merchant AAT-5QQ7BIYYQEDN2,Amazon PLCC Free-Financing Universal Merchant AAT-DSJ2QRXXWXVMQ,Amazon PLCC Free-Financing Universal Merchant AAT-CXJHMC2YJUK76,Amazon PLCC Free-Financing Universal Merchant AAT-SL3Y2YRMAUNFC,Amazon PLCC Free-Financing Universal Merchant AAT-CC4FAVTYR4X7C,Amazon PLCC Free-Financing Universal Merchant AAT-FYWJCQHU2XQ2U,Amazon PLCC Free-Financing Universal Merchant AAT-R7GXNZWISTRFA,Amazon PLCC Free-Financing Universal Merchant AAT-EOKPWFWYW7Y6I,Amazon PLCC Free-Financing Universal Merchant AAT-URPEBMPS7TSPE,Amazon PLCC Free-Financing Universal Merchant AAT-L2DLP5YGE5766,Amazon PLCC Free-Financing Universal Merchant AAT-5ZEB2OGNZ32MC,Amazon PLCC Free-Financing Universal Merchant AAT-4ZN7U6MMDFGWM,Amazon PLCC Free-Financing Universal Merchant AAT-PAWHL2EB33U42,Amazon PLCC Free-Financing Universal Merchant AAT-7WX4JYESZISLU,Amazon PLCC Free-Financing Universal Merchant AAT-CIX56SGGAWUYW,Amazon PLCC Free-Financing Universal Merchant AAT-DMQVBJASKTAHS,Amazon PLCC Free-Financing Universal Merchant AAT-H7DZACP4NHMJM,Amazon PLCC Free-Financing Universal Merchant AAT-BRSZZ45H6MHAO,Amazon PLCC Free-Financing Universal Merchant AAT-MKLXOOZWQL7GO,Amazon PLCC Free-Financing Universal Merchant AAT-CB7UNXEXGIJTC,Amazon PLCC Free-Financing Universal Merchant #MP-gzasho-1593152694811,Amazon PLCC Free-Financing Universal Merchant AAT-WLBA4GZ52EAH4",False,Easy Ship,False
62144,406-9067709-4993918,05-21-22,Shipped,Amazon,Amazon.in,Expedited,JNE3674,JNE3674-TU-XS,Top,XS,B09432J11D,Shipped,1,INR,574.0,Chhibramau,UTTAR PRADESH,209721.0,IN,IN Core Free Shipping 2015/04/08 23-48-5-108,False,,False
56113,407-2788579-2425918,05-26-22,Shipped,Amazon,Amazon.in,Expedited,J0285,J0285-SKD-L,Set,L,B08QGHTFWF,Shipped,1,INR,1523.0,indore,MADHYA PRADESH,452010.0,IN,IN Core Free Shipping 2015/04/08 23-48-5-108,False,,False
65908,408-8384077-0238719,05-18-22,Shipped,Amazon,Amazon.in,Expedited,SET374,SET374-KR-NP-S,Set,S,B09NDL6H2B,Shipped,1,INR,666.0,KOTTAYAM,KERALA,686001.0,IN,IN Core Free Shipping 2015/04/08 23-48-5-108,False,,False
50821,171-4391794-3309135,05-30-22,Shipped - Delivered to Buyer,Merchant,Amazon.in,Standard,JNE3680,JNE3680-TU-A-L,Top,L,B09432HB15,Shipped,1,INR,574.0,CHENNAI,TAMIL NADU,600095.0,IN,"Amazon PLCC Free-Financing Universal Merchant AAT-WNKTBO3K27EJC,Amazon PLCC Free-Financing Universal Merchant AAT-QX3UCCJESKPA2,Amazon PLCC Free-Financing Universal Merchant AAT-5QQ7BIYYQEDN2,Amazon PLCC Free-Financing Universal Merchant AAT-DSJ2QRXXWXVMQ,Amazon PLCC Free-Financing Universal Merchant AAT-CXJHMC2YJUK76,Amazon PLCC Free-Financing Universal Merchant AAT-SL3Y2YRMAUNFC,Amazon PLCC Free-Financing Universal Merchant AAT-CC4FAVTYR4X7C,Amazon PLCC Free-Financing Universal Merchant AAT-FYWJCQHU2XQ2U,Amazon PLCC Free-Financing Universal Merchant AAT-WSJLDN3X7KEMO,Amazon PLCC Free-Financing Universal Merchant AAT-VL6FGQVGQVXUS,Amazon PLCC Free-Financing Universal Merchant AAT-EOKPWFWYW7Y6I,Amazon PLCC Free-Financing Universal Merchant AAT-URPEBMPS7TSPE,Amazon PLCC Free-Financing Universal Merchant AAT-5ZEB2OGNZ32MC,Amazon PLCC Free-Financing Universal Merchant AAT-5VXFLMD6EKIFC,Amazon PLCC Free-Financing Universal Merchant AAT-CAK4QZ7KEFRQU,Amazon PLCC Free-Financing Universal Merchant AAT-YZJ5BRTPINRLK,Amazon PLCC Free-Financing Universal Merchant AAT-SNWJTEAZA2JRI,Amazon PLCC Free-Financing Universal Merchant AAT-BBJ6FVTP3QKBO,Amazon PLCC Free-Financing Universal Merchant AAT-BRSZZ45H6MHAO,Amazon PLCC Free-Financing Universal Merchant AAT-MKLXOOZWQL7GO,Amazon PLCC Free-Financing Universal Merchant AAT-CB7UNXEXGIJTC,Amazon PLCC Free-Financing Universal Merchant #MP-gzasho-1593152694811,Amazon PLCC Free-Financing Universal Merchant AAT-WLBA4GZ52EAH4",False,Easy Ship,False
65118,406-3806013-3485169,05-18-22,Cancelled,Merchant,Amazon.in,Standard,JNE3476,JNE3476-KR-XL,kurta,XL,B08B3YSLXV,,0,INR,385.71,MARGAO,GOA,403602.0,IN,,False,Easy Ship,False
63466,404-2851413-3598702,05-20-22,Shipped,Amazon,Amazon.in,Expedited,J0382,J0382-SKD-M,Set,M,B09M6TZJYC,Shipped,1,INR,1338.0,Mau,UTTAR PRADESH,221602.0,IN,IN Core Free Shipping 2015/04/08 23-48-5-108,False,,False
76497,407-1600415-2763561,05-09-22,Shipped - Returned to Seller,Merchant,Amazon.in,Standard,JNE3776,JNE3776-KR-M,kurta,M,B09K3VN7M1,Shipped,1,INR,301.0,DARJEELING,WEST BENGAL,734101.0,IN,"Amazon PLCC Free-Financing Universal Merchant AAT-WNKTBO3K27EJC,Amazon PLCC Free-Financing Universal Merchant AAT-QX3UCCJESKPA2,Amazon PLCC Free-Financing Universal Merchant AAT-5QQ7BIYYQEDN2,Amazon PLCC Free-Financing Universal Merchant AAT-DSJ2QRXXWXVMQ,Amazon PLCC Free-Financing Universal Merchant AAT-CXJHMC2YJUK76,Amazon PLCC Free-Financing Universal Merchant AAT-CC4FAVTYR4X7C,Amazon PLCC Free-Financing Universal Merchant AAT-FYWJCQHU2XQ2U,Amazon PLCC Free-Financing Universal Merchant AAT-EOKPWFWYW7Y6I,Amazon PLCC Free-Financing Universal Merchant AAT-ZF7YE6D3FPHMI,Amazon PLCC Free-Financing Universal Merchant AAT-TNYHCYLOWRIHK,Amazon PLCC Free-Financing Universal Merchant AAT-BRSZZ45H6MHAO,Amazon PLCC Free-Financing Universal Merchant AAT-MKLXOOZWQL7GO,Amazon PLCC Free-Financing Universal Merchant AAT-CB7UNXEXGIJTC,Amazon PLCC Free-Financing Universal Merchant #MP-gzasho-1593152694811,Amazon PLCC Free-Financing Universal Merchant AAT-WLBA4GZ52EAH4",False,Easy Ship,False
92111,403-0511649-2269941,06-28-22,Shipped,Amazon,Amazon.in,Expedited,SET325,SET325-KR-NP-XS,Set,XS,B09K3NLG1Z,Shipped,1,INR,666.0,Naigaon east,MAHARASHTRA,401208.0,IN,,False,,False
80188,408-1061002-8829912,05-06-22,Shipped - Delivered to Buyer,Merchant,Amazon.in,Standard,JNE3506,JNE3506-KR-S,kurta,S,B08WPY2KWL,Shipped,1,INR,597.0,palakkad,KERALA,678633.0,IN,"Amazon PLCC Free-Financing Universal Merchant AAT-WNKTBO3K27EJC,Amazon PLCC Free-Financing Universal Merchant AAT-QX3UCCJESKPA2,Amazon PLCC Free-Financing Universal Merchant AAT-5QQ7BIYYQEDN2,Amazon PLCC Free-Financing Universal Merchant AAT-DSJ2QRXXWXVMQ,Amazon PLCC Free-Financing Universal Merchant AAT-CXJHMC2YJUK76,Amazon PLCC Free-Financing Universal Merchant AAT-SL3Y2YRMAUNFC,Amazon PLCC Free-Financing Universal Merchant AAT-CC4FAVTYR4X7C,Amazon PLCC Free-Financing Universal Merchant AAT-FYWJCQHU2XQ2U,Amazon PLCC Free-Financing Universal Merchant AAT-R7GXNZWISTRFA,Amazon PLCC Free-Financing Universal Merchant AAT-EOKPWFWYW7Y6I,Amazon PLCC Free-Financing Universal Merchant AAT-URPEBMPS7TSPE,Amazon PLCC Free-Financing Universal Merchant AAT-3R6UGYISJQCKA,Amazon PLCC Free-Financing Universal Merchant AAT-TREXU6MY3SEMI,Amazon PLCC Free-Financing Universal Merchant AAT-CPIZVVXYOLZ5S,Amazon PLCC Free-Financing Universal Merchant AAT-BS2QIL3ZUUJDC,Amazon PLCC Free-Financing Universal Merchant AAT-BD2QQYQLU3K3Q,Amazon PLCC Free-Financing Universal Merchant AAT-7Z5FYSWV55YJ6,Amazon PLCC Free-Financing Universal Merchant AAT-KQRYFJZLTA6E2,Amazon PLCC Free-Financing Universal Merchant AAT-F6SN46VZWQOQI,Amazon PLCC Free-Financing Universal Merchant AAT-GL6VKXK3MYVP4,Amazon PLCC Free-Financing Universal Merchant AAT-26CRLBGU7BZ4I,Amazon PLCC Free-Financing Universal Merchant AAT-EC3WUB2OYMZJY,Amazon PLCC Free-Financing Universal Merchant AAT-LLHTF3J4EFYUO,Amazon PLCC Free-Financing Universal Merchant AAT-TNYBHEAO7HOHO,Amazon PLCC Free-Financing Universal Merchant AAT-BRSZZ45H6MHAO,Amazon PLCC Free-Financing Universal Merchant AAT-MKLXOOZWQL7GO,Amazon PLCC Free-Financing Universal Merchant AAT-CB7UNXEXGIJTC,Amazon PLCC Free-Financing Universal Merchant #MP-gzasho-1593152694811,Amazon PLCC Free-Financing Universal Merchant AAT-WLBA4GZ52EAH4,Amazon PLCC Free-Financing Universal Merchant AAT-QMFZ3M7T5NPDS,Amazon PLCC Free-Financing Universal Merchant #MP-pmilan-1601980554292",False,Easy Ship,False
87237,408-5427017-7941126,05-02-22,Shipped - Delivered to Buyer,Merchant,Amazon.in,Standard,SET201,SET201-KR-NP-A-S,Set,S,B08L947VKW,Shipped,1,INR,595.0,Dehradun,UTTARAKHAND,248001.0,IN,"Amazon PLCC Free-Financing Universal Merchant AAT-WNKTBO3K27EJC,Amazon PLCC Free-Financing Universal Merchant AAT-QX3UCCJESKPA2,Amazon PLCC Free-Financing Universal Merchant AAT-5QQ7BIYYQEDN2,Amazon PLCC Free-Financing Universal Merchant AAT-DSJ2QRXXWXVMQ,Amazon PLCC Free-Financing Universal Merchant AAT-CXJHMC2YJUK76,Amazon PLCC Free-Financing Universal Merchant AAT-CC4FAVTYR4X7C,Amazon PLCC Free-Financing Universal Merchant AAT-FYWJCQHU2XQ2U,Amazon PLCC Free-Financing Universal Merchant AAT-EOKPWFWYW7Y6I,Amazon PLCC Free-Financing Universal Merchant AAT-URPEBMPS7TSPE,Amazon PLCC Free-Financing Universal Merchant AAT-3R6UGYISJQCKA,Amazon PLCC Free-Financing Universal Merchant AAT-BRSZZ45H6MHAO,Amazon PLCC Free-Financing Universal Merchant AAT-MKLXOOZWQL7GO,Amazon PLCC Free-Financing Universal Merchant AAT-CB7UNXEXGIJTC,Amazon PLCC Free-Financing Universal Merchant #MP-gzasho-1593152694811,Amazon PLCC Free-Financing Universal Merchant AAT-WLBA4GZ52EAH4",False,Easy Ship,False
83109,404-6708067-2528319,05-04-22,Shipped - Delivered to Buyer,Merchant,Amazon.in,Standard,J0332,J0332-DR-XL,Western Dress,XL,B09LM714QX,Shipped,1,INR,699.0,HYDERABAD,TELANGANA,500044.0,IN,"Amazon PLCC Free-Financing Universal Merchant AAT-WNKTBO3K27EJC,Amazon PLCC Free-Financing Universal Merchant AAT-QX3UCCJESKPA2,Amazon PLCC Free-Financing Universal Merchant AAT-5QQ7BIYYQEDN2,Amazon PLCC Free-Financing Universal Merchant AAT-DSJ2QRXXWXVMQ,Amazon PLCC Free-Financing Universal Merchant AAT-CXJHMC2YJUK76,Amazon PLCC Free-Financing Universal Merchant AAT-CC4FAVTYR4X7C,Amazon PLCC Free-Financing Universal Merchant AAT-FYWJCQHU2XQ2U,Amazon PLCC Free-Financing Universal Merchant AAT-EOKPWFWYW7Y6I,Amazon PLCC Free-Financing Universal Merchant AAT-URPEBMPS7TSPE,Amazon PLCC Free-Financing Universal Merchant AAT-3R6UGYISJQCKA,Amazon PLCC Free-Financing Universal Merchant AAT-RVL5KAXRIWHV2,Amazon PLCC Free-Financing Universal Merchant AAT-BS2QIL3ZUUJDC,Amazon PLCC Free-Financing Universal Merchant AAT-BD2QQYQLU3K3Q,Amazon PLCC Free-Financing Universal Merchant AAT-7Z5FYSWV55YJ6,Amazon PLCC Free-Financing Universal Merchant AAT-KQRYFJZLTA6E2,Amazon PLCC Free-Financing Universal Merchant AAT-F6SN46VZWQOQI,Amazon PLCC Free-Financing Universal Merchant AAT-GL6VKXK3MYVP4,Amazon PLCC Free-Financing Universal Merchant AAT-26CRLBGU7BZ4I,Amazon PLCC Free-Financing Universal Merchant AAT-EC3WUB2OYMZJY,Amazon PLCC Free-Financing Universal Merchant AAT-LLHTF3J4EFYUO,Amazon PLCC Free-Financing Universal Merchant AAT-BRSZZ45H6MHAO,Amazon PLCC Free-Financing Universal Merchant AAT-MKLXOOZWQL7GO,Amazon PLCC Free-Financing Universal Merchant AAT-CB7UNXEXGIJTC,Amazon PLCC Free-Financing Universal Merchant #MP-gzasho-1593152694811,Amazon PLCC Free-Financing Universal Merchant AAT-WLBA4GZ52EAH4,Amazon PLCC Free-Financing Universal Merchant #MP-pmilan-1601980554292",False,Easy Ship,False
86480,404-9349210-9061922,05-03-22,Shipped - Delivered to Buyer,Merchant,Amazon.in,Standard,JNE3801,JNE3801-KR-XL,kurta,XL,B09SDYL6L1,Shipped,1,INR,771.0,Sangli,MAHARASHTRA,416416.0,IN,"Amazon PLCC Free-Financing Universal Merchant AAT-WNKTBO3K27EJC,Amazon PLCC Free-Financing Universal Merchant AAT-QX3UCCJESKPA2,Amazon PLCC Free-Financing Universal Merchant AAT-5QQ7BIYYQEDN2,Amazon PLCC Free-Financing Universal Merchant AAT-DSJ2QRXXWXVMQ,Amazon PLCC Free-Financing Universal Merchant AAT-CXJHMC2YJUK76,Amazon PLCC Free-Financing Universal Merchant AAT-SL3Y2YRMAUNFC,Amazon PLCC Free-Financing Universal Merchant AAT-CC4FAVTYR4X7C,Amazon PLCC Free-Financing Universal Merchant AAT-FYWJCQHU2XQ2U,Amazon PLCC Free-Financing Universal Merchant AAT-R7GXNZWISTRFA,Amazon PLCC Free-Financing Universal Merchant AAT-EOKPWFWYW7Y6I,Amazon PLCC Free-Financing Universal Merchant AAT-URPEBMPS7TSPE,Amazon PLCC Free-Financing Universal Merchant AAT-3R6UGYISJQCKA,Amazon PLCC Free-Financing Universal Merchant AAT-TNYBHEAO7HOHO,Amazon PLCC Free-Financing Universal Merchant AAT-BRSZZ45H6MHAO,Amazon PLCC Free-Financing Universal Merchant AAT-MKLXOOZWQL7GO,Amazon PLCC Free-Financing Universal Merchant AAT-CB7UNXEXGIJTC,Amazon PLCC Free-Financing Universal Merchant #MP-gzasho-1593152694811,Amazon PLCC Free-Financing Universal Merchant AAT-WLBA4GZ52EAH4,Amazon PLCC Free-Financing Universal Merchant AAT-QMFZ3M7T5NPDS,Amazon PLCC Free-Financing Universal Merchant #MP-pmilan-1601980554292",False,Easy Ship,False
74148,403-5003927-6137960,05-11-22,Shipped - Delivered to Buyer,Merchant,Amazon.in,Standard,JNE3689,JNE3689-TU-S,Top,S,B094FJC1XS,Shipped,1,INR,434.0,RAJKOT,Gujarat,360004.0,IN,"Amazon PLCC Free-Financing Universal Merchant AAT-WNKTBO3K27EJC,Amazon PLCC Free-Financing Universal Merchant AAT-QX3UCCJESKPA2,Amazon PLCC Free-Financing Universal Merchant AAT-5QQ7BIYYQEDN2,Amazon PLCC Free-Financing Universal Merchant AAT-DSJ2QRXXWXVMQ,Amazon PLCC Free-Financing Universal Merchant AAT-CXJHMC2YJUK76,Amazon PLCC Free-Financing Universal Merchant AAT-CC4FAVTYR4X7C,Amazon PLCC Free-Financing Universal Merchant AAT-FYWJCQHU2XQ2U,Amazon PLCC Free-Financing Universal Merchant AAT-R7GXNZWISTRFA,Amazon PLCC Free-Financing Universal Merchant AAT-EOKPWFWYW7Y6I,Amazon PLCC Free-Financing Universal Merchant AAT-URPEBMPS7TSPE,Amazon PLCC Free-Financing Universal Merchant AAT-L2DLP5YGE5766,Amazon PLCC Free-Financing Universal Merchant AAT-2MN4SWBDTUSNI,Amazon PLCC Free-Financing Universal Merchant AAT-4VFZUZS2EO5J2,Amazon PLCC Free-Financing Universal Merchant AAT-BRSZZ45H6MHAO,Amazon PLCC Free-Financing Universal Merchant AAT-MKLXOOZWQL7GO,Amazon PLCC Free-Financing Universal Merchant AAT-CB7UNXEXGIJTC,Amazon PLCC Free-Financing Universal Merchant #MP-gzasho-1593152694811,Amazon PLCC Free-Financing Universal Merchant AAT-WLBA4GZ52EAH4",False,Easy Ship,False
55503,171-6053203-7805929,05-27-22,Shipped,Amazon,Amazon.in,Expedited,MEN5019,MEN5019-KR-XXL,kurta,XXL,B08YYTH3BJ,Shipped,1,INR,655.0,CHENNAI,TAMIL NADU,600073.0,IN,,False,,False
53918,408-5027532-5051538,05-28-22,Shipped,Amazon,Amazon.in,Expedited,SET184,SET184-KR-PP-M,Set,M,B08W9MFDJD,Shipped,1,INR,599.0,PUNE,MAHARASHTRA,411058.0,IN,IN Core Free Shipping 2015/04/08 23-48-5-108,False,,False
88478,405-1493624-3394704,05-02-22,Cancelled,Amazon,Amazon.in,Expedited,JNE3560,JNE3560-KR-S,kurta,S,B08PCTRGGR,Unshipped,1,INR,487.0,Pune,MAHARASHTRA,411014.0,IN,,False,,False
71123,171-6107381-9165909,05-14-22,Shipped,Amazon,Amazon.in,Expedited,SET376,SET376-KR-NP-XS,Set,XS,B09RSS48QG,Shipped,1,INR,560.0,TENKASI,TAMIL NADU,627814.0,IN,IN Core Free Shipping 2015/04/08 23-48-5-108,False,,False
99717,408-8898273-3941144,06-22-22,Shipped,Amazon,Amazon.in,Expedited,SET291,SET291-KR-PP-M,Set,M,B099NK55YG,Shipped,1,INR,569.0,BHUBANESWAR,ODISHA,751002.0,IN,IN Core Free Shipping 2015/04/08 23-48-5-108,False,,False
92294,405-0185015-1258736,06-28-22,Shipped,Amazon,Amazon.in,Expedited,JNE3856,JNE3856-KR-L,kurta,L,B09QJ341YQ,Shipped,1,INR,666.0,Machilipatnam,ANDHRA PRADESH,521001.0,IN,IN Core Free Shipping 2015/04/08 23-48-5-108,False,,False
97609,408-7905169-5213905,06-23-22,Shipped,Amazon,Amazon.in,Expedited,SET276,SET276-KR-PP-L,Set,L,B098P5NXKR,Shipped,1,INR,1238.0,LUCKNOW,UTTAR PRADESH,226021.0,IN,IN Core Free Shipping 2015/04/08 23-48-5-108,False,,False
61076,407-5983030-0364308,05-22-22,Shipped - Delivered to Buyer,Merchant,Amazon.in,Standard,JNE3797,JNE3797-KR-L,Western Dress,L,B09SDXFFQ1,Shipped,1,INR,771.0,NEW DELHI,DELHI,110096.0,IN,"Amazon PLCC Free-Financing Universal Merchant AAT-WNKTBO3K27EJC,Amazon PLCC Free-Financing Universal Merchant AAT-QX3UCCJESKPA2,Amazon PLCC Free-Financing Universal Merchant AAT-5QQ7BIYYQEDN2,Amazon PLCC Free-Financing Universal Merchant AAT-DSJ2QRXXWXVMQ,Amazon PLCC Free-Financing Universal Merchant AAT-CXJHMC2YJUK76,Amazon PLCC Free-Financing Universal Merchant AAT-SL3Y2YRMAUNFC,Amazon PLCC Free-Financing Universal Merchant AAT-CC4FAVTYR4X7C,Amazon PLCC Free-Financing Universal Merchant AAT-FYWJCQHU2XQ2U,Amazon PLCC Free-Financing Universal Merchant AAT-WSJLDN3X7KEMO,Amazon PLCC Free-Financing Universal Merchant AAT-VL6FGQVGQVXUS,Amazon PLCC Free-Financing Universal Merchant AAT-EOKPWFWYW7Y6I,Amazon PLCC Free-Financing Universal Merchant AAT-7REWEG6FZT6IU,Amazon PLCC Free-Financing Universal Merchant AAT-URPEBMPS7TSPE,Amazon PLCC Free-Financing Universal Merchant AAT-5ZEB2OGNZ32MC,Amazon PLCC Free-Financing Universal Merchant AAT-4ZN7U6MMDFGWM,Amazon PLCC Free-Financing Universal Merchant AAT-PAWHL2EB33U42,Amazon PLCC Free-Financing Universal Merchant AAT-7WX4JYESZISLU,Amazon PLCC Free-Financing Universal Merchant AAT-CIX56SGGAWUYW,Amazon PLCC Free-Financing Universal Merchant AAT-DMQVBJASKTAHS,Amazon PLCC Free-Financing Universal Merchant AAT-5VXFLMD6EKIFC,Amazon PLCC Free-Financing Universal Merchant AAT-BRSZZ45H6MHAO,Amazon PLCC Free-Financing Universal Merchant AAT-MKLXOOZWQL7GO,Amazon PLCC Free-Financing Universal Merchant AAT-CB7UNXEXGIJTC,Amazon PLCC Free-Financing Universal Merchant #MP-gzasho-1593152694811,Amazon PLCC Free-Financing Universal Merchant AAT-WLBA4GZ52EAH4",False,Easy Ship,False
91514,405-9152425-3063535,06-29-22,Shipped,Amazon,Amazon.in,Expedited,J0002,J0002-SKD-S,Set,S,B0894XKKWY,Shipped,1,INR,1125.0,MUMBAI,MAHARASHTRA,400054.0,IN,,False,,False
72062,406-7361793-5805117,05-13-22,Shipped,Amazon,Amazon.in,Expedited,SET291,SET291-KR-PP-L,Set,L,B099NJKJ54,Shipped,1,INR,605.0,NAHAN,HIMACHAL PRADESH,173001.0,IN,IN Core Free Shipping 2015/04/08 23-48-5-108,False,,False
59413,171-8110027-6045158,05-23-22,Shipped - Delivered to Buyer,Merchant,Amazon.in,Standard,J0098,J0098-TP-XS,Top,XS,B092CZW41L,Shipped,1,INR,399.0,PUNE,MAHARASHTRA,411016.0,IN,"Amazon PLCC Free-Financing Universal Merchant AAT-WNKTBO3K27EJC,Amazon PLCC Free-Financing Universal Merchant AAT-QX3UCCJESKPA2,Amazon PLCC Free-Financing Universal Merchant AAT-5QQ7BIYYQEDN2,Amazon PLCC Free-Financing Universal Merchant AAT-DSJ2QRXXWXVMQ,Amazon PLCC Free-Financing Universal Merchant AAT-CXJHMC2YJUK76,Amazon PLCC Free-Financing Universal Merchant AAT-CC4FAVTYR4X7C,Amazon PLCC Free-Financing Universal Merchant AAT-FYWJCQHU2XQ2U,Amazon PLCC Free-Financing Universal Merchant AAT-EOKPWFWYW7Y6I,Amazon PLCC Free-Financing Universal Merchant AAT-URPEBMPS7TSPE,Amazon PLCC Free-Financing Universal Merchant AAT-5ZEB2OGNZ32MC,Amazon PLCC Free-Financing Universal Merchant AAT-4ZN7U6MMDFGWM,Amazon PLCC Free-Financing Universal Merchant AAT-PAWHL2EB33U42,Amazon PLCC Free-Financing Universal Merchant AAT-7WX4JYESZISLU,Amazon PLCC Free-Financing Universal Merchant AAT-CIX56SGGAWUYW,Amazon PLCC Free-Financing Universal Merchant AAT-DMQVBJASKTAHS,Amazon PLCC Free-Financing Universal Merchant AAT-TNYBHEAO7HOHO,Amazon PLCC Free-Financing Universal Merchant AAT-BRSZZ45H6MHAO,Amazon PLCC Free-Financing Universal Merchant AAT-MKLXOOZWQL7GO,Amazon PLCC Free-Financing Universal Merchant AAT-CB7UNXEXGIJTC,Amazon PLCC Free-Financing Universal Merchant #MP-gzasho-1593152694811,Amazon PLCC Free-Financing Universal Merchant AAT-WLBA4GZ52EAH4,Amazon PLCC Free-Financing Universal Merchant AAT-QMFZ3M7T5NPDS,Amazon PLCC Free-Financing Universal Merchant #MP-pmilan-1601980554292",False,Easy Ship,False
88340,405-8818464-1049940,05-02-22,Shipped,Amazon,Amazon.in,Expedited,JNE3363,JNE3363-KR-1032-L,kurta,L,B07T3ZRHR8,Shipped,1,INR,376.0,NAGAPATTINAM,TAMIL NADU,609107.0,IN,Duplicated A12RHGVGRWOT3S 1560498941486,False,,False
80263,408-5957459-8683500,05-06-22,Shipped - Delivered to Buyer,Merchant,Amazon.in,Standard,JNE3797,JNE3797-KR-L,Western Dress,L,B09SDXFFQ1,Shipped,1,INR,735.0,Agra,UTTAR PRADESH,282005.0,IN,"Amazon PLCC Free-Financing Universal Merchant AAT-WNKTBO3K27EJC,Amazon PLCC Free-Financing Universal Merchant AAT-QX3UCCJESKPA2,Amazon PLCC Free-Financing Universal Merchant AAT-5QQ7BIYYQEDN2,Amazon PLCC Free-Financing Universal Merchant AAT-DSJ2QRXXWXVMQ,Amazon PLCC Free-Financing Universal Merchant AAT-CXJHMC2YJUK76,Amazon PLCC Free-Financing Universal Merchant AAT-CC4FAVTYR4X7C,Amazon PLCC Free-Financing Universal Merchant AAT-FYWJCQHU2XQ2U,Amazon PLCC Free-Financing Universal Merchant AAT-EOKPWFWYW7Y6I,Amazon PLCC Free-Financing Universal Merchant AAT-URPEBMPS7TSPE,Amazon PLCC Free-Financing Universal Merchant AAT-3R6UGYISJQCKA,Amazon PLCC Free-Financing Universal Merchant AAT-TREXU6MY3SEMI,Amazon PLCC Free-Financing Universal Merchant AAT-RVL5KAXRIWHV2,Amazon PLCC Free-Financing Universal Merchant AAT-BS2QIL3ZUUJDC,Amazon PLCC Free-Financing Universal Merchant AAT-BD2QQYQLU3K3Q,Amazon PLCC Free-Financing Universal Merchant AAT-7Z5FYSWV55YJ6,Amazon PLCC Free-Financing Universal Merchant AAT-KQRYFJZLTA6E2,Amazon PLCC Free-Financing Universal Merchant AAT-F6SN46VZWQOQI,Amazon PLCC Free-Financing Universal Merchant AAT-GL6VKXK3MYVP4,Amazon PLCC Free-Financing Universal Merchant AAT-26CRLBGU7BZ4I,Amazon PLCC Free-Financing Universal Merchant AAT-EC3WUB2OYMZJY,Amazon PLCC Free-Financing Universal Merchant AAT-LLHTF3J4EFYUO,Amazon PLCC Free-Financing Universal Merchant AAT-BRSZZ45H6MHAO,Amazon PLCC Free-Financing Universal Merchant AAT-MKLXOOZWQL7GO,Amazon PLCC Free-Financing Universal Merchant AAT-CB7UNXEXGIJTC,Amazon PLCC Free-Financing Universal Merchant #MP-gzasho-1593152694811,Amazon PLCC Free-Financing Universal Merchant AAT-WLBA4GZ52EAH4",False,Easy Ship,False
91252,407-1726493-1589113,06-29-22,Pending,Amazon,Amazon.in,Expedited,SET144,SET144-KR-NP-XXXL,Set,3XL,B0822TZ4S3,Unshipped,1,INR,764.0,PANIPAT,HARYANA,132103.0,IN,IN Core Free Shipping 2015/04/08 23-48-5-108,False,,False
64644,403-1889381-2701937,05-19-22,Shipped,Amazon,Amazon.in,Expedited,J0301,J0301-TP-L,Top,L,B099S6795L,Shipped,1,INR,518.0,CHANDIGARH,CHANDIGARH,160047.0,IN,IN Core Free Shipping 2015/04/08 23-48-5-108,False,,False
76335,171-7201245-4595503,05-09-22,Shipped,Amazon,Amazon.in,Expedited,SET304,SET304-KR-DPT-XXXL,Set,3XL,B09K3N11L8,Shipped,1,INR,1186.0,BENGALURU,KARNATAKA,560017.0,IN,,False,,False
78102,407-3490395-2784306,05-08-22,Shipped,Amazon,Amazon.in,Expedited,JNE3405,JNE3405-KR-M,kurta,M,B081WVMMCY,Shipped,1,INR,435.0,DHANBAD,JHARKHAND,826001.0,IN,,False,,False
67523,406-7292315-7280346,05-17-22,Shipped,Amazon,Amazon.in,Expedited,J0377,J0377-SKD-XXXL,Set,3XL,B09QJ3VNR7,Shipped,1,INR,999.0,GHAZIABAD,UTTAR PRADESH,201017.0,IN,IN Core Free Shipping 2015/04/08 23-48-5-108,False,,False
74712,408-2845296-8422750,05-11-22,Shipped,Amazon,Amazon.in,Expedited,SET322,SET322-KR-SHA-S,Set,S,B09RKFJ2XF,Shipped,1,INR,1099.0,BHUBANESWAR,ODISHA,751012.0,IN,IN Core Free Shipping 2015/04/08 23-48-5-108,False,,False
90485,402-1326379-6486745,05-01-22,Cancelled,Merchant,Amazon.in,Standard,JNE3405,JNE3405-KR-S,kurta,S,B081WX4G4Q,,0,INR,380.0,Vapi,Gujarat,396195.0,IN,,False,Easy Ship,False
53850,406-3198760-7731514,05-28-22,Shipped,Amazon,Amazon.in,Expedited,J0334,J0334-TP-XXL,Top,XXL,B09874Z5WK,Shipped,1,INR,599.0,Bengaluru,KARNATAKA,560078.0,IN,,False,,False
90040,402-9926947-2413904,05-01-22,Shipped - Delivered to Buyer,Merchant,Amazon.in,Standard,SET073,SET073-KR-SHA-XS,Set,XS,B07V7BR2GL,Shipped,1,INR,824.0,NEW DELHI,DELHI,110018.0,IN,"Amazon PLCC Free-Financing Universal Merchant AAT-WNKTBO3K27EJC,Amazon PLCC Free-Financing Universal Merchant AAT-QX3UCCJESKPA2,Amazon PLCC Free-Financing Universal Merchant AAT-5QQ7BIYYQEDN2,Amazon PLCC Free-Financing Universal Merchant AAT-DSJ2QRXXWXVMQ,Amazon PLCC Free-Financing Universal Merchant AAT-CXJHMC2YJUK76,Amazon PLCC Free-Financing Universal Merchant AAT-CC4FAVTYR4X7C,Amazon PLCC Free-Financing Universal Merchant AAT-FYWJCQHU2XQ2U,Amazon PLCC Free-Financing Universal Merchant AAT-R7GXNZWISTRFA,Amazon PLCC Free-Financing Universal Merchant AAT-EOKPWFWYW7Y6I,Amazon PLCC Free-Financing Universal Merchant AAT-URPEBMPS7TSPE,Amazon PLCC Free-Financing Universal Merchant SS-1651121388986,Amazon PLCC Free-Financing Universal Merchant AAT-MK6BZEIGETH6C,Amazon PLCC Free-Financing Universal Merchant AAT-N45MLU7DDHQ2U,Amazon PLCC Free-Financing Universal Merchant AAT-SC7APFY2XH6TA,Amazon PLCC Free-Financing Universal Merchant AAT-4Q6LO2WUYWVXS,Amazon PLCC Free-Financing Universal Merchant AAT-NUS7L5DRJFFKO,Amazon PLCC Free-Financing Universal Merchant AAT-IEVVAFCUN72TM,Amazon PLCC Free-Financing Universal Merchant AAT-QZ2G4PII3ZIRE,Amazon PLCC Free-Financing Universal Merchant AAT-EOW63Q43TRM3W,Amazon PLCC Free-Financing Universal Merchant AAT-6VT2UXSY4XRJ4,Amazon PLCC Free-Financing Universal Merchant AAT-3OUOBF7PETIYY,Amazon PLCC Free-Financing Universal Merchant AAT-3R6UGYISJQCKA,Amazon PLCC Free-Financing Universal Merchant AAT-BRSZZ45H6MHAO,Amazon PLCC Free-Financing Universal Merchant AAT-MKLXOOZWQL7GO,Amazon PLCC Free-Financing Universal Merchant AAT-CB7UNXEXGIJTC,Amazon PLCC Free-Financing Universal Merchant #MP-gzasho-1593152694811,Amazon PLCC Free-Financing Universal Merchant AAT-WLBA4GZ52EAH4",False,Easy Ship,False
65267,171-6711722-9897933,05-18-22,Shipped,Amazon,Amazon.in,Expedited,NW004,NW004-TP-PJ-XXL,Set,XXL,B0922T5HVS,Shipped,1,INR,475.0,BENGALURU,KARNATAKA,560023.0,IN,,False,,False
99146,402-9087556-9782767,06-22-22,Shipped,Amazon,Amazon.in,Expedited,J0402,J0402-DR-S,Western Dress,S,B09SDYKL4S,Shipped,1,INR,667.0,ATTUR,TAMIL NADU,636108.0,IN,IN Core Free Shipping 2015/04/08 23-48-5-108,False,,False
80001,408-1811443-7075535,05-07-22,Shipped,Amazon,Amazon.in,Expedited,JNE3795,JNE3795-KR-S,kurta,S,B09HMCWNJX,Shipped,1,INR,507.0,PATNA,BIHAR,800008.0,IN,IN Core Free Shipping 2015/04/08 23-48-5-108,False,,False
95926,171-9251339-4473918,06-25-22,Shipped,Amazon,Amazon.in,Expedited,J0003,J0003-SET-XS,Set,XS,B0894WW15B,Shipped,1,INR,664.0,HYDERABAD,TELANGANA,500010.0,IN,IN Core Free Shipping 2015/04/08 23-48-5-108,False,,False
93824,408-8560406-0698723,06-27-22,Shipped - Picked Up,Merchant,Amazon.in,Standard,J0101,J0101-DR-A-XL,Ethnic Dress,XL,B08VS81D6M,Shipped,1,INR,0.0,THANE,MAHARASHTRA,400606.0,IN,"Amazon PLCC Free-Financing Universal Merchant AAT-5QQ7BIYYQEDN2,Amazon PLCC Free-Financing Universal Merchant AAT-DSJ2QRXXWXVMQ,Amazon PLCC Free-Financing Universal Merchant AAT-EWAPBB6BDRGM6,Amazon PLCC Free-Financing Universal Merchant AAT-AMKH7SAAONETC,Amazon PLCC Free-Financing Universal Merchant AAT-56XNPXK2K7OLI,Amazon PLCC Free-Financing Universal Merchant AAT-UFMRPWCRGE2ZM,Amazon PLCC Free-Financing Universal Merchant AAT-SF4YGC5K3O574,Amazon PLCC Free-Financing Universal Merchant AAT-SUBB5QVZKACYG,Amazon PLCC Free-Financing Universal Merchant AAT-CF5ZF57364I7G,Amazon PLCC Free-Financing Universal Merchant #MP-gzasho-1593152694811",False,Easy Ship,False
67240,408-2354276-2482748,05-17-22,Shipped - Delivered to Buyer,Merchant,Amazon.in,Standard,J0003,J0003-SET-L,Set,L,B0894Y4PNG,Shipped,1,INR,696.0,FARIDPUR BAREILLY DISTRICT,UTTAR PRADESH,243503.0,IN,"Amazon PLCC Free-Financing Universal Merchant AAT-WNKTBO3K27EJC,Amazon PLCC Free-Financing Universal Merchant AAT-QX3UCCJESKPA2,Amazon PLCC Free-Financing Universal Merchant AAT-5QQ7BIYYQEDN2,Amazon PLCC Free-Financing Universal Merchant AAT-DSJ2QRXXWXVMQ,Amazon PLCC Free-Financing Universal Merchant AAT-CXJHMC2YJUK76,Amazon PLCC Free-Financing Universal Merchant AAT-CC4FAVTYR4X7C,Amazon PLCC Free-Financing Universal Merchant AAT-FYWJCQHU2XQ2U,Amazon PLCC Free-Financing Universal Merchant AAT-EOKPWFWYW7Y6I,Amazon PLCC Free-Financing Universal Merchant AAT-URPEBMPS7TSPE,Amazon PLCC Free-Financing Universal Merchant AAT-5ZEB2OGNZ32MC,Amazon PLCC Free-Financing Universal Merchant AAT-YZ2VQO2YM6YYM,Amazon PLCC Free-Financing Universal Merchant AAT-4EOBCMLXMLDGY,Amazon PLCC Free-Financing Universal Merchant AAT-UB6CYNTOQMM7C,Amazon PLCC Free-Financing Universal Merchant AAT-TNYBHEAO7HOHO,Amazon PLCC Free-Financing Universal Merchant AAT-BRSZZ45H6MHAO,Amazon PLCC Free-Financing Universal Merchant AAT-MKLXOOZWQL7GO,Amazon PLCC Free-Financing Universal Merchant AAT-CB7UNXEXGIJTC,Amazon PLCC Free-Financing Universal Merchant #MP-gzasho-1593152694811,Amazon PLCC Free-Financing Universal Merchant AAT-WLBA4GZ52EAH4,Amazon PLCC Free-Financing Universal Merchant AAT-QMFZ3M7T5NPDS,Amazon PLCC Free-Financing Universal Merchant #MP-pmilan-1601980554292",False,Easy Ship,False
54892,408-4438069-1115560,05-27-22,Shipped,Amazon,Amazon.in,Expedited,JNE3801,JNE3801-KR-XXXL,kurta,3XL,B09SDYSR1F,Shipped,1,INR,771.0,BENGALURU,KARNATAKA,560010.0,IN,IN Core Free Shipping 2015/04/08 23-48-5-108,False,,False
50725,407-0040356-9247523,05-30-22,Shipped - Delivered to Buyer,Merchant,Amazon.in,Standard,JNE3797,JNE3797-KR-M,Western Dress,M,B09SDY8DCT,Shipped,1,INR,771.0,"Malkajgiri, Hyderabad",TELANGANA,500047.0,IN,"Amazon PLCC Free-Financing Universal Merchant AAT-WNKTBO3K27EJC,Amazon PLCC Free-Financing Universal Merchant AAT-QX3UCCJESKPA2,Amazon PLCC Free-Financing Universal Merchant AAT-5QQ7BIYYQEDN2,Amazon PLCC Free-Financing Universal Merchant AAT-DSJ2QRXXWXVMQ,Amazon PLCC Free-Financing Universal Merchant AAT-CXJHMC2YJUK76,Amazon PLCC Free-Financing Universal Merchant AAT-SL3Y2YRMAUNFC,Amazon PLCC Free-Financing Universal Merchant AAT-CC4FAVTYR4X7C,Amazon PLCC Free-Financing Universal Merchant AAT-FYWJCQHU2XQ2U,Amazon PLCC Free-Financing Universal Merchant AAT-R7GXNZWISTRFA,Amazon PLCC Free-Financing Universal Merchant AAT-EOKPWFWYW7Y6I,Amazon PLCC Free-Financing Universal Merchant AAT-URPEBMPS7TSPE,Amazon PLCC Free-Financing Universal Merchant AAT-5ZEB2OGNZ32MC,Amazon PLCC Free-Financing Universal Merchant AAT-CAK4QZ7KEFRQU,Amazon PLCC Free-Financing Universal Merchant AAT-YZJ5BRTPINRLK,Amazon PLCC Free-Financing Universal Merchant AAT-SNWJTEAZA2JRI,Amazon PLCC Free-Financing Universal Merchant AAT-BBJ6FVTP3QKBO,Amazon PLCC Free-Financing Universal Merchant AAT-BRSZZ45H6MHAO,Amazon PLCC Free-Financing Universal Merchant AAT-MKLXOOZWQL7GO,Amazon PLCC Free-Financing Universal Merchant AAT-CB7UNXEXGIJTC,Amazon PLCC Free-Financing Universal Merchant #MP-gzasho-1593152694811,Amazon PLCC Free-Financing Universal Merchant AAT-WLBA4GZ52EAH4",False,Easy Ship,False
72949,404-3051183-0775512,05-12-22,Shipped,Amazon,Amazon.in,Expedited,J0375,J0375-SKD-XXXL,Set,3XL,B09QJ3RBR6,Shipped,1,INR,999.0,BAREILLY,UTTAR PRADESH,243403.0,IN,IN Core Free Shipping 2015/04/08 23-48-5-108,False,,False
84657,171-2513924-1665943,05-04-22,Shipped - Returned to Seller,Merchant,Amazon.in,Standard,SET288,SET288-KR-NP-XXXL,Set,3XL,B09M6STTBC,Shipped,1,INR,664.0,MARALIA,JAMMU & KASHMIR,181101.0,IN,"Amazon PLCC Free-Financing Universal Merchant AAT-WNKTBO3K27EJC,Amazon PLCC Free-Financing Universal Merchant AAT-QX3UCCJESKPA2,Amazon PLCC Free-Financing Universal Merchant AAT-5QQ7BIYYQEDN2,Amazon PLCC Free-Financing Universal Merchant AAT-DSJ2QRXXWXVMQ,Amazon PLCC Free-Financing Universal Merchant AAT-CXJHMC2YJUK76,Amazon PLCC Free-Financing Universal Merchant AAT-SL3Y2YRMAUNFC,Amazon PLCC Free-Financing Universal Merchant AAT-CC4FAVTYR4X7C,Amazon PLCC Free-Financing Universal Merchant AAT-FYWJCQHU2XQ2U,Amazon PLCC Free-Financing Universal Merchant AAT-EOKPWFWYW7Y6I,Amazon PLCC Free-Financing Universal Merchant AAT-URPEBMPS7TSPE,Amazon PLCC Free-Financing Universal Merchant AAT-3R6UGYISJQCKA,Amazon PLCC Free-Financing Universal Merchant AAT-CPIZVVXYOLZ5S,Amazon PLCC Free-Financing Universal Merchant AAT-BS2QIL3ZUUJDC,Amazon PLCC Free-Financing Universal Merchant AAT-BD2QQYQLU3K3Q,Amazon PLCC Free-Financing Universal Merchant AAT-7Z5FYSWV55YJ6,Amazon PLCC Free-Financing Universal Merchant AAT-KQRYFJZLTA6E2,Amazon PLCC Free-Financing Universal Merchant AAT-F6SN46VZWQOQI,Amazon PLCC Free-Financing Universal Merchant AAT-GL6VKXK3MYVP4,Amazon PLCC Free-Financing Universal Merchant AAT-26CRLBGU7BZ4I,Amazon PLCC Free-Financing Universal Merchant AAT-EC3WUB2OYMZJY,Amazon PLCC Free-Financing Universal Merchant AAT-LLHTF3J4EFYUO,Amazon PLCC Free-Financing Universal Merchant AAT-BRSZZ45H6MHAO,Amazon PLCC Free-Financing Universal Merchant AAT-MKLXOOZWQL7GO,Amazon PLCC Free-Financing Universal Merchant AAT-CB7UNXEXGIJTC,Amazon PLCC Free-Financing Universal Merchant #MP-gzasho-1593152694811,Amazon PLCC Free-Financing Universal Merchant AAT-WLBA4GZ52EAH4",False,Easy Ship,False
87213,404-5546320-9651567,05-02-22,Shipped - Delivered to Buyer,Merchant,Amazon.in,Standard,JNE3609,JNE3609-KR-XXL,kurta,XXL,B08W1HC76G,Shipped,1,INR,568.0,PIMPRI CHINCHWAD,MAHARASHTRA,411033.0,IN,"Amazon PLCC Free-Financing Universal Merchant AAT-WNKTBO3K27EJC,Amazon PLCC Free-Financing Universal Merchant AAT-QX3UCCJESKPA2,Amazon PLCC Free-Financing Universal Merchant AAT-5QQ7BIYYQEDN2,Amazon PLCC Free-Financing Universal Merchant AAT-DSJ2QRXXWXVMQ,Amazon PLCC Free-Financing Universal Merchant AAT-CXJHMC2YJUK76,Amazon PLCC Free-Financing Universal Merchant AAT-CC4FAVTYR4X7C,Amazon PLCC Free-Financing Universal Merchant AAT-FYWJCQHU2XQ2U,Amazon PLCC Free-Financing Universal Merchant AAT-EOKPWFWYW7Y6I,Amazon PLCC Free-Financing Universal Merchant AAT-URPEBMPS7TSPE,Amazon PLCC Free-Financing Universal Merchant AAT-3R6UGYISJQCKA,Amazon PLCC Free-Financing Universal Merchant AAT-BRSZZ45H6MHAO,Amazon PLCC Free-Financing Universal Merchant AAT-MKLXOOZWQL7GO,Amazon PLCC Free-Financing Universal Merchant AAT-CB7UNXEXGIJTC,Amazon PLCC Free-Financing Universal Merchant #MP-gzasho-1593152694811,Amazon PLCC Free-Financing Universal Merchant AAT-WLBA4GZ52EAH4",False,Easy Ship,False
70304,403-5810341-0641130,05-14-22,Shipped - Delivered to Buyer,Merchant,Amazon.in,Standard,JNE3798,JNE3798-KR-A-S,Western Dress,S,B09TH4P8P7,Shipped,1,INR,771.0,BAMBOOFLAT,ANDAMAN & NICOBAR ,744107.0,IN,"Amazon PLCC Free-Financing Universal Merchant AAT-WNKTBO3K27EJC,Amazon PLCC Free-Financing Universal Merchant AAT-QX3UCCJESKPA2,Amazon PLCC Free-Financing Universal Merchant AAT-5QQ7BIYYQEDN2,Amazon PLCC Free-Financing Universal Merchant AAT-DSJ2QRXXWXVMQ,Amazon PLCC Free-Financing Universal Merchant AAT-CXJHMC2YJUK76,Amazon PLCC Free-Financing Universal Merchant AAT-CC4FAVTYR4X7C,Amazon PLCC Free-Financing Universal Merchant AAT-FYWJCQHU2XQ2U,Amazon PLCC Free-Financing Universal Merchant AAT-EOKPWFWYW7Y6I,Amazon PLCC Free-Financing Universal Merchant AAT-URPEBMPS7TSPE,Amazon PLCC Free-Financing Universal Merchant AAT-2MN4SWBDTUSNI,Amazon PLCC Free-Financing Universal Merchant AAT-4VFZUZS2EO5J2,Amazon PLCC Free-Financing Universal Merchant AAT-YZ2VQO2YM6YYM,Amazon PLCC Free-Financing Universal Merchant AAT-4EOBCMLXMLDGY,Amazon PLCC Free-Financing Universal Merchant AAT-UB6CYNTOQMM7C,Amazon PLCC Free-Financing Universal Merchant AAT-TNYBHEAO7HOHO,Amazon PLCC Free-Financing Universal Merchant AAT-BRSZZ45H6MHAO,Amazon PLCC Free-Financing Universal Merchant AAT-MKLXOOZWQL7GO,Amazon PLCC Free-Financing Universal Merchant AAT-CB7UNXEXGIJTC,Amazon PLCC Free-Financing Universal Merchant #MP-gzasho-1593152694811,Amazon PLCC Free-Financing Universal Merchant AAT-WLBA4GZ52EAH4,Amazon PLCC Free-Financing Universal Merchant AAT-QMFZ3M7T5NPDS,Amazon PLCC Free-Financing Universal Merchant #MP-pmilan-1601980554292",False,Easy Ship,False
65269,407-8921010-1097908,05-18-22,Shipped - Delivered to Buyer,Merchant,Amazon.in,Standard,MEN5032,MEN5032-KR-XXL,kurta,XXL,B08YZ138QZ,Shipped,1,INR,811.0,MUMBAI,MAHARASHTRA,400062.0,IN,"Amazon PLCC Free-Financing Universal Merchant AAT-WNKTBO3K27EJC,Amazon PLCC Free-Financing Universal Merchant AAT-QX3UCCJESKPA2,Amazon PLCC Free-Financing Universal Merchant AAT-5QQ7BIYYQEDN2,Amazon PLCC Free-Financing Universal Merchant AAT-DSJ2QRXXWXVMQ,Amazon PLCC Free-Financing Universal Merchant AAT-CXJHMC2YJUK76,Amazon PLCC Free-Financing Universal Merchant AAT-SL3Y2YRMAUNFC,Amazon PLCC Free-Financing Universal Merchant AAT-CC4FAVTYR4X7C,Amazon PLCC Free-Financing Universal Merchant AAT-FYWJCQHU2XQ2U,Amazon PLCC Free-Financing Universal Merchant AAT-WSJLDN3X7KEMO,Amazon PLCC Free-Financing Universal Merchant AAT-VL6FGQVGQVXUS,Amazon PLCC Free-Financing Universal Merchant AAT-EOKPWFWYW7Y6I,Amazon PLCC Free-Financing Universal Merchant AAT-URPEBMPS7TSPE,Amazon PLCC Free-Financing Universal Merchant AAT-5ZEB2OGNZ32MC,Amazon PLCC Free-Financing Universal Merchant AAT-YZ2VQO2YM6YYM,Amazon PLCC Free-Financing Universal Merchant AAT-4EOBCMLXMLDGY,Amazon PLCC Free-Financing Universal Merchant AAT-UB6CYNTOQMM7C,Amazon PLCC Free-Financing Universal Merchant AAT-BRSZZ45H6MHAO,Amazon PLCC Free-Financing Universal Merchant AAT-MKLXOOZWQL7GO,Amazon PLCC Free-Financing Universal Merchant AAT-CB7UNXEXGIJTC,Amazon PLCC Free-Financing Universal Merchant #MP-gzasho-1593152694811,Amazon PLCC Free-Financing Universal Merchant AAT-WLBA4GZ52EAH4",False,Easy Ship,False
72367,403-8703821-4373912,05-13-22,Shipped - Delivered to Buyer,Merchant,Amazon.in,Standard,MEN5032,MEN5032-KR-XXL,kurta,XXL,B08YZ138QZ,Shipped,1,INR,811.0,THRISSUR,KERALA,680652.0,IN,"Amazon PLCC Free-Financing Universal Merchant AAT-WNKTBO3K27EJC,Amazon PLCC Free-Financing Universal Merchant AAT-QX3UCCJESKPA2,Amazon PLCC Free-Financing Universal Merchant AAT-5QQ7BIYYQEDN2,Amazon PLCC Free-Financing Universal Merchant AAT-DSJ2QRXXWXVMQ,Amazon PLCC Free-Financing Universal Merchant AAT-CXJHMC2YJUK76,Amazon PLCC Free-Financing Universal Merchant AAT-SL3Y2YRMAUNFC,Amazon PLCC Free-Financing Universal Merchant AAT-CC4FAVTYR4X7C,Amazon PLCC Free-Financing Universal Merchant AAT-FYWJCQHU2XQ2U,Amazon PLCC Free-Financing Universal Merchant AAT-R7GXNZWISTRFA,Amazon PLCC Free-Financing Universal Merchant AAT-EOKPWFWYW7Y6I,Amazon PLCC Free-Financing Universal Merchant AAT-URPEBMPS7TSPE,Amazon PLCC Free-Financing Universal Merchant AAT-L2DLP5YGE5766,Amazon PLCC Free-Financing Universal Merchant AAT-5ZEB2OGNZ32MC,Amazon PLCC Free-Financing Universal Merchant AAT-2MN4SWBDTUSNI,Amazon PLCC Free-Financing Universal Merchant AAT-4VFZUZS2EO5J2,Amazon PLCC Free-Financing Universal Merchant AAT-TNYBHEAO7HOHO,Amazon PLCC Free-Financing Universal Merchant AAT-BRSZZ45H6MHAO,Amazon PLCC Free-Financing Universal Merchant AAT-MKLXOOZWQL7GO,Amazon PLCC Free-Financing Universal Merchant AAT-CB7UNXEXGIJTC,Amazon PLCC Free-Financing Universal Merchant #MP-gzasho-1593152694811,Amazon PLCC Free-Financing Universal Merchant AAT-WLBA4GZ52EAH4,Amazon PLCC Free-Financing Universal Merchant AAT-QMFZ3M7T5NPDS,Amazon PLCC Free-Financing Universal Merchant #MP-pmilan-1601980554292",False,Easy Ship,False
92684,406-5743478-9269947,06-28-22,Pending,Amazon,Amazon.in,Expedited,JNE3579,JNE3579-KR-M,kurta,M,B08QGK2BS2,Unshipped,1,INR,301.0,"Warje, Pune",MAHARASHTRA,411058.0,IN,IN Core Free Shipping 2015/04/08 23-48-5-108,False,,False
96734,408-2123613-2765905,06-24-22,Shipped,Amazon,Amazon.in,Expedited,SET196,SET196-KR-NP-XXXL,Set,3XL,B08HK5YRVZ,Shipped,1,INR,0.0,Gandhinagar,Gujarat,382006.0,IN,,False,,False
61732,405-7753345-4500364,05-21-22,Shipped,Amazon,Amazon.in,Expedited,J0204,J0204-TP-S,Top,S,B0965KGKTK,Shipped,1,INR,749.0,TIRUCHIRAPPALLI,TAMIL NADU,620019.0,IN,IN Core Free Shipping 2015/04/08 23-48-5-108,False,,False
68619,406-5021570-1685964,05-16-22,Shipped,Amazon,Amazon.in,Expedited,PJNE2171,PJNE2171-KR-N-4XL,kurta,4XL,B09LD3MJ49,Shipped,1,INR,1099.0,Bharatpur,RAJASTHAN,321001.0,IN,IN Core Free Shipping 2015/04/08 23-48-5-108,False,,False
98492,407-4737801-2557941,06-23-22,Shipped,Amazon,Amazon.in,Expedited,JNE1233,JNE1233-BLUE-KR-031-XS,kurta,XS,B07JBQD2BK,Shipped,1,INR,376.0,SULLURU,ANDHRA PRADESH,524121.0,IN,,False,,False
76803,405-0236282-6377974,05-09-22,Shipped,Amazon,Amazon.in,Expedited,SET273,SET273-KR-NP-M,Set,M,B094FRW46T,Shipped,1,INR,612.0,Chittapur tq,KARNATAKA,585211.0,IN,IN Core Free Shipping 2015/04/08 23-48-5-108,False,,False
94305,405-0167835-5273906,06-26-22,Shipped,Amazon,Amazon.in,Expedited,JNE3484,JNE3484-KR-M,kurta,M,B08W8T2TDB,Shipped,1,INR,301.0,PUNE,MAHARASHTRA,411027.0,IN,IN Core Free Shipping 2015/04/08 23-48-5-108,False,,False
97522,171-3852765-6784315,06-23-22,Shipped - Picked Up,Merchant,Amazon.in,Standard,JNE3407,JNE3407-KR-M,kurta,M,B0893FR8YK,Shipped,1,INR,301.0,ANAKAPALLE,ANDHRA PRADESH,531002.0,IN,"Amazon PLCC Free-Financing Universal Merchant AAT-WNKTBO3K27EJC,Amazon PLCC Free-Financing Universal Merchant AAT-QX3UCCJESKPA2,Amazon PLCC Free-Financing Universal Merchant AAT-5QQ7BIYYQEDN2,Amazon PLCC Free-Financing Universal Merchant AAT-DSJ2QRXXWXVMQ,Amazon PLCC Free-Financing Universal Merchant AAT-CXJHMC2YJUK76,Amazon PLCC Free-Financing Universal Merchant AAT-SL3Y2YRMAUNFC,Amazon PLCC Free-Financing Universal Merchant AAT-CC4FAVTYR4X7C,Amazon PLCC Free-Financing Universal Merchant AAT-EWAPBB6BDRGM6,Amazon PLCC Free-Financing Universal Merchant AAT-EOKPWFWYW7Y6I,Amazon PLCC Free-Financing Universal Merchant AAT-AMKH7SAAONETC,Amazon PLCC Free-Financing Universal Merchant AAT-56XNPXK2K7OLI,Amazon PLCC Free-Financing Universal Merchant AAT-5WLEJFJPU23IC,Amazon PLCC Free-Financing Universal Merchant AAT-BOWEMQBNNNHBK,Amazon PLCC Free-Financing Universal Merchant AAT-SKYXW7T3UZBGO,Amazon PLCC Free-Financing Universal Merchant AAT-UFMRPWCRGE2ZM,Amazon PLCC Free-Financing Universal Merchant AAT-SF4YGC5K3O574,Amazon PLCC Free-Financing Universal Merchant AAT-SUBB5QVZKACYG,Amazon PLCC Free-Financing Universal Merchant AAT-CF5ZF57364I7G,Amazon PLCC Free-Financing Universal Merchant AAT-BRSZZ45H6MHAO,Amazon PLCC Free-Financing Universal Merchant AAT-MKLXOOZWQL7GO,Amazon PLCC Free-Financing Universal Merchant AAT-CB7UNXEXGIJTC,Amazon PLCC Free-Financing Universal Merchant #MP-gzasho-1593152694811,Amazon PLCC Free-Financing Universal Merchant AAT-WLBA4GZ52EAH4",False,Easy Ship,False
82207,171-2511188-5691564,05-05-22,Shipped,Amazon,Amazon.in,Expedited,J0208,J0208-DR-S,Western Dress,S,B0967PHLMJ,Shipped,1,INR,605.0,GHAZIABAD,UTTAR PRADESH,201014.0,IN,IN Core Free Shipping 2015/04/08 23-48-5-108,False,,False
52530,405-5336257-8565164,05-29-22,Shipped,Amazon,Amazon.in,Expedited,J0343,J0343-DR-XXL,Western Dress,XXL,B09831TPR5,Shipped,1,INR,885.0,PUNE,MAHARASHTRA,411004.0,IN,,False,,False
67746,408-1701338-6605933,05-16-22,Shipped - Delivered to Buyer,Merchant,Amazon.in,Standard,JNE3800,JNE3800-KR-A-XXXL,Western Dress,3XL,B09TH53Q68,Shipped,1,INR,771.0,ULLAL,KARNATAKA,575022.0,IN,"Amazon PLCC Free-Financing Universal Merchant AAT-WNKTBO3K27EJC,Amazon PLCC Free-Financing Universal Merchant AAT-QX3UCCJESKPA2,Amazon PLCC Free-Financing Universal Merchant AAT-5QQ7BIYYQEDN2,Amazon PLCC Free-Financing Universal Merchant AAT-DSJ2QRXXWXVMQ,Amazon PLCC Free-Financing Universal Merchant AAT-CXJHMC2YJUK76,Amazon PLCC Free-Financing Universal Merchant AAT-CC4FAVTYR4X7C,Amazon PLCC Free-Financing Universal Merchant AAT-FYWJCQHU2XQ2U,Amazon PLCC Free-Financing Universal Merchant AAT-WSJLDN3X7KEMO,Amazon PLCC Free-Financing Universal Merchant AAT-VL6FGQVGQVXUS,Amazon PLCC Free-Financing Universal Merchant AAT-EOKPWFWYW7Y6I,Amazon PLCC Free-Financing Universal Merchant AAT-URPEBMPS7TSPE,Amazon PLCC Free-Financing Universal Merchant AAT-5ZEB2OGNZ32MC,Amazon PLCC Free-Financing Universal Merchant AAT-YZ2VQO2YM6YYM,Amazon PLCC Free-Financing Universal Merchant AAT-4EOBCMLXMLDGY,Amazon PLCC Free-Financing Universal Merchant AAT-UB6CYNTOQMM7C,Amazon PLCC Free-Financing Universal Merchant AAT-BRSZZ45H6MHAO,Amazon PLCC Free-Financing Universal Merchant AAT-MKLXOOZWQL7GO,Amazon PLCC Free-Financing Universal Merchant AAT-CB7UNXEXGIJTC,Amazon PLCC Free-Financing Universal Merchant #MP-gzasho-1593152694811,Amazon PLCC Free-Financing Universal Merchant AAT-WLBA4GZ52EAH4",False,Easy Ship,False
58270,408-4261887-8786717,05-24-22,Shipped,Amazon,Amazon.in,Expedited,J0150,J0150-KR-XS,kurta,XS,B08N19VWFM,Shipped,1,INR,399.0,barh,BIHAR,803214.0,IN,Duplicated A12RHGVGRWOT3S 1560498941486,False,,False
65079,405-1829492-6505140,05-18-22,Shipped - Delivered to Buyer,Merchant,Amazon.in,Standard,J0401,J0401-DR-XS,Western Dress,XS,B09SDXYWYN,Shipped,1,INR,885.0,NUZVID,ANDHRA PRADESH,521201.0,IN,"Amazon PLCC Free-Financing Universal Merchant AAT-WNKTBO3K27EJC,Amazon PLCC Free-Financing Universal Merchant AAT-QX3UCCJESKPA2,Amazon PLCC Free-Financing Universal Merchant AAT-5QQ7BIYYQEDN2,Amazon PLCC Free-Financing Universal Merchant AAT-DSJ2QRXXWXVMQ,Amazon PLCC Free-Financing Universal Merchant AAT-CXJHMC2YJUK76,Amazon PLCC Free-Financing Universal Merchant AAT-SL3Y2YRMAUNFC,Amazon PLCC Free-Financing Universal Merchant AAT-CC4FAVTYR4X7C,Amazon PLCC Free-Financing Universal Merchant AAT-FYWJCQHU2XQ2U,Amazon PLCC Free-Financing Universal Merchant AAT-EOKPWFWYW7Y6I,Amazon PLCC Free-Financing Universal Merchant AAT-URPEBMPS7TSPE,Amazon PLCC Free-Financing Universal Merchant AAT-5ZEB2OGNZ32MC,Amazon PLCC Free-Financing Universal Merchant AAT-BAO77QKKMJQIM,Amazon PLCC Free-Financing Universal Merchant AAT-4ZN7U6MMDFGWM,Amazon PLCC Free-Financing Universal Merchant AAT-PAWHL2EB33U42,Amazon PLCC Free-Financing Universal Merchant AAT-7WX4JYESZISLU,Amazon PLCC Free-Financing Universal Merchant AAT-CIX56SGGAWUYW,Amazon PLCC Free-Financing Universal Merchant AAT-DMQVBJASKTAHS,Amazon PLCC Free-Financing Universal Merchant AAT-TNYBHEAO7HOHO,Amazon PLCC Free-Financing Universal Merchant AAT-BRSZZ45H6MHAO,Amazon PLCC Free-Financing Universal Merchant AAT-MKLXOOZWQL7GO,Amazon PLCC Free-Financing Universal Merchant AAT-CB7UNXEXGIJTC,Amazon PLCC Free-Financing Universal Merchant #MP-gzasho-1593152694811,Amazon PLCC Free-Financing Universal Merchant AAT-WLBA4GZ52EAH4,Amazon PLCC Free-Financing Universal Merchant AAT-QMFZ3M7T5NPDS,Amazon PLCC Free-Financing Universal Merchant #MP-pmilan-1601980554292",False,Easy Ship,False
63624,402-3386194-3830762,05-20-22,Cancelled,Merchant,Amazon.in,Standard,BTM043,BTM043-PP-XL,Bottom,XL,B08L3SHYZH,,0,,,NAGPUR,MAHARASHTRA,440001.0,IN,,False,Easy Ship,False
80638,171-5182682-6329952,05-06-22,Shipped - Delivered to Buyer,Merchant,Amazon.in,Standard,JNE3797,JNE3797-KR-XXXL,Western Dress,3XL,B09SDY4VDC,Shipped,1,INR,725.0,DELHI,DELHI,110019.0,IN,"Amazon PLCC Free-Financing Universal Merchant AAT-WNKTBO3K27EJC,Amazon PLCC Free-Financing Universal Merchant AAT-QX3UCCJESKPA2,Amazon PLCC Free-Financing Universal Merchant AAT-5QQ7BIYYQEDN2,Amazon PLCC Free-Financing Universal Merchant AAT-DSJ2QRXXWXVMQ,Amazon PLCC Free-Financing Universal Merchant AAT-CXJHMC2YJUK76,Amazon PLCC Free-Financing Universal Merchant AAT-CC4FAVTYR4X7C,Amazon PLCC Free-Financing Universal Merchant AAT-FYWJCQHU2XQ2U,Amazon PLCC Free-Financing Universal Merchant AAT-EOKPWFWYW7Y6I,Amazon PLCC Free-Financing Universal Merchant AAT-URPEBMPS7TSPE,Amazon PLCC Free-Financing Universal Merchant AAT-3R6UGYISJQCKA,Amazon PLCC Free-Financing Universal Merchant AAT-TREXU6MY3SEMI,Amazon PLCC Free-Financing Universal Merchant AAT-RVL5KAXRIWHV2,Amazon PLCC Free-Financing Universal Merchant AAT-BS2QIL3ZUUJDC,Amazon PLCC Free-Financing Universal Merchant AAT-BD2QQYQLU3K3Q,Amazon PLCC Free-Financing Universal Merchant AAT-7Z5FYSWV55YJ6,Amazon PLCC Free-Financing Universal Merchant AAT-KQRYFJZLTA6E2,Amazon PLCC Free-Financing Universal Merchant AAT-F6SN46VZWQOQI,Amazon PLCC Free-Financing Universal Merchant AAT-GL6VKXK3MYVP4,Amazon PLCC Free-Financing Universal Merchant AAT-26CRLBGU7BZ4I,Amazon PLCC Free-Financing Universal Merchant AAT-EC3WUB2OYMZJY,Amazon PLCC Free-Financing Universal Merchant AAT-LLHTF3J4EFYUO,Amazon PLCC Free-Financing Universal Merchant AAT-TNYBHEAO7HOHO,Amazon PLCC Free-Financing Universal Merchant AAT-BRSZZ45H6MHAO,Amazon PLCC Free-Financing Universal Merchant AAT-MKLXOOZWQL7GO,Amazon PLCC Free-Financing Universal Merchant AAT-CB7UNXEXGIJTC,Amazon PLCC Free-Financing Universal Merchant #MP-gzasho-1593152694811,Amazon PLCC Free-Financing Universal Merchant AAT-WLBA4GZ52EAH4,Amazon PLCC Free-Financing Universal Merchant AAT-QMFZ3M7T5NPDS,Amazon PLCC Free-Financing Universal Merchant #MP-pmilan-1601980554292",False,Easy Ship,False
80440,408-1446046-8069161,05-06-22,Shipped,Amazon,Amazon.in,Expedited,NW004,NW004-TP-PJ-M,Set,M,B0922QJ5DH,Shipped,1,INR,461.0,NEW DELHI,DELHI,110018.0,IN,IN Core Free Shipping 2015/04/08 23-48-5-108,False,,False
86056,402-0356591-1676332,05-03-22,Shipped - Delivered to Buyer,Merchant,Amazon.in,Standard,JNE3439,JNE3439-KR-L,kurta,L,B081WZDHB3,Shipped,1,INR,399.0,Rewari,HARYANA,123401.0,IN,"Amazon PLCC Free-Financing Universal Merchant AAT-WNKTBO3K27EJC,Amazon PLCC Free-Financing Universal Merchant AAT-QX3UCCJESKPA2,Amazon PLCC Free-Financing Universal Merchant AAT-5QQ7BIYYQEDN2,Amazon PLCC Free-Financing Universal Merchant AAT-DSJ2QRXXWXVMQ,Amazon PLCC Free-Financing Universal Merchant AAT-CXJHMC2YJUK76,Amazon PLCC Free-Financing Universal Merchant AAT-SL3Y2YRMAUNFC,Amazon PLCC Free-Financing Universal Merchant AAT-CC4FAVTYR4X7C,Amazon PLCC Free-Financing Universal Merchant AAT-FYWJCQHU2XQ2U,Amazon PLCC Free-Financing Universal Merchant AAT-R7GXNZWISTRFA,Amazon PLCC Free-Financing Universal Merchant AAT-EOKPWFWYW7Y6I,Amazon PLCC Free-Financing Universal Merchant AAT-3R6UGYISJQCKA,Amazon PLCC Free-Financing Universal Merchant AAT-BRSZZ45H6MHAO,Amazon PLCC Free-Financing Universal Merchant AAT-MKLXOOZWQL7GO,Amazon PLCC Free-Financing Universal Merchant AAT-CB7UNXEXGIJTC,Amazon PLCC Free-Financing Universal Merchant #MP-gzasho-1593152694811,Amazon PLCC Free-Financing Universal Merchant AAT-WLBA4GZ52EAH4",False,Easy Ship,False
92651,406-2831945-6061916,06-28-22,Pending - Waiting for Pick Up,Merchant,Amazon.in,Standard,JNE3797,JNE3797-KR-M,Western Dress,M,B09SDY8DCT,Unshipped,1,INR,735.0,HASSAN,KARNATAKA,573201.0,IN,"Amazon PLCC Free-Financing Universal Merchant AAT-WNKTBO3K27EJC,Amazon PLCC Free-Financing Universal Merchant AAT-QX3UCCJESKPA2,Amazon PLCC Free-Financing Universal Merchant AAT-5QQ7BIYYQEDN2,Amazon PLCC Free-Financing Universal Merchant AAT-DSJ2QRXXWXVMQ,Amazon PLCC Free-Financing Universal Merchant AAT-CXJHMC2YJUK76,Amazon PLCC Free-Financing Universal Merchant AAT-CC4FAVTYR4X7C,Amazon PLCC Free-Financing Universal Merchant AAT-EWAPBB6BDRGM6,Amazon PLCC Free-Financing Universal Merchant AAT-R7GXNZWISTRFA,Amazon PLCC Free-Financing Universal Merchant AAT-WSJLDN3X7KEMO,Amazon PLCC Free-Financing Universal Merchant AAT-VL6FGQVGQVXUS,Amazon PLCC Free-Financing Universal Merchant AAT-EOKPWFWYW7Y6I,Amazon PLCC Free-Financing Universal Merchant AAT-5QNBXTEQWGXOW,Amazon PLCC Free-Financing Universal Merchant AAT-BOWEMQBNNNHBK,Amazon PLCC Free-Financing Universal Merchant AAT-ONHQI6RQUNGB6,Amazon PLCC Free-Financing Universal Merchant AAT-DP5M6CP4XT7YY,Amazon PLCC Free-Financing Universal Merchant AAT-BRSZZ45H6MHAO,Amazon PLCC Free-Financing Universal Merchant AAT-MKLXOOZWQL7GO,Amazon PLCC Free-Financing Universal Merchant AAT-CB7UNXEXGIJTC,Amazon PLCC Free-Financing Universal Merchant #MP-gzasho-1593152694811,Amazon PLCC Free-Financing Universal Merchant AAT-WLBA4GZ52EAH4",False,Easy Ship,False
86803,403-2434205-6020320,05-03-22,Shipped,Amazon,Amazon.in,Expedited,SET290,SET290-KR-DPT-XXL,Set,XXL,B09B58MTF1,Shipped,1,INR,724.0,BENGALURU,KARNATAKA,560049.0,IN,IN Core Free Shipping 2015/04/08 23-48-5-108,False,,False
98224,405-6193755-4396333,06-23-22,Shipped,Amazon,Amazon.in,Expedited,JNE2305,JNE2305-KR-533-XL,kurta,XL,B07GRQVB2G,Shipped,1,INR,376.0,PRAYAGRAJ,UTTAR PRADESH,211019.0,IN,Duplicated A12RHGVGRWOT3S 1560498941486,False,,False
79226,404-3027379-8906710,05-07-22,Shipped - Delivered to Buyer,Merchant,Amazon.in,Standard,SET330,SET330-KR-PP-XS,Set,XS,B09SDYW5QQ,Shipped,1,INR,543.0,NEW DELHI,DELHI,110059.0,IN,"Amazon PLCC Free-Financing Universal Merchant AAT-WNKTBO3K27EJC,Amazon PLCC Free-Financing Universal Merchant AAT-QX3UCCJESKPA2,Amazon PLCC Free-Financing Universal Merchant AAT-5QQ7BIYYQEDN2,Amazon PLCC Free-Financing Universal Merchant AAT-DSJ2QRXXWXVMQ,Amazon PLCC Free-Financing Universal Merchant AAT-CXJHMC2YJUK76,Amazon PLCC Free-Financing Universal Merchant AAT-SL3Y2YRMAUNFC,Amazon PLCC Free-Financing Universal Merchant AAT-CC4FAVTYR4X7C,Amazon PLCC Free-Financing Universal Merchant AAT-FYWJCQHU2XQ2U,Amazon PLCC Free-Financing Universal Merchant AAT-EOKPWFWYW7Y6I,Amazon PLCC Free-Financing Universal Merchant AAT-URPEBMPS7TSPE,Amazon PLCC Free-Financing Universal Merchant AAT-3R6UGYISJQCKA,Amazon PLCC Free-Financing Universal Merchant AAT-TREXU6MY3SEMI,Amazon PLCC Free-Financing Universal Merchant AAT-CPIZVVXYOLZ5S,Amazon PLCC Free-Financing Universal Merchant AAT-BS2QIL3ZUUJDC,Amazon PLCC Free-Financing Universal Merchant AAT-BD2QQYQLU3K3Q,Amazon PLCC Free-Financing Universal Merchant AAT-7Z5FYSWV55YJ6,Amazon PLCC Free-Financing Universal Merchant AAT-KQRYFJZLTA6E2,Amazon PLCC Free-Financing Universal Merchant AAT-F6SN46VZWQOQI,Amazon PLCC Free-Financing Universal Merchant AAT-GL6VKXK3MYVP4,Amazon PLCC Free-Financing Universal Merchant AAT-26CRLBGU7BZ4I,Amazon PLCC Free-Financing Universal Merchant AAT-EC3WUB2OYMZJY,Amazon PLCC Free-Financing Universal Merchant AAT-LLHTF3J4EFYUO,Amazon PLCC Free-Financing Universal Merchant AAT-BRSZZ45H6MHAO,Amazon PLCC Free-Financing Universal Merchant AAT-MKLXOOZWQL7GO,Amazon PLCC Free-Financing Universal Merchant AAT-CB7UNXEXGIJTC,Amazon PLCC Free-Financing Universal Merchant #MP-gzasho-1593152694811,Amazon PLCC Free-Financing Universal Merchant AAT-WLBA4GZ52EAH4,Amazon PLCC Free-Financing Universal Merchant #MP-pmilan-1601980554292",False,Easy Ship,False
55633,405-4969413-5094767,05-26-22,Shipped,Amazon,Amazon.in,Expedited,SET385,SET385-KR-NP-L,Set,L,B09K3Z4GHN,Shipped,1,INR,629.0,INDORE,MADHYA PRADESH,452016.0,IN,IN Core Free Shipping 2015/04/08 23-48-5-108,False,,False
55987,402-9938249-9816327,05-26-22,Shipped,Amazon,Amazon.in,Expedited,SET247,SET247-KR-SHA-XS,Set,XS,B09B58X791,Shipped,1,INR,775.0,WAGHAI,Gujarat,394730.0,IN,IN Core Free Shipping 2015/04/08 23-48-5-108,False,,False
98063,405-4349018-3548342,06-23-22,Shipped,Amazon,Amazon.in,Expedited,SET405,SET405-KR-NP-L,Set,L,B09QJ4HWCC,Shipped,1,INR,725.0,LUCKNOW,UTTAR PRADESH,226020.0,IN,,False,,False
51812,405-7155641-6305163,05-29-22,Shipped,Amazon,Amazon.in,Expedited,JNE3506,JNE3506-KR-L,kurta,L,B08WPT8KFM,Shipped,1,INR,635.0,NOIDA,UTTAR PRADESH,201305.0,IN,IN Core Free Shipping 2015/04/08 23-48-5-108,False,,False
77578,407-3887492-3313122,05-08-22,Shipped - Delivered to Buyer,Merchant,Amazon.in,Standard,JNE3722,JNE3722-KR-XL,kurta,XL,B09BQDLN22,Shipped,1,INR,292.0,AHMEDABAD,Gujarat,380007.0,IN,"Amazon PLCC Free-Financing Universal Merchant AAT-WNKTBO3K27EJC,Amazon PLCC Free-Financing Universal Merchant AAT-QX3UCCJESKPA2,Amazon PLCC Free-Financing Universal Merchant AAT-5QQ7BIYYQEDN2,Amazon PLCC Free-Financing Universal Merchant AAT-DSJ2QRXXWXVMQ,Amazon PLCC Free-Financing Universal Merchant AAT-CXJHMC2YJUK76,Amazon PLCC Free-Financing Universal Merchant AAT-SL3Y2YRMAUNFC,Amazon PLCC Free-Financing Universal Merchant AAT-CC4FAVTYR4X7C,Amazon PLCC Free-Financing Universal Merchant AAT-FYWJCQHU2XQ2U,Amazon PLCC Free-Financing Universal Merchant AAT-R7GXNZWISTRFA,Amazon PLCC Free-Financing Universal Merchant AAT-EOKPWFWYW7Y6I,Amazon PLCC Free-Financing Universal Merchant AAT-URPEBMPS7TSPE,Amazon PLCC Free-Financing Universal Merchant AAT-TREXU6MY3SEMI,Amazon PLCC Free-Financing Universal Merchant AAT-CPIZVVXYOLZ5S,Amazon PLCC Free-Financing Universal Merchant AAT-BS2QIL3ZUUJDC,Amazon PLCC Free-Financing Universal Merchant AAT-BD2QQYQLU3K3Q,Amazon PLCC Free-Financing Universal Merchant AAT-7Z5FYSWV55YJ6,Amazon PLCC Free-Financing Universal Merchant AAT-KQRYFJZLTA6E2,Amazon PLCC Free-Financing Universal Merchant AAT-F6SN46VZWQOQI,Amazon PLCC Free-Financing Universal Merchant AAT-GL6VKXK3MYVP4,Amazon PLCC Free-Financing Universal Merchant AAT-26CRLBGU7BZ4I,Amazon PLCC Free-Financing Universal Merchant AAT-EC3WUB2OYMZJY,Amazon PLCC Free-Financing Universal Merchant AAT-LLHTF3J4EFYUO,Amazon PLCC Free-Financing Universal Merchant AAT-TNYBHEAO7HOHO,Amazon PLCC Free-Financing Universal Merchant AAT-BRSZZ45H6MHAO,Amazon PLCC Free-Financing Universal Merchant AAT-MKLXOOZWQL7GO,Amazon PLCC Free-Financing Universal Merchant AAT-CB7UNXEXGIJTC,Amazon PLCC Free-Financing Universal Merchant #MP-gzasho-1593152694811,Amazon PLCC Free-Financing Universal Merchant AAT-WLBA4GZ52EAH4,Amazon PLCC Free-Financing Universal Merchant AAT-QMFZ3M7T5NPDS,Amazon PLCC Free-Financing Universal Merchant #MP-pmilan-1601980554292",False,Easy Ship,False
66823,402-4883486-9821926,05-17-22,Shipped,Amazon,Amazon.in,Expedited,JNE3781,JNE3781-KR-L,kurta,L,B09K3XK9ZZ,Shipped,1,INR,432.0,DEHRADUN,UTTARAKHAND,248001.0,IN,,False,,False
53928,404-7688315-0598762,05-28-22,Shipped,Amazon,Amazon.in,Expedited,SET348,SET348-KR-NP-XXL,Set,XXL,B09QJ4KBJ8,Shipped,1,INR,899.0,GHAZIABAD,UTTAR PRADESH,201009.0,IN,IN Core Free Shipping 2015/04/08 23-48-5-108,False,,False
87286,408-8994429-4369154,05-02-22,Cancelled,Amazon,Amazon.in,Expedited,JNE3461,JNE3461-KR-M,kurta,M,B08B3VSTFG,Unshipped,1,INR,352.0,CHENNAI,TAMIL NADU,600116.0,IN,,False,,False
75045,408-5833275-0393947,05-10-22,Shipped - Delivered to Buyer,Merchant,Amazon.in,Standard,JNE3724,JNE3724-KR-S,kurta,S,B09813QM29,Shipped,1,INR,499.0,Chennai,TAMIL NADU,600028.0,IN,"Amazon PLCC Free-Financing Universal Merchant AAT-WNKTBO3K27EJC,Amazon PLCC Free-Financing Universal Merchant AAT-QX3UCCJESKPA2,Amazon PLCC Free-Financing Universal Merchant AAT-5QQ7BIYYQEDN2,Amazon PLCC Free-Financing Universal Merchant AAT-DSJ2QRXXWXVMQ,Amazon PLCC Free-Financing Universal Merchant AAT-CXJHMC2YJUK76,Amazon PLCC Free-Financing Universal Merchant AAT-CC4FAVTYR4X7C,Amazon PLCC Free-Financing Universal Merchant AAT-FYWJCQHU2XQ2U,Amazon PLCC Free-Financing Universal Merchant AAT-EOKPWFWYW7Y6I,Amazon PLCC Free-Financing Universal Merchant AAT-URPEBMPS7TSPE,Amazon PLCC Free-Financing Universal Merchant AAT-5ZEB2OGNZ32MC,Amazon PLCC Free-Financing Universal Merchant AAT-ZF7YE6D3FPHMI,Amazon PLCC Free-Financing Universal Merchant AAT-TNYHCYLOWRIHK,Amazon PLCC Free-Financing Universal Merchant AAT-TNYBHEAO7HOHO,Amazon PLCC Free-Financing Universal Merchant AAT-BRSZZ45H6MHAO,Amazon PLCC Free-Financing Universal Merchant AAT-MKLXOOZWQL7GO,Amazon PLCC Free-Financing Universal Merchant AAT-CB7UNXEXGIJTC,Amazon PLCC Free-Financing Universal Merchant #MP-gzasho-1593152694811,Amazon PLCC Free-Financing Universal Merchant AAT-WLBA4GZ52EAH4,Amazon PLCC Free-Financing Universal Merchant AAT-QMFZ3M7T5NPDS,Amazon PLCC Free-Financing Universal Merchant #MP-pmilan-1601980554292",False,Easy Ship,False
65727,407-1226570-3653105,05-18-22,Shipped - Delivered to Buyer,Merchant,Amazon.in,Standard,JNE3800,JNE3800-KR-A-M,Western Dress,M,B09TH59KYD,Shipped,1,INR,771.0,PORVORIM,GOA,403521.0,IN,"Amazon PLCC Free-Financing Universal Merchant AAT-WNKTBO3K27EJC,Amazon PLCC Free-Financing Universal Merchant AAT-QX3UCCJESKPA2,Amazon PLCC Free-Financing Universal Merchant AAT-5QQ7BIYYQEDN2,Amazon PLCC Free-Financing Universal Merchant AAT-DSJ2QRXXWXVMQ,Amazon PLCC Free-Financing Universal Merchant AAT-CXJHMC2YJUK76,Amazon PLCC Free-Financing Universal Merchant AAT-CC4FAVTYR4X7C,Amazon PLCC Free-Financing Universal Merchant AAT-FYWJCQHU2XQ2U,Amazon PLCC Free-Financing Universal Merchant AAT-EOKPWFWYW7Y6I,Amazon PLCC Free-Financing Universal Merchant AAT-URPEBMPS7TSPE,Amazon PLCC Free-Financing Universal Merchant AAT-5ZEB2OGNZ32MC,Amazon PLCC Free-Financing Universal Merchant AAT-YZ2VQO2YM6YYM,Amazon PLCC Free-Financing Universal Merchant AAT-4EOBCMLXMLDGY,Amazon PLCC Free-Financing Universal Merchant AAT-UB6CYNTOQMM7C,Amazon PLCC Free-Financing Universal Merchant AAT-BRSZZ45H6MHAO,Amazon PLCC Free-Financing Universal Merchant AAT-MKLXOOZWQL7GO,Amazon PLCC Free-Financing Universal Merchant AAT-CB7UNXEXGIJTC,Amazon PLCC Free-Financing Universal Merchant #MP-gzasho-1593152694811,Amazon PLCC Free-Financing Universal Merchant AAT-WLBA4GZ52EAH4",False,Easy Ship,False
79600,408-7081850-4041101,05-07-22,Shipped - Delivered to Buyer,Merchant,Amazon.in,Standard,J0341,J0341-DR-M,Western Dress,M,B099NQQ79L,Shipped,1,INR,842.0,WARANGAL,TELANGANA,506002.0,IN,"Amazon PLCC Free-Financing Universal Merchant AAT-WNKTBO3K27EJC,Amazon PLCC Free-Financing Universal Merchant AAT-QX3UCCJESKPA2,Amazon PLCC Free-Financing Universal Merchant AAT-5QQ7BIYYQEDN2,Amazon PLCC Free-Financing Universal Merchant AAT-DSJ2QRXXWXVMQ,Amazon PLCC Free-Financing Universal Merchant AAT-CXJHMC2YJUK76,Amazon PLCC Free-Financing Universal Merchant AAT-SL3Y2YRMAUNFC,Amazon PLCC Free-Financing Universal Merchant AAT-CC4FAVTYR4X7C,Amazon PLCC Free-Financing Universal Merchant AAT-FYWJCQHU2XQ2U,Amazon PLCC Free-Financing Universal Merchant AAT-EOKPWFWYW7Y6I,Amazon PLCC Free-Financing Universal Merchant AAT-URPEBMPS7TSPE,Amazon PLCC Free-Financing Universal Merchant AAT-3R6UGYISJQCKA,Amazon PLCC Free-Financing Universal Merchant AAT-TREXU6MY3SEMI,Amazon PLCC Free-Financing Universal Merchant AAT-CPIZVVXYOLZ5S,Amazon PLCC Free-Financing Universal Merchant AAT-BS2QIL3ZUUJDC,Amazon PLCC Free-Financing Universal Merchant AAT-BD2QQYQLU3K3Q,Amazon PLCC Free-Financing Universal Merchant AAT-7Z5FYSWV55YJ6,Amazon PLCC Free-Financing Universal Merchant AAT-KQRYFJZLTA6E2,Amazon PLCC Free-Financing Universal Merchant AAT-F6SN46VZWQOQI,Amazon PLCC Free-Financing Universal Merchant AAT-GL6VKXK3MYVP4,Amazon PLCC Free-Financing Universal Merchant AAT-26CRLBGU7BZ4I,Amazon PLCC Free-Financing Universal Merchant AAT-EC3WUB2OYMZJY,Amazon PLCC Free-Financing Universal Merchant AAT-LLHTF3J4EFYUO,Amazon PLCC Free-Financing Universal Merchant AAT-TNYBHEAO7HOHO,Amazon PLCC Free-Financing Universal Merchant AAT-BRSZZ45H6MHAO,Amazon PLCC Free-Financing Universal Merchant AAT-MKLXOOZWQL7GO,Amazon PLCC Free-Financing Universal Merchant AAT-CB7UNXEXGIJTC,Amazon PLCC Free-Financing Universal Merchant #MP-gzasho-1593152694811,Amazon PLCC Free-Financing Universal Merchant AAT-WLBA4GZ52EAH4,Amazon PLCC Free-Financing Universal Merchant AAT-QMFZ3M7T5NPDS,Amazon PLCC Free-Financing Universal Merchant #MP-pmilan-1601980554292",False,Easy Ship,False
60430,407-0384984-5361950,05-23-22,Shipped - Delivered to Buyer,Merchant,Amazon.in,Standard,JNE3798,JNE3798-KR-XXXL,Western Dress,3XL,B09SDYHWLW,Shipped,1,INR,771.0,Thane West,MAHARASHTRA,400606.0,IN,"Amazon PLCC Free-Financing Universal Merchant AAT-WNKTBO3K27EJC,Amazon PLCC Free-Financing Universal Merchant AAT-QX3UCCJESKPA2,Amazon PLCC Free-Financing Universal Merchant AAT-5QQ7BIYYQEDN2,Amazon PLCC Free-Financing Universal Merchant AAT-DSJ2QRXXWXVMQ,Amazon PLCC Free-Financing Universal Merchant AAT-CXJHMC2YJUK76,Amazon PLCC Free-Financing Universal Merchant AAT-SL3Y2YRMAUNFC,Amazon PLCC Free-Financing Universal Merchant AAT-CC4FAVTYR4X7C,Amazon PLCC Free-Financing Universal Merchant AAT-FYWJCQHU2XQ2U,Amazon PLCC Free-Financing Universal Merchant AAT-EOKPWFWYW7Y6I,Amazon PLCC Free-Financing Universal Merchant AAT-URPEBMPS7TSPE,Amazon PLCC Free-Financing Universal Merchant AAT-ME7D3ZA4R4KII,Amazon PLCC Free-Financing Universal Merchant AAT-5ZEB2OGNZ32MC,Amazon PLCC Free-Financing Universal Merchant AAT-6VIAPZUTINOWE,Amazon PLCC Free-Financing Universal Merchant AAT-4ZN7U6MMDFGWM,Amazon PLCC Free-Financing Universal Merchant AAT-PAWHL2EB33U42,Amazon PLCC Free-Financing Universal Merchant AAT-7WX4JYESZISLU,Amazon PLCC Free-Financing Universal Merchant AAT-CIX56SGGAWUYW,Amazon PLCC Free-Financing Universal Merchant AAT-DMQVBJASKTAHS,Amazon PLCC Free-Financing Universal Merchant AAT-TNYBHEAO7HOHO,Amazon PLCC Free-Financing Universal Merchant AAT-BRSZZ45H6MHAO,Amazon PLCC Free-Financing Universal Merchant AAT-MKLXOOZWQL7GO,Amazon PLCC Free-Financing Universal Merchant AAT-CB7UNXEXGIJTC,Amazon PLCC Free-Financing Universal Merchant #MP-gzasho-1593152694811,Amazon PLCC Free-Financing Universal Merchant AAT-WLBA4GZ52EAH4,Amazon PLCC Free-Financing Universal Merchant AAT-QMFZ3M7T5NPDS,Amazon PLCC Free-Financing Universal Merchant #MP-pmilan-1601980554292",False,Easy Ship,False
75768,171-0350833-8184377,05-10-22,Shipped,Amazon,Amazon.in,Expedited,SET273,SET273-KR-NP-S,Set,S,B094FR7J54,Shipped,1,INR,612.0,bareilly,UTTAR PRADESH,243122.0,IN,IN Core Free Shipping 2015/04/08 23-48-5-108,False,,False
79103,402-8249936-5009131,05-07-22,Shipped,Amazon,Amazon.in,Expedited,SET317,SET317-KR-PP-XXXL,Set,3XL,B09RKDX2BQ,Shipped,1,INR,1127.0,NEW DELHI,DELHI,110030.0,IN,,False,,False
86537,402-8085045-4713921,05-03-22,Shipped,Amazon,Amazon.in,Expedited,JNE3631,JNE3631-DR-XS,Western Dress,XS,B098331LD4,Shipped,1,INR,524.0,kolkata,WEST BENGAL,700122.0,IN,IN Core Free Shipping 2015/04/08 23-48-5-108,False,,False
89328,405-9673601-0573134,05-01-22,Shipped,Amazon,Amazon.in,Expedited,J0003,J0003-SET-XXXL,Set,3XL,B0894Y3VBB,Shipped,1,INR,655.0,BENGALURU,KARNATAKA,560024.0,IN,,False,,False
85539,404-4150270-1662764,05-03-22,Shipped - Delivered to Buyer,Merchant,Amazon.in,Standard,NW002,NW002-TP-PJ-L,Set,L,B0922SBJV1,Shipped,1,INR,474.0,MUMBAI,MAHARASHTRA,400052.0,IN,"Amazon PLCC Free-Financing Universal Merchant AAT-WNKTBO3K27EJC,Amazon PLCC Free-Financing Universal Merchant AAT-QX3UCCJESKPA2,Amazon PLCC Free-Financing Universal Merchant AAT-5QQ7BIYYQEDN2,Amazon PLCC Free-Financing Universal Merchant AAT-DSJ2QRXXWXVMQ,Amazon PLCC Free-Financing Universal Merchant AAT-CXJHMC2YJUK76,Amazon PLCC Free-Financing Universal Merchant AAT-SL3Y2YRMAUNFC,Amazon PLCC Free-Financing Universal Merchant AAT-CC4FAVTYR4X7C,Amazon PLCC Free-Financing Universal Merchant AAT-FYWJCQHU2XQ2U,Amazon PLCC Free-Financing Universal Merchant AAT-EOKPWFWYW7Y6I,Amazon PLCC Free-Financing Universal Merchant AAT-3R6UGYISJQCKA,Amazon PLCC Free-Financing Universal Merchant AAT-TNYBHEAO7HOHO,Amazon PLCC Free-Financing Universal Merchant AAT-BRSZZ45H6MHAO,Amazon PLCC Free-Financing Universal Merchant AAT-MKLXOOZWQL7GO,Amazon PLCC Free-Financing Universal Merchant AAT-CB7UNXEXGIJTC,Amazon PLCC Free-Financing Universal Merchant #MP-gzasho-1593152694811,Amazon PLCC Free-Financing Universal Merchant AAT-WLBA4GZ52EAH4,Amazon PLCC Free-Financing Universal Merchant AAT-QMFZ3M7T5NPDS,Amazon PLCC Free-Financing Universal Merchant #MP-pmilan-1601980554292",False,Easy Ship,False
78075,406-4159321-0009157,05-08-22,Shipped,Amazon,Amazon.in,Expedited,JNE3611,JNE3611-KR-L,kurta,L,B08XVQMSJV,Shipped,1,INR,469.0,SRIKALAHASTI,ANDHRA PRADESH,517640.0,IN,IN Core Free Shipping 2015/04/08 23-48-5-108,False,,False
67840,171-7940035-3517925,05-16-22,Shipped,Amazon,Amazon.in,Expedited,JNE3805,JNE3805-KR-M,kurta,M,B09K3TFNR8,Shipped,1,INR,487.0,MUMBAI,MAHARASHTRA,400055.0,IN,IN Core Free Shipping 2015/04/08 23-48-5-108,False,,False
77802,405-8728573-6581167,05-08-22,Shipped,Amazon,Amazon.in,Expedited,SET372,SET372-KR-PP-S,Set,S,B09NQ4878W,Shipped,1,INR,647.0,MUMBAI,MAHARASHTRA,400072.0,IN,,False,,False
57682,171-4279117-5990765,05-25-22,Shipped,Amazon,Amazon.in,Expedited,JNE3801,JNE3801-KR-S,kurta,S,B09SDY68JK,Shipped,1,INR,771.0,KURNOOL,ANDHRA PRADESH,518001.0,IN,IN Core Free Shipping 2015/04/08 23-48-5-108,False,,False
74279,402-3206544-4799509,05-11-22,Shipped,Amazon,Amazon.in,Expedited,SET372,SET372-KR-PP-XXXL,Set,3XL,B09NQ4712N,Shipped,1,INR,667.0,HYDERABAD,TELANGANA,500046.0,IN,,False,,False
83070,407-5594091-6459507,05-04-22,Shipped - Delivered to Buyer,Merchant,Amazon.in,Standard,J0119,J0119-TP-L,Top,L,B08RYQQD6Z,Shipped,1,INR,540.0,Tanda,PUNJAB,144204.0,IN,"Amazon PLCC Free-Financing Universal Merchant AAT-WNKTBO3K27EJC,Amazon PLCC Free-Financing Universal Merchant AAT-QX3UCCJESKPA2,Amazon PLCC Free-Financing Universal Merchant AAT-5QQ7BIYYQEDN2,Amazon PLCC Free-Financing Universal Merchant AAT-DSJ2QRXXWXVMQ,Amazon PLCC Free-Financing Universal Merchant AAT-CXJHMC2YJUK76,Amazon PLCC Free-Financing Universal Merchant AAT-CC4FAVTYR4X7C,Amazon PLCC Free-Financing Universal Merchant AAT-FYWJCQHU2XQ2U,Amazon PLCC Free-Financing Universal Merchant AAT-EOKPWFWYW7Y6I,Amazon PLCC Free-Financing Universal Merchant AAT-URPEBMPS7TSPE,Amazon PLCC Free-Financing Universal Merchant AAT-3R6UGYISJQCKA,Amazon PLCC Free-Financing Universal Merchant AAT-TREXU6MY3SEMI,Amazon PLCC Free-Financing Universal Merchant AAT-RVL5KAXRIWHV2,Amazon PLCC Free-Financing Universal Merchant AAT-BS2QIL3ZUUJDC,Amazon PLCC Free-Financing Universal Merchant AAT-BD2QQYQLU3K3Q,Amazon PLCC Free-Financing Universal Merchant AAT-7Z5FYSWV55YJ6,Amazon PLCC Free-Financing Universal Merchant AAT-KQRYFJZLTA6E2,Amazon PLCC Free-Financing Universal Merchant AAT-F6SN46VZWQOQI,Amazon PLCC Free-Financing Universal Merchant AAT-GL6VKXK3MYVP4,Amazon PLCC Free-Financing Universal Merchant AAT-26CRLBGU7BZ4I,Amazon PLCC Free-Financing Universal Merchant AAT-EC3WUB2OYMZJY,Amazon PLCC Free-Financing Universal Merchant AAT-LLHTF3J4EFYUO,Amazon PLCC Free-Financing Universal Merchant AAT-BRSZZ45H6MHAO,Amazon PLCC Free-Financing Universal Merchant AAT-MKLXOOZWQL7GO,Amazon PLCC Free-Financing Universal Merchant AAT-CB7UNXEXGIJTC,Amazon PLCC Free-Financing Universal Merchant #MP-gzasho-1593152694811,Amazon PLCC Free-Financing Universal Merchant AAT-WLBA4GZ52EAH4",False,Easy Ship,False
85557,402-3974590-5777950,05-03-22,Shipped,Amazon,Amazon.in,Expedited,J0082,J0082-TP-XXL,Top,XXL,B092D2FHMK,Shipped,1,INR,360.0,Barasat,WEST BENGAL,700124.0,IN,IN Core Free Shipping 2015/04/08 23-48-5-108,False,,False
87189,404-0606449-3266758,05-02-22,Shipped,Amazon,Amazon.in,Expedited,SET291,SET291-KR-PP-M,Set,M,B099NK55YG,Shipped,1,INR,563.0,pune,MAHARASHTRA,411044.0,IN,IN Core Free Shipping 2015/04/08 23-48-5-108,False,,False
97149,408-4955423-4635527,06-24-22,Shipped,Amazon,Amazon.in,Expedited,JNE3458,JNE3458-KR-XXL,kurta,XXL,B08HK57ZZN,Shipped,1,INR,380.0,GUWAHATI,ASSAM,781003.0,IN,,False,,False
96915,406-4583378-6419508,06-24-22,Shipped - Delivered to Buyer,Merchant,Amazon.in,Standard,J0391,J0391-TP-XL,Top,XL,B09YYQ12KB,Shipped,1,INR,690.0,THANE,MAHARASHTRA,401107.0,IN,"Amazon PLCC Free-Financing Universal Merchant AAT-WNKTBO3K27EJC,Amazon PLCC Free-Financing Universal Merchant AAT-QX3UCCJESKPA2,Amazon PLCC Free-Financing Universal Merchant AAT-5QQ7BIYYQEDN2,Amazon PLCC Free-Financing Universal Merchant AAT-DSJ2QRXXWXVMQ,Amazon PLCC Free-Financing Universal Merchant AAT-CXJHMC2YJUK76,Amazon PLCC Free-Financing Universal Merchant AAT-SL3Y2YRMAUNFC,Amazon PLCC Free-Financing Universal Merchant AAT-CC4FAVTYR4X7C,Amazon PLCC Free-Financing Universal Merchant AAT-EWAPBB6BDRGM6,Amazon PLCC Free-Financing Universal Merchant AAT-EOKPWFWYW7Y6I,Amazon PLCC Free-Financing Universal Merchant AAT-NT3ZJJGQ3JK3Q,Amazon PLCC Free-Financing Universal Merchant AAT-AMKH7SAAONETC,Amazon PLCC Free-Financing Universal Merchant AAT-56XNPXK2K7OLI,Amazon PLCC Free-Financing Universal Merchant AAT-5WLEJFJPU23IC,Amazon PLCC Free-Financing Universal Merchant AAT-6XVEGAWJUJYXG,Amazon PLCC Free-Financing Universal Merchant AAT-BOWEMQBNNNHBK,Amazon PLCC Free-Financing Universal Merchant AAT-ONHQI6RQUNGB6,Amazon PLCC Free-Financing Universal Merchant AAT-NXLSQ2GWN3LQK,Amazon PLCC Free-Financing Universal Merchant AAT-UFMRPWCRGE2ZM,Amazon PLCC Free-Financing Universal Merchant AAT-SF4YGC5K3O574,Amazon PLCC Free-Financing Universal Merchant AAT-SUBB5QVZKACYG,Amazon PLCC Free-Financing Universal Merchant AAT-CF5ZF57364I7G,Amazon PLCC Free-Financing Universal Merchant AAT-BRSZZ45H6MHAO,Amazon PLCC Free-Financing Universal Merchant AAT-MKLXOOZWQL7GO,Amazon PLCC Free-Financing Universal Merchant AAT-CB7UNXEXGIJTC,Amazon PLCC Free-Financing Universal Merchant #MP-gzasho-1593152694811,Amazon PLCC Free-Financing Universal Merchant AAT-WLBA4GZ52EAH4",False,Easy Ship,False
59801,171-8548211-9042709,05-23-22,Shipped,Amazon,Amazon.in,Expedited,J0230,J0230-SKD-L,Set,L,B08XNDL1DL,Shipped,1,INR,1349.0,BARARA,HARYANA,133201.0,IN,IN Core Free Shipping 2015/04/08 23-48-5-108,False,,False
88800,403-9908472-9077111,05-02-22,Shipped,Amazon,Amazon.in,Expedited,JNE3368,JNE3368-KR-L,kurta,L,B081X4S825,Shipped,1,INR,471.0,KOLKATA,WEST BENGAL,700061.0,IN,,False,,False
74669,406-8810314-2165153,05-11-22,Shipped,Amazon,Amazon.in,Expedited,J0041,J0041-SET-M,Set,M,B089G2L483,Shipped,1,INR,631.0,MANDYA,KARNATAKA,571401.0,IN,IN Core Free Shipping 2015/04/08 23-48-5-108,False,,False
94233,405-8732790-2337913,06-26-22,Shipped,Amazon,Amazon.in,Expedited,J0248,J0248-KR-DPT-L,Set,L,B09RKDD6BP,Shipped,1,INR,854.0,MUMBAI,MAHARASHTRA,400053.0,IN,,False,,False
81919,405-4093694-2721144,05-05-22,Shipped,Amazon,Amazon.in,Expedited,SET331,SET331-KR-NP-L,Set,L,B09NQ4XYV9,Shipped,1,INR,603.0,PUNE,MAHARASHTRA,411058.0,IN,IN Core Free Shipping 2015/04/08 23-48-5-108,False,,False
57134,171-8009848-2942724,05-25-22,Shipped - Delivered to Buyer,Merchant,Amazon.in,Standard,J0333,J0333-DR-XXXL,Western Dress,3XL,B0983121HP,Shipped,1,INR,885.0,NORTH 24 PARGANAS,WEST BENGAL,700110.0,IN,"Amazon PLCC Free-Financing Universal Merchant AAT-WNKTBO3K27EJC,Amazon PLCC Free-Financing Universal Merchant AAT-QX3UCCJESKPA2,Amazon PLCC Free-Financing Universal Merchant AAT-5QQ7BIYYQEDN2,Amazon PLCC Free-Financing Universal Merchant AAT-DSJ2QRXXWXVMQ,Amazon PLCC Free-Financing Universal Merchant AAT-CXJHMC2YJUK76,Amazon PLCC Free-Financing Universal Merchant AAT-SL3Y2YRMAUNFC,Amazon PLCC Free-Financing Universal Merchant AAT-CC4FAVTYR4X7C,Amazon PLCC Free-Financing Universal Merchant AAT-FYWJCQHU2XQ2U,Amazon PLCC Free-Financing Universal Merchant AAT-EOKPWFWYW7Y6I,Amazon PLCC Free-Financing Universal Merchant AAT-URPEBMPS7TSPE,Amazon PLCC Free-Financing Universal Merchant AAT-5ZEB2OGNZ32MC,Amazon PLCC Free-Financing Universal Merchant AAT-TNYBHEAO7HOHO,Amazon PLCC Free-Financing Universal Merchant AAT-BRSZZ45H6MHAO,Amazon PLCC Free-Financing Universal Merchant AAT-MKLXOOZWQL7GO,Amazon PLCC Free-Financing Universal Merchant AAT-CB7UNXEXGIJTC,Amazon PLCC Free-Financing Universal Merchant #MP-gzasho-1593152694811,Amazon PLCC Free-Financing Universal Merchant AAT-WLBA4GZ52EAH4,Amazon PLCC Free-Financing Universal Merchant AAT-QMFZ3M7T5NPDS,Amazon PLCC Free-Financing Universal Merchant #MP-pmilan-1601980554292",False,Easy Ship,False
83704,171-5175611-8452330,05-04-22,Shipped - Delivered to Buyer,Merchant,Amazon.in,Standard,JNE3396,JNE3396-KR-S,kurta,S,B083ZZFDDC,Shipped,1,INR,487.0,CHENNAI,TAMIL NADU,600099.0,IN,"Amazon PLCC Free-Financing Universal Merchant AAT-WNKTBO3K27EJC,Amazon PLCC Free-Financing Universal Merchant AAT-QX3UCCJESKPA2,Amazon PLCC Free-Financing Universal Merchant AAT-5QQ7BIYYQEDN2,Amazon PLCC Free-Financing Universal Merchant AAT-DSJ2QRXXWXVMQ,Amazon PLCC Free-Financing Universal Merchant AAT-CXJHMC2YJUK76,Amazon PLCC Free-Financing Universal Merchant AAT-CC4FAVTYR4X7C,Amazon PLCC Free-Financing Universal Merchant AAT-FYWJCQHU2XQ2U,Amazon PLCC Free-Financing Universal Merchant AAT-EOKPWFWYW7Y6I,Amazon PLCC Free-Financing Universal Merchant AAT-URPEBMPS7TSPE,Amazon PLCC Free-Financing Universal Merchant AAT-3R6UGYISJQCKA,Amazon PLCC Free-Financing Universal Merchant AAT-RVL5KAXRIWHV2,Amazon PLCC Free-Financing Universal Merchant AAT-BS2QIL3ZUUJDC,Amazon PLCC Free-Financing Universal Merchant AAT-BD2QQYQLU3K3Q,Amazon PLCC Free-Financing Universal Merchant AAT-7Z5FYSWV55YJ6,Amazon PLCC Free-Financing Universal Merchant AAT-KQRYFJZLTA6E2,Amazon PLCC Free-Financing Universal Merchant AAT-F6SN46VZWQOQI,Amazon PLCC Free-Financing Universal Merchant AAT-GL6VKXK3MYVP4,Amazon PLCC Free-Financing Universal Merchant AAT-26CRLBGU7BZ4I,Amazon PLCC Free-Financing Universal Merchant AAT-EC3WUB2OYMZJY,Amazon PLCC Free-Financing Universal Merchant AAT-LLHTF3J4EFYUO,Amazon PLCC Free-Financing Universal Merchant AAT-TNYBHEAO7HOHO,Amazon PLCC Free-Financing Universal Merchant AAT-BRSZZ45H6MHAO,Amazon PLCC Free-Financing Universal Merchant AAT-MKLXOOZWQL7GO,Amazon PLCC Free-Financing Universal Merchant AAT-CB7UNXEXGIJTC,Amazon PLCC Free-Financing Universal Merchant #MP-gzasho-1593152694811,Amazon PLCC Free-Financing Universal Merchant AAT-WLBA4GZ52EAH4,Amazon PLCC Free-Financing Universal Merchant AAT-QMFZ3M7T5NPDS,Amazon PLCC Free-Financing Universal Merchant #MP-pmilan-1601980554292",False,Easy Ship,False
79660,404-2876490-2088358,05-07-22,Shipped,Amazon,Amazon.in,Expedited,SET265,SET265-KR-NP-M,Set,M,B0983DBK44,Shipped,1,INR,846.0,SRINAGAR,JAMMU & KASHMIR,190001.0,IN,IN Core Free Shipping 2015/04/08 23-48-5-108,False,,False
67893,404-0787918-2205939,05-16-22,Shipped,Amazon,Amazon.in,Expedited,SET291,SET291-KR-PP-L,Set,L,B099NJKJ54,Shipped,1,INR,605.0,TIRUNELVELI,TAMIL NADU,627001.0,IN,IN Core Free Shipping 2015/04/08 23-48-5-108,False,,False
72018,171-9098773-2139545,05-13-22,Shipped,Amazon,Amazon.in,Expedited,J0401,J0401-DR-XXL,Western Dress,XXL,B09SDY6ZXQ,Shipped,1,INR,885.0,MUMBAI,MAHARASHTRA,400067.0,IN,,False,,False
63538,408-1128922-8599550,05-20-22,Shipped,Amazon,Amazon.in,Expedited,SET396,SET396-KR-PP-XS,Set,XS,B09TH7F1QB,Shipped,1,INR,988.0,VARANASI,UTTAR PRADESH,221010.0,IN,IN Core Free Shipping 2015/04/08 23-48-5-108,False,,False
93118,404-3726521-4548325,06-27-22,Pending - Waiting for Pick Up,Merchant,Amazon.in,Standard,SET246,SET246-KR-PP-XXXL,Set,3XL,B08W8DBX54,Unshipped,1,INR,435.0,BETTIAH,BIHAR,845438.0,IN,"Amazon PLCC Free-Financing Universal Merchant AAT-WNKTBO3K27EJC,Amazon PLCC Free-Financing Universal Merchant AAT-QX3UCCJESKPA2,Amazon PLCC Free-Financing Universal Merchant AAT-5QQ7BIYYQEDN2,Amazon PLCC Free-Financing Universal Merchant AAT-DSJ2QRXXWXVMQ,Amazon PLCC Free-Financing Universal Merchant AAT-CXJHMC2YJUK76,Amazon PLCC Free-Financing Universal Merchant AAT-CC4FAVTYR4X7C,Amazon PLCC Free-Financing Universal Merchant AAT-EWAPBB6BDRGM6,Amazon PLCC Free-Financing Universal Merchant AAT-EOKPWFWYW7Y6I,Amazon PLCC Free-Financing Universal Merchant AAT-BOWEMQBNNNHBK,Amazon PLCC Free-Financing Universal Merchant AAT-ONHQI6RQUNGB6,Amazon PLCC Free-Financing Universal Merchant AAT-DP5M6CP4XT7YY,Amazon PLCC Free-Financing Universal Merchant AAT-BRSZZ45H6MHAO,Amazon PLCC Free-Financing Universal Merchant AAT-MKLXOOZWQL7GO,Amazon PLCC Free-Financing Universal Merchant AAT-CB7UNXEXGIJTC,Amazon PLCC Free-Financing Universal Merchant #MP-gzasho-1593152694811,Amazon PLCC Free-Financing Universal Merchant AAT-WLBA4GZ52EAH4",False,Easy Ship,False
86420,405-5663138-0409965,05-03-22,Cancelled,Amazon,Amazon.in,Expedited,JNE3567,JNE3567-KR-M,kurta,M,B08KRXV1QR,Cancelled,0,,,PUTTUR,KARNATAKA,574202.0,IN,IN Core Free Shipping 2015/04/08 23-48-5-108,False,,False
59405,402-2938507-6441921,05-23-22,Shipped,Amazon,Amazon.in,Expedited,J0341,J0341-DR-M,Western Dress,M,B099NQQ79L,Shipped,1,INR,885.0,VADODARA,Gujarat,390021.0,IN,IN Core Free Shipping 2015/04/08 23-48-5-108,False,,False
63413,405-5995740-5161163,05-20-22,Shipped,Amazon,Amazon.in,Expedited,JNE3783,JNE3783-KR-XXXL,kurta,3XL,B09K3VLZDG,Shipped,1,INR,517.0,NOIDA,UTTAR PRADESH,201301.0,IN,IN Core Free Shipping 2015/04/08 23-48-5-108,False,,False
56720,408-7735693-7959518,05-26-22,Cancelled,Amazon,Amazon.in,Expedited,JNE3798,JNE3798-KR-XXXL,Western Dress,3XL,B09SDYHWLW,Cancelled,0,,,VASAI VIRAR,MAHARASHTRA,401208.0,IN,,False,,False
65601,408-9823411-1542758,05-18-22,Shipped - Delivered to Buyer,Merchant,Amazon.in,Standard,MEN5004,MEN5004-KR-L,kurta,L,B08YZ19DL9,Shipped,1,INR,709.0,MADHYAMGRAM,WEST BENGAL,700130.0,IN,"Amazon PLCC Free-Financing Universal Merchant AAT-WNKTBO3K27EJC,Amazon PLCC Free-Financing Universal Merchant AAT-QX3UCCJESKPA2,Amazon PLCC Free-Financing Universal Merchant AAT-5QQ7BIYYQEDN2,Amazon PLCC Free-Financing Universal Merchant AAT-DSJ2QRXXWXVMQ,Amazon PLCC Free-Financing Universal Merchant AAT-CXJHMC2YJUK76,Amazon PLCC Free-Financing Universal Merchant AAT-SL3Y2YRMAUNFC,Amazon PLCC Free-Financing Universal Merchant AAT-CC4FAVTYR4X7C,Amazon PLCC Free-Financing Universal Merchant AAT-FYWJCQHU2XQ2U,Amazon PLCC Free-Financing Universal Merchant AAT-WSJLDN3X7KEMO,Amazon PLCC Free-Financing Universal Merchant AAT-VL6FGQVGQVXUS,Amazon PLCC Free-Financing Universal Merchant AAT-EOKPWFWYW7Y6I,Amazon PLCC Free-Financing Universal Merchant AAT-URPEBMPS7TSPE,Amazon PLCC Free-Financing Universal Merchant AAT-5ZEB2OGNZ32MC,Amazon PLCC Free-Financing Universal Merchant AAT-YZ2VQO2YM6YYM,Amazon PLCC Free-Financing Universal Merchant AAT-4EOBCMLXMLDGY,Amazon PLCC Free-Financing Universal Merchant AAT-UB6CYNTOQMM7C,Amazon PLCC Free-Financing Universal Merchant AAT-BRSZZ45H6MHAO,Amazon PLCC Free-Financing Universal Merchant AAT-MKLXOOZWQL7GO,Amazon PLCC Free-Financing Universal Merchant AAT-CB7UNXEXGIJTC,Amazon PLCC Free-Financing Universal Merchant #MP-gzasho-1593152694811,Amazon PLCC Free-Financing Universal Merchant AAT-WLBA4GZ52EAH4",False,Easy Ship,False
94743,408-8129117-1609127,06-26-22,Shipped,Amazon,Amazon.in,Expedited,SET182,SET182-KR-DH-M,Set,M,B085NYG5CR,Shipped,1,INR,699.0,PONDA,GOA,403401.0,IN,IN Core Free Shipping 2015/04/08 23-48-5-108,False,,False
81138,402-5451082-4123515,05-06-22,Shipped,Amazon,Amazon.in,Expedited,SET383,SET383-KR-NP-M,Set,M,B09K3CQ75T,Shipped,1,INR,599.0,BHAVNAGAR,Gujarat,364001.0,IN,IN Core Free Shipping 2015/04/08 23-48-5-108,False,,False
52729,408-5482375-1193936,05-29-22,Shipped - Delivered to Buyer,Merchant,Amazon.in,Standard,JNE3468,JNE3468-KR-S,kurta,S,B08RP3YXBX,Shipped,1,INR,399.0,HYDERABAD,TELANGANA,500050.0,IN,"Amazon PLCC Free-Financing Universal Merchant AAT-WNKTBO3K27EJC,Amazon PLCC Free-Financing Universal Merchant AAT-QX3UCCJESKPA2,Amazon PLCC Free-Financing Universal Merchant AAT-5QQ7BIYYQEDN2,Amazon PLCC Free-Financing Universal Merchant AAT-DSJ2QRXXWXVMQ,Amazon PLCC Free-Financing Universal Merchant AAT-CXJHMC2YJUK76,Amazon PLCC Free-Financing Universal Merchant AAT-SL3Y2YRMAUNFC,Amazon PLCC Free-Financing Universal Merchant AAT-CC4FAVTYR4X7C,Amazon PLCC Free-Financing Universal Merchant AAT-FYWJCQHU2XQ2U,Amazon PLCC Free-Financing Universal Merchant AAT-R7GXNZWISTRFA,Amazon PLCC Free-Financing Universal Merchant AAT-EOKPWFWYW7Y6I,Amazon PLCC Free-Financing Universal Merchant AAT-URPEBMPS7TSPE,Amazon PLCC Free-Financing Universal Merchant AAT-GXITVHEAQ4QDS,Amazon PLCC Free-Financing Universal Merchant AAT-L2DLP5YGE5766,Amazon PLCC Free-Financing Universal Merchant AAT-5ZEB2OGNZ32MC,Amazon PLCC Free-Financing Universal Merchant AAT-SPSN44Y2KKEIO,Amazon PLCC Free-Financing Universal Merchant AAT-CAK4QZ7KEFRQU,Amazon PLCC Free-Financing Universal Merchant AAT-YZJ5BRTPINRLK,Amazon PLCC Free-Financing Universal Merchant AAT-SNWJTEAZA2JRI,Amazon PLCC Free-Financing Universal Merchant AAT-BBJ6FVTP3QKBO,Amazon PLCC Free-Financing Universal Merchant AAT-BRSZZ45H6MHAO,Amazon PLCC Free-Financing Universal Merchant AAT-MKLXOOZWQL7GO,Amazon PLCC Free-Financing Universal Merchant AAT-CB7UNXEXGIJTC,Amazon PLCC Free-Financing Universal Merchant #MP-gzasho-1593152694811,Amazon PLCC Free-Financing Universal Merchant AAT-WLBA4GZ52EAH4,Amazon PLCC Free-Financing Universal Merchant #MP-pmilan-1601980554292",False,Easy Ship,False
88242,171-7122562-3076303,05-02-22,Shipped - Delivered to Buyer,Merchant,Amazon.in,Standard,JNE3870,JNE3870-DR-XL,Western Dress,XL,B09RK6BZYM,Shipped,1,INR,677.0,Ponda,GOA,403401.0,IN,"Amazon PLCC Free-Financing Universal Merchant AAT-WNKTBO3K27EJC,Amazon PLCC Free-Financing Universal Merchant AAT-QX3UCCJESKPA2,Amazon PLCC Free-Financing Universal Merchant AAT-5QQ7BIYYQEDN2,Amazon PLCC Free-Financing Universal Merchant AAT-DSJ2QRXXWXVMQ,Amazon PLCC Free-Financing Universal Merchant AAT-CXJHMC2YJUK76,Amazon PLCC Free-Financing Universal Merchant AAT-SL3Y2YRMAUNFC,Amazon PLCC Free-Financing Universal Merchant AAT-CC4FAVTYR4X7C,Amazon PLCC Free-Financing Universal Merchant AAT-FYWJCQHU2XQ2U,Amazon PLCC Free-Financing Universal Merchant AAT-WSJLDN3X7KEMO,Amazon PLCC Free-Financing Universal Merchant AAT-VL6FGQVGQVXUS,Amazon PLCC Free-Financing Universal Merchant AAT-EOKPWFWYW7Y6I,Amazon PLCC Free-Financing Universal Merchant AAT-XVPICCHRWDCAI,Amazon PLCC Free-Financing Universal Merchant AAT-URPEBMPS7TSPE,Amazon PLCC Free-Financing Universal Merchant AAT-3R6UGYISJQCKA,Amazon PLCC Free-Financing Universal Merchant AAT-B4XD5CKOZFUO6,Amazon PLCC Free-Financing Universal Merchant AAT-WA3O6HTUZGC2M,Amazon PLCC Free-Financing Universal Merchant AAT-W3JULHH3DUCAC,Amazon PLCC Free-Financing Universal Merchant AAT-R24EXPJ2OZUEK,Amazon PLCC Free-Financing Universal Merchant AAT-A6EVSKTLHUNI4,Amazon PLCC Free-Financing Universal Merchant AAT-56V5XGGAEKQWC,Amazon PLCC Free-Financing Universal Merchant AAT-V35YNZJGNRNUQ,Amazon PLCC Free-Financing Universal Merchant AAT-JKICCRTK4FJLC,Amazon PLCC Free-Financing Universal Merchant AAT-IW7FKCNMUEENG,Amazon PLCC Free-Financing Universal Merchant AAT-GGYFSBBAGFEHC,Amazon PLCC Free-Financing Universal Merchant AAT-BRSZZ45H6MHAO,Amazon PLCC Free-Financing Universal Merchant AAT-MKLXOOZWQL7GO,Amazon PLCC Free-Financing Universal Merchant AAT-CB7UNXEXGIJTC,Amazon PLCC Free-Financing Universal Merchant #MP-gzasho-1593152694811,Amazon PLCC Free-Financing Universal Merchant AAT-WLBA4GZ52EAH4",False,Easy Ship,False
79625,407-8715000-9503559,05-07-22,Shipped,Amazon,Amazon.in,Expedited,SET275,SET275-KR-NP-XS,Set,XS,B0983GKV6S,Shipped,1,INR,611.0,DIMAPUR,NAGALAND,797112.0,IN,IN Core Free Shipping 2015/04/08 23-48-5-108,False,,False
97894,407-3455580-5065924,06-23-22,Shipped,Amazon,Amazon.in,Expedited,SET410,SET410-KR-NP-XXL,Set,XXL,B09Y3DYQJY,Shipped,1,INR,534.0,BENGALURU,KARNATAKA,560001.0,IN,IN Core Free Shipping 2015/04/08 23-48-5-108,False,,False
92090,404-2091312-6517128,06-28-22,Pending - Waiting for Pick Up,Merchant,Amazon.in,Standard,JNE3800,JNE3800-KR-XL,Western Dress,XL,B09SDYWXDS,Unshipped,1,INR,735.0,NEW DELHI,DELHI,110003.0,IN,"Amazon PLCC Free-Financing Universal Merchant AAT-WNKTBO3K27EJC,Amazon PLCC Free-Financing Universal Merchant AAT-QX3UCCJESKPA2,Amazon PLCC Free-Financing Universal Merchant AAT-5QQ7BIYYQEDN2,Amazon PLCC Free-Financing Universal Merchant AAT-DSJ2QRXXWXVMQ,Amazon PLCC Free-Financing Universal Merchant AAT-CXJHMC2YJUK76,Amazon PLCC Free-Financing Universal Merchant AAT-SL3Y2YRMAUNFC,Amazon PLCC Free-Financing Universal Merchant AAT-CC4FAVTYR4X7C,Amazon PLCC Free-Financing Universal Merchant AAT-EWAPBB6BDRGM6,Amazon PLCC Free-Financing Universal Merchant AAT-R7GXNZWISTRFA,Amazon PLCC Free-Financing Universal Merchant AAT-WSJLDN3X7KEMO,Amazon PLCC Free-Financing Universal Merchant AAT-VL6FGQVGQVXUS,Amazon PLCC Free-Financing Universal Merchant AAT-EOKPWFWYW7Y6I,Amazon PLCC Free-Financing Universal Merchant AAT-NT3ZJJGQ3JK3Q,Amazon PLCC Free-Financing Universal Merchant AAT-5SHH3G55USK5C,Amazon PLCC Free-Financing Universal Merchant AAT-AMKH7SAAONETC,Amazon PLCC Free-Financing Universal Merchant AAT-56XNPXK2K7OLI,Amazon PLCC Free-Financing Universal Merchant AAT-6XVEGAWJUJYXG,Amazon PLCC Free-Financing Universal Merchant AAT-5QNBXTEQWGXOW,Amazon PLCC Free-Financing Universal Merchant AAT-BOWEMQBNNNHBK,Amazon PLCC Free-Financing Universal Merchant AAT-ONHQI6RQUNGB6,Amazon PLCC Free-Financing Universal Merchant AAT-DP5M6CP4XT7YY,Amazon PLCC Free-Financing Universal Merchant AAT-BRSZZ45H6MHAO,Amazon PLCC Free-Financing Universal Merchant AAT-MKLXOOZWQL7GO,Amazon PLCC Free-Financing Universal Merchant AAT-CB7UNXEXGIJTC,Amazon PLCC Free-Financing Universal Merchant #MP-gzasho-1593152694811,Amazon PLCC Free-Financing Universal Merchant AAT-WLBA4GZ52EAH4",False,Easy Ship,False
86399,403-7365924-3757963,05-03-22,Shipped,Amazon,Amazon.in,Expedited,SET058,SET058-KR-NP-XL,Set,XL,B07R59TDM1,Shipped,1,INR,847.0,MUMBAI,MAHARASHTRA,400081.0,IN,,False,,False
56244,405-0533291-5552341,05-26-22,Shipped,Amazon,Amazon.in,Expedited,SET301,SET301-KR-PP-M,Set,M,B09KXTTX5T,Shipped,1,INR,833.0,FARIDABAD,HARYANA,121010.0,IN,,False,,False
55545,404-5650911-1517915,05-27-22,Shipped,Amazon,Amazon.in,Expedited,JNE3373,JNE3373-KR-XL,kurta,XL,B082W8BXW1,Shipped,1,INR,382.0,DEHRADUN,UTTARAKHAND,248001.0,IN,IN Core Free Shipping 2015/04/08 23-48-5-108,False,,False
54064,407-5244487-4794752,05-28-22,Shipped,Amazon,Amazon.in,Expedited,JNE3797,JNE3797-KR-XS,Western Dress,XS,B09SDY9SQ6,Shipped,2,INR,1542.0,Mumbai,MAHARASHTRA,400091.0,IN,,True,,False
62851,406-3998160-1974731,05-20-22,Shipped - Delivered to Buyer,Merchant,Amazon.in,Standard,SET396,SET396-KR-PP-XL,Set,XL,B09TH6YPPJ,Shipped,1,INR,988.0,Roorkee,UTTARAKHAND,247667.0,IN,"Amazon PLCC Free-Financing Universal Merchant AAT-WNKTBO3K27EJC,Amazon PLCC Free-Financing Universal Merchant AAT-QX3UCCJESKPA2,Amazon PLCC Free-Financing Universal Merchant AAT-5QQ7BIYYQEDN2,Amazon PLCC Free-Financing Universal Merchant AAT-DSJ2QRXXWXVMQ,Amazon PLCC Free-Financing Universal Merchant AAT-CXJHMC2YJUK76,Amazon PLCC Free-Financing Universal Merchant AAT-CC4FAVTYR4X7C,Amazon PLCC Free-Financing Universal Merchant AAT-FYWJCQHU2XQ2U,Amazon PLCC Free-Financing Universal Merchant AAT-EOKPWFWYW7Y6I,Amazon PLCC Free-Financing Universal Merchant AAT-URPEBMPS7TSPE,Amazon PLCC Free-Financing Universal Merchant AAT-5ZEB2OGNZ32MC,Amazon PLCC Free-Financing Universal Merchant AAT-4ZN7U6MMDFGWM,Amazon PLCC Free-Financing Universal Merchant AAT-PAWHL2EB33U42,Amazon PLCC Free-Financing Universal Merchant AAT-7WX4JYESZISLU,Amazon PLCC Free-Financing Universal Merchant AAT-CIX56SGGAWUYW,Amazon PLCC Free-Financing Universal Merchant AAT-DMQVBJASKTAHS,Amazon PLCC Free-Financing Universal Merchant AAT-H7DZACP4NHMJM,Amazon PLCC Free-Financing Universal Merchant AAT-TNYBHEAO7HOHO,Amazon PLCC Free-Financing Universal Merchant AAT-BRSZZ45H6MHAO,Amazon PLCC Free-Financing Universal Merchant AAT-MKLXOOZWQL7GO,Amazon PLCC Free-Financing Universal Merchant AAT-CB7UNXEXGIJTC,Amazon PLCC Free-Financing Universal Merchant #MP-gzasho-1593152694811,Amazon PLCC Free-Financing Universal Merchant AAT-WLBA4GZ52EAH4,Amazon PLCC Free-Financing Universal Merchant AAT-QMFZ3M7T5NPDS,Amazon PLCC Free-Financing Universal Merchant #MP-pmilan-1601980554292",False,Easy Ship,False
71802,407-2040672-0729912,05-13-22,Shipped,Amazon,Amazon.in,Expedited,J0210,J0210-DR-S,Ethnic Dress,S,B0982YWMSG,Shipped,1,INR,837.0,NEW DELHI,DELHI,110033.0,IN,,False,,False
91163,408-6215609-3772364,04-30-22,Shipped,Amazon,Amazon.in,Expedited,JNE3710,JNE3710-DR-XL,Western Dress,XL,B091T5FWQC,Shipped,1,INR,690.0,GHAZIABAD,UTTAR PRADESH,201017.0,IN,IN Core Free Shipping 2015/04/08 23-48-5-108,False,,False
56232,402-1784566-0288306,05-26-22,Shipped,Amazon,Amazon.in,Expedited,J0217,J0217-BL-S,Blouse,S,B09KXW47QT,Shipped,1,INR,665.0,Bengaluru,KARNATAKA,560077.0,IN,,False,,False
53862,408-5804903-3464329,05-28-22,Shipped,Amazon,Amazon.in,Expedited,JNE3373,JNE3373-KR-M,kurta,M,B082W8F8P3,Shipped,1,INR,382.0,BENGALURU,KARNATAKA,562122.0,IN,,False,,False
85094,171-8540522-0898719,05-03-22,Cancelled,Amazon,Amazon.in,Expedited,J0213,J0213-TP-XL,Top,XL,B0965J8RCH,Cancelled,0,,,Vijay Pore,JAMMU & KASHMIR,184120.0,IN,,False,,False
90195,405-3967780-0953102,05-01-22,Cancelled,Merchant,Amazon.in,Standard,AN208,AN208-MUSTARD-XXL,Bottom,XXL,B091GLPVMK,,0,INR,218.1,SHIVAMOGGA,KARNATAKA,577201.0,IN,,False,Easy Ship,False
89250,403-8601892-8873127,05-01-22,Shipped,Amazon,Amazon.in,Expedited,J0161,J0161-DR-XXL,Western Dress,XXL,B08V14XR7C,Shipped,1,INR,473.0,MUMBAI,MAHARASHTRA,400097.0,IN,IN Core Free Shipping 2015/04/08 23-48-5-108,False,,False
56217,408-7268649-5368363,05-26-22,Shipped,Amazon,Amazon.in,Expedited,JNE3373,JNE3373-KR-XL,kurta,XL,B082W8BXW1,Shipped,1,INR,382.0,MADURAI,TAMIL NADU,625020.0,IN,,False,,False
86775,403-7639942-4136324,05-03-22,Shipped,Amazon,Amazon.in,Expedited,J0345,J0345-SET-XXXL,Set,3XL,B099NJW4M1,Shipped,1,INR,499.0,MUMBAI,MAHARASHTRA,400064.0,IN,,False,,False
92976,406-6303757-9744366,06-28-22,Shipped,Amazon,Amazon.in,Expedited,JNE3697,JNE3697-KR-L,kurta,L,B09811Y7WM,Shipped,1,INR,486.0,NAVELIM,GOA,403707.0,IN,Duplicated A12RHGVGRWOT3S 1560498941486,False,,False
98467,171-3052828-4397136,06-23-22,Shipped - Picked Up,Merchant,Amazon.in,Standard,SET282,SET282-KR-PP-M,Set,M,B09CTCDDQ4,Shipped,1,INR,1043.0,NATTHUWA WALA,UTTARAKHAND,248005.0,IN,"Amazon PLCC Free-Financing Universal Merchant AAT-WNKTBO3K27EJC,Amazon PLCC Free-Financing Universal Merchant AAT-QX3UCCJESKPA2,Amazon PLCC Free-Financing Universal Merchant AAT-5QQ7BIYYQEDN2,Amazon PLCC Free-Financing Universal Merchant AAT-DSJ2QRXXWXVMQ,Amazon PLCC Free-Financing Universal Merchant AAT-CXJHMC2YJUK76,Amazon PLCC Free-Financing Universal Merchant AAT-SL3Y2YRMAUNFC,Amazon PLCC Free-Financing Universal Merchant AAT-CC4FAVTYR4X7C,Amazon PLCC Free-Financing Universal Merchant AAT-EWAPBB6BDRGM6,Amazon PLCC Free-Financing Universal Merchant AAT-EOKPWFWYW7Y6I,Amazon PLCC Free-Financing Universal Merchant AAT-NT3ZJJGQ3JK3Q,Amazon PLCC Free-Financing Universal Merchant AAT-5SHH3G55USK5C,Amazon PLCC Free-Financing Universal Merchant AAT-AMKH7SAAONETC,Amazon PLCC Free-Financing Universal Merchant AAT-56XNPXK2K7OLI,Amazon PLCC Free-Financing Universal Merchant AAT-7IFG6TWAZNCBQ,Amazon PLCC Free-Financing Universal Merchant AAT-6XVEGAWJUJYXG,Amazon PLCC Free-Financing Universal Merchant AAT-5QNBXTEQWGXOW,Amazon PLCC Free-Financing Universal Merchant AAT-BOWEMQBNNNHBK,Amazon PLCC Free-Financing Universal Merchant AAT-SKYXW7T3UZBGO,Amazon PLCC Free-Financing Universal Merchant AAT-ONHQI6RQUNGB6,Amazon PLCC Free-Financing Universal Merchant AAT-UFMRPWCRGE2ZM,Amazon PLCC Free-Financing Universal Merchant AAT-SF4YGC5K3O574,Amazon PLCC Free-Financing Universal Merchant AAT-SUBB5QVZKACYG,Amazon PLCC Free-Financing Universal Merchant AAT-CF5ZF57364I7G,Amazon PLCC Free-Financing Universal Merchant AAT-BRSZZ45H6MHAO,Amazon PLCC Free-Financing Universal Merchant AAT-MKLXOOZWQL7GO,Amazon PLCC Free-Financing Universal Merchant AAT-CB7UNXEXGIJTC,Amazon PLCC Free-Financing Universal Merchant #MP-gzasho-1593152694811,Amazon PLCC Free-Financing Universal Merchant AAT-WLBA4GZ52EAH4",False,Easy Ship,False
64831,171-4351355-4729134,05-19-22,Shipped - Delivered to Buyer,Merchant,Amazon.in,Standard,JNE1977,JNE1977-KR-237-XXXL,kurta,3XL,B07FXZ6BBZ,Shipped,1,INR,301.0,PUNE,MAHARASHTRA,411048.0,IN,"Amazon PLCC Free-Financing Universal Merchant AAT-WNKTBO3K27EJC,Amazon PLCC Free-Financing Universal Merchant AAT-QX3UCCJESKPA2,Amazon PLCC Free-Financing Universal Merchant AAT-5QQ7BIYYQEDN2,Amazon PLCC Free-Financing Universal Merchant AAT-DSJ2QRXXWXVMQ,Amazon PLCC Free-Financing Universal Merchant AAT-CXJHMC2YJUK76,Amazon PLCC Free-Financing Universal Merchant AAT-SL3Y2YRMAUNFC,Amazon PLCC Free-Financing Universal Merchant AAT-CC4FAVTYR4X7C,Amazon PLCC Free-Financing Universal Merchant AAT-FYWJCQHU2XQ2U,Amazon PLCC Free-Financing Universal Merchant AAT-EOKPWFWYW7Y6I,Amazon PLCC Free-Financing Universal Merchant AAT-BAO77QKKMJQIM,Amazon PLCC Free-Financing Universal Merchant AAT-4ZN7U6MMDFGWM,Amazon PLCC Free-Financing Universal Merchant AAT-PAWHL2EB33U42,Amazon PLCC Free-Financing Universal Merchant AAT-7WX4JYESZISLU,Amazon PLCC Free-Financing Universal Merchant AAT-CIX56SGGAWUYW,Amazon PLCC Free-Financing Universal Merchant AAT-DMQVBJASKTAHS,Amazon PLCC Free-Financing Universal Merchant AAT-BRSZZ45H6MHAO,Amazon PLCC Free-Financing Universal Merchant AAT-MKLXOOZWQL7GO,Amazon PLCC Free-Financing Universal Merchant AAT-CB7UNXEXGIJTC,Amazon PLCC Free-Financing Universal Merchant #MP-gzasho-1593152694811,Amazon PLCC Free-Financing Universal Merchant AAT-WLBA4GZ52EAH4,Amazon PLCC Free-Financing Universal Merchant #MP-pmilan-1601980554292",False,Easy Ship,False
80092,403-2857451-7335536,05-07-22,Shipped,Amazon,Amazon.in,Expedited,JNE3510,JNE3510-KR-S,kurta,S,B08WPTJBBD,Shipped,1,INR,467.0,,,,,IN Core Free Shipping 2015/04/08 23-48-5-108,False,,False
58893,403-9476181-7561956,05-24-22,Shipped,Amazon,Amazon.in,Expedited,J0391,J0391-TP-XXL,Top,XXL,B09YYPF144,Shipped,1,INR,690.0,Angul,ODISHA,759145.0,IN,IN Core Free Shipping 2015/04/08 23-48-5-108,False,,False
56020,408-6884000-6051503,05-26-22,Shipped,Amazon,Amazon.in,Expedited,JNE3801,JNE3801-KR-XXL,kurta,XXL,B09SDZ4XRT,Shipped,1,INR,771.0,TIRUCHIRAPPALLI,TAMIL NADU,620024.0,IN,IN Core Free Shipping 2015/04/08 23-48-5-108,False,,False
96088,402-5355745-1627532,06-25-22,Shipped,Amazon,Amazon.in,Expedited,SET328,SET328-KR-NP-XL,Set,XL,B09K3F6Y89,Shipped,1,INR,545.0,Mumbai,MAHARASHTRA,400018.0,IN,IN Core Free Shipping 2015/04/08 23-48-5-108,False,,False
65242,408-9585493-9338765,05-18-22,Shipped,Amazon,Amazon.in,Expedited,J0119,J0119-TP-S,Top,S,B08RYPSVZK,Shipped,1,INR,574.0,CHENNAI,TAMIL NADU,600026.0,IN,IN Core Free Shipping 2015/04/08 23-48-5-108,False,,False
95307,402-7500962-4610728,06-26-22,Shipped,Amazon,Amazon.in,Expedited,SET341,SET341-KR-NP-S,Set,S,B09NPWMVFT,Shipped,1,INR,857.0,PATNA,BIHAR,800023.0,IN,,False,,False
76550,403-0128079-7418751,05-09-22,Shipped - Delivered to Buyer,Merchant,Amazon.in,Standard,JNE3619,JNE3619-KR-M,kurta,M,B091Q8446G,Shipped,1,INR,301.0,"Kalaiyanur, coimbatore",TAMIL NADU,641108.0,IN,"Amazon PLCC Free-Financing Universal Merchant AAT-WNKTBO3K27EJC,Amazon PLCC Free-Financing Universal Merchant AAT-QX3UCCJESKPA2,Amazon PLCC Free-Financing Universal Merchant AAT-5QQ7BIYYQEDN2,Amazon PLCC Free-Financing Universal Merchant AAT-DSJ2QRXXWXVMQ,Amazon PLCC Free-Financing Universal Merchant AAT-CXJHMC2YJUK76,Amazon PLCC Free-Financing Universal Merchant AAT-SL3Y2YRMAUNFC,Amazon PLCC Free-Financing Universal Merchant AAT-CC4FAVTYR4X7C,Amazon PLCC Free-Financing Universal Merchant AAT-FYWJCQHU2XQ2U,Amazon PLCC Free-Financing Universal Merchant AAT-EOKPWFWYW7Y6I,Amazon PLCC Free-Financing Universal Merchant AAT-URPEBMPS7TSPE,Amazon PLCC Free-Financing Universal Merchant AAT-5ZEB2OGNZ32MC,Amazon PLCC Free-Financing Universal Merchant AAT-ZF7YE6D3FPHMI,Amazon PLCC Free-Financing Universal Merchant AAT-TNYHCYLOWRIHK,Amazon PLCC Free-Financing Universal Merchant AAT-TNYBHEAO7HOHO,Amazon PLCC Free-Financing Universal Merchant AAT-BRSZZ45H6MHAO,Amazon PLCC Free-Financing Universal Merchant AAT-MKLXOOZWQL7GO,Amazon PLCC Free-Financing Universal Merchant AAT-CB7UNXEXGIJTC,Amazon PLCC Free-Financing Universal Merchant #MP-gzasho-1593152694811,Amazon PLCC Free-Financing Universal Merchant AAT-WLBA4GZ52EAH4,Amazon PLCC Free-Financing Universal Merchant AAT-QMFZ3M7T5NPDS,Amazon PLCC Free-Financing Universal Merchant #MP-pmilan-1601980554292",False,Easy Ship,False
56034,405-8230073-9096311,05-26-22,Shipped,Amazon,Amazon.in,Expedited,JNE3634,JNE3634-KR-XXXL,kurta,3XL,B097ZZTMZD,Shipped,1,INR,544.0,Chennai,TAMIL NADU,600050.0,IN,,False,,False
57905,407-2539305-8582712,05-25-22,Shipped - Delivered to Buyer,Merchant,Amazon.in,Standard,JNE3671,JNE3671-TU-M,Top,M,B0986X19QC,Shipped,1,INR,625.0,MOHALI,PUNJAB,140301.0,IN,"Amazon PLCC Free-Financing Universal Merchant AAT-WNKTBO3K27EJC,Amazon PLCC Free-Financing Universal Merchant AAT-QX3UCCJESKPA2,Amazon PLCC Free-Financing Universal Merchant AAT-5QQ7BIYYQEDN2,Amazon PLCC Free-Financing Universal Merchant AAT-DSJ2QRXXWXVMQ,Amazon PLCC Free-Financing Universal Merchant AAT-CXJHMC2YJUK76,Amazon PLCC Free-Financing Universal Merchant AAT-SL3Y2YRMAUNFC,Amazon PLCC Free-Financing Universal Merchant AAT-CC4FAVTYR4X7C,Amazon PLCC Free-Financing Universal Merchant AAT-FYWJCQHU2XQ2U,Amazon PLCC Free-Financing Universal Merchant AAT-CXNSLNBROFDW4,Amazon PLCC Free-Financing Universal Merchant AAT-WSJLDN3X7KEMO,Amazon PLCC Free-Financing Universal Merchant AAT-VL6FGQVGQVXUS,Amazon PLCC Free-Financing Universal Merchant AAT-EOKPWFWYW7Y6I,Amazon PLCC Free-Financing Universal Merchant AAT-URPEBMPS7TSPE,Amazon PLCC Free-Financing Universal Merchant AAT-5ZEB2OGNZ32MC,Amazon PLCC Free-Financing Universal Merchant AAT-5VXFLMD6EKIFC,Amazon PLCC Free-Financing Universal Merchant AAT-BRSZZ45H6MHAO,Amazon PLCC Free-Financing Universal Merchant AAT-MKLXOOZWQL7GO,Amazon PLCC Free-Financing Universal Merchant AAT-CB7UNXEXGIJTC,Amazon PLCC Free-Financing Universal Merchant #MP-gzasho-1593152694811,Amazon PLCC Free-Financing Universal Merchant AAT-WLBA4GZ52EAH4,Amazon PLCC Free-Financing Universal Merchant #MP-pmilan-1601980554292",False,Easy Ship,False
82225,408-8537877-8248344,05-05-22,Shipped,Amazon,Amazon.in,Expedited,JNE2086,JNE2086-KR-389-L,kurta,L,B0793R98X2,Shipped,1,INR,699.0,HYDERABAD,TELANGANA,500049.0,IN,,False,,False
56017,403-6762356-4621943,05-26-22,Shipped,Amazon,Amazon.in,Expedited,J0006,J0006-SET-M,Ethnic Dress,M,B0894WV6S6,Shipped,1,INR,899.0,Bengaluru,KARNATAKA,560011.0,IN,,False,,False
71879,408-7167563-6695561,05-13-22,Cancelled,Merchant,Amazon.in,Standard,JNE3797,JNE3797-KR-XL,Western Dress,XL,B09SDXRYBG,,0,INR,734.29,MYSURU,KARNATAKA,570008.0,IN,,False,Easy Ship,False
52791,405-9034421-9462749,05-29-22,Shipped - Delivered to Buyer,Merchant,Amazon.in,Standard,SET357,SET357-KR-NP-XS,Set,XS,B09Y3FN5LQ,Shipped,1,INR,771.0,Bengaluru,KARNATAKA,560076.0,IN,"Amazon PLCC Free-Financing Universal Merchant AAT-WNKTBO3K27EJC,Amazon PLCC Free-Financing Universal Merchant AAT-QX3UCCJESKPA2,Amazon PLCC Free-Financing Universal Merchant AAT-5QQ7BIYYQEDN2,Amazon PLCC Free-Financing Universal Merchant AAT-DSJ2QRXXWXVMQ,Amazon PLCC Free-Financing Universal Merchant AAT-CXJHMC2YJUK76,Amazon PLCC Free-Financing Universal Merchant AAT-CC4FAVTYR4X7C,Amazon PLCC Free-Financing Universal Merchant AAT-FYWJCQHU2XQ2U,Amazon PLCC Free-Financing Universal Merchant AAT-EOKPWFWYW7Y6I,Amazon PLCC Free-Financing Universal Merchant AAT-URPEBMPS7TSPE,Amazon PLCC Free-Financing Universal Merchant AAT-5ZEB2OGNZ32MC,Amazon PLCC Free-Financing Universal Merchant AAT-CAK4QZ7KEFRQU,Amazon PLCC Free-Financing Universal Merchant AAT-YZJ5BRTPINRLK,Amazon PLCC Free-Financing Universal Merchant AAT-SNWJTEAZA2JRI,Amazon PLCC Free-Financing Universal Merchant AAT-BBJ6FVTP3QKBO,Amazon PLCC Free-Financing Universal Merchant AAT-BRSZZ45H6MHAO,Amazon PLCC Free-Financing Universal Merchant AAT-MKLXOOZWQL7GO,Amazon PLCC Free-Financing Universal Merchant AAT-CB7UNXEXGIJTC,Amazon PLCC Free-Financing Universal Merchant #MP-gzasho-1593152694811,Amazon PLCC Free-Financing Universal Merchant AAT-WLBA4GZ52EAH4",False,Easy Ship,False
92605,404-6229742-2867521,06-28-22,Shipped,Amazon,Amazon.in,Expedited,J0150,J0150-KR-XS,kurta,XS,B08N19VWFM,Shipped,1,INR,399.0,INDORE,MADHYA PRADESH,452002.0,IN,IN Core Free Shipping 2015/04/08 23-48-5-108,False,,False
55823,407-9725626-8721911,05-26-22,Shipped,Amazon,Amazon.in,Expedited,JNE3633,JNE3633-KR-XL,kurta,XL,B094FMXDFB,Shipped,1,INR,459.0,BANGALORE,KARNATAKA,560066.0,IN,IN Core Free Shipping 2015/04/08 23-48-5-108,False,,False
65387,407-8343861-4617164,05-18-22,Cancelled,Merchant,Amazon.in,Standard,J0135,J0135-SET-XL,Set,XL,B08QGJWRRZ,,0,INR,562.86,Alipurduat,WEST BENGAL,736121.0,IN,,False,Easy Ship,False
79561,404-7641393-6981140,05-07-22,Shipped,Amazon,Amazon.in,Expedited,JNE3548,JNE3548-KR-XXL,kurta,XXL,B08MXC4F59,Shipped,1,INR,486.0,GREATER NOIDA,UTTAR PRADESH,201310.0,IN,,False,,False
89475,408-4481908-3581111,05-01-22,Shipped - Delivered to Buyer,Merchant,Amazon.in,Standard,J0335,J0335-DR-XXL,Western Dress,XXL,B0982ZS9FG,Shipped,1,INR,859.0,NEW DELHI,DELHI,110017.0,IN,"Amazon PLCC Free-Financing Universal Merchant AAT-WNKTBO3K27EJC,Amazon PLCC Free-Financing Universal Merchant AAT-QX3UCCJESKPA2,Amazon PLCC Free-Financing Universal Merchant AAT-5QQ7BIYYQEDN2,Amazon PLCC Free-Financing Universal Merchant AAT-DSJ2QRXXWXVMQ,Amazon PLCC Free-Financing Universal Merchant AAT-CXJHMC2YJUK76,Amazon PLCC Free-Financing Universal Merchant AAT-CC4FAVTYR4X7C,Amazon PLCC Free-Financing Universal Merchant AAT-FYWJCQHU2XQ2U,Amazon PLCC Free-Financing Universal Merchant AAT-EOKPWFWYW7Y6I,Amazon PLCC Free-Financing Universal Merchant AAT-URPEBMPS7TSPE,Amazon PLCC Free-Financing Universal Merchant AAT-3R6UGYISJQCKA,Amazon PLCC Free-Financing Universal Merchant AAT-BRSZZ45H6MHAO,Amazon PLCC Free-Financing Universal Merchant AAT-MKLXOOZWQL7GO,Amazon PLCC Free-Financing Universal Merchant AAT-CB7UNXEXGIJTC,Amazon PLCC Free-Financing Universal Merchant #MP-gzasho-1593152694811,Amazon PLCC Free-Financing Universal Merchant AAT-WLBA4GZ52EAH4",False,Easy Ship,False
50292,407-6215565-8913103,05-31-22,Shipped,Amazon,Amazon.in,Expedited,J0217,J0217-BL-XL,Blouse,XL,B09KXYGX7P,Shipped,1,INR,665.0,Hyderabad,TELANGANA,500047.0,IN,,False,,False
66957,402-0439738-6421919,05-17-22,Shipped,Amazon,Amazon.in,Expedited,J0003,J0003-SET-S,Set,S,B0894X27FC,Shipped,1,INR,696.0,PIMPRI CHINCHWAD,MAHARASHTRA,411018.0,IN,,False,,False
80860,403-0773027-6690712,05-06-22,Shipped,Amazon,Amazon.in,Expedited,JNE3368,JNE3368-KR-XXL,kurta,XXL,B081WSWWL7,Shipped,1,INR,471.0,SONPETH,MAHARASHTRA,431516.0,IN,Duplicated A12RHGVGRWOT3S 1560498941486,False,,False
64073,404-5085129-7807530,05-19-22,Shipped,Amazon,Amazon.in,Expedited,J0002,J0002-SKD-XS,Set,XS,B08B4T2CTJ,Shipped,1,INR,1186.0,CHITTOOR,ANDHRA PRADESH,517102.0,IN,IN Core Free Shipping 2015/04/08 23-48-5-108,False,,False
71856,404-6539546-2395555,05-13-22,Shipped,Amazon,Amazon.in,Expedited,J0003,J0003-SET-XXXL,Set,3XL,B0894Y3VBB,Shipped,1,INR,696.0,Koraput,ODISHA,764002.0,IN,IN Core Free Shipping 2015/04/08 23-48-5-108,False,,False
72079,404-9471848-2769153,05-13-22,Shipped - Delivered to Buyer,Merchant,Amazon.in,Standard,JNE3785,JNE3785-KR-XXL,kurta,XXL,B09K3XNZNX,Shipped,1,INR,345.0,RAMAN,PUNJAB,151301.0,IN,"Amazon PLCC Free-Financing Universal Merchant AAT-WNKTBO3K27EJC,Amazon PLCC Free-Financing Universal Merchant AAT-QX3UCCJESKPA2,Amazon PLCC Free-Financing Universal Merchant AAT-5QQ7BIYYQEDN2,Amazon PLCC Free-Financing Universal Merchant AAT-DSJ2QRXXWXVMQ,Amazon PLCC Free-Financing Universal Merchant AAT-CXJHMC2YJUK76,Amazon PLCC Free-Financing Universal Merchant AAT-CC4FAVTYR4X7C,Amazon PLCC Free-Financing Universal Merchant AAT-FYWJCQHU2XQ2U,Amazon PLCC Free-Financing Universal Merchant AAT-EOKPWFWYW7Y6I,Amazon PLCC Free-Financing Universal Merchant AAT-URPEBMPS7TSPE,Amazon PLCC Free-Financing Universal Merchant AAT-2MN4SWBDTUSNI,Amazon PLCC Free-Financing Universal Merchant AAT-4VFZUZS2EO5J2,Amazon PLCC Free-Financing Universal Merchant AAT-BRSZZ45H6MHAO,Amazon PLCC Free-Financing Universal Merchant AAT-MKLXOOZWQL7GO,Amazon PLCC Free-Financing Universal Merchant AAT-CB7UNXEXGIJTC,Amazon PLCC Free-Financing Universal Merchant #MP-gzasho-1593152694811,Amazon PLCC Free-Financing Universal Merchant AAT-WLBA4GZ52EAH4",False,Easy Ship,False
67023,402-1937891-6833927,05-17-22,Shipped - Delivered to Buyer,Merchant,Amazon.in,Standard,SET188,SET188-KR-NP-L,Set,L,B08KRJWWKP,Shipped,1,INR,665.0,PALAKKAD,KERALA,678001.0,IN,"Amazon PLCC Free-Financing Universal Merchant AAT-WNKTBO3K27EJC,Amazon PLCC Free-Financing Universal Merchant AAT-QX3UCCJESKPA2,Amazon PLCC Free-Financing Universal Merchant AAT-5QQ7BIYYQEDN2,Amazon PLCC Free-Financing Universal Merchant AAT-DSJ2QRXXWXVMQ,Amazon PLCC Free-Financing Universal Merchant AAT-CXJHMC2YJUK76,Amazon PLCC Free-Financing Universal Merchant AAT-CC4FAVTYR4X7C,Amazon PLCC Free-Financing Universal Merchant AAT-FYWJCQHU2XQ2U,Amazon PLCC Free-Financing Universal Merchant AAT-EOKPWFWYW7Y6I,Amazon PLCC Free-Financing Universal Merchant AAT-URPEBMPS7TSPE,Amazon PLCC Free-Financing Universal Merchant AAT-5ZEB2OGNZ32MC,Amazon PLCC Free-Financing Universal Merchant AAT-YZ2VQO2YM6YYM,Amazon PLCC Free-Financing Universal Merchant AAT-4EOBCMLXMLDGY,Amazon PLCC Free-Financing Universal Merchant AAT-UB6CYNTOQMM7C,Amazon PLCC Free-Financing Universal Merchant AAT-TNYBHEAO7HOHO,Amazon PLCC Free-Financing Universal Merchant AAT-BRSZZ45H6MHAO,Amazon PLCC Free-Financing Universal Merchant AAT-MKLXOOZWQL7GO,Amazon PLCC Free-Financing Universal Merchant AAT-CB7UNXEXGIJTC,Amazon PLCC Free-Financing Universal Merchant #MP-gzasho-1593152694811,Amazon PLCC Free-Financing Universal Merchant AAT-WLBA4GZ52EAH4,Amazon PLCC Free-Financing Universal Merchant AAT-QMFZ3M7T5NPDS,Amazon PLCC Free-Financing Universal Merchant #MP-pmilan-1601980554292",True,Easy Ship,False
58739,407-3943409-3591538,05-24-22,Cancelled,Amazon,Amazon.in,Expedited,SET345,SET345-KR-NP-S,Set,S,B09KXV6T8Q,Unshipped,1,INR,641.0,PORT BLAIR,ANDAMAN & NICOBAR ,744106.0,IN,,False,,False
65825,171-4234914-7811503,05-18-22,Shipped - Delivered to Buyer,Merchant,Amazon.in,Standard,SET396,SET396-KR-PP-XXL,Set,XXL,B09TH8K7WF,Shipped,1,INR,988.0,Bhubaneswar,ODISHA,751023.0,IN,"Amazon PLCC Free-Financing Universal Merchant AAT-WNKTBO3K27EJC,Amazon PLCC Free-Financing Universal Merchant AAT-QX3UCCJESKPA2,Amazon PLCC Free-Financing Universal Merchant AAT-5QQ7BIYYQEDN2,Amazon PLCC Free-Financing Universal Merchant AAT-DSJ2QRXXWXVMQ,Amazon PLCC Free-Financing Universal Merchant AAT-CXJHMC2YJUK76,Amazon PLCC Free-Financing Universal Merchant AAT-CC4FAVTYR4X7C,Amazon PLCC Free-Financing Universal Merchant AAT-FYWJCQHU2XQ2U,Amazon PLCC Free-Financing Universal Merchant AAT-EOKPWFWYW7Y6I,Amazon PLCC Free-Financing Universal Merchant AAT-URPEBMPS7TSPE,Amazon PLCC Free-Financing Universal Merchant AAT-YZ2VQO2YM6YYM,Amazon PLCC Free-Financing Universal Merchant AAT-4EOBCMLXMLDGY,Amazon PLCC Free-Financing Universal Merchant AAT-UB6CYNTOQMM7C,Amazon PLCC Free-Financing Universal Merchant AAT-BRSZZ45H6MHAO,Amazon PLCC Free-Financing Universal Merchant AAT-MKLXOOZWQL7GO,Amazon PLCC Free-Financing Universal Merchant AAT-CB7UNXEXGIJTC,Amazon PLCC Free-Financing Universal Merchant #MP-gzasho-1593152694811,Amazon PLCC Free-Financing Universal Merchant AAT-WLBA4GZ52EAH4",False,Easy Ship,False
52741,403-6818904-2779537,05-29-22,Shipped,Amazon,Amazon.in,Expedited,SET293,SET293-KR-NP-S,Set,S,B09K3G4TS6,Shipped,1,INR,736.0,HYDERABAD,TELANGANA,500049.0,IN,IN Core Free Shipping 2015/04/08 23-48-5-108,False,,False
68048,408-4667480-8928366,05-16-22,Cancelled,Amazon,Amazon.in,Expedited,J0003,J0003-SET-XXL,Set,XXL,B0894XKVH3,Cancelled,0,,,Nanded,MAHARASHTRA,431605.0,IN,,False,,False
99936,407-3199594-3884353,06-21-22,Shipped - Delivered to Buyer,Merchant,Amazon.in,Standard,SET333,SET333-KR-DPT-L,Set,L,B09RKCX5WR,Shipped,1,INR,909.0,GURZALA,ANDHRA PRADESH,522415.0,IN,"Amazon PLCC Free-Financing Universal Merchant AAT-WNKTBO3K27EJC,Amazon PLCC Free-Financing Universal Merchant AAT-QX3UCCJESKPA2,Amazon PLCC Free-Financing Universal Merchant AAT-5QQ7BIYYQEDN2,Amazon PLCC Free-Financing Universal Merchant AAT-DSJ2QRXXWXVMQ,Amazon PLCC Free-Financing Universal Merchant AAT-CXJHMC2YJUK76,Amazon PLCC Free-Financing Universal Merchant AAT-SL3Y2YRMAUNFC,Amazon PLCC Free-Financing Universal Merchant AAT-CC4FAVTYR4X7C,Amazon PLCC Free-Financing Universal Merchant AAT-EWAPBB6BDRGM6,Amazon PLCC Free-Financing Universal Merchant AAT-WSJLDN3X7KEMO,Amazon PLCC Free-Financing Universal Merchant AAT-VL6FGQVGQVXUS,Amazon PLCC Free-Financing Universal Merchant AAT-EOKPWFWYW7Y6I,Amazon PLCC Free-Financing Universal Merchant AAT-NT3ZJJGQ3JK3Q,Amazon PLCC Free-Financing Universal Merchant AAT-5SHH3G55USK5C,Amazon PLCC Free-Financing Universal Merchant AAT-AMKH7SAAONETC,Amazon PLCC Free-Financing Universal Merchant AAT-56XNPXK2K7OLI,Amazon PLCC Free-Financing Universal Merchant AAT-5QNBXTEQWGXOW,Amazon PLCC Free-Financing Universal Merchant AAT-BOWEMQBNNNHBK,Amazon PLCC Free-Financing Universal Merchant AAT-SKYXW7T3UZBGO,Amazon PLCC Free-Financing Universal Merchant AAT-ONHQI6RQUNGB6,Amazon PLCC Free-Financing Universal Merchant AAT-7L53RVBBSPI3S,Amazon PLCC Free-Financing Universal Merchant AAT-FXGH5APHPAWRQ,Amazon PLCC Free-Financing Universal Merchant AAT-BRSZZ45H6MHAO,Amazon PLCC Free-Financing Universal Merchant AAT-MKLXOOZWQL7GO,Amazon PLCC Free-Financing Universal Merchant AAT-CB7UNXEXGIJTC,Amazon PLCC Free-Financing Universal Merchant #MP-gzasho-1593152694811,Amazon PLCC Free-Financing Universal Merchant AAT-WLBA4GZ52EAH4",False,Easy Ship,False
67372,407-5198799-4585950,05-17-22,Shipped - Delivered to Buyer,Merchant,Amazon.in,Standard,JNE2049,JNE2049-KR-351-S,kurta,S,B076HL83ZR,Shipped,1,INR,441.0,Chennai,TAMIL NADU,600002.0,IN,"Amazon PLCC Free-Financing Universal Merchant AAT-WNKTBO3K27EJC,Amazon PLCC Free-Financing Universal Merchant AAT-QX3UCCJESKPA2,Amazon PLCC Free-Financing Universal Merchant AAT-5QQ7BIYYQEDN2,Amazon PLCC Free-Financing Universal Merchant AAT-DSJ2QRXXWXVMQ,Amazon PLCC Free-Financing Universal Merchant AAT-CXJHMC2YJUK76,Amazon PLCC Free-Financing Universal Merchant AAT-CC4FAVTYR4X7C,Amazon PLCC Free-Financing Universal Merchant AAT-FYWJCQHU2XQ2U,Amazon PLCC Free-Financing Universal Merchant AAT-EOKPWFWYW7Y6I,Amazon PLCC Free-Financing Universal Merchant AAT-YZ2VQO2YM6YYM,Amazon PLCC Free-Financing Universal Merchant AAT-4EOBCMLXMLDGY,Amazon PLCC Free-Financing Universal Merchant AAT-UB6CYNTOQMM7C,Amazon PLCC Free-Financing Universal Merchant AAT-BRSZZ45H6MHAO,Amazon PLCC Free-Financing Universal Merchant AAT-MKLXOOZWQL7GO,Amazon PLCC Free-Financing Universal Merchant AAT-CB7UNXEXGIJTC,Amazon PLCC Free-Financing Universal Merchant #MP-gzasho-1593152694811,Amazon PLCC Free-Financing Universal Merchant AAT-WLBA4GZ52EAH4",False,Easy Ship,False
72021,406-4991324-1435556,05-13-22,Shipped,Amazon,Amazon.in,Expedited,J0097,J0097-KR-M,kurta,M,B08BJT3PSM,Shipped,1,INR,568.0,GONDA,UTTAR PRADESH,271002.0,IN,IN Core Free Shipping 2015/04/08 23-48-5-108,False,,False
96364,405-2581875-4881140,06-25-22,Cancelled,Amazon,Amazon.in,Expedited,J0285,J0285-SKD-XXXL,Set,3XL,B08QGNCNNJ,Cancelled,0,,,MUMBAI,MAHARASHTRA,400095.0,IN,,False,,False
73537,405-2492257-8514732,05-12-22,Shipped,Amazon,Amazon.in,Expedited,J0301,J0301-TP-XXL,Top,XXL,B099S8X47K,Shipped,1,INR,518.0,NOIDA Extention,UTTAR PRADESH,201303.0,IN,IN Core Free Shipping 2015/04/08 23-48-5-108,False,,False
95499,402-6359144-2966756,06-25-22,Shipped,Amazon,Amazon.in,Expedited,JNE3810,JNE3810-KR-XXL,kurta,XXL,B09RKC4B4P,Shipped,1,INR,569.0,"Bhosari,pune",MAHARASHTRA,411039.0,IN,IN Core Free Shipping 2015/04/08 23-48-5-108,False,,False
90185,403-2570355-6063529,05-01-22,Shipped - Delivered to Buyer,Merchant,Amazon.in,Standard,SET265,SET265-KR-NP-M,Set,M,B0983DBK44,Shipped,1,INR,888.0,NEW DELHI,DELHI,110015.0,IN,"Amazon PLCC Free-Financing Universal Merchant AAT-WNKTBO3K27EJC,Amazon PLCC Free-Financing Universal Merchant AAT-QX3UCCJESKPA2,Amazon PLCC Free-Financing Universal Merchant AAT-5QQ7BIYYQEDN2,Amazon PLCC Free-Financing Universal Merchant AAT-DSJ2QRXXWXVMQ,Amazon PLCC Free-Financing Universal Merchant AAT-CXJHMC2YJUK76,Amazon PLCC Free-Financing Universal Merchant AAT-CC4FAVTYR4X7C,Amazon PLCC Free-Financing Universal Merchant AAT-FYWJCQHU2XQ2U,Amazon PLCC Free-Financing Universal Merchant AAT-EOKPWFWYW7Y6I,Amazon PLCC Free-Financing Universal Merchant AAT-URPEBMPS7TSPE,Amazon PLCC Free-Financing Universal Merchant SS-1651121388986,Amazon PLCC Free-Financing Universal Merchant AAT-3R6UGYISJQCKA,Amazon PLCC Free-Financing Universal Merchant AAT-3ATRKF7R3UHOO,Amazon PLCC Free-Financing Universal Merchant AAT-TNYBHEAO7HOHO,Amazon PLCC Free-Financing Universal Merchant AAT-BRSZZ45H6MHAO,Amazon PLCC Free-Financing Universal Merchant AAT-MKLXOOZWQL7GO,Amazon PLCC Free-Financing Universal Merchant AAT-CB7UNXEXGIJTC,Amazon PLCC Free-Financing Universal Merchant #MP-gzasho-1593152694811,Amazon PLCC Free-Financing Universal Merchant AAT-WLBA4GZ52EAH4,Amazon PLCC Free-Financing Universal Merchant AAT-QMFZ3M7T5NPDS,Amazon PLCC Free-Financing Universal Merchant #MP-pmilan-1601980554292",False,Easy Ship,False
59613,408-1875544-0870741,05-23-22,Shipped,Amazon,Amazon.in,Expedited,SET184,SET184-KR-PP-XXL,Set,XXL,B08W8KNCDH,Shipped,1,INR,0.0,BENGALURU,KARNATAKA,560064.0,IN,,False,,False
93281,403-3935360-1161156,06-27-22,Shipped,Amazon,Amazon.in,Expedited,SET291,SET291-KR-PP-M,Set,M,B099NK55YG,Shipped,1,INR,569.0,MORADABAD,UTTAR PRADESH,244001.0,IN,IN Core Free Shipping 2015/04/08 23-48-5-108,False,,False
87891,171-2951155-4336358,05-02-22,Shipped,Amazon,Amazon.in,Expedited,J0213,J0213-TP-M,Top,M,B0965KHYNH,Shipped,1,INR,599.0,NEW DELHI,DELHI,110092.0,IN,IN Core Free Shipping 2015/04/08 23-48-5-108,False,,False
76178,407-5153279-7952310,05-09-22,Cancelled,Merchant,Amazon.in,Standard,JNE3368,JNE3368-KR-XXXL,kurta,3XL,B0828PD16L,,0,,,HYDERABAD,TELANGANA,500086.0,IN,,False,Easy Ship,False
95892,403-3276173-0307563,06-25-22,Cancelled,Merchant,Amazon.in,Standard,J0139,J0139-KR-L,kurta,L,B091YNCY8B,,0,INR,368.57,GHAZIABAD,UTTAR PRADESH,201012.0,IN,,False,Easy Ship,False
70933,406-2706761-2176358,05-14-22,Shipped,Amazon,Amazon.in,Expedited,J0376,J0376-SKD-XXL,Set,XXL,B09QJ549GK,Shipped,1,INR,1063.0,ANANTAPUR,ANDHRA PRADESH,515004.0,IN,IN Core Free Shipping 2015/04/08 23-48-5-108,False,,False
90971,405-5250039-7905945,05-01-22,Cancelled,Amazon,Amazon.in,Expedited,JNE3261,JNE3261-KR-M,kurta,M,B07R5X3499,Cancelled,0,,,VARANASI,UTTAR PRADESH,221005.0,IN,,False,,False
72224,403-1145450-0354728,05-13-22,Shipped,Amazon,Amazon.in,Expedited,J0106,J0106-KR-XXXL,Western Dress,3XL,B08PVT19KN,Shipped,1,INR,999.0,Secunderabad,TELANGANA,500026.0,IN,IN Core Free Shipping 2015/04/08 23-48-5-108,False,,False
74381,404-7023637-4059535,05-11-22,Shipped - Delivered to Buyer,Merchant,Amazon.in,Standard,J0144,J0144-SET-XS,Set,XS,B08V15TBBM,Shipped,1,INR,499.0,OZAR,MAHARASHTRA,422206.0,IN,"Amazon PLCC Free-Financing Universal Merchant AAT-WNKTBO3K27EJC,Amazon PLCC Free-Financing Universal Merchant AAT-QX3UCCJESKPA2,Amazon PLCC Free-Financing Universal Merchant AAT-5QQ7BIYYQEDN2,Amazon PLCC Free-Financing Universal Merchant AAT-DSJ2QRXXWXVMQ,Amazon PLCC Free-Financing Universal Merchant AAT-CXJHMC2YJUK76,Amazon PLCC Free-Financing Universal Merchant AAT-SL3Y2YRMAUNFC,Amazon PLCC Free-Financing Universal Merchant AAT-CC4FAVTYR4X7C,Amazon PLCC Free-Financing Universal Merchant AAT-FYWJCQHU2XQ2U,Amazon PLCC Free-Financing Universal Merchant AAT-EOKPWFWYW7Y6I,Amazon PLCC Free-Financing Universal Merchant AAT-2MN4SWBDTUSNI,Amazon PLCC Free-Financing Universal Merchant AAT-4VFZUZS2EO5J2,Amazon PLCC Free-Financing Universal Merchant AAT-BRSZZ45H6MHAO,Amazon PLCC Free-Financing Universal Merchant AAT-MKLXOOZWQL7GO,Amazon PLCC Free-Financing Universal Merchant AAT-CB7UNXEXGIJTC,Amazon PLCC Free-Financing Universal Merchant #MP-gzasho-1593152694811,Amazon PLCC Free-Financing Universal Merchant AAT-WLBA4GZ52EAH4",False,Easy Ship,False
84855,403-3097889-8685120,05-04-22,Shipped - Delivered to Buyer,Merchant,Amazon.in,Standard,MEN5022,MEN5022-KR-M,kurta,M,B08YYV8NZL,Shipped,1,INR,533.0,NEW DELHI,DELHI,110019.0,IN,"Amazon PLCC Free-Financing Universal Merchant AAT-WNKTBO3K27EJC,Amazon PLCC Free-Financing Universal Merchant AAT-QX3UCCJESKPA2,Amazon PLCC Free-Financing Universal Merchant AAT-5QQ7BIYYQEDN2,Amazon PLCC Free-Financing Universal Merchant AAT-DSJ2QRXXWXVMQ,Amazon PLCC Free-Financing Universal Merchant AAT-CXJHMC2YJUK76,Amazon PLCC Free-Financing Universal Merchant AAT-CC4FAVTYR4X7C,Amazon PLCC Free-Financing Universal Merchant AAT-FYWJCQHU2XQ2U,Amazon PLCC Free-Financing Universal Merchant AAT-WSJLDN3X7KEMO,Amazon PLCC Free-Financing Universal Merchant AAT-VL6FGQVGQVXUS,Amazon PLCC Free-Financing Universal Merchant AAT-EOKPWFWYW7Y6I,Amazon PLCC Free-Financing Universal Merchant AAT-URPEBMPS7TSPE,Amazon PLCC Free-Financing Universal Merchant AAT-3ATRKF7R3UHOO,Amazon PLCC Free-Financing Universal Merchant AAT-RVL5KAXRIWHV2,Amazon PLCC Free-Financing Universal Merchant AAT-BS2QIL3ZUUJDC,Amazon PLCC Free-Financing Universal Merchant AAT-BD2QQYQLU3K3Q,Amazon PLCC Free-Financing Universal Merchant AAT-7Z5FYSWV55YJ6,Amazon PLCC Free-Financing Universal Merchant AAT-KQRYFJZLTA6E2,Amazon PLCC Free-Financing Universal Merchant AAT-F6SN46VZWQOQI,Amazon PLCC Free-Financing Universal Merchant AAT-GL6VKXK3MYVP4,Amazon PLCC Free-Financing Universal Merchant AAT-26CRLBGU7BZ4I,Amazon PLCC Free-Financing Universal Merchant AAT-EC3WUB2OYMZJY,Amazon PLCC Free-Financing Universal Merchant AAT-LLHTF3J4EFYUO,Amazon PLCC Free-Financing Universal Merchant AAT-BRSZZ45H6MHAO,Amazon PLCC Free-Financing Universal Merchant AAT-MKLXOOZWQL7GO,Amazon PLCC Free-Financing Universal Merchant AAT-CB7UNXEXGIJTC,Amazon PLCC Free-Financing Universal Merchant #MP-gzasho-1593152694811,Amazon PLCC Free-Financing Universal Merchant AAT-WLBA4GZ52EAH4",False,Easy Ship,False
98577,171-7936829-0656365,06-22-22,Shipped - Delivered to Buyer,Merchant,Amazon.in,Standard,JNE3721,JNE3721-KR-M,kurta,M,B099FC9KR1,Shipped,1,INR,292.0,SURENDRANAGAR,Gujarat,363001.0,IN,"Amazon PLCC Free-Financing Universal Merchant AAT-WNKTBO3K27EJC,Amazon PLCC Free-Financing Universal Merchant AAT-QX3UCCJESKPA2,Amazon PLCC Free-Financing Universal Merchant AAT-5QQ7BIYYQEDN2,Amazon PLCC Free-Financing Universal Merchant AAT-DSJ2QRXXWXVMQ,Amazon PLCC Free-Financing Universal Merchant AAT-CXJHMC2YJUK76,Amazon PLCC Free-Financing Universal Merchant AAT-CC4FAVTYR4X7C,Amazon PLCC Free-Financing Universal Merchant AAT-EWAPBB6BDRGM6,Amazon PLCC Free-Financing Universal Merchant AAT-EOKPWFWYW7Y6I,Amazon PLCC Free-Financing Universal Merchant AAT-5SHH3G55USK5C,Amazon PLCC Free-Financing Universal Merchant AAT-7IFG6TWAZNCBQ,Amazon PLCC Free-Financing Universal Merchant AAT-5QNBXTEQWGXOW,Amazon PLCC Free-Financing Universal Merchant AAT-BOWEMQBNNNHBK,Amazon PLCC Free-Financing Universal Merchant AAT-SKYXW7T3UZBGO,Amazon PLCC Free-Financing Universal Merchant AAT-UFMRPWCRGE2ZM,Amazon PLCC Free-Financing Universal Merchant AAT-SF4YGC5K3O574,Amazon PLCC Free-Financing Universal Merchant AAT-SUBB5QVZKACYG,Amazon PLCC Free-Financing Universal Merchant AAT-CF5ZF57364I7G,Amazon PLCC Free-Financing Universal Merchant AAT-BRSZZ45H6MHAO,Amazon PLCC Free-Financing Universal Merchant AAT-MKLXOOZWQL7GO,Amazon PLCC Free-Financing Universal Merchant AAT-CB7UNXEXGIJTC,Amazon PLCC Free-Financing Universal Merchant #MP-gzasho-1593152694811,Amazon PLCC Free-Financing Universal Merchant AAT-WLBA4GZ52EAH4",False,Easy Ship,False
88536,403-4486358-1304323,05-02-22,Shipped,Amazon,Amazon.in,Expedited,SET278,SET278-KR-NP-L,Set,L,B0983FZD5K,Shipped,1,INR,1432.0,MUMBAI,MAHARASHTRA,400061.0,IN,IN Core Free Shipping 2015/04/08 23-48-5-108,False,,False
81755,402-7617410-0096341,05-05-22,Cancelled,Merchant,Amazon.in,Standard,SET288,SET288-KR-NP-XXL,Set,XXL,B09M6TQTGV,,0,,,GURUGRAM,HARYANA,122022.0,IN,,False,Easy Ship,False
57753,403-2046368-7049128,05-25-22,Shipped,Amazon,Amazon.in,Expedited,J0111,J0111-TP-XXL,Top,XXL,B092D392CB,Shipped,1,INR,423.0,Thane,MAHARASHTRA,421201.0,IN,,False,,False
96638,408-8721426-3225144,06-24-22,Shipped,Amazon,Amazon.in,Expedited,SET357,SET357-KR-NP-M,Set,M,B09Y3MWCDM,Shipped,1,INR,771.0,NEW DELHI,DELHI,110096.0,IN,,False,,False
93834,406-0204025-3673108,06-27-22,Shipped,Amazon,Amazon.in,Expedited,JNE3797,JNE3797-KR-XXXL,Western Dress,3XL,B09SDY4VDC,Shipped,1,INR,735.0,CHIKKAMAGALURU,KARNATAKA,577101.0,IN,IN Core Free Shipping 2015/04/08 23-48-5-108,False,,False
76235,403-3161578-4899530,05-09-22,Shipped,Amazon,Amazon.in,Expedited,J0234,J0234-SKD-XXL,Set,XXL,B08WHZC5QK,Shipped,1,INR,1186.0,LUCKNOW,UTTAR PRADESH,226024.0,IN,IN Core Free Shipping 2015/04/08 23-48-5-108,False,,False
94229,171-1273365-2073156,06-26-22,Cancelled,Merchant,Amazon.in,Standard,SET337,SET337-KR-NP-S,Set,S,B09KXX4B9X,,0,INR,832.38,GHAZIABAD,UTTAR PRADESH,201010.0,IN,,False,Easy Ship,False
99596,408-2198581-3494735,06-22-22,Shipped,Amazon,Amazon.in,Expedited,CH213,CH213-BROWN-S,Bottom,S,B091GKR9X9,Shipped,1,INR,301.0,CHENNAI,TAMIL NADU,600097.0,IN,,False,,False
68552,402-5417625-3188363,05-16-22,Shipped,Amazon,Amazon.in,Expedited,JNE3042,JNE3042-KR-S,kurta,S,B07JLD2SKN,Shipped,1,INR,301.0,DHANBAD,JHARKHAND,828130.0,IN,IN Core Free Shipping 2015/04/08 23-48-5-108,False,,False
93136,408-7708576-1394758,06-27-22,Pending - Waiting for Pick Up,Merchant,Amazon.in,Standard,JNE1234,JNE1234-MULTI-KR-032-XXXL,kurta,3XL,B07GBZV8K8,Unshipped,1,INR,301.0,BENGALURU,KARNATAKA,560079.0,IN,"Amazon PLCC Free-Financing Universal Merchant AAT-WNKTBO3K27EJC,Amazon PLCC Free-Financing Universal Merchant AAT-QX3UCCJESKPA2,Amazon PLCC Free-Financing Universal Merchant AAT-5QQ7BIYYQEDN2,Amazon PLCC Free-Financing Universal Merchant AAT-DSJ2QRXXWXVMQ,Amazon PLCC Free-Financing Universal Merchant AAT-CXJHMC2YJUK76,Amazon PLCC Free-Financing Universal Merchant AAT-SL3Y2YRMAUNFC,Amazon PLCC Free-Financing Universal Merchant AAT-CC4FAVTYR4X7C,Amazon PLCC Free-Financing Universal Merchant AAT-EWAPBB6BDRGM6,Amazon PLCC Free-Financing Universal Merchant AAT-WSJLDN3X7KEMO,Amazon PLCC Free-Financing Universal Merchant AAT-VL6FGQVGQVXUS,Amazon PLCC Free-Financing Universal Merchant AAT-EOKPWFWYW7Y6I,Amazon PLCC Free-Financing Universal Merchant AAT-AMKH7SAAONETC,Amazon PLCC Free-Financing Universal Merchant AAT-56XNPXK2K7OLI,Amazon PLCC Free-Financing Universal Merchant AAT-BOWEMQBNNNHBK,Amazon PLCC Free-Financing Universal Merchant AAT-DP5M6CP4XT7YY,Amazon PLCC Free-Financing Universal Merchant AAT-BRSZZ45H6MHAO,Amazon PLCC Free-Financing Universal Merchant AAT-MKLXOOZWQL7GO,Amazon PLCC Free-Financing Universal Merchant AAT-CB7UNXEXGIJTC,Amazon PLCC Free-Financing Universal Merchant #MP-gzasho-1593152694811,Amazon PLCC Free-Financing Universal Merchant AAT-WLBA4GZ52EAH4",False,Easy Ship,False
86672,406-8704125-0468324,05-03-22,Shipped,Amazon,Amazon.in,Expedited,SET345,SET345-KR-NP-M,Set,M,B09KXV4BN8,Shipped,1,INR,626.0,THRIPPUNITHURA,KERALA,682301.0,IN,IN Core Free Shipping 2015/04/08 23-48-5-108,False,,False
93649,171-9672392-9221131,06-27-22,Shipped,Amazon,Amazon.in,Expedited,JNE3910,JNE3910-KR-XXL,kurta,XXL,B0B3MP94H5,Shipped,1,INR,736.0,THRISSUR,KERALA,680022.0,IN,IN Core Free Shipping 2015/04/08 23-48-5-108,False,,False
53940,403-0568030-9065113,05-28-22,Cancelled,Amazon,Amazon.in,Expedited,JNE3618,JNE3618-KR-XL,kurta,XL,B092SGXQBG,Cancelled,0,,,Mumbai,MAHARASHTRA,400056.0,IN,,False,,False
81496,407-2126211-8574718,05-06-22,Shipped,Amazon,Amazon.in,Expedited,SET278,SET278-KR-NP-M,Set,M,B0983F3BLZ,Shipped,1,INR,1432.0,GHAZIABAD,UTTAR PRADESH,201005.0,IN,IN Core Free Shipping 2015/04/08 23-48-5-108,False,,False
76593,404-4374523-9067541,05-09-22,Shipped,Amazon,Amazon.in,Expedited,J0335,J0335-DR-L,Western Dress,L,B09831T4CQ,Shipped,1,INR,989.0,PUNE,MAHARASHTRA,411014.0,IN,,False,,False
73921,403-9719456-0268355,05-11-22,Shipped,Amazon,Amazon.in,Expedited,JNE3405,JNE3405-KR-M,kurta,M,B081WVMMCY,Shipped,1,INR,435.0,BENGALURU,KARNATAKA,560064.0,IN,IN Core Free Shipping 2015/04/08 23-48-5-108,False,,False
76402,402-8766576-6693943,05-09-22,Shipped,Amazon,Amazon.in,Expedited,JNE3732,JNE3732-KR-XXXL,kurta,3XL,B09RKCQDKG,Shipped,1,INR,431.0,GUWAHATI,ASSAM,781028.0,IN,,False,,False
95942,406-2456263-0612326,06-25-22,Shipped,Amazon,Amazon.in,Expedited,JNE3798,JNE3798-KR-A-XL,Western Dress,XL,B09TH586J3,Shipped,1,INR,799.0,"Avinashi, Tirupur",TAMIL NADU,641654.0,IN,IN Core Free Shipping 2015/04/08 23-48-5-108,False,,False
98525,403-9570702-6134739,06-22-22,Shipped,Amazon,Amazon.in,Expedited,JNE3614,JNE3614-KR-M,kurta,M,B09811QMHB,Shipped,1,INR,431.0,CHENNAI,TAMIL NADU,600116.0,IN,,False,,False
68315,408-6515472-0373900,05-16-22,Cancelled,Amazon,Amazon.in,Expedited,JNE3781,JNE3781-KR-XXXL,kurta,3XL,B09K3WFS32,Cancelled,0,,,GHAZIABAD,UTTAR PRADESH,201011.0,IN,,False,,False
86893,404-2142260-3389160,05-03-22,Cancelled,Merchant,Amazon.in,Standard,J0205,J0205-TP-XL,Top,XL,B0986ZTQV1,,0,INR,368.57,KANPUR,UTTAR PRADESH,208027.0,IN,,False,Easy Ship,False
76695,402-1099777-7241923,05-09-22,Shipped - Delivered to Buyer,Merchant,Amazon.in,Standard,JNE1525,JNE1525-KR-UDF19BLACK-XXL,kurta,XXL,B01N29JK0G,Shipped,1,INR,307.0,NANMANDA,KERALA,673613.0,IN,"Amazon PLCC Free-Financing Universal Merchant AAT-WNKTBO3K27EJC,Amazon PLCC Free-Financing Universal Merchant AAT-QX3UCCJESKPA2,Amazon PLCC Free-Financing Universal Merchant AAT-5QQ7BIYYQEDN2,Amazon PLCC Free-Financing Universal Merchant AAT-DSJ2QRXXWXVMQ,Amazon PLCC Free-Financing Universal Merchant AAT-CXJHMC2YJUK76,Amazon PLCC Free-Financing Universal Merchant AAT-CC4FAVTYR4X7C,Amazon PLCC Free-Financing Universal Merchant AAT-FYWJCQHU2XQ2U,Amazon PLCC Free-Financing Universal Merchant AAT-WSJLDN3X7KEMO,Amazon PLCC Free-Financing Universal Merchant AAT-VL6FGQVGQVXUS,Amazon PLCC Free-Financing Universal Merchant AAT-EOKPWFWYW7Y6I,Amazon PLCC Free-Financing Universal Merchant AAT-ZF7YE6D3FPHMI,Amazon PLCC Free-Financing Universal Merchant AAT-TNYHCYLOWRIHK,Amazon PLCC Free-Financing Universal Merchant AAT-BRSZZ45H6MHAO,Amazon PLCC Free-Financing Universal Merchant AAT-MKLXOOZWQL7GO,Amazon PLCC Free-Financing Universal Merchant AAT-CB7UNXEXGIJTC,Amazon PLCC Free-Financing Universal Merchant #MP-gzasho-1593152694811,Amazon PLCC Free-Financing Universal Merchant AAT-WLBA4GZ52EAH4",False,Easy Ship,False
92127,404-7712337-3801118,06-28-22,Shipped,Amazon,Amazon.in,Expedited,JNE3703,JNE3703-KR-S,kurta,S,B099FDNFFV,Shipped,1,INR,292.0,MANDLA,MADHYA PRADESH,481661.0,IN,,False,,False
64170,403-1910261-7240348,05-19-22,Shipped,Amazon,Amazon.in,Expedited,SET266,SET266-KR-NP-M,Set,M,B09BQLP9G2,Shipped,1,INR,852.0,NEW DELHI,DELHI,110085.0,IN,,False,,False
53732,402-1054216-2118732,05-28-22,Cancelled,Merchant,Amazon.in,Standard,J0131,J0131-KR-XS,kurta,XS,B08V1886WQ,,0,INR,351.43,AMRAVATI,MAHARASHTRA,444603.0,IN,,False,Easy Ship,False
57881,403-5322789-7617920,05-25-22,Shipped,Amazon,Amazon.in,Expedited,SET335,SET335-KR-NP-XS,Set,XS,B09Y3GD14B,Shipped,1,INR,771.0,RANCHI,JHARKHAND,834002.0,IN,IN Core Free Shipping 2015/04/08 23-48-5-108,False,,False
56016,403-6762356-4621943,05-26-22,Shipped,Amazon,Amazon.in,Expedited,J0004,J0004-SKD-M,Set,M,B0894YPTQT,Shipped,1,INR,1186.0,Bengaluru,KARNATAKA,560011.0,IN,,False,,False
73029,406-6223058-6397162,05-12-22,Shipped,Amazon,Amazon.in,Expedited,SET375,SET375-KR-NP-L,Set,L,B09RKFD39V,Shipped,1,INR,696.0,Chennai,TAMIL NADU,600122.0,IN,IN Core Free Shipping 2015/04/08 23-48-5-108,False,,False
85473,403-4824028-0982721,05-03-22,Cancelled,Merchant,Amazon.in,Standard,JNE3396,JNE3396-KR-XXXL,kurta,3XL,B083ZZ8869,,0,INR,436.2,SURAT,Gujarat,394230.0,IN,,False,Easy Ship,False
99685,408-0015790-1181124,06-22-22,Shipped,Amazon,Amazon.in,Expedited,JNE3639,JNE3639-TP-N-L,Top,L,B08ZJ37HW4,Shipped,1,INR,693.0,DEVANAHALLI,KARNATAKA,562110.0,IN,IN Core Free Shipping 2015/04/08 23-48-5-108,False,,False
54817,171-7226831-9681134,05-27-22,Shipped,Amazon,Amazon.in,Expedited,J0119,J0119-TP-M,Top,M,B08RYQNCQ1,Shipped,1,INR,574.0,NEW DELHI,DELHI,110001.0,IN,IN Core Free Shipping 2015/04/08 23-48-5-108,False,,False
91693,404-9068734-9208317,06-29-22,Pending,Merchant,Amazon.in,Standard,SET144,SET144-KR-NP-XL,Set,XL,B0822SZ9FN,Unshipped,1,INR,788.0,NAVI MUMBAI,MAHARASHTRA,400708.0,IN,"Amazon PLCC Free-Financing Universal Merchant AAT-WNKTBO3K27EJC,Amazon PLCC Free-Financing Universal Merchant AAT-QX3UCCJESKPA2,Amazon PLCC Free-Financing Universal Merchant AAT-5QQ7BIYYQEDN2,Amazon PLCC Free-Financing Universal Merchant AAT-DSJ2QRXXWXVMQ,Amazon PLCC Free-Financing Universal Merchant AAT-CXJHMC2YJUK76,Amazon PLCC Free-Financing Universal Merchant AAT-CC4FAVTYR4X7C,Amazon PLCC Free-Financing Universal Merchant AAT-EWAPBB6BDRGM6,Amazon PLCC Free-Financing Universal Merchant AAT-EOKPWFWYW7Y6I,Amazon PLCC Free-Financing Universal Merchant AAT-NT3ZJJGQ3JK3Q,Amazon PLCC Free-Financing Universal Merchant AAT-5SHH3G55USK5C,Amazon PLCC Free-Financing Universal Merchant AAT-6XVEGAWJUJYXG,Amazon PLCC Free-Financing Universal Merchant AAT-BOWEMQBNNNHBK,Amazon PLCC Free-Financing Universal Merchant AAT-ONHQI6RQUNGB6,Amazon PLCC Free-Financing Universal Merchant AAT-DP5M6CP4XT7YY,Amazon PLCC Free-Financing Universal Merchant AAT-BRSZZ45H6MHAO,Amazon PLCC Free-Financing Universal Merchant AAT-MKLXOOZWQL7GO,Amazon PLCC Free-Financing Universal Merchant AAT-CB7UNXEXGIJTC,Amazon PLCC Free-Financing Universal Merchant #MP-gzasho-1593152694811,Amazon PLCC Free-Financing Universal Merchant AAT-WLBA4GZ52EAH4",False,Easy Ship,False
62007,171-1633126-4581926,05-21-22,Shipped,Amazon,Amazon.in,Expedited,JNE3373,JNE3373-KR-XXL,kurta,XXL,B082W8RWN1,Shipped,1,INR,382.0,KALPETTA,KERALA,673121.0,IN,IN Core Free Shipping 2015/04/08 23-48-5-108,False,,False
91327,402-0359535-1804377,06-29-22,Pending,Merchant,Amazon.in,Standard,SET278,SET278-KR-NP-L,Set,L,B0983FZD5K,Unshipped,1,INR,1442.0,GORAKHPUR,UTTAR PRADESH,273003.0,IN,"Amazon PLCC Free-Financing Universal Merchant AAT-WNKTBO3K27EJC,Amazon PLCC Free-Financing Universal Merchant AAT-QX3UCCJESKPA2,Amazon PLCC Free-Financing Universal Merchant AAT-5QQ7BIYYQEDN2,Amazon PLCC Free-Financing Universal Merchant AAT-DSJ2QRXXWXVMQ,Amazon PLCC Free-Financing Universal Merchant AAT-CXJHMC2YJUK76,Amazon PLCC Free-Financing Universal Merchant AAT-CC4FAVTYR4X7C,Amazon PLCC Free-Financing Universal Merchant AAT-EWAPBB6BDRGM6,Amazon PLCC Free-Financing Universal Merchant AAT-EOKPWFWYW7Y6I,Amazon PLCC Free-Financing Universal Merchant AAT-NT3ZJJGQ3JK3Q,Amazon PLCC Free-Financing Universal Merchant AAT-5SHH3G55USK5C,Amazon PLCC Free-Financing Universal Merchant AAT-6XVEGAWJUJYXG,Amazon PLCC Free-Financing Universal Merchant AAT-5QNBXTEQWGXOW,Amazon PLCC Free-Financing Universal Merchant AAT-WGRTZMKPP5EMK,Amazon PLCC Free-Financing Universal Merchant AAT-BOWEMQBNNNHBK,Amazon PLCC Free-Financing Universal Merchant AAT-ONHQI6RQUNGB6,Amazon PLCC Free-Financing Universal Merchant AAT-DP5M6CP4XT7YY,Amazon PLCC Free-Financing Universal Merchant AAT-BRSZZ45H6MHAO,Amazon PLCC Free-Financing Universal Merchant AAT-MKLXOOZWQL7GO,Amazon PLCC Free-Financing Universal Merchant AAT-CB7UNXEXGIJTC,Amazon PLCC Free-Financing Universal Merchant #MP-gzasho-1593152694811,Amazon PLCC Free-Financing Universal Merchant AAT-WLBA4GZ52EAH4",False,Easy Ship,False
59506,406-6345449-5925949,05-23-22,Shipped,Amazon,Amazon.in,Expedited,SET397,SET397-KR-NP-XXXL,Set,3XL,B09RKDPH6J,Shipped,1,INR,999.0,NEW DELHI,DELHI,110027.0,IN,IN Core Free Shipping 2015/04/08 23-48-5-108,True,,False
94798,171-8090295-8041962,06-26-22,Shipped,Amazon,Amazon.in,Expedited,JNE3880,JNE3880-DR-XXXL,Western Dress,3XL,B09SDXPB9D,Shipped,1,INR,581.0,NOIDA,UTTAR PRADESH,201304.0,IN,IN Core Free Shipping 2015/04/08 23-48-5-108,False,,False
84062,171-3545408-5059506,05-04-22,Shipped - Delivered to Buyer,Merchant,Amazon.in,Standard,J0372,J0372-SKD-L,Set,L,B09K3T3BV4,Shipped,1,INR,1099.0,Srinagar city,JAMMU & KASHMIR,190011.0,IN,"Amazon PLCC Free-Financing Universal Merchant AAT-WNKTBO3K27EJC,Amazon PLCC Free-Financing Universal Merchant AAT-QX3UCCJESKPA2,Amazon PLCC Free-Financing Universal Merchant AAT-5QQ7BIYYQEDN2,Amazon PLCC Free-Financing Universal Merchant AAT-DSJ2QRXXWXVMQ,Amazon PLCC Free-Financing Universal Merchant AAT-CXJHMC2YJUK76,Amazon PLCC Free-Financing Universal Merchant AAT-CC4FAVTYR4X7C,Amazon PLCC Free-Financing Universal Merchant SS-1640596961008,Amazon PLCC Free-Financing Universal Merchant AAT-FYWJCQHU2XQ2U,Amazon PLCC Free-Financing Universal Merchant AAT-WSJLDN3X7KEMO,Amazon PLCC Free-Financing Universal Merchant AAT-VL6FGQVGQVXUS,Amazon PLCC Free-Financing Universal Merchant AAT-EOKPWFWYW7Y6I,Amazon PLCC Free-Financing Universal Merchant AAT-URPEBMPS7TSPE,Amazon PLCC Free-Financing Universal Merchant AAT-3R6UGYISJQCKA,Amazon PLCC Free-Financing Universal Merchant AAT-RVL5KAXRIWHV2,Amazon PLCC Free-Financing Universal Merchant AAT-BS2QIL3ZUUJDC,Amazon PLCC Free-Financing Universal Merchant AAT-BD2QQYQLU3K3Q,Amazon PLCC Free-Financing Universal Merchant AAT-7Z5FYSWV55YJ6,Amazon PLCC Free-Financing Universal Merchant AAT-KQRYFJZLTA6E2,Amazon PLCC Free-Financing Universal Merchant AAT-F6SN46VZWQOQI,Amazon PLCC Free-Financing Universal Merchant AAT-GL6VKXK3MYVP4,Amazon PLCC Free-Financing Universal Merchant AAT-26CRLBGU7BZ4I,Amazon PLCC Free-Financing Universal Merchant AAT-EC3WUB2OYMZJY,Amazon PLCC Free-Financing Universal Merchant AAT-LLHTF3J4EFYUO,Amazon PLCC Free-Financing Universal Merchant AAT-BRSZZ45H6MHAO,Amazon PLCC Free-Financing Universal Merchant AAT-MKLXOOZWQL7GO,Amazon PLCC Free-Financing Universal Merchant AAT-CB7UNXEXGIJTC,Amazon PLCC Free-Financing Universal Merchant #MP-gzasho-1593152694811,Amazon PLCC Free-Financing Universal Merchant AAT-WLBA4GZ52EAH4",False,Easy Ship,False
77474,404-5747097-5074706,05-08-22,Shipped - Delivered to Buyer,Merchant,Amazon.in,Standard,SET363,SET363-KR-NP-XXL,Set,XXL,B09TH61GMF,Shipped,1,INR,1125.0,ALWAR,RAJASTHAN,301001.0,IN,"Amazon PLCC Free-Financing Universal Merchant AAT-WNKTBO3K27EJC,Amazon PLCC Free-Financing Universal Merchant AAT-QX3UCCJESKPA2,Amazon PLCC Free-Financing Universal Merchant AAT-5QQ7BIYYQEDN2,Amazon PLCC Free-Financing Universal Merchant AAT-DSJ2QRXXWXVMQ,Amazon PLCC Free-Financing Universal Merchant AAT-CXJHMC2YJUK76,Amazon PLCC Free-Financing Universal Merchant AAT-CC4FAVTYR4X7C,Amazon PLCC Free-Financing Universal Merchant SS-1640596961008,Amazon PLCC Free-Financing Universal Merchant AAT-FYWJCQHU2XQ2U,Amazon PLCC Free-Financing Universal Merchant AAT-R7GXNZWISTRFA,Amazon PLCC Free-Financing Universal Merchant AAT-WSJLDN3X7KEMO,Amazon PLCC Free-Financing Universal Merchant AAT-VL6FGQVGQVXUS,Amazon PLCC Free-Financing Universal Merchant AAT-EOKPWFWYW7Y6I,Amazon PLCC Free-Financing Universal Merchant AAT-URPEBMPS7TSPE,Amazon PLCC Free-Financing Universal Merchant AAT-RVL5KAXRIWHV2,Amazon PLCC Free-Financing Universal Merchant AAT-BS2QIL3ZUUJDC,Amazon PLCC Free-Financing Universal Merchant AAT-BD2QQYQLU3K3Q,Amazon PLCC Free-Financing Universal Merchant AAT-7Z5FYSWV55YJ6,Amazon PLCC Free-Financing Universal Merchant AAT-KQRYFJZLTA6E2,Amazon PLCC Free-Financing Universal Merchant AAT-F6SN46VZWQOQI,Amazon PLCC Free-Financing Universal Merchant AAT-GL6VKXK3MYVP4,Amazon PLCC Free-Financing Universal Merchant AAT-26CRLBGU7BZ4I,Amazon PLCC Free-Financing Universal Merchant AAT-EC3WUB2OYMZJY,Amazon PLCC Free-Financing Universal Merchant AAT-LLHTF3J4EFYUO,Amazon PLCC Free-Financing Universal Merchant AAT-BRSZZ45H6MHAO,Amazon PLCC Free-Financing Universal Merchant AAT-MKLXOOZWQL7GO,Amazon PLCC Free-Financing Universal Merchant AAT-CB7UNXEXGIJTC,Amazon PLCC Free-Financing Universal Merchant #MP-gzasho-1593152694811,Amazon PLCC Free-Financing Universal Merchant AAT-WLBA4GZ52EAH4",False,Easy Ship,False
81143,407-6176843-6129932,05-06-22,Shipped - Delivered to Buyer,Merchant,Amazon.in,Standard,J0332,J0332-DR-XXXL,Western Dress,3XL,B09LM6BZD7,Shipped,1,INR,668.0,Visakhapatnam,ANDHRA PRADESH,530002.0,IN,"Amazon PLCC Free-Financing Universal Merchant AAT-WNKTBO3K27EJC,Amazon PLCC Free-Financing Universal Merchant AAT-QX3UCCJESKPA2,Amazon PLCC Free-Financing Universal Merchant AAT-5QQ7BIYYQEDN2,Amazon PLCC Free-Financing Universal Merchant AAT-DSJ2QRXXWXVMQ,Amazon PLCC Free-Financing Universal Merchant AAT-CXJHMC2YJUK76,Amazon PLCC Free-Financing Universal Merchant AAT-CC4FAVTYR4X7C,Amazon PLCC Free-Financing Universal Merchant AAT-FYWJCQHU2XQ2U,Amazon PLCC Free-Financing Universal Merchant AAT-EOKPWFWYW7Y6I,Amazon PLCC Free-Financing Universal Merchant AAT-URPEBMPS7TSPE,Amazon PLCC Free-Financing Universal Merchant AAT-3R6UGYISJQCKA,Amazon PLCC Free-Financing Universal Merchant AAT-TREXU6MY3SEMI,Amazon PLCC Free-Financing Universal Merchant AAT-RVL5KAXRIWHV2,Amazon PLCC Free-Financing Universal Merchant AAT-BS2QIL3ZUUJDC,Amazon PLCC Free-Financing Universal Merchant AAT-BD2QQYQLU3K3Q,Amazon PLCC Free-Financing Universal Merchant AAT-7Z5FYSWV55YJ6,Amazon PLCC Free-Financing Universal Merchant AAT-KQRYFJZLTA6E2,Amazon PLCC Free-Financing Universal Merchant AAT-F6SN46VZWQOQI,Amazon PLCC Free-Financing Universal Merchant AAT-GL6VKXK3MYVP4,Amazon PLCC Free-Financing Universal Merchant AAT-26CRLBGU7BZ4I,Amazon PLCC Free-Financing Universal Merchant AAT-EC3WUB2OYMZJY,Amazon PLCC Free-Financing Universal Merchant AAT-LLHTF3J4EFYUO,Amazon PLCC Free-Financing Universal Merchant AAT-TNYBHEAO7HOHO,Amazon PLCC Free-Financing Universal Merchant AAT-BRSZZ45H6MHAO,Amazon PLCC Free-Financing Universal Merchant AAT-MKLXOOZWQL7GO,Amazon PLCC Free-Financing Universal Merchant AAT-CB7UNXEXGIJTC,Amazon PLCC Free-Financing Universal Merchant #MP-gzasho-1593152694811,Amazon PLCC Free-Financing Universal Merchant AAT-WLBA4GZ52EAH4,Amazon PLCC Free-Financing Universal Merchant AAT-QMFZ3M7T5NPDS,Amazon PLCC Free-Financing Universal Merchant #MP-pmilan-1601980554292",False,Easy Ship,False
71235,407-1019722-0097105,05-14-22,Shipped,Amazon,Amazon.in,Expedited,JNE3674,JNE3674-TU-XXXL,Top,3XL,B09435CZV7,Shipped,1,INR,574.0,BENGALURU,KARNATAKA,560016.0,IN,IN Core Free Shipping 2015/04/08 23-48-5-108,False,,False
51390,403-0883717-8277141,05-30-22,Cancelled,Amazon,Amazon.in,Expedited,JNE3690,JNE3690-TU-XS,Top,XS,B094FH578D,Unshipped,1,INR,545.0,KANPUR,UTTAR PRADESH,208022.0,IN,,False,,False
88249,404-8913878-2223515,05-02-22,Shipped,Amazon,Amazon.in,Expedited,J0097,J0097-KR-S,kurta,S,B08BJS1LPN,Shipped,1,INR,534.0,BILASPUR,CHHATTISGARH,495001.0,IN,IN Core Free Shipping 2015/04/08 23-48-5-108,False,,False
87624,408-2858062-5604323,05-02-22,Shipped,Amazon,Amazon.in,Expedited,JNE3510,JNE3510-KR-XXL,kurta,XXL,B08WQ1W4JV,Shipped,1,INR,0.0,NEW DELHI,DELHI,110092.0,IN,,False,,False
92028,171-9606142-2379567,06-28-22,Pending - Waiting for Pick Up,Merchant,Amazon.in,Standard,JNE3785,JNE3785-KR-L,kurta,L,B09K3T318L,Unshipped,1,INR,335.0,DEHRADUN,UTTARAKHAND,248005.0,IN,"Amazon PLCC Free-Financing Universal Merchant AAT-WNKTBO3K27EJC,Amazon PLCC Free-Financing Universal Merchant AAT-QX3UCCJESKPA2,Amazon PLCC Free-Financing Universal Merchant AAT-5QQ7BIYYQEDN2,Amazon PLCC Free-Financing Universal Merchant AAT-DSJ2QRXXWXVMQ,Amazon PLCC Free-Financing Universal Merchant AAT-CXJHMC2YJUK76,Amazon PLCC Free-Financing Universal Merchant AAT-CC4FAVTYR4X7C,Amazon PLCC Free-Financing Universal Merchant AAT-EWAPBB6BDRGM6,Amazon PLCC Free-Financing Universal Merchant AAT-EOKPWFWYW7Y6I,Amazon PLCC Free-Financing Universal Merchant AAT-NT3ZJJGQ3JK3Q,Amazon PLCC Free-Financing Universal Merchant AAT-6XVEGAWJUJYXG,Amazon PLCC Free-Financing Universal Merchant AAT-BOWEMQBNNNHBK,Amazon PLCC Free-Financing Universal Merchant AAT-ONHQI6RQUNGB6,Amazon PLCC Free-Financing Universal Merchant AAT-DP5M6CP4XT7YY,Amazon PLCC Free-Financing Universal Merchant AAT-BRSZZ45H6MHAO,Amazon PLCC Free-Financing Universal Merchant AAT-MKLXOOZWQL7GO,Amazon PLCC Free-Financing Universal Merchant AAT-CB7UNXEXGIJTC,Amazon PLCC Free-Financing Universal Merchant #MP-gzasho-1593152694811,Amazon PLCC Free-Financing Universal Merchant AAT-WLBA4GZ52EAH4",False,Easy Ship,False
70834,405-6654129-4835526,05-14-22,Shipped,Amazon,Amazon.in,Expedited,SET094,SET094-KR-NP-L,Set,L,B07S1GCLW3,Shipped,1,INR,876.0,NELLORE,ANDHRA PRADESH,524001.0,IN,IN Core Free Shipping 2015/04/08 23-48-5-108,False,,False
64757,406-7010575-7160347,05-19-22,Shipped - Delivered to Buyer,Merchant,Amazon.in,Standard,JNE3801,JNE3801-KR-XL,kurta,XL,B09SDYL6L1,Shipped,1,INR,771.0,Mehgaon,MADHYA PRADESH,477557.0,IN,"Amazon PLCC Free-Financing Universal Merchant AAT-WNKTBO3K27EJC,Amazon PLCC Free-Financing Universal Merchant AAT-QX3UCCJESKPA2,Amazon PLCC Free-Financing Universal Merchant AAT-5QQ7BIYYQEDN2,Amazon PLCC Free-Financing Universal Merchant AAT-DSJ2QRXXWXVMQ,Amazon PLCC Free-Financing Universal Merchant AAT-CXJHMC2YJUK76,Amazon PLCC Free-Financing Universal Merchant AAT-CC4FAVTYR4X7C,Amazon PLCC Free-Financing Universal Merchant AAT-FYWJCQHU2XQ2U,Amazon PLCC Free-Financing Universal Merchant AAT-EOKPWFWYW7Y6I,Amazon PLCC Free-Financing Universal Merchant AAT-URPEBMPS7TSPE,Amazon PLCC Free-Financing Universal Merchant AAT-BAO77QKKMJQIM,Amazon PLCC Free-Financing Universal Merchant AAT-4ZN7U6MMDFGWM,Amazon PLCC Free-Financing Universal Merchant AAT-PAWHL2EB33U42,Amazon PLCC Free-Financing Universal Merchant AAT-7WX4JYESZISLU,Amazon PLCC Free-Financing Universal Merchant AAT-CIX56SGGAWUYW,Amazon PLCC Free-Financing Universal Merchant AAT-DMQVBJASKTAHS,Amazon PLCC Free-Financing Universal Merchant AAT-BRSZZ45H6MHAO,Amazon PLCC Free-Financing Universal Merchant AAT-MKLXOOZWQL7GO,Amazon PLCC Free-Financing Universal Merchant AAT-CB7UNXEXGIJTC,Amazon PLCC Free-Financing Universal Merchant #MP-gzasho-1593152694811,Amazon PLCC Free-Financing Universal Merchant AAT-WLBA4GZ52EAH4",False,Easy Ship,False
76396,404-5613147-2843563,05-09-22,Shipped - Delivered to Buyer,Merchant,Amazon.in,Standard,JNE3363,JNE3363-KR-1032-XXL,kurta,XXL,B07T62PKNM,Shipped,1,INR,399.0,GUNTUR,ANDHRA PRADESH,522213.0,IN,"Amazon PLCC Free-Financing Universal Merchant AAT-WNKTBO3K27EJC,Amazon PLCC Free-Financing Universal Merchant AAT-QX3UCCJESKPA2,Amazon PLCC Free-Financing Universal Merchant AAT-5QQ7BIYYQEDN2,Amazon PLCC Free-Financing Universal Merchant AAT-DSJ2QRXXWXVMQ,Amazon PLCC Free-Financing Universal Merchant AAT-CXJHMC2YJUK76,Amazon PLCC Free-Financing Universal Merchant AAT-CC4FAVTYR4X7C,Amazon PLCC Free-Financing Universal Merchant AAT-FYWJCQHU2XQ2U,Amazon PLCC Free-Financing Universal Merchant AAT-EOKPWFWYW7Y6I,Amazon PLCC Free-Financing Universal Merchant AAT-ZF7YE6D3FPHMI,Amazon PLCC Free-Financing Universal Merchant AAT-TNYHCYLOWRIHK,Amazon PLCC Free-Financing Universal Merchant AAT-BRSZZ45H6MHAO,Amazon PLCC Free-Financing Universal Merchant AAT-MKLXOOZWQL7GO,Amazon PLCC Free-Financing Universal Merchant AAT-CB7UNXEXGIJTC,Amazon PLCC Free-Financing Universal Merchant #MP-gzasho-1593152694811,Amazon PLCC Free-Financing Universal Merchant AAT-WLBA4GZ52EAH4",False,Easy Ship,False
56808,171-2357058-3211556,05-25-22,Shipped,Amazon,Amazon.in,Expedited,JNE3373,JNE3373-KR-XXXL,kurta,3XL,B082W7MZVQ,Shipped,1,INR,382.0,Hyderabad,TELANGANA,500043.0,IN,IN Core Free Shipping 2015/04/08 23-48-5-108,False,,False
59225,403-5509544-8265104,05-24-22,Cancelled,Merchant,Amazon.in,Standard,J0196,J0196-TP-M,Top,M,B094FJXS28,,0,INR,424.76,SHIVAMOGGA,KARNATAKA,577201.0,IN,,False,Easy Ship,False
98394,404-5016138-5066736,06-23-22,Shipped - Delivered to Buyer,Merchant,Amazon.in,Standard,SET359,SET359-KR-NP-XXXL,Set,3XL,B09RKDK9P1,Shipped,1,INR,872.0,NEW DELHI,DELHI,110015.0,IN,"Amazon PLCC Free-Financing Universal Merchant AAT-WNKTBO3K27EJC,Amazon PLCC Free-Financing Universal Merchant AAT-QX3UCCJESKPA2,Amazon PLCC Free-Financing Universal Merchant AAT-5QQ7BIYYQEDN2,Amazon PLCC Free-Financing Universal Merchant AAT-DSJ2QRXXWXVMQ,Amazon PLCC Free-Financing Universal Merchant AAT-CXJHMC2YJUK76,Amazon PLCC Free-Financing Universal Merchant AAT-SL3Y2YRMAUNFC,Amazon PLCC Free-Financing Universal Merchant AAT-CC4FAVTYR4X7C,Amazon PLCC Free-Financing Universal Merchant AAT-EWAPBB6BDRGM6,Amazon PLCC Free-Financing Universal Merchant AAT-WSJLDN3X7KEMO,Amazon PLCC Free-Financing Universal Merchant AAT-VL6FGQVGQVXUS,Amazon PLCC Free-Financing Universal Merchant AAT-EOKPWFWYW7Y6I,Amazon PLCC Free-Financing Universal Merchant AAT-NT3ZJJGQ3JK3Q,Amazon PLCC Free-Financing Universal Merchant AAT-AMKH7SAAONETC,Amazon PLCC Free-Financing Universal Merchant AAT-56XNPXK2K7OLI,Amazon PLCC Free-Financing Universal Merchant AAT-7IFG6TWAZNCBQ,Amazon PLCC Free-Financing Universal Merchant AAT-6XVEGAWJUJYXG,Amazon PLCC Free-Financing Universal Merchant AAT-BOWEMQBNNNHBK,Amazon PLCC Free-Financing Universal Merchant AAT-SKYXW7T3UZBGO,Amazon PLCC Free-Financing Universal Merchant AAT-ONHQI6RQUNGB6,Amazon PLCC Free-Financing Universal Merchant AAT-UFMRPWCRGE2ZM,Amazon PLCC Free-Financing Universal Merchant AAT-SF4YGC5K3O574,Amazon PLCC Free-Financing Universal Merchant AAT-SUBB5QVZKACYG,Amazon PLCC Free-Financing Universal Merchant AAT-CF5ZF57364I7G,Amazon PLCC Free-Financing Universal Merchant AAT-BRSZZ45H6MHAO,Amazon PLCC Free-Financing Universal Merchant AAT-MKLXOOZWQL7GO,Amazon PLCC Free-Financing Universal Merchant AAT-CB7UNXEXGIJTC,Amazon PLCC Free-Financing Universal Merchant #MP-gzasho-1593152694811,Amazon PLCC Free-Financing Universal Merchant AAT-WLBA4GZ52EAH4",False,Easy Ship,False
55395,404-6072589-8840344,05-27-22,Shipped - Delivered to Buyer,Merchant,Amazon.in,Standard,J0285,J0285-SKD-L,Set,L,B08QGHTFWF,Shipped,1,INR,1523.0,VADODARA,Gujarat,390007.0,IN,"Amazon PLCC Free-Financing Universal Merchant AAT-WNKTBO3K27EJC,Amazon PLCC Free-Financing Universal Merchant AAT-QX3UCCJESKPA2,Amazon PLCC Free-Financing Universal Merchant AAT-5QQ7BIYYQEDN2,Amazon PLCC Free-Financing Universal Merchant AAT-DSJ2QRXXWXVMQ,Amazon PLCC Free-Financing Universal Merchant AAT-CXJHMC2YJUK76,Amazon PLCC Free-Financing Universal Merchant AAT-CC4FAVTYR4X7C,Amazon PLCC Free-Financing Universal Merchant AAT-FYWJCQHU2XQ2U,Amazon PLCC Free-Financing Universal Merchant AAT-EOKPWFWYW7Y6I,Amazon PLCC Free-Financing Universal Merchant AAT-URPEBMPS7TSPE,Amazon PLCC Free-Financing Universal Merchant AAT-5ZEB2OGNZ32MC,Amazon PLCC Free-Financing Universal Merchant AAT-FUBPFORDWEVT2,Amazon PLCC Free-Financing Universal Merchant AAT-CAK4QZ7KEFRQU,Amazon PLCC Free-Financing Universal Merchant AAT-YZJ5BRTPINRLK,Amazon PLCC Free-Financing Universal Merchant AAT-SNWJTEAZA2JRI,Amazon PLCC Free-Financing Universal Merchant AAT-BBJ6FVTP3QKBO,Amazon PLCC Free-Financing Universal Merchant AAT-BRSZZ45H6MHAO,Amazon PLCC Free-Financing Universal Merchant AAT-MKLXOOZWQL7GO,Amazon PLCC Free-Financing Universal Merchant AAT-CB7UNXEXGIJTC,Amazon PLCC Free-Financing Universal Merchant #MP-gzasho-1593152694811,Amazon PLCC Free-Financing Universal Merchant AAT-WLBA4GZ52EAH4",False,Easy Ship,False
56943,404-6775300-8384346,05-25-22,Shipped,Amazon,Amazon.in,Expedited,J0023,J0023-TP-XXL,Top,XXL,B0899K195Q,Shipped,1,INR,387.0,MUMBAI,MAHARASHTRA,400057.0,IN,,False,,False
73870,404-7221166-3677944,05-11-22,Shipped - Delivered to Buyer,Merchant,Amazon.in,Standard,SET303,SET303-KR-NP-XXL,Set,XXL,B09K3FPFL9,Shipped,1,INR,888.0,ICHALKARANJI,MAHARASHTRA,416115.0,IN,"Amazon PLCC Free-Financing Universal Merchant AAT-WNKTBO3K27EJC,Amazon PLCC Free-Financing Universal Merchant AAT-QX3UCCJESKPA2,Amazon PLCC Free-Financing Universal Merchant AAT-5QQ7BIYYQEDN2,Amazon PLCC Free-Financing Universal Merchant AAT-DSJ2QRXXWXVMQ,Amazon PLCC Free-Financing Universal Merchant AAT-CXJHMC2YJUK76,Amazon PLCC Free-Financing Universal Merchant AAT-SL3Y2YRMAUNFC,Amazon PLCC Free-Financing Universal Merchant AAT-CC4FAVTYR4X7C,Amazon PLCC Free-Financing Universal Merchant AAT-FYWJCQHU2XQ2U,Amazon PLCC Free-Financing Universal Merchant AAT-WSJLDN3X7KEMO,Amazon PLCC Free-Financing Universal Merchant AAT-VL6FGQVGQVXUS,Amazon PLCC Free-Financing Universal Merchant AAT-EOKPWFWYW7Y6I,Amazon PLCC Free-Financing Universal Merchant AAT-URPEBMPS7TSPE,Amazon PLCC Free-Financing Universal Merchant AAT-5ZEB2OGNZ32MC,Amazon PLCC Free-Financing Universal Merchant AAT-2MN4SWBDTUSNI,Amazon PLCC Free-Financing Universal Merchant AAT-4VFZUZS2EO5J2,Amazon PLCC Free-Financing Universal Merchant AAT-BRSZZ45H6MHAO,Amazon PLCC Free-Financing Universal Merchant AAT-MKLXOOZWQL7GO,Amazon PLCC Free-Financing Universal Merchant AAT-CB7UNXEXGIJTC,Amazon PLCC Free-Financing Universal Merchant #MP-gzasho-1593152694811,Amazon PLCC Free-Financing Universal Merchant AAT-WLBA4GZ52EAH4",False,Easy Ship,False
82492,405-6265176-9837926,05-05-22,Shipped - Delivered to Buyer,Merchant,Amazon.in,Standard,J0117,J0117-TP-XXXL,Top,3XL,B08N498WCX,Shipped,1,INR,487.0,PIMPRI CHINCHWAD,MAHARASHTRA,411027.0,IN,"Amazon PLCC Free-Financing Universal Merchant AAT-WNKTBO3K27EJC,Amazon PLCC Free-Financing Universal Merchant AAT-QX3UCCJESKPA2,Amazon PLCC Free-Financing Universal Merchant AAT-5QQ7BIYYQEDN2,Amazon PLCC Free-Financing Universal Merchant AAT-DSJ2QRXXWXVMQ,Amazon PLCC Free-Financing Universal Merchant AAT-CXJHMC2YJUK76,Amazon PLCC Free-Financing Universal Merchant AAT-CC4FAVTYR4X7C,Amazon PLCC Free-Financing Universal Merchant AAT-FYWJCQHU2XQ2U,Amazon PLCC Free-Financing Universal Merchant AAT-EOKPWFWYW7Y6I,Amazon PLCC Free-Financing Universal Merchant AAT-3R6UGYISJQCKA,Amazon PLCC Free-Financing Universal Merchant AAT-TREXU6MY3SEMI,Amazon PLCC Free-Financing Universal Merchant AAT-RVL5KAXRIWHV2,Amazon PLCC Free-Financing Universal Merchant AAT-BS2QIL3ZUUJDC,Amazon PLCC Free-Financing Universal Merchant AAT-BD2QQYQLU3K3Q,Amazon PLCC Free-Financing Universal Merchant AAT-7Z5FYSWV55YJ6,Amazon PLCC Free-Financing Universal Merchant AAT-KQRYFJZLTA6E2,Amazon PLCC Free-Financing Universal Merchant AAT-F6SN46VZWQOQI,Amazon PLCC Free-Financing Universal Merchant AAT-GL6VKXK3MYVP4,Amazon PLCC Free-Financing Universal Merchant AAT-26CRLBGU7BZ4I,Amazon PLCC Free-Financing Universal Merchant AAT-EC3WUB2OYMZJY,Amazon PLCC Free-Financing Universal Merchant AAT-LLHTF3J4EFYUO,Amazon PLCC Free-Financing Universal Merchant AAT-BRSZZ45H6MHAO,Amazon PLCC Free-Financing Universal Merchant AAT-MKLXOOZWQL7GO,Amazon PLCC Free-Financing Universal Merchant AAT-CB7UNXEXGIJTC,Amazon PLCC Free-Financing Universal Merchant #MP-gzasho-1593152694811,Amazon PLCC Free-Financing Universal Merchant AAT-WLBA4GZ52EAH4",False,Easy Ship,False
86345,405-1080935-3851547,05-03-22,Cancelled,Amazon,Amazon.in,Expedited,JNE3364,JNE3364-KR-1051-A-M,kurta,M,B07WP5HXW3,Unshipped,1,INR,376.0,WASHIM,MAHARASHTRA,444505.0,IN,,False,,False
60755,404-3115786-1044343,05-22-22,Cancelled,Merchant,Amazon.in,Standard,JNE3487,JNE3487-KR-XXXL,kurta,3XL,B08RP2HWM6,,0,,,PUNE 411038,MAHARASHTRA,411038.0,IN,,False,Easy Ship,False
62301,403-6364217-2827520,05-21-22,Cancelled,Amazon,Amazon.in,Expedited,SET397,SET397-KR-NP-S,Set,S,B09RKF9GZQ,Unshipped,1,INR,999.0,GURUGRAM,HARYANA,122018.0,IN,,False,,False
98386,406-0886463-5501922,06-23-22,Shipped,Amazon,Amazon.in,Expedited,JNE3856,JNE3856-KR-XXXL,kurta,3XL,B09QJ3H57V,Shipped,1,INR,626.0,HYDERABAD,TELANGANA,500060.0,IN,,False,,False
92745,171-3695963-2093132,06-28-22,Shipped,Amazon,Amazon.in,Expedited,J0230,J0230-SKD-M,Set,M,B08XNJG8B1,Shipped,1,INR,1163.0,GIRIDIH,JHARKHAND,815301.0,IN,IN Core Free Shipping 2015/04/08 23-48-5-108,False,,False
79089,171-6078361-4486731,05-07-22,Cancelled,Amazon,Amazon.in,Expedited,J0003,J0003-SET-XXXL,Set,3XL,B0894Y3VBB,Cancelled,0,,,NEW DELHI,DELHI,110077.0,IN,,False,,False
94712,171-8032168-9896360,06-26-22,Cancelled,Amazon,Amazon.in,Expedited,JNE3797,JNE3797-KR-L,Western Dress,L,B09SDXFFQ1,Unshipped,1,INR,735.0,CHENNAI,TAMIL NADU,600004.0,IN,,False,,False
64343,403-9846546-9197103,05-19-22,Shipped,Amazon,Amazon.in,Expedited,JNE3797,JNE3797-KR-M,Western Dress,M,B09SDY8DCT,Shipped,1,INR,771.0,UJJAIN,MADHYA PRADESH,456010.0,IN,IN Core Free Shipping 2015/04/08 23-48-5-108,False,,False
88172,402-6720842-4062707,05-02-22,Shipped,Amazon,Amazon.in,Expedited,JNE3734,JNE3734-KR-S,kurta,S,B09RKBY46H,Shipped,1,INR,517.0,BENGALURU,KARNATAKA,560102.0,IN,,False,,False
55071,171-7912054-0075563,05-27-22,Shipped - Delivered to Buyer,Merchant,Amazon.in,Standard,JNE3638,JNE3638-KR-XXL,kurta,XXL,B098126DTY,Shipped,1,INR,517.0,MUMBAI,MAHARASHTRA,400068.0,IN,"Amazon PLCC Free-Financing Universal Merchant AAT-WNKTBO3K27EJC,Amazon PLCC Free-Financing Universal Merchant AAT-QX3UCCJESKPA2,Amazon PLCC Free-Financing Universal Merchant AAT-5QQ7BIYYQEDN2,Amazon PLCC Free-Financing Universal Merchant AAT-DSJ2QRXXWXVMQ,Amazon PLCC Free-Financing Universal Merchant AAT-CXJHMC2YJUK76,Amazon PLCC Free-Financing Universal Merchant AAT-SL3Y2YRMAUNFC,Amazon PLCC Free-Financing Universal Merchant AAT-CC4FAVTYR4X7C,Amazon PLCC Free-Financing Universal Merchant AAT-FYWJCQHU2XQ2U,Amazon PLCC Free-Financing Universal Merchant AAT-EOKPWFWYW7Y6I,Amazon PLCC Free-Financing Universal Merchant AAT-URPEBMPS7TSPE,Amazon PLCC Free-Financing Universal Merchant AAT-5ZEB2OGNZ32MC,Amazon PLCC Free-Financing Universal Merchant AAT-FUBPFORDWEVT2,Amazon PLCC Free-Financing Universal Merchant AAT-CAK4QZ7KEFRQU,Amazon PLCC Free-Financing Universal Merchant AAT-YZJ5BRTPINRLK,Amazon PLCC Free-Financing Universal Merchant AAT-SNWJTEAZA2JRI,Amazon PLCC Free-Financing Universal Merchant AAT-BBJ6FVTP3QKBO,Amazon PLCC Free-Financing Universal Merchant AAT-BRSZZ45H6MHAO,Amazon PLCC Free-Financing Universal Merchant AAT-MKLXOOZWQL7GO,Amazon PLCC Free-Financing Universal Merchant AAT-CB7UNXEXGIJTC,Amazon PLCC Free-Financing Universal Merchant #MP-gzasho-1593152694811,Amazon PLCC Free-Financing Universal Merchant AAT-WLBA4GZ52EAH4,Amazon PLCC Free-Financing Universal Merchant #MP-pmilan-1601980554292",False,Easy Ship,False
74121,407-3020634-2312314,05-11-22,Cancelled,Merchant,Amazon.in,Standard,JNE3468,JNE3468-KR-L,kurta,L,B08RP69C9N,,0,,,NASHIK,MAHARASHTRA,422009.0,IN,,False,Easy Ship,False
98809,407-8232463-1102756,06-22-22,Shipped,Amazon,Amazon.in,Expedited,J0344,J0344-TP-M,Top,M,B0986XJDJ4,Shipped,1,INR,758.0,BANGALORE,KARNATAKA,560095.0,IN,,False,,False
67820,407-6121856-5285969,05-16-22,Shipped,Amazon,Amazon.in,Expedited,JNE3721,JNE3721-KR-M,kurta,M,B099FC9KR1,Shipped,1,INR,301.0,MUMBAI,MAHARASHTRA,400007.0,IN,,False,,False
51122,406-4142026-2038750,05-30-22,Shipped - Returned to Seller,Merchant,Amazon.in,Standard,NW005,NW005-ST-PJ-L,Set,L,B0922TCTTB,Shipped,1,INR,579.0,TEZPUR,ASSAM,784028.0,IN,"Amazon PLCC Free-Financing Universal Merchant AAT-WNKTBO3K27EJC,Amazon PLCC Free-Financing Universal Merchant AAT-QX3UCCJESKPA2,Amazon PLCC Free-Financing Universal Merchant AAT-5QQ7BIYYQEDN2,Amazon PLCC Free-Financing Universal Merchant AAT-DSJ2QRXXWXVMQ,Amazon PLCC Free-Financing Universal Merchant AAT-CXJHMC2YJUK76,Amazon PLCC Free-Financing Universal Merchant AAT-CC4FAVTYR4X7C,Amazon PLCC Free-Financing Universal Merchant AAT-FYWJCQHU2XQ2U,Amazon PLCC Free-Financing Universal Merchant AAT-EOKPWFWYW7Y6I,Amazon PLCC Free-Financing Universal Merchant AAT-URPEBMPS7TSPE,Amazon PLCC Free-Financing Universal Merchant AAT-CAK4QZ7KEFRQU,Amazon PLCC Free-Financing Universal Merchant AAT-YZJ5BRTPINRLK,Amazon PLCC Free-Financing Universal Merchant AAT-SNWJTEAZA2JRI,Amazon PLCC Free-Financing Universal Merchant AAT-BBJ6FVTP3QKBO,Amazon PLCC Free-Financing Universal Merchant AAT-BRSZZ45H6MHAO,Amazon PLCC Free-Financing Universal Merchant AAT-MKLXOOZWQL7GO,Amazon PLCC Free-Financing Universal Merchant AAT-CB7UNXEXGIJTC,Amazon PLCC Free-Financing Universal Merchant #MP-gzasho-1593152694811,Amazon PLCC Free-Financing Universal Merchant AAT-WLBA4GZ52EAH4",False,Easy Ship,False
61264,405-3551134-3695540,05-22-22,Shipped,Amazon,Amazon.in,Expedited,J0164,J0164-DR-M,Ethnic Dress,M,B08QGMPGKT,Shipped,1,INR,373.0,Dombivli East,MAHARASHTRA,421201.0,IN,,False,,False
80579,402-3113370-1168326,05-06-22,Shipped - Delivered to Buyer,Merchant,Amazon.in,Standard,SET183,SET183-KR-DH-M,Set,M,B08B3Z2YY3,Shipped,1,INR,759.0,TIRODI,MADHYA PRADESH,481449.0,IN,"Amazon PLCC Free-Financing Universal Merchant AAT-WNKTBO3K27EJC,Amazon PLCC Free-Financing Universal Merchant AAT-QX3UCCJESKPA2,Amazon PLCC Free-Financing Universal Merchant AAT-5QQ7BIYYQEDN2,Amazon PLCC Free-Financing Universal Merchant AAT-DSJ2QRXXWXVMQ,Amazon PLCC Free-Financing Universal Merchant AAT-CXJHMC2YJUK76,Amazon PLCC Free-Financing Universal Merchant AAT-CC4FAVTYR4X7C,Amazon PLCC Free-Financing Universal Merchant AAT-FYWJCQHU2XQ2U,Amazon PLCC Free-Financing Universal Merchant AAT-EOKPWFWYW7Y6I,Amazon PLCC Free-Financing Universal Merchant AAT-URPEBMPS7TSPE,Amazon PLCC Free-Financing Universal Merchant AAT-3R6UGYISJQCKA,Amazon PLCC Free-Financing Universal Merchant AAT-RVL5KAXRIWHV2,Amazon PLCC Free-Financing Universal Merchant AAT-BS2QIL3ZUUJDC,Amazon PLCC Free-Financing Universal Merchant AAT-BD2QQYQLU3K3Q,Amazon PLCC Free-Financing Universal Merchant AAT-7Z5FYSWV55YJ6,Amazon PLCC Free-Financing Universal Merchant AAT-KQRYFJZLTA6E2,Amazon PLCC Free-Financing Universal Merchant AAT-F6SN46VZWQOQI,Amazon PLCC Free-Financing Universal Merchant AAT-GL6VKXK3MYVP4,Amazon PLCC Free-Financing Universal Merchant AAT-26CRLBGU7BZ4I,Amazon PLCC Free-Financing Universal Merchant AAT-EC3WUB2OYMZJY,Amazon PLCC Free-Financing Universal Merchant AAT-LLHTF3J4EFYUO,Amazon PLCC Free-Financing Universal Merchant AAT-BRSZZ45H6MHAO,Amazon PLCC Free-Financing Universal Merchant AAT-MKLXOOZWQL7GO,Amazon PLCC Free-Financing Universal Merchant AAT-CB7UNXEXGIJTC,Amazon PLCC Free-Financing Universal Merchant #MP-gzasho-1593152694811,Amazon PLCC Free-Financing Universal Merchant AAT-WLBA4GZ52EAH4",False,Easy Ship,False
95464,407-0525628-0033942,06-25-22,Shipped,Amazon,Amazon.in,Expedited,J0241,J0241-SKD-XS,Set,XS,B0925X1C7Q,Shipped,1,INR,1338.0,RISHRA,WEST BENGAL,712248.0,IN,IN Core Free Shipping 2015/04/08 23-48-5-108,False,,False
98216,171-5065802-3880309,06-23-22,Shipped - Picked Up,Merchant,Amazon.in,Standard,J0157,J0157-DR-M,Western Dress,M,B0983292DV,Shipped,1,INR,908.0,Angul,ODISHA,759143.0,IN,"Amazon PLCC Free-Financing Universal Merchant AAT-WNKTBO3K27EJC,Amazon PLCC Free-Financing Universal Merchant AAT-QX3UCCJESKPA2,Amazon PLCC Free-Financing Universal Merchant AAT-5QQ7BIYYQEDN2,Amazon PLCC Free-Financing Universal Merchant AAT-DSJ2QRXXWXVMQ,Amazon PLCC Free-Financing Universal Merchant AAT-CXJHMC2YJUK76,Amazon PLCC Free-Financing Universal Merchant AAT-CC4FAVTYR4X7C,Amazon PLCC Free-Financing Universal Merchant AAT-EWAPBB6BDRGM6,Amazon PLCC Free-Financing Universal Merchant AAT-EOKPWFWYW7Y6I,Amazon PLCC Free-Financing Universal Merchant AAT-NT3ZJJGQ3JK3Q,Amazon PLCC Free-Financing Universal Merchant AAT-5SHH3G55USK5C,Amazon PLCC Free-Financing Universal Merchant AAT-7IFG6TWAZNCBQ,Amazon PLCC Free-Financing Universal Merchant AAT-6XVEGAWJUJYXG,Amazon PLCC Free-Financing Universal Merchant AAT-5QNBXTEQWGXOW,Amazon PLCC Free-Financing Universal Merchant AAT-BOWEMQBNNNHBK,Amazon PLCC Free-Financing Universal Merchant AAT-SKYXW7T3UZBGO,Amazon PLCC Free-Financing Universal Merchant AAT-ONHQI6RQUNGB6,Amazon PLCC Free-Financing Universal Merchant AAT-UFMRPWCRGE2ZM,Amazon PLCC Free-Financing Universal Merchant AAT-SF4YGC5K3O574,Amazon PLCC Free-Financing Universal Merchant AAT-SUBB5QVZKACYG,Amazon PLCC Free-Financing Universal Merchant AAT-CF5ZF57364I7G,Amazon PLCC Free-Financing Universal Merchant AAT-BRSZZ45H6MHAO,Amazon PLCC Free-Financing Universal Merchant AAT-MKLXOOZWQL7GO,Amazon PLCC Free-Financing Universal Merchant AAT-CB7UNXEXGIJTC,Amazon PLCC Free-Financing Universal Merchant #MP-gzasho-1593152694811,Amazon PLCC Free-Financing Universal Merchant AAT-WLBA4GZ52EAH4,Amazon PLCC Free-Financing Universal Merchant #MP-pmilan-1601980554292",False,Easy Ship,False
93044,408-7413123-8459528,06-28-22,Pending - Waiting for Pick Up,Merchant,Amazon.in,Standard,JNE3733,JNE3733-KR-M,kurta,M,B09KXQJYNP,Unshipped,1,INR,749.0,HYDERABAD,TELANGANA,500072.0,IN,"Amazon PLCC Free-Financing Universal Merchant AAT-WNKTBO3K27EJC,Amazon PLCC Free-Financing Universal Merchant AAT-QX3UCCJESKPA2,Amazon PLCC Free-Financing Universal Merchant AAT-5QQ7BIYYQEDN2,Amazon PLCC Free-Financing Universal Merchant AAT-DSJ2QRXXWXVMQ,Amazon PLCC Free-Financing Universal Merchant AAT-CXJHMC2YJUK76,Amazon PLCC Free-Financing Universal Merchant AAT-CC4FAVTYR4X7C,Amazon PLCC Free-Financing Universal Merchant AAT-EWAPBB6BDRGM6,Amazon PLCC Free-Financing Universal Merchant AAT-EOKPWFWYW7Y6I,Amazon PLCC Free-Financing Universal Merchant AAT-3CSO6PTXOFDTO,Amazon PLCC Free-Financing Universal Merchant AAT-NT3ZJJGQ3JK3Q,Amazon PLCC Free-Financing Universal Merchant AAT-6XVEGAWJUJYXG,Amazon PLCC Free-Financing Universal Merchant AAT-BOWEMQBNNNHBK,Amazon PLCC Free-Financing Universal Merchant AAT-ONHQI6RQUNGB6,Amazon PLCC Free-Financing Universal Merchant AAT-DP5M6CP4XT7YY,Amazon PLCC Free-Financing Universal Merchant AAT-TNYBHEAO7HOHO,Amazon PLCC Free-Financing Universal Merchant AAT-BRSZZ45H6MHAO,Amazon PLCC Free-Financing Universal Merchant AAT-MKLXOOZWQL7GO,Amazon PLCC Free-Financing Universal Merchant AAT-CB7UNXEXGIJTC,Amazon PLCC Free-Financing Universal Merchant #MP-gzasho-1593152694811,Amazon PLCC Free-Financing Universal Merchant AAT-WLBA4GZ52EAH4,Amazon PLCC Free-Financing Universal Merchant AAT-QMFZ3M7T5NPDS,Amazon PLCC Free-Financing Universal Merchant #MP-pmilan-1601980554292",False,Easy Ship,False
65656,407-2869886-7147555,05-18-22,Shipped - Returned to Seller,Merchant,Amazon.in,Standard,JNE3798,JNE3798-KR-S,Western Dress,S,B09SDXPCRB,Shipped,1,INR,771.0,HYDERABAD,TELANGANA,500010.0,IN,"Amazon PLCC Free-Financing Universal Merchant AAT-WNKTBO3K27EJC,Amazon PLCC Free-Financing Universal Merchant AAT-QX3UCCJESKPA2,Amazon PLCC Free-Financing Universal Merchant AAT-5QQ7BIYYQEDN2,Amazon PLCC Free-Financing Universal Merchant AAT-DSJ2QRXXWXVMQ,Amazon PLCC Free-Financing Universal Merchant AAT-CXJHMC2YJUK76,Amazon PLCC Free-Financing Universal Merchant AAT-CC4FAVTYR4X7C,Amazon PLCC Free-Financing Universal Merchant AAT-FYWJCQHU2XQ2U,Amazon PLCC Free-Financing Universal Merchant AAT-EOKPWFWYW7Y6I,Amazon PLCC Free-Financing Universal Merchant AAT-URPEBMPS7TSPE,Amazon PLCC Free-Financing Universal Merchant AAT-5ZEB2OGNZ32MC,Amazon PLCC Free-Financing Universal Merchant AAT-YZ2VQO2YM6YYM,Amazon PLCC Free-Financing Universal Merchant AAT-4EOBCMLXMLDGY,Amazon PLCC Free-Financing Universal Merchant AAT-UB6CYNTOQMM7C,Amazon PLCC Free-Financing Universal Merchant AAT-BRSZZ45H6MHAO,Amazon PLCC Free-Financing Universal Merchant AAT-MKLXOOZWQL7GO,Amazon PLCC Free-Financing Universal Merchant AAT-CB7UNXEXGIJTC,Amazon PLCC Free-Financing Universal Merchant #MP-gzasho-1593152694811,Amazon PLCC Free-Financing Universal Merchant AAT-WLBA4GZ52EAH4",False,Easy Ship,False
51900,405-4661354-7738767,05-29-22,Shipped,Amazon,Amazon.in,Expedited,J0157,J0157-DR-M,Western Dress,M,B0983292DV,Shipped,1,INR,690.0,MUMBAI,MAHARASHTRA,400069.0,IN,,False,,False
50147,407-6283432-9013965,05-31-22,Shipped,Amazon,Amazon.in,Expedited,JNE3440,JNE3440-KR-N-XXL,kurta,XXL,B081XBQBGF,Shipped,1,INR,435.0,kolkata,WEST BENGAL,700038.0,IN,IN Core Free Shipping 2015/04/08 23-48-5-108,False,,False
79642,171-8430718-3762700,05-07-22,Shipped - Delivered to Buyer,Merchant,Amazon.in,Standard,BL009,BL009-61BLACK-B,Blouse,Free,B07861T529,Shipped,1,INR,344.0,"TIRUPATHUR , tirupattur district",TAMIL NADU,635601.0,IN,"Amazon PLCC Free-Financing Universal Merchant AAT-WNKTBO3K27EJC,Amazon PLCC Free-Financing Universal Merchant AAT-QX3UCCJESKPA2,Amazon PLCC Free-Financing Universal Merchant AAT-5QQ7BIYYQEDN2,Amazon PLCC Free-Financing Universal Merchant AAT-DSJ2QRXXWXVMQ,Amazon PLCC Free-Financing Universal Merchant AAT-CXJHMC2YJUK76,Amazon PLCC Free-Financing Universal Merchant AAT-CC4FAVTYR4X7C,Amazon PLCC Free-Financing Universal Merchant AAT-FYWJCQHU2XQ2U,Amazon PLCC Free-Financing Universal Merchant AAT-EOKPWFWYW7Y6I,Amazon PLCC Free-Financing Universal Merchant AAT-URPEBMPS7TSPE,Amazon PLCC Free-Financing Universal Merchant AAT-3R6UGYISJQCKA,Amazon PLCC Free-Financing Universal Merchant AAT-RVL5KAXRIWHV2,Amazon PLCC Free-Financing Universal Merchant AAT-BS2QIL3ZUUJDC,Amazon PLCC Free-Financing Universal Merchant AAT-BD2QQYQLU3K3Q,Amazon PLCC Free-Financing Universal Merchant AAT-7Z5FYSWV55YJ6,Amazon PLCC Free-Financing Universal Merchant AAT-KQRYFJZLTA6E2,Amazon PLCC Free-Financing Universal Merchant AAT-F6SN46VZWQOQI,Amazon PLCC Free-Financing Universal Merchant AAT-GL6VKXK3MYVP4,Amazon PLCC Free-Financing Universal Merchant AAT-26CRLBGU7BZ4I,Amazon PLCC Free-Financing Universal Merchant AAT-EC3WUB2OYMZJY,Amazon PLCC Free-Financing Universal Merchant AAT-LLHTF3J4EFYUO,Amazon PLCC Free-Financing Universal Merchant AAT-BRSZZ45H6MHAO,Amazon PLCC Free-Financing Universal Merchant AAT-MKLXOOZWQL7GO,Amazon PLCC Free-Financing Universal Merchant AAT-CB7UNXEXGIJTC,Amazon PLCC Free-Financing Universal Merchant #MP-gzasho-1593152694811,Amazon PLCC Free-Financing Universal Merchant AAT-WLBA4GZ52EAH4,Amazon PLCC Free-Financing Universal Merchant #MP-pmilan-1601980554292",False,Easy Ship,False
53211,403-8032463-2231567,05-28-22,Shipped,Amazon,Amazon.in,Expedited,PJNE3364,PJNE3364-KR-4XL,kurta,4XL,B09QJ5FDW7,Shipped,1,INR,836.0,GUNTUR,ANDHRA PRADESH,522007.0,IN,IN Core Free Shipping 2015/04/08 23-48-5-108,False,,False
93850,403-0015921-9226732,06-27-22,Shipped,Amazon,Amazon.in,Expedited,SET183,SET183-KR-DH-S,Set,S,B08B3Z38TJ,Shipped,1,INR,759.0,GURGAON,HARYANA,122102.0,IN,IN Core Free Shipping 2015/04/08 23-48-5-108,False,,False
52354,402-6870502-4485128,05-29-22,Shipped,Amazon,Amazon.in,Expedited,MEN5014,MEN5014-KR-M,kurta,M,B08YZ2TY5F,Shipped,1,INR,665.0,BHILAI,CHHATTISGARH,490006.0,IN,IN Core Free Shipping 2015/04/08 23-48-5-108,False,,False
81520,406-9057159-6523553,05-06-22,Shipped,Amazon,Amazon.in,Expedited,BL010,BL010-61CHIKU-B,Blouse,Free,B0781KGNLB,Shipped,1,INR,344.0,NOIDA,UTTAR PRADESH,201301.0,IN,IN Core Free Shipping 2015/04/08 23-48-5-108,False,,False
92583,407-2217293-6163558,06-28-22,Pending - Waiting for Pick Up,Merchant,Amazon.in,Standard,JNE3797,JNE3797-KR-L,Western Dress,L,B09SDXFFQ1,Unshipped,1,INR,735.0,PUDUPAKKAM,TAMIL NADU,603103.0,IN,"Amazon PLCC Free-Financing Universal Merchant AAT-WNKTBO3K27EJC,Amazon PLCC Free-Financing Universal Merchant AAT-QX3UCCJESKPA2,Amazon PLCC Free-Financing Universal Merchant AAT-5QQ7BIYYQEDN2,Amazon PLCC Free-Financing Universal Merchant AAT-DSJ2QRXXWXVMQ,Amazon PLCC Free-Financing Universal Merchant AAT-CXJHMC2YJUK76,Amazon PLCC Free-Financing Universal Merchant AAT-SL3Y2YRMAUNFC,Amazon PLCC Free-Financing Universal Merchant AAT-CC4FAVTYR4X7C,Amazon PLCC Free-Financing Universal Merchant AAT-EWAPBB6BDRGM6,Amazon PLCC Free-Financing Universal Merchant AAT-EOKPWFWYW7Y6I,Amazon PLCC Free-Financing Universal Merchant AAT-5SHH3G55USK5C,Amazon PLCC Free-Financing Universal Merchant AAT-AMKH7SAAONETC,Amazon PLCC Free-Financing Universal Merchant AAT-56XNPXK2K7OLI,Amazon PLCC Free-Financing Universal Merchant AAT-5QNBXTEQWGXOW,Amazon PLCC Free-Financing Universal Merchant AAT-BOWEMQBNNNHBK,Amazon PLCC Free-Financing Universal Merchant AAT-ONHQI6RQUNGB6,Amazon PLCC Free-Financing Universal Merchant AAT-DP5M6CP4XT7YY,Amazon PLCC Free-Financing Universal Merchant AAT-BRSZZ45H6MHAO,Amazon PLCC Free-Financing Universal Merchant AAT-MKLXOOZWQL7GO,Amazon PLCC Free-Financing Universal Merchant AAT-CB7UNXEXGIJTC,Amazon PLCC Free-Financing Universal Merchant #MP-gzasho-1593152694811,Amazon PLCC Free-Financing Universal Merchant AAT-WLBA4GZ52EAH4",False,Easy Ship,False
93337,408-0951996-9483564,06-27-22,Shipped,Amazon,Amazon.in,Expedited,SET359,SET359-KR-NP-L,Set,L,B09RKFJ94S,Shipped,1,INR,899.0,MUMBAI,MAHARASHTRA,400025.0,IN,,False,,False
95284,404-8338117-6773166,06-26-22,Shipped,Amazon,Amazon.in,Expedited,SET058,SET058-KR-NP-XXL,Set,XXL,B07R66H6TQ,Shipped,1,INR,847.0,NEW DELHI,DELHI,110089.0,IN,IN Core Free Shipping 2015/04/08 23-48-5-108,False,,False
96956,171-0021649-9845167,06-24-22,Cancelled,Amazon,Amazon.in,Expedited,JNE3659,JNE3659-TP-N-XL,Top,XL,B08ZHZWF2N,Unshipped,1,INR,493.0,KOLKATA,WEST BENGAL,700052.0,IN,,False,,False
98790,406-3041106-7845918,06-22-22,Shipped,Amazon,Amazon.in,Expedited,J0004,J0004-SKD-L,Set,L,B0894WMVMW,Shipped,1,INR,1127.0,JAIPUR,RAJASTHAN,302029.0,IN,,False,,False
86585,406-2721640-2289106,05-03-22,Cancelled,Amazon,Amazon.in,Expedited,SET331,SET331-KR-NP-S,Set,S,B09NQ47F17,Cancelled,0,,,BENGALURU,KARNATAKA,560008.0,IN,,False,,False
60465,402-3684454-4158707,05-22-22,Shipped - Returned to Seller,Merchant,Amazon.in,Standard,JNE3904,JNE3904-DR-XL,Western Dress,XL,B09Y26SM95,Shipped,1,INR,599.0,JABALPUR,MADHYA PRADESH,482001.0,IN,"Amazon PLCC Free-Financing Universal Merchant AAT-WNKTBO3K27EJC,Amazon PLCC Free-Financing Universal Merchant AAT-QX3UCCJESKPA2,Amazon PLCC Free-Financing Universal Merchant AAT-5QQ7BIYYQEDN2,Amazon PLCC Free-Financing Universal Merchant AAT-DSJ2QRXXWXVMQ,Amazon PLCC Free-Financing Universal Merchant AAT-CXJHMC2YJUK76,Amazon PLCC Free-Financing Universal Merchant AAT-CC4FAVTYR4X7C,Amazon PLCC Free-Financing Universal Merchant AAT-FYWJCQHU2XQ2U,Amazon PLCC Free-Financing Universal Merchant AAT-EOKPWFWYW7Y6I,Amazon PLCC Free-Financing Universal Merchant AAT-URPEBMPS7TSPE,Amazon PLCC Free-Financing Universal Merchant AAT-5ZEB2OGNZ32MC,Amazon PLCC Free-Financing Universal Merchant AAT-4ZN7U6MMDFGWM,Amazon PLCC Free-Financing Universal Merchant AAT-PAWHL2EB33U42,Amazon PLCC Free-Financing Universal Merchant AAT-7WX4JYESZISLU,Amazon PLCC Free-Financing Universal Merchant AAT-CIX56SGGAWUYW,Amazon PLCC Free-Financing Universal Merchant AAT-DMQVBJASKTAHS,Amazon PLCC Free-Financing Universal Merchant AAT-TNYBHEAO7HOHO,Amazon PLCC Free-Financing Universal Merchant AAT-BRSZZ45H6MHAO,Amazon PLCC Free-Financing Universal Merchant AAT-MKLXOOZWQL7GO,Amazon PLCC Free-Financing Universal Merchant AAT-CB7UNXEXGIJTC,Amazon PLCC Free-Financing Universal Merchant #MP-gzasho-1593152694811,Amazon PLCC Free-Financing Universal Merchant AAT-WLBA4GZ52EAH4,Amazon PLCC Free-Financing Universal Merchant AAT-QMFZ3M7T5NPDS,Amazon PLCC Free-Financing Universal Merchant #MP-pmilan-1601980554292",False,Easy Ship,False
57821,404-2109217-6557120,05-25-22,Shipped,Amazon,Amazon.in,Expedited,JNE3691,JNE3691-TU-S,Top,S,B09875DFR2,Shipped,1,INR,690.0,TIRUPATi,ANDHRA PRADESH,517507.0,IN,IN Core Free Shipping 2015/04/08 23-48-5-108,False,,False
57205,171-5139648-3212320,05-25-22,Shipped,Amazon,Amazon.in,Expedited,JNE3373,JNE3373-KR-XL,kurta,XL,B082W8BXW1,Shipped,1,INR,382.0,PAMPAKUDA VIA,KERALA,686667.0,IN,,False,,False
56413,405-1654048-2016328,05-26-22,Shipped,Amazon,Amazon.in,Expedited,JNE3601,JNE3601-KR-XS,kurta,XS,B08QJLTMRK,Shipped,1,INR,301.0,SHIRUR,MAHARASHTRA,412210.0,IN,Duplicated A12RHGVGRWOT3S 1560498941486,False,,False
84046,407-4911733-6911555,05-04-22,Shipped - Delivered to Buyer,Merchant,Amazon.in,Standard,J0095,J0095-SET-S,Set,S,B08CMXZQR6,Shipped,1,INR,653.0,BILASPUR,CHHATTISGARH,495001.0,IN,"Amazon PLCC Free-Financing Universal Merchant AAT-WNKTBO3K27EJC,Amazon PLCC Free-Financing Universal Merchant AAT-QX3UCCJESKPA2,Amazon PLCC Free-Financing Universal Merchant AAT-5QQ7BIYYQEDN2,Amazon PLCC Free-Financing Universal Merchant AAT-DSJ2QRXXWXVMQ,Amazon PLCC Free-Financing Universal Merchant AAT-CXJHMC2YJUK76,Amazon PLCC Free-Financing Universal Merchant AAT-CC4FAVTYR4X7C,Amazon PLCC Free-Financing Universal Merchant AAT-FYWJCQHU2XQ2U,Amazon PLCC Free-Financing Universal Merchant AAT-EOKPWFWYW7Y6I,Amazon PLCC Free-Financing Universal Merchant AAT-URPEBMPS7TSPE,Amazon PLCC Free-Financing Universal Merchant AAT-3R6UGYISJQCKA,Amazon PLCC Free-Financing Universal Merchant AAT-TREXU6MY3SEMI,Amazon PLCC Free-Financing Universal Merchant AAT-RVL5KAXRIWHV2,Amazon PLCC Free-Financing Universal Merchant AAT-BS2QIL3ZUUJDC,Amazon PLCC Free-Financing Universal Merchant AAT-BD2QQYQLU3K3Q,Amazon PLCC Free-Financing Universal Merchant AAT-7Z5FYSWV55YJ6,Amazon PLCC Free-Financing Universal Merchant AAT-KQRYFJZLTA6E2,Amazon PLCC Free-Financing Universal Merchant AAT-F6SN46VZWQOQI,Amazon PLCC Free-Financing Universal Merchant AAT-GL6VKXK3MYVP4,Amazon PLCC Free-Financing Universal Merchant AAT-26CRLBGU7BZ4I,Amazon PLCC Free-Financing Universal Merchant AAT-EC3WUB2OYMZJY,Amazon PLCC Free-Financing Universal Merchant AAT-LLHTF3J4EFYUO,Amazon PLCC Free-Financing Universal Merchant AAT-TNYBHEAO7HOHO,Amazon PLCC Free-Financing Universal Merchant AAT-BRSZZ45H6MHAO,Amazon PLCC Free-Financing Universal Merchant AAT-MKLXOOZWQL7GO,Amazon PLCC Free-Financing Universal Merchant AAT-CB7UNXEXGIJTC,Amazon PLCC Free-Financing Universal Merchant #MP-gzasho-1593152694811,Amazon PLCC Free-Financing Universal Merchant AAT-WLBA4GZ52EAH4,Amazon PLCC Free-Financing Universal Merchant AAT-QMFZ3M7T5NPDS,Amazon PLCC Free-Financing Universal Merchant #MP-pmilan-1601980554292",False,Easy Ship,False
62728,406-6183178-4310760,05-21-22,Cancelled,Amazon,Amazon.in,Expedited,MEN5024,MEN5024-KR-L,kurta,L,B08YYSQJTC,Unshipped,1,INR,665.0,KHAJURAHO,MADHYA PRADESH,471606.0,IN,,False,,False
56925,403-0828889-4806713,05-25-22,Shipped,Amazon,Amazon.in,Expedited,J0338,J0338-DR-XS,Western Dress,XS,B0982ZRVSC,Shipped,1,INR,899.0,CHITTOOR,ANDHRA PRADESH,517001.0,IN,IN Core Free Shipping 2015/04/08 23-48-5-108,False,,False
77995,402-8470609-7153944,05-08-22,Shipped - Delivered to Buyer,Merchant,Amazon.in,Standard,J0379,J0379-SKD-S,Set,S,B09M6SV9SR,Shipped,1,INR,1297.0,Shimla,HIMACHAL PRADESH,171001.0,IN,"Amazon PLCC Free-Financing Universal Merchant AAT-WNKTBO3K27EJC,Amazon PLCC Free-Financing Universal Merchant AAT-QX3UCCJESKPA2,Amazon PLCC Free-Financing Universal Merchant AAT-5QQ7BIYYQEDN2,Amazon PLCC Free-Financing Universal Merchant AAT-DSJ2QRXXWXVMQ,Amazon PLCC Free-Financing Universal Merchant AAT-CXJHMC2YJUK76,Amazon PLCC Free-Financing Universal Merchant AAT-CC4FAVTYR4X7C,Amazon PLCC Free-Financing Universal Merchant AAT-FYWJCQHU2XQ2U,Amazon PLCC Free-Financing Universal Merchant AAT-R7GXNZWISTRFA,Amazon PLCC Free-Financing Universal Merchant AAT-EOKPWFWYW7Y6I,Amazon PLCC Free-Financing Universal Merchant AAT-URPEBMPS7TSPE,Amazon PLCC Free-Financing Universal Merchant AAT-TREXU6MY3SEMI,Amazon PLCC Free-Financing Universal Merchant AAT-RVL5KAXRIWHV2,Amazon PLCC Free-Financing Universal Merchant AAT-BS2QIL3ZUUJDC,Amazon PLCC Free-Financing Universal Merchant AAT-BD2QQYQLU3K3Q,Amazon PLCC Free-Financing Universal Merchant AAT-7Z5FYSWV55YJ6,Amazon PLCC Free-Financing Universal Merchant AAT-KQRYFJZLTA6E2,Amazon PLCC Free-Financing Universal Merchant AAT-F6SN46VZWQOQI,Amazon PLCC Free-Financing Universal Merchant AAT-GL6VKXK3MYVP4,Amazon PLCC Free-Financing Universal Merchant AAT-26CRLBGU7BZ4I,Amazon PLCC Free-Financing Universal Merchant AAT-EC3WUB2OYMZJY,Amazon PLCC Free-Financing Universal Merchant AAT-LLHTF3J4EFYUO,Amazon PLCC Free-Financing Universal Merchant AAT-BRSZZ45H6MHAO,Amazon PLCC Free-Financing Universal Merchant AAT-MKLXOOZWQL7GO,Amazon PLCC Free-Financing Universal Merchant AAT-CB7UNXEXGIJTC,Amazon PLCC Free-Financing Universal Merchant #MP-gzasho-1593152694811,Amazon PLCC Free-Financing Universal Merchant AAT-WLBA4GZ52EAH4,Amazon PLCC Free-Financing Universal Merchant #MP-pmilan-1601980554292",False,Easy Ship,False
87612,408-4583428-2162741,05-02-22,Shipped - Delivered to Buyer,Merchant,Amazon.in,Standard,J0096,J0096-KR-M,kurta,M,B089G1HM97,Shipped,1,INR,568.0,MYSURU,KARNATAKA,570011.0,IN,"Amazon PLCC Free-Financing Universal Merchant AAT-WNKTBO3K27EJC,Amazon PLCC Free-Financing Universal Merchant AAT-QX3UCCJESKPA2,Amazon PLCC Free-Financing Universal Merchant AAT-5QQ7BIYYQEDN2,Amazon PLCC Free-Financing Universal Merchant AAT-DSJ2QRXXWXVMQ,Amazon PLCC Free-Financing Universal Merchant AAT-CXJHMC2YJUK76,Amazon PLCC Free-Financing Universal Merchant AAT-CC4FAVTYR4X7C,Amazon PLCC Free-Financing Universal Merchant AAT-FYWJCQHU2XQ2U,Amazon PLCC Free-Financing Universal Merchant AAT-R7GXNZWISTRFA,Amazon PLCC Free-Financing Universal Merchant AAT-EOKPWFWYW7Y6I,Amazon PLCC Free-Financing Universal Merchant AAT-URPEBMPS7TSPE,Amazon PLCC Free-Financing Universal Merchant AAT-3R6UGYISJQCKA,Amazon PLCC Free-Financing Universal Merchant AAT-BRSZZ45H6MHAO,Amazon PLCC Free-Financing Universal Merchant AAT-MKLXOOZWQL7GO,Amazon PLCC Free-Financing Universal Merchant AAT-CB7UNXEXGIJTC,Amazon PLCC Free-Financing Universal Merchant #MP-gzasho-1593152694811,Amazon PLCC Free-Financing Universal Merchant AAT-WLBA4GZ52EAH4",False,Easy Ship,False
89483,408-2182486-2397935,05-01-22,Shipped,Amazon,Amazon.in,Expedited,MEN5005,MEN5005-KR-XXL,kurta,XXL,B08YYW2WZY,Shipped,1,INR,452.0,RISHIKESH,UTTARAKHAND,249202.0,IN,,False,,False
53016,403-1400776-0901956,05-28-22,Shipped,Amazon,Amazon.in,Expedited,JNE3797,JNE3797-KR-XXXL,Western Dress,3XL,B09SDY4VDC,Shipped,1,INR,771.0,BENGALURU,KARNATAKA,560072.0,IN,IN Core Free Shipping 2015/04/08 23-48-5-108,False,,False
51640,406-7827094-1610716,05-29-22,Shipped,Amazon,Amazon.in,Expedited,MEN5001,MEN5001-KR-XL,kurta,XL,B08YYRH2Q6,Shipped,1,INR,655.0,BENGALURU,KARNATAKA,560008.0,IN,IN Core Free Shipping 2015/04/08 23-48-5-108,False,,False
58883,406-8388765-6664317,05-24-22,Shipped,Amazon,Amazon.in,Expedited,JNE3800,JNE3800-KR-XXXL,Western Dress,3XL,B09SDZ64HF,Shipped,1,INR,771.0,HYDERABAD,TELANGANA,500089.0,IN,IN Core Free Shipping 2015/04/08 23-48-5-108,False,,False
87601,171-9929459-9567558,05-02-22,Shipped,Amazon,Amazon.in,Expedited,JNE2305,JNE2305-KR-533-M,kurta,M,B07GRSF1FC,Shipped,1,INR,357.0,KRISHNA,ANDHRA PRADESH,521201.0,IN,IN Core Free Shipping 2015/04/08 23-48-5-108,False,,False
62969,405-7940422-4486754,05-20-22,Shipped - Delivered to Buyer,Merchant,Amazon.in,Standard,JNE3030,JNE3030-KR-XXXL,kurta,3XL,B07JKYXKBJ,Shipped,1,INR,736.0,CHENNAI,TAMIL NADU,603210.0,IN,"Amazon PLCC Free-Financing Universal Merchant AAT-WNKTBO3K27EJC,Amazon PLCC Free-Financing Universal Merchant AAT-QX3UCCJESKPA2,Amazon PLCC Free-Financing Universal Merchant AAT-5QQ7BIYYQEDN2,Amazon PLCC Free-Financing Universal Merchant AAT-DSJ2QRXXWXVMQ,Amazon PLCC Free-Financing Universal Merchant AAT-CXJHMC2YJUK76,Amazon PLCC Free-Financing Universal Merchant AAT-SL3Y2YRMAUNFC,Amazon PLCC Free-Financing Universal Merchant AAT-CC4FAVTYR4X7C,Amazon PLCC Free-Financing Universal Merchant AAT-FYWJCQHU2XQ2U,Amazon PLCC Free-Financing Universal Merchant AAT-EOKPWFWYW7Y6I,Amazon PLCC Free-Financing Universal Merchant AAT-URPEBMPS7TSPE,Amazon PLCC Free-Financing Universal Merchant AAT-5ZEB2OGNZ32MC,Amazon PLCC Free-Financing Universal Merchant AAT-4ZN7U6MMDFGWM,Amazon PLCC Free-Financing Universal Merchant AAT-PAWHL2EB33U42,Amazon PLCC Free-Financing Universal Merchant AAT-7WX4JYESZISLU,Amazon PLCC Free-Financing Universal Merchant AAT-CIX56SGGAWUYW,Amazon PLCC Free-Financing Universal Merchant AAT-DMQVBJASKTAHS,Amazon PLCC Free-Financing Universal Merchant AAT-OZQCPML255CW2,Amazon PLCC Free-Financing Universal Merchant AAT-H7DZACP4NHMJM,Amazon PLCC Free-Financing Universal Merchant AAT-BRSZZ45H6MHAO,Amazon PLCC Free-Financing Universal Merchant AAT-MKLXOOZWQL7GO,Amazon PLCC Free-Financing Universal Merchant AAT-CB7UNXEXGIJTC,Amazon PLCC Free-Financing Universal Merchant #MP-gzasho-1593152694811,Amazon PLCC Free-Financing Universal Merchant AAT-WLBA4GZ52EAH4",False,Easy Ship,False
73463,405-8703870-6178737,05-12-22,Shipped - Delivered to Buyer,Merchant,Amazon.in,Standard,JNE3482,JNE3482-KR-XXL,kurta,XXL,B08HK1DGRW,Shipped,1,INR,318.0,JOGIPET,TELANGANA,502270.0,IN,"Amazon PLCC Free-Financing Universal Merchant AAT-WNKTBO3K27EJC,Amazon PLCC Free-Financing Universal Merchant AAT-QX3UCCJESKPA2,Amazon PLCC Free-Financing Universal Merchant AAT-5QQ7BIYYQEDN2,Amazon PLCC Free-Financing Universal Merchant AAT-DSJ2QRXXWXVMQ,Amazon PLCC Free-Financing Universal Merchant AAT-CXJHMC2YJUK76,Amazon PLCC Free-Financing Universal Merchant AAT-CC4FAVTYR4X7C,Amazon PLCC Free-Financing Universal Merchant AAT-FYWJCQHU2XQ2U,Amazon PLCC Free-Financing Universal Merchant AAT-EOKPWFWYW7Y6I,Amazon PLCC Free-Financing Universal Merchant AAT-URPEBMPS7TSPE,Amazon PLCC Free-Financing Universal Merchant AAT-2MN4SWBDTUSNI,Amazon PLCC Free-Financing Universal Merchant AAT-4VFZUZS2EO5J2,Amazon PLCC Free-Financing Universal Merchant AAT-E4LY4VKBFF2NI,Amazon PLCC Free-Financing Universal Merchant AAT-BRSZZ45H6MHAO,Amazon PLCC Free-Financing Universal Merchant AAT-MKLXOOZWQL7GO,Amazon PLCC Free-Financing Universal Merchant AAT-CB7UNXEXGIJTC,Amazon PLCC Free-Financing Universal Merchant #MP-gzasho-1593152694811,Amazon PLCC Free-Financing Universal Merchant AAT-WLBA4GZ52EAH4",False,Easy Ship,False
65757,408-1740332-2788329,05-18-22,Shipped - Delivered to Buyer,Merchant,Amazon.in,Standard,J0135,J0135-SET-L,Set,L,B08QGK2BYL,Shipped,1,INR,591.0,AMBARNATH,MAHARASHTRA,421501.0,IN,"Amazon PLCC Free-Financing Universal Merchant AAT-WNKTBO3K27EJC,Amazon PLCC Free-Financing Universal Merchant AAT-QX3UCCJESKPA2,Amazon PLCC Free-Financing Universal Merchant AAT-5QQ7BIYYQEDN2,Amazon PLCC Free-Financing Universal Merchant AAT-DSJ2QRXXWXVMQ,Amazon PLCC Free-Financing Universal Merchant AAT-CXJHMC2YJUK76,Amazon PLCC Free-Financing Universal Merchant AAT-CC4FAVTYR4X7C,Amazon PLCC Free-Financing Universal Merchant AAT-FYWJCQHU2XQ2U,Amazon PLCC Free-Financing Universal Merchant AAT-CXNSLNBROFDW4,Amazon PLCC Free-Financing Universal Merchant AAT-WSJLDN3X7KEMO,Amazon PLCC Free-Financing Universal Merchant AAT-VL6FGQVGQVXUS,Amazon PLCC Free-Financing Universal Merchant AAT-EOKPWFWYW7Y6I,Amazon PLCC Free-Financing Universal Merchant AAT-URPEBMPS7TSPE,Amazon PLCC Free-Financing Universal Merchant AAT-5ZEB2OGNZ32MC,Amazon PLCC Free-Financing Universal Merchant AAT-YZ2VQO2YM6YYM,Amazon PLCC Free-Financing Universal Merchant AAT-4EOBCMLXMLDGY,Amazon PLCC Free-Financing Universal Merchant AAT-UB6CYNTOQMM7C,Amazon PLCC Free-Financing Universal Merchant AAT-BRSZZ45H6MHAO,Amazon PLCC Free-Financing Universal Merchant AAT-MKLXOOZWQL7GO,Amazon PLCC Free-Financing Universal Merchant AAT-CB7UNXEXGIJTC,Amazon PLCC Free-Financing Universal Merchant #MP-gzasho-1593152694811,Amazon PLCC Free-Financing Universal Merchant AAT-WLBA4GZ52EAH4",False,Easy Ship,False
94076,405-8750647-4224357,06-27-22,Shipped,Amazon,Amazon.in,Expedited,J0285,J0285-SKD-XXL,Set,XXL,B08QGM18YN,Shipped,1,INR,1442.0,KOLKATA,WEST BENGAL,700006.0,IN,,False,,False
54086,403-9175074-8405161,05-28-22,Shipped,Amazon,Amazon.in,Expedited,JNE3373,JNE3373-KR-XL,kurta,XL,B082W8BXW1,Shipped,1,INR,382.0,HYDERABAD,TELANGANA,502032.0,IN,IN Core Free Shipping 2015/04/08 23-48-5-108,False,,False
50508,408-7358366-4865964,05-30-22,Shipped,Amazon,Amazon.in,Expedited,J0343,J0343-DR-XXL,Western Dress,XXL,B09831TPR5,Shipped,1,INR,885.0,GURUGRAM,HARYANA,122001.0,IN,,False,,False
56354,406-0913096-4917153,05-26-22,Shipped,Amazon,Amazon.in,Expedited,NW001,NW001-TP-PJ-M,Set,M,B0922RQ7LY,Shipped,1,INR,539.0,BALODA BAZAR,CHHATTISGARH,493332.0,IN,IN Core Free Shipping 2015/04/08 23-48-5-108,False,,False
79644,171-0639635-8445946,05-07-22,Shipped,Amazon,Amazon.in,Expedited,J0118,J0118-TP-XXXL,Top,3XL,B08N43MK22,Shipped,1,INR,507.0,KOLKATA,WEST BENGAL,700019.0,IN,,False,,False
70815,408-3646132-5259526,05-14-22,Cancelled,Merchant,Amazon.in,Standard,JNE3793,JNE3793-KR-XXXL,kurta,3XL,B09NQ7PCW9,,0,,,JAMSHEDPUR,JHARKHAND,831019.0,IN,,False,Easy Ship,False
56234,171-8189742-9612315,05-26-22,Cancelled,Amazon,Amazon.in,Expedited,PJNE2199,PJNE2199-KR-N-4XL,kurta,4XL,B09LD2W9XL,Cancelled,0,,,TIRUNELVELI,TAMIL NADU,627005.0,IN,,False,,False
81989,407-3257709-9090715,05-05-22,Shipped,Amazon,Amazon.in,Expedited,SET363,SET363-KR-NP-XL,Set,XL,B09TH6N96L,Shipped,1,INR,1115.0,RANCHI,JHARKHAND,834001.0,IN,IN Core Free Shipping 2015/04/08 23-48-5-108,False,,False
62995,404-9014878-1223533,05-20-22,Cancelled,Merchant,Amazon.in,Standard,J0147,J0147-SET-XS,Set,XS,B091Z61Y2K,,0,INR,520.54,GURGAON,HARYANA,122018.0,IN,,False,Easy Ship,False
92501,403-1743988-2189140,06-28-22,Shipped,Amazon,Amazon.in,Expedited,NW036,NW036-ST-SR-S,Set,S,B09M75Y9HB,Shipped,1,INR,539.0,RAYAGADA RAYAGADA DISTRICT,ODISHA,765001.0,IN,IN Core Free Shipping 2015/04/08 23-48-5-108,False,,False
88920,171-9373959-0450715,05-02-22,Shipped,Amazon,Amazon.in,Expedited,JNE3440,JNE3440-KR-N-XS,kurta,XS,B09HMY3YLT,Shipped,1,INR,387.0,BENGALURU,KARNATAKA,560037.0,IN,IN Core Free Shipping 2015/04/08 23-48-5-108,False,,False
50262,405-9067627-1832336,05-31-22,Cancelled,Amazon,Amazon.in,Expedited,SET287,SET287-KR-NP-S,Set,S,B099NKHSGB,Unshipped,1,INR,666.0,BENGALURU,KARNATAKA,560062.0,IN,,False,,False
57891,403-7020503-5158741,05-25-22,Cancelled,Merchant,Amazon.in,Standard,MEN5017,MEN5017-KR-L,kurta,L,B08YZ1JHHZ,,0,INR,722.86,VIRUDHUNAGAR,TAMIL NADU,626001.0,IN,,False,Easy Ship,False
60527,408-0709516-5176352,05-22-22,Shipped - Delivered to Buyer,Merchant,Amazon.in,Standard,J0341,J0341-DR-S,Western Dress,S,B099NR7612,Shipped,1,INR,885.0,Mancherial,TELANGANA,504208.0,IN,"Amazon PLCC Free-Financing Universal Merchant AAT-WNKTBO3K27EJC,Amazon PLCC Free-Financing Universal Merchant AAT-QX3UCCJESKPA2,Amazon PLCC Free-Financing Universal Merchant AAT-5QQ7BIYYQEDN2,Amazon PLCC Free-Financing Universal Merchant AAT-DSJ2QRXXWXVMQ,Amazon PLCC Free-Financing Universal Merchant AAT-CXJHMC2YJUK76,Amazon PLCC Free-Financing Universal Merchant AAT-CC4FAVTYR4X7C,Amazon PLCC Free-Financing Universal Merchant AAT-FYWJCQHU2XQ2U,Amazon PLCC Free-Financing Universal Merchant AAT-R7GXNZWISTRFA,Amazon PLCC Free-Financing Universal Merchant AAT-EOKPWFWYW7Y6I,Amazon PLCC Free-Financing Universal Merchant AAT-URPEBMPS7TSPE,Amazon PLCC Free-Financing Universal Merchant AAT-L2DLP5YGE5766,Amazon PLCC Free-Financing Universal Merchant AAT-4ZN7U6MMDFGWM,Amazon PLCC Free-Financing Universal Merchant AAT-PAWHL2EB33U42,Amazon PLCC Free-Financing Universal Merchant AAT-7WX4JYESZISLU,Amazon PLCC Free-Financing Universal Merchant AAT-CIX56SGGAWUYW,Amazon PLCC Free-Financing Universal Merchant AAT-DMQVBJASKTAHS,Amazon PLCC Free-Financing Universal Merchant AAT-BRSZZ45H6MHAO,Amazon PLCC Free-Financing Universal Merchant AAT-MKLXOOZWQL7GO,Amazon PLCC Free-Financing Universal Merchant AAT-CB7UNXEXGIJTC,Amazon PLCC Free-Financing Universal Merchant #MP-gzasho-1593152694811,Amazon PLCC Free-Financing Universal Merchant AAT-WLBA4GZ52EAH4",False,Easy Ship,False
68600,405-6572032-8817141,05-16-22,Shipped,Amazon,Amazon.in,Expedited,J0012,J0012-SKD-L,Set,L,B0894XGSH9,Shipped,1,INR,1199.0,"Puduchatram, namakkal",TAMIL NADU,637018.0,IN,IN Core Free Shipping 2015/04/08 23-48-5-108,False,,False
74114,403-3202179-0856359,05-11-22,Shipped,Amazon,Amazon.in,Expedited,J0129,J0129-SET-XS,Set,XS,B091Z5RPMW,Shipped,1,INR,729.0,Navi Mumbai,MAHARASHTRA,410209.0,IN,IN Core Free Shipping 2015/04/08 23-48-5-108,False,,False
83498,403-8248321-0997161,05-04-22,Shipped,Amazon,Amazon.in,Expedited,JNE3405,JNE3405-KR-L,kurta,L,B081WSCKPQ,Shipped,1,INR,399.0,GORAKHPUR,UTTAR PRADESH,273014.0,IN,,False,,False
63471,407-8155734-2401961,05-20-22,Shipped - Delivered to Buyer,Merchant,Amazon.in,Standard,JNE3671,JNE3671-TU-XXXL,Top,3XL,B098714BZP,Shipped,1,INR,625.0,AHMEDABAD,Gujarat,380008.0,IN,"Amazon PLCC Free-Financing Universal Merchant AAT-WNKTBO3K27EJC,Amazon PLCC Free-Financing Universal Merchant AAT-QX3UCCJESKPA2,Amazon PLCC Free-Financing Universal Merchant AAT-5QQ7BIYYQEDN2,Amazon PLCC Free-Financing Universal Merchant AAT-DSJ2QRXXWXVMQ,Amazon PLCC Free-Financing Universal Merchant AAT-CXJHMC2YJUK76,Amazon PLCC Free-Financing Universal Merchant AAT-CC4FAVTYR4X7C,Amazon PLCC Free-Financing Universal Merchant AAT-FYWJCQHU2XQ2U,Amazon PLCC Free-Financing Universal Merchant AAT-EOKPWFWYW7Y6I,Amazon PLCC Free-Financing Universal Merchant AAT-URPEBMPS7TSPE,Amazon PLCC Free-Financing Universal Merchant AAT-5ZEB2OGNZ32MC,Amazon PLCC Free-Financing Universal Merchant AAT-4ZN7U6MMDFGWM,Amazon PLCC Free-Financing Universal Merchant AAT-PAWHL2EB33U42,Amazon PLCC Free-Financing Universal Merchant AAT-7WX4JYESZISLU,Amazon PLCC Free-Financing Universal Merchant AAT-CIX56SGGAWUYW,Amazon PLCC Free-Financing Universal Merchant AAT-DMQVBJASKTAHS,Amazon PLCC Free-Financing Universal Merchant AAT-OZQCPML255CW2,Amazon PLCC Free-Financing Universal Merchant AAT-H7DZACP4NHMJM,Amazon PLCC Free-Financing Universal Merchant AAT-BRSZZ45H6MHAO,Amazon PLCC Free-Financing Universal Merchant AAT-MKLXOOZWQL7GO,Amazon PLCC Free-Financing Universal Merchant AAT-CB7UNXEXGIJTC,Amazon PLCC Free-Financing Universal Merchant #MP-gzasho-1593152694811,Amazon PLCC Free-Financing Universal Merchant AAT-WLBA4GZ52EAH4",False,Easy Ship,False
81725,405-6799945-5032363,05-05-22,Shipped,Amazon,Amazon.in,Expedited,JNE3368,JNE3368-KR-XXL,kurta,XXL,B081WSWWL7,Shipped,1,INR,471.0,DAPOLI,MAHARASHTRA,415712.0,IN,,False,,False
73690,408-7304435-2235565,05-11-22,Shipped - Delivered to Buyer,Merchant,Amazon.in,Standard,JNE3468,JNE3468-KR-M,kurta,M,B08RP3LHNB,Shipped,1,INR,399.0,ELURU,ANDHRA PRADESH,534002.0,IN,"Amazon PLCC Free-Financing Universal Merchant AAT-WNKTBO3K27EJC,Amazon PLCC Free-Financing Universal Merchant AAT-QX3UCCJESKPA2,Amazon PLCC Free-Financing Universal Merchant AAT-5QQ7BIYYQEDN2,Amazon PLCC Free-Financing Universal Merchant AAT-DSJ2QRXXWXVMQ,Amazon PLCC Free-Financing Universal Merchant AAT-CXJHMC2YJUK76,Amazon PLCC Free-Financing Universal Merchant AAT-SL3Y2YRMAUNFC,Amazon PLCC Free-Financing Universal Merchant AAT-CC4FAVTYR4X7C,Amazon PLCC Free-Financing Universal Merchant AAT-FYWJCQHU2XQ2U,Amazon PLCC Free-Financing Universal Merchant AAT-R7GXNZWISTRFA,Amazon PLCC Free-Financing Universal Merchant AAT-EOKPWFWYW7Y6I,Amazon PLCC Free-Financing Universal Merchant AAT-URPEBMPS7TSPE,Amazon PLCC Free-Financing Universal Merchant AAT-L2DLP5YGE5766,Amazon PLCC Free-Financing Universal Merchant AAT-5ZEB2OGNZ32MC,Amazon PLCC Free-Financing Universal Merchant AAT-2MN4SWBDTUSNI,Amazon PLCC Free-Financing Universal Merchant AAT-4VFZUZS2EO5J2,Amazon PLCC Free-Financing Universal Merchant AAT-BRSZZ45H6MHAO,Amazon PLCC Free-Financing Universal Merchant AAT-MKLXOOZWQL7GO,Amazon PLCC Free-Financing Universal Merchant AAT-CB7UNXEXGIJTC,Amazon PLCC Free-Financing Universal Merchant #MP-gzasho-1593152694811,Amazon PLCC Free-Financing Universal Merchant AAT-WLBA4GZ52EAH4",False,Easy Ship,False
60557,405-4038502-4371500,05-22-22,Shipped - Delivered to Buyer,Merchant,Amazon.in,Standard,J0003,J0003-SET-XXL,Set,XXL,B0894XKVH3,Shipped,1,INR,696.0,HYDERABAD,TELANGANA,500043.0,IN,"Amazon PLCC Free-Financing Universal Merchant AAT-WNKTBO3K27EJC,Amazon PLCC Free-Financing Universal Merchant AAT-QX3UCCJESKPA2,Amazon PLCC Free-Financing Universal Merchant AAT-5QQ7BIYYQEDN2,Amazon PLCC Free-Financing Universal Merchant AAT-DSJ2QRXXWXVMQ,Amazon PLCC Free-Financing Universal Merchant AAT-CXJHMC2YJUK76,Amazon PLCC Free-Financing Universal Merchant AAT-SL3Y2YRMAUNFC,Amazon PLCC Free-Financing Universal Merchant AAT-CC4FAVTYR4X7C,Amazon PLCC Free-Financing Universal Merchant AAT-FYWJCQHU2XQ2U,Amazon PLCC Free-Financing Universal Merchant AAT-EOKPWFWYW7Y6I,Amazon PLCC Free-Financing Universal Merchant AAT-URPEBMPS7TSPE,Amazon PLCC Free-Financing Universal Merchant AAT-5ZEB2OGNZ32MC,Amazon PLCC Free-Financing Universal Merchant AAT-4ZN7U6MMDFGWM,Amazon PLCC Free-Financing Universal Merchant AAT-PAWHL2EB33U42,Amazon PLCC Free-Financing Universal Merchant AAT-7WX4JYESZISLU,Amazon PLCC Free-Financing Universal Merchant AAT-CIX56SGGAWUYW,Amazon PLCC Free-Financing Universal Merchant AAT-DMQVBJASKTAHS,Amazon PLCC Free-Financing Universal Merchant AAT-BRSZZ45H6MHAO,Amazon PLCC Free-Financing Universal Merchant AAT-MKLXOOZWQL7GO,Amazon PLCC Free-Financing Universal Merchant AAT-CB7UNXEXGIJTC,Amazon PLCC Free-Financing Universal Merchant #MP-gzasho-1593152694811,Amazon PLCC Free-Financing Universal Merchant AAT-WLBA4GZ52EAH4",False,Easy Ship,False
56556,407-1401464-6899539,05-26-22,Shipped,Amazon,Amazon.in,Expedited,JNE3567,JNE3567-KR-M,kurta,M,B08KRXV1QR,Shipped,1,INR,399.0,KOTA,ANDHRA PRADESH,524411.0,IN,IN Core Free Shipping 2015/04/08 23-48-5-108,False,,False
95577,171-0214105-5052318,06-25-22,Cancelled,Merchant,Amazon.in,Standard,JNE3797,JNE3797-KR-M,Western Dress,M,B09SDY8DCT,,0,INR,700.0,PITHORAGARH,UTTARAKHAND,262501.0,IN,,False,Easy Ship,False
91503,406-9961413-3315522,06-29-22,Shipped,Amazon,Amazon.in,Expedited,JNE3797,JNE3797-KR-S,Western Dress,S,B09SDYQ3WG,Shipped,1,INR,735.0,MYSURU,KARNATAKA,570016.0,IN,IN Core Free Shipping 2015/04/08 23-48-5-108,False,,False
77872,405-4512362-8573945,05-08-22,Shipped,Amazon,Amazon.in,Expedited,JNE3562,JNE3562-KR-S,kurta,S,B08MYSDK2X,Shipped,1,INR,462.0,GHAZIABAD,UTTAR PRADESH,201009.0,IN,,False,,False
60810,402-2472908-5589165,05-22-22,Shipped,Amazon,Amazon.in,Expedited,JNE3619,JNE3619-KR-L,kurta,L,B091Q8GQLG,Shipped,1,INR,301.0,SIDCUL HARIDWAR,UTTARAKHAND,249403.0,IN,IN Core Free Shipping 2015/04/08 23-48-5-108,False,,False
88214,407-7755520-6413110,05-02-22,Shipped,Amazon,Amazon.in,Expedited,J0186,J0186-SET-L,Set,L,B091Z82BFF,Shipped,1,INR,848.0,AHMEDABAD,Gujarat,380013.0,IN,,False,,False
61730,408-5574056-3282713,05-21-22,Shipped - Delivered to Buyer,Merchant,Amazon.in,Standard,J0005,J0005-DR-L,Western Dress,L,B08B3Y3VHQ,Shipped,1,INR,899.0,UDAIPURudaipur,RAJASTHAN,313001.0,IN,"Amazon PLCC Free-Financing Universal Merchant AAT-WNKTBO3K27EJC,Amazon PLCC Free-Financing Universal Merchant AAT-QX3UCCJESKPA2,Amazon PLCC Free-Financing Universal Merchant AAT-5QQ7BIYYQEDN2,Amazon PLCC Free-Financing Universal Merchant AAT-DSJ2QRXXWXVMQ,Amazon PLCC Free-Financing Universal Merchant AAT-CXJHMC2YJUK76,Amazon PLCC Free-Financing Universal Merchant AAT-CC4FAVTYR4X7C,Amazon PLCC Free-Financing Universal Merchant AAT-FYWJCQHU2XQ2U,Amazon PLCC Free-Financing Universal Merchant AAT-WSJLDN3X7KEMO,Amazon PLCC Free-Financing Universal Merchant AAT-VL6FGQVGQVXUS,Amazon PLCC Free-Financing Universal Merchant AAT-EOKPWFWYW7Y6I,Amazon PLCC Free-Financing Universal Merchant AAT-URPEBMPS7TSPE,Amazon PLCC Free-Financing Universal Merchant AAT-ME7D3ZA4R4KII,Amazon PLCC Free-Financing Universal Merchant AAT-4ZN7U6MMDFGWM,Amazon PLCC Free-Financing Universal Merchant AAT-PAWHL2EB33U42,Amazon PLCC Free-Financing Universal Merchant AAT-7WX4JYESZISLU,Amazon PLCC Free-Financing Universal Merchant AAT-CIX56SGGAWUYW,Amazon PLCC Free-Financing Universal Merchant AAT-DMQVBJASKTAHS,Amazon PLCC Free-Financing Universal Merchant AAT-5VXFLMD6EKIFC,Amazon PLCC Free-Financing Universal Merchant AAT-BRSZZ45H6MHAO,Amazon PLCC Free-Financing Universal Merchant AAT-MKLXOOZWQL7GO,Amazon PLCC Free-Financing Universal Merchant AAT-CB7UNXEXGIJTC,Amazon PLCC Free-Financing Universal Merchant #MP-gzasho-1593152694811,Amazon PLCC Free-Financing Universal Merchant AAT-WLBA4GZ52EAH4",False,Easy Ship,False
77438,405-0557639-2595521,05-08-22,Shipped - Delivered to Buyer,Merchant,Amazon.in,Standard,SET218,SET218-KR-NP-XL,Set,XL,B08B3ZDG3H,Shipped,1,INR,647.0,NEW DELHI,DELHI,110035.0,IN,"Amazon PLCC Free-Financing Universal Merchant AAT-WNKTBO3K27EJC,Amazon PLCC Free-Financing Universal Merchant AAT-QX3UCCJESKPA2,Amazon PLCC Free-Financing Universal Merchant AAT-5QQ7BIYYQEDN2,Amazon PLCC Free-Financing Universal Merchant AAT-DSJ2QRXXWXVMQ,Amazon PLCC Free-Financing Universal Merchant AAT-CXJHMC2YJUK76,Amazon PLCC Free-Financing Universal Merchant AAT-SL3Y2YRMAUNFC,Amazon PLCC Free-Financing Universal Merchant AAT-CC4FAVTYR4X7C,Amazon PLCC Free-Financing Universal Merchant AAT-FYWJCQHU2XQ2U,Amazon PLCC Free-Financing Universal Merchant AAT-EOKPWFWYW7Y6I,Amazon PLCC Free-Financing Universal Merchant AAT-URPEBMPS7TSPE,Amazon PLCC Free-Financing Universal Merchant AAT-TREXU6MY3SEMI,Amazon PLCC Free-Financing Universal Merchant AAT-CPIZVVXYOLZ5S,Amazon PLCC Free-Financing Universal Merchant AAT-BS2QIL3ZUUJDC,Amazon PLCC Free-Financing Universal Merchant AAT-BD2QQYQLU3K3Q,Amazon PLCC Free-Financing Universal Merchant AAT-7Z5FYSWV55YJ6,Amazon PLCC Free-Financing Universal Merchant AAT-KQRYFJZLTA6E2,Amazon PLCC Free-Financing Universal Merchant AAT-F6SN46VZWQOQI,Amazon PLCC Free-Financing Universal Merchant AAT-GL6VKXK3MYVP4,Amazon PLCC Free-Financing Universal Merchant AAT-26CRLBGU7BZ4I,Amazon PLCC Free-Financing Universal Merchant AAT-EC3WUB2OYMZJY,Amazon PLCC Free-Financing Universal Merchant AAT-LLHTF3J4EFYUO,Amazon PLCC Free-Financing Universal Merchant AAT-BRSZZ45H6MHAO,Amazon PLCC Free-Financing Universal Merchant AAT-MKLXOOZWQL7GO,Amazon PLCC Free-Financing Universal Merchant AAT-CB7UNXEXGIJTC,Amazon PLCC Free-Financing Universal Merchant #MP-gzasho-1593152694811,Amazon PLCC Free-Financing Universal Merchant AAT-WLBA4GZ52EAH4",False,Easy Ship,False
71779,404-3315818-9976336,05-13-22,Shipped - Delivered to Buyer,Merchant,Amazon.in,Standard,SET389,SET389-KR-NP-XS,Set,XS,B09KXV8PXG,Shipped,1,INR,648.0,ALIGARH,UTTAR PRADESH,202001.0,IN,"Amazon PLCC Free-Financing Universal Merchant AAT-WNKTBO3K27EJC,Amazon PLCC Free-Financing Universal Merchant AAT-QX3UCCJESKPA2,Amazon PLCC Free-Financing Universal Merchant AAT-5QQ7BIYYQEDN2,Amazon PLCC Free-Financing Universal Merchant AAT-DSJ2QRXXWXVMQ,Amazon PLCC Free-Financing Universal Merchant AAT-CXJHMC2YJUK76,Amazon PLCC Free-Financing Universal Merchant AAT-CC4FAVTYR4X7C,Amazon PLCC Free-Financing Universal Merchant AAT-FYWJCQHU2XQ2U,Amazon PLCC Free-Financing Universal Merchant AAT-EOKPWFWYW7Y6I,Amazon PLCC Free-Financing Universal Merchant AAT-URPEBMPS7TSPE,Amazon PLCC Free-Financing Universal Merchant AAT-2MN4SWBDTUSNI,Amazon PLCC Free-Financing Universal Merchant AAT-4VFZUZS2EO5J2,Amazon PLCC Free-Financing Universal Merchant AAT-BRSZZ45H6MHAO,Amazon PLCC Free-Financing Universal Merchant AAT-MKLXOOZWQL7GO,Amazon PLCC Free-Financing Universal Merchant AAT-CB7UNXEXGIJTC,Amazon PLCC Free-Financing Universal Merchant #MP-gzasho-1593152694811,Amazon PLCC Free-Financing Universal Merchant AAT-WLBA4GZ52EAH4",False,Easy Ship,False
84079,403-9959425-6123567,05-04-22,Shipped,Amazon,Amazon.in,Expedited,SET374,SET374-KR-NP-XXXL,Set,3XL,B09NDHQMKC,Shipped,1,INR,597.0,MUMBAI,MAHARASHTRA,400093.0,IN,IN Core Free Shipping 2015/04/08 23-48-5-108,False,,False
72915,404-2098843-0919525,05-12-22,Shipped - Delivered to Buyer,Merchant,Amazon.in,Standard,JNE3620,JNE3620-KR-M,kurta,M,B091Q9FQ4B,Shipped,1,INR,325.0,"Kenwad, Malegaon jahagir",MAHARASHTRA,444503.0,IN,"Amazon PLCC Free-Financing Universal Merchant AAT-WNKTBO3K27EJC,Amazon PLCC Free-Financing Universal Merchant AAT-QX3UCCJESKPA2,Amazon PLCC Free-Financing Universal Merchant AAT-5QQ7BIYYQEDN2,Amazon PLCC Free-Financing Universal Merchant AAT-DSJ2QRXXWXVMQ,Amazon PLCC Free-Financing Universal Merchant AAT-CXJHMC2YJUK76,Amazon PLCC Free-Financing Universal Merchant AAT-CC4FAVTYR4X7C,Amazon PLCC Free-Financing Universal Merchant AAT-FYWJCQHU2XQ2U,Amazon PLCC Free-Financing Universal Merchant AAT-WSJLDN3X7KEMO,Amazon PLCC Free-Financing Universal Merchant AAT-VL6FGQVGQVXUS,Amazon PLCC Free-Financing Universal Merchant AAT-EOKPWFWYW7Y6I,Amazon PLCC Free-Financing Universal Merchant AAT-URPEBMPS7TSPE,Amazon PLCC Free-Financing Universal Merchant AAT-2MN4SWBDTUSNI,Amazon PLCC Free-Financing Universal Merchant AAT-4VFZUZS2EO5J2,Amazon PLCC Free-Financing Universal Merchant AAT-E4LY4VKBFF2NI,Amazon PLCC Free-Financing Universal Merchant AAT-BRSZZ45H6MHAO,Amazon PLCC Free-Financing Universal Merchant AAT-MKLXOOZWQL7GO,Amazon PLCC Free-Financing Universal Merchant AAT-CB7UNXEXGIJTC,Amazon PLCC Free-Financing Universal Merchant #MP-gzasho-1593152694811,Amazon PLCC Free-Financing Universal Merchant AAT-WLBA4GZ52EAH4",False,Easy Ship,False
58085,406-3847991-0618742,05-24-22,Shipped,Amazon,Amazon.in,Expedited,PJNE2171,PJNE2171-KR-N-6XL,kurta,6XL,B09LD2KSXR,Shipped,1,INR,1099.0,HYDERABAD,TELANGANA,500092.0,IN,IN Core Free Shipping 2015/04/08 23-48-5-108,False,,False
93467,405-9378580-9662764,06-27-22,Shipped,Amazon,Amazon.in,Expedited,SET375,SET375-KR-NP-XL,Set,XL,B09RKFLLF1,Shipped,1,INR,696.0,BENGALURU,KARNATAKA,560037.0,IN,,False,,False
64709,402-6791704-2845949,05-19-22,Shipped - Delivered to Buyer,Merchant,Amazon.in,Standard,JNE3476,JNE3476-KR-XL,kurta,XL,B08B3YSLXV,Shipped,1,INR,405.0,Delhi,Delhi,110008.0,IN,"Amazon PLCC Free-Financing Universal Merchant AAT-WNKTBO3K27EJC,Amazon PLCC Free-Financing Universal Merchant AAT-QX3UCCJESKPA2,Amazon PLCC Free-Financing Universal Merchant AAT-5QQ7BIYYQEDN2,Amazon PLCC Free-Financing Universal Merchant AAT-DSJ2QRXXWXVMQ,Amazon PLCC Free-Financing Universal Merchant AAT-CXJHMC2YJUK76,Amazon PLCC Free-Financing Universal Merchant AAT-SL3Y2YRMAUNFC,Amazon PLCC Free-Financing Universal Merchant AAT-CC4FAVTYR4X7C,Amazon PLCC Free-Financing Universal Merchant AAT-FYWJCQHU2XQ2U,Amazon PLCC Free-Financing Universal Merchant AAT-EOKPWFWYW7Y6I,Amazon PLCC Free-Financing Universal Merchant AAT-BAO77QKKMJQIM,Amazon PLCC Free-Financing Universal Merchant AAT-4ZN7U6MMDFGWM,Amazon PLCC Free-Financing Universal Merchant AAT-PAWHL2EB33U42,Amazon PLCC Free-Financing Universal Merchant AAT-7WX4JYESZISLU,Amazon PLCC Free-Financing Universal Merchant AAT-CIX56SGGAWUYW,Amazon PLCC Free-Financing Universal Merchant AAT-DMQVBJASKTAHS,Amazon PLCC Free-Financing Universal Merchant AAT-BRSZZ45H6MHAO,Amazon PLCC Free-Financing Universal Merchant AAT-MKLXOOZWQL7GO,Amazon PLCC Free-Financing Universal Merchant AAT-CB7UNXEXGIJTC,Amazon PLCC Free-Financing Universal Merchant #MP-gzasho-1593152694811,Amazon PLCC Free-Financing Universal Merchant AAT-WLBA4GZ52EAH4",False,Easy Ship,False
65466,407-2762418-2402733,05-18-22,Shipped,Amazon,Amazon.in,Expedited,J0119,J0119-TP-XXXL,Top,3XL,B08RYPRVPV,Shipped,1,INR,574.0,AMBALA,HARYANA,133001.0,IN,IN Core Free Shipping 2015/04/08 23-48-5-108,False,,False
87172,404-7256733-9268362,05-02-22,Cancelled,Amazon,Amazon.in,Expedited,SET247,SET247-KR-SHA-XS,Set,XS,B09B58X791,Cancelled,0,,,GANJAM,ODISHA,760001.0,IN,,False,,False
78748,171-2922395-1143561,05-07-22,Shipped - Delivered to Buyer,Merchant,Amazon.in,Standard,JNE3618,JNE3618-KR-L,kurta,L,B091Q84CBF,Shipped,1,INR,385.0,CHENNAI,TAMIL NADU,600091.0,IN,"Amazon PLCC Free-Financing Universal Merchant AAT-WNKTBO3K27EJC,Amazon PLCC Free-Financing Universal Merchant AAT-QX3UCCJESKPA2,Amazon PLCC Free-Financing Universal Merchant AAT-5QQ7BIYYQEDN2,Amazon PLCC Free-Financing Universal Merchant AAT-DSJ2QRXXWXVMQ,Amazon PLCC Free-Financing Universal Merchant AAT-CXJHMC2YJUK76,Amazon PLCC Free-Financing Universal Merchant AAT-CC4FAVTYR4X7C,Amazon PLCC Free-Financing Universal Merchant AAT-FYWJCQHU2XQ2U,Amazon PLCC Free-Financing Universal Merchant AAT-EOKPWFWYW7Y6I,Amazon PLCC Free-Financing Universal Merchant AAT-URPEBMPS7TSPE,Amazon PLCC Free-Financing Universal Merchant AAT-3R6UGYISJQCKA,Amazon PLCC Free-Financing Universal Merchant AAT-TREXU6MY3SEMI,Amazon PLCC Free-Financing Universal Merchant AAT-RVL5KAXRIWHV2,Amazon PLCC Free-Financing Universal Merchant AAT-BS2QIL3ZUUJDC,Amazon PLCC Free-Financing Universal Merchant AAT-BD2QQYQLU3K3Q,Amazon PLCC Free-Financing Universal Merchant AAT-7Z5FYSWV55YJ6,Amazon PLCC Free-Financing Universal Merchant AAT-KQRYFJZLTA6E2,Amazon PLCC Free-Financing Universal Merchant AAT-F6SN46VZWQOQI,Amazon PLCC Free-Financing Universal Merchant AAT-GL6VKXK3MYVP4,Amazon PLCC Free-Financing Universal Merchant AAT-26CRLBGU7BZ4I,Amazon PLCC Free-Financing Universal Merchant AAT-EC3WUB2OYMZJY,Amazon PLCC Free-Financing Universal Merchant AAT-LLHTF3J4EFYUO,Amazon PLCC Free-Financing Universal Merchant AAT-BRSZZ45H6MHAO,Amazon PLCC Free-Financing Universal Merchant AAT-MKLXOOZWQL7GO,Amazon PLCC Free-Financing Universal Merchant AAT-CB7UNXEXGIJTC,Amazon PLCC Free-Financing Universal Merchant #MP-gzasho-1593152694811,Amazon PLCC Free-Financing Universal Merchant AAT-WLBA4GZ52EAH4",False,Easy Ship,False
53104,405-2289825-3248337,05-28-22,Shipped,Amazon,Amazon.in,Expedited,SET293,SET293-KR-NP-S,Set,S,B09K3G4TS6,Shipped,1,INR,736.0,BHUBANESWAR,ODISHA,751015.0,IN,IN Core Free Shipping 2015/04/08 23-48-5-108,False,,False
50708,403-6867931-8273936,05-30-22,Shipped,Amazon,Amazon.in,Expedited,J0301,J0301-TP-XL,Top,XL,B099S87FTK,Shipped,1,INR,518.0,BANGALORE,KARNATAKA,560050.0,IN,,False,,False
88385,405-3610680-8843549,05-02-22,Shipped - Delivered to Buyer,Merchant,Amazon.in,Standard,JNE3800,JNE3800-KR-A-XL,Western Dress,XL,B09TH33GBM,Shipped,1,INR,771.0,HYDERABAD,TELANGANA,500014.0,IN,"Amazon PLCC Free-Financing Universal Merchant AAT-WNKTBO3K27EJC,Amazon PLCC Free-Financing Universal Merchant AAT-QX3UCCJESKPA2,Amazon PLCC Free-Financing Universal Merchant AAT-5QQ7BIYYQEDN2,Amazon PLCC Free-Financing Universal Merchant AAT-DSJ2QRXXWXVMQ,Amazon PLCC Free-Financing Universal Merchant AAT-CXJHMC2YJUK76,Amazon PLCC Free-Financing Universal Merchant AAT-SL3Y2YRMAUNFC,Amazon PLCC Free-Financing Universal Merchant AAT-CC4FAVTYR4X7C,Amazon PLCC Free-Financing Universal Merchant AAT-FYWJCQHU2XQ2U,Amazon PLCC Free-Financing Universal Merchant AAT-EOKPWFWYW7Y6I,Amazon PLCC Free-Financing Universal Merchant AAT-URPEBMPS7TSPE,Amazon PLCC Free-Financing Universal Merchant AAT-3R6UGYISJQCKA,Amazon PLCC Free-Financing Universal Merchant AAT-BRSZZ45H6MHAO,Amazon PLCC Free-Financing Universal Merchant AAT-MKLXOOZWQL7GO,Amazon PLCC Free-Financing Universal Merchant AAT-CB7UNXEXGIJTC,Amazon PLCC Free-Financing Universal Merchant #MP-gzasho-1593152694811,Amazon PLCC Free-Financing Universal Merchant AAT-WLBA4GZ52EAH4",False,Easy Ship,False
73444,406-9266705-8035533,05-12-22,Cancelled,Merchant,Amazon.in,Standard,SET288,SET288-KR-NP-XL,Set,XL,B09M6S4DML,,0,,,BENGALURU,KARNATAKA,560100.0,IN,,False,Easy Ship,False
76510,402-7533609-3127505,05-09-22,Shipped - Delivered to Buyer,Merchant,Amazon.in,Standard,SET324,SET324-KR-NP-XS,Set,XS,B09NQ4DD29,Shipped,1,INR,635.0,NAVI MUMBAI,MAHARASHTRA,400701.0,IN,"Amazon PLCC Free-Financing Universal Merchant AAT-WNKTBO3K27EJC,Amazon PLCC Free-Financing Universal Merchant AAT-QX3UCCJESKPA2,Amazon PLCC Free-Financing Universal Merchant AAT-5QQ7BIYYQEDN2,Amazon PLCC Free-Financing Universal Merchant AAT-DSJ2QRXXWXVMQ,Amazon PLCC Free-Financing Universal Merchant AAT-CXJHMC2YJUK76,Amazon PLCC Free-Financing Universal Merchant AAT-CC4FAVTYR4X7C,Amazon PLCC Free-Financing Universal Merchant AAT-FYWJCQHU2XQ2U,Amazon PLCC Free-Financing Universal Merchant AAT-EOKPWFWYW7Y6I,Amazon PLCC Free-Financing Universal Merchant AAT-URPEBMPS7TSPE,Amazon PLCC Free-Financing Universal Merchant AAT-ZF7YE6D3FPHMI,Amazon PLCC Free-Financing Universal Merchant AAT-TNYHCYLOWRIHK,Amazon PLCC Free-Financing Universal Merchant AAT-BRSZZ45H6MHAO,Amazon PLCC Free-Financing Universal Merchant AAT-MKLXOOZWQL7GO,Amazon PLCC Free-Financing Universal Merchant AAT-CB7UNXEXGIJTC,Amazon PLCC Free-Financing Universal Merchant #MP-gzasho-1593152694811,Amazon PLCC Free-Financing Universal Merchant AAT-WLBA4GZ52EAH4",False,Easy Ship,False
58466,406-8496197-5812324,05-24-22,Shipped,Amazon,Amazon.in,Expedited,J0335,J0335-DR-M,Western Dress,M,B09831XC46,Shipped,1,INR,989.0,BENGALURU,KARNATAKA,560048.0,IN,IN Core Free Shipping 2015/04/08 23-48-5-108,False,,False
56230,404-7927490-6668367,05-26-22,Shipped,Amazon,Amazon.in,Expedited,JNE3659,JNE3659-TP-N-XXL,Top,XXL,B08ZJBYJTN,Shipped,1,INR,493.0,HYDERABAD,TELANGANA,500056.0,IN,,False,,False
96358,405-5086982-2951505,06-25-22,Shipped,Amazon,Amazon.in,Expedited,JNE3468,JNE3468-KR-XXXL,kurta,3XL,B08RP4JJPD,Shipped,1,INR,387.0,Mumbai's,MAHARASHTRA,400076.0,IN,,False,,False
89357,406-9397460-3329926,05-01-22,Shipped,Amazon,Amazon.in,Expedited,SET356,SET356-KR-NP-XL,Set,XL,B09QJ362XS,Shipped,1,INR,1099.0,FATEHABAD,HARYANA,125050.0,IN,IN Core Free Shipping 2015/04/08 23-48-5-108,False,,False
66386,171-1825154-1016329,05-17-22,Shipped - Returned to Seller,Merchant,Amazon.in,Standard,JNE3797,JNE3797-KR-XL,Western Dress,XL,B09SDXRYBG,Shipped,1,INR,771.0,NANDURBAR,MAHARASHTRA,425412.0,IN,"Amazon PLCC Free-Financing Universal Merchant AAT-WNKTBO3K27EJC,Amazon PLCC Free-Financing Universal Merchant AAT-QX3UCCJESKPA2,Amazon PLCC Free-Financing Universal Merchant AAT-5QQ7BIYYQEDN2,Amazon PLCC Free-Financing Universal Merchant AAT-DSJ2QRXXWXVMQ,Amazon PLCC Free-Financing Universal Merchant AAT-CXJHMC2YJUK76,Amazon PLCC Free-Financing Universal Merchant AAT-CC4FAVTYR4X7C,Amazon PLCC Free-Financing Universal Merchant AAT-FYWJCQHU2XQ2U,Amazon PLCC Free-Financing Universal Merchant AAT-EOKPWFWYW7Y6I,Amazon PLCC Free-Financing Universal Merchant AAT-URPEBMPS7TSPE,Amazon PLCC Free-Financing Universal Merchant AAT-YZ2VQO2YM6YYM,Amazon PLCC Free-Financing Universal Merchant AAT-4EOBCMLXMLDGY,Amazon PLCC Free-Financing Universal Merchant AAT-UB6CYNTOQMM7C,Amazon PLCC Free-Financing Universal Merchant AAT-BRSZZ45H6MHAO,Amazon PLCC Free-Financing Universal Merchant AAT-MKLXOOZWQL7GO,Amazon PLCC Free-Financing Universal Merchant AAT-CB7UNXEXGIJTC,Amazon PLCC Free-Financing Universal Merchant #MP-gzasho-1593152694811,Amazon PLCC Free-Financing Universal Merchant AAT-WLBA4GZ52EAH4",False,Easy Ship,False
84165,404-6971834-7277146,05-04-22,Shipped - Delivered to Buyer,Merchant,Amazon.in,Standard,JNE3865,JNE3865-TP-L,Top,L,B09TZSN6PK,Shipped,1,INR,599.0,MUMBAI,MAHARASHTRA,400059.0,IN,"Amazon PLCC Free-Financing Universal Merchant AAT-WNKTBO3K27EJC,Amazon PLCC Free-Financing Universal Merchant AAT-QX3UCCJESKPA2,Amazon PLCC Free-Financing Universal Merchant AAT-5QQ7BIYYQEDN2,Amazon PLCC Free-Financing Universal Merchant AAT-DSJ2QRXXWXVMQ,Amazon PLCC Free-Financing Universal Merchant AAT-CXJHMC2YJUK76,Amazon PLCC Free-Financing Universal Merchant AAT-SL3Y2YRMAUNFC,Amazon PLCC Free-Financing Universal Merchant AAT-CC4FAVTYR4X7C,Amazon PLCC Free-Financing Universal Merchant AAT-FYWJCQHU2XQ2U,Amazon PLCC Free-Financing Universal Merchant AAT-R7GXNZWISTRFA,Amazon PLCC Free-Financing Universal Merchant AAT-EOKPWFWYW7Y6I,Amazon PLCC Free-Financing Universal Merchant AAT-URPEBMPS7TSPE,Amazon PLCC Free-Financing Universal Merchant AAT-3R6UGYISJQCKA,Amazon PLCC Free-Financing Universal Merchant AAT-CPIZVVXYOLZ5S,Amazon PLCC Free-Financing Universal Merchant AAT-BS2QIL3ZUUJDC,Amazon PLCC Free-Financing Universal Merchant AAT-BD2QQYQLU3K3Q,Amazon PLCC Free-Financing Universal Merchant AAT-7Z5FYSWV55YJ6,Amazon PLCC Free-Financing Universal Merchant AAT-KQRYFJZLTA6E2,Amazon PLCC Free-Financing Universal Merchant AAT-F6SN46VZWQOQI,Amazon PLCC Free-Financing Universal Merchant AAT-GL6VKXK3MYVP4,Amazon PLCC Free-Financing Universal Merchant AAT-26CRLBGU7BZ4I,Amazon PLCC Free-Financing Universal Merchant AAT-EC3WUB2OYMZJY,Amazon PLCC Free-Financing Universal Merchant AAT-LLHTF3J4EFYUO,Amazon PLCC Free-Financing Universal Merchant AAT-TNYBHEAO7HOHO,Amazon PLCC Free-Financing Universal Merchant AAT-BRSZZ45H6MHAO,Amazon PLCC Free-Financing Universal Merchant AAT-MKLXOOZWQL7GO,Amazon PLCC Free-Financing Universal Merchant AAT-CB7UNXEXGIJTC,Amazon PLCC Free-Financing Universal Merchant #MP-gzasho-1593152694811,Amazon PLCC Free-Financing Universal Merchant AAT-WLBA4GZ52EAH4,Amazon PLCC Free-Financing Universal Merchant AAT-QMFZ3M7T5NPDS,Amazon PLCC Free-Financing Universal Merchant #MP-pmilan-1601980554292",False,Easy Ship,False
54168,406-6593690-4708328,05-28-22,Shipped,Amazon,Amazon.in,Expedited,J0117,J0117-TP-M,Top,M,B08N4TGTRV,Shipped,1,INR,545.0,NEW DELHI,DELHI,110070.0,IN,IN Core Free Shipping 2015/04/08 23-48-5-108,False,,False
55803,408-7067321-7404347,05-26-22,Cancelled,Merchant,Amazon.in,Standard,JNE3749,JNE3749-KR-XS,kurta,XS,B09K3T3Y5T,,0,,,GUWAHATI,ASSAM,781003.0,IN,,False,Easy Ship,False
62753,405-5942066-6677932,05-21-22,Cancelled,Amazon,Amazon.in,Expedited,J0012,J0012-SKD-L,Set,L,B0894XGSH9,Unshipped,1,INR,1199.0,SECUNDERABAD,TELANGANA,500017.0,IN,,False,,False
52189,406-2208330-2308334,05-29-22,Shipped - Delivered to Buyer,Merchant,Amazon.in,Standard,JNE3733,JNE3733-KR-L,kurta,L,B09KXQBR58,Shipped,1,INR,525.0,NEW DELHI,DELHI,110084.0,IN,"Amazon PLCC Free-Financing Universal Merchant AAT-WNKTBO3K27EJC,Amazon PLCC Free-Financing Universal Merchant AAT-QX3UCCJESKPA2,Amazon PLCC Free-Financing Universal Merchant AAT-5QQ7BIYYQEDN2,Amazon PLCC Free-Financing Universal Merchant AAT-DSJ2QRXXWXVMQ,Amazon PLCC Free-Financing Universal Merchant AAT-CXJHMC2YJUK76,Amazon PLCC Free-Financing Universal Merchant AAT-SL3Y2YRMAUNFC,Amazon PLCC Free-Financing Universal Merchant AAT-CC4FAVTYR4X7C,Amazon PLCC Free-Financing Universal Merchant AAT-FYWJCQHU2XQ2U,Amazon PLCC Free-Financing Universal Merchant AAT-EOKPWFWYW7Y6I,Amazon PLCC Free-Financing Universal Merchant AAT-URPEBMPS7TSPE,Amazon PLCC Free-Financing Universal Merchant AAT-5ZEB2OGNZ32MC,Amazon PLCC Free-Financing Universal Merchant AAT-CAK4QZ7KEFRQU,Amazon PLCC Free-Financing Universal Merchant AAT-YZJ5BRTPINRLK,Amazon PLCC Free-Financing Universal Merchant AAT-SNWJTEAZA2JRI,Amazon PLCC Free-Financing Universal Merchant AAT-BBJ6FVTP3QKBO,Amazon PLCC Free-Financing Universal Merchant AAT-BRSZZ45H6MHAO,Amazon PLCC Free-Financing Universal Merchant AAT-MKLXOOZWQL7GO,Amazon PLCC Free-Financing Universal Merchant AAT-CB7UNXEXGIJTC,Amazon PLCC Free-Financing Universal Merchant #MP-gzasho-1593152694811,Amazon PLCC Free-Financing Universal Merchant AAT-WLBA4GZ52EAH4,Amazon PLCC Free-Financing Universal Merchant #MP-pmilan-1601980554292",False,Easy Ship,False
62187,402-1750923-8642760,05-21-22,Shipped - Delivered to Buyer,Merchant,Amazon.in,Standard,SET396,SET396-KR-PP-XL,Set,XL,B09TH6YPPJ,Shipped,1,INR,988.0,BENGALURU,KARNATAKA,560060.0,IN,"Amazon PLCC Free-Financing Universal Merchant AAT-WNKTBO3K27EJC,Amazon PLCC Free-Financing Universal Merchant AAT-QX3UCCJESKPA2,Amazon PLCC Free-Financing Universal Merchant AAT-5QQ7BIYYQEDN2,Amazon PLCC Free-Financing Universal Merchant AAT-DSJ2QRXXWXVMQ,Amazon PLCC Free-Financing Universal Merchant AAT-CXJHMC2YJUK76,Amazon PLCC Free-Financing Universal Merchant AAT-CC4FAVTYR4X7C,Amazon PLCC Free-Financing Universal Merchant AAT-FYWJCQHU2XQ2U,Amazon PLCC Free-Financing Universal Merchant AAT-EOKPWFWYW7Y6I,Amazon PLCC Free-Financing Universal Merchant AAT-URPEBMPS7TSPE,Amazon PLCC Free-Financing Universal Merchant AAT-5ZEB2OGNZ32MC,Amazon PLCC Free-Financing Universal Merchant AAT-4ZN7U6MMDFGWM,Amazon PLCC Free-Financing Universal Merchant AAT-PAWHL2EB33U42,Amazon PLCC Free-Financing Universal Merchant AAT-7WX4JYESZISLU,Amazon PLCC Free-Financing Universal Merchant AAT-CIX56SGGAWUYW,Amazon PLCC Free-Financing Universal Merchant AAT-DMQVBJASKTAHS,Amazon PLCC Free-Financing Universal Merchant AAT-H7DZACP4NHMJM,Amazon PLCC Free-Financing Universal Merchant AAT-BRSZZ45H6MHAO,Amazon PLCC Free-Financing Universal Merchant AAT-MKLXOOZWQL7GO,Amazon PLCC Free-Financing Universal Merchant AAT-CB7UNXEXGIJTC,Amazon PLCC Free-Financing Universal Merchant #MP-gzasho-1593152694811,Amazon PLCC Free-Financing Universal Merchant AAT-WLBA4GZ52EAH4",False,Easy Ship,False
81727,403-1259791-1911564,05-05-22,Shipped - Delivered to Buyer,Merchant,Amazon.in,Standard,JNE3798,JNE3798-KR-A-M,Western Dress,M,B09TH54761,Shipped,1,INR,771.0,JAMMIKUNTA,TELANGANA,505122.0,IN,"Amazon PLCC Free-Financing Universal Merchant AAT-WNKTBO3K27EJC,Amazon PLCC Free-Financing Universal Merchant AAT-QX3UCCJESKPA2,Amazon PLCC Free-Financing Universal Merchant AAT-5QQ7BIYYQEDN2,Amazon PLCC Free-Financing Universal Merchant AAT-DSJ2QRXXWXVMQ,Amazon PLCC Free-Financing Universal Merchant AAT-CXJHMC2YJUK76,Amazon PLCC Free-Financing Universal Merchant AAT-SL3Y2YRMAUNFC,Amazon PLCC Free-Financing Universal Merchant AAT-CC4FAVTYR4X7C,Amazon PLCC Free-Financing Universal Merchant AAT-FYWJCQHU2XQ2U,Amazon PLCC Free-Financing Universal Merchant AAT-R7GXNZWISTRFA,Amazon PLCC Free-Financing Universal Merchant AAT-EOKPWFWYW7Y6I,Amazon PLCC Free-Financing Universal Merchant AAT-URPEBMPS7TSPE,Amazon PLCC Free-Financing Universal Merchant AAT-3R6UGYISJQCKA,Amazon PLCC Free-Financing Universal Merchant AAT-TREXU6MY3SEMI,Amazon PLCC Free-Financing Universal Merchant AAT-CPIZVVXYOLZ5S,Amazon PLCC Free-Financing Universal Merchant AAT-BS2QIL3ZUUJDC,Amazon PLCC Free-Financing Universal Merchant AAT-BD2QQYQLU3K3Q,Amazon PLCC Free-Financing Universal Merchant AAT-7Z5FYSWV55YJ6,Amazon PLCC Free-Financing Universal Merchant AAT-KQRYFJZLTA6E2,Amazon PLCC Free-Financing Universal Merchant AAT-F6SN46VZWQOQI,Amazon PLCC Free-Financing Universal Merchant AAT-GL6VKXK3MYVP4,Amazon PLCC Free-Financing Universal Merchant AAT-26CRLBGU7BZ4I,Amazon PLCC Free-Financing Universal Merchant AAT-EC3WUB2OYMZJY,Amazon PLCC Free-Financing Universal Merchant AAT-LLHTF3J4EFYUO,Amazon PLCC Free-Financing Universal Merchant AAT-BRSZZ45H6MHAO,Amazon PLCC Free-Financing Universal Merchant AAT-MKLXOOZWQL7GO,Amazon PLCC Free-Financing Universal Merchant AAT-CB7UNXEXGIJTC,Amazon PLCC Free-Financing Universal Merchant #MP-gzasho-1593152694811,Amazon PLCC Free-Financing Universal Merchant AAT-WLBA4GZ52EAH4",False,Easy Ship,False
69245,404-2334439-6312346,05-15-22,Shipped - Delivered to Buyer,Merchant,Amazon.in,Standard,JNE3449,JNE3449-KR-XXL,kurta,XXL,B08BF9DZ3F,Shipped,1,INR,301.0,PATHANAMTHITTA,KERALA,689581.0,IN,"Amazon PLCC Free-Financing Universal Merchant AAT-WNKTBO3K27EJC,Amazon PLCC Free-Financing Universal Merchant AAT-QX3UCCJESKPA2,Amazon PLCC Free-Financing Universal Merchant AAT-5QQ7BIYYQEDN2,Amazon PLCC Free-Financing Universal Merchant AAT-DSJ2QRXXWXVMQ,Amazon PLCC Free-Financing Universal Merchant AAT-CXJHMC2YJUK76,Amazon PLCC Free-Financing Universal Merchant AAT-CC4FAVTYR4X7C,Amazon PLCC Free-Financing Universal Merchant AAT-FYWJCQHU2XQ2U,Amazon PLCC Free-Financing Universal Merchant AAT-EOKPWFWYW7Y6I,Amazon PLCC Free-Financing Universal Merchant AAT-URPEBMPS7TSPE,Amazon PLCC Free-Financing Universal Merchant AAT-5ZEB2OGNZ32MC,Amazon PLCC Free-Financing Universal Merchant AAT-BZ7LVXC5QOWDG,Amazon PLCC Free-Financing Universal Merchant AAT-YZ2VQO2YM6YYM,Amazon PLCC Free-Financing Universal Merchant AAT-4EOBCMLXMLDGY,Amazon PLCC Free-Financing Universal Merchant AAT-UB6CYNTOQMM7C,Amazon PLCC Free-Financing Universal Merchant AAT-TNYBHEAO7HOHO,Amazon PLCC Free-Financing Universal Merchant AAT-BRSZZ45H6MHAO,Amazon PLCC Free-Financing Universal Merchant AAT-MKLXOOZWQL7GO,Amazon PLCC Free-Financing Universal Merchant AAT-CB7UNXEXGIJTC,Amazon PLCC Free-Financing Universal Merchant #MP-gzasho-1593152694811,Amazon PLCC Free-Financing Universal Merchant AAT-WLBA4GZ52EAH4,Amazon PLCC Free-Financing Universal Merchant AAT-QMFZ3M7T5NPDS,Amazon PLCC Free-Financing Universal Merchant #MP-pmilan-1601980554292",False,Easy Ship,False
87866,171-2593953-3285931,05-02-22,Shipped,Amazon,Amazon.in,Expedited,SET197,SET197-KR-NP-S,Set,S,B08B3ZWN4X,Shipped,1,INR,759.0,CHENNAI,TAMIL NADU,600042.0,IN,,False,,False
93514,171-7361921-9341944,06-27-22,Shipped,Amazon,Amazon.in,Expedited,SET408,SET408-KR-NP-M,Set,M,B09RKF39J1,Shipped,1,INR,499.0,JODHPUR,RAJASTHAN,342005.0,IN,IN Core Free Shipping 2015/04/08 23-48-5-108,False,,False
58718,403-5804183-5097913,05-24-22,Shipped - Delivered to Buyer,Merchant,Amazon.in,Standard,JNE3482,JNE3482-KR-XXL,kurta,XXL,B08HK1DGRW,Shipped,1,INR,318.0,GUNTAKAL,ANDHRA PRADESH,515801.0,IN,"Amazon PLCC Free-Financing Universal Merchant AAT-WNKTBO3K27EJC,Amazon PLCC Free-Financing Universal Merchant AAT-QX3UCCJESKPA2,Amazon PLCC Free-Financing Universal Merchant AAT-5QQ7BIYYQEDN2,Amazon PLCC Free-Financing Universal Merchant AAT-DSJ2QRXXWXVMQ,Amazon PLCC Free-Financing Universal Merchant AAT-CXJHMC2YJUK76,Amazon PLCC Free-Financing Universal Merchant AAT-SL3Y2YRMAUNFC,Amazon PLCC Free-Financing Universal Merchant AAT-CC4FAVTYR4X7C,Amazon PLCC Free-Financing Universal Merchant AAT-FYWJCQHU2XQ2U,Amazon PLCC Free-Financing Universal Merchant AAT-EOKPWFWYW7Y6I,Amazon PLCC Free-Financing Universal Merchant AAT-URPEBMPS7TSPE,Amazon PLCC Free-Financing Universal Merchant AAT-5ZEB2OGNZ32MC,Amazon PLCC Free-Financing Universal Merchant AAT-4ZN7U6MMDFGWM,Amazon PLCC Free-Financing Universal Merchant AAT-PAWHL2EB33U42,Amazon PLCC Free-Financing Universal Merchant AAT-7WX4JYESZISLU,Amazon PLCC Free-Financing Universal Merchant AAT-CIX56SGGAWUYW,Amazon PLCC Free-Financing Universal Merchant AAT-DMQVBJASKTAHS,Amazon PLCC Free-Financing Universal Merchant AAT-TNYBHEAO7HOHO,Amazon PLCC Free-Financing Universal Merchant AAT-BRSZZ45H6MHAO,Amazon PLCC Free-Financing Universal Merchant AAT-MKLXOOZWQL7GO,Amazon PLCC Free-Financing Universal Merchant AAT-CB7UNXEXGIJTC,Amazon PLCC Free-Financing Universal Merchant #MP-gzasho-1593152694811,Amazon PLCC Free-Financing Universal Merchant AAT-WLBA4GZ52EAH4,Amazon PLCC Free-Financing Universal Merchant AAT-QMFZ3M7T5NPDS,Amazon PLCC Free-Financing Universal Merchant #MP-pmilan-1601980554292",False,Easy Ship,False
78824,407-5131851-6256333,05-07-22,Shipped,Amazon,Amazon.in,Expedited,J0395,J0395-DR-XXXL,Western Dress,3XL,B09SDXXP6N,Shipped,1,INR,807.0,MORADABAD,UTTAR PRADESH,244001.0,IN,IN Core Free Shipping 2015/04/08 23-48-5-108,False,,False
74468,404-6809495-7888360,05-11-22,Cancelled,Amazon,Amazon.in,Expedited,SET130,SET130-KR-NP-XXL,Set,XXL,B07VT5L937,Unshipped,1,INR,629.0,AMBARNATH,MAHARASHTRA,421501.0,IN,,False,,False
98252,402-0019994-7589130,06-23-22,Shipped - Delivered to Buyer,Merchant,Amazon.in,Standard,JNE3807,JNE3807-KR-L,kurta,L,B09RKBM69V,Shipped,1,INR,702.0,KULLU,HIMACHAL PRADESH,175101.0,IN,"Amazon PLCC Free-Financing Universal Merchant AAT-WNKTBO3K27EJC,Amazon PLCC Free-Financing Universal Merchant AAT-QX3UCCJESKPA2,Amazon PLCC Free-Financing Universal Merchant AAT-5QQ7BIYYQEDN2,Amazon PLCC Free-Financing Universal Merchant AAT-DSJ2QRXXWXVMQ,Amazon PLCC Free-Financing Universal Merchant AAT-CXJHMC2YJUK76,Amazon PLCC Free-Financing Universal Merchant AAT-SL3Y2YRMAUNFC,Amazon PLCC Free-Financing Universal Merchant AAT-CC4FAVTYR4X7C,Amazon PLCC Free-Financing Universal Merchant AAT-EWAPBB6BDRGM6,Amazon PLCC Free-Financing Universal Merchant AAT-EOKPWFWYW7Y6I,Amazon PLCC Free-Financing Universal Merchant AAT-NT3ZJJGQ3JK3Q,Amazon PLCC Free-Financing Universal Merchant AAT-AMKH7SAAONETC,Amazon PLCC Free-Financing Universal Merchant AAT-56XNPXK2K7OLI,Amazon PLCC Free-Financing Universal Merchant AAT-7IFG6TWAZNCBQ,Amazon PLCC Free-Financing Universal Merchant AAT-6XVEGAWJUJYXG,Amazon PLCC Free-Financing Universal Merchant AAT-BOWEMQBNNNHBK,Amazon PLCC Free-Financing Universal Merchant AAT-SKYXW7T3UZBGO,Amazon PLCC Free-Financing Universal Merchant AAT-ONHQI6RQUNGB6,Amazon PLCC Free-Financing Universal Merchant AAT-UFMRPWCRGE2ZM,Amazon PLCC Free-Financing Universal Merchant AAT-SF4YGC5K3O574,Amazon PLCC Free-Financing Universal Merchant AAT-SUBB5QVZKACYG,Amazon PLCC Free-Financing Universal Merchant AAT-CF5ZF57364I7G,Amazon PLCC Free-Financing Universal Merchant AAT-BRSZZ45H6MHAO,Amazon PLCC Free-Financing Universal Merchant AAT-MKLXOOZWQL7GO,Amazon PLCC Free-Financing Universal Merchant AAT-CB7UNXEXGIJTC,Amazon PLCC Free-Financing Universal Merchant #MP-gzasho-1593152694811,Amazon PLCC Free-Financing Universal Merchant AAT-WLBA4GZ52EAH4",False,Easy Ship,False
57201,403-4238799-9791505,05-25-22,Shipped,Amazon,Amazon.in,Expedited,J0339,J0339-DR-XXL,Western Dress,XXL,B0982ZRDSY,Shipped,1,INR,825.0,Chennai,TAMIL NADU,600116.0,IN,,False,,False
59282,404-8723980-4754748,05-23-22,Shipped,Amazon,Amazon.in,Expedited,JNE3745,JNE3745-KR-L,kurta,L,B09K3Z8XNG,Shipped,1,INR,301.0,HYDERABAD,TELANGANA,500090.0,IN,IN Core Free Shipping 2015/04/08 23-48-5-108,False,,False
76820,402-9478201-5317922,05-09-22,Shipped - Delivered to Buyer,Merchant,Amazon.in,Standard,JNE3801,JNE3801-KR-XL,kurta,XL,B09SDYL6L1,Shipped,1,INR,771.0,TUNI,ANDHRA PRADESH,533401.0,IN,"Amazon PLCC Free-Financing Universal Merchant AAT-WNKTBO3K27EJC,Amazon PLCC Free-Financing Universal Merchant AAT-QX3UCCJESKPA2,Amazon PLCC Free-Financing Universal Merchant AAT-5QQ7BIYYQEDN2,Amazon PLCC Free-Financing Universal Merchant AAT-DSJ2QRXXWXVMQ,Amazon PLCC Free-Financing Universal Merchant AAT-CXJHMC2YJUK76,Amazon PLCC Free-Financing Universal Merchant AAT-CC4FAVTYR4X7C,Amazon PLCC Free-Financing Universal Merchant AAT-FYWJCQHU2XQ2U,Amazon PLCC Free-Financing Universal Merchant AAT-WSJLDN3X7KEMO,Amazon PLCC Free-Financing Universal Merchant AAT-VL6FGQVGQVXUS,Amazon PLCC Free-Financing Universal Merchant AAT-EOKPWFWYW7Y6I,Amazon PLCC Free-Financing Universal Merchant AAT-URPEBMPS7TSPE,Amazon PLCC Free-Financing Universal Merchant AAT-5ZEB2OGNZ32MC,Amazon PLCC Free-Financing Universal Merchant AAT-ZF7YE6D3FPHMI,Amazon PLCC Free-Financing Universal Merchant AAT-TNYHCYLOWRIHK,Amazon PLCC Free-Financing Universal Merchant AAT-BRSZZ45H6MHAO,Amazon PLCC Free-Financing Universal Merchant AAT-MKLXOOZWQL7GO,Amazon PLCC Free-Financing Universal Merchant AAT-CB7UNXEXGIJTC,Amazon PLCC Free-Financing Universal Merchant #MP-gzasho-1593152694811,Amazon PLCC Free-Financing Universal Merchant AAT-WLBA4GZ52EAH4",False,Easy Ship,False
77373,406-5569140-2225934,05-08-22,Shipped,Amazon,Amazon.in,Expedited,SET264,SET264-KR-NP-XXXL,Set,3XL,B08YNJKQFM,Shipped,1,INR,824.0,TIRWAGANJ,UTTAR PRADESH,209732.0,IN,IN Core Free Shipping 2015/04/08 23-48-5-108,False,,False
72492,407-6880603-8776332,05-12-22,Shipped,Amazon,Amazon.in,Expedited,JNE3718,JNE3718-KR-L,kurta,L,B099FD9VJ9,Shipped,1,INR,487.0,CHENNAI,TAMIL NADU,600051.0,IN,,False,,False
95637,171-5293475-6845911,06-25-22,Shipped,Amazon,Amazon.in,Expedited,JNE3798,JNE3798-KR-XXXL,Western Dress,3XL,B09SDYHWLW,Shipped,1,INR,725.0,THANJAVUR,TAMIL NADU,613007.0,IN,IN Core Free Shipping 2015/04/08 23-48-5-108,False,,False
95879,403-0443368-3188323,06-25-22,Shipped,Amazon,Amazon.in,Expedited,J0379,J0379-SKD-S,Set,S,B09M6SV9SR,Shipped,1,INR,1297.0,PUNE,MAHARASHTRA,411014.0,IN,,False,,False
79339,404-3281079-4211531,05-07-22,Shipped,Amazon,Amazon.in,Expedited,J0167,J0167-KR-XL,kurta,XL,B08QGKQBNC,Shipped,1,INR,306.0,BENGALURU,KARNATAKA,560008.0,IN,,False,,False
96547,406-6668233-2645100,06-24-22,Shipped,Amazon,Amazon.in,Expedited,JNE3797,JNE3797-KR-XXXL,Western Dress,3XL,B09SDY4VDC,Shipped,1,INR,735.0,PUNE,MAHARASHTRA,411014.0,IN,,False,,False
60803,404-8214249-1417146,05-22-22,Shipped - Delivered to Buyer,Merchant,Amazon.in,Standard,J0168,J0168-DR-L,Ethnic Dress,L,B08QGLTM6G,Shipped,1,INR,443.0,MUMBAI,MAHARASHTRA,400050.0,IN,"Amazon PLCC Free-Financing Universal Merchant AAT-WNKTBO3K27EJC,Amazon PLCC Free-Financing Universal Merchant AAT-QX3UCCJESKPA2,Amazon PLCC Free-Financing Universal Merchant AAT-5QQ7BIYYQEDN2,Amazon PLCC Free-Financing Universal Merchant AAT-DSJ2QRXXWXVMQ,Amazon PLCC Free-Financing Universal Merchant AAT-CXJHMC2YJUK76,Amazon PLCC Free-Financing Universal Merchant AAT-SL3Y2YRMAUNFC,Amazon PLCC Free-Financing Universal Merchant AAT-CC4FAVTYR4X7C,Amazon PLCC Free-Financing Universal Merchant AAT-FYWJCQHU2XQ2U,Amazon PLCC Free-Financing Universal Merchant AAT-EOKPWFWYW7Y6I,Amazon PLCC Free-Financing Universal Merchant AAT-4ZN7U6MMDFGWM,Amazon PLCC Free-Financing Universal Merchant AAT-PAWHL2EB33U42,Amazon PLCC Free-Financing Universal Merchant AAT-7WX4JYESZISLU,Amazon PLCC Free-Financing Universal Merchant AAT-CIX56SGGAWUYW,Amazon PLCC Free-Financing Universal Merchant AAT-DMQVBJASKTAHS,Amazon PLCC Free-Financing Universal Merchant AAT-TNYBHEAO7HOHO,Amazon PLCC Free-Financing Universal Merchant AAT-BRSZZ45H6MHAO,Amazon PLCC Free-Financing Universal Merchant AAT-MKLXOOZWQL7GO,Amazon PLCC Free-Financing Universal Merchant AAT-CB7UNXEXGIJTC,Amazon PLCC Free-Financing Universal Merchant #MP-gzasho-1593152694811,Amazon PLCC Free-Financing Universal Merchant AAT-WLBA4GZ52EAH4,Amazon PLCC Free-Financing Universal Merchant AAT-QMFZ3M7T5NPDS,Amazon PLCC Free-Financing Universal Merchant #MP-pmilan-1601980554292",False,Easy Ship,False
70964,404-8632312-4209161,05-14-22,Shipped - Delivered to Buyer,Merchant,Amazon.in,Standard,JNE3671,JNE3671-TU-XL,Top,XL,B0986XNKJJ,Shipped,2,INR,1250.0,HYDERABAD,TELANGANA,500049.0,IN,"Amazon PLCC Free-Financing Universal Merchant AAT-WNKTBO3K27EJC,Amazon PLCC Free-Financing Universal Merchant AAT-QX3UCCJESKPA2,Amazon PLCC Free-Financing Universal Merchant AAT-5QQ7BIYYQEDN2,Amazon PLCC Free-Financing Universal Merchant AAT-DSJ2QRXXWXVMQ,Amazon PLCC Free-Financing Universal Merchant AAT-CXJHMC2YJUK76,Amazon PLCC Free-Financing Universal Merchant AAT-SL3Y2YRMAUNFC,Amazon PLCC Free-Financing Universal Merchant AAT-CC4FAVTYR4X7C,Amazon PLCC Free-Financing Universal Merchant AAT-FYWJCQHU2XQ2U,Amazon PLCC Free-Financing Universal Merchant AAT-R7GXNZWISTRFA,Amazon PLCC Free-Financing Universal Merchant AAT-EOKPWFWYW7Y6I,Amazon PLCC Free-Financing Universal Merchant AAT-URPEBMPS7TSPE,Amazon PLCC Free-Financing Universal Merchant AAT-GXITVHEAQ4QDS,Amazon PLCC Free-Financing Universal Merchant AAT-L2DLP5YGE5766,Amazon PLCC Free-Financing Universal Merchant AAT-5ZEB2OGNZ32MC,Amazon PLCC Free-Financing Universal Merchant AAT-2MN4SWBDTUSNI,Amazon PLCC Free-Financing Universal Merchant AAT-4VFZUZS2EO5J2,Amazon PLCC Free-Financing Universal Merchant AAT-YZ2VQO2YM6YYM,Amazon PLCC Free-Financing Universal Merchant AAT-4EOBCMLXMLDGY,Amazon PLCC Free-Financing Universal Merchant AAT-UB6CYNTOQMM7C,Amazon PLCC Free-Financing Universal Merchant AAT-BRSZZ45H6MHAO,Amazon PLCC Free-Financing Universal Merchant AAT-MKLXOOZWQL7GO,Amazon PLCC Free-Financing Universal Merchant AAT-CB7UNXEXGIJTC,Amazon PLCC Free-Financing Universal Merchant #MP-gzasho-1593152694811,Amazon PLCC Free-Financing Universal Merchant AAT-WLBA4GZ52EAH4",False,Easy Ship,False
80032,406-7744906-8920366,05-07-22,Shipped,Amazon,Amazon.in,Expedited,SET374,SET374-KR-NP-S,Set,S,B09NDL6H2B,Shipped,1,INR,636.0,UDUPI,KARNATAKA,576114.0,IN,IN Core Free Shipping 2015/04/08 23-48-5-108,False,,False
55222,402-0109679-5527537,05-27-22,Shipped - Delivered to Buyer,Merchant,Amazon.in,Standard,J0089,J0089-TP-S,Top,S,B092D263PK,Shipped,1,INR,346.0,PIMPRI CHINCHWAD,MAHARASHTRA,411033.0,IN,"Amazon PLCC Free-Financing Universal Merchant AAT-WNKTBO3K27EJC,Amazon PLCC Free-Financing Universal Merchant AAT-QX3UCCJESKPA2,Amazon PLCC Free-Financing Universal Merchant AAT-5QQ7BIYYQEDN2,Amazon PLCC Free-Financing Universal Merchant AAT-DSJ2QRXXWXVMQ,Amazon PLCC Free-Financing Universal Merchant AAT-CXJHMC2YJUK76,Amazon PLCC Free-Financing Universal Merchant AAT-CC4FAVTYR4X7C,Amazon PLCC Free-Financing Universal Merchant AAT-FYWJCQHU2XQ2U,Amazon PLCC Free-Financing Universal Merchant AAT-EOKPWFWYW7Y6I,Amazon PLCC Free-Financing Universal Merchant AAT-FUBPFORDWEVT2,Amazon PLCC Free-Financing Universal Merchant AAT-CAK4QZ7KEFRQU,Amazon PLCC Free-Financing Universal Merchant AAT-YZJ5BRTPINRLK,Amazon PLCC Free-Financing Universal Merchant AAT-SNWJTEAZA2JRI,Amazon PLCC Free-Financing Universal Merchant AAT-BBJ6FVTP3QKBO,Amazon PLCC Free-Financing Universal Merchant AAT-BRSZZ45H6MHAO,Amazon PLCC Free-Financing Universal Merchant AAT-MKLXOOZWQL7GO,Amazon PLCC Free-Financing Universal Merchant AAT-CB7UNXEXGIJTC,Amazon PLCC Free-Financing Universal Merchant #MP-gzasho-1593152694811,Amazon PLCC Free-Financing Universal Merchant AAT-WLBA4GZ52EAH4",False,Easy Ship,False
50659,403-8822368-5813912,05-30-22,Shipped,Amazon,Amazon.in,Expedited,MEN5009,MEN5009-KR-S,kurta,S,B08YYZNFQG,Shipped,1,INR,709.0,BETUL,MADHYA PRADESH,460449.0,IN,IN Core Free Shipping 2015/04/08 23-48-5-108,False,,False
83245,405-1276193-8207566,05-04-22,Shipped,Amazon,Amazon.in,Expedited,JNE3366,JNE3366-KR-1053-M,kurta,M,B07T1XCJWG,Shipped,1,INR,376.0,AKOLA,MAHARASHTRA,444005.0,IN,Duplicated AYTJSBA8ZOP16 1567159860988,False,,False
55865,406-7860369-4795533,05-26-22,Shipped,Amazon,Amazon.in,Expedited,JNE3797,JNE3797-KR-M,Western Dress,M,B09SDY8DCT,Shipped,1,INR,771.0,MEJIA THERMAL POWER TOWNSHIP,WEST BENGAL,722183.0,IN,IN Core Free Shipping 2015/04/08 23-48-5-108,False,,False
98871,405-9112705-8029164,06-22-22,Shipped,Amazon,Amazon.in,Expedited,J0008,J0008-SKD-M,Set,M,B0894YTN3H,Shipped,1,INR,1075.0,UDUPI,KARNATAKA,576102.0,IN,IN Core Free Shipping 2015/04/08 23-48-5-108,False,,False
72985,406-2100590-7388354,05-12-22,Cancelled,Amazon,Amazon.in,Expedited,PSET264,PSET264-KR-NP-5XL,Set,5XL,B09M779C74,Cancelled,0,,,HYDERABAD,TELANGANA,500084.0,IN,,False,,False
78880,406-6605269-6395551,05-07-22,Shipped,Amazon,Amazon.in,Expedited,J0012,J0012-SKD-XXL,Set,XXL,B0894X9LNS,Shipped,1,INR,1137.0,BHILWARA,RAJASTHAN,311001.0,IN,IN Core Free Shipping 2015/04/08 23-48-5-108,False,,False
97087,408-4515187-3046749,06-24-22,Shipped,Amazon,Amazon.in,Standard,JNE3781,JNE3781-KR-S,kurta,S,B09K3WHHR1,Shipped,1,INR,0.0,ICHALKARANJI,MAHARASHTRA,416115.0,IN,,False,,False
76527,407-4341757-4534764,05-09-22,Shipped,Amazon,Amazon.in,Expedited,JNE2014,JNE2014-KR-178-XL,kurta,XL,B077MM3LFJ,Shipped,1,INR,359.0,KHARAGPUR,WEST BENGAL,721302.0,IN,,False,,False
59647,402-5933786-5105101,05-23-22,Shipped,Amazon,Amazon.in,Expedited,JNE3879,JNE3879-DR-XXL,Western Dress,XXL,B09SDZ9BRQ,Shipped,1,INR,661.0,AHMEDABAD,Gujarat,380015.0,IN,,False,,False
99545,403-4687439-1561944,06-22-22,Cancelled,Amazon,Amazon.in,Expedited,JNE3781,JNE3781-KR-L,kurta,L,B09K3XK9ZZ,Unshipped,1,INR,416.0,Hyderabad,TELANGANA,500084.0,IN,,False,,False
82374,406-1295693-8122707,05-05-22,Shipped - Delivered to Buyer,Merchant,Amazon.in,Standard,JNE3776,JNE3776-KR-S,kurta,S,B09K3RBN7T,Shipped,1,INR,301.0,KOCHI,KERALA,682006.0,IN,"Amazon PLCC Free-Financing Universal Merchant AAT-WNKTBO3K27EJC,Amazon PLCC Free-Financing Universal Merchant AAT-QX3UCCJESKPA2,Amazon PLCC Free-Financing Universal Merchant AAT-5QQ7BIYYQEDN2,Amazon PLCC Free-Financing Universal Merchant AAT-DSJ2QRXXWXVMQ,Amazon PLCC Free-Financing Universal Merchant AAT-CXJHMC2YJUK76,Amazon PLCC Free-Financing Universal Merchant AAT-CC4FAVTYR4X7C,Amazon PLCC Free-Financing Universal Merchant AAT-FYWJCQHU2XQ2U,Amazon PLCC Free-Financing Universal Merchant AAT-EOKPWFWYW7Y6I,Amazon PLCC Free-Financing Universal Merchant AAT-URPEBMPS7TSPE,Amazon PLCC Free-Financing Universal Merchant AAT-3R6UGYISJQCKA,Amazon PLCC Free-Financing Universal Merchant AAT-TREXU6MY3SEMI,Amazon PLCC Free-Financing Universal Merchant AAT-RVL5KAXRIWHV2,Amazon PLCC Free-Financing Universal Merchant AAT-BS2QIL3ZUUJDC,Amazon PLCC Free-Financing Universal Merchant AAT-BD2QQYQLU3K3Q,Amazon PLCC Free-Financing Universal Merchant AAT-7Z5FYSWV55YJ6,Amazon PLCC Free-Financing Universal Merchant AAT-KQRYFJZLTA6E2,Amazon PLCC Free-Financing Universal Merchant AAT-F6SN46VZWQOQI,Amazon PLCC Free-Financing Universal Merchant AAT-GL6VKXK3MYVP4,Amazon PLCC Free-Financing Universal Merchant AAT-26CRLBGU7BZ4I,Amazon PLCC Free-Financing Universal Merchant AAT-EC3WUB2OYMZJY,Amazon PLCC Free-Financing Universal Merchant AAT-LLHTF3J4EFYUO,Amazon PLCC Free-Financing Universal Merchant AAT-BRSZZ45H6MHAO,Amazon PLCC Free-Financing Universal Merchant AAT-MKLXOOZWQL7GO,Amazon PLCC Free-Financing Universal Merchant AAT-CB7UNXEXGIJTC,Amazon PLCC Free-Financing Universal Merchant #MP-gzasho-1593152694811,Amazon PLCC Free-Financing Universal Merchant AAT-WLBA4GZ52EAH4",False,Easy Ship,False
76158,404-7342431-3289157,05-09-22,Shipped,Amazon,Amazon.in,Expedited,J0164,J0164-DR-XXXL,Ethnic Dress,3XL,B08QGNBZ4C,Shipped,1,INR,373.0,GANDHINAGAR,Gujarat,382424.0,IN,,False,,False
61711,406-1057642-1985166,05-21-22,Shipped,Amazon,Amazon.in,Expedited,JNE3543,JNE3543-KR-XL,kurta,XL,B08HK4MG14,Shipped,1,INR,368.0,BALLIA,UTTAR PRADESH,277208.0,IN,,False,,False
77238,403-1378216-3498715,05-09-22,Cancelled,Amazon,Amazon.in,Expedited,MEN5014,MEN5014-KR-XXL,kurta,XXL,B08YYYB7PX,Unshipped,1,INR,655.0,BIKAPUR,UTTAR PRADESH,224204.0,IN,,False,,False
68353,404-5649550-8212343,05-16-22,Shipped - Delivered to Buyer,Merchant,Amazon.in,Standard,SET282,SET282-KR-PP-S,Set,S,B09CTBFKGS,Shipped,1,INR,1099.0,GURUGRAM,HARYANA,122001.0,IN,"Amazon PLCC Free-Financing Universal Merchant AAT-WNKTBO3K27EJC,Amazon PLCC Free-Financing Universal Merchant AAT-QX3UCCJESKPA2,Amazon PLCC Free-Financing Universal Merchant AAT-5QQ7BIYYQEDN2,Amazon PLCC Free-Financing Universal Merchant AAT-DSJ2QRXXWXVMQ,Amazon PLCC Free-Financing Universal Merchant AAT-CXJHMC2YJUK76,Amazon PLCC Free-Financing Universal Merchant AAT-SL3Y2YRMAUNFC,Amazon PLCC Free-Financing Universal Merchant AAT-CC4FAVTYR4X7C,Amazon PLCC Free-Financing Universal Merchant AAT-FYWJCQHU2XQ2U,Amazon PLCC Free-Financing Universal Merchant AAT-EOKPWFWYW7Y6I,Amazon PLCC Free-Financing Universal Merchant AAT-URPEBMPS7TSPE,Amazon PLCC Free-Financing Universal Merchant AAT-5ZEB2OGNZ32MC,Amazon PLCC Free-Financing Universal Merchant AAT-YZ2VQO2YM6YYM,Amazon PLCC Free-Financing Universal Merchant AAT-4EOBCMLXMLDGY,Amazon PLCC Free-Financing Universal Merchant AAT-UB6CYNTOQMM7C,Amazon PLCC Free-Financing Universal Merchant AAT-TNYBHEAO7HOHO,Amazon PLCC Free-Financing Universal Merchant AAT-BRSZZ45H6MHAO,Amazon PLCC Free-Financing Universal Merchant AAT-MKLXOOZWQL7GO,Amazon PLCC Free-Financing Universal Merchant AAT-CB7UNXEXGIJTC,Amazon PLCC Free-Financing Universal Merchant #MP-gzasho-1593152694811,Amazon PLCC Free-Financing Universal Merchant AAT-WLBA4GZ52EAH4,Amazon PLCC Free-Financing Universal Merchant AAT-QMFZ3M7T5NPDS,Amazon PLCC Free-Financing Universal Merchant #MP-pmilan-1601980554292",False,Easy Ship,False
99514,408-8549097-4545119,06-22-22,Shipped,Amazon,Amazon.in,Expedited,JNE3863,JNE3863-TU-XL,Top,XL,B09RMP3PSZ,Shipped,1,INR,0.0,NAGPUR,MAHARASHTRA,440024.0,IN,,False,,False
71724,405-6113605-0037111,05-13-22,Shipped,Amazon,Amazon.in,Expedited,JNE3739,JNE3739-KR-L,kurta,L,B099FC39QH,Shipped,1,INR,459.0,Chennai,TAMIL NADU,600017.0,IN,,False,,False
75924,405-6905557-7182710,05-10-22,Shipped,Amazon,Amazon.in,Expedited,J0004,J0004-SKD-XXXL,Set,3XL,B0894X1Q3M,Shipped,1,INR,1186.0,CHENNAI,TAMIL NADU,600094.0,IN,,False,,False
91389,408-1992903-4840342,06-29-22,Shipped,Amazon,Amazon.in,Expedited,SET304,SET304-KR-DPT-XS,Set,XS,B09K3LRR2T,Shipped,1,INR,1125.0,COIMBATORE,TAMIL NADU,641024.0,IN,IN Core Free Shipping 2015/04/08 23-48-5-108,False,,False
54772,406-9088305-2598726,05-27-22,Shipped,Amazon,Amazon.in,Expedited,J0339,J0339-DR-XL,Western Dress,XL,B0982ZDB2S,Shipped,1,INR,825.0,KALKA,HARYANA,133302.0,IN,IN Core Free Shipping 2015/04/08 23-48-5-108,False,,False
85204,404-7158739-4962723,05-03-22,Shipped,Amazon,Amazon.in,Expedited,JNE3787,JNE3787-KR-XXXL,kurta,3XL,B09RKCC8WS,Shipped,1,INR,487.0,Ghaziabad,UTTAR PRADESH,201014.0,IN,IN Core Free Shipping 2015/04/08 23-48-5-108,False,,False
77878,403-8130207-5628350,05-08-22,Shipped - Delivered to Buyer,Merchant,Amazon.in,Standard,BTM039,BTM039-PP-L,Bottom,L,B08KRL2YL2,Shipped,1,INR,360.0,SIBSAGAR,ASSAM,785664.0,IN,"Amazon PLCC Free-Financing Universal Merchant AAT-WNKTBO3K27EJC,Amazon PLCC Free-Financing Universal Merchant AAT-QX3UCCJESKPA2,Amazon PLCC Free-Financing Universal Merchant AAT-5QQ7BIYYQEDN2,Amazon PLCC Free-Financing Universal Merchant AAT-DSJ2QRXXWXVMQ,Amazon PLCC Free-Financing Universal Merchant AAT-CXJHMC2YJUK76,Amazon PLCC Free-Financing Universal Merchant AAT-CC4FAVTYR4X7C,Amazon PLCC Free-Financing Universal Merchant AAT-FYWJCQHU2XQ2U,Amazon PLCC Free-Financing Universal Merchant AAT-EOKPWFWYW7Y6I,Amazon PLCC Free-Financing Universal Merchant AAT-RVL5KAXRIWHV2,Amazon PLCC Free-Financing Universal Merchant AAT-BS2QIL3ZUUJDC,Amazon PLCC Free-Financing Universal Merchant AAT-BD2QQYQLU3K3Q,Amazon PLCC Free-Financing Universal Merchant AAT-7Z5FYSWV55YJ6,Amazon PLCC Free-Financing Universal Merchant AAT-KQRYFJZLTA6E2,Amazon PLCC Free-Financing Universal Merchant AAT-F6SN46VZWQOQI,Amazon PLCC Free-Financing Universal Merchant AAT-GL6VKXK3MYVP4,Amazon PLCC Free-Financing Universal Merchant AAT-26CRLBGU7BZ4I,Amazon PLCC Free-Financing Universal Merchant AAT-EC3WUB2OYMZJY,Amazon PLCC Free-Financing Universal Merchant AAT-LLHTF3J4EFYUO,Amazon PLCC Free-Financing Universal Merchant AAT-BRSZZ45H6MHAO,Amazon PLCC Free-Financing Universal Merchant AAT-MKLXOOZWQL7GO,Amazon PLCC Free-Financing Universal Merchant AAT-CB7UNXEXGIJTC,Amazon PLCC Free-Financing Universal Merchant #MP-gzasho-1593152694811,Amazon PLCC Free-Financing Universal Merchant AAT-WLBA4GZ52EAH4",False,Easy Ship,False
55874,404-3590899-0694757,05-26-22,Shipped - Returned to Seller,Merchant,Amazon.in,Standard,SET352,SET352-KR-NP-XXXL,Set,3XL,B09KXVLVT5,Shipped,1,INR,486.0,NARASIMHANAICKENPALAYAM,TAMIL NADU,641031.0,IN,"Amazon PLCC Free-Financing Universal Merchant AAT-WNKTBO3K27EJC,Amazon PLCC Free-Financing Universal Merchant AAT-QX3UCCJESKPA2,Amazon PLCC Free-Financing Universal Merchant AAT-5QQ7BIYYQEDN2,Amazon PLCC Free-Financing Universal Merchant AAT-DSJ2QRXXWXVMQ,Amazon PLCC Free-Financing Universal Merchant AAT-CXJHMC2YJUK76,Amazon PLCC Free-Financing Universal Merchant AAT-CC4FAVTYR4X7C,Amazon PLCC Free-Financing Universal Merchant AAT-FYWJCQHU2XQ2U,Amazon PLCC Free-Financing Universal Merchant AAT-EOKPWFWYW7Y6I,Amazon PLCC Free-Financing Universal Merchant AAT-ZE7TVXRI2VMF4,Amazon PLCC Free-Financing Universal Merchant AAT-BRSZZ45H6MHAO,Amazon PLCC Free-Financing Universal Merchant AAT-MKLXOOZWQL7GO,Amazon PLCC Free-Financing Universal Merchant AAT-CB7UNXEXGIJTC,Amazon PLCC Free-Financing Universal Merchant #MP-gzasho-1593152694811,Amazon PLCC Free-Financing Universal Merchant AAT-WLBA4GZ52EAH4",False,Easy Ship,False
67804,403-1120825-9020332,05-16-22,Shipped - Returned to Seller,Merchant,Amazon.in,Standard,JNE3421,JNE3421-KR-N-L,kurta,L,B08TRHPCDQ,Shipped,1,INR,449.0,SHILLONG,MEGHALAYA,793001.0,IN,"Amazon PLCC Free-Financing Universal Merchant AAT-WNKTBO3K27EJC,Amazon PLCC Free-Financing Universal Merchant AAT-QX3UCCJESKPA2,Amazon PLCC Free-Financing Universal Merchant AAT-5QQ7BIYYQEDN2,Amazon PLCC Free-Financing Universal Merchant AAT-DSJ2QRXXWXVMQ,Amazon PLCC Free-Financing Universal Merchant AAT-CXJHMC2YJUK76,Amazon PLCC Free-Financing Universal Merchant AAT-CC4FAVTYR4X7C,Amazon PLCC Free-Financing Universal Merchant AAT-FYWJCQHU2XQ2U,Amazon PLCC Free-Financing Universal Merchant AAT-EOKPWFWYW7Y6I,Amazon PLCC Free-Financing Universal Merchant AAT-YZ2VQO2YM6YYM,Amazon PLCC Free-Financing Universal Merchant AAT-4EOBCMLXMLDGY,Amazon PLCC Free-Financing Universal Merchant AAT-UB6CYNTOQMM7C,Amazon PLCC Free-Financing Universal Merchant AAT-BRSZZ45H6MHAO,Amazon PLCC Free-Financing Universal Merchant AAT-MKLXOOZWQL7GO,Amazon PLCC Free-Financing Universal Merchant AAT-CB7UNXEXGIJTC,Amazon PLCC Free-Financing Universal Merchant #MP-gzasho-1593152694811,Amazon PLCC Free-Financing Universal Merchant AAT-WLBA4GZ52EAH4",False,Easy Ship,False
84223,408-2352018-6377123,05-04-22,Shipped,Amazon,Amazon.in,Standard,J0119,J0119-TP-M,Top,M,B08RYQNCQ1,Shipped,1,INR,0.0,Bangalore,KARNATAKA,560016.0,IN,,False,,False
57841,402-2016917-5436307,05-25-22,Shipped,Amazon,Amazon.in,Expedited,SET397,SET397-KR-NP  -M,Set,M,B09RKD6KWL,Shipped,1,INR,999.0,NEW DELHI,DELHI,110045.0,IN,IN Core Free Shipping 2015/04/08 23-48-5-108,False,,False
65922,403-0465272-4825146,05-18-22,Cancelled,Merchant,Amazon.in,Standard,SET396,SET396-KR-PP-S,Set,S,B09TH6SLT5,,0,INR,940.95,MUMBAI,MAHARASHTRA,400037.0,IN,,False,Easy Ship,False
78366,408-2505311-9850711,05-08-22,Shipped,Amazon,Amazon.in,Expedited,JNE3732,JNE3732-KR-XXL,kurta,XXL,B09RKDSJ41,Shipped,1,INR,418.0,NEW DELHI,DELHI,110025.0,IN,IN Core Free Shipping 2015/04/08 23-48-5-108,False,,False
62083,404-4450373-7487502,05-21-22,Shipped,Amazon,Amazon.in,Expedited,JNE3373,JNE3373-KR-XXL,kurta,XXL,B082W8RWN1,Shipped,1,INR,382.0,PUNE,MAHARASHTRA,411041.0,IN,IN Core Free Shipping 2015/04/08 23-48-5-108,False,,False
70033,403-1342327-9797911,05-15-22,Shipped - Delivered to Buyer,Merchant,Amazon.in,Standard,JNE3797,JNE3797-KR-M,Western Dress,M,B09SDY8DCT,Shipped,1,INR,771.0,MADHURAWADA,ANDHRA PRADESH,531163.0,IN,"Amazon PLCC Free-Financing Universal Merchant AAT-WNKTBO3K27EJC,Amazon PLCC Free-Financing Universal Merchant AAT-QX3UCCJESKPA2,Amazon PLCC Free-Financing Universal Merchant AAT-5QQ7BIYYQEDN2,Amazon PLCC Free-Financing Universal Merchant AAT-DSJ2QRXXWXVMQ,Amazon PLCC Free-Financing Universal Merchant AAT-CXJHMC2YJUK76,Amazon PLCC Free-Financing Universal Merchant AAT-SL3Y2YRMAUNFC,Amazon PLCC Free-Financing Universal Merchant AAT-CC4FAVTYR4X7C,Amazon PLCC Free-Financing Universal Merchant AAT-FYWJCQHU2XQ2U,Amazon PLCC Free-Financing Universal Merchant AAT-EOKPWFWYW7Y6I,Amazon PLCC Free-Financing Universal Merchant AAT-URPEBMPS7TSPE,Amazon PLCC Free-Financing Universal Merchant AAT-5ZEB2OGNZ32MC,Amazon PLCC Free-Financing Universal Merchant AAT-YZ2VQO2YM6YYM,Amazon PLCC Free-Financing Universal Merchant AAT-4EOBCMLXMLDGY,Amazon PLCC Free-Financing Universal Merchant AAT-UB6CYNTOQMM7C,Amazon PLCC Free-Financing Universal Merchant AAT-TNYBHEAO7HOHO,Amazon PLCC Free-Financing Universal Merchant AAT-BRSZZ45H6MHAO,Amazon PLCC Free-Financing Universal Merchant AAT-MKLXOOZWQL7GO,Amazon PLCC Free-Financing Universal Merchant AAT-CB7UNXEXGIJTC,Amazon PLCC Free-Financing Universal Merchant #MP-gzasho-1593152694811,Amazon PLCC Free-Financing Universal Merchant AAT-WLBA4GZ52EAH4,Amazon PLCC Free-Financing Universal Merchant AAT-QMFZ3M7T5NPDS,Amazon PLCC Free-Financing Universal Merchant #MP-pmilan-1601980554292",False,Easy Ship,False
64487,403-0412445-3032336,05-19-22,Shipped - Delivered to Buyer,Merchant,Amazon.in,Standard,JNE3720,JNE3720-KR-L,kurta,L,B099NMS7VM,Shipped,1,INR,517.0,BATHALAPALLE,ANDHRA PRADESH,515661.0,IN,"Amazon PLCC Free-Financing Universal Merchant AAT-WNKTBO3K27EJC,Amazon PLCC Free-Financing Universal Merchant AAT-QX3UCCJESKPA2,Amazon PLCC Free-Financing Universal Merchant AAT-5QQ7BIYYQEDN2,Amazon PLCC Free-Financing Universal Merchant AAT-DSJ2QRXXWXVMQ,Amazon PLCC Free-Financing Universal Merchant AAT-CXJHMC2YJUK76,Amazon PLCC Free-Financing Universal Merchant AAT-SL3Y2YRMAUNFC,Amazon PLCC Free-Financing Universal Merchant AAT-CC4FAVTYR4X7C,Amazon PLCC Free-Financing Universal Merchant AAT-FYWJCQHU2XQ2U,Amazon PLCC Free-Financing Universal Merchant AAT-CXNSLNBROFDW4,Amazon PLCC Free-Financing Universal Merchant AAT-WSJLDN3X7KEMO,Amazon PLCC Free-Financing Universal Merchant AAT-VL6FGQVGQVXUS,Amazon PLCC Free-Financing Universal Merchant AAT-EOKPWFWYW7Y6I,Amazon PLCC Free-Financing Universal Merchant AAT-URPEBMPS7TSPE,Amazon PLCC Free-Financing Universal Merchant AAT-5ZEB2OGNZ32MC,Amazon PLCC Free-Financing Universal Merchant AAT-BAO77QKKMJQIM,Amazon PLCC Free-Financing Universal Merchant AAT-4ZN7U6MMDFGWM,Amazon PLCC Free-Financing Universal Merchant AAT-PAWHL2EB33U42,Amazon PLCC Free-Financing Universal Merchant AAT-7WX4JYESZISLU,Amazon PLCC Free-Financing Universal Merchant AAT-CIX56SGGAWUYW,Amazon PLCC Free-Financing Universal Merchant AAT-DMQVBJASKTAHS,Amazon PLCC Free-Financing Universal Merchant AAT-BRSZZ45H6MHAO,Amazon PLCC Free-Financing Universal Merchant AAT-MKLXOOZWQL7GO,Amazon PLCC Free-Financing Universal Merchant AAT-CB7UNXEXGIJTC,Amazon PLCC Free-Financing Universal Merchant #MP-gzasho-1593152694811,Amazon PLCC Free-Financing Universal Merchant AAT-WLBA4GZ52EAH4",False,Easy Ship,False
70818,402-2490178-6345161,05-14-22,Shipped,Amazon,Amazon.in,Expedited,JNE3805,JNE3805-KR-L,kurta,L,B09K3ZKHMW,Shipped,1,INR,487.0,AKOLA,MAHARASHTRA,444104.0,IN,IN Core Free Shipping 2015/04/08 23-48-5-108,False,,False
87517,408-6193187-4102738,05-02-22,Shipped,Amazon,Amazon.in,Expedited,J0230,J0230-SKD-S,Set,S,B08XNJ19QH,Shipped,1,INR,1111.0,GURUGRAM,HARYANA,122018.0,IN,IN Core Free Shipping 2015/04/08 23-48-5-108,False,,False
94235,407-9221321-6485937,06-26-22,Shipped,Amazon,Amazon.in,Expedited,JNE2049,JNE2049-KR-351-S,kurta,S,B076HL83ZR,Shipped,1,INR,435.0,JAMMIKUNTA,TELANGANA,505122.0,IN,,False,,False
98650,407-8893325-4161913,06-22-22,Shipped - Delivered to Buyer,Merchant,Amazon.in,Standard,JNE3887,JNE3887-KR-XXXL,kurta,3XL,B09TZZ96LZ,Shipped,1,INR,510.0,SURAT,Gujarat,395009.0,IN,"Amazon PLCC Free-Financing Universal Merchant AAT-WNKTBO3K27EJC,Amazon PLCC Free-Financing Universal Merchant AAT-QX3UCCJESKPA2,Amazon PLCC Free-Financing Universal Merchant AAT-5QQ7BIYYQEDN2,Amazon PLCC Free-Financing Universal Merchant AAT-DSJ2QRXXWXVMQ,Amazon PLCC Free-Financing Universal Merchant AAT-CXJHMC2YJUK76,Amazon PLCC Free-Financing Universal Merchant AAT-SL3Y2YRMAUNFC,Amazon PLCC Free-Financing Universal Merchant AAT-CC4FAVTYR4X7C,Amazon PLCC Free-Financing Universal Merchant AAT-EWAPBB6BDRGM6,Amazon PLCC Free-Financing Universal Merchant AAT-R7GXNZWISTRFA,Amazon PLCC Free-Financing Universal Merchant AAT-EOKPWFWYW7Y6I,Amazon PLCC Free-Financing Universal Merchant AAT-NT3ZJJGQ3JK3Q,Amazon PLCC Free-Financing Universal Merchant AAT-AMKH7SAAONETC,Amazon PLCC Free-Financing Universal Merchant AAT-56XNPXK2K7OLI,Amazon PLCC Free-Financing Universal Merchant AAT-6XVEGAWJUJYXG,Amazon PLCC Free-Financing Universal Merchant AAT-BOWEMQBNNNHBK,Amazon PLCC Free-Financing Universal Merchant AAT-SKYXW7T3UZBGO,Amazon PLCC Free-Financing Universal Merchant AAT-ONHQI6RQUNGB6,VPC-44571-44201770 Coupon,Amazon PLCC Free-Financing Universal Merchant AAT-7L53RVBBSPI3S,Amazon PLCC Free-Financing Universal Merchant AAT-FXGH5APHPAWRQ,Amazon PLCC Free-Financing Universal Merchant AAT-TNYBHEAO7HOHO,Amazon PLCC Free-Financing Universal Merchant AAT-BRSZZ45H6MHAO,Amazon PLCC Free-Financing Universal Merchant AAT-MKLXOOZWQL7GO,Amazon PLCC Free-Financing Universal Merchant AAT-CB7UNXEXGIJTC,Amazon PLCC Free-Financing Universal Merchant #MP-gzasho-1593152694811,Amazon PLCC Free-Financing Universal Merchant AAT-WLBA4GZ52EAH4,Amazon PLCC Free-Financing Universal Merchant AAT-QMFZ3M7T5NPDS,Amazon PLCC Free-Financing Universal Merchant #MP-pmilan-1601980554292",False,Easy Ship,False
86235,404-5796717-6955522,05-03-22,Cancelled,Amazon,Amazon.in,Expedited,J0339,J0339-DR-L,Western Dress,L,B098315N2Z,Cancelled,0,,,Nadakuduru,ANDHRA PRADESH,533016.0,IN,,False,,False
71069,402-2129267-7939568,05-14-22,Shipped - Returned to Seller,Merchant,Amazon.in,Standard,JNE3284,JNE3284-KR-XXL,kurta,XXL,B07R3KQQSD,Shipped,1,INR,324.0,VISAKHAPATNAM,ANDHRA PRADESH,530015.0,IN,"Amazon PLCC Free-Financing Universal Merchant AAT-WNKTBO3K27EJC,Amazon PLCC Free-Financing Universal Merchant AAT-QX3UCCJESKPA2,Amazon PLCC Free-Financing Universal Merchant AAT-5QQ7BIYYQEDN2,Amazon PLCC Free-Financing Universal Merchant AAT-DSJ2QRXXWXVMQ,Amazon PLCC Free-Financing Universal Merchant AAT-CXJHMC2YJUK76,Amazon PLCC Free-Financing Universal Merchant AAT-CC4FAVTYR4X7C,Amazon PLCC Free-Financing Universal Merchant AAT-FYWJCQHU2XQ2U,Amazon PLCC Free-Financing Universal Merchant AAT-EOKPWFWYW7Y6I,Amazon PLCC Free-Financing Universal Merchant AAT-2MN4SWBDTUSNI,Amazon PLCC Free-Financing Universal Merchant AAT-4VFZUZS2EO5J2,Amazon PLCC Free-Financing Universal Merchant AAT-YZ2VQO2YM6YYM,Amazon PLCC Free-Financing Universal Merchant AAT-4EOBCMLXMLDGY,Amazon PLCC Free-Financing Universal Merchant AAT-UB6CYNTOQMM7C,Amazon PLCC Free-Financing Universal Merchant AAT-BRSZZ45H6MHAO,Amazon PLCC Free-Financing Universal Merchant AAT-MKLXOOZWQL7GO,Amazon PLCC Free-Financing Universal Merchant AAT-CB7UNXEXGIJTC,Amazon PLCC Free-Financing Universal Merchant #MP-gzasho-1593152694811,Amazon PLCC Free-Financing Universal Merchant AAT-WLBA4GZ52EAH4",False,Easy Ship,False
59523,402-4575985-1391508,05-23-22,Shipped,Amazon,Amazon.in,Expedited,JNE3691,JNE3691-TU-M,Top,M,B0986YS2YT,Shipped,1,INR,690.0,BID,MAHARASHTRA,431122.0,IN,IN Core Free Shipping 2015/04/08 23-48-5-108,False,,False
82755,406-0395870-3519506,05-05-22,Shipped - Returned to Seller,Merchant,Amazon.in,Standard,J0341,J0341-DR-XL,Western Dress,XL,B099NQJZPQ,Shipped,1,INR,743.0,THAZHUTHALA,KERALA,691304.0,IN,"Amazon PLCC Free-Financing Universal Merchant AAT-WNKTBO3K27EJC,Amazon PLCC Free-Financing Universal Merchant AAT-QX3UCCJESKPA2,Amazon PLCC Free-Financing Universal Merchant AAT-5QQ7BIYYQEDN2,Amazon PLCC Free-Financing Universal Merchant AAT-DSJ2QRXXWXVMQ,Amazon PLCC Free-Financing Universal Merchant AAT-CXJHMC2YJUK76,Amazon PLCC Free-Financing Universal Merchant AAT-CC4FAVTYR4X7C,Amazon PLCC Free-Financing Universal Merchant AAT-FYWJCQHU2XQ2U,Amazon PLCC Free-Financing Universal Merchant AAT-EOKPWFWYW7Y6I,Amazon PLCC Free-Financing Universal Merchant AAT-URPEBMPS7TSPE,Amazon PLCC Free-Financing Universal Merchant AAT-3R6UGYISJQCKA,Amazon PLCC Free-Financing Universal Merchant AAT-RVL5KAXRIWHV2,Amazon PLCC Free-Financing Universal Merchant AAT-BS2QIL3ZUUJDC,Amazon PLCC Free-Financing Universal Merchant AAT-BD2QQYQLU3K3Q,Amazon PLCC Free-Financing Universal Merchant AAT-7Z5FYSWV55YJ6,Amazon PLCC Free-Financing Universal Merchant AAT-KQRYFJZLTA6E2,Amazon PLCC Free-Financing Universal Merchant AAT-F6SN46VZWQOQI,Amazon PLCC Free-Financing Universal Merchant AAT-GL6VKXK3MYVP4,Amazon PLCC Free-Financing Universal Merchant AAT-26CRLBGU7BZ4I,Amazon PLCC Free-Financing Universal Merchant AAT-EC3WUB2OYMZJY,Amazon PLCC Free-Financing Universal Merchant AAT-LLHTF3J4EFYUO,Amazon PLCC Free-Financing Universal Merchant AAT-BRSZZ45H6MHAO,Amazon PLCC Free-Financing Universal Merchant AAT-MKLXOOZWQL7GO,Amazon PLCC Free-Financing Universal Merchant AAT-CB7UNXEXGIJTC,Amazon PLCC Free-Financing Universal Merchant #MP-gzasho-1593152694811,Amazon PLCC Free-Financing Universal Merchant AAT-WLBA4GZ52EAH4",False,Easy Ship,False
62053,171-9168795-6056362,05-21-22,Shipped - Delivered to Buyer,Merchant,Amazon.in,Standard,J0341,J0341-DR-S,Western Dress,S,B099NR7612,Shipped,1,INR,885.0,NOIDA,UTTAR PRADESH,201301.0,IN,"Amazon PLCC Free-Financing Universal Merchant AAT-WNKTBO3K27EJC,Amazon PLCC Free-Financing Universal Merchant AAT-QX3UCCJESKPA2,Amazon PLCC Free-Financing Universal Merchant AAT-5QQ7BIYYQEDN2,Amazon PLCC Free-Financing Universal Merchant AAT-DSJ2QRXXWXVMQ,Amazon PLCC Free-Financing Universal Merchant AAT-CXJHMC2YJUK76,Amazon PLCC Free-Financing Universal Merchant AAT-SL3Y2YRMAUNFC,Amazon PLCC Free-Financing Universal Merchant AAT-CC4FAVTYR4X7C,Amazon PLCC Free-Financing Universal Merchant AAT-FYWJCQHU2XQ2U,Amazon PLCC Free-Financing Universal Merchant AAT-EOKPWFWYW7Y6I,Amazon PLCC Free-Financing Universal Merchant AAT-URPEBMPS7TSPE,Amazon PLCC Free-Financing Universal Merchant AAT-5ZEB2OGNZ32MC,Amazon PLCC Free-Financing Universal Merchant AAT-4ZN7U6MMDFGWM,Amazon PLCC Free-Financing Universal Merchant AAT-PAWHL2EB33U42,Amazon PLCC Free-Financing Universal Merchant AAT-7WX4JYESZISLU,Amazon PLCC Free-Financing Universal Merchant AAT-CIX56SGGAWUYW,Amazon PLCC Free-Financing Universal Merchant AAT-DMQVBJASKTAHS,Amazon PLCC Free-Financing Universal Merchant AAT-H7DZACP4NHMJM,Amazon PLCC Free-Financing Universal Merchant AAT-TNYBHEAO7HOHO,Amazon PLCC Free-Financing Universal Merchant AAT-BRSZZ45H6MHAO,Amazon PLCC Free-Financing Universal Merchant AAT-MKLXOOZWQL7GO,Amazon PLCC Free-Financing Universal Merchant AAT-CB7UNXEXGIJTC,Amazon PLCC Free-Financing Universal Merchant #MP-gzasho-1593152694811,Amazon PLCC Free-Financing Universal Merchant AAT-WLBA4GZ52EAH4,Amazon PLCC Free-Financing Universal Merchant AAT-QMFZ3M7T5NPDS,Amazon PLCC Free-Financing Universal Merchant #MP-pmilan-1601980554292",False,Easy Ship,False
73593,403-4813964-7277139,05-11-22,Shipped,Amazon,Amazon.in,Expedited,SET436,SET436-KR-NP-S,Set,S,B09YNXHLPC,Shipped,1,INR,1399.0,Saharanpur,UTTAR PRADESH,247001.0,IN,IN Core Free Shipping 2015/04/08 23-48-5-108,False,,False
58037,402-3451729-7705130,05-25-22,Shipped,Amazon,Amazon.in,Expedited,J0341,J0341-DR-L,Western Dress,L,B099NRCT7B,Shipped,1,INR,885.0,TIRUCHIRAPPALLI,TAMIL NADU,620021.0,IN,IN Core Free Shipping 2015/04/08 23-48-5-108,False,,False
96976,402-6351445-1799502,06-24-22,Shipped,Amazon,Amazon.in,Expedited,JNE3368,JNE3368-KR-XXL,kurta,XXL,B081WSWWL7,Shipped,1,INR,471.0,KOTTAYAM,KERALA,686019.0,IN,IN Core Free Shipping 2015/04/08 23-48-5-108,False,,False
66399,407-1494138-8073939,05-17-22,Shipped,Amazon,Amazon.in,Expedited,NW031,NW031-TP-PJ-S,Set,S,B0928Z44H8,Shipped,1,INR,582.0,NEW DELHI,DELHI,110091.0,IN,IN Core Free Shipping 2015/04/08 23-48-5-108,False,,False
95785,406-7101056-7953156,06-25-22,Shipped,Amazon,Amazon.in,Expedited,JNE3801,JNE3801-KR-S,kurta,S,B09SDY68JK,Shipped,1,INR,735.0,ANANTAPUR,ANDHRA PRADESH,515001.0,IN,IN Core Free Shipping 2015/04/08 23-48-5-108,False,,False
84615,407-2204372-1150711,05-04-22,Shipped - Delivered to Buyer,Merchant,Amazon.in,Standard,SET377,SET377-KR-NP-XL,Set,XL,B09TZW311V,Shipped,1,INR,1238.0,Gorakhpur,UTTAR PRADESH,273015.0,IN,"Amazon PLCC Free-Financing Universal Merchant AAT-WNKTBO3K27EJC,Amazon PLCC Free-Financing Universal Merchant AAT-QX3UCCJESKPA2,Amazon PLCC Free-Financing Universal Merchant AAT-5QQ7BIYYQEDN2,Amazon PLCC Free-Financing Universal Merchant AAT-DSJ2QRXXWXVMQ,Amazon PLCC Free-Financing Universal Merchant AAT-CXJHMC2YJUK76,Amazon PLCC Free-Financing Universal Merchant AAT-CC4FAVTYR4X7C,Amazon PLCC Free-Financing Universal Merchant AAT-FYWJCQHU2XQ2U,Amazon PLCC Free-Financing Universal Merchant AAT-EOKPWFWYW7Y6I,Amazon PLCC Free-Financing Universal Merchant AAT-URPEBMPS7TSPE,Amazon PLCC Free-Financing Universal Merchant AAT-3R6UGYISJQCKA,Amazon PLCC Free-Financing Universal Merchant AAT-RVL5KAXRIWHV2,Amazon PLCC Free-Financing Universal Merchant AAT-BS2QIL3ZUUJDC,Amazon PLCC Free-Financing Universal Merchant AAT-BD2QQYQLU3K3Q,Amazon PLCC Free-Financing Universal Merchant AAT-7Z5FYSWV55YJ6,Amazon PLCC Free-Financing Universal Merchant AAT-KQRYFJZLTA6E2,Amazon PLCC Free-Financing Universal Merchant AAT-F6SN46VZWQOQI,Amazon PLCC Free-Financing Universal Merchant AAT-GL6VKXK3MYVP4,Amazon PLCC Free-Financing Universal Merchant AAT-26CRLBGU7BZ4I,Amazon PLCC Free-Financing Universal Merchant AAT-EC3WUB2OYMZJY,Amazon PLCC Free-Financing Universal Merchant AAT-LLHTF3J4EFYUO,Amazon PLCC Free-Financing Universal Merchant AAT-BRSZZ45H6MHAO,Amazon PLCC Free-Financing Universal Merchant AAT-MKLXOOZWQL7GO,Amazon PLCC Free-Financing Universal Merchant AAT-CB7UNXEXGIJTC,Amazon PLCC Free-Financing Universal Merchant #MP-gzasho-1593152694811,Amazon PLCC Free-Financing Universal Merchant AAT-WLBA4GZ52EAH4",False,Easy Ship,False
57624,403-0870071-0012325,05-25-22,Shipped,Amazon,Amazon.in,Expedited,MEN5004,MEN5004-KR-XL,kurta,XL,B08YZ19332,Shipped,1,INR,709.0,HYDERABAD,TELANGANA,500090.0,IN,,False,,False
63661,405-3435755-4443561,05-20-22,Shipped - Delivered to Buyer,Merchant,Amazon.in,Standard,J0217,J0217-BL-S,Blouse,S,B09KXW47QT,Shipped,1,INR,665.0,TIRUCHENGODE,TAMIL NADU,637211.0,IN,"Amazon PLCC Free-Financing Universal Merchant AAT-WNKTBO3K27EJC,Amazon PLCC Free-Financing Universal Merchant AAT-QX3UCCJESKPA2,Amazon PLCC Free-Financing Universal Merchant AAT-5QQ7BIYYQEDN2,Amazon PLCC Free-Financing Universal Merchant AAT-DSJ2QRXXWXVMQ,Amazon PLCC Free-Financing Universal Merchant AAT-CXJHMC2YJUK76,Amazon PLCC Free-Financing Universal Merchant AAT-SL3Y2YRMAUNFC,Amazon PLCC Free-Financing Universal Merchant AAT-CC4FAVTYR4X7C,Amazon PLCC Free-Financing Universal Merchant AAT-FYWJCQHU2XQ2U,Amazon PLCC Free-Financing Universal Merchant AAT-EOKPWFWYW7Y6I,Amazon PLCC Free-Financing Universal Merchant AAT-URPEBMPS7TSPE,Amazon PLCC Free-Financing Universal Merchant AAT-5ZEB2OGNZ32MC,Amazon PLCC Free-Financing Universal Merchant AAT-4ZN7U6MMDFGWM,Amazon PLCC Free-Financing Universal Merchant AAT-PAWHL2EB33U42,Amazon PLCC Free-Financing Universal Merchant AAT-7WX4JYESZISLU,Amazon PLCC Free-Financing Universal Merchant AAT-CIX56SGGAWUYW,Amazon PLCC Free-Financing Universal Merchant AAT-DMQVBJASKTAHS,Amazon PLCC Free-Financing Universal Merchant AAT-OZQCPML255CW2,Amazon PLCC Free-Financing Universal Merchant AAT-BRSZZ45H6MHAO,Amazon PLCC Free-Financing Universal Merchant AAT-MKLXOOZWQL7GO,Amazon PLCC Free-Financing Universal Merchant AAT-CB7UNXEXGIJTC,Amazon PLCC Free-Financing Universal Merchant #MP-gzasho-1593152694811,Amazon PLCC Free-Financing Universal Merchant AAT-WLBA4GZ52EAH4,Amazon PLCC Free-Financing Universal Merchant #MP-pmilan-1601980554292",False,Easy Ship,False
87736,406-1136142-5697966,05-02-22,Shipped,Amazon,Amazon.in,Expedited,SET345,SET345-KR-NP-XS,Set,XS,B09KXSVTDB,Shipped,1,INR,626.0,JAIPUR,RAJASTHAN,302003.0,IN,IN Core Free Shipping 2015/04/08 23-48-5-108,False,,False
76541,408-6450573-2206725,05-09-22,Shipped,Amazon,Amazon.in,Expedited,JNE3368,JNE3368-KR-L,kurta,L,B081X4S825,Shipped,1,INR,471.0,THANE,MAHARASHTRA,400610.0,IN,,False,,False
63267,405-0218040-4049122,05-20-22,Shipped,Amazon,Amazon.in,Expedited,SET324,SET324-KR-NP-XL,Set,XL,B09NQ4QS13,Shipped,1,INR,635.0,Mumbai,MAHARASHTRA,401209.0,IN,IN Core Free Shipping 2015/04/08 23-48-5-108,False,,False
68082,405-9159899-1569145,05-16-22,Shipped,Amazon,Amazon.in,Expedited,JNE3793,JNE3793-KR-XXXL,kurta,3XL,B09NQ7PCW9,Shipped,1,INR,355.0,RAMAGUNDAM,TELANGANA,505209.0,IN,Duplicated AYTJSBA8ZOP16 1567159860988,False,,False
98085,408-2805863-0213136,06-23-22,Shipped - Delivered to Buyer,Merchant,Amazon.in,Standard,JNE3459,JNE3459-KR-XXL,kurta,XXL,B08BFCB1KR,Shipped,1,INR,399.0,Chennai,TAMIL NADU,600056.0,IN,"Amazon PLCC Free-Financing Universal Merchant AAT-WNKTBO3K27EJC,Amazon PLCC Free-Financing Universal Merchant AAT-QX3UCCJESKPA2,Amazon PLCC Free-Financing Universal Merchant AAT-5QQ7BIYYQEDN2,Amazon PLCC Free-Financing Universal Merchant AAT-DSJ2QRXXWXVMQ,Amazon PLCC Free-Financing Universal Merchant AAT-CXJHMC2YJUK76,Amazon PLCC Free-Financing Universal Merchant AAT-CC4FAVTYR4X7C,Amazon PLCC Free-Financing Universal Merchant AAT-EWAPBB6BDRGM6,Amazon PLCC Free-Financing Universal Merchant AAT-EOKPWFWYW7Y6I,Amazon PLCC Free-Financing Universal Merchant AAT-NT3ZJJGQ3JK3Q,Amazon PLCC Free-Financing Universal Merchant AAT-7IFG6TWAZNCBQ,Amazon PLCC Free-Financing Universal Merchant AAT-BOWEMQBNNNHBK,Amazon PLCC Free-Financing Universal Merchant AAT-SKYXW7T3UZBGO,Amazon PLCC Free-Financing Universal Merchant AAT-ONHQI6RQUNGB6,Amazon PLCC Free-Financing Universal Merchant AAT-UFMRPWCRGE2ZM,Amazon PLCC Free-Financing Universal Merchant AAT-SF4YGC5K3O574,Amazon PLCC Free-Financing Universal Merchant AAT-SUBB5QVZKACYG,Amazon PLCC Free-Financing Universal Merchant AAT-CF5ZF57364I7G,Amazon PLCC Free-Financing Universal Merchant AAT-BRSZZ45H6MHAO,Amazon PLCC Free-Financing Universal Merchant AAT-MKLXOOZWQL7GO,Amazon PLCC Free-Financing Universal Merchant AAT-CB7UNXEXGIJTC,Amazon PLCC Free-Financing Universal Merchant #MP-gzasho-1593152694811,Amazon PLCC Free-Financing Universal Merchant AAT-WLBA4GZ52EAH4",False,Easy Ship,False
92767,402-9266865-1077155,06-28-22,Shipped,Amazon,Amazon.in,Expedited,J0008,J0008-SKD-XXL,Set,XXL,B0894WT71H,Shipped,1,INR,1075.0,BENGALURU,KARNATAKA,560043.0,IN,IN Core Free Shipping 2015/04/08 23-48-5-108,False,,False
54070,402-2188650-2627534,05-28-22,Shipped,Amazon,Amazon.in,Expedited,JNE3484,JNE3484-KR-XXL,kurta,XXL,B08W8NSFRH,Shipped,1,INR,301.0,PUNE,MAHARASHTRA,411033.0,IN,IN Core Free Shipping 2015/04/08 23-48-5-108,False,,False
66286,407-3223989-0829145,05-18-22,Shipped,Amazon,Amazon.in,Expedited,MEN5014,MEN5014-KR-XXL,kurta,XXL,B08YYYB7PX,Shipped,1,INR,665.0,COIMBATORE,TAMIL NADU,641041.0,IN,,False,,False
51118,407-2625977-5370729,05-30-22,Shipped - Delivered to Buyer,Merchant,Amazon.in,Standard,J0281,J0281-SKD-L,Set,L,B08QGMNRBT,Shipped,1,INR,1477.0,SURAT,Gujarat,395007.0,IN,"Amazon PLCC Free-Financing Universal Merchant AAT-WNKTBO3K27EJC,Amazon PLCC Free-Financing Universal Merchant AAT-QX3UCCJESKPA2,Amazon PLCC Free-Financing Universal Merchant AAT-5QQ7BIYYQEDN2,Amazon PLCC Free-Financing Universal Merchant AAT-DSJ2QRXXWXVMQ,Amazon PLCC Free-Financing Universal Merchant AAT-CXJHMC2YJUK76,Amazon PLCC Free-Financing Universal Merchant AAT-CC4FAVTYR4X7C,Amazon PLCC Free-Financing Universal Merchant AAT-FYWJCQHU2XQ2U,Amazon PLCC Free-Financing Universal Merchant AAT-EOKPWFWYW7Y6I,Amazon PLCC Free-Financing Universal Merchant AAT-URPEBMPS7TSPE,Amazon PLCC Free-Financing Universal Merchant AAT-5ZEB2OGNZ32MC,Amazon PLCC Free-Financing Universal Merchant AAT-CAK4QZ7KEFRQU,Amazon PLCC Free-Financing Universal Merchant AAT-YZJ5BRTPINRLK,Amazon PLCC Free-Financing Universal Merchant AAT-SNWJTEAZA2JRI,Amazon PLCC Free-Financing Universal Merchant AAT-BBJ6FVTP3QKBO,Amazon PLCC Free-Financing Universal Merchant AAT-BRSZZ45H6MHAO,Amazon PLCC Free-Financing Universal Merchant AAT-MKLXOOZWQL7GO,Amazon PLCC Free-Financing Universal Merchant AAT-CB7UNXEXGIJTC,Amazon PLCC Free-Financing Universal Merchant #MP-gzasho-1593152694811,Amazon PLCC Free-Financing Universal Merchant AAT-WLBA4GZ52EAH4,Amazon PLCC Free-Financing Universal Merchant #MP-pmilan-1601980554292",False,Easy Ship,False
60074,405-4131522-7836348,05-23-22,Shipped,Amazon,Amazon.in,Expedited,SET328,SET328-KR-NP-L,Set,L,B09K3DV6Q9,Shipped,1,INR,545.0,NEW DELHI,DELHI,110062.0,IN,,False,,False
61373,406-6619527-5622715,05-22-22,Shipped,Amazon,Amazon.in,Expedited,SET396,SET396-KR-PP-XS,Set,XS,B09TH7F1QB,Shipped,1,INR,988.0,MAJHIHARA,ODISHA,752103.0,IN,IN Core Free Shipping 2015/04/08 23-48-5-108,False,,False
82684,408-6355481-1836325,05-05-22,Shipped,Amazon,Amazon.in,Expedited,PJNE2199,PJNE2199-KR-N-5XL,kurta,5XL,B09LD4H4J5,Shipped,1,INR,431.0,MUMBAI,MAHARASHTRA,400067.0,IN,,False,,False
96433,406-0903334-1061945,06-24-22,Shipped - Delivered to Buyer,Merchant,Amazon.in,Standard,SET203,SET203-KR-DPT-L,Set,L,B08MYV6C3Y,Shipped,1,INR,416.0,MUMBAI,MAHARASHTRA,400011.0,IN,"Amazon PLCC Free-Financing Universal Merchant AAT-WNKTBO3K27EJC,Amazon PLCC Free-Financing Universal Merchant AAT-QX3UCCJESKPA2,Amazon PLCC Free-Financing Universal Merchant AAT-5QQ7BIYYQEDN2,Amazon PLCC Free-Financing Universal Merchant AAT-DSJ2QRXXWXVMQ,Amazon PLCC Free-Financing Universal Merchant AAT-CXJHMC2YJUK76,Amazon PLCC Free-Financing Universal Merchant AAT-CC4FAVTYR4X7C,Amazon PLCC Free-Financing Universal Merchant AAT-EWAPBB6BDRGM6,Amazon PLCC Free-Financing Universal Merchant AAT-WSJLDN3X7KEMO,Amazon PLCC Free-Financing Universal Merchant AAT-VL6FGQVGQVXUS,Amazon PLCC Free-Financing Universal Merchant AAT-EOKPWFWYW7Y6I,Amazon PLCC Free-Financing Universal Merchant AAT-NT3ZJJGQ3JK3Q,Amazon PLCC Free-Financing Universal Merchant AAT-6XVEGAWJUJYXG,Amazon PLCC Free-Financing Universal Merchant AAT-BOWEMQBNNNHBK,Amazon PLCC Free-Financing Universal Merchant AAT-ONHQI6RQUNGB6,Amazon PLCC Free-Financing Universal Merchant AAT-NXLSQ2GWN3LQK,Amazon PLCC Free-Financing Universal Merchant AAT-UFMRPWCRGE2ZM,Amazon PLCC Free-Financing Universal Merchant AAT-SF4YGC5K3O574,Amazon PLCC Free-Financing Universal Merchant AAT-SUBB5QVZKACYG,Amazon PLCC Free-Financing Universal Merchant AAT-CF5ZF57364I7G,Amazon PLCC Free-Financing Universal Merchant AAT-BRSZZ45H6MHAO,Amazon PLCC Free-Financing Universal Merchant AAT-MKLXOOZWQL7GO,Amazon PLCC Free-Financing Universal Merchant AAT-CB7UNXEXGIJTC,Amazon PLCC Free-Financing Universal Merchant #MP-gzasho-1593152694811,Amazon PLCC Free-Financing Universal Merchant AAT-WLBA4GZ52EAH4",False,Easy Ship,False
75349,408-0459506-9410738,05-10-22,Cancelled,Amazon,Amazon.in,Expedited,SET405,SET405-KR-NP-XL,Set,XL,B09QJ3XPJ8,Cancelled,0,,,NEW DELHI,DELHI,110019.0,IN,,False,,False
56715,406-7226238-7656359,05-26-22,Shipped - Delivered to Buyer,Merchant,Amazon.in,Standard,JNE3407,JNE3407-KR-XXL,kurta,XXL,B0893FS7QX,Shipped,1,INR,301.0,BHOKAR,MAHARASHTRA,431801.0,IN,"Amazon PLCC Free-Financing Universal Merchant AAT-WNKTBO3K27EJC,Amazon PLCC Free-Financing Universal Merchant AAT-QX3UCCJESKPA2,Amazon PLCC Free-Financing Universal Merchant AAT-5QQ7BIYYQEDN2,Amazon PLCC Free-Financing Universal Merchant AAT-DSJ2QRXXWXVMQ,Amazon PLCC Free-Financing Universal Merchant AAT-CXJHMC2YJUK76,Amazon PLCC Free-Financing Universal Merchant AAT-CC4FAVTYR4X7C,Amazon PLCC Free-Financing Universal Merchant AAT-FYWJCQHU2XQ2U,Amazon PLCC Free-Financing Universal Merchant AAT-EOKPWFWYW7Y6I,Amazon PLCC Free-Financing Universal Merchant AAT-URPEBMPS7TSPE,Amazon PLCC Free-Financing Universal Merchant AAT-5ZEB2OGNZ32MC,Amazon PLCC Free-Financing Universal Merchant AAT-ZE7TVXRI2VMF4,Amazon PLCC Free-Financing Universal Merchant AAT-BRSZZ45H6MHAO,Amazon PLCC Free-Financing Universal Merchant AAT-MKLXOOZWQL7GO,Amazon PLCC Free-Financing Universal Merchant AAT-CB7UNXEXGIJTC,Amazon PLCC Free-Financing Universal Merchant #MP-gzasho-1593152694811,Amazon PLCC Free-Financing Universal Merchant AAT-WLBA4GZ52EAH4",False,Easy Ship,False
84567,405-4184775-3488361,05-04-22,Shipped,Amazon,Amazon.in,Expedited,PJNE3423,PJNE3423-KR-N-5XL,kurta,5XL,B09LD2TYRQ,Shipped,1,INR,534.0,NEW DELHI,DELHI,110027.0,IN,IN Core Free Shipping 2015/04/08 23-48-5-108,False,,False
51030,405-3160062-2052356,05-30-22,Shipped - Delivered to Buyer,Merchant,Amazon.in,Standard,J0416,J0416-DR-S,Western Dress,S,B09TXYX9Y8,Shipped,1,INR,825.0,MOHALI,PUNJAB,160062.0,IN,"Amazon PLCC Free-Financing Universal Merchant AAT-WNKTBO3K27EJC,Amazon PLCC Free-Financing Universal Merchant AAT-QX3UCCJESKPA2,Amazon PLCC Free-Financing Universal Merchant AAT-5QQ7BIYYQEDN2,Amazon PLCC Free-Financing Universal Merchant AAT-DSJ2QRXXWXVMQ,Amazon PLCC Free-Financing Universal Merchant AAT-CXJHMC2YJUK76,Amazon PLCC Free-Financing Universal Merchant AAT-SL3Y2YRMAUNFC,Amazon PLCC Free-Financing Universal Merchant AAT-CC4FAVTYR4X7C,Amazon PLCC Free-Financing Universal Merchant AAT-FYWJCQHU2XQ2U,Amazon PLCC Free-Financing Universal Merchant AAT-R7GXNZWISTRFA,Amazon PLCC Free-Financing Universal Merchant AAT-WSJLDN3X7KEMO,Amazon PLCC Free-Financing Universal Merchant AAT-VL6FGQVGQVXUS,Amazon PLCC Free-Financing Universal Merchant AAT-EOKPWFWYW7Y6I,Amazon PLCC Free-Financing Universal Merchant AAT-URPEBMPS7TSPE,VPC-44571-41445527 Coupon,Amazon PLCC Free-Financing Universal Merchant AAT-5ZEB2OGNZ32MC,Amazon PLCC Free-Financing Universal Merchant AAT-5VXFLMD6EKIFC,Amazon PLCC Free-Financing Universal Merchant AAT-CAK4QZ7KEFRQU,Amazon PLCC Free-Financing Universal Merchant AAT-YZJ5BRTPINRLK,Amazon PLCC Free-Financing Universal Merchant AAT-SNWJTEAZA2JRI,Amazon PLCC Free-Financing Universal Merchant AAT-BBJ6FVTP3QKBO,Amazon PLCC Free-Financing Universal Merchant AAT-BRSZZ45H6MHAO,Amazon PLCC Free-Financing Universal Merchant AAT-MKLXOOZWQL7GO,Amazon PLCC Free-Financing Universal Merchant AAT-CB7UNXEXGIJTC,Amazon PLCC Free-Financing Universal Merchant #MP-gzasho-1593152694811,Amazon PLCC Free-Financing Universal Merchant AAT-WLBA4GZ52EAH4",False,Easy Ship,False
72753,403-9335850-6881134,05-12-22,Shipped,Amazon,Amazon.in,Expedited,JNE3905,JNE3905-DR-XL,Western Dress,XL,B09YYPWNT8,Shipped,1,INR,625.0,SOUTH WEST DELHI,DELHI,110016.0,IN,IN Core Free Shipping 2015/04/08 23-48-5-108,False,,False
61761,406-0670901-4477137,05-21-22,Shipped - Delivered to Buyer,Merchant,Amazon.in,Standard,JNE3797,JNE3797-KR-A-XL,Western Dress,XL,B09TH3H2DP,Shipped,1,INR,771.0,PUNE,MAHARASHTRA,411058.0,IN,"Amazon PLCC Free-Financing Universal Merchant AAT-WNKTBO3K27EJC,Amazon PLCC Free-Financing Universal Merchant AAT-QX3UCCJESKPA2,Amazon PLCC Free-Financing Universal Merchant AAT-5QQ7BIYYQEDN2,Amazon PLCC Free-Financing Universal Merchant AAT-DSJ2QRXXWXVMQ,Amazon PLCC Free-Financing Universal Merchant AAT-CXJHMC2YJUK76,Amazon PLCC Free-Financing Universal Merchant AAT-SL3Y2YRMAUNFC,Amazon PLCC Free-Financing Universal Merchant AAT-CC4FAVTYR4X7C,Amazon PLCC Free-Financing Universal Merchant AAT-FYWJCQHU2XQ2U,Amazon PLCC Free-Financing Universal Merchant AAT-EOKPWFWYW7Y6I,Amazon PLCC Free-Financing Universal Merchant AAT-URPEBMPS7TSPE,Amazon PLCC Free-Financing Universal Merchant AAT-5ZEB2OGNZ32MC,Amazon PLCC Free-Financing Universal Merchant AAT-4ZN7U6MMDFGWM,Amazon PLCC Free-Financing Universal Merchant AAT-PAWHL2EB33U42,Amazon PLCC Free-Financing Universal Merchant AAT-7WX4JYESZISLU,Amazon PLCC Free-Financing Universal Merchant AAT-CIX56SGGAWUYW,Amazon PLCC Free-Financing Universal Merchant AAT-DMQVBJASKTAHS,Amazon PLCC Free-Financing Universal Merchant AAT-BRSZZ45H6MHAO,Amazon PLCC Free-Financing Universal Merchant AAT-MKLXOOZWQL7GO,Amazon PLCC Free-Financing Universal Merchant AAT-CB7UNXEXGIJTC,Amazon PLCC Free-Financing Universal Merchant #MP-gzasho-1593152694811,Amazon PLCC Free-Financing Universal Merchant AAT-WLBA4GZ52EAH4",False,Easy Ship,False
85896,407-9928972-2105937,05-03-22,Shipped,Amazon,Amazon.in,Expedited,MEN5002,MEN5002-KR-M,kurta,M,B08YZ4WLT3,Shipped,1,INR,499.0,ETTUMANOOR,KERALA,686631.0,IN,IN Core Free Shipping 2015/04/08 23-48-5-108,False,,False
64492,407-6676087-3006723,05-19-22,Shipped,Amazon,Amazon.in,Expedited,J0105,J0105-KR-XXL,Western Dress,XXL,B08PVTFFRS,Shipped,1,INR,999.0,HYDERABAD,TELANGANA,500015.0,IN,,False,,False
75085,171-9988601-5641931,05-10-22,Cancelled,Merchant,Amazon.in,Standard,JNE3458,JNE3458-KR-XL,kurta,XL,B08HK4VS4M,,0,,,THIRUVANANTHAPURAM,KERALA,695005.0,IN,,False,Easy Ship,False
70395,171-3541491-4097947,05-14-22,Shipped - Delivered to Buyer,Merchant,Amazon.in,Standard,J0296,J0296-DR-XXL,Western Dress,XXL,B099NRFLHB,Shipped,1,INR,519.0,KOLKATA,WEST BENGAL,700032.0,IN,"Amazon PLCC Free-Financing Universal Merchant AAT-WNKTBO3K27EJC,Amazon PLCC Free-Financing Universal Merchant AAT-QX3UCCJESKPA2,Amazon PLCC Free-Financing Universal Merchant AAT-5QQ7BIYYQEDN2,Amazon PLCC Free-Financing Universal Merchant AAT-DSJ2QRXXWXVMQ,Amazon PLCC Free-Financing Universal Merchant AAT-CXJHMC2YJUK76,Amazon PLCC Free-Financing Universal Merchant AAT-CC4FAVTYR4X7C,Amazon PLCC Free-Financing Universal Merchant AAT-FYWJCQHU2XQ2U,Amazon PLCC Free-Financing Universal Merchant AAT-EOKPWFWYW7Y6I,Amazon PLCC Free-Financing Universal Merchant AAT-URPEBMPS7TSPE,Amazon PLCC Free-Financing Universal Merchant AAT-2MN4SWBDTUSNI,Amazon PLCC Free-Financing Universal Merchant AAT-4VFZUZS2EO5J2,Amazon PLCC Free-Financing Universal Merchant AAT-YZ2VQO2YM6YYM,Amazon PLCC Free-Financing Universal Merchant AAT-4EOBCMLXMLDGY,Amazon PLCC Free-Financing Universal Merchant AAT-UB6CYNTOQMM7C,Amazon PLCC Free-Financing Universal Merchant AAT-BRSZZ45H6MHAO,Amazon PLCC Free-Financing Universal Merchant AAT-MKLXOOZWQL7GO,Amazon PLCC Free-Financing Universal Merchant AAT-CB7UNXEXGIJTC,Amazon PLCC Free-Financing Universal Merchant #MP-gzasho-1593152694811,Amazon PLCC Free-Financing Universal Merchant AAT-WLBA4GZ52EAH4",False,Easy Ship,False
54813,406-7865152-3480342,05-27-22,Shipped,Amazon,Amazon.in,Expedited,JNE3560,JNE3560-KR-L,kurta,L,B08PCW5HD7,Shipped,1,INR,544.0,VASAI VIRAR,MAHARASHTRA,401208.0,IN,,False,,False
58994,408-3497579-8513134,05-24-22,Cancelled,Amazon,Amazon.in,Expedited,J0243,J0243-DR-M,Ethnic Dress,M,B09265RNHH,Unshipped,1,INR,999.0,KAKINADA,ANDHRA PRADESH,533003.0,IN,,False,,False
99691,405-0854075-5137140,06-22-22,Shipped,Amazon,Amazon.in,Expedited,JNE3437,JNE3437-KR-S,kurta,S,B085HGB1GT,Shipped,1,INR,486.0,SIRUGUPPA,KARNATAKA,583121.0,IN,IN Core Free Shipping 2015/04/08 23-48-5-108,False,,False
71374,406-8470853-1619513,05-13-22,Shipped - Delivered to Buyer,Merchant,Amazon.in,Standard,JNE3797,JNE3797-KR-XL,Western Dress,XL,B09SDXRYBG,Shipped,1,INR,771.0,MANGAN,SIKKIM,737116.0,IN,"Amazon PLCC Free-Financing Universal Merchant AAT-WNKTBO3K27EJC,Amazon PLCC Free-Financing Universal Merchant AAT-QX3UCCJESKPA2,Amazon PLCC Free-Financing Universal Merchant AAT-5QQ7BIYYQEDN2,Amazon PLCC Free-Financing Universal Merchant AAT-DSJ2QRXXWXVMQ,Amazon PLCC Free-Financing Universal Merchant AAT-CXJHMC2YJUK76,Amazon PLCC Free-Financing Universal Merchant AAT-CC4FAVTYR4X7C,Amazon PLCC Free-Financing Universal Merchant AAT-FYWJCQHU2XQ2U,Amazon PLCC Free-Financing Universal Merchant AAT-EOKPWFWYW7Y6I,Amazon PLCC Free-Financing Universal Merchant AAT-URPEBMPS7TSPE,Amazon PLCC Free-Financing Universal Merchant AAT-5ZEB2OGNZ32MC,Amazon PLCC Free-Financing Universal Merchant AAT-2MN4SWBDTUSNI,Amazon PLCC Free-Financing Universal Merchant AAT-4VFZUZS2EO5J2,Amazon PLCC Free-Financing Universal Merchant AAT-YZ2VQO2YM6YYM,Amazon PLCC Free-Financing Universal Merchant AAT-4EOBCMLXMLDGY,Amazon PLCC Free-Financing Universal Merchant AAT-UB6CYNTOQMM7C,Amazon PLCC Free-Financing Universal Merchant AAT-TNYBHEAO7HOHO,Amazon PLCC Free-Financing Universal Merchant AAT-BRSZZ45H6MHAO,Amazon PLCC Free-Financing Universal Merchant AAT-MKLXOOZWQL7GO,Amazon PLCC Free-Financing Universal Merchant AAT-CB7UNXEXGIJTC,Amazon PLCC Free-Financing Universal Merchant #MP-gzasho-1593152694811,Amazon PLCC Free-Financing Universal Merchant AAT-WLBA4GZ52EAH4,Amazon PLCC Free-Financing Universal Merchant AAT-QMFZ3M7T5NPDS,Amazon PLCC Free-Financing Universal Merchant #MP-pmilan-1601980554292",False,Easy Ship,False
80242,407-4289297-2204366,05-06-22,Shipped - Delivered to Buyer,Merchant,Amazon.in,Standard,J0095,J0095-SET-XS,Set,XS,B08CMF24KH,Shipped,1,INR,633.0,JAIPUR,RAJASTHAN,302016.0,IN,"Amazon PLCC Free-Financing Universal Merchant AAT-WNKTBO3K27EJC,Amazon PLCC Free-Financing Universal Merchant AAT-QX3UCCJESKPA2,Amazon PLCC Free-Financing Universal Merchant AAT-5QQ7BIYYQEDN2,Amazon PLCC Free-Financing Universal Merchant AAT-DSJ2QRXXWXVMQ,Amazon PLCC Free-Financing Universal Merchant AAT-CXJHMC2YJUK76,Amazon PLCC Free-Financing Universal Merchant AAT-SL3Y2YRMAUNFC,Amazon PLCC Free-Financing Universal Merchant AAT-CC4FAVTYR4X7C,Amazon PLCC Free-Financing Universal Merchant AAT-FYWJCQHU2XQ2U,Amazon PLCC Free-Financing Universal Merchant AAT-CXNSLNBROFDW4,Amazon PLCC Free-Financing Universal Merchant AAT-WSJLDN3X7KEMO,Amazon PLCC Free-Financing Universal Merchant AAT-VL6FGQVGQVXUS,Amazon PLCC Free-Financing Universal Merchant AAT-EOKPWFWYW7Y6I,Amazon PLCC Free-Financing Universal Merchant AAT-URPEBMPS7TSPE,Amazon PLCC Free-Financing Universal Merchant AAT-3R6UGYISJQCKA,Amazon PLCC Free-Financing Universal Merchant AAT-TREXU6MY3SEMI,Amazon PLCC Free-Financing Universal Merchant AAT-CPIZVVXYOLZ5S,Amazon PLCC Free-Financing Universal Merchant AAT-BS2QIL3ZUUJDC,Amazon PLCC Free-Financing Universal Merchant AAT-BD2QQYQLU3K3Q,Amazon PLCC Free-Financing Universal Merchant AAT-7Z5FYSWV55YJ6,Amazon PLCC Free-Financing Universal Merchant AAT-KQRYFJZLTA6E2,Amazon PLCC Free-Financing Universal Merchant AAT-F6SN46VZWQOQI,Amazon PLCC Free-Financing Universal Merchant AAT-GL6VKXK3MYVP4,Amazon PLCC Free-Financing Universal Merchant AAT-26CRLBGU7BZ4I,Amazon PLCC Free-Financing Universal Merchant AAT-EC3WUB2OYMZJY,Amazon PLCC Free-Financing Universal Merchant AAT-LLHTF3J4EFYUO,Amazon PLCC Free-Financing Universal Merchant AAT-BRSZZ45H6MHAO,Amazon PLCC Free-Financing Universal Merchant AAT-MKLXOOZWQL7GO,Amazon PLCC Free-Financing Universal Merchant AAT-CB7UNXEXGIJTC,Amazon PLCC Free-Financing Universal Merchant #MP-gzasho-1593152694811,Amazon PLCC Free-Financing Universal Merchant AAT-WLBA4GZ52EAH4",False,Easy Ship,False
97578,405-2794605-1878744,06-23-22,Shipped,Amazon,Amazon.in,Expedited,SET405,SET405-KR-NP-XXXL,Set,3XL,B09QJ3QCXF,Shipped,1,INR,771.0,BENGALURU,KARNATAKA,560086.0,IN,,False,,False
51164,171-3438468-3948353,05-30-22,Shipped - Delivered to Buyer,Merchant,Amazon.in,Standard,SET277,SET277-KR-NP-M,Set,M,B0983FZW13,Shipped,1,INR,1338.0,PATNA,BIHAR,800020.0,IN,"Amazon PLCC Free-Financing Universal Merchant AAT-WNKTBO3K27EJC,Amazon PLCC Free-Financing Universal Merchant AAT-QX3UCCJESKPA2,Amazon PLCC Free-Financing Universal Merchant AAT-5QQ7BIYYQEDN2,Amazon PLCC Free-Financing Universal Merchant AAT-DSJ2QRXXWXVMQ,Amazon PLCC Free-Financing Universal Merchant AAT-CXJHMC2YJUK76,Amazon PLCC Free-Financing Universal Merchant AAT-CC4FAVTYR4X7C,Amazon PLCC Free-Financing Universal Merchant AAT-FYWJCQHU2XQ2U,Amazon PLCC Free-Financing Universal Merchant AAT-EOKPWFWYW7Y6I,Amazon PLCC Free-Financing Universal Merchant AAT-URPEBMPS7TSPE,Amazon PLCC Free-Financing Universal Merchant AAT-CAK4QZ7KEFRQU,Amazon PLCC Free-Financing Universal Merchant AAT-YZJ5BRTPINRLK,Amazon PLCC Free-Financing Universal Merchant AAT-SNWJTEAZA2JRI,Amazon PLCC Free-Financing Universal Merchant AAT-BBJ6FVTP3QKBO,Amazon PLCC Free-Financing Universal Merchant AAT-BRSZZ45H6MHAO,Amazon PLCC Free-Financing Universal Merchant AAT-MKLXOOZWQL7GO,Amazon PLCC Free-Financing Universal Merchant AAT-CB7UNXEXGIJTC,Amazon PLCC Free-Financing Universal Merchant #MP-gzasho-1593152694811,Amazon PLCC Free-Financing Universal Merchant AAT-WLBA4GZ52EAH4",False,Easy Ship,False
74810,171-2463199-1920369,05-10-22,Shipped - Delivered to Buyer,Merchant,Amazon.in,Standard,JNE3451,JNE3451-KR-XXL,kurta,XXL,B08BFLWQW2,Shipped,1,INR,362.0,KALYAN,MAHARASHTRA,421306.0,IN,"Amazon PLCC Free-Financing Universal Merchant AAT-WNKTBO3K27EJC,Amazon PLCC Free-Financing Universal Merchant AAT-QX3UCCJESKPA2,Amazon PLCC Free-Financing Universal Merchant AAT-5QQ7BIYYQEDN2,Amazon PLCC Free-Financing Universal Merchant AAT-DSJ2QRXXWXVMQ,Amazon PLCC Free-Financing Universal Merchant AAT-CXJHMC2YJUK76,Amazon PLCC Free-Financing Universal Merchant AAT-SL3Y2YRMAUNFC,Amazon PLCC Free-Financing Universal Merchant AAT-CC4FAVTYR4X7C,Amazon PLCC Free-Financing Universal Merchant AAT-FYWJCQHU2XQ2U,Amazon PLCC Free-Financing Universal Merchant AAT-R7GXNZWISTRFA,Amazon PLCC Free-Financing Universal Merchant AAT-WSJLDN3X7KEMO,Amazon PLCC Free-Financing Universal Merchant AAT-VL6FGQVGQVXUS,Amazon PLCC Free-Financing Universal Merchant AAT-EOKPWFWYW7Y6I,Amazon PLCC Free-Financing Universal Merchant AAT-URPEBMPS7TSPE,Amazon PLCC Free-Financing Universal Merchant AAT-L2DLP5YGE5766,Amazon PLCC Free-Financing Universal Merchant AAT-5ZEB2OGNZ32MC,Amazon PLCC Free-Financing Universal Merchant AAT-2MN4SWBDTUSNI,Amazon PLCC Free-Financing Universal Merchant AAT-4VFZUZS2EO5J2,Amazon PLCC Free-Financing Universal Merchant AAT-TNYBHEAO7HOHO,Amazon PLCC Free-Financing Universal Merchant AAT-BRSZZ45H6MHAO,Amazon PLCC Free-Financing Universal Merchant AAT-MKLXOOZWQL7GO,Amazon PLCC Free-Financing Universal Merchant AAT-CB7UNXEXGIJTC,Amazon PLCC Free-Financing Universal Merchant #MP-gzasho-1593152694811,Amazon PLCC Free-Financing Universal Merchant AAT-WLBA4GZ52EAH4,Amazon PLCC Free-Financing Universal Merchant AAT-QMFZ3M7T5NPDS,Amazon PLCC Free-Financing Universal Merchant #MP-pmilan-1601980554292",False,Easy Ship,False
71109,408-8135639-6037956,05-14-22,Shipped,Amazon,Amazon.in,Expedited,JNE3368,JNE3368-KR-XS,kurta,XS,B081WX6MFJ,Shipped,1,INR,471.0,BHILAD,Gujarat,396105.0,IN,,False,,False
53697,408-1236475-6601120,05-28-22,Shipped - Delivered to Buyer,Merchant,Amazon.in,Standard,SET336,SET336-KR-NP-S,Set,S,B09KXW381R,Shipped,1,INR,833.0,KOTTAYAM,KERALA,686544.0,IN,"Amazon PLCC Free-Financing Universal Merchant AAT-WNKTBO3K27EJC,Amazon PLCC Free-Financing Universal Merchant AAT-QX3UCCJESKPA2,Amazon PLCC Free-Financing Universal Merchant AAT-5QQ7BIYYQEDN2,Amazon PLCC Free-Financing Universal Merchant AAT-DSJ2QRXXWXVMQ,Amazon PLCC Free-Financing Universal Merchant AAT-CXJHMC2YJUK76,Amazon PLCC Free-Financing Universal Merchant AAT-SL3Y2YRMAUNFC,Amazon PLCC Free-Financing Universal Merchant AAT-CC4FAVTYR4X7C,Amazon PLCC Free-Financing Universal Merchant AAT-FYWJCQHU2XQ2U,Amazon PLCC Free-Financing Universal Merchant AAT-R7GXNZWISTRFA,Amazon PLCC Free-Financing Universal Merchant AAT-WSJLDN3X7KEMO,Amazon PLCC Free-Financing Universal Merchant AAT-VL6FGQVGQVXUS,Amazon PLCC Free-Financing Universal Merchant AAT-EOKPWFWYW7Y6I,Amazon PLCC Free-Financing Universal Merchant AAT-URPEBMPS7TSPE,Amazon PLCC Free-Financing Universal Merchant AAT-L2DLP5YGE5766,Amazon PLCC Free-Financing Universal Merchant AAT-5ZEB2OGNZ32MC,Amazon PLCC Free-Financing Universal Merchant AAT-5VXFLMD6EKIFC,Amazon PLCC Free-Financing Universal Merchant AAT-CAK4QZ7KEFRQU,Amazon PLCC Free-Financing Universal Merchant AAT-YZJ5BRTPINRLK,Amazon PLCC Free-Financing Universal Merchant AAT-SNWJTEAZA2JRI,Amazon PLCC Free-Financing Universal Merchant AAT-BBJ6FVTP3QKBO,Amazon PLCC Free-Financing Universal Merchant AAT-BRSZZ45H6MHAO,Amazon PLCC Free-Financing Universal Merchant AAT-MKLXOOZWQL7GO,Amazon PLCC Free-Financing Universal Merchant AAT-CB7UNXEXGIJTC,Amazon PLCC Free-Financing Universal Merchant #MP-gzasho-1593152694811,Amazon PLCC Free-Financing Universal Merchant AAT-WLBA4GZ52EAH4",False,Easy Ship,False
61438,402-3039727-0713105,05-22-22,Cancelled,Merchant,Amazon.in,Standard,JNE3751,JNE3751-KR-XXL,kurta,XXL,B09KXQMF2R,,0,INR,332.38,GULABPURA,RAJASTHAN,311021.0,IN,,False,Easy Ship,False
54469,402-3872191-3144307,05-27-22,Shipped,Amazon,Amazon.in,Expedited,JNE3892,JNE3892-TP-XXL,Top,XXL,B09TZQYZ11,Shipped,1,INR,648.0,INDIAN TEHEPHONE INDUSTRY MANKAPUR,UTTAR PRADESH,271308.0,IN,IN Core Free Shipping 2015/04/08 23-48-5-108,False,,False
59807,402-7603498-7687546,05-23-22,Shipped,Amazon,Amazon.in,Expedited,J0048,J0048-TP-XXL,Top,XXL,B08B4J5XQ7,Shipped,1,INR,335.0,HYDERABAD,TELANGANA,500018.0,IN,IN Core Free Shipping 2015/04/08 23-48-5-108,False,,False
97767,405-8968566-7621944,06-23-22,Cancelled,Merchant,Amazon.in,Standard,JNE3905,JNE3905-DR-XL,Western Dress,XL,B09YYPWNT8,,0,INR,595.24,BENGALURU,KARNATAKA,560067.0,IN,,False,Easy Ship,False
56748,408-3080137-5509115,05-26-22,Shipped - Delivered to Buyer,Merchant,Amazon.in,Standard,MEN5023,MEN5023-KR-L,kurta,L,B08YZ1L831,Shipped,1,INR,777.0,Kolkata,WEST BENGAL,700058.0,IN,"Amazon PLCC Free-Financing Universal Merchant AAT-WNKTBO3K27EJC,Amazon PLCC Free-Financing Universal Merchant AAT-QX3UCCJESKPA2,Amazon PLCC Free-Financing Universal Merchant AAT-5QQ7BIYYQEDN2,Amazon PLCC Free-Financing Universal Merchant AAT-DSJ2QRXXWXVMQ,Amazon PLCC Free-Financing Universal Merchant AAT-CXJHMC2YJUK76,Amazon PLCC Free-Financing Universal Merchant AAT-CC4FAVTYR4X7C,Amazon PLCC Free-Financing Universal Merchant SS-1640596961008,Amazon PLCC Free-Financing Universal Merchant AAT-FYWJCQHU2XQ2U,Amazon PLCC Free-Financing Universal Merchant AAT-WSJLDN3X7KEMO,Amazon PLCC Free-Financing Universal Merchant AAT-VL6FGQVGQVXUS,Amazon PLCC Free-Financing Universal Merchant AAT-EOKPWFWYW7Y6I,Amazon PLCC Free-Financing Universal Merchant AAT-URPEBMPS7TSPE,Amazon PLCC Free-Financing Universal Merchant AAT-5ZEB2OGNZ32MC,Amazon PLCC Free-Financing Universal Merchant AAT-ZE7TVXRI2VMF4,Amazon PLCC Free-Financing Universal Merchant AAT-5VXFLMD6EKIFC,Amazon PLCC Free-Financing Universal Merchant AAT-BRSZZ45H6MHAO,Amazon PLCC Free-Financing Universal Merchant AAT-MKLXOOZWQL7GO,Amazon PLCC Free-Financing Universal Merchant AAT-CB7UNXEXGIJTC,Amazon PLCC Free-Financing Universal Merchant #MP-gzasho-1593152694811,Amazon PLCC Free-Financing Universal Merchant AAT-WLBA4GZ52EAH4",False,Easy Ship,False
99184,408-0036084-4388371,06-22-22,Shipped,Amazon,Amazon.in,Standard,JNE3797,JNE3797-KR-A-M,Western Dress,M,B09TH73PT5,Shipped,1,INR,0.0,haryana,HARYANA,121004.0,IN,,False,,False
67378,403-0074360-7240361,05-17-22,Shipped - Delivered to Buyer,Merchant,Amazon.in,Standard,J0003,J0003-SET-M,Set,M,B0894XH3LN,Shipped,1,INR,696.0,FARIDABAD,HARYANA,121007.0,IN,"Amazon PLCC Free-Financing Universal Merchant AAT-WNKTBO3K27EJC,Amazon PLCC Free-Financing Universal Merchant AAT-QX3UCCJESKPA2,Amazon PLCC Free-Financing Universal Merchant AAT-5QQ7BIYYQEDN2,Amazon PLCC Free-Financing Universal Merchant AAT-DSJ2QRXXWXVMQ,Amazon PLCC Free-Financing Universal Merchant AAT-CXJHMC2YJUK76,Amazon PLCC Free-Financing Universal Merchant AAT-SL3Y2YRMAUNFC,Amazon PLCC Free-Financing Universal Merchant AAT-CC4FAVTYR4X7C,Amazon PLCC Free-Financing Universal Merchant AAT-FYWJCQHU2XQ2U,Amazon PLCC Free-Financing Universal Merchant AAT-R7GXNZWISTRFA,Amazon PLCC Free-Financing Universal Merchant AAT-EOKPWFWYW7Y6I,Amazon PLCC Free-Financing Universal Merchant AAT-URPEBMPS7TSPE,Amazon PLCC Free-Financing Universal Merchant AAT-L2DLP5YGE5766,Amazon PLCC Free-Financing Universal Merchant AAT-5ZEB2OGNZ32MC,Amazon PLCC Free-Financing Universal Merchant AAT-YZ2VQO2YM6YYM,Amazon PLCC Free-Financing Universal Merchant AAT-4EOBCMLXMLDGY,Amazon PLCC Free-Financing Universal Merchant AAT-UB6CYNTOQMM7C,Amazon PLCC Free-Financing Universal Merchant AAT-BRSZZ45H6MHAO,Amazon PLCC Free-Financing Universal Merchant AAT-MKLXOOZWQL7GO,Amazon PLCC Free-Financing Universal Merchant AAT-CB7UNXEXGIJTC,Amazon PLCC Free-Financing Universal Merchant #MP-gzasho-1593152694811,Amazon PLCC Free-Financing Universal Merchant AAT-WLBA4GZ52EAH4,Amazon PLCC Free-Financing Universal Merchant #MP-pmilan-1601980554292",False,Easy Ship,False
86884,403-5397179-8995521,05-03-22,Shipped - Delivered to Buyer,Merchant,Amazon.in,Standard,SET393,SET393-KR-NP-M,Set,M,B09QJ4YB1F,Shipped,1,INR,969.0,Shimla,HIMACHAL PRADESH,171004.0,IN,"Amazon PLCC Free-Financing Universal Merchant AAT-WNKTBO3K27EJC,Amazon PLCC Free-Financing Universal Merchant AAT-QX3UCCJESKPA2,Amazon PLCC Free-Financing Universal Merchant AAT-5QQ7BIYYQEDN2,Amazon PLCC Free-Financing Universal Merchant AAT-DSJ2QRXXWXVMQ,Amazon PLCC Free-Financing Universal Merchant AAT-CXJHMC2YJUK76,Amazon PLCC Free-Financing Universal Merchant AAT-CC4FAVTYR4X7C,Amazon PLCC Free-Financing Universal Merchant AAT-FYWJCQHU2XQ2U,Amazon PLCC Free-Financing Universal Merchant AAT-EOKPWFWYW7Y6I,Amazon PLCC Free-Financing Universal Merchant AAT-URPEBMPS7TSPE,Amazon PLCC Free-Financing Universal Merchant AAT-3R6UGYISJQCKA,Amazon PLCC Free-Financing Universal Merchant AAT-B4XD5CKOZFUO6,Amazon PLCC Free-Financing Universal Merchant AAT-WA3O6HTUZGC2M,Amazon PLCC Free-Financing Universal Merchant AAT-CIALTIPNFIG2E,Amazon PLCC Free-Financing Universal Merchant AAT-R24EXPJ2OZUEK,Amazon PLCC Free-Financing Universal Merchant AAT-A6EVSKTLHUNI4,Amazon PLCC Free-Financing Universal Merchant AAT-56V5XGGAEKQWC,Amazon PLCC Free-Financing Universal Merchant AAT-V35YNZJGNRNUQ,Amazon PLCC Free-Financing Universal Merchant AAT-JKICCRTK4FJLC,Amazon PLCC Free-Financing Universal Merchant AAT-IW7FKCNMUEENG,Amazon PLCC Free-Financing Universal Merchant AAT-GGYFSBBAGFEHC,Amazon PLCC Free-Financing Universal Merchant AAT-BRSZZ45H6MHAO,Amazon PLCC Free-Financing Universal Merchant AAT-MKLXOOZWQL7GO,Amazon PLCC Free-Financing Universal Merchant AAT-CB7UNXEXGIJTC,Amazon PLCC Free-Financing Universal Merchant #MP-gzasho-1593152694811,Amazon PLCC Free-Financing Universal Merchant AAT-WLBA4GZ52EAH4",False,Easy Ship,False
63356,408-5574162-0194714,05-20-22,Shipped,Amazon,Amazon.in,Expedited,J0002,J0002-SKD-L,Set,L,B0894X3VKQ,Shipped,1,INR,1186.0,HYDERABAD,TELANGANA,500091.0,IN,,False,,False
82404,408-2389341-1316363,05-05-22,Cancelled,Merchant,Amazon.in,Standard,JNE3801,JNE3801-KR-XL,kurta,XL,B09SDYL6L1,,0,INR,734.29,PUNE,MAHARASHTRA,411015.0,IN,,False,Easy Ship,False
92454,407-3801805-6938737,06-28-22,Shipped,Amazon,Amazon.in,Expedited,SET287,SET287-KR-NP-XXXL,Set,3XL,B099NJMH8D,Shipped,1,INR,626.0,FARIDABAD,HARYANA,121002.0,IN,,False,,False
96065,171-8461957-3053124,06-25-22,Shipped,Amazon,Amazon.in,Expedited,JNE3800,JNE3800-KR-XXXL,Western Dress,3XL,B09SDZ64HF,Shipped,1,INR,735.0,PATNA,BIHAR,801503.0,IN,IN Core Free Shipping 2015/04/08 23-48-5-108,False,,False
61538,407-3991272-9506717,05-22-22,Shipped,Amazon,Amazon.in,Expedited,JNE3690,JNE3690-TU-L,Top,L,B094FKG8H7,Shipped,1,INR,545.0,HYDERABAD,TELANGANA,500058.0,IN,IN Core Free Shipping 2015/04/08 23-48-5-108,False,,False
52008,403-4598569-2418714,05-29-22,Shipped - Delivered to Buyer,Merchant,Amazon.in,Standard,JNE3869,JNE3869-DR-S,Western Dress,S,B09RK67Y51,Shipped,1,INR,721.0,KANNUR,KERALA,670571.0,IN,"Amazon PLCC Free-Financing Universal Merchant AAT-WNKTBO3K27EJC,Amazon PLCC Free-Financing Universal Merchant AAT-QX3UCCJESKPA2,Amazon PLCC Free-Financing Universal Merchant AAT-5QQ7BIYYQEDN2,Amazon PLCC Free-Financing Universal Merchant AAT-DSJ2QRXXWXVMQ,Amazon PLCC Free-Financing Universal Merchant AAT-CXJHMC2YJUK76,Amazon PLCC Free-Financing Universal Merchant AAT-SL3Y2YRMAUNFC,Amazon PLCC Free-Financing Universal Merchant AAT-CC4FAVTYR4X7C,Amazon PLCC Free-Financing Universal Merchant AAT-FYWJCQHU2XQ2U,Amazon PLCC Free-Financing Universal Merchant AAT-R7GXNZWISTRFA,Amazon PLCC Free-Financing Universal Merchant AAT-EOKPWFWYW7Y6I,Amazon PLCC Free-Financing Universal Merchant AAT-URPEBMPS7TSPE,Amazon PLCC Free-Financing Universal Merchant AAT-L2DLP5YGE5766,Amazon PLCC Free-Financing Universal Merchant AAT-5ZEB2OGNZ32MC,Amazon PLCC Free-Financing Universal Merchant AAT-CAK4QZ7KEFRQU,Amazon PLCC Free-Financing Universal Merchant AAT-YZJ5BRTPINRLK,Amazon PLCC Free-Financing Universal Merchant AAT-SNWJTEAZA2JRI,Amazon PLCC Free-Financing Universal Merchant AAT-BBJ6FVTP3QKBO,Amazon PLCC Free-Financing Universal Merchant AAT-BRSZZ45H6MHAO,Amazon PLCC Free-Financing Universal Merchant AAT-MKLXOOZWQL7GO,Amazon PLCC Free-Financing Universal Merchant AAT-CB7UNXEXGIJTC,Amazon PLCC Free-Financing Universal Merchant #MP-gzasho-1593152694811,Amazon PLCC Free-Financing Universal Merchant AAT-WLBA4GZ52EAH4,Amazon PLCC Free-Financing Universal Merchant #MP-pmilan-1601980554292",False,Easy Ship,False
53221,404-1022297-8616320,05-28-22,Shipped - Delivered to Buyer,Merchant,Amazon.in,Standard,JNE3869,JNE3869-DR-M,Western Dress,M,B09RK7Q644,Shipped,1,INR,721.0,KANPUR,UTTAR PRADESH,208016.0,IN,"Amazon PLCC Free-Financing Universal Merchant AAT-WNKTBO3K27EJC,Amazon PLCC Free-Financing Universal Merchant AAT-QX3UCCJESKPA2,Amazon PLCC Free-Financing Universal Merchant AAT-5QQ7BIYYQEDN2,Amazon PLCC Free-Financing Universal Merchant AAT-DSJ2QRXXWXVMQ,Amazon PLCC Free-Financing Universal Merchant AAT-CXJHMC2YJUK76,Amazon PLCC Free-Financing Universal Merchant AAT-SL3Y2YRMAUNFC,Amazon PLCC Free-Financing Universal Merchant AAT-CC4FAVTYR4X7C,Amazon PLCC Free-Financing Universal Merchant AAT-FYWJCQHU2XQ2U,Amazon PLCC Free-Financing Universal Merchant AAT-EOKPWFWYW7Y6I,Amazon PLCC Free-Financing Universal Merchant AAT-URPEBMPS7TSPE,Amazon PLCC Free-Financing Universal Merchant AAT-5ZEB2OGNZ32MC,Amazon PLCC Free-Financing Universal Merchant AAT-CAK4QZ7KEFRQU,Amazon PLCC Free-Financing Universal Merchant AAT-YZJ5BRTPINRLK,Amazon PLCC Free-Financing Universal Merchant AAT-SNWJTEAZA2JRI,Amazon PLCC Free-Financing Universal Merchant AAT-BBJ6FVTP3QKBO,Amazon PLCC Free-Financing Universal Merchant AAT-TNYBHEAO7HOHO,Amazon PLCC Free-Financing Universal Merchant AAT-BRSZZ45H6MHAO,Amazon PLCC Free-Financing Universal Merchant AAT-MKLXOOZWQL7GO,Amazon PLCC Free-Financing Universal Merchant AAT-CB7UNXEXGIJTC,Amazon PLCC Free-Financing Universal Merchant #MP-gzasho-1593152694811,Amazon PLCC Free-Financing Universal Merchant AAT-WLBA4GZ52EAH4,Amazon PLCC Free-Financing Universal Merchant AAT-QMFZ3M7T5NPDS,Amazon PLCC Free-Financing Universal Merchant #MP-pmilan-1601980554292",False,Easy Ship,False
94996,171-6136971-5392309,06-26-22,Shipped,Amazon,Amazon.in,Expedited,SET144,SET144-KR-NP-S,Set,S,B0822SHZ5K,Shipped,1,INR,764.0,BHOWALI,UTTARAKHAND,263132.0,IN,IN Core Free Shipping 2015/04/08 23-48-5-108,False,,False
68762,404-7247773-7193945,05-15-22,Shipped - Delivered to Buyer,Merchant,Amazon.in,Standard,JNE3798,JNE3798-KR-A-XS,Western Dress,XS,B09TH5LZ3Q,Shipped,1,INR,771.0,NEW TEHRI,UTTARAKHAND,249001.0,IN,"Amazon PLCC Free-Financing Universal Merchant AAT-WNKTBO3K27EJC,Amazon PLCC Free-Financing Universal Merchant AAT-QX3UCCJESKPA2,Amazon PLCC Free-Financing Universal Merchant AAT-5QQ7BIYYQEDN2,Amazon PLCC Free-Financing Universal Merchant AAT-DSJ2QRXXWXVMQ,Amazon PLCC Free-Financing Universal Merchant AAT-CXJHMC2YJUK76,Amazon PLCC Free-Financing Universal Merchant AAT-SL3Y2YRMAUNFC,Amazon PLCC Free-Financing Universal Merchant AAT-CC4FAVTYR4X7C,Amazon PLCC Free-Financing Universal Merchant AAT-FYWJCQHU2XQ2U,Amazon PLCC Free-Financing Universal Merchant AAT-EOKPWFWYW7Y6I,Amazon PLCC Free-Financing Universal Merchant AAT-URPEBMPS7TSPE,Amazon PLCC Free-Financing Universal Merchant AAT-5ZEB2OGNZ32MC,Amazon PLCC Free-Financing Universal Merchant AAT-YZ2VQO2YM6YYM,Amazon PLCC Free-Financing Universal Merchant AAT-4EOBCMLXMLDGY,Amazon PLCC Free-Financing Universal Merchant AAT-UB6CYNTOQMM7C,Amazon PLCC Free-Financing Universal Merchant AAT-BRSZZ45H6MHAO,Amazon PLCC Free-Financing Universal Merchant AAT-MKLXOOZWQL7GO,Amazon PLCC Free-Financing Universal Merchant AAT-CB7UNXEXGIJTC,Amazon PLCC Free-Financing Universal Merchant #MP-gzasho-1593152694811,Amazon PLCC Free-Financing Universal Merchant AAT-WLBA4GZ52EAH4,Amazon PLCC Free-Financing Universal Merchant #MP-pmilan-1601980554292",False,Easy Ship,False
64165,403-5038934-9926714,05-19-22,Shipped - Delivered to Buyer,Merchant,Amazon.in,Standard,J0401,J0401-DR-M,Western Dress,M,B09SDYHHH9,Shipped,1,INR,885.0,Ahmedabad,Gujarat,380015.0,IN,"Amazon PLCC Free-Financing Universal Merchant AAT-WNKTBO3K27EJC,Amazon PLCC Free-Financing Universal Merchant AAT-QX3UCCJESKPA2,Amazon PLCC Free-Financing Universal Merchant AAT-5QQ7BIYYQEDN2,Amazon PLCC Free-Financing Universal Merchant AAT-DSJ2QRXXWXVMQ,Amazon PLCC Free-Financing Universal Merchant AAT-CXJHMC2YJUK76,Amazon PLCC Free-Financing Universal Merchant AAT-SL3Y2YRMAUNFC,Amazon PLCC Free-Financing Universal Merchant AAT-CC4FAVTYR4X7C,Amazon PLCC Free-Financing Universal Merchant AAT-FYWJCQHU2XQ2U,Amazon PLCC Free-Financing Universal Merchant AAT-EOKPWFWYW7Y6I,Amazon PLCC Free-Financing Universal Merchant AAT-URPEBMPS7TSPE,Amazon PLCC Free-Financing Universal Merchant AAT-5ZEB2OGNZ32MC,Amazon PLCC Free-Financing Universal Merchant AAT-BAO77QKKMJQIM,Amazon PLCC Free-Financing Universal Merchant AAT-4ZN7U6MMDFGWM,Amazon PLCC Free-Financing Universal Merchant AAT-PAWHL2EB33U42,Amazon PLCC Free-Financing Universal Merchant AAT-7WX4JYESZISLU,Amazon PLCC Free-Financing Universal Merchant AAT-CIX56SGGAWUYW,Amazon PLCC Free-Financing Universal Merchant AAT-DMQVBJASKTAHS,Amazon PLCC Free-Financing Universal Merchant AAT-BRSZZ45H6MHAO,Amazon PLCC Free-Financing Universal Merchant AAT-MKLXOOZWQL7GO,Amazon PLCC Free-Financing Universal Merchant AAT-CB7UNXEXGIJTC,Amazon PLCC Free-Financing Universal Merchant #MP-gzasho-1593152694811,Amazon PLCC Free-Financing Universal Merchant AAT-WLBA4GZ52EAH4",False,Easy Ship,False
90683,407-2350182-2298756,05-01-22,Shipped,Amazon,Amazon.in,Expedited,J0215,J0215-BL-XL,Blouse,XL,B09KXXWH15,Shipped,1,INR,545.0,CHENNAI,TAMIL NADU,600028.0,IN,,False,,False
75080,404-4091154-7997943,05-10-22,Shipped,Amazon,Amazon.in,Expedited,SET433,SET433-KR-NP-XXL,Set,XXL,B09TH748BK,Shipped,1,INR,560.0,KODINAR,Gujarat,362720.0,IN,IN Core Free Shipping 2015/04/08 23-48-5-108,False,,False
51822,405-8835024-0077106,05-29-22,Shipped,Amazon,Amazon.in,Expedited,J0012,J0012-SKD-M,Set,M,B0894XYMWS,Shipped,1,INR,1199.0,VALSAD,Gujarat,396001.0,IN,IN Core Free Shipping 2015/04/08 23-48-5-108,False,,False
94661,406-9693290-7230725,06-26-22,Shipped,Amazon,Amazon.in,Expedited,SET209,SET209-KR-PP-XXL,Set,XXL,B099WXZ2R9,Shipped,1,INR,507.0,BENGALURU,KARNATAKA,560066.0,IN,IN Core Free Shipping 2015/04/08 23-48-5-108,False,,False
56848,405-7483059-6641133,05-25-22,Cancelled,Amazon,Amazon.in,Expedited,MEN5002,MEN5002-KR-L,kurta,L,B08YYYDN9R,Cancelled,0,,,New delhi,DELHI,110027.0,IN,,False,,False
62635,404-7236105-9673121,05-21-22,Shipped,Amazon,Amazon.in,Expedited,SET291,SET291-KR-PP-M,Set,M,B099NK55YG,Shipped,1,INR,605.0,KANNAUJ,UTTAR PRADESH,209727.0,IN,IN Core Free Shipping 2015/04/08 23-48-5-108,False,,False
87668,407-6035135-6418764,05-02-22,Shipped,Amazon,Amazon.in,Expedited,SET183,SET183-KR-DH-XL,Set,XL,B08B3ZCRC5,Shipped,1,INR,759.0,BARDHAMAN,WEST BENGAL,713331.0,IN,IN Core Free Shipping 2015/04/08 23-48-5-108,False,,False
56095,402-9690560-5726723,05-26-22,Cancelled,Merchant,Amazon.in,Standard,SET204,SET204-KR-DPT-M,Set,M,B08MYTT8X8,,0,,,CHENNAI,TAMIL NADU,600117.0,IN,,False,Easy Ship,False
89248,404-4656345-7811521,05-01-22,Shipped,Amazon,Amazon.in,Expedited,PJNE2100,PJNE2100-KR-N-6XL,kurta,6XL,B09LD3PMBT,Shipped,1,INR,458.0,MUMBAI,MAHARASHTRA,400064.0,IN,,False,,False
60577,402-1398390-7369900,05-22-22,Shipped,Amazon,Amazon.in,Expedited,J0118,J0118-TP-XXL,Top,XXL,B08N4QTQHW,Shipped,1,INR,529.0,MUMBAI,MAHARASHTRA,400071.0,IN,IN Core Free Shipping 2015/04/08 23-48-5-108,False,,False
81074,171-1354186-1472339,05-06-22,Shipped,Amazon,Amazon.in,Expedited,JNE3160,JNE3160-KR-G-S,kurta,S,B07K3YQLF1,Shipped,1,INR,749.0,TENALI,ANDHRA PRADESH,522201.0,IN,IN Core Free Shipping 2015/04/08 23-48-5-108,False,,False
79112,405-6572155-3521113,05-07-22,Shipped - Delivered to Buyer,Merchant,Amazon.in,Standard,JNE3801,JNE3801-KR-XXXL,kurta,3XL,B09SDYSR1F,Shipped,1,INR,735.0,ALWAR,RAJASTHAN,301001.0,IN,"Amazon PLCC Free-Financing Universal Merchant AAT-WNKTBO3K27EJC,Amazon PLCC Free-Financing Universal Merchant AAT-QX3UCCJESKPA2,Amazon PLCC Free-Financing Universal Merchant AAT-5QQ7BIYYQEDN2,Amazon PLCC Free-Financing Universal Merchant AAT-DSJ2QRXXWXVMQ,Amazon PLCC Free-Financing Universal Merchant AAT-CXJHMC2YJUK76,Amazon PLCC Free-Financing Universal Merchant AAT-CC4FAVTYR4X7C,Amazon PLCC Free-Financing Universal Merchant AAT-FYWJCQHU2XQ2U,Amazon PLCC Free-Financing Universal Merchant AAT-EOKPWFWYW7Y6I,Amazon PLCC Free-Financing Universal Merchant AAT-URPEBMPS7TSPE,Amazon PLCC Free-Financing Universal Merchant AAT-3R6UGYISJQCKA,Amazon PLCC Free-Financing Universal Merchant AAT-RVL5KAXRIWHV2,Amazon PLCC Free-Financing Universal Merchant AAT-BS2QIL3ZUUJDC,Amazon PLCC Free-Financing Universal Merchant AAT-BD2QQYQLU3K3Q,Amazon PLCC Free-Financing Universal Merchant AAT-7Z5FYSWV55YJ6,Amazon PLCC Free-Financing Universal Merchant AAT-KQRYFJZLTA6E2,Amazon PLCC Free-Financing Universal Merchant AAT-F6SN46VZWQOQI,Amazon PLCC Free-Financing Universal Merchant AAT-GL6VKXK3MYVP4,Amazon PLCC Free-Financing Universal Merchant AAT-26CRLBGU7BZ4I,Amazon PLCC Free-Financing Universal Merchant AAT-EC3WUB2OYMZJY,Amazon PLCC Free-Financing Universal Merchant AAT-LLHTF3J4EFYUO,Amazon PLCC Free-Financing Universal Merchant AAT-BRSZZ45H6MHAO,Amazon PLCC Free-Financing Universal Merchant AAT-MKLXOOZWQL7GO,Amazon PLCC Free-Financing Universal Merchant AAT-CB7UNXEXGIJTC,Amazon PLCC Free-Financing Universal Merchant #MP-gzasho-1593152694811,Amazon PLCC Free-Financing Universal Merchant AAT-WLBA4GZ52EAH4",False,Easy Ship,False
60192,404-9765869-3055557,05-23-22,Cancelled,Amazon,Amazon.in,Expedited,JNE3431,JNE3431-KR-XXL,kurta,XXL,B08KRZQWTH,Cancelled,0,,,BENGALURU,KARNATAKA,560036.0,IN,,False,,False
50314,406-5175041-0284339,05-31-22,Shipped - Delivered to Buyer,Merchant,Amazon.in,Standard,MEN5016,MEN5016-KR-M,kurta,M,B08YYVHV6H,Shipped,1,INR,665.0,Chennai,TAMIL NADU,600042.0,IN,"Amazon PLCC Free-Financing Universal Merchant AAT-WNKTBO3K27EJC,Amazon PLCC Free-Financing Universal Merchant AAT-QX3UCCJESKPA2,Amazon PLCC Free-Financing Universal Merchant AAT-5QQ7BIYYQEDN2,Amazon PLCC Free-Financing Universal Merchant AAT-DSJ2QRXXWXVMQ,Amazon PLCC Free-Financing Universal Merchant AAT-CXJHMC2YJUK76,Amazon PLCC Free-Financing Universal Merchant AAT-CC4FAVTYR4X7C,Amazon PLCC Free-Financing Universal Merchant AAT-FYWJCQHU2XQ2U,Amazon PLCC Free-Financing Universal Merchant AAT-EOKPWFWYW7Y6I,Amazon PLCC Free-Financing Universal Merchant AAT-URPEBMPS7TSPE,Amazon PLCC Free-Financing Universal Merchant AAT-5ZEB2OGNZ32MC,Amazon PLCC Free-Financing Universal Merchant AAT-CAK4QZ7KEFRQU,Amazon PLCC Free-Financing Universal Merchant AAT-YZJ5BRTPINRLK,Amazon PLCC Free-Financing Universal Merchant AAT-SNWJTEAZA2JRI,Amazon PLCC Free-Financing Universal Merchant AAT-BBJ6FVTP3QKBO,Amazon PLCC Free-Financing Universal Merchant AAT-BRSZZ45H6MHAO,Amazon PLCC Free-Financing Universal Merchant AAT-MKLXOOZWQL7GO,Amazon PLCC Free-Financing Universal Merchant AAT-CB7UNXEXGIJTC,Amazon PLCC Free-Financing Universal Merchant #MP-gzasho-1593152694811,Amazon PLCC Free-Financing Universal Merchant AAT-WLBA4GZ52EAH4",False,Easy Ship,False
61449,407-7215680-9911520,05-22-22,Shipped - Delivered to Buyer,Merchant,Amazon.in,Standard,JNE3869,JNE3869-DR-XL,Western Dress,XL,B09RK65QV5,Shipped,1,INR,721.0,KOTHANALLUR,TAMIL NADU,629166.0,IN,"Amazon PLCC Free-Financing Universal Merchant AAT-WNKTBO3K27EJC,Amazon PLCC Free-Financing Universal Merchant AAT-QX3UCCJESKPA2,Amazon PLCC Free-Financing Universal Merchant AAT-5QQ7BIYYQEDN2,Amazon PLCC Free-Financing Universal Merchant AAT-DSJ2QRXXWXVMQ,Amazon PLCC Free-Financing Universal Merchant AAT-CXJHMC2YJUK76,Amazon PLCC Free-Financing Universal Merchant AAT-CC4FAVTYR4X7C,Amazon PLCC Free-Financing Universal Merchant AAT-FYWJCQHU2XQ2U,Amazon PLCC Free-Financing Universal Merchant AAT-WSJLDN3X7KEMO,Amazon PLCC Free-Financing Universal Merchant AAT-VL6FGQVGQVXUS,Amazon PLCC Free-Financing Universal Merchant AAT-EOKPWFWYW7Y6I,Amazon PLCC Free-Financing Universal Merchant AAT-URPEBMPS7TSPE,Amazon PLCC Free-Financing Universal Merchant AAT-5ZEB2OGNZ32MC,Amazon PLCC Free-Financing Universal Merchant AAT-4ZN7U6MMDFGWM,Amazon PLCC Free-Financing Universal Merchant AAT-PAWHL2EB33U42,Amazon PLCC Free-Financing Universal Merchant AAT-7WX4JYESZISLU,Amazon PLCC Free-Financing Universal Merchant AAT-CIX56SGGAWUYW,Amazon PLCC Free-Financing Universal Merchant AAT-DMQVBJASKTAHS,Amazon PLCC Free-Financing Universal Merchant AAT-5VXFLMD6EKIFC,Amazon PLCC Free-Financing Universal Merchant AAT-BRSZZ45H6MHAO,Amazon PLCC Free-Financing Universal Merchant AAT-MKLXOOZWQL7GO,Amazon PLCC Free-Financing Universal Merchant AAT-CB7UNXEXGIJTC,Amazon PLCC Free-Financing Universal Merchant #MP-gzasho-1593152694811,Amazon PLCC Free-Financing Universal Merchant AAT-WLBA4GZ52EAH4",False,Easy Ship,False
80745,408-2871001-6430752,05-06-22,Cancelled,Merchant,Amazon.in,Standard,JNE3703,JNE3703-KR-XXL,kurta,XXL,B099FDH3P2,,0,INR,278.1,AHMEDABAD,Gujarat,380051.0,IN,,False,Easy Ship,False
79702,406-7733023-5619512,05-07-22,Cancelled,Merchant,Amazon.in,Standard,J0396,J0396-DR-XS,Western Dress,XS,B09SDXRYBD,,0,,,FATWAH,BIHAR,803201.0,IN,,False,Easy Ship,False
77658,403-2363056-0625133,05-08-22,Shipped,Amazon,Amazon.in,Expedited,J0283,J0283-SET-XL,Set,XL,B08QGKHDN3,Shipped,1,INR,1018.0,HAORA,WEST BENGAL,711409.0,IN,,False,,False
120311,404-3689177-1180308,06-06-22,Shipped - Delivered to Buyer,Merchant,Amazon.in,Standard,SET333,SET333-KR-DPT-S,Set,S,B09RKF9RSW,Shipped,1,INR,967.0,BELLAMPALLE,TELANGANA,504251.0,IN,"Amazon PLCC Free-Financing Universal Merchant AAT-WNKTBO3K27EJC,Amazon PLCC Free-Financing Universal Merchant AAT-QX3UCCJESKPA2,Amazon PLCC Free-Financing Universal Merchant AAT-5QQ7BIYYQEDN2,Amazon PLCC Free-Financing Universal Merchant AAT-DSJ2QRXXWXVMQ,Amazon PLCC Free-Financing Universal Merchant AAT-CXJHMC2YJUK76,Amazon PLCC Free-Financing Universal Merchant AAT-CC4FAVTYR4X7C,Amazon PLCC Free-Financing Universal Merchant AAT-EWAPBB6BDRGM6,Amazon PLCC Free-Financing Universal Merchant AAT-EOKPWFWYW7Y6I,Amazon PLCC Free-Financing Universal Merchant AAT-NT3ZJJGQ3JK3Q,Amazon PLCC Free-Financing Universal Merchant AAT-Z7SKZOEIDWRU4,Amazon PLCC Free-Financing Universal Merchant AAT-5QNBXTEQWGXOW,Amazon PLCC Free-Financing Universal Merchant AAT-BRSZZ45H6MHAO,Amazon PLCC Free-Financing Universal Merchant AAT-MKLXOOZWQL7GO,Amazon PLCC Free-Financing Universal Merchant AAT-CB7UNXEXGIJTC,Amazon PLCC Free-Financing Universal Merchant #MP-gzasho-1593152694811,Amazon PLCC Free-Financing Universal Merchant AAT-WLBA4GZ52EAH4,Amazon PLCC Free-Financing Universal Merchant #MP-pmilan-1601980554292",False,Easy Ship,False
100843,408-2604420-5482704,06-21-22,Shipped,Amazon,Amazon.in,Expedited,PJNE2199,PJNE2199-KR-N-6XL,kurta,6XL,B09LD4J4NP,Shipped,1,INR,728.0,THANE,MAHARASHTRA,401105.0,IN,,False,,False
111740,402-7353189-7996337,06-12-22,Shipped,Amazon,Amazon.in,Expedited,JNE3797,JNE3797-KR-A-S,Western Dress,S,B09TH4H7T2,Shipped,1,INR,725.0,HYDERABAD,TELANGANA,500035.0,IN,IN Core Free Shipping 2015/04/08 23-48-5-108,False,,False
110853,403-2447344-0465900,06-13-22,Cancelled,Amazon,Amazon.in,Expedited,J0234,J0234-SKD-M,Set,M,B08WHW7BLW,Cancelled,0,,,KALIMPONG,WEST BENGAL,734301.0,IN,,False,,False
115767,408-3992880-3810716,06-09-22,Shipped - Delivered to Buyer,Merchant,Amazon.in,Standard,JNE3365,JNE3365-KR-1052-A-XXL,kurta,XXL,B07WS16S4C,Shipped,1,INR,376.0,BENGALURU,KARNATAKA,560075.0,IN,"Amazon PLCC Free-Financing Universal Merchant AAT-WNKTBO3K27EJC,Amazon PLCC Free-Financing Universal Merchant AAT-QX3UCCJESKPA2,Amazon PLCC Free-Financing Universal Merchant AAT-5QQ7BIYYQEDN2,Amazon PLCC Free-Financing Universal Merchant AAT-DSJ2QRXXWXVMQ,Amazon PLCC Free-Financing Universal Merchant AAT-CXJHMC2YJUK76,Amazon PLCC Free-Financing Universal Merchant AAT-CC4FAVTYR4X7C,Amazon PLCC Free-Financing Universal Merchant AAT-EWAPBB6BDRGM6,Amazon PLCC Free-Financing Universal Merchant AAT-EOKPWFWYW7Y6I,Amazon PLCC Free-Financing Universal Merchant AAT-NT3ZJJGQ3JK3Q,Amazon PLCC Free-Financing Universal Merchant AAT-ATCR5763CN6Q6,Amazon PLCC Free-Financing Universal Merchant AAT-6XVEGAWJUJYXG,Amazon PLCC Free-Financing Universal Merchant AAT-ZBCRDPHJI4UDO,Amazon PLCC Free-Financing Universal Merchant AAT-CMBNOJYSQPOPS,Amazon PLCC Free-Financing Universal Merchant AAT-IBN3WODYJ44YC,Amazon PLCC Free-Financing Universal Merchant AAT-W2F65W44TEYES,Amazon PLCC Free-Financing Universal Merchant AAT-ZBGDWJCP6BTLE,Amazon PLCC Free-Financing Universal Merchant AAT-BOWEMQBNNNHBK,Amazon PLCC Free-Financing Universal Merchant AAT-SKYXW7T3UZBGO,Amazon PLCC Free-Financing Universal Merchant AAT-BRSZZ45H6MHAO,Amazon PLCC Free-Financing Universal Merchant AAT-MKLXOOZWQL7GO,Amazon PLCC Free-Financing Universal Merchant AAT-CB7UNXEXGIJTC,Amazon PLCC Free-Financing Universal Merchant #MP-gzasho-1593152694811,Amazon PLCC Free-Financing Universal Merchant AAT-WLBA4GZ52EAH4",False,Easy Ship,False
117521,405-9072839-5169153,06-08-22,Shipped,Amazon,Amazon.in,Expedited,J0244,J0244-SKD-L,Set,L,B0925WM8Z6,Shipped,1,INR,1176.0,Khanapur,KARNATAKA,591302.0,IN,IN Core Free Shipping 2015/04/08 23-48-5-108,False,,False
122079,403-1064535-4565968,06-05-22,Shipped,Amazon,Amazon.in,Expedited,SET395,SET395-KR-NP-L,Set,L,B09RKF7PFW,Shipped,1,INR,962.0,PUNE,MAHARASHTRA,411040.0,IN,,False,,False
122944,407-8163056-0770765,06-05-22,Shipped,Amazon,Amazon.in,Expedited,BTM026,BTM026-NP-XXL,Bottom,XXL,B0845PFGBD,Shipped,1,INR,729.0,BIHARSHARIF,BIHAR,803101.0,IN,IN Core Free Shipping 2015/04/08 23-48-5-108,False,,False
110062,405-1649708-6843551,06-13-22,Cancelled,Amazon,Amazon.in,Expedited,JNE3689,JNE3689-TU-L,Top,L,B094FJ2VY6,Cancelled,0,,,SHILLONG,MEGHALAYA,793001.0,IN,,False,,False
128903,406-3923120-4345139,05-31-22,Cancelled,Amazon,Amazon.in,Expedited,JNE3801,JNE3801-KR-M,kurta,M,B09SDZ4FH9,Cancelled,0,,,ANANTAPUR,ANDHRA PRADESH,515001.0,IN,,False,,False
100250,408-8679379-7934716,06-21-22,Shipped,Amazon,Amazon.in,Expedited,J0413,J0413-DR-S,Western Dress,S,B09TY2JJ87,Shipped,1,INR,719.0,MEERUT,UTTAR PRADESH,250001.0,IN,VPC-44571-44201687 Coupon,False,,False
128923,402-1698543-5164342,05-31-22,Shipped,Amazon,Amazon.in,Expedited,J0418,J0418-TP-XL,Top,XL,B09Y3BSH3G,Shipped,1,INR,749.0,HYDERABAD,TELANGANA,500084.0,IN,"IN Core Free Shipping 2015/04/08 23-48-5-108,VPC-44571-41445561 Coupon",False,,False
101710,408-1378517-1973925,06-20-22,Shipped,Amazon,Amazon.in,Expedited,SET304,SET304-KR-DPT-S,Set,S,B09K3JVNR1,Shipped,1,INR,1125.0,BENGALURU,KARNATAKA,560077.0,IN,IN Core Free Shipping 2015/04/08 23-48-5-108,False,,False
117388,408-3159772-5229135,06-08-22,Shipped,Amazon,Amazon.in,Expedited,JNE3810,JNE3810-KR-XL,kurta,XL,B09RKD4R6C,Shipped,1,INR,569.0,BENGALURU,KARNATAKA,560022.0,IN,IN Core Free Shipping 2015/04/08 23-48-5-108,False,,False
114857,403-6715599-1281902,06-10-22,Shipped,Amazon,Amazon.in,Expedited,SET265,SET265-KR-NP-XXXL,Set,3XL,B0983F9JL2,Shipped,1,INR,888.0,PUDUPATTINAM,TAMIL NADU,603102.0,IN,IN Core Free Shipping 2015/04/08 23-48-5-108,False,,False
124539,402-6855704-5158706,06-04-22,Shipped,Amazon,Amazon.in,Expedited,SET398,SET398-KR-PP-S,Set,S,B09RP8VTX6,Shipped,1,INR,1186.0,DEOBAND,UTTAR PRADESH,247554.0,IN,IN Core Free Shipping 2015/04/08 23-48-5-108,False,,False
115344,407-8278692-5297932,06-10-22,Shipped,Amazon,Amazon.in,Expedited,J0117,J0117-TP-XS,Top,XS,B08N44NRDT,Shipped,1,INR,726.0,NAGERCOIL,TAMIL NADU,629002.0,IN,IN Core Free Shipping 2015/04/08 23-48-5-108,False,,False
123754,402-4277931-6536320,06-04-22,Shipped,Amazon,Amazon.in,Expedited,J0244,J0244-SKD-S,Set,S,B0925VJFP1,Shipped,1,INR,1176.0,PUDUCHERRY,PUDUCHERRY,605004.0,IN,IN Core Free Shipping 2015/04/08 23-48-5-108,False,,False
104984,403-0660866-1271554,06-17-22,Shipped - Delivered to Buyer,Merchant,Amazon.in,Standard,J0230,J0230-SKD-XXL,Set,XXL,B08XNGQCGM,Shipped,1,INR,1163.0,PANIPAT,HARYANA,132103.0,IN,"Amazon PLCC Free-Financing Universal Merchant AAT-WNKTBO3K27EJC,Amazon PLCC Free-Financing Universal Merchant AAT-QX3UCCJESKPA2,Amazon PLCC Free-Financing Universal Merchant AAT-5QQ7BIYYQEDN2,Amazon PLCC Free-Financing Universal Merchant AAT-DSJ2QRXXWXVMQ,Amazon PLCC Free-Financing Universal Merchant AAT-CXJHMC2YJUK76,Amazon PLCC Free-Financing Universal Merchant AAT-CC4FAVTYR4X7C,Amazon PLCC Free-Financing Universal Merchant AAT-EWAPBB6BDRGM6,Amazon PLCC Free-Financing Universal Merchant AAT-EOKPWFWYW7Y6I,Amazon PLCC Free-Financing Universal Merchant AAT-NT3ZJJGQ3JK3Q,Amazon PLCC Free-Financing Universal Merchant AAT-6JADQ56W3E2NG,Amazon PLCC Free-Financing Universal Merchant AAT-6XVEGAWJUJYXG,Amazon PLCC Free-Financing Universal Merchant AAT-BOWEMQBNNNHBK,Amazon PLCC Free-Financing Universal Merchant AAT-SKYXW7T3UZBGO,Amazon PLCC Free-Financing Universal Merchant AAT-ONHQI6RQUNGB6,Amazon PLCC Free-Financing Universal Merchant AAT-BRSZZ45H6MHAO,Amazon PLCC Free-Financing Universal Merchant AAT-MKLXOOZWQL7GO,Amazon PLCC Free-Financing Universal Merchant AAT-CB7UNXEXGIJTC,Amazon PLCC Free-Financing Universal Merchant #MP-gzasho-1593152694811,Amazon PLCC Free-Financing Universal Merchant AAT-WLBA4GZ52EAH4",False,Easy Ship,False
112618,407-4741392-1897147,06-12-22,Shipped,Amazon,Amazon.in,Expedited,JNE3639,JNE3639-TP-N-M,Top,M,B08ZHMSJVJ,Shipped,1,INR,693.0,VIJAYAWADA,ANDHRA PRADESH,520010.0,IN,IN Core Free Shipping 2015/04/08 23-48-5-108,False,,False
113236,402-2961005-4420348,06-11-22,Shipped - Delivered to Buyer,Merchant,Amazon.in,Standard,J0013,J0013-SKD-M,Set,M,B08CMJBRQV,Shipped,1,INR,1018.0,BARIPADA,ODISHA,757001.0,IN,"Amazon PLCC Free-Financing Universal Merchant AAT-WNKTBO3K27EJC,Amazon PLCC Free-Financing Universal Merchant AAT-QX3UCCJESKPA2,Amazon PLCC Free-Financing Universal Merchant AAT-5QQ7BIYYQEDN2,Amazon PLCC Free-Financing Universal Merchant AAT-DSJ2QRXXWXVMQ,Amazon PLCC Free-Financing Universal Merchant AAT-CXJHMC2YJUK76,Amazon PLCC Free-Financing Universal Merchant AAT-CC4FAVTYR4X7C,Amazon PLCC Free-Financing Universal Merchant AAT-EWAPBB6BDRGM6,Amazon PLCC Free-Financing Universal Merchant AAT-WSJLDN3X7KEMO,Amazon PLCC Free-Financing Universal Merchant AAT-VL6FGQVGQVXUS,Amazon PLCC Free-Financing Universal Merchant AAT-EOKPWFWYW7Y6I,Amazon PLCC Free-Financing Universal Merchant AAT-5VXFLMD6EKIFC,Amazon PLCC Free-Financing Universal Merchant AAT-NT3ZJJGQ3JK3Q,Amazon PLCC Free-Financing Universal Merchant AAT-6XVEGAWJUJYXG,Amazon PLCC Free-Financing Universal Merchant AAT-ZBCRDPHJI4UDO,Amazon PLCC Free-Financing Universal Merchant AAT-CMBNOJYSQPOPS,Amazon PLCC Free-Financing Universal Merchant AAT-IBN3WODYJ44YC,Amazon PLCC Free-Financing Universal Merchant AAT-W2F65W44TEYES,Amazon PLCC Free-Financing Universal Merchant AAT-ZBGDWJCP6BTLE,Amazon PLCC Free-Financing Universal Merchant AAT-5DVF2TMYR72D4,Amazon PLCC Free-Financing Universal Merchant AAT-BOWEMQBNNNHBK,Amazon PLCC Free-Financing Universal Merchant AAT-SKYXW7T3UZBGO,Amazon PLCC Free-Financing Universal Merchant AAT-BRSZZ45H6MHAO,Amazon PLCC Free-Financing Universal Merchant AAT-MKLXOOZWQL7GO,Amazon PLCC Free-Financing Universal Merchant AAT-CB7UNXEXGIJTC,Amazon PLCC Free-Financing Universal Merchant #MP-gzasho-1593152694811,Amazon PLCC Free-Financing Universal Merchant AAT-WLBA4GZ52EAH4",False,Easy Ship,False
108242,404-2734028-2759532,06-15-22,Cancelled,Amazon,Amazon.in,Expedited,JNE3887,JNE3887-KR-S,kurta,S,B09TZX7G1Q,Unshipped,1,INR,526.0,GHAZIABAD,UTTAR PRADESH,201014.0,IN,,False,,False
119925,407-0326463-4823514,06-07-22,Shipped,Amazon,Amazon.in,Expedited,SET203,SET203-KR-DPT-L,Set,L,B08MYV6C3Y,Shipped,1,INR,416.0,BAREILLY,UTTAR PRADESH,243006.0,IN,,False,,False
119640,408-0091009-3755505,06-07-22,Shipped,Amazon,Amazon.in,Expedited,JNE3905,JNE3905-DR-XL,Western Dress,XL,B09YYPWNT8,Shipped,1,INR,869.0,Ahmedabad,Gujarat,380015.0,IN,IN Core Free Shipping 2015/04/08 23-48-5-108,False,,False
102676,407-6693726-5617108,06-19-22,Shipped - Damaged,Merchant,Amazon.in,Standard,J0396,J0396-DR-XXXL,Western Dress,3XL,B09SDXPC2C,Shipped,1,INR,1136.0,CHENNAI,TAMIL NADU,600041.0,IN,"Amazon PLCC Free-Financing Universal Merchant AAT-WNKTBO3K27EJC,Amazon PLCC Free-Financing Universal Merchant AAT-QX3UCCJESKPA2,Amazon PLCC Free-Financing Universal Merchant AAT-5QQ7BIYYQEDN2,Amazon PLCC Free-Financing Universal Merchant AAT-DSJ2QRXXWXVMQ,Amazon PLCC Free-Financing Universal Merchant AAT-CXJHMC2YJUK76,Amazon PLCC Free-Financing Universal Merchant AAT-SL3Y2YRMAUNFC,Amazon PLCC Free-Financing Universal Merchant AAT-CC4FAVTYR4X7C,Amazon PLCC Free-Financing Universal Merchant AAT-EWAPBB6BDRGM6,Amazon PLCC Free-Financing Universal Merchant AAT-EOKPWFWYW7Y6I,Amazon PLCC Free-Financing Universal Merchant AAT-NT3ZJJGQ3JK3Q,Amazon PLCC Free-Financing Universal Merchant AAT-5SHH3G55USK5C,Amazon PLCC Free-Financing Universal Merchant AAT-AMKH7SAAONETC,Amazon PLCC Free-Financing Universal Merchant AAT-56XNPXK2K7OLI,Amazon PLCC Free-Financing Universal Merchant AAT-6XVEGAWJUJYXG,Amazon PLCC Free-Financing Universal Merchant AAT-5QNBXTEQWGXOW,Amazon PLCC Free-Financing Universal Merchant AAT-BOWEMQBNNNHBK,Amazon PLCC Free-Financing Universal Merchant AAT-SKYXW7T3UZBGO,Amazon PLCC Free-Financing Universal Merchant AAT-ONHQI6RQUNGB6,Amazon PLCC Free-Financing Universal Merchant AAT-GRVCPA6Q7ICUO,Amazon PLCC Free-Financing Universal Merchant AAT-7L53RVBBSPI3S,Amazon PLCC Free-Financing Universal Merchant AAT-FXGH5APHPAWRQ,Amazon PLCC Free-Financing Universal Merchant AAT-BRSZZ45H6MHAO,Amazon PLCC Free-Financing Universal Merchant AAT-MKLXOOZWQL7GO,Amazon PLCC Free-Financing Universal Merchant AAT-CB7UNXEXGIJTC,Amazon PLCC Free-Financing Universal Merchant #MP-gzasho-1593152694811,Amazon PLCC Free-Financing Universal Merchant AAT-WLBA4GZ52EAH4",False,Easy Ship,False
121583,408-6679655-6045952,06-06-22,Shipped - Delivered to Buyer,Merchant,Amazon.in,Standard,J0157,J0157-DR-L,Western Dress,L,B09831FVYR,Shipped,1,INR,0.0,NASHIK,MAHARASHTRA,422013.0,IN,"Amazon PLCC Free-Financing Universal Merchant AAT-5QQ7BIYYQEDN2,Amazon PLCC Free-Financing Universal Merchant AAT-DSJ2QRXXWXVMQ,Amazon PLCC Free-Financing Universal Merchant AAT-EWAPBB6BDRGM6,Amazon PLCC Free-Financing Universal Merchant AAT-AMKH7SAAONETC,Amazon PLCC Free-Financing Universal Merchant AAT-56XNPXK2K7OLI,Amazon PLCC Free-Financing Universal Merchant AAT-Z7SKZOEIDWRU4,Amazon PLCC Free-Financing Universal Merchant #MP-gzasho-1593152694811",False,Easy Ship,False
104469,403-7631128-6781125,06-18-22,Shipped,Amazon,Amazon.in,Expedited,J0230,J0230-SKD-XL,Set,XL,B08XNJ8P3S,Shipped,1,INR,1163.0,DURGAPUR,WEST BENGAL,713201.0,IN,IN Core Free Shipping 2015/04/08 23-48-5-108,False,,False
118441,403-8587279-3451501,06-08-22,Shipped - Delivered to Buyer,Merchant,Amazon.in,Standard,J0003,J0003-SET-XL,Set,XL,B0894YFQ5R,Shipped,1,INR,664.0,KALYAN,MAHARASHTRA,421301.0,IN,"Amazon PLCC Free-Financing Universal Merchant AAT-WNKTBO3K27EJC,Amazon PLCC Free-Financing Universal Merchant AAT-QX3UCCJESKPA2,Amazon PLCC Free-Financing Universal Merchant AAT-5QQ7BIYYQEDN2,Amazon PLCC Free-Financing Universal Merchant AAT-DSJ2QRXXWXVMQ,Amazon PLCC Free-Financing Universal Merchant AAT-CXJHMC2YJUK76,Amazon PLCC Free-Financing Universal Merchant AAT-CC4FAVTYR4X7C,Amazon PLCC Free-Financing Universal Merchant AAT-EWAPBB6BDRGM6,Amazon PLCC Free-Financing Universal Merchant AAT-EOKPWFWYW7Y6I,Amazon PLCC Free-Financing Universal Merchant AAT-5SHH3G55USK5C,Amazon PLCC Free-Financing Universal Merchant AAT-ZBCRDPHJI4UDO,Amazon PLCC Free-Financing Universal Merchant AAT-CMBNOJYSQPOPS,Amazon PLCC Free-Financing Universal Merchant AAT-IBN3WODYJ44YC,Amazon PLCC Free-Financing Universal Merchant AAT-W2F65W44TEYES,Amazon PLCC Free-Financing Universal Merchant AAT-ZBGDWJCP6BTLE,Amazon PLCC Free-Financing Universal Merchant AAT-TNYBHEAO7HOHO,Amazon PLCC Free-Financing Universal Merchant AAT-BRSZZ45H6MHAO,Amazon PLCC Free-Financing Universal Merchant AAT-MKLXOOZWQL7GO,Amazon PLCC Free-Financing Universal Merchant AAT-CB7UNXEXGIJTC,Amazon PLCC Free-Financing Universal Merchant #MP-gzasho-1593152694811,Amazon PLCC Free-Financing Universal Merchant AAT-WLBA4GZ52EAH4,Amazon PLCC Free-Financing Universal Merchant AAT-QMFZ3M7T5NPDS,Amazon PLCC Free-Financing Universal Merchant #MP-pmilan-1601980554292",False,Easy Ship,False
109683,171-6860890-5183569,06-14-22,Cancelled,Amazon,Amazon.in,Expedited,JNE3291,JNE3291-KR-S,kurta,S,B07R41RHRH,Cancelled,0,,,HANSKHALI,WEST BENGAL,741505.0,IN,,False,,False
118176,408-5881742-7181142,06-08-22,Shipped,Amazon,Amazon.in,Standard,J0244,J0244-SKD-M,Set,M,B0925X6RTJ,Shipped,1,INR,0.0,CUTTACK,ODISHA,753004.0,IN,,False,,False
105762,403-4816975-6277135,06-17-22,Shipped,Amazon,Amazon.in,Expedited,JNE3689,JNE3689-TU-XXL,Top,XXL,B094FH9CCW,Shipped,1,INR,434.0,Kolkata,WEST BENGAL,700110.0,IN,,False,,False
112369,406-2536397-5119567,06-12-22,Cancelled,Amazon,Amazon.in,Expedited,JNE3376,JNE3376-KR-XXL,kurta,XXL,B082W83K7S,Unshipped,1,INR,432.0,FALAKATA,WEST BENGAL,735211.0,IN,,False,,False
107516,403-5569181-2745942,06-15-22,Shipped,Amazon,Amazon.in,Expedited,JNE3797,JNE3797-KR-A-M,Western Dress,M,B09TH73PT5,Shipped,1,INR,771.0,Pune,MAHARASHTRA,411014.0,IN,IN Core Free Shipping 2015/04/08 23-48-5-108,False,,False
126368,408-7399933-6373134,06-02-22,Shipped - Delivered to Buyer,Merchant,Amazon.in,Standard,J0244,J0244-SKD-XXXL,Set,3XL,B0925W64DT,Shipped,1,INR,1174.0,MUNDERA BAZAR,UTTAR PRADESH,273201.0,IN,"Amazon PLCC Free-Financing Universal Merchant AAT-WNKTBO3K27EJC,Amazon PLCC Free-Financing Universal Merchant AAT-QX3UCCJESKPA2,Amazon PLCC Free-Financing Universal Merchant AAT-5QQ7BIYYQEDN2,Amazon PLCC Free-Financing Universal Merchant AAT-DSJ2QRXXWXVMQ,Amazon PLCC Free-Financing Universal Merchant AAT-CXJHMC2YJUK76,Amazon PLCC Free-Financing Universal Merchant AAT-SL3Y2YRMAUNFC,Amazon PLCC Free-Financing Universal Merchant AAT-CC4FAVTYR4X7C,Amazon PLCC Free-Financing Universal Merchant AAT-EWAPBB6BDRGM6,Amazon PLCC Free-Financing Universal Merchant AAT-EOKPWFWYW7Y6I,Amazon PLCC Free-Financing Universal Merchant AAT-NT3ZJJGQ3JK3Q,Amazon PLCC Free-Financing Universal Merchant AAT-AMKH7SAAONETC,Amazon PLCC Free-Financing Universal Merchant AAT-56XNPXK2K7OLI,Amazon PLCC Free-Financing Universal Merchant AAT-Z7SKZOEIDWRU4,Amazon PLCC Free-Financing Universal Merchant AAT-ZY77ROZXBSFU6,Amazon PLCC Free-Financing Universal Merchant AAT-BRSZZ45H6MHAO,Amazon PLCC Free-Financing Universal Merchant AAT-MKLXOOZWQL7GO,Amazon PLCC Free-Financing Universal Merchant AAT-CB7UNXEXGIJTC,Amazon PLCC Free-Financing Universal Merchant #MP-gzasho-1593152694811,Amazon PLCC Free-Financing Universal Merchant AAT-WLBA4GZ52EAH4",False,Easy Ship,False
106377,402-9582856-9678768,06-16-22,Shipped - Delivered to Buyer,Merchant,Amazon.in,Standard,JNE3869,JNE3869-DR-M,Western Dress,M,B09RK7Q644,Shipped,1,INR,948.0,Ernakulam,KERALA,682308.0,IN,"Amazon PLCC Free-Financing Universal Merchant AAT-WNKTBO3K27EJC,Amazon PLCC Free-Financing Universal Merchant AAT-QX3UCCJESKPA2,Amazon PLCC Free-Financing Universal Merchant AAT-5QQ7BIYYQEDN2,Amazon PLCC Free-Financing Universal Merchant AAT-DSJ2QRXXWXVMQ,Amazon PLCC Free-Financing Universal Merchant AAT-CXJHMC2YJUK76,Amazon PLCC Free-Financing Universal Merchant AAT-CC4FAVTYR4X7C,Amazon PLCC Free-Financing Universal Merchant AAT-EWAPBB6BDRGM6,Amazon PLCC Free-Financing Universal Merchant AAT-R7GXNZWISTRFA,Amazon PLCC Free-Financing Universal Merchant AAT-WSJLDN3X7KEMO,Amazon PLCC Free-Financing Universal Merchant AAT-VL6FGQVGQVXUS,Amazon PLCC Free-Financing Universal Merchant AAT-EOKPWFWYW7Y6I,Amazon PLCC Free-Financing Universal Merchant AAT-NT3ZJJGQ3JK3Q,Amazon PLCC Free-Financing Universal Merchant AAT-YV4X6QSRBRG62,Amazon PLCC Free-Financing Universal Merchant AAT-6XVEGAWJUJYXG,Amazon PLCC Free-Financing Universal Merchant AAT-BOWEMQBNNNHBK,Amazon PLCC Free-Financing Universal Merchant AAT-SKYXW7T3UZBGO,Amazon PLCC Free-Financing Universal Merchant AAT-ILWGDKTQOJRNA,Amazon PLCC Free-Financing Universal Merchant AAT-ONHQI6RQUNGB6,Amazon PLCC Free-Financing Universal Merchant AAT-BRSZZ45H6MHAO,Amazon PLCC Free-Financing Universal Merchant AAT-MKLXOOZWQL7GO,Amazon PLCC Free-Financing Universal Merchant AAT-CB7UNXEXGIJTC,Amazon PLCC Free-Financing Universal Merchant #MP-gzasho-1593152694811,Amazon PLCC Free-Financing Universal Merchant AAT-WLBA4GZ52EAH4",False,Easy Ship,False
115461,408-4188549-2253130,06-10-22,Cancelled,Merchant,Amazon.in,Standard,SET329,SET329-KR-NP-S,Set,S,B09K3SHVLV,,0,,,BENGALURU,KARNATAKA,560038.0,IN,,False,Easy Ship,False
111403,402-4412361-1012338,06-12-22,Shipped - Delivered to Buyer,Merchant,Amazon.in,Standard,J0244,J0244-SKD-XXXL,Set,3XL,B0925W64DT,Shipped,1,INR,1174.0,BENGALURU,KARNATAKA,560068.0,IN,"Amazon PLCC Free-Financing Universal Merchant AAT-WNKTBO3K27EJC,Amazon PLCC Free-Financing Universal Merchant AAT-QX3UCCJESKPA2,Amazon PLCC Free-Financing Universal Merchant AAT-5QQ7BIYYQEDN2,Amazon PLCC Free-Financing Universal Merchant AAT-DSJ2QRXXWXVMQ,Amazon PLCC Free-Financing Universal Merchant AAT-CXJHMC2YJUK76,Amazon PLCC Free-Financing Universal Merchant AAT-CC4FAVTYR4X7C,Amazon PLCC Free-Financing Universal Merchant AAT-EWAPBB6BDRGM6,Amazon PLCC Free-Financing Universal Merchant AAT-R7GXNZWISTRFA,Amazon PLCC Free-Financing Universal Merchant AAT-WSJLDN3X7KEMO,Amazon PLCC Free-Financing Universal Merchant AAT-VL6FGQVGQVXUS,Amazon PLCC Free-Financing Universal Merchant AAT-EOKPWFWYW7Y6I,Amazon PLCC Free-Financing Universal Merchant AAT-NT3ZJJGQ3JK3Q,Amazon PLCC Free-Financing Universal Merchant AAT-6XVEGAWJUJYXG,Amazon PLCC Free-Financing Universal Merchant AAT-BOWEMQBNNNHBK,Amazon PLCC Free-Financing Universal Merchant AAT-SKYXW7T3UZBGO,Amazon PLCC Free-Financing Universal Merchant AAT-ILWGDKTQOJRNA,Amazon PLCC Free-Financing Universal Merchant AAT-BRSZZ45H6MHAO,Amazon PLCC Free-Financing Universal Merchant AAT-MKLXOOZWQL7GO,Amazon PLCC Free-Financing Universal Merchant AAT-CB7UNXEXGIJTC,Amazon PLCC Free-Financing Universal Merchant #MP-gzasho-1593152694811,Amazon PLCC Free-Financing Universal Merchant AAT-WLBA4GZ52EAH4",False,Easy Ship,False
117026,408-3730711-6164311,06-09-22,Shipped,Amazon,Amazon.in,Expedited,SET184,SET184-KR-PP-S,Set,S,B08W9PN5YX,Shipped,1,INR,573.0,GURUGRAM,HARYANA,122018.0,IN,,False,,False
108957,402-3570587-7029108,06-14-22,Cancelled,Amazon,Amazon.in,Expedited,JNE3798,JNE3798-KR-L,Western Dress,L,B09SDX13G7,Unshipped,1,INR,735.0,SHIVAMOGGA,KARNATAKA,577201.0,IN,,False,,False
111313,405-9668958-4528351,06-12-22,Shipped,Amazon,Amazon.in,Expedited,JNE3690,JNE3690-TU-XS,Top,XS,B094FH578D,Shipped,1,INR,726.0,Veraval,Gujarat,362265.0,IN,IN Core Free Shipping 2015/04/08 23-48-5-108,False,,False
112350,403-1985326-5057137,06-12-22,Shipped,Amazon,Amazon.in,Expedited,SET299,SET299-KR-PP-L,Set,L,B09QJ4WXJ5,Shipped,1,INR,825.0,BHUBANESWAR,ODISHA,751029.0,IN,IN Core Free Shipping 2015/04/08 23-48-5-108,False,,False
106948,405-8441640-9138704,06-16-22,Shipped,Amazon,Amazon.in,Expedited,J0402,J0402-DR-M,Western Dress,M,B09SDZ46RC,Shipped,1,INR,688.0,HYDERABAD,TELANGANA,500007.0,IN,,False,,False
107348,405-3678983-4028340,06-15-22,Shipped,Amazon,Amazon.in,Expedited,SET345,SET345-KR-NP-M,Set,M,B09KXV4BN8,Shipped,1,INR,635.0,CHETHIPUZHA,KERALA,686538.0,IN,IN Core Free Shipping 2015/04/08 23-48-5-108,False,,False
125157,407-8084686-5611518,06-03-22,Cancelled,Merchant,Amazon.in,Standard,JNE3860,JNE3860-DR-XXXL,Western Dress,3XL,B09SDYFGMR,,0,INR,584.76,VADODARA,Gujarat,390011.0,IN,,False,Easy Ship,False
105553,404-5450588-2974730,06-17-22,Shipped - Delivered to Buyer,Merchant,Amazon.in,Standard,SET333,SET333-KR-DPT-S,Set,S,B09RKF9RSW,Shipped,1,INR,967.0,OOTY,TAMIL NADU,643001.0,IN,"Amazon PLCC Free-Financing Universal Merchant AAT-WNKTBO3K27EJC,Amazon PLCC Free-Financing Universal Merchant AAT-QX3UCCJESKPA2,Amazon PLCC Free-Financing Universal Merchant AAT-5QQ7BIYYQEDN2,Amazon PLCC Free-Financing Universal Merchant AAT-DSJ2QRXXWXVMQ,Amazon PLCC Free-Financing Universal Merchant AAT-CXJHMC2YJUK76,Amazon PLCC Free-Financing Universal Merchant AAT-CC4FAVTYR4X7C,Amazon PLCC Free-Financing Universal Merchant AAT-EWAPBB6BDRGM6,Amazon PLCC Free-Financing Universal Merchant AAT-EOKPWFWYW7Y6I,Amazon PLCC Free-Financing Universal Merchant AAT-NT3ZJJGQ3JK3Q,Amazon PLCC Free-Financing Universal Merchant AAT-6JADQ56W3E2NG,Amazon PLCC Free-Financing Universal Merchant AAT-BOWEMQBNNNHBK,Amazon PLCC Free-Financing Universal Merchant AAT-SKYXW7T3UZBGO,Amazon PLCC Free-Financing Universal Merchant AAT-ONHQI6RQUNGB6,Amazon PLCC Free-Financing Universal Merchant AAT-BRSZZ45H6MHAO,Amazon PLCC Free-Financing Universal Merchant AAT-MKLXOOZWQL7GO,Amazon PLCC Free-Financing Universal Merchant AAT-CB7UNXEXGIJTC,Amazon PLCC Free-Financing Universal Merchant #MP-gzasho-1593152694811,Amazon PLCC Free-Financing Universal Merchant AAT-WLBA4GZ52EAH4",False,Easy Ship,False
123655,407-7641951-6179553,06-04-22,Shipped - Delivered to Buyer,Merchant,Amazon.in,Standard,JNE3797,JNE3797-KR-L,Western Dress,L,B09SDXFFQ1,Shipped,1,INR,735.0,Bangalore,KARNATAKA,560076.0,IN,"Amazon PLCC Free-Financing Universal Merchant AAT-WNKTBO3K27EJC,Amazon PLCC Free-Financing Universal Merchant AAT-QX3UCCJESKPA2,Amazon PLCC Free-Financing Universal Merchant AAT-5QQ7BIYYQEDN2,Amazon PLCC Free-Financing Universal Merchant AAT-DSJ2QRXXWXVMQ,Amazon PLCC Free-Financing Universal Merchant AAT-CXJHMC2YJUK76,Amazon PLCC Free-Financing Universal Merchant AAT-SL3Y2YRMAUNFC,Amazon PLCC Free-Financing Universal Merchant AAT-CC4FAVTYR4X7C,Amazon PLCC Free-Financing Universal Merchant AAT-EWAPBB6BDRGM6,Amazon PLCC Free-Financing Universal Merchant AAT-EOKPWFWYW7Y6I,Amazon PLCC Free-Financing Universal Merchant AAT-AMKH7SAAONETC,Amazon PLCC Free-Financing Universal Merchant AAT-56XNPXK2K7OLI,Amazon PLCC Free-Financing Universal Merchant AAT-Z7SKZOEIDWRU4,Amazon PLCC Free-Financing Universal Merchant AAT-TNYBHEAO7HOHO,Amazon PLCC Free-Financing Universal Merchant AAT-BRSZZ45H6MHAO,Amazon PLCC Free-Financing Universal Merchant AAT-MKLXOOZWQL7GO,Amazon PLCC Free-Financing Universal Merchant AAT-CB7UNXEXGIJTC,Amazon PLCC Free-Financing Universal Merchant #MP-gzasho-1593152694811,Amazon PLCC Free-Financing Universal Merchant AAT-WLBA4GZ52EAH4,Amazon PLCC Free-Financing Universal Merchant AAT-QMFZ3M7T5NPDS,Amazon PLCC Free-Financing Universal Merchant #MP-pmilan-1601980554292",False,Easy Ship,False
111942,407-5670494-5879541,06-12-22,Cancelled,Merchant,Amazon.in,Standard,J0003,J0003-SET-M,Set,M,B0894XH3LN,,0,INR,632.38,BHOPAL,MADHYA PRADESH,462001.0,IN,,False,Easy Ship,False
113328,405-6039248-6361905,06-11-22,Shipped,Amazon,Amazon.in,Expedited,J0095,J0095-SET-M,Set,M,B08CMRV8D1,Shipped,1,INR,633.0,Indore,MADHYA PRADESH,452010.0,IN,IN Core Free Shipping 2015/04/08 23-48-5-108,False,,False
124615,407-3897377-9521936,06-04-22,Shipped,Amazon,Amazon.in,Expedited,JNE2305,JNE2305-KR-533-XL,kurta,XL,B07GRQVB2G,Shipped,1,INR,376.0,MUMBAI,MAHARASHTRA,400059.0,IN,IN Core Free Shipping 2015/04/08 23-48-5-108,False,,False
107256,404-6677029-7910737,06-15-22,Shipped,Amazon,Amazon.in,Expedited,JNE3801,JNE3801-KR-XXL,kurta,XXL,B09SDZ4XRT,Shipped,1,INR,735.0,BONGAON,WEST BENGAL,743251.0,IN,IN Core Free Shipping 2015/04/08 23-48-5-108,False,,False
108274,405-8813887-9173911,06-15-22,Shipped - Delivered to Buyer,Merchant,Amazon.in,Standard,J0135,J0135-SET-XS,Set,XS,B08QGL84L9,Shipped,1,INR,591.0,JALANDHAR,PUNJAB,144005.0,IN,"Amazon PLCC Free-Financing Universal Merchant AAT-WNKTBO3K27EJC,Amazon PLCC Free-Financing Universal Merchant AAT-QX3UCCJESKPA2,Amazon PLCC Free-Financing Universal Merchant AAT-5QQ7BIYYQEDN2,Amazon PLCC Free-Financing Universal Merchant AAT-DSJ2QRXXWXVMQ,Amazon PLCC Free-Financing Universal Merchant AAT-CXJHMC2YJUK76,Amazon PLCC Free-Financing Universal Merchant AAT-CC4FAVTYR4X7C,Amazon PLCC Free-Financing Universal Merchant AAT-EWAPBB6BDRGM6,Amazon PLCC Free-Financing Universal Merchant AAT-EOKPWFWYW7Y6I,Amazon PLCC Free-Financing Universal Merchant AAT-NT3ZJJGQ3JK3Q,Amazon PLCC Free-Financing Universal Merchant AAT-6XVEGAWJUJYXG,Amazon PLCC Free-Financing Universal Merchant AAT-BOWEMQBNNNHBK,Amazon PLCC Free-Financing Universal Merchant AAT-SKYXW7T3UZBGO,Amazon PLCC Free-Financing Universal Merchant AAT-ILWGDKTQOJRNA,Amazon PLCC Free-Financing Universal Merchant AAT-ONHQI6RQUNGB6,Amazon PLCC Free-Financing Universal Merchant AAT-BRSZZ45H6MHAO,Amazon PLCC Free-Financing Universal Merchant AAT-MKLXOOZWQL7GO,Amazon PLCC Free-Financing Universal Merchant AAT-CB7UNXEXGIJTC,Amazon PLCC Free-Financing Universal Merchant #MP-gzasho-1593152694811,Amazon PLCC Free-Financing Universal Merchant AAT-WLBA4GZ52EAH4",False,Easy Ship,False
122385,403-5854814-1538740,06-05-22,Shipped - Delivered to Buyer,Merchant,Amazon.in,Standard,J0113,J0113-TP-XL,Top,XL,B08V1N2D45,Shipped,1,INR,758.0,PUTTUR,KARNATAKA,574202.0,IN,"Amazon PLCC Free-Financing Universal Merchant AAT-WNKTBO3K27EJC,Amazon PLCC Free-Financing Universal Merchant AAT-QX3UCCJESKPA2,Amazon PLCC Free-Financing Universal Merchant AAT-5QQ7BIYYQEDN2,Amazon PLCC Free-Financing Universal Merchant AAT-DSJ2QRXXWXVMQ,Amazon PLCC Free-Financing Universal Merchant AAT-CXJHMC2YJUK76,Amazon PLCC Free-Financing Universal Merchant AAT-CC4FAVTYR4X7C,Amazon PLCC Free-Financing Universal Merchant AAT-EWAPBB6BDRGM6,Amazon PLCC Free-Financing Universal Merchant AAT-EOKPWFWYW7Y6I,Amazon PLCC Free-Financing Universal Merchant AAT-NT3ZJJGQ3JK3Q,Amazon PLCC Free-Financing Universal Merchant AAT-Z7SKZOEIDWRU4,Amazon PLCC Free-Financing Universal Merchant AAT-BRSZZ45H6MHAO,Amazon PLCC Free-Financing Universal Merchant AAT-MKLXOOZWQL7GO,Amazon PLCC Free-Financing Universal Merchant AAT-CB7UNXEXGIJTC,Amazon PLCC Free-Financing Universal Merchant #MP-gzasho-1593152694811,Amazon PLCC Free-Financing Universal Merchant AAT-WLBA4GZ52EAH4",False,Easy Ship,False
110249,402-8055992-6845121,06-13-22,Shipped,Amazon,Amazon.in,Expedited,JNE3810,JNE3810-KR-S,kurta,S,B09RKBYVXN,Shipped,1,INR,587.0,KALAMASSERY,KERALA,682030.0,IN,,False,,False
110192,405-3346461-2743540,06-13-22,Shipped - Delivered to Buyer,Merchant,Amazon.in,Standard,J0281,J0281-SKD-S,Set,S,B08QGJR8RG,Shipped,1,INR,1398.0,MACHILIPATNAM,ANDHRA PRADESH,521001.0,IN,"Amazon PLCC Free-Financing Universal Merchant AAT-WNKTBO3K27EJC,Amazon PLCC Free-Financing Universal Merchant AAT-QX3UCCJESKPA2,Amazon PLCC Free-Financing Universal Merchant AAT-5QQ7BIYYQEDN2,Amazon PLCC Free-Financing Universal Merchant AAT-DSJ2QRXXWXVMQ,Amazon PLCC Free-Financing Universal Merchant AAT-CXJHMC2YJUK76,Amazon PLCC Free-Financing Universal Merchant AAT-CC4FAVTYR4X7C,Amazon PLCC Free-Financing Universal Merchant AAT-EWAPBB6BDRGM6,Amazon PLCC Free-Financing Universal Merchant AAT-R7GXNZWISTRFA,Amazon PLCC Free-Financing Universal Merchant AAT-EOKPWFWYW7Y6I,Amazon PLCC Free-Financing Universal Merchant AAT-NT3ZJJGQ3JK3Q,Amazon PLCC Free-Financing Universal Merchant AAT-6XVEGAWJUJYXG,Amazon PLCC Free-Financing Universal Merchant AAT-BOWEMQBNNNHBK,Amazon PLCC Free-Financing Universal Merchant AAT-SKYXW7T3UZBGO,Amazon PLCC Free-Financing Universal Merchant AAT-ILWGDKTQOJRNA,Amazon PLCC Free-Financing Universal Merchant AAT-ONHQI6RQUNGB6,Amazon PLCC Free-Financing Universal Merchant AAT-BRSZZ45H6MHAO,Amazon PLCC Free-Financing Universal Merchant AAT-MKLXOOZWQL7GO,Amazon PLCC Free-Financing Universal Merchant AAT-CB7UNXEXGIJTC,Amazon PLCC Free-Financing Universal Merchant #MP-gzasho-1593152694811,Amazon PLCC Free-Financing Universal Merchant AAT-WLBA4GZ52EAH4,Amazon PLCC Free-Financing Universal Merchant #MP-pmilan-1601980554292",False,Easy Ship,False
121967,406-8750738-2528324,06-05-22,Shipped,Amazon,Amazon.in,Expedited,JNE3801,JNE3801-KR-XXL,kurta,XXL,B09SDZ4XRT,Shipped,1,INR,735.0,Greater Noida,UTTAR PRADESH,201308.0,IN,,False,,False
123934,404-2159704-1634704,06-04-22,Shipped - Delivered to Buyer,Merchant,Amazon.in,Standard,JNE3800,JNE3800-KR-A-XL,Western Dress,XL,B09TH33GBM,Shipped,1,INR,725.0,SRINAGAR,JAMMU & KASHMIR,190012.0,IN,"Amazon PLCC Free-Financing Universal Merchant AAT-WNKTBO3K27EJC,Amazon PLCC Free-Financing Universal Merchant AAT-QX3UCCJESKPA2,Amazon PLCC Free-Financing Universal Merchant AAT-5QQ7BIYYQEDN2,Amazon PLCC Free-Financing Universal Merchant AAT-DSJ2QRXXWXVMQ,Amazon PLCC Free-Financing Universal Merchant AAT-CXJHMC2YJUK76,Amazon PLCC Free-Financing Universal Merchant AAT-CC4FAVTYR4X7C,Amazon PLCC Free-Financing Universal Merchant AAT-EWAPBB6BDRGM6,Amazon PLCC Free-Financing Universal Merchant AAT-EOKPWFWYW7Y6I,Amazon PLCC Free-Financing Universal Merchant AAT-NT3ZJJGQ3JK3Q,Amazon PLCC Free-Financing Universal Merchant AAT-Z7SKZOEIDWRU4,Amazon PLCC Free-Financing Universal Merchant AAT-5QNBXTEQWGXOW,Amazon PLCC Free-Financing Universal Merchant AAT-BRSZZ45H6MHAO,Amazon PLCC Free-Financing Universal Merchant AAT-MKLXOOZWQL7GO,Amazon PLCC Free-Financing Universal Merchant AAT-CB7UNXEXGIJTC,Amazon PLCC Free-Financing Universal Merchant #MP-gzasho-1593152694811,Amazon PLCC Free-Financing Universal Merchant AAT-WLBA4GZ52EAH4",False,Easy Ship,False
123338,408-2564614-1966713,06-04-22,Shipped,Amazon,Amazon.in,Expedited,MEN5014,MEN5014-KR-M,kurta,M,B08YZ2TY5F,Shipped,1,INR,665.0,BERHAMPUR,ODISHA,760004.0,IN,IN Core Free Shipping 2015/04/08 23-48-5-108,False,,False
113061,171-7153853-1613113,06-11-22,Shipped,Amazon,Amazon.in,Expedited,NW005,NW005-ST-PJ-XXL,Set,XXL,B0922PCB3D,Shipped,1,INR,562.0,RUSHIKONDA APIIC,ANDHRA PRADESH,530045.0,IN,IN Core Free Shipping 2015/04/08 23-48-5-108,False,,False
128328,404-4382237-1319508,06-01-22,Shipped,Amazon,Amazon.in,Expedited,JNE3487,JNE3487-KR-XXL,kurta,XXL,B08RNX8Q22,Shipped,1,INR,345.0,ROHA ASHTAMI,MAHARASHTRA,402109.0,IN,,False,,False
120321,402-8062560-9582704,06-06-22,Shipped - Delivered to Buyer,Merchant,Amazon.in,Standard,SET327,SET327-KR-DPT-M,Set,M,B09PN41YXK,Shipped,1,INR,999.0,NAVI MUMBAI,MAHARASHTRA,400706.0,IN,"Amazon PLCC Free-Financing Universal Merchant AAT-WNKTBO3K27EJC,Amazon PLCC Free-Financing Universal Merchant AAT-QX3UCCJESKPA2,Amazon PLCC Free-Financing Universal Merchant AAT-5QQ7BIYYQEDN2,Amazon PLCC Free-Financing Universal Merchant AAT-DSJ2QRXXWXVMQ,Amazon PLCC Free-Financing Universal Merchant AAT-CXJHMC2YJUK76,Amazon PLCC Free-Financing Universal Merchant AAT-SL3Y2YRMAUNFC,Amazon PLCC Free-Financing Universal Merchant AAT-CC4FAVTYR4X7C,Amazon PLCC Free-Financing Universal Merchant AAT-EWAPBB6BDRGM6,Amazon PLCC Free-Financing Universal Merchant AAT-EOKPWFWYW7Y6I,Amazon PLCC Free-Financing Universal Merchant AAT-NT3ZJJGQ3JK3Q,Amazon PLCC Free-Financing Universal Merchant AAT-AMKH7SAAONETC,Amazon PLCC Free-Financing Universal Merchant AAT-56XNPXK2K7OLI,Amazon PLCC Free-Financing Universal Merchant AAT-Z7SKZOEIDWRU4,Amazon PLCC Free-Financing Universal Merchant AAT-6XVEGAWJUJYXG,Amazon PLCC Free-Financing Universal Merchant AAT-TNYBHEAO7HOHO,Amazon PLCC Free-Financing Universal Merchant AAT-BRSZZ45H6MHAO,Amazon PLCC Free-Financing Universal Merchant AAT-MKLXOOZWQL7GO,Amazon PLCC Free-Financing Universal Merchant AAT-CB7UNXEXGIJTC,Amazon PLCC Free-Financing Universal Merchant #MP-gzasho-1593152694811,Amazon PLCC Free-Financing Universal Merchant AAT-WLBA4GZ52EAH4,Amazon PLCC Free-Financing Universal Merchant AAT-QMFZ3M7T5NPDS,Amazon PLCC Free-Financing Universal Merchant #MP-pmilan-1601980554292",False,Easy Ship,False
111804,402-8643960-5737928,06-12-22,Shipped,Amazon,Amazon.in,Expedited,JNE3797,JNE3797-KR-S,Western Dress,S,B09SDYQ3WG,Shipped,1,INR,735.0,PUNE,MAHARASHTRA,411021.0,IN,IN Core Free Shipping 2015/04/08 23-48-5-108,False,,False
105354,406-8893916-0024336,06-17-22,Shipped,Amazon,Amazon.in,Expedited,J0339,J0339-DR-XXXL,Western Dress,3XL,B09831N6TV,Shipped,1,INR,1091.0,PATNA,BIHAR,801505.0,IN,IN Core Free Shipping 2015/04/08 23-48-5-108,False,,False
104707,405-6376178-9694766,06-18-22,Shipped,Amazon,Amazon.in,Expedited,PSET264,PSET264-KR-NP-4XL,Set,4XL,B09M778LNG,Shipped,1,INR,1325.0,CHENNAI,TAMIL NADU,600028.0,IN,,False,,False
123174,408-4574185-3238731,06-05-22,Shipped - Delivered to Buyer,Merchant,Amazon.in,Standard,J0346,J0346-SET-XXL,Set,XXL,B0983DYB2T,Shipped,1,INR,464.0,NEW DELHI,DELHI,110096.0,IN,"Amazon PLCC Free-Financing Universal Merchant AAT-WNKTBO3K27EJC,Amazon PLCC Free-Financing Universal Merchant AAT-QX3UCCJESKPA2,Amazon PLCC Free-Financing Universal Merchant AAT-5QQ7BIYYQEDN2,Amazon PLCC Free-Financing Universal Merchant AAT-DSJ2QRXXWXVMQ,Amazon PLCC Free-Financing Universal Merchant AAT-CXJHMC2YJUK76,Amazon PLCC Free-Financing Universal Merchant AAT-SL3Y2YRMAUNFC,Amazon PLCC Free-Financing Universal Merchant AAT-CC4FAVTYR4X7C,Amazon PLCC Free-Financing Universal Merchant AAT-EWAPBB6BDRGM6,Amazon PLCC Free-Financing Universal Merchant AAT-EOKPWFWYW7Y6I,Amazon PLCC Free-Financing Universal Merchant AAT-NT3ZJJGQ3JK3Q,Amazon PLCC Free-Financing Universal Merchant AAT-AMKH7SAAONETC,Amazon PLCC Free-Financing Universal Merchant AAT-56XNPXK2K7OLI,Amazon PLCC Free-Financing Universal Merchant AAT-Z7SKZOEIDWRU4,Amazon PLCC Free-Financing Universal Merchant AAT-BRSZZ45H6MHAO,Amazon PLCC Free-Financing Universal Merchant AAT-MKLXOOZWQL7GO,Amazon PLCC Free-Financing Universal Merchant AAT-CB7UNXEXGIJTC,Amazon PLCC Free-Financing Universal Merchant #MP-gzasho-1593152694811,Amazon PLCC Free-Financing Universal Merchant AAT-WLBA4GZ52EAH4,Amazon PLCC Free-Financing Universal Merchant #MP-pmilan-1601980554292",False,Easy Ship,False
114076,406-9085627-9838711,06-11-22,Shipped - Delivered to Buyer,Merchant,Amazon.in,Standard,NW034,NW034-TP-PJ-XL,Set,XL,B09M75WS4Q,Shipped,1,INR,595.0,VIJAYAWADA,ANDHRA PRADESH,522501.0,IN,"Amazon PLCC Free-Financing Universal Merchant AAT-WNKTBO3K27EJC,Amazon PLCC Free-Financing Universal Merchant AAT-QX3UCCJESKPA2,Amazon PLCC Free-Financing Universal Merchant AAT-5QQ7BIYYQEDN2,Amazon PLCC Free-Financing Universal Merchant AAT-DSJ2QRXXWXVMQ,Amazon PLCC Free-Financing Universal Merchant AAT-CXJHMC2YJUK76,Amazon PLCC Free-Financing Universal Merchant AAT-CC4FAVTYR4X7C,Amazon PLCC Free-Financing Universal Merchant AAT-EWAPBB6BDRGM6,Amazon PLCC Free-Financing Universal Merchant AAT-EOKPWFWYW7Y6I,Amazon PLCC Free-Financing Universal Merchant AAT-NT3ZJJGQ3JK3Q,Amazon PLCC Free-Financing Universal Merchant AAT-5SHH3G55USK5C,Amazon PLCC Free-Financing Universal Merchant AAT-6XVEGAWJUJYXG,Amazon PLCC Free-Financing Universal Merchant AAT-ZBCRDPHJI4UDO,Amazon PLCC Free-Financing Universal Merchant AAT-CMBNOJYSQPOPS,Amazon PLCC Free-Financing Universal Merchant AAT-IBN3WODYJ44YC,Amazon PLCC Free-Financing Universal Merchant AAT-W2F65W44TEYES,Amazon PLCC Free-Financing Universal Merchant AAT-ZBGDWJCP6BTLE,Amazon PLCC Free-Financing Universal Merchant AAT-5DVF2TMYR72D4,Amazon PLCC Free-Financing Universal Merchant AAT-BOWEMQBNNNHBK,Amazon PLCC Free-Financing Universal Merchant AAT-SKYXW7T3UZBGO,Amazon PLCC Free-Financing Universal Merchant AAT-BRSZZ45H6MHAO,Amazon PLCC Free-Financing Universal Merchant AAT-MKLXOOZWQL7GO,Amazon PLCC Free-Financing Universal Merchant AAT-CB7UNXEXGIJTC,Amazon PLCC Free-Financing Universal Merchant #MP-gzasho-1593152694811,Amazon PLCC Free-Financing Universal Merchant AAT-WLBA4GZ52EAH4",False,Easy Ship,False
112276,171-6319423-7821156,06-12-22,Shipped - Delivered to Buyer,Merchant,Amazon.in,Standard,JNE3516,JNE3516-KR-E-XS,kurta,XS,B08LG8V5HK,Shipped,1,INR,345.0,BENGALURU,KARNATAKA,560054.0,IN,"Amazon PLCC Free-Financing Universal Merchant AAT-WNKTBO3K27EJC,Amazon PLCC Free-Financing Universal Merchant AAT-QX3UCCJESKPA2,Amazon PLCC Free-Financing Universal Merchant AAT-5QQ7BIYYQEDN2,Amazon PLCC Free-Financing Universal Merchant AAT-DSJ2QRXXWXVMQ,Amazon PLCC Free-Financing Universal Merchant AAT-CXJHMC2YJUK76,Amazon PLCC Free-Financing Universal Merchant AAT-SL3Y2YRMAUNFC,Amazon PLCC Free-Financing Universal Merchant AAT-CC4FAVTYR4X7C,Amazon PLCC Free-Financing Universal Merchant AAT-EWAPBB6BDRGM6,Amazon PLCC Free-Financing Universal Merchant AAT-EOKPWFWYW7Y6I,Amazon PLCC Free-Financing Universal Merchant AAT-AMKH7SAAONETC,Amazon PLCC Free-Financing Universal Merchant AAT-56XNPXK2K7OLI,Amazon PLCC Free-Financing Universal Merchant AAT-ZBCRDPHJI4UDO,Amazon PLCC Free-Financing Universal Merchant AAT-CMBNOJYSQPOPS,Amazon PLCC Free-Financing Universal Merchant AAT-IBN3WODYJ44YC,Amazon PLCC Free-Financing Universal Merchant AAT-W2F65W44TEYES,Amazon PLCC Free-Financing Universal Merchant AAT-ZBGDWJCP6BTLE,Amazon PLCC Free-Financing Universal Merchant AAT-BOWEMQBNNNHBK,Amazon PLCC Free-Financing Universal Merchant AAT-SKYXW7T3UZBGO,Amazon PLCC Free-Financing Universal Merchant AAT-BRSZZ45H6MHAO,Amazon PLCC Free-Financing Universal Merchant AAT-MKLXOOZWQL7GO,Amazon PLCC Free-Financing Universal Merchant AAT-CB7UNXEXGIJTC,Amazon PLCC Free-Financing Universal Merchant #MP-gzasho-1593152694811,Amazon PLCC Free-Financing Universal Merchant AAT-WLBA4GZ52EAH4",False,Easy Ship,False
123080,408-3445894-8115549,06-05-22,Shipped,Amazon,Amazon.in,Expedited,SET344,SET344-KR-NP-XS,Set,XS,B09QJ43FVH,Shipped,1,INR,899.0,LUCKNOW,UTTAR PRADESH,226022.0,IN,,False,,False
115894,408-7012467-2498727,06-09-22,Shipped,Amazon,Amazon.in,Expedited,J0009,J0009-SKD-XXL,Set,XXL,B0894XR5B6,Shipped,1,INR,0.0,PIMPRI CHINCHWAD,MAHARASHTRA,411033.0,IN,,False,,False
105979,402-8678735-5115509,06-16-22,Shipped,Amazon,Amazon.in,Expedited,JNE3635,JNE3635-KR-L,kurta,L,B08XVYN7G6,Shipped,1,INR,330.0,ARCOT,TAMIL NADU,632503.0,IN,,False,,False
110670,403-4020611-0820333,06-13-22,Cancelled,Amazon,Amazon.in,Expedited,PSET268,PSET268-KR-NP-6XL,Set,6XL,B09M784Y6P,Cancelled,0,,,MUMBAI,MAHARASHTRA,400103.0,IN,,False,,False
125584,408-7360974-0208358,06-03-22,Shipped,Amazon,Amazon.in,Expedited,MEN5028,MEN5028-KR-L,kurta,L,B08YZ1GX7H,Shipped,1,INR,499.0,CHENNAI,TAMIL NADU,600040.0,IN,,False,,False
102744,402-8807325-9763569,06-19-22,Shipped,Amazon,Amazon.in,Expedited,JNE3860,JNE3860-DR-XXL,Western Dress,XXL,B09SDY42WF,Shipped,1,INR,596.0,GURUGRAM,HARYANA,122003.0,IN,,False,,False
103929,405-5491663-4961936,06-18-22,Shipped,Amazon,Amazon.in,Expedited,JNE3880,JNE3880-DR-L,Western Dress,L,B09SDZCJ3C,Shipped,1,INR,564.0,MUMBAI,MAHARASHTRA,400067.0,IN,,False,,False
101972,402-0871424-1377958,06-20-22,Shipped,Amazon,Amazon.in,Expedited,JNE3784,JNE3784-KR-XL,kurta,XL,B09K3S4P57,Shipped,1,INR,496.0,Etha,UTTAR PRADESH,207001.0,IN,Duplicated A12RHGVGRWOT3S 1560498941486,False,,False
106014,406-6678499-3722732,06-16-22,Cancelled,Amazon,Amazon.in,Expedited,JNE3790,JNE3790-KR-M,kurta,M,B09KXLRVWY,Unshipped,1,INR,301.0,bankhedi,MADHYA PRADESH,461990.0,IN,,False,,False
120488,403-8668894-4993130,06-06-22,Shipped - Delivered to Buyer,Merchant,Amazon.in,Standard,JNE3522,JNE3522-KR-XXXL,kurta,3XL,B08W9XJKRG,Shipped,1,INR,325.0,RANCHI,JHARKHAND,834002.0,IN,"Amazon PLCC Free-Financing Universal Merchant AAT-WNKTBO3K27EJC,Amazon PLCC Free-Financing Universal Merchant AAT-QX3UCCJESKPA2,Amazon PLCC Free-Financing Universal Merchant AAT-5QQ7BIYYQEDN2,Amazon PLCC Free-Financing Universal Merchant AAT-DSJ2QRXXWXVMQ,Amazon PLCC Free-Financing Universal Merchant AAT-CXJHMC2YJUK76,Amazon PLCC Free-Financing Universal Merchant AAT-CC4FAVTYR4X7C,Amazon PLCC Free-Financing Universal Merchant AAT-EWAPBB6BDRGM6,Amazon PLCC Free-Financing Universal Merchant AAT-EOKPWFWYW7Y6I,Amazon PLCC Free-Financing Universal Merchant AAT-Z7SKZOEIDWRU4,Amazon PLCC Free-Financing Universal Merchant AAT-OKGJFROBK4ZB4,Amazon PLCC Free-Financing Universal Merchant AAT-BRSZZ45H6MHAO,Amazon PLCC Free-Financing Universal Merchant AAT-MKLXOOZWQL7GO,Amazon PLCC Free-Financing Universal Merchant AAT-CB7UNXEXGIJTC,Amazon PLCC Free-Financing Universal Merchant #MP-gzasho-1593152694811,Amazon PLCC Free-Financing Universal Merchant AAT-WLBA4GZ52EAH4",False,Easy Ship,False
115817,171-1430589-2399506,06-09-22,Shipped - Delivered to Buyer,Merchant,Amazon.in,Standard,JNE3756,JNE3756-KR-M,kurta,M,B099NN5C2K,Shipped,1,INR,487.0,NIZAMABAD,TELANGANA,503001.0,IN,"Amazon PLCC Free-Financing Universal Merchant AAT-WNKTBO3K27EJC,Amazon PLCC Free-Financing Universal Merchant AAT-QX3UCCJESKPA2,Amazon PLCC Free-Financing Universal Merchant AAT-5QQ7BIYYQEDN2,Amazon PLCC Free-Financing Universal Merchant AAT-DSJ2QRXXWXVMQ,Amazon PLCC Free-Financing Universal Merchant AAT-CXJHMC2YJUK76,Amazon PLCC Free-Financing Universal Merchant AAT-SL3Y2YRMAUNFC,Amazon PLCC Free-Financing Universal Merchant AAT-CC4FAVTYR4X7C,Amazon PLCC Free-Financing Universal Merchant AAT-EWAPBB6BDRGM6,Amazon PLCC Free-Financing Universal Merchant AAT-EOKPWFWYW7Y6I,Amazon PLCC Free-Financing Universal Merchant AAT-NT3ZJJGQ3JK3Q,Amazon PLCC Free-Financing Universal Merchant AAT-AMKH7SAAONETC,Amazon PLCC Free-Financing Universal Merchant AAT-56XNPXK2K7OLI,Amazon PLCC Free-Financing Universal Merchant AAT-ATCR5763CN6Q6,Amazon PLCC Free-Financing Universal Merchant AAT-6XVEGAWJUJYXG,Amazon PLCC Free-Financing Universal Merchant AAT-ZBCRDPHJI4UDO,Amazon PLCC Free-Financing Universal Merchant AAT-CMBNOJYSQPOPS,Amazon PLCC Free-Financing Universal Merchant AAT-IBN3WODYJ44YC,Amazon PLCC Free-Financing Universal Merchant AAT-W2F65W44TEYES,Amazon PLCC Free-Financing Universal Merchant AAT-ZBGDWJCP6BTLE,Amazon PLCC Free-Financing Universal Merchant AAT-BOWEMQBNNNHBK,Amazon PLCC Free-Financing Universal Merchant AAT-SKYXW7T3UZBGO,Amazon PLCC Free-Financing Universal Merchant AAT-BRSZZ45H6MHAO,Amazon PLCC Free-Financing Universal Merchant AAT-MKLXOOZWQL7GO,Amazon PLCC Free-Financing Universal Merchant AAT-CB7UNXEXGIJTC,Amazon PLCC Free-Financing Universal Merchant #MP-gzasho-1593152694811,Amazon PLCC Free-Financing Universal Merchant AAT-WLBA4GZ52EAH4",False,Easy Ship,False
122407,408-5368230-9984306,06-05-22,Shipped - Delivered to Buyer,Merchant,Amazon.in,Standard,SET327,SET327-KR-DPT-L,Set,L,B09PN4P12Y,Shipped,1,INR,0.0,BENGALURU,KARNATAKA,560075.0,IN,"Amazon PLCC Free-Financing Universal Merchant AAT-5QQ7BIYYQEDN2,Amazon PLCC Free-Financing Universal Merchant AAT-DSJ2QRXXWXVMQ,Amazon PLCC Free-Financing Universal Merchant AAT-EWAPBB6BDRGM6,Amazon PLCC Free-Financing Universal Merchant AAT-AMKH7SAAONETC,Amazon PLCC Free-Financing Universal Merchant AAT-56XNPXK2K7OLI,Amazon PLCC Free-Financing Universal Merchant AAT-Z7SKZOEIDWRU4,Amazon PLCC Free-Financing Universal Merchant #MP-gzasho-1593152694811",False,Easy Ship,False
113972,403-2509714-0989929,06-11-22,Shipped,Amazon,Amazon.in,Expedited,JNE3288,JNE3288-KR-M,kurta,M,B07R4ZNMX6,Shipped,1,INR,420.0,VINDHYA NAGAR NTPC TOWNSHIP,MADHYA PRADESH,486885.0,IN,,False,,False
110939,403-2114026-1882754,06-13-22,Shipped,Amazon,Amazon.in,Expedited,SET286,SET286-KR-NP-M,Set,M,B099NJ8537,Shipped,1,INR,636.0,Bhubaneswar,Odisha,751018.0,IN,IN Core Free Shipping 2015/04/08 23-48-5-108,False,,False
123350,402-1707096-7292357,06-04-22,Shipped,Amazon,Amazon.in,Expedited,J0011,J0011-LCD-S,Set,S,B08B3YXQJ2,Shipped,1,INR,1610.0,"Kanuvai, coimbatore",TAMIL NADU,641108.0,IN,,False,,False
105117,406-9321807-5173953,06-17-22,Shipped,Amazon,Amazon.in,Expedited,J0233,J0233-SKD-S,Set,S,B08XNHS8X7,Shipped,1,INR,1299.0,BENGALURU,KARNATAKA,560078.0,IN,,False,,False
116239,403-4985042-1782702,06-09-22,Shipped,Amazon,Amazon.in,Expedited,JNE3797,JNE3797-KR-XXL,Western Dress,XXL,B09SDXSQ33,Shipped,1,INR,735.0,HYDERABAD,TELANGANA,500019.0,IN,IN Core Free Shipping 2015/04/08 23-48-5-108,False,,False
113310,407-6811478-0546720,06-11-22,Shipped - Delivered to Buyer,Merchant,Amazon.in,Standard,PJNE3439,PJNE3439-KR-N-4XL,kurta,4XL,B09LD3PVC4,Shipped,1,INR,925.0,NEW DELHI,DELHI,110027.0,IN,"Amazon PLCC Free-Financing Universal Merchant AAT-WNKTBO3K27EJC,Amazon PLCC Free-Financing Universal Merchant AAT-QX3UCCJESKPA2,Amazon PLCC Free-Financing Universal Merchant AAT-5QQ7BIYYQEDN2,Amazon PLCC Free-Financing Universal Merchant AAT-DSJ2QRXXWXVMQ,Amazon PLCC Free-Financing Universal Merchant AAT-CXJHMC2YJUK76,Amazon PLCC Free-Financing Universal Merchant AAT-CC4FAVTYR4X7C,Amazon PLCC Free-Financing Universal Merchant AAT-EWAPBB6BDRGM6,Amazon PLCC Free-Financing Universal Merchant AAT-R7GXNZWISTRFA,Amazon PLCC Free-Financing Universal Merchant AAT-EOKPWFWYW7Y6I,Amazon PLCC Free-Financing Universal Merchant AAT-NT3ZJJGQ3JK3Q,Amazon PLCC Free-Financing Universal Merchant AAT-5SHH3G55USK5C,Amazon PLCC Free-Financing Universal Merchant AAT-6XVEGAWJUJYXG,Amazon PLCC Free-Financing Universal Merchant AAT-ZBCRDPHJI4UDO,Amazon PLCC Free-Financing Universal Merchant AAT-CMBNOJYSQPOPS,Amazon PLCC Free-Financing Universal Merchant AAT-IBN3WODYJ44YC,Amazon PLCC Free-Financing Universal Merchant AAT-W2F65W44TEYES,Amazon PLCC Free-Financing Universal Merchant AAT-ZBGDWJCP6BTLE,Amazon PLCC Free-Financing Universal Merchant AAT-5DVF2TMYR72D4,Amazon PLCC Free-Financing Universal Merchant AAT-BOWEMQBNNNHBK,Amazon PLCC Free-Financing Universal Merchant AAT-SKYXW7T3UZBGO,Amazon PLCC Free-Financing Universal Merchant AAT-BRSZZ45H6MHAO,Amazon PLCC Free-Financing Universal Merchant AAT-MKLXOOZWQL7GO,Amazon PLCC Free-Financing Universal Merchant AAT-CB7UNXEXGIJTC,Amazon PLCC Free-Financing Universal Merchant #MP-gzasho-1593152694811,Amazon PLCC Free-Financing Universal Merchant AAT-WLBA4GZ52EAH4,Amazon PLCC Free-Financing Universal Merchant #MP-pmilan-1601980554292",False,Easy Ship,False
119415,404-9058658-8619548,06-07-22,Shipped,Amazon,Amazon.in,Expedited,SET328,SET328-KR-NP-XXL,Set,XXL,B09K3WKWR2,Shipped,1,INR,545.0,Patna,BIHAR,801503.0,IN,IN Core Free Shipping 2015/04/08 23-48-5-108,False,,False
102393,404-1875181-1120369,06-19-22,Shipped,Amazon,Amazon.in,Expedited,NW014,NW014-ST-SR-S,Set,S,B0928X31BK,Shipped,1,INR,521.0,Jodhpur,RAJASTHAN,342001.0,IN,IN Core Free Shipping 2015/04/08 23-48-5-108,False,,False
101278,404-3429345-9056345,06-20-22,Shipped,Amazon,Amazon.in,Expedited,PJNE3368,PJNE3368-KR-4XL,kurta,4XL,B09PY691XK,Shipped,1,INR,817.0,PUNE,MAHARASHTRA,411014.0,IN,,False,,False
105570,404-7737314-8349929,06-17-22,Shipped - Delivered to Buyer,Merchant,Amazon.in,Standard,SET327,SET327-KR-DPT-L,Set,L,B09PN4P12Y,Shipped,1,INR,999.0,BENGALURU,KARNATAKA,560100.0,IN,"Amazon PLCC Free-Financing Universal Merchant AAT-WNKTBO3K27EJC,Amazon PLCC Free-Financing Universal Merchant AAT-QX3UCCJESKPA2,Amazon PLCC Free-Financing Universal Merchant AAT-5QQ7BIYYQEDN2,Amazon PLCC Free-Financing Universal Merchant AAT-DSJ2QRXXWXVMQ,Amazon PLCC Free-Financing Universal Merchant AAT-CXJHMC2YJUK76,Amazon PLCC Free-Financing Universal Merchant AAT-CC4FAVTYR4X7C,Amazon PLCC Free-Financing Universal Merchant AAT-EWAPBB6BDRGM6,Amazon PLCC Free-Financing Universal Merchant AAT-EOKPWFWYW7Y6I,Amazon PLCC Free-Financing Universal Merchant AAT-NT3ZJJGQ3JK3Q,Amazon PLCC Free-Financing Universal Merchant AAT-5SHH3G55USK5C,Amazon PLCC Free-Financing Universal Merchant AAT-6JADQ56W3E2NG,Amazon PLCC Free-Financing Universal Merchant AAT-6XVEGAWJUJYXG,Amazon PLCC Free-Financing Universal Merchant AAT-BOWEMQBNNNHBK,Amazon PLCC Free-Financing Universal Merchant AAT-SKYXW7T3UZBGO,Amazon PLCC Free-Financing Universal Merchant AAT-ONHQI6RQUNGB6,Amazon PLCC Free-Financing Universal Merchant AAT-BRSZZ45H6MHAO,Amazon PLCC Free-Financing Universal Merchant AAT-MKLXOOZWQL7GO,Amazon PLCC Free-Financing Universal Merchant AAT-CB7UNXEXGIJTC,Amazon PLCC Free-Financing Universal Merchant #MP-gzasho-1593152694811,Amazon PLCC Free-Financing Universal Merchant AAT-WLBA4GZ52EAH4",False,Easy Ship,False
103525,407-0760150-2861961,06-19-22,Cancelled,Amazon,Amazon.in,Expedited,SET331,SET331-KR-NP-S,Set,S,B09NQ47F17,Unshipped,1,INR,635.0,RANCHI,JHARKHAND,834009.0,IN,,False,,False
121540,403-0432410-0085946,06-06-22,Shipped,Amazon,Amazon.in,Expedited,MEN5005,MEN5005-KR-XXXL,kurta,3XL,B08YYPZJ9R,Shipped,1,INR,625.0,MUMBAI,MAHARASHTRA,400064.0,IN,,False,,False
105365,405-7013230-1539526,06-17-22,Shipped,Amazon,Amazon.in,Expedited,JNE3703,JNE3703-KR-S,kurta,S,B099FDNFFV,Shipped,1,INR,292.0,BENGALURU,KARNATAKA,560064.0,IN,IN Core Free Shipping 2015/04/08 23-48-5-108,False,,False
102617,407-0685012-7304320,06-19-22,Shipped,Amazon,Amazon.in,Expedited,NW001,NW001-TP-PJ-M,Set,M,B0922RQ7LY,Shipped,1,INR,523.0,MUMBAI,MAHARASHTRA,400068.0,IN,,False,,False
110687,406-5280172-5904350,06-13-22,Shipped - Delivered to Buyer,Merchant,Amazon.in,Standard,SET431,SET431-KR-NP-XXL,Set,XXL,B0B3N97Y1C,Shipped,1,INR,899.0,AHMEDABAD,Gujarat,382481.0,IN,"Amazon PLCC Free-Financing Universal Merchant AAT-WNKTBO3K27EJC,Amazon PLCC Free-Financing Universal Merchant AAT-QX3UCCJESKPA2,Amazon PLCC Free-Financing Universal Merchant AAT-5QQ7BIYYQEDN2,Amazon PLCC Free-Financing Universal Merchant AAT-DSJ2QRXXWXVMQ,Amazon PLCC Free-Financing Universal Merchant AAT-CXJHMC2YJUK76,Amazon PLCC Free-Financing Universal Merchant AAT-CC4FAVTYR4X7C,Amazon PLCC Free-Financing Universal Merchant AAT-EWAPBB6BDRGM6,Amazon PLCC Free-Financing Universal Merchant AAT-WSJLDN3X7KEMO,Amazon PLCC Free-Financing Universal Merchant AAT-VL6FGQVGQVXUS,Amazon PLCC Free-Financing Universal Merchant AAT-EOKPWFWYW7Y6I,Amazon PLCC Free-Financing Universal Merchant AAT-NT3ZJJGQ3JK3Q,Amazon PLCC Free-Financing Universal Merchant AAT-5SHH3G55USK5C,Amazon PLCC Free-Financing Universal Merchant AAT-5QNBXTEQWGXOW,Amazon PLCC Free-Financing Universal Merchant AAT-BOWEMQBNNNHBK,Amazon PLCC Free-Financing Universal Merchant AAT-SKYXW7T3UZBGO,Amazon PLCC Free-Financing Universal Merchant AAT-ILWGDKTQOJRNA,Amazon PLCC Free-Financing Universal Merchant AAT-ONHQI6RQUNGB6,Amazon PLCC Free-Financing Universal Merchant AAT-BRSZZ45H6MHAO,Amazon PLCC Free-Financing Universal Merchant AAT-MKLXOOZWQL7GO,Amazon PLCC Free-Financing Universal Merchant AAT-CB7UNXEXGIJTC,Amazon PLCC Free-Financing Universal Merchant #MP-gzasho-1593152694811,Amazon PLCC Free-Financing Universal Merchant AAT-WLBA4GZ52EAH4",False,Easy Ship,False
118498,407-1305718-9801162,06-08-22,Shipped - Delivered to Buyer,Merchant,Amazon.in,Standard,JNE3465,JNE3465-KR-XXL,kurta,XXL,B08BFT4ZKX,Shipped,1,INR,491.0,MASLANDAPUR,WEST BENGAL,743289.0,IN,"Amazon PLCC Free-Financing Universal Merchant AAT-WNKTBO3K27EJC,Amazon PLCC Free-Financing Universal Merchant AAT-QX3UCCJESKPA2,Amazon PLCC Free-Financing Universal Merchant AAT-5QQ7BIYYQEDN2,Amazon PLCC Free-Financing Universal Merchant AAT-DSJ2QRXXWXVMQ,Amazon PLCC Free-Financing Universal Merchant AAT-CXJHMC2YJUK76,Amazon PLCC Free-Financing Universal Merchant AAT-CC4FAVTYR4X7C,Amazon PLCC Free-Financing Universal Merchant AAT-EWAPBB6BDRGM6,Amazon PLCC Free-Financing Universal Merchant AAT-EOKPWFWYW7Y6I,Amazon PLCC Free-Financing Universal Merchant AAT-ZBCRDPHJI4UDO,Amazon PLCC Free-Financing Universal Merchant AAT-CMBNOJYSQPOPS,Amazon PLCC Free-Financing Universal Merchant AAT-IBN3WODYJ44YC,Amazon PLCC Free-Financing Universal Merchant AAT-W2F65W44TEYES,Amazon PLCC Free-Financing Universal Merchant AAT-ZBGDWJCP6BTLE,Amazon PLCC Free-Financing Universal Merchant AAT-BRSZZ45H6MHAO,Amazon PLCC Free-Financing Universal Merchant AAT-MKLXOOZWQL7GO,Amazon PLCC Free-Financing Universal Merchant AAT-CB7UNXEXGIJTC,Amazon PLCC Free-Financing Universal Merchant #MP-gzasho-1593152694811,Amazon PLCC Free-Financing Universal Merchant AAT-WLBA4GZ52EAH4",False,Easy Ship,False
112364,405-2182129-0763565,06-12-22,Shipped,Amazon,Amazon.in,Expedited,JNE3648,JNE3648-TP-N-XS,Top,XS,B08ZHZJYK8,Shipped,1,INR,518.0,Navi mumbai,MAHARASHTRA,400706.0,IN,,False,,False
114575,403-2584628-1517922,06-10-22,Shipped - Delivered to Buyer,Merchant,Amazon.in,Standard,SET386,SET386-KR-NP-XXXL,Set,3XL,B09K3L9Z85,Shipped,1,INR,599.0,HYDERABAD,TELANGANA,500004.0,IN,"Amazon PLCC Free-Financing Universal Merchant AAT-WNKTBO3K27EJC,Amazon PLCC Free-Financing Universal Merchant AAT-QX3UCCJESKPA2,Amazon PLCC Free-Financing Universal Merchant AAT-5QQ7BIYYQEDN2,Amazon PLCC Free-Financing Universal Merchant AAT-DSJ2QRXXWXVMQ,Amazon PLCC Free-Financing Universal Merchant AAT-CXJHMC2YJUK76,Amazon PLCC Free-Financing Universal Merchant AAT-SL3Y2YRMAUNFC,Amazon PLCC Free-Financing Universal Merchant AAT-CC4FAVTYR4X7C,Amazon PLCC Free-Financing Universal Merchant AAT-EWAPBB6BDRGM6,Amazon PLCC Free-Financing Universal Merchant AAT-EOKPWFWYW7Y6I,Amazon PLCC Free-Financing Universal Merchant AAT-NT3ZJJGQ3JK3Q,Amazon PLCC Free-Financing Universal Merchant AAT-5SHH3G55USK5C,Amazon PLCC Free-Financing Universal Merchant AAT-AMKH7SAAONETC,Amazon PLCC Free-Financing Universal Merchant AAT-56XNPXK2K7OLI,Amazon PLCC Free-Financing Universal Merchant AAT-DIJISC7JHOVCY,Amazon PLCC Free-Financing Universal Merchant AAT-6XVEGAWJUJYXG,Amazon PLCC Free-Financing Universal Merchant AAT-5QNBXTEQWGXOW,Amazon PLCC Free-Financing Universal Merchant AAT-ZBCRDPHJI4UDO,Amazon PLCC Free-Financing Universal Merchant AAT-CMBNOJYSQPOPS,Amazon PLCC Free-Financing Universal Merchant AAT-IBN3WODYJ44YC,Amazon PLCC Free-Financing Universal Merchant AAT-W2F65W44TEYES,Amazon PLCC Free-Financing Universal Merchant AAT-ZBGDWJCP6BTLE,Amazon PLCC Free-Financing Universal Merchant AAT-5DVF2TMYR72D4,Amazon PLCC Free-Financing Universal Merchant AAT-BOWEMQBNNNHBK,Amazon PLCC Free-Financing Universal Merchant AAT-SKYXW7T3UZBGO,Amazon PLCC Free-Financing Universal Merchant AAT-BRSZZ45H6MHAO,Amazon PLCC Free-Financing Universal Merchant AAT-MKLXOOZWQL7GO,Amazon PLCC Free-Financing Universal Merchant AAT-CB7UNXEXGIJTC,Amazon PLCC Free-Financing Universal Merchant #MP-gzasho-1593152694811,Amazon PLCC Free-Financing Universal Merchant AAT-WLBA4GZ52EAH4",False,Easy Ship,False
123998,402-5751334-4039557,06-04-22,Shipped - Delivered to Buyer,Merchant,Amazon.in,Standard,JNE3468,JNE3468-KR-XL,kurta,XL,B08RP67NGB,Shipped,1,INR,387.0,MADHURAWADA,ANDHRA PRADESH,530041.0,IN,"Amazon PLCC Free-Financing Universal Merchant AAT-WNKTBO3K27EJC,Amazon PLCC Free-Financing Universal Merchant AAT-QX3UCCJESKPA2,Amazon PLCC Free-Financing Universal Merchant AAT-5QQ7BIYYQEDN2,Amazon PLCC Free-Financing Universal Merchant AAT-DSJ2QRXXWXVMQ,Amazon PLCC Free-Financing Universal Merchant AAT-CXJHMC2YJUK76,Amazon PLCC Free-Financing Universal Merchant AAT-CC4FAVTYR4X7C,Amazon PLCC Free-Financing Universal Merchant AAT-EWAPBB6BDRGM6,Amazon PLCC Free-Financing Universal Merchant AAT-EOKPWFWYW7Y6I,Amazon PLCC Free-Financing Universal Merchant AAT-Z7SKZOEIDWRU4,Amazon PLCC Free-Financing Universal Merchant AAT-BRSZZ45H6MHAO,Amazon PLCC Free-Financing Universal Merchant AAT-MKLXOOZWQL7GO,Amazon PLCC Free-Financing Universal Merchant AAT-CB7UNXEXGIJTC,Amazon PLCC Free-Financing Universal Merchant #MP-gzasho-1593152694811,Amazon PLCC Free-Financing Universal Merchant AAT-WLBA4GZ52EAH4",False,Easy Ship,False
119401,405-7768297-7756355,06-07-22,Shipped,Amazon,Amazon.in,Expedited,JNE3710,JNE3710-DR-XXXL,Western Dress,3XL,B091T18F3W,Shipped,1,INR,956.0,PUNE,MAHARASHTRA,411047.0,IN,,False,,False
108760,402-2069282-8867552,06-14-22,Shipped,Amazon,Amazon.in,Expedited,JNE3463,JNE3463-KR-S,kurta,S,B08RP1WNB2,Shipped,1,INR,540.0,Kolkata,WEST BENGAL,700059.0,IN,,False,,False
112257,406-9444394-9405967,06-12-22,Shipped,Amazon,Amazon.in,Expedited,JNE3405,JNE3405-KR-M,kurta,M,B081WVMMCY,Shipped,1,INR,435.0,MARGAO,GOA,403601.0,IN,IN Core Free Shipping 2015/04/08 23-48-5-108,False,,False
121219,403-0177690-7768313,06-06-22,Shipped,Amazon,Amazon.in,Expedited,J0119,J0119-TP-XXL,Top,XXL,B08RYRBZPC,Shipped,1,INR,758.0,NEW DELHI,DELHI,110075.0,IN,,False,,False
127739,408-8289760-1865928,06-01-22,Cancelled,Amazon,Amazon.in,Expedited,SET374,SET374-KR-NP-XXXL,Set,3XL,B09NDHQMKC,Cancelled,0,,,LUCKNOW,UTTAR PRADESH,226016.0,IN,,False,,False
110408,406-7438003-2993946,06-13-22,Shipped - Delivered to Buyer,Merchant,Amazon.in,Standard,J0112,J0112-TP-XS,Top,XS,B08V1878K6,Shipped,1,INR,338.0,GURUGRAM,HARYANA,122003.0,IN,"Amazon PLCC Free-Financing Universal Merchant AAT-WNKTBO3K27EJC,Amazon PLCC Free-Financing Universal Merchant AAT-QX3UCCJESKPA2,Amazon PLCC Free-Financing Universal Merchant AAT-5QQ7BIYYQEDN2,Amazon PLCC Free-Financing Universal Merchant AAT-DSJ2QRXXWXVMQ,Amazon PLCC Free-Financing Universal Merchant AAT-CXJHMC2YJUK76,Amazon PLCC Free-Financing Universal Merchant AAT-CC4FAVTYR4X7C,Amazon PLCC Free-Financing Universal Merchant AAT-EWAPBB6BDRGM6,Amazon PLCC Free-Financing Universal Merchant AAT-EOKPWFWYW7Y6I,Amazon PLCC Free-Financing Universal Merchant AAT-BOWEMQBNNNHBK,Amazon PLCC Free-Financing Universal Merchant AAT-SKYXW7T3UZBGO,Amazon PLCC Free-Financing Universal Merchant AAT-ILWGDKTQOJRNA,Amazon PLCC Free-Financing Universal Merchant AAT-TNYBHEAO7HOHO,Amazon PLCC Free-Financing Universal Merchant AAT-BRSZZ45H6MHAO,Amazon PLCC Free-Financing Universal Merchant AAT-MKLXOOZWQL7GO,Amazon PLCC Free-Financing Universal Merchant AAT-CB7UNXEXGIJTC,Amazon PLCC Free-Financing Universal Merchant #MP-gzasho-1593152694811,Amazon PLCC Free-Financing Universal Merchant AAT-WLBA4GZ52EAH4,Amazon PLCC Free-Financing Universal Merchant AAT-QMFZ3M7T5NPDS,Amazon PLCC Free-Financing Universal Merchant #MP-pmilan-1601980554292",False,Easy Ship,False
108332,171-2311204-1605957,06-15-22,Shipped - Delivered to Buyer,Merchant,Amazon.in,Standard,J0379,J0379-SKD-M,Set,M,B09M6SF2XW,Shipped,1,INR,1301.0,MUMBAI,MAHARASHTRA,400103.0,IN,"Amazon PLCC Free-Financing Universal Merchant AAT-WNKTBO3K27EJC,Amazon PLCC Free-Financing Universal Merchant AAT-QX3UCCJESKPA2,Amazon PLCC Free-Financing Universal Merchant AAT-5QQ7BIYYQEDN2,Amazon PLCC Free-Financing Universal Merchant AAT-DSJ2QRXXWXVMQ,Amazon PLCC Free-Financing Universal Merchant AAT-CXJHMC2YJUK76,Amazon PLCC Free-Financing Universal Merchant AAT-CC4FAVTYR4X7C,Amazon PLCC Free-Financing Universal Merchant AAT-EWAPBB6BDRGM6,Amazon PLCC Free-Financing Universal Merchant AAT-R7GXNZWISTRFA,Amazon PLCC Free-Financing Universal Merchant AAT-EOKPWFWYW7Y6I,Amazon PLCC Free-Financing Universal Merchant AAT-NT3ZJJGQ3JK3Q,Amazon PLCC Free-Financing Universal Merchant AAT-5SHH3G55USK5C,Amazon PLCC Free-Financing Universal Merchant AAT-6XVEGAWJUJYXG,Amazon PLCC Free-Financing Universal Merchant AAT-5QNBXTEQWGXOW,Amazon PLCC Free-Financing Universal Merchant AAT-BOWEMQBNNNHBK,Amazon PLCC Free-Financing Universal Merchant AAT-SKYXW7T3UZBGO,Amazon PLCC Free-Financing Universal Merchant AAT-ILWGDKTQOJRNA,Amazon PLCC Free-Financing Universal Merchant AAT-ONHQI6RQUNGB6,Amazon PLCC Free-Financing Universal Merchant AAT-BRSZZ45H6MHAO,Amazon PLCC Free-Financing Universal Merchant AAT-MKLXOOZWQL7GO,Amazon PLCC Free-Financing Universal Merchant AAT-CB7UNXEXGIJTC,Amazon PLCC Free-Financing Universal Merchant #MP-gzasho-1593152694811,Amazon PLCC Free-Financing Universal Merchant AAT-WLBA4GZ52EAH4",False,Easy Ship,False
115873,406-2025418-8207551,06-09-22,Shipped,Amazon,Amazon.in,Expedited,NW005,NW005-ST-PJ-XXL,Set,XXL,B0922PCB3D,Shipped,1,INR,562.0,NOIDA,UTTAR PRADESH,201305.0,IN,,False,,False
103844,402-0303240-7932309,06-18-22,Shipped,Amazon,Amazon.in,Expedited,SET145,SET145-KR-NP-M,Set,M,B0822TVYZ1,Shipped,1,INR,764.0,MUMBAI,MAHARASHTRA,400080.0,IN,IN Core Free Shipping 2015/04/08 23-48-5-108,False,,False
113814,402-6206735-3125967,06-11-22,Shipped - Delivered to Buyer,Merchant,Amazon.in,Standard,MEN5002,MEN5002-KR-XL,kurta,XL,B08YYZCTJX,Shipped,1,INR,709.0,"Shela, Ahmedabad",Gujarat,380058.0,IN,"Amazon PLCC Free-Financing Universal Merchant AAT-WNKTBO3K27EJC,Amazon PLCC Free-Financing Universal Merchant AAT-QX3UCCJESKPA2,Amazon PLCC Free-Financing Universal Merchant AAT-CXJHMC2YJUK76,Amazon PLCC Free-Financing Universal Merchant AAT-TNYBHEAO7HOHO,Amazon PLCC Free-Financing Universal Merchant AAT-BRSZZ45H6MHAO,Amazon PLCC Free-Financing Universal Merchant AAT-MKLXOOZWQL7GO,Amazon PLCC Free-Financing Universal Merchant AAT-CB7UNXEXGIJTC,Amazon PLCC Free-Financing Universal Merchant AAT-WLBA4GZ52EAH4,Amazon PLCC Free-Financing Universal Merchant AAT-QMFZ3M7T5NPDS,Amazon PLCC Free-Financing Universal Merchant #MP-pmilan-1601980554292",False,Easy Ship,False
114418,406-5333707-7438746,06-10-22,Cancelled,Amazon,Amazon.in,Expedited,JNE3797,JNE3797-KR-XS,Western Dress,XS,B09SDY9SQ6,Cancelled,0,,,Bharuch,Gujarat,392001.0,IN,IN Core Free Shipping 2015/04/08 23-48-5-108,False,,False
124501,408-4439138-5651555,06-04-22,Shipped,Amazon,Amazon.in,Expedited,JNE3697,JNE3697-KR-XL,kurta,XL,B098112V2V,Shipped,1,INR,486.0,KHAMMAM,TELANGANA,507002.0,IN,IN Core Free Shipping 2015/04/08 23-48-5-108,False,,False
122124,406-4744718-2670759,06-05-22,Cancelled,Amazon,Amazon.in,Expedited,JNE3721,JNE3721-KR-XL,kurta,XL,B099FDMD6T,Unshipped,1,INR,292.0,GUWAHATI,ASSAM,781022.0,IN,,False,,False
107488,405-8822292-8916326,06-15-22,Shipped - Delivered to Buyer,Merchant,Amazon.in,Standard,JNE3654,JNE3654-TP-M,Top,M,B09B3HRDLP,Shipped,1,INR,443.0,Panaji,Goa,403005.0,IN,"Amazon PLCC Free-Financing Universal Merchant AAT-WNKTBO3K27EJC,Amazon PLCC Free-Financing Universal Merchant AAT-QX3UCCJESKPA2,Amazon PLCC Free-Financing Universal Merchant AAT-5QQ7BIYYQEDN2,Amazon PLCC Free-Financing Universal Merchant AAT-DSJ2QRXXWXVMQ,Amazon PLCC Free-Financing Universal Merchant AAT-CXJHMC2YJUK76,Amazon PLCC Free-Financing Universal Merchant AAT-CC4FAVTYR4X7C,Amazon PLCC Free-Financing Universal Merchant AAT-EWAPBB6BDRGM6,Amazon PLCC Free-Financing Universal Merchant AAT-WSJLDN3X7KEMO,Amazon PLCC Free-Financing Universal Merchant AAT-VL6FGQVGQVXUS,Amazon PLCC Free-Financing Universal Merchant AAT-EOKPWFWYW7Y6I,Amazon PLCC Free-Financing Universal Merchant AAT-NT3ZJJGQ3JK3Q,Amazon PLCC Free-Financing Universal Merchant AAT-6XVEGAWJUJYXG,Amazon PLCC Free-Financing Universal Merchant AAT-BOWEMQBNNNHBK,Amazon PLCC Free-Financing Universal Merchant AAT-SKYXW7T3UZBGO,Amazon PLCC Free-Financing Universal Merchant AAT-ILWGDKTQOJRNA,Amazon PLCC Free-Financing Universal Merchant AAT-ONHQI6RQUNGB6,Amazon PLCC Free-Financing Universal Merchant AAT-BRSZZ45H6MHAO,Amazon PLCC Free-Financing Universal Merchant AAT-MKLXOOZWQL7GO,Amazon PLCC Free-Financing Universal Merchant AAT-CB7UNXEXGIJTC,Amazon PLCC Free-Financing Universal Merchant #MP-gzasho-1593152694811,Amazon PLCC Free-Financing Universal Merchant AAT-WLBA4GZ52EAH4",False,Easy Ship,False
105525,405-1767194-0307528,06-17-22,Shipped,Amazon,Amazon.in,Expedited,JNE3554,JNE3554-KR-M,kurta,M,B08MXC26NT,Shipped,1,INR,517.0,MUMBAI,MAHARASHTRA,400093.0,IN,,False,,False
105139,408-0729567-4245103,06-17-22,Shipped,Amazon,Amazon.in,Standard,JNE3748,JNE3748-KR-XXL,kurta,XXL,B09RKCHBC1,Shipped,1,INR,0.0,BENGALURU,KARNATAKA,560049.0,IN,,False,,False
103023,404-2748789-5753956,06-19-22,Cancelled,Merchant,Amazon.in,Standard,SET435,SET435-KR-NP-L,Set,L,B09Y3GFHGG,,0,INR,1174.11,NEW DELHI,DELHI,110092.0,IN,,False,Easy Ship,False
102904,408-1327723-9763533,06-19-22,Shipped,Amazon,Amazon.in,Expedited,JNE3722,JNE3722-KR-XXL,kurta,XXL,B09BQBF3Y2,Shipped,1,INR,301.0,ANANTAPUR,ANDHRA PRADESH,515001.0,IN,,False,,False
120751,404-1868705-5341927,06-06-22,Shipped - Delivered to Buyer,Merchant,Amazon.in,Standard,J0088,J0088-TP-XL,Top,XL,B092CZP2ZY,Shipped,1,INR,497.0,AHMEDABAD,Gujarat,380052.0,IN,"Amazon PLCC Free-Financing Universal Merchant AAT-WNKTBO3K27EJC,Amazon PLCC Free-Financing Universal Merchant AAT-QX3UCCJESKPA2,Amazon PLCC Free-Financing Universal Merchant AAT-5QQ7BIYYQEDN2,Amazon PLCC Free-Financing Universal Merchant AAT-DSJ2QRXXWXVMQ,Amazon PLCC Free-Financing Universal Merchant AAT-CXJHMC2YJUK76,Amazon PLCC Free-Financing Universal Merchant AAT-CC4FAVTYR4X7C,Amazon PLCC Free-Financing Universal Merchant AAT-EWAPBB6BDRGM6,Amazon PLCC Free-Financing Universal Merchant AAT-EOKPWFWYW7Y6I,Amazon PLCC Free-Financing Universal Merchant AAT-NT3ZJJGQ3JK3Q,Amazon PLCC Free-Financing Universal Merchant AAT-Z7SKZOEIDWRU4,Amazon PLCC Free-Financing Universal Merchant AAT-5QNBXTEQWGXOW,Amazon PLCC Free-Financing Universal Merchant AAT-TNYBHEAO7HOHO,Amazon PLCC Free-Financing Universal Merchant AAT-BRSZZ45H6MHAO,Amazon PLCC Free-Financing Universal Merchant AAT-MKLXOOZWQL7GO,Amazon PLCC Free-Financing Universal Merchant AAT-CB7UNXEXGIJTC,Amazon PLCC Free-Financing Universal Merchant #MP-gzasho-1593152694811,Amazon PLCC Free-Financing Universal Merchant AAT-WLBA4GZ52EAH4,Amazon PLCC Free-Financing Universal Merchant AAT-QMFZ3M7T5NPDS,Amazon PLCC Free-Financing Universal Merchant #MP-pmilan-1601980554292",False,Easy Ship,False
110105,407-8837002-6295560,06-13-22,Cancelled,Merchant,Amazon.in,Standard,SET392,SET392-KR-NP-S,Set,S,B09RKD9PDZ,,0,INR,760.95,BHOPAL,MADHYA PRADESH,462041.0,IN,,False,Easy Ship,False
121801,404-5978557-9554702,06-05-22,Shipped - Returned to Seller,Merchant,Amazon.in,Standard,JNE2032,JNE2032-KR-205-XXL,kurta,XXL,B0768HCX12,Shipped,1,INR,301.0,THIRUNAGESWARAM,TAMIL NADU,612204.0,IN,"Amazon PLCC Free-Financing Universal Merchant AAT-WNKTBO3K27EJC,Amazon PLCC Free-Financing Universal Merchant AAT-QX3UCCJESKPA2,Amazon PLCC Free-Financing Universal Merchant AAT-5QQ7BIYYQEDN2,Amazon PLCC Free-Financing Universal Merchant AAT-DSJ2QRXXWXVMQ,Amazon PLCC Free-Financing Universal Merchant AAT-CXJHMC2YJUK76,Amazon PLCC Free-Financing Universal Merchant AAT-CC4FAVTYR4X7C,Amazon PLCC Free-Financing Universal Merchant AAT-EWAPBB6BDRGM6,Amazon PLCC Free-Financing Universal Merchant AAT-EOKPWFWYW7Y6I,Amazon PLCC Free-Financing Universal Merchant AAT-Z7SKZOEIDWRU4,Amazon PLCC Free-Financing Universal Merchant AAT-BRSZZ45H6MHAO,Amazon PLCC Free-Financing Universal Merchant AAT-MKLXOOZWQL7GO,Amazon PLCC Free-Financing Universal Merchant AAT-CB7UNXEXGIJTC,Amazon PLCC Free-Financing Universal Merchant #MP-gzasho-1593152694811,Amazon PLCC Free-Financing Universal Merchant AAT-WLBA4GZ52EAH4",False,Easy Ship,False
112255,404-8580065-0394717,06-12-22,Shipped - Returned to Seller,Merchant,Amazon.in,Standard,JNE3797,JNE3797-KR-L,Western Dress,L,B09SDXFFQ1,Shipped,1,INR,735.0,DARJILING,WEST BENGAL,734009.0,IN,"Amazon PLCC Free-Financing Universal Merchant AAT-WNKTBO3K27EJC,Amazon PLCC Free-Financing Universal Merchant AAT-QX3UCCJESKPA2,Amazon PLCC Free-Financing Universal Merchant AAT-5QQ7BIYYQEDN2,Amazon PLCC Free-Financing Universal Merchant AAT-DSJ2QRXXWXVMQ,Amazon PLCC Free-Financing Universal Merchant AAT-CXJHMC2YJUK76,Amazon PLCC Free-Financing Universal Merchant AAT-SL3Y2YRMAUNFC,Amazon PLCC Free-Financing Universal Merchant AAT-CC4FAVTYR4X7C,Amazon PLCC Free-Financing Universal Merchant AAT-EWAPBB6BDRGM6,Amazon PLCC Free-Financing Universal Merchant AAT-EOKPWFWYW7Y6I,Amazon PLCC Free-Financing Universal Merchant AAT-NT3ZJJGQ3JK3Q,Amazon PLCC Free-Financing Universal Merchant AAT-AMKH7SAAONETC,Amazon PLCC Free-Financing Universal Merchant AAT-56XNPXK2K7OLI,Amazon PLCC Free-Financing Universal Merchant AAT-6XVEGAWJUJYXG,Amazon PLCC Free-Financing Universal Merchant AAT-ZBCRDPHJI4UDO,Amazon PLCC Free-Financing Universal Merchant AAT-CMBNOJYSQPOPS,Amazon PLCC Free-Financing Universal Merchant AAT-IBN3WODYJ44YC,Amazon PLCC Free-Financing Universal Merchant AAT-W2F65W44TEYES,Amazon PLCC Free-Financing Universal Merchant AAT-ZBGDWJCP6BTLE,Amazon PLCC Free-Financing Universal Merchant AAT-5DVF2TMYR72D4,Amazon PLCC Free-Financing Universal Merchant AAT-BOWEMQBNNNHBK,Amazon PLCC Free-Financing Universal Merchant AAT-SKYXW7T3UZBGO,Amazon PLCC Free-Financing Universal Merchant AAT-BRSZZ45H6MHAO,Amazon PLCC Free-Financing Universal Merchant AAT-MKLXOOZWQL7GO,Amazon PLCC Free-Financing Universal Merchant AAT-CB7UNXEXGIJTC,Amazon PLCC Free-Financing Universal Merchant #MP-gzasho-1593152694811,Amazon PLCC Free-Financing Universal Merchant AAT-WLBA4GZ52EAH4",False,Easy Ship,False
113525,403-7987119-0251539,06-11-22,Shipped,Amazon,Amazon.in,Expedited,SET058,SET058-KR-NP-XL,Set,XL,B07R59TDM1,Shipped,1,INR,847.0,VADODARA,Gujarat,390010.0,IN,IN Core Free Shipping 2015/04/08 23-48-5-108,False,,False
101660,405-8161418-3086734,06-20-22,Cancelled,Merchant,Amazon.in,Standard,SET357,SET357-KR-NP-S,Set,S,B09Y3GBB15,,0,INR,690.48,BENGALURU,KARNATAKA,560076.0,IN,,False,Easy Ship,False
127347,407-9850092-8525164,06-02-22,Shipped - Delivered to Buyer,Merchant,Amazon.in,Standard,SET435,SET435-KR-NP-L,Set,L,B09Y3GFHGG,Shipped,1,INR,1399.0,AGRA,UTTAR PRADESH,282005.0,IN,"Amazon PLCC Free-Financing Universal Merchant AAT-WNKTBO3K27EJC,Amazon PLCC Free-Financing Universal Merchant AAT-QX3UCCJESKPA2,Amazon PLCC Free-Financing Universal Merchant AAT-5QQ7BIYYQEDN2,Amazon PLCC Free-Financing Universal Merchant AAT-DSJ2QRXXWXVMQ,Amazon PLCC Free-Financing Universal Merchant AAT-CXJHMC2YJUK76,Amazon PLCC Free-Financing Universal Merchant AAT-CC4FAVTYR4X7C,Amazon PLCC Free-Financing Universal Merchant AAT-EWAPBB6BDRGM6,Amazon PLCC Free-Financing Universal Merchant AAT-EOKPWFWYW7Y6I,Amazon PLCC Free-Financing Universal Merchant AAT-NT3ZJJGQ3JK3Q,Amazon PLCC Free-Financing Universal Merchant AAT-Z7SKZOEIDWRU4,Amazon PLCC Free-Financing Universal Merchant AAT-ZY77ROZXBSFU6,Amazon PLCC Free-Financing Universal Merchant AAT-BRSZZ45H6MHAO,Amazon PLCC Free-Financing Universal Merchant AAT-MKLXOOZWQL7GO,Amazon PLCC Free-Financing Universal Merchant AAT-CB7UNXEXGIJTC,Amazon PLCC Free-Financing Universal Merchant #MP-gzasho-1593152694811,Amazon PLCC Free-Financing Universal Merchant AAT-WLBA4GZ52EAH4",False,Easy Ship,False
115403,402-7211001-0497945,06-10-22,Shipped,Amazon,Amazon.in,Expedited,JNE3639,JNE3639-TP-N-M,Top,M,B08ZHMSJVJ,Shipped,1,INR,693.0,VADODARA,Gujarat,390009.0,IN,,False,,False
115516,406-5943002-6972367,06-09-22,Shipped,Amazon,Amazon.in,Expedited,JNE3806,JNE3806-KR-XXXL,kurta,3XL,B09RKBN69K,Shipped,1,INR,545.0,NEW DELHI,DELHI,110075.0,IN,IN Core Free Shipping 2015/04/08 23-48-5-108,False,,False
106887,406-5060651-3845946,06-16-22,Shipped,Amazon,Amazon.in,Expedited,JNE3366,JNE3366-KR-1053-XXXL,kurta,3XL,B07SZSYNQ9,Shipped,1,INR,376.0,NELLORE,ANDHRA PRADESH,524003.0,IN,,False,,False
122715,408-0188242-0884355,06-05-22,Shipped,Amazon,Amazon.in,Expedited,NW037,NW037-TP-SR-L,Set,L,B099NPC16D,Shipped,1,INR,450.0,DIBRUGARH,ASSAM,786004.0,IN,,False,,False
124512,406-4851298-0388339,06-04-22,Shipped - Delivered to Buyer,Merchant,Amazon.in,Standard,SET333,SET333-KR-DPT-S,Set,S,B09RKF9RSW,Shipped,1,INR,967.0,GOBICHETTIPALAYAM,TAMIL NADU,638452.0,IN,"Amazon PLCC Free-Financing Universal Merchant AAT-WNKTBO3K27EJC,Amazon PLCC Free-Financing Universal Merchant AAT-QX3UCCJESKPA2,Amazon PLCC Free-Financing Universal Merchant AAT-5QQ7BIYYQEDN2,Amazon PLCC Free-Financing Universal Merchant AAT-DSJ2QRXXWXVMQ,Amazon PLCC Free-Financing Universal Merchant AAT-CXJHMC2YJUK76,Amazon PLCC Free-Financing Universal Merchant AAT-CC4FAVTYR4X7C,Amazon PLCC Free-Financing Universal Merchant AAT-EWAPBB6BDRGM6,Amazon PLCC Free-Financing Universal Merchant AAT-EOKPWFWYW7Y6I,Amazon PLCC Free-Financing Universal Merchant AAT-WJNFN7RN4AM56,Amazon PLCC Free-Financing Universal Merchant AAT-NT3ZJJGQ3JK3Q,Amazon PLCC Free-Financing Universal Merchant AAT-Z7SKZOEIDWRU4,Amazon PLCC Free-Financing Universal Merchant AAT-BRSZZ45H6MHAO,Amazon PLCC Free-Financing Universal Merchant AAT-MKLXOOZWQL7GO,Amazon PLCC Free-Financing Universal Merchant AAT-CB7UNXEXGIJTC,Amazon PLCC Free-Financing Universal Merchant #MP-gzasho-1593152694811,Amazon PLCC Free-Financing Universal Merchant AAT-WLBA4GZ52EAH4",False,Easy Ship,False
115244,404-1562767-4301107,06-10-22,Cancelled,Amazon,Amazon.in,Expedited,SET324,SET324-KR-NP-XS,Set,XS,B09NQ4DD29,Unshipped,1,INR,635.0,GONDA,UTTAR PRADESH,271001.0,IN,,False,,False
118210,404-7726649-1914758,06-08-22,Shipped,Amazon,Amazon.in,Expedited,JNE3617,JNE3617-KR-XXL,kurta,XXL,B097ZZKJLB,Shipped,1,INR,301.0,Hoskote,KARNATAKA,562114.0,IN,IN Core Free Shipping 2015/04/08 23-48-5-108,False,,False
111899,405-6890046-7179527,06-12-22,Shipped,Amazon,Amazon.in,Expedited,JNE3880,JNE3880-DR-L,Western Dress,L,B09SDZCJ3C,Shipped,1,INR,581.0,MUMBAI,MAHARASHTRA,400016.0,IN,,False,,False
101912,402-1974824-9455507,06-20-22,Shipped,Amazon,Amazon.in,Expedited,JNE3440,JNE3440-KR-N-XL,kurta,XL,B081WPK66G,Shipped,1,INR,435.0,HYDERABAD,TELANGANA,501505.0,IN,,False,,False
127254,403-6827988-3355504,06-02-22,Shipped,Amazon,Amazon.in,Expedited,J0336,J0336-TP-S,Top,S,B0986XVRL1,Shipped,1,INR,665.0,pune,MAHARASHTRA,412109.0,IN,,False,,False
116015,403-5562895-4719544,06-09-22,Shipped,Amazon,Amazon.in,Expedited,JNE3721,JNE3721-KR-M,kurta,M,B099FC9KR1,Shipped,1,INR,292.0,PAURI,UTTARAKHAND,246001.0,IN,Duplicated AYTJSBA8ZOP16 1567159860988,False,,False
108617,404-1260596-0757158,06-14-22,Shipped,Amazon,Amazon.in,Expedited,J0117,J0117-TP-XXL,Top,XXL,B08N4XHHCQ,Shipped,1,INR,726.0,BENGALURU,KARNATAKA,560102.0,IN,IN Core Free Shipping 2015/04/08 23-48-5-108,False,,False
122153,407-7725186-5129116,06-05-22,Shipped,Amazon,Amazon.in,Expedited,J0379,J0379-SKD-M,Set,M,B09M6SF2XW,Shipped,1,INR,1301.0,FARIDABAD,HARYANA,121001.0,IN,,False,,False
107267,405-4904005-8953126,06-15-22,Shipped - Delivered to Buyer,Merchant,Amazon.in,Standard,JNE3905,JNE3905-DR-XL,Western Dress,XL,B09YYPWNT8,Shipped,1,INR,625.0,NEW TOWN,WEST BENGAL,700136.0,IN,"Amazon PLCC Free-Financing Universal Merchant AAT-WNKTBO3K27EJC,Amazon PLCC Free-Financing Universal Merchant AAT-QX3UCCJESKPA2,Amazon PLCC Free-Financing Universal Merchant AAT-5QQ7BIYYQEDN2,Amazon PLCC Free-Financing Universal Merchant AAT-DSJ2QRXXWXVMQ,Amazon PLCC Free-Financing Universal Merchant AAT-CXJHMC2YJUK76,Amazon PLCC Free-Financing Universal Merchant AAT-SL3Y2YRMAUNFC,Amazon PLCC Free-Financing Universal Merchant AAT-CC4FAVTYR4X7C,Amazon PLCC Free-Financing Universal Merchant AAT-EWAPBB6BDRGM6,Amazon PLCC Free-Financing Universal Merchant AAT-EOKPWFWYW7Y6I,Amazon PLCC Free-Financing Universal Merchant AAT-5SHH3G55USK5C,Amazon PLCC Free-Financing Universal Merchant AAT-AMKH7SAAONETC,Amazon PLCC Free-Financing Universal Merchant AAT-56XNPXK2K7OLI,Amazon PLCC Free-Financing Universal Merchant AAT-YV4X6QSRBRG62,Amazon PLCC Free-Financing Universal Merchant AAT-5QNBXTEQWGXOW,Amazon PLCC Free-Financing Universal Merchant AAT-BOWEMQBNNNHBK,Amazon PLCC Free-Financing Universal Merchant AAT-SKYXW7T3UZBGO,Amazon PLCC Free-Financing Universal Merchant AAT-ILWGDKTQOJRNA,Amazon PLCC Free-Financing Universal Merchant AAT-ONHQI6RQUNGB6,Amazon PLCC Free-Financing Universal Merchant AAT-BRSZZ45H6MHAO,Amazon PLCC Free-Financing Universal Merchant AAT-MKLXOOZWQL7GO,Amazon PLCC Free-Financing Universal Merchant AAT-CB7UNXEXGIJTC,Amazon PLCC Free-Financing Universal Merchant #MP-gzasho-1593152694811,Amazon PLCC Free-Financing Universal Merchant AAT-WLBA4GZ52EAH4",False,Easy Ship,False
102140,402-0362672-2119525,06-20-22,Shipped,Amazon,Amazon.in,Expedited,MEN5031,MEN5031-KR-XL,kurta,XL,B08YZ15PCJ,Shipped,1,INR,693.0,Delhi,DELHI,110046.0,IN,,False,,False
108144,404-0395980-5617113,06-15-22,Cancelled,Merchant,Amazon.in,Standard,JNE3468,JNE3468-KR-L,kurta,L,B08RP69C9N,,0,INR,368.57,KHAMMAM,TELANGANA,507002.0,IN,,False,Easy Ship,False
102856,402-1259650-8776360,06-19-22,Cancelled,Amazon,Amazon.in,Expedited,J0283,J0283-SET-XS,Set,XS,B08QGJNXB7,Cancelled,0,,,MUMBAI,MAHARASHTRA,400058.0,IN,,False,,False
122480,407-5675033-6204316,06-05-22,Shipped - Delivered to Buyer,Merchant,Amazon.in,Standard,SET357,SET357-KR-NP-XXL,Set,XXL,B09Y3H5PY8,Shipped,1,INR,771.0,SRIKALAHASTI,ANDHRA PRADESH,517644.0,IN,"Amazon PLCC Free-Financing Universal Merchant AAT-WNKTBO3K27EJC,Amazon PLCC Free-Financing Universal Merchant AAT-QX3UCCJESKPA2,Amazon PLCC Free-Financing Universal Merchant AAT-5QQ7BIYYQEDN2,Amazon PLCC Free-Financing Universal Merchant AAT-DSJ2QRXXWXVMQ,Amazon PLCC Free-Financing Universal Merchant AAT-CXJHMC2YJUK76,Amazon PLCC Free-Financing Universal Merchant AAT-CC4FAVTYR4X7C,Amazon PLCC Free-Financing Universal Merchant AAT-EWAPBB6BDRGM6,Amazon PLCC Free-Financing Universal Merchant AAT-EOKPWFWYW7Y6I,Amazon PLCC Free-Financing Universal Merchant AAT-NT3ZJJGQ3JK3Q,Amazon PLCC Free-Financing Universal Merchant AAT-Z7SKZOEIDWRU4,Amazon PLCC Free-Financing Universal Merchant AAT-5QNBXTEQWGXOW,Amazon PLCC Free-Financing Universal Merchant AAT-BRSZZ45H6MHAO,Amazon PLCC Free-Financing Universal Merchant AAT-MKLXOOZWQL7GO,Amazon PLCC Free-Financing Universal Merchant AAT-CB7UNXEXGIJTC,Amazon PLCC Free-Financing Universal Merchant #MP-gzasho-1593152694811,Amazon PLCC Free-Financing Universal Merchant AAT-WLBA4GZ52EAH4,Amazon PLCC Free-Financing Universal Merchant #MP-pmilan-1601980554292",False,Easy Ship,False
122044,171-1457441-0471506,06-05-22,Shipped,Amazon,Amazon.in,Expedited,JNE3797,JNE3797-KR-M,Western Dress,M,B09SDY8DCT,Shipped,1,INR,735.0,Ernakulam (DT),KERALA,682307.0,IN,IN Core Free Shipping 2015/04/08 23-48-5-108,False,,False
100852,402-0634197-8339568,06-21-22,Cancelled,Merchant,Amazon.in,Standard,JNE3721,JNE3721-KR-L,kurta,L,B099FBM4FZ,,0,,,PUNE,MAHARASHTRA,411014.0,IN,,False,Easy Ship,False
126443,406-7578643-5151510,06-02-22,Shipped,Amazon,Amazon.in,Expedited,JNE3634,JNE3634-KR-S,kurta,S,B09811Q5NS,Shipped,1,INR,521.0,NEW DELHI,DELHI,110003.0,IN,IN Core Free Shipping 2015/04/08 23-48-5-108,False,,False
111145,404-2359271-3113166,06-13-22,Shipped - Delivered to Buyer,Merchant,Amazon.in,Standard,JNE3487,JNE3487-KR-XXXL,kurta,3XL,B08RP2HWM6,Shipped,1,INR,345.0,MYSURU,KARNATAKA,570008.0,IN,"Amazon PLCC Free-Financing Universal Merchant AAT-WNKTBO3K27EJC,Amazon PLCC Free-Financing Universal Merchant AAT-QX3UCCJESKPA2,Amazon PLCC Free-Financing Universal Merchant AAT-5QQ7BIYYQEDN2,Amazon PLCC Free-Financing Universal Merchant AAT-DSJ2QRXXWXVMQ,Amazon PLCC Free-Financing Universal Merchant AAT-CXJHMC2YJUK76,Amazon PLCC Free-Financing Universal Merchant AAT-SL3Y2YRMAUNFC,Amazon PLCC Free-Financing Universal Merchant AAT-CC4FAVTYR4X7C,Amazon PLCC Free-Financing Universal Merchant AAT-EWAPBB6BDRGM6,Amazon PLCC Free-Financing Universal Merchant AAT-R7GXNZWISTRFA,Amazon PLCC Free-Financing Universal Merchant AAT-EOKPWFWYW7Y6I,Amazon PLCC Free-Financing Universal Merchant AAT-AMKH7SAAONETC,Amazon PLCC Free-Financing Universal Merchant AAT-56XNPXK2K7OLI,Amazon PLCC Free-Financing Universal Merchant AAT-BOWEMQBNNNHBK,Amazon PLCC Free-Financing Universal Merchant AAT-SKYXW7T3UZBGO,Amazon PLCC Free-Financing Universal Merchant AAT-ILWGDKTQOJRNA,Amazon PLCC Free-Financing Universal Merchant AAT-BRSZZ45H6MHAO,Amazon PLCC Free-Financing Universal Merchant AAT-MKLXOOZWQL7GO,Amazon PLCC Free-Financing Universal Merchant AAT-CB7UNXEXGIJTC,Amazon PLCC Free-Financing Universal Merchant #MP-gzasho-1593152694811,Amazon PLCC Free-Financing Universal Merchant AAT-WLBA4GZ52EAH4",False,Easy Ship,False
111621,407-9483737-5393948,06-12-22,Shipped,Amazon,Amazon.in,Expedited,JNE3797,JNE3797-KR-A-M,Western Dress,M,B09TH73PT5,Shipped,1,INR,771.0,PUNE,MAHARASHTRA,411013.0,IN,IN Core Free Shipping 2015/04/08 23-48-5-108,False,,False
111072,408-3181360-7834741,06-13-22,Shipped,Amazon,Amazon.in,Expedited,J0413,J0413-DR-M,Western Dress,M,B09TY1HFLG,Shipped,1,INR,741.0,PASAN,MADHYA PRADESH,484336.0,IN,IN Core Free Shipping 2015/04/08 23-48-5-108,False,,False
111679,402-0224407-1125141,06-12-22,Cancelled,Amazon,Amazon.in,Expedited,JNE3567,JNE3567-KR-M,kurta,M,B08KRXV1QR,Cancelled,0,,,ANKOLA,KARNATAKA,581314.0,IN,,False,,False
104639,403-9968251-9776312,06-18-22,Shipped,Amazon,Amazon.in,Expedited,J0434,J0434-DR-XXXL,Western Dress,3XL,B0B3JK47SH,Shipped,1,INR,749.0,MUMBAI,MAHARASHTRA,400053.0,IN,,False,,False
125655,406-8121645-5108341,06-03-22,Shipped,Amazon,Amazon.in,Expedited,JNE3721,JNE3721-KR-XL,kurta,XL,B099FDMD6T,Shipped,1,INR,292.0,HYDERABAD,TELANGANA,500055.0,IN,Duplicated A12RHGVGRWOT3S 1560498941486,False,,False
120987,406-0090479-5399574,06-06-22,Shipped,Amazon,Amazon.in,Expedited,SET183,SET183-KR-DH-XXXL,Set,3XL,B08B3XS7ST,Shipped,1,INR,759.0,Noida,UTTAR PRADESH,201301.0,IN,IN Core Free Shipping 2015/04/08 23-48-5-108,True,,False
124759,408-9224688-2636315,06-03-22,Shipped,Amazon,Amazon.in,Expedited,SET342,SET342-KR-NP-N-M,Set,M,B09Q19BS6S,Shipped,1,INR,850.0,PANCHKULA,HARYANA,134113.0,IN,,False,,False
114081,405-4745971-2830711,06-11-22,Shipped,Amazon,Amazon.in,Expedited,J0332,J0332-DR-XXXL,Western Dress,3XL,B09LM6BZD7,Shipped,1,INR,828.0,BENGALURU,KARNATAKA,560016.0,IN,IN Core Free Shipping 2015/04/08 23-48-5-108,False,,False
109353,406-4322078-2143554,06-14-22,Cancelled,Amazon,Amazon.in,Expedited,JNE3422,JNE3422-KR-L,kurta,L,B081WS1W2K,Unshipped,1,INR,301.0,NAGPUR,MAHARASHTRA,440017.0,IN,,False,,False
123965,408-8462399-4193904,06-04-22,Shipped,Amazon,Amazon.in,Expedited,J0212,J0212-DR-XXL,Ethnic Dress,XXL,B09831RQBB,Shipped,1,INR,1099.0,KOLKATA,WEST BENGAL,700036.0,IN,IN Core Free Shipping 2015/04/08 23-48-5-108,False,,False
105610,407-9225037-2750755,06-17-22,Shipped - Returned to Seller,Merchant,Amazon.in,Standard,JNE3710,JNE3710-DR-M,Western Dress,M,B091T25NQG,Shipped,1,INR,690.0,GURUGRAM,HARYANA,122007.0,IN,"Amazon PLCC Free-Financing Universal Merchant AAT-WNKTBO3K27EJC,Amazon PLCC Free-Financing Universal Merchant AAT-QX3UCCJESKPA2,Amazon PLCC Free-Financing Universal Merchant AAT-5QQ7BIYYQEDN2,Amazon PLCC Free-Financing Universal Merchant AAT-DSJ2QRXXWXVMQ,Amazon PLCC Free-Financing Universal Merchant AAT-CXJHMC2YJUK76,Amazon PLCC Free-Financing Universal Merchant AAT-SL3Y2YRMAUNFC,Amazon PLCC Free-Financing Universal Merchant AAT-CC4FAVTYR4X7C,Amazon PLCC Free-Financing Universal Merchant AAT-EWAPBB6BDRGM6,Amazon PLCC Free-Financing Universal Merchant AAT-R7GXNZWISTRFA,Amazon PLCC Free-Financing Universal Merchant AAT-EOKPWFWYW7Y6I,Amazon PLCC Free-Financing Universal Merchant AAT-NT3ZJJGQ3JK3Q,Amazon PLCC Free-Financing Universal Merchant AAT-AMKH7SAAONETC,Amazon PLCC Free-Financing Universal Merchant AAT-56XNPXK2K7OLI,Amazon PLCC Free-Financing Universal Merchant AAT-6JADQ56W3E2NG,Amazon PLCC Free-Financing Universal Merchant AAT-6XVEGAWJUJYXG,Amazon PLCC Free-Financing Universal Merchant AAT-BOWEMQBNNNHBK,Amazon PLCC Free-Financing Universal Merchant AAT-SKYXW7T3UZBGO,Amazon PLCC Free-Financing Universal Merchant AAT-ONHQI6RQUNGB6,Amazon PLCC Free-Financing Universal Merchant AAT-UFLF7REZCVI6S,Amazon PLCC Free-Financing Universal Merchant AAT-FWPGXKVNNXVAW,Amazon PLCC Free-Financing Universal Merchant AAT-TNYBHEAO7HOHO,Amazon PLCC Free-Financing Universal Merchant AAT-BRSZZ45H6MHAO,Amazon PLCC Free-Financing Universal Merchant AAT-MKLXOOZWQL7GO,Amazon PLCC Free-Financing Universal Merchant AAT-CB7UNXEXGIJTC,Amazon PLCC Free-Financing Universal Merchant #MP-gzasho-1593152694811,Amazon PLCC Free-Financing Universal Merchant AAT-WLBA4GZ52EAH4,Amazon PLCC Free-Financing Universal Merchant AAT-QMFZ3M7T5NPDS,Amazon PLCC Free-Financing Universal Merchant #MP-pmilan-1601980554292",False,Easy Ship,False
111229,402-6423951-3617136,06-13-22,Shipped,Amazon,Amazon.in,Expedited,JNE3716,JNE3716-KR-XS,kurta,XS,B099FBYR3B,Shipped,1,INR,432.0,BENGALURU,KARNATAKA,560085.0,IN,,False,,False
102564,171-3443050-4722722,06-19-22,Shipped,Amazon,Amazon.in,Expedited,SET198,SET198-KR-NP-A-S,Set,S,B08L94HHJB,Shipped,1,INR,523.0,ORAI,UTTAR PRADESH,285001.0,IN,IN Core Free Shipping 2015/04/08 23-48-5-108,False,,False
100516,406-3301501-7767525,06-21-22,Shipped,Amazon,Amazon.in,Expedited,SET392,SET392-KR-NP-XS,Set,XS,B09RKBXV4Z,Shipped,1,INR,751.0,CHERANALLUR,KERALA,682034.0,IN,IN Core Free Shipping 2015/04/08 23-48-5-108,False,,False
106890,408-3672728-2049902,06-16-22,Shipped,Amazon,Amazon.in,Expedited,SET043,SET043-KR-NP-XS,Set,XS,B07PBDM3K7,Shipped,1,INR,999.0,PUNE,MAHARASHTRA,411015.0,IN,,False,,False
114980,407-0846678-4007516,06-10-22,Shipped,Amazon,Amazon.in,Expedited,JNE3721,JNE3721-KR-S,kurta,S,B099FC46Q8,Shipped,1,INR,292.0,MUMBAI,MAHARASHTRA,400049.0,IN,IN Core Free Shipping 2015/04/08 23-48-5-108,False,,False
123577,403-3258880-3503564,06-04-22,Shipped,Amazon,Amazon.in,Expedited,JNE2270,JNE2270-KR-487-A-XL,kurta,XL,B07H7F6SKC,Shipped,1,INR,518.0,NEW DELHI,DELHI,110064.0,IN,IN Core Free Shipping 2015/04/08 23-48-5-108,False,,False
127255,406-8602901-1072360,06-02-22,Shipped,Amazon,Amazon.in,Expedited,J0277,J0277-SKD-XL,Set,XL,B08QGLBXXQ,Shipped,1,INR,1333.0,GHAZIABAD,UTTAR PRADESH,201014.0,IN,,False,,False
104894,405-9029509-8044312,06-17-22,Shipped,Amazon,Amazon.in,Expedited,SET353,SET353-KR-NP-L,Set,L,B09KXTZM7P,Shipped,1,INR,852.0,CHENNAI,TAMIL NADU,600117.0,IN,,False,,False
105128,406-0243850-5165900,06-17-22,Cancelled,Merchant,Amazon.in,Standard,JNE3716,JNE3716-KR-L,kurta,L,B099FBRF4X,,0,INR,411.43,CHENNAI,TAMIL NADU,600041.0,IN,,False,Easy Ship,False
120406,404-3911403-0874747,06-06-22,Shipped,Amazon,Amazon.in,Expedited,J0335,J0335-DR-M,Western Dress,M,B09831XC46,Shipped,1,INR,1294.0,BENGALURU,KARNATAKA,560036.0,IN,,False,,False
128231,403-4795175-8581930,06-01-22,Shipped,Amazon,Amazon.in,Expedited,JNE3806,JNE3806-KR-L,kurta,L,B09RKC8XLG,Shipped,1,INR,545.0,NEW DELHI,DELHI,110059.0,IN,,False,,False
124871,404-0474028-4309151,06-03-22,Shipped - Delivered to Buyer,Merchant,Amazon.in,Standard,SET183,SET183-KR-DH-M,Set,M,B08B3Z2YY3,Shipped,1,INR,759.0,PATNA,BIHAR,800024.0,IN,"Amazon PLCC Free-Financing Universal Merchant AAT-WNKTBO3K27EJC,Amazon PLCC Free-Financing Universal Merchant AAT-QX3UCCJESKPA2,Amazon PLCC Free-Financing Universal Merchant AAT-5QQ7BIYYQEDN2,Amazon PLCC Free-Financing Universal Merchant AAT-DSJ2QRXXWXVMQ,Amazon PLCC Free-Financing Universal Merchant AAT-CXJHMC2YJUK76,Amazon PLCC Free-Financing Universal Merchant AAT-CC4FAVTYR4X7C,Amazon PLCC Free-Financing Universal Merchant AAT-EWAPBB6BDRGM6,Amazon PLCC Free-Financing Universal Merchant AAT-EOKPWFWYW7Y6I,Amazon PLCC Free-Financing Universal Merchant AAT-NT3ZJJGQ3JK3Q,Amazon PLCC Free-Financing Universal Merchant AAT-Z7SKZOEIDWRU4,Amazon PLCC Free-Financing Universal Merchant AAT-SYBM7O5OQIPGQ,Amazon PLCC Free-Financing Universal Merchant AAT-BRSZZ45H6MHAO,Amazon PLCC Free-Financing Universal Merchant AAT-MKLXOOZWQL7GO,Amazon PLCC Free-Financing Universal Merchant AAT-CB7UNXEXGIJTC,Amazon PLCC Free-Financing Universal Merchant #MP-gzasho-1593152694811,Amazon PLCC Free-Financing Universal Merchant AAT-WLBA4GZ52EAH4,Amazon PLCC Free-Financing Universal Merchant #MP-pmilan-1601980554292",False,Easy Ship,False
113734,407-9095619-4592312,06-11-22,Shipped,Amazon,Amazon.in,Expedited,J0119,J0119-TP-XL,Top,XL,B08RYPWC3J,Shipped,1,INR,758.0,NAGPUR,MAHARASHTRA,440022.0,IN,IN Core Free Shipping 2015/04/08 23-48-5-108,False,,False
103160,402-9478794-1275521,06-19-22,Shipped,Amazon,Amazon.in,Expedited,SET319,SET319-KR-NP-M,Set,M,B09KXVG37D,Shipped,1,INR,852.0,CHENNAI,TAMIL NADU,600023.0,IN,IN Core Free Shipping 2015/04/08 23-48-5-108,False,,False
122030,402-4690686-5449946,06-05-22,Shipped - Delivered to Buyer,Merchant,Amazon.in,Standard,J0117,J0117-TP-XL,Top,XL,B08N4H7B3Y,Shipped,1,INR,726.0,Mumbai,MAHARASHTRA,400104.0,IN,"Amazon PLCC Free-Financing Universal Merchant AAT-WNKTBO3K27EJC,Amazon PLCC Free-Financing Universal Merchant AAT-QX3UCCJESKPA2,Amazon PLCC Free-Financing Universal Merchant AAT-5QQ7BIYYQEDN2,Amazon PLCC Free-Financing Universal Merchant AAT-DSJ2QRXXWXVMQ,Amazon PLCC Free-Financing Universal Merchant AAT-CXJHMC2YJUK76,Amazon PLCC Free-Financing Universal Merchant AAT-SL3Y2YRMAUNFC,Amazon PLCC Free-Financing Universal Merchant AAT-CC4FAVTYR4X7C,Amazon PLCC Free-Financing Universal Merchant AAT-EWAPBB6BDRGM6,Amazon PLCC Free-Financing Universal Merchant AAT-R7GXNZWISTRFA,Amazon PLCC Free-Financing Universal Merchant AAT-EOKPWFWYW7Y6I,Amazon PLCC Free-Financing Universal Merchant AAT-4E5FUC262BDQ2,Amazon PLCC Free-Financing Universal Merchant AAT-NT3ZJJGQ3JK3Q,Amazon PLCC Free-Financing Universal Merchant AAT-AMKH7SAAONETC,Amazon PLCC Free-Financing Universal Merchant AAT-56XNPXK2K7OLI,Amazon PLCC Free-Financing Universal Merchant AAT-Z7SKZOEIDWRU4,Amazon PLCC Free-Financing Universal Merchant AAT-5QNBXTEQWGXOW,Amazon PLCC Free-Financing Universal Merchant AAT-BRSZZ45H6MHAO,Amazon PLCC Free-Financing Universal Merchant AAT-MKLXOOZWQL7GO,Amazon PLCC Free-Financing Universal Merchant AAT-CB7UNXEXGIJTC,Amazon PLCC Free-Financing Universal Merchant #MP-gzasho-1593152694811,Amazon PLCC Free-Financing Universal Merchant AAT-WLBA4GZ52EAH4",False,Easy Ship,False
114364,171-1758665-1471511,06-10-22,Shipped,Amazon,Amazon.in,Expedited,JNE3368,JNE3368-KR-XXL,kurta,XXL,B081WSWWL7,Shipped,1,INR,471.0,CHENNAI,TAMIL NADU,600100.0,IN,,False,,False
127162,406-6338024-2969162,06-02-22,Shipped - Delivered to Buyer,Merchant,Amazon.in,Standard,JNE3905,JNE3905-DR-M,Western Dress,M,B09YYRG28X,Shipped,1,INR,625.0,MUMBAI,MAHARASHTRA,400071.0,IN,"Amazon PLCC Free-Financing Universal Merchant AAT-WNKTBO3K27EJC,Amazon PLCC Free-Financing Universal Merchant AAT-QX3UCCJESKPA2,Amazon PLCC Free-Financing Universal Merchant AAT-5QQ7BIYYQEDN2,Amazon PLCC Free-Financing Universal Merchant AAT-DSJ2QRXXWXVMQ,Amazon PLCC Free-Financing Universal Merchant AAT-CXJHMC2YJUK76,Amazon PLCC Free-Financing Universal Merchant AAT-SL3Y2YRMAUNFC,Amazon PLCC Free-Financing Universal Merchant AAT-CC4FAVTYR4X7C,Amazon PLCC Free-Financing Universal Merchant AAT-EWAPBB6BDRGM6,Amazon PLCC Free-Financing Universal Merchant AAT-EOKPWFWYW7Y6I,Amazon PLCC Free-Financing Universal Merchant AAT-NT3ZJJGQ3JK3Q,Amazon PLCC Free-Financing Universal Merchant AAT-5SHH3G55USK5C,Amazon PLCC Free-Financing Universal Merchant AAT-Z7SKZOEIDWRU4,Amazon PLCC Free-Financing Universal Merchant AAT-ZY77ROZXBSFU6,Amazon PLCC Free-Financing Universal Merchant AAT-TNYBHEAO7HOHO,Amazon PLCC Free-Financing Universal Merchant AAT-BRSZZ45H6MHAO,Amazon PLCC Free-Financing Universal Merchant AAT-MKLXOOZWQL7GO,Amazon PLCC Free-Financing Universal Merchant AAT-CB7UNXEXGIJTC,Amazon PLCC Free-Financing Universal Merchant #MP-gzasho-1593152694811,Amazon PLCC Free-Financing Universal Merchant AAT-WLBA4GZ52EAH4,Amazon PLCC Free-Financing Universal Merchant AAT-QMFZ3M7T5NPDS,Amazon PLCC Free-Financing Universal Merchant #MP-pmilan-1601980554292",False,Easy Ship,False
109000,406-5218967-4214751,06-14-22,Shipped - Delivered to Buyer,Merchant,Amazon.in,Standard,J0230,J0230-SKD-XXXL,Set,3XL,B08XNH9MJL,Shipped,1,INR,1163.0,NEW DELHI,DELHI,110091.0,IN,"Amazon PLCC Free-Financing Universal Merchant AAT-WNKTBO3K27EJC,Amazon PLCC Free-Financing Universal Merchant AAT-QX3UCCJESKPA2,Amazon PLCC Free-Financing Universal Merchant AAT-5QQ7BIYYQEDN2,Amazon PLCC Free-Financing Universal Merchant AAT-DSJ2QRXXWXVMQ,Amazon PLCC Free-Financing Universal Merchant AAT-CXJHMC2YJUK76,Amazon PLCC Free-Financing Universal Merchant AAT-CC4FAVTYR4X7C,Amazon PLCC Free-Financing Universal Merchant AAT-EWAPBB6BDRGM6,Amazon PLCC Free-Financing Universal Merchant AAT-R7GXNZWISTRFA,Amazon PLCC Free-Financing Universal Merchant AAT-EOKPWFWYW7Y6I,Amazon PLCC Free-Financing Universal Merchant AAT-NT3ZJJGQ3JK3Q,Amazon PLCC Free-Financing Universal Merchant AAT-6XVEGAWJUJYXG,Amazon PLCC Free-Financing Universal Merchant AAT-BOWEMQBNNNHBK,Amazon PLCC Free-Financing Universal Merchant AAT-SKYXW7T3UZBGO,Amazon PLCC Free-Financing Universal Merchant AAT-ILWGDKTQOJRNA,Amazon PLCC Free-Financing Universal Merchant AAT-ONHQI6RQUNGB6,Amazon PLCC Free-Financing Universal Merchant AAT-BRSZZ45H6MHAO,Amazon PLCC Free-Financing Universal Merchant AAT-MKLXOOZWQL7GO,Amazon PLCC Free-Financing Universal Merchant AAT-CB7UNXEXGIJTC,Amazon PLCC Free-Financing Universal Merchant #MP-gzasho-1593152694811,Amazon PLCC Free-Financing Universal Merchant AAT-WLBA4GZ52EAH4,Amazon PLCC Free-Financing Universal Merchant #MP-pmilan-1601980554292",False,Easy Ship,False
110607,407-1889901-3258719,06-13-22,Shipped,Amazon,Amazon.in,Expedited,JNE3399,JNE3399-KR-XL,kurta,XL,B082W8B28G,Shipped,1,INR,435.0,MADURAI,TAMIL NADU,625020.0,IN,,False,,False
128766,408-6929768-5593144,06-01-22,Shipped,Amazon,Amazon.in,Expedited,J0003,J0003-SET-XS,Set,XS,B0894WW15B,Shipped,1,INR,664.0,KALABURGI,KARNATAKA,585101.0,IN,IN Core Free Shipping 2015/04/08 23-48-5-108,False,,False
107293,405-9478630-0155537,06-15-22,Shipped,Amazon,Amazon.in,Expedited,JNE3800,JNE3800-KR-L,Western Dress,L,B09SDXWNPZ,Shipped,1,INR,735.0,CHENNAI,TAMIL NADU,600072.0,IN,IN Core Free Shipping 2015/04/08 23-48-5-108,False,,False
114705,403-9023789-4751548,06-10-22,Shipped,Amazon,Amazon.in,Expedited,JNE3461,JNE3461-KR-XXXL,kurta,3XL,B08B3YC7HZ,Shipped,1,INR,399.0,CHENNAI,TAMIL NADU,600039.0,IN,IN Core Free Shipping 2015/04/08 23-48-5-108,False,,False
105100,402-4519409-8409125,06-17-22,Shipped,Amazon,Amazon.in,Expedited,JNE3487,JNE3487-KR-L,kurta,L,B08RP29G54,Shipped,1,INR,345.0,AJNALA,PUNJAB,143102.0,IN,,False,,False
104756,405-0400142-8936307,06-17-22,Shipped,Amazon,Amazon.in,Expedited,SET182,SET182-KR-DH-M,Set,M,B085NYG5CR,Shipped,1,INR,699.0,DUNGARPUR,RAJASTHAN,314001.0,IN,IN Core Free Shipping 2015/04/08 23-48-5-108,False,,False
126843,403-3353311-1612326,06-02-22,Shipped - Delivered to Buyer,Merchant,Amazon.in,Standard,JNE3797,JNE3797-KR-XXL,Western Dress,XXL,B09SDXSQ33,Shipped,1,INR,735.0,NORTH GUWAHATI,ASSAM,781031.0,IN,"Amazon PLCC Free-Financing Universal Merchant AAT-WNKTBO3K27EJC,Amazon PLCC Free-Financing Universal Merchant AAT-QX3UCCJESKPA2,Amazon PLCC Free-Financing Universal Merchant AAT-5QQ7BIYYQEDN2,Amazon PLCC Free-Financing Universal Merchant AAT-DSJ2QRXXWXVMQ,Amazon PLCC Free-Financing Universal Merchant AAT-CXJHMC2YJUK76,Amazon PLCC Free-Financing Universal Merchant AAT-SL3Y2YRMAUNFC,Amazon PLCC Free-Financing Universal Merchant AAT-CC4FAVTYR4X7C,Amazon PLCC Free-Financing Universal Merchant AAT-EWAPBB6BDRGM6,Amazon PLCC Free-Financing Universal Merchant AAT-EOKPWFWYW7Y6I,Amazon PLCC Free-Financing Universal Merchant AAT-AMKH7SAAONETC,Amazon PLCC Free-Financing Universal Merchant AAT-56XNPXK2K7OLI,Amazon PLCC Free-Financing Universal Merchant AAT-Z7SKZOEIDWRU4,Amazon PLCC Free-Financing Universal Merchant AAT-ZY77ROZXBSFU6,Amazon PLCC Free-Financing Universal Merchant AAT-BRSZZ45H6MHAO,Amazon PLCC Free-Financing Universal Merchant AAT-MKLXOOZWQL7GO,Amazon PLCC Free-Financing Universal Merchant AAT-CB7UNXEXGIJTC,Amazon PLCC Free-Financing Universal Merchant #MP-gzasho-1593152694811,Amazon PLCC Free-Financing Universal Merchant AAT-WLBA4GZ52EAH4",False,Easy Ship,False
103441,406-2575275-7631537,06-19-22,Shipped,Amazon,Amazon.in,Expedited,JNE3559,JNE3559-KR-XXXL,kurta,3XL,B09B2DCQH8,Shipped,1,INR,487.0,THANE,MAHARASHTRA,401107.0,IN,,False,,False
114517,171-3201700-7170738,06-10-22,Shipped - Delivered to Buyer,Merchant,Amazon.in,Standard,NW005,NW005-ST-PJ-L,Set,L,B0922TCTTB,Shipped,1,INR,562.0,HYDERABAD,TELANGANA,502325.0,IN,"Amazon PLCC Free-Financing Universal Merchant AAT-WNKTBO3K27EJC,Amazon PLCC Free-Financing Universal Merchant AAT-QX3UCCJESKPA2,Amazon PLCC Free-Financing Universal Merchant AAT-5QQ7BIYYQEDN2,Amazon PLCC Free-Financing Universal Merchant AAT-DSJ2QRXXWXVMQ,Amazon PLCC Free-Financing Universal Merchant AAT-CXJHMC2YJUK76,Amazon PLCC Free-Financing Universal Merchant AAT-SL3Y2YRMAUNFC,Amazon PLCC Free-Financing Universal Merchant AAT-CC4FAVTYR4X7C,Amazon PLCC Free-Financing Universal Merchant AAT-EWAPBB6BDRGM6,Amazon PLCC Free-Financing Universal Merchant AAT-DIWKDGLCXQZQM,Amazon PLCC Free-Financing Universal Merchant AAT-EOKPWFWYW7Y6I,Amazon PLCC Free-Financing Universal Merchant AAT-NT3ZJJGQ3JK3Q,Amazon PLCC Free-Financing Universal Merchant AAT-AMKH7SAAONETC,Amazon PLCC Free-Financing Universal Merchant AAT-56XNPXK2K7OLI,Amazon PLCC Free-Financing Universal Merchant AAT-DIJISC7JHOVCY,Amazon PLCC Free-Financing Universal Merchant AAT-6XVEGAWJUJYXG,Amazon PLCC Free-Financing Universal Merchant AAT-ZBCRDPHJI4UDO,Amazon PLCC Free-Financing Universal Merchant AAT-CMBNOJYSQPOPS,Amazon PLCC Free-Financing Universal Merchant AAT-IBN3WODYJ44YC,Amazon PLCC Free-Financing Universal Merchant AAT-W2F65W44TEYES,Amazon PLCC Free-Financing Universal Merchant AAT-ZBGDWJCP6BTLE,Amazon PLCC Free-Financing Universal Merchant AAT-5DVF2TMYR72D4,Amazon PLCC Free-Financing Universal Merchant AAT-BOWEMQBNNNHBK,Amazon PLCC Free-Financing Universal Merchant AAT-SKYXW7T3UZBGO,Amazon PLCC Free-Financing Universal Merchant AAT-TNYBHEAO7HOHO,Amazon PLCC Free-Financing Universal Merchant AAT-BRSZZ45H6MHAO,Amazon PLCC Free-Financing Universal Merchant AAT-MKLXOOZWQL7GO,Amazon PLCC Free-Financing Universal Merchant AAT-CB7UNXEXGIJTC,Amazon PLCC Free-Financing Universal Merchant #MP-gzasho-1593152694811,Amazon PLCC Free-Financing Universal Merchant AAT-WLBA4GZ52EAH4,Amazon PLCC Free-Financing Universal Merchant AAT-QMFZ3M7T5NPDS,Amazon PLCC Free-Financing Universal Merchant #MP-pmilan-1601980554292",False,Easy Ship,False
109048,406-5330695-2126727,06-14-22,Shipped,Amazon,Amazon.in,Expedited,MEN5028,MEN5028-KR-XL,kurta,XL,B08YYTL6BX,Shipped,1,INR,709.0,CHENNAI,TAMIL NADU,600126.0,IN,,False,,False
103473,402-4823717-1814713,06-19-22,Shipped,Amazon,Amazon.in,Expedited,J0157,J0157-DR-L,Western Dress,L,B09831FVYR,Shipped,1,INR,649.0,"kothrud,pune",MAHARASHTRA,411029.0,IN,,False,,False
118791,404-5468036-9032313,06-07-22,Shipped,Amazon,Amazon.in,Expedited,SET203,SET203-KR-DPT-XL,Set,XL,B08MYRR1ZW,Shipped,1,INR,416.0,BENGALURU,KARNATAKA,560058.0,IN,,False,,False
106711,404-5142110-9697165,06-16-22,Shipped,Amazon,Amazon.in,Expedited,JNE3371,JNE3371-KR-XL,kurta,XL,B07WV4JV4D,Shipped,1,INR,318.0,JAIPUR,RAJASTHAN,302018.0,IN,IN Core Free Shipping 2015/04/08 23-48-5-108,False,,False
117204,404-6058057-0620303,06-08-22,Shipped - Delivered to Buyer,Merchant,Amazon.in,Standard,SET145,SET145-KR-NP-XXL,Set,XXL,B0822VCQQC,Shipped,1,INR,764.0,GUWAHATI,ASSAM,781028.0,IN,"Amazon PLCC Free-Financing Universal Merchant AAT-WNKTBO3K27EJC,Amazon PLCC Free-Financing Universal Merchant AAT-QX3UCCJESKPA2,Amazon PLCC Free-Financing Universal Merchant AAT-5QQ7BIYYQEDN2,Amazon PLCC Free-Financing Universal Merchant AAT-DSJ2QRXXWXVMQ,Amazon PLCC Free-Financing Universal Merchant AAT-CXJHMC2YJUK76,Amazon PLCC Free-Financing Universal Merchant AAT-CC4FAVTYR4X7C,Amazon PLCC Free-Financing Universal Merchant AAT-EWAPBB6BDRGM6,Amazon PLCC Free-Financing Universal Merchant AAT-EOKPWFWYW7Y6I,Amazon PLCC Free-Financing Universal Merchant AAT-NT3ZJJGQ3JK3Q,Amazon PLCC Free-Financing Universal Merchant AAT-5SHH3G55USK5C,Amazon PLCC Free-Financing Universal Merchant AAT-5QNBXTEQWGXOW,Amazon PLCC Free-Financing Universal Merchant AAT-ZBCRDPHJI4UDO,Amazon PLCC Free-Financing Universal Merchant AAT-CMBNOJYSQPOPS,Amazon PLCC Free-Financing Universal Merchant AAT-IBN3WODYJ44YC,Amazon PLCC Free-Financing Universal Merchant AAT-W2F65W44TEYES,Amazon PLCC Free-Financing Universal Merchant AAT-ZBGDWJCP6BTLE,Amazon PLCC Free-Financing Universal Merchant AAT-BOWEMQBNNNHBK,Amazon PLCC Free-Financing Universal Merchant AAT-SKYXW7T3UZBGO,Amazon PLCC Free-Financing Universal Merchant AAT-BRSZZ45H6MHAO,Amazon PLCC Free-Financing Universal Merchant AAT-MKLXOOZWQL7GO,Amazon PLCC Free-Financing Universal Merchant AAT-CB7UNXEXGIJTC,Amazon PLCC Free-Financing Universal Merchant #MP-gzasho-1593152694811,Amazon PLCC Free-Financing Universal Merchant AAT-WLBA4GZ52EAH4",False,Easy Ship,False
124102,406-9600403-8143552,06-04-22,Shipped,Amazon,Amazon.in,Expedited,J0230,J0230-SKD-L,Set,L,B08XNDL1DL,Shipped,1,INR,1163.0,MOHALI,PUNJAB,160059.0,IN,IN Core Free Shipping 2015/04/08 23-48-5-108,False,,False
102602,408-7427157-2118750,06-19-22,Shipped,Amazon,Amazon.in,Expedited,SET310,SET310-KR-NP-XXXL,Set,3XL,B09RKDH8RL,Shipped,1,INR,969.0,HYDERABAD,TELANGANA,500049.0,IN,,False,,False
108932,171-1466085-1715543,06-14-22,Shipped,Amazon,Amazon.in,Expedited,JNE3468,JNE3468-KR-XS,kurta,XS,B08RP5393W,Shipped,1,INR,387.0,BENGALURU,KARNATAKA,560062.0,IN,IN Core Free Shipping 2015/04/08 23-48-5-108,False,,False
103579,403-8009853-0215510,06-18-22,Shipped,Amazon,Amazon.in,Expedited,JNE3797,JNE3797-KR-A-S,Western Dress,S,B09TH4H7T2,Shipped,1,INR,725.0,JAIPUR,RAJASTHAN,302019.0,IN,IN Core Free Shipping 2015/04/08 23-48-5-108,False,,False
107439,404-7439806-6079556,06-15-22,Shipped,Amazon,Amazon.in,Expedited,JNE3775,JNE3775-KR-L,kurta,L,B09KXQN277,Shipped,1,INR,301.0,THIRUVANANTHAPURAM,KERALA,695002.0,IN,IN Core Free Shipping 2015/04/08 23-48-5-108,False,,False
128060,407-3303466-5005111,06-01-22,Shipped,Amazon,Amazon.in,Expedited,J0095,J0095-SET-XXL,Set,XXL,B08CMMN974,Shipped,1,INR,643.0,PUNE,MAHARASHTRA,411060.0,IN,,False,,False
101339,402-4381368-4054703,06-20-22,Cancelled,Merchant,Amazon.in,Standard,JNE3720,JNE3720-KR-L,kurta,L,B099NMS7VM,,0,INR,462.86,CHENNAI,TAMIL NADU,600127.0,IN,,False,Easy Ship,False
127921,405-3082930-9991528,06-01-22,Shipped,Amazon,Amazon.in,Expedited,SET345,SET345-KR-NP-XXL,Set,XXL,B09KXSQ73F,Shipped,1,INR,641.0,CHENNAI,TAMIL NADU,600091.0,IN,,False,,False
102947,408-1837114-6895565,06-19-22,Shipped,Amazon,Amazon.in,Expedited,SET331,SET331-KR-NP-XL,Set,XL,B09NQ51CH7,Shipped,1,INR,635.0,PUNE,MAHARASHTRA,411001.0,IN,IN Core Free Shipping 2015/04/08 23-48-5-108,False,,False
112526,171-9958086-7276356,06-12-22,Shipped,Amazon,Amazon.in,Expedited,JNE3522,JNE3522-KR-XXXL,kurta,3XL,B08W9XJKRG,Shipped,1,INR,325.0,TULJAPUR,MAHARASHTRA,413601.0,IN,IN Core Free Shipping 2015/04/08 23-48-5-108,False,,False
124064,404-9233338-7496301,06-04-22,Shipped,Amazon,Amazon.in,Expedited,JNE3862,JNE3862-TU-XL,Top,XL,B09Y3BRWN9,Shipped,1,INR,836.0,IMPHAL,MANIPUR,795001.0,IN,IN Core Free Shipping 2015/04/08 23-48-5-108,False,,False
115832,403-3764170-9501915,06-09-22,Shipped - Delivered to Buyer,Merchant,Amazon.in,Standard,SET386,SET386-KR-NP-XS,Set,XS,B09K3BVR23,Shipped,1,INR,599.0,KATRA,JAMMU & KASHMIR,182301.0,IN,"Amazon PLCC Free-Financing Universal Merchant AAT-WNKTBO3K27EJC,Amazon PLCC Free-Financing Universal Merchant AAT-QX3UCCJESKPA2,Amazon PLCC Free-Financing Universal Merchant AAT-5QQ7BIYYQEDN2,Amazon PLCC Free-Financing Universal Merchant AAT-DSJ2QRXXWXVMQ,Amazon PLCC Free-Financing Universal Merchant AAT-CXJHMC2YJUK76,Amazon PLCC Free-Financing Universal Merchant AAT-CC4FAVTYR4X7C,Amazon PLCC Free-Financing Universal Merchant AAT-EWAPBB6BDRGM6,Amazon PLCC Free-Financing Universal Merchant AAT-EOKPWFWYW7Y6I,Amazon PLCC Free-Financing Universal Merchant AAT-5SHH3G55USK5C,Amazon PLCC Free-Financing Universal Merchant AAT-ATCR5763CN6Q6,Amazon PLCC Free-Financing Universal Merchant AAT-OKGJFROBK4ZB4,Amazon PLCC Free-Financing Universal Merchant AAT-ZBCRDPHJI4UDO,Amazon PLCC Free-Financing Universal Merchant AAT-CMBNOJYSQPOPS,Amazon PLCC Free-Financing Universal Merchant AAT-IBN3WODYJ44YC,Amazon PLCC Free-Financing Universal Merchant AAT-W2F65W44TEYES,Amazon PLCC Free-Financing Universal Merchant AAT-ZBGDWJCP6BTLE,Amazon PLCC Free-Financing Universal Merchant AAT-BOWEMQBNNNHBK,Amazon PLCC Free-Financing Universal Merchant AAT-SKYXW7T3UZBGO,Amazon PLCC Free-Financing Universal Merchant AAT-BRSZZ45H6MHAO,Amazon PLCC Free-Financing Universal Merchant AAT-MKLXOOZWQL7GO,Amazon PLCC Free-Financing Universal Merchant AAT-CB7UNXEXGIJTC,Amazon PLCC Free-Financing Universal Merchant #MP-gzasho-1593152694811,Amazon PLCC Free-Financing Universal Merchant AAT-WLBA4GZ52EAH4",False,Easy Ship,False
117103,408-7940584-6599524,06-08-22,Shipped,Amazon,Amazon.in,Expedited,JNE2305,JNE2305-KR-533-XL,kurta,XL,B07GRQVB2G,Shipped,1,INR,376.0,KARTARPUR,PUNJAB,144801.0,IN,,False,,False
109384,408-5590003-0463522,06-14-22,Shipped - Delivered to Buyer,Merchant,Amazon.in,Standard,J0137,J0137-SET-XXL,Set,XXL,B091Z4VV68,Shipped,1,INR,721.0,Chennai,TAMIL NADU,600126.0,IN,"Amazon PLCC Free-Financing Universal Merchant AAT-WNKTBO3K27EJC,Amazon PLCC Free-Financing Universal Merchant AAT-QX3UCCJESKPA2,Amazon PLCC Free-Financing Universal Merchant AAT-5QQ7BIYYQEDN2,Amazon PLCC Free-Financing Universal Merchant AAT-DSJ2QRXXWXVMQ,Amazon PLCC Free-Financing Universal Merchant AAT-CXJHMC2YJUK76,Amazon PLCC Free-Financing Universal Merchant AAT-SL3Y2YRMAUNFC,Amazon PLCC Free-Financing Universal Merchant AAT-CC4FAVTYR4X7C,Amazon PLCC Free-Financing Universal Merchant AAT-EWAPBB6BDRGM6,Amazon PLCC Free-Financing Universal Merchant AAT-EOKPWFWYW7Y6I,Amazon PLCC Free-Financing Universal Merchant AAT-NT3ZJJGQ3JK3Q,Amazon PLCC Free-Financing Universal Merchant AAT-5SHH3G55USK5C,Amazon PLCC Free-Financing Universal Merchant AAT-AMKH7SAAONETC,Amazon PLCC Free-Financing Universal Merchant AAT-56XNPXK2K7OLI,Amazon PLCC Free-Financing Universal Merchant AAT-6XVEGAWJUJYXG,Amazon PLCC Free-Financing Universal Merchant AAT-5QNBXTEQWGXOW,Amazon PLCC Free-Financing Universal Merchant AAT-BOWEMQBNNNHBK,Amazon PLCC Free-Financing Universal Merchant AAT-SKYXW7T3UZBGO,Amazon PLCC Free-Financing Universal Merchant AAT-ILWGDKTQOJRNA,Amazon PLCC Free-Financing Universal Merchant AAT-ONHQI6RQUNGB6,Amazon PLCC Free-Financing Universal Merchant AAT-TNYBHEAO7HOHO,Amazon PLCC Free-Financing Universal Merchant AAT-BRSZZ45H6MHAO,Amazon PLCC Free-Financing Universal Merchant AAT-MKLXOOZWQL7GO,Amazon PLCC Free-Financing Universal Merchant AAT-CB7UNXEXGIJTC,Amazon PLCC Free-Financing Universal Merchant #MP-gzasho-1593152694811,Amazon PLCC Free-Financing Universal Merchant AAT-WLBA4GZ52EAH4,Amazon PLCC Free-Financing Universal Merchant AAT-QMFZ3M7T5NPDS,Amazon PLCC Free-Financing Universal Merchant #MP-pmilan-1601980554292",False,Easy Ship,False
104347,406-1930922-9899553,06-18-22,Shipped,Amazon,Amazon.in,Expedited,SET343,SET343-KR-NP-XL,Set,XL,B09NDLRSXQ,Shipped,1,INR,825.0,HYDERABAD,TELANGANA,500089.0,IN,IN Core Free Shipping 2015/04/08 23-48-5-108,False,,False
101427,407-8929557-3469142,06-20-22,Shipped,Amazon,Amazon.in,Expedited,JNE3797,JNE3797-KR-A-S,Western Dress,S,B09TH4H7T2,Shipped,1,INR,725.0,GHAZIABAD,UTTAR PRADESH,201014.0,IN,IN Core Free Shipping 2015/04/08 23-48-5-108,False,,False
101610,407-0555740-2806759,06-20-22,Shipped,Amazon,Amazon.in,Expedited,SET281,SET281-KR-PP-XXL,Set,XXL,B0983G9Z9T,Shipped,1,INR,499.0,LUCKNOW,UTTAR PRADESH,226005.0,IN,IN Core Free Shipping 2015/04/08 23-48-5-108,False,,False
111282,408-6473667-3401943,06-12-22,Cancelled,Merchant,Amazon.in,Standard,J0153,J0153-DR-S,Western Dress,S,B08N4RTJCY,,0,INR,421.9,VISAKHAPATNAM,ANDHRA PRADESH,530016.0,IN,,False,Easy Ship,False
108492,403-6537663-9457914,06-14-22,Shipped,Amazon,Amazon.in,Expedited,J0301,J0301-TP-S,Top,S,B099S7RVXG,Shipped,1,INR,518.0,Chennai,TAMIL NADU,600090.0,IN,,False,,False
125277,406-0531399-3744300,06-03-22,Shipped,Amazon,Amazon.in,Expedited,SET319,SET319-KR-NP-M,Set,M,B09KXVG37D,Shipped,1,INR,852.0,CHENNAI,TAMIL NADU,600040.0,IN,IN Core Free Shipping 2015/04/08 23-48-5-108,False,,False
106779,403-4485276-7381141,06-16-22,Shipped,Amazon,Amazon.in,Expedited,SET320,SET320-KR-NP-XL,Set,XL,B09RKCVRSP,Shipped,1,INR,852.0,VADODARA,Gujarat,390019.0,IN,IN Core Free Shipping 2015/04/08 23-48-5-108,False,,False
127320,405-2662751-4683506,06-02-22,Shipped,Amazon,Amazon.in,Expedited,J0339,J0339-DR-XL,Western Dress,XL,B0982ZDB2S,Shipped,1,INR,786.0,MUMBAI,MAHARASHTRA,400028.0,IN,,False,,False
113903,406-3190474-3590758,06-11-22,Shipped,Amazon,Amazon.in,Expedited,SET376,SET376-KR-NP-XL,Set,XL,B09RSFK4CT,Shipped,1,INR,560.0,BENGALURU,KARNATAKA,560077.0,IN,IN Core Free Shipping 2015/04/08 23-48-5-108,False,,False
112054,405-2169762-0731564,06-12-22,Shipped,Amazon,Amazon.in,Expedited,JNE3803,JNE3803-KR-S,kurta,S,B09K3ZQCF9,Shipped,1,INR,487.0,HISAR,HARYANA,125001.0,IN,IN Core Free Shipping 2015/04/08 23-48-5-108,False,,False
109073,404-5541211-9379520,06-14-22,Shipped,Amazon,Amazon.in,Expedited,JNE3366,JNE3366-KR-1053-XL,kurta,XL,B07T542CKK,Shipped,1,INR,376.0,CHENNAI,TAMIL NADU,600012.0,IN,,False,,False
114717,407-0416550-8552358,06-10-22,Shipped - Delivered to Buyer,Merchant,Amazon.in,Standard,SET288,SET288-KR-NP-XL,Set,XL,B09M6S4DML,Shipped,1,INR,631.0,THANE,MAHARASHTRA,400610.0,IN,"Amazon PLCC Free-Financing Universal Merchant AAT-WNKTBO3K27EJC,Amazon PLCC Free-Financing Universal Merchant AAT-QX3UCCJESKPA2,Amazon PLCC Free-Financing Universal Merchant AAT-5QQ7BIYYQEDN2,Amazon PLCC Free-Financing Universal Merchant AAT-DSJ2QRXXWXVMQ,Amazon PLCC Free-Financing Universal Merchant AAT-CXJHMC2YJUK76,Amazon PLCC Free-Financing Universal Merchant AAT-CC4FAVTYR4X7C,Amazon PLCC Free-Financing Universal Merchant AAT-EWAPBB6BDRGM6,Amazon PLCC Free-Financing Universal Merchant AAT-EOKPWFWYW7Y6I,Amazon PLCC Free-Financing Universal Merchant AAT-5SHH3G55USK5C,Amazon PLCC Free-Financing Universal Merchant AAT-DIJISC7JHOVCY,Amazon PLCC Free-Financing Universal Merchant AAT-OKGJFROBK4ZB4,Amazon PLCC Free-Financing Universal Merchant AAT-ZBCRDPHJI4UDO,Amazon PLCC Free-Financing Universal Merchant AAT-CMBNOJYSQPOPS,Amazon PLCC Free-Financing Universal Merchant AAT-IBN3WODYJ44YC,Amazon PLCC Free-Financing Universal Merchant AAT-W2F65W44TEYES,Amazon PLCC Free-Financing Universal Merchant AAT-ZBGDWJCP6BTLE,Amazon PLCC Free-Financing Universal Merchant AAT-BOWEMQBNNNHBK,Amazon PLCC Free-Financing Universal Merchant AAT-SKYXW7T3UZBGO,Amazon PLCC Free-Financing Universal Merchant AAT-BRSZZ45H6MHAO,Amazon PLCC Free-Financing Universal Merchant AAT-MKLXOOZWQL7GO,Amazon PLCC Free-Financing Universal Merchant AAT-CB7UNXEXGIJTC,Amazon PLCC Free-Financing Universal Merchant #MP-gzasho-1593152694811,Amazon PLCC Free-Financing Universal Merchant AAT-WLBA4GZ52EAH4",False,Easy Ship,False
103820,402-0939698-1689957,06-18-22,Shipped,Amazon,Amazon.in,Expedited,SET335,SET335-KR-NP-S,Set,S,B09Y3DS567,Shipped,1,INR,725.0,GREATER NOIDA,UTTAR PRADESH,201308.0,IN,VPC-44571-44201853 Coupon,False,,False
109796,403-6929251-6445919,06-14-22,Shipped,Amazon,Amazon.in,Expedited,JNE3781,JNE3781-KR-XL,kurta,XL,B09K3XXDMR,Shipped,1,INR,416.0,Mumbai,MAHARASHTRA,400026.0,IN,,False,,False
105382,404-1058975-0500353,06-17-22,Shipped - Delivered to Buyer,Merchant,Amazon.in,Standard,J0119,J0119-TP-XL,Top,XL,B08RYPWC3J,Shipped,1,INR,758.0,LAKHIMPUR,ASSAM,787001.0,IN,"Amazon PLCC Free-Financing Universal Merchant AAT-WNKTBO3K27EJC,Amazon PLCC Free-Financing Universal Merchant AAT-QX3UCCJESKPA2,Amazon PLCC Free-Financing Universal Merchant AAT-5QQ7BIYYQEDN2,Amazon PLCC Free-Financing Universal Merchant AAT-DSJ2QRXXWXVMQ,Amazon PLCC Free-Financing Universal Merchant AAT-CXJHMC2YJUK76,Amazon PLCC Free-Financing Universal Merchant AAT-CC4FAVTYR4X7C,Amazon PLCC Free-Financing Universal Merchant AAT-EWAPBB6BDRGM6,Amazon PLCC Free-Financing Universal Merchant AAT-EOKPWFWYW7Y6I,Amazon PLCC Free-Financing Universal Merchant AAT-NT3ZJJGQ3JK3Q,Amazon PLCC Free-Financing Universal Merchant AAT-6JADQ56W3E2NG,Amazon PLCC Free-Financing Universal Merchant AAT-BOWEMQBNNNHBK,Amazon PLCC Free-Financing Universal Merchant AAT-SKYXW7T3UZBGO,Amazon PLCC Free-Financing Universal Merchant AAT-ONHQI6RQUNGB6,Amazon PLCC Free-Financing Universal Merchant AAT-BRSZZ45H6MHAO,Amazon PLCC Free-Financing Universal Merchant AAT-MKLXOOZWQL7GO,Amazon PLCC Free-Financing Universal Merchant AAT-CB7UNXEXGIJTC,Amazon PLCC Free-Financing Universal Merchant #MP-gzasho-1593152694811,Amazon PLCC Free-Financing Universal Merchant AAT-WLBA4GZ52EAH4",False,Easy Ship,False
125124,407-2870806-9475505,06-03-22,Shipped - Delivered to Buyer,Merchant,Amazon.in,Standard,SET291,SET291-KR-PP-XXL,Set,XXL,B099NJQ8JQ,Shipped,1,INR,569.0,BENGALURU,KARNATAKA,560028.0,IN,"Amazon PLCC Free-Financing Universal Merchant AAT-WNKTBO3K27EJC,Amazon PLCC Free-Financing Universal Merchant AAT-QX3UCCJESKPA2,Amazon PLCC Free-Financing Universal Merchant AAT-5QQ7BIYYQEDN2,Amazon PLCC Free-Financing Universal Merchant AAT-DSJ2QRXXWXVMQ,Amazon PLCC Free-Financing Universal Merchant AAT-CXJHMC2YJUK76,Amazon PLCC Free-Financing Universal Merchant AAT-CC4FAVTYR4X7C,Amazon PLCC Free-Financing Universal Merchant AAT-EWAPBB6BDRGM6,Amazon PLCC Free-Financing Universal Merchant AAT-EOKPWFWYW7Y6I,Amazon PLCC Free-Financing Universal Merchant AAT-Z7SKZOEIDWRU4,Amazon PLCC Free-Financing Universal Merchant AAT-SYBM7O5OQIPGQ,Amazon PLCC Free-Financing Universal Merchant AAT-OKGJFROBK4ZB4,Amazon PLCC Free-Financing Universal Merchant AAT-BRSZZ45H6MHAO,Amazon PLCC Free-Financing Universal Merchant AAT-MKLXOOZWQL7GO,Amazon PLCC Free-Financing Universal Merchant AAT-CB7UNXEXGIJTC,Amazon PLCC Free-Financing Universal Merchant #MP-gzasho-1593152694811,Amazon PLCC Free-Financing Universal Merchant AAT-WLBA4GZ52EAH4",False,Easy Ship,False
101190,406-7626364-5501964,06-20-22,Shipped,Amazon,Amazon.in,Expedited,J0335,J0335-DR-XXL,Western Dress,XXL,B0982ZS9FG,Shipped,1,INR,1294.0,TEZPUR,ASSAM,784001.0,IN,IN Core Free Shipping 2015/04/08 23-48-5-108,False,,False
121950,404-3255282-8626701,06-05-22,Shipped,Amazon,Amazon.in,Expedited,JNE3437,JNE3437-KR-M,kurta,M,B085HP1LQR,Shipped,1,INR,486.0,ERNAKULAM,KERALA,682506.0,IN,IN Core Free Shipping 2015/04/08 23-48-5-108,False,,False
123011,403-9580082-5605950,06-05-22,Shipped,Amazon,Amazon.in,Expedited,JNE3797,JNE3797-KR-M,Western Dress,M,B09SDY8DCT,Shipped,1,INR,735.0,BENGALURU,KARNATAKA,560056.0,IN,IN Core Free Shipping 2015/04/08 23-48-5-108,False,,False
106620,406-8239077-9309901,06-16-22,Shipped,Amazon,Amazon.in,Expedited,SET369,SET369-KR-NP-XS,Set,XS,B09QJMW91M,Shipped,1,INR,1399.0,BELAGAVI,KARNATAKA,591306.0,IN,IN Core Free Shipping 2015/04/08 23-48-5-108,False,,False
106237,403-6447018-2856309,06-16-22,Shipped,Amazon,Amazon.in,Expedited,SET390,SET390-KR-NP-L,Set,L,B09RKF82J5,Shipped,1,INR,882.0,DIMAPUR,NAGALAND,797112.0,IN,IN Core Free Shipping 2015/04/08 23-48-5-108,False,,False
111029,408-0350586-2928319,06-13-22,Shipped,Amazon,Amazon.in,Expedited,J0179,J0179-KR-XS,kurta,XS,B08N1CG5PF,Shipped,1,INR,696.0,ONGOLE,ANDHRA PRADESH,523001.0,IN,IN Core Free Shipping 2015/04/08 23-48-5-108,False,,False
113028,405-6227621-4794743,06-11-22,Shipped,Amazon,Amazon.in,Expedited,JNE3476,JNE3476-KR-M,kurta,M,B08B3YTPVS,Shipped,1,INR,399.0,HYDERABAD,TELANGANA,500050.0,IN,IN Core Free Shipping 2015/04/08 23-48-5-108,False,,False
106440,402-3737166-6492353,06-16-22,Shipped,Amazon,Amazon.in,Expedited,JNE3458,JNE3458-KR-L,kurta,L,B08HK6WL3S,Shipped,1,INR,380.0,BAGALKOT,KARNATAKA,587103.0,IN,,False,,False
112017,408-2784327-2509100,06-12-22,Shipped,Amazon,Amazon.in,Expedited,JNE3465,JNE3465-KR-L,kurta,L,B08BFLKNGJ,Shipped,1,INR,491.0,NELLORE,ANDHRA PRADESH,524004.0,IN,,False,,False
105844,404-4108923-7514747,06-17-22,Shipped - Delivered to Buyer,Merchant,Amazon.in,Standard,J0132,J0132-KR-XS,kurta,XS,B08N1BYTL6,Shipped,1,INR,345.0,BALAGHAT,MADHYA PRADESH,481441.0,IN,"Amazon PLCC Free-Financing Universal Merchant AAT-WNKTBO3K27EJC,Amazon PLCC Free-Financing Universal Merchant AAT-QX3UCCJESKPA2,Amazon PLCC Free-Financing Universal Merchant AAT-5QQ7BIYYQEDN2,Amazon PLCC Free-Financing Universal Merchant AAT-DSJ2QRXXWXVMQ,Amazon PLCC Free-Financing Universal Merchant AAT-CXJHMC2YJUK76,Amazon PLCC Free-Financing Universal Merchant AAT-CC4FAVTYR4X7C,Amazon PLCC Free-Financing Universal Merchant AAT-EWAPBB6BDRGM6,Amazon PLCC Free-Financing Universal Merchant AAT-WSJLDN3X7KEMO,Amazon PLCC Free-Financing Universal Merchant AAT-VL6FGQVGQVXUS,Amazon PLCC Free-Financing Universal Merchant AAT-EOKPWFWYW7Y6I,Amazon PLCC Free-Financing Universal Merchant AAT-6JADQ56W3E2NG,Amazon PLCC Free-Financing Universal Merchant AAT-BOWEMQBNNNHBK,Amazon PLCC Free-Financing Universal Merchant AAT-SKYXW7T3UZBGO,Amazon PLCC Free-Financing Universal Merchant AAT-BRSZZ45H6MHAO,Amazon PLCC Free-Financing Universal Merchant AAT-MKLXOOZWQL7GO,Amazon PLCC Free-Financing Universal Merchant AAT-CB7UNXEXGIJTC,Amazon PLCC Free-Financing Universal Merchant #MP-gzasho-1593152694811,Amazon PLCC Free-Financing Universal Merchant AAT-WLBA4GZ52EAH4",False,Easy Ship,False
105172,404-3112628-0501937,06-17-22,Shipped,Amazon,Amazon.in,Expedited,SET444,SET444-KR-SH-XXL,Set,XXL,B0B3N85BV3,Shipped,1,INR,899.0,JAIPUR,RAJASTHAN,302023.0,IN,IN Core Free Shipping 2015/04/08 23-48-5-108,False,,False
127954,402-5066140-3097961,06-01-22,Shipped - Delivered to Buyer,Merchant,Amazon.in,Standard,JNE3639,JNE3639-TP-N-XL,Top,XL,B08ZHRYMZD,Shipped,1,INR,497.0,MUMBAI,MAHARASHTRA,400077.0,IN,"Amazon PLCC Free-Financing Universal Merchant AAT-WNKTBO3K27EJC,Amazon PLCC Free-Financing Universal Merchant AAT-QX3UCCJESKPA2,Amazon PLCC Free-Financing Universal Merchant AAT-5QQ7BIYYQEDN2,Amazon PLCC Free-Financing Universal Merchant AAT-DSJ2QRXXWXVMQ,Amazon PLCC Free-Financing Universal Merchant AAT-CXJHMC2YJUK76,Amazon PLCC Free-Financing Universal Merchant AAT-SL3Y2YRMAUNFC,Amazon PLCC Free-Financing Universal Merchant AAT-CC4FAVTYR4X7C,Amazon PLCC Free-Financing Universal Merchant AAT-EWAPBB6BDRGM6,Amazon PLCC Free-Financing Universal Merchant AAT-R7GXNZWISTRFA,Amazon PLCC Free-Financing Universal Merchant AAT-EOKPWFWYW7Y6I,Amazon PLCC Free-Financing Universal Merchant AAT-BRSZZ45H6MHAO,Amazon PLCC Free-Financing Universal Merchant AAT-MKLXOOZWQL7GO,Amazon PLCC Free-Financing Universal Merchant AAT-CB7UNXEXGIJTC,Amazon PLCC Free-Financing Universal Merchant #MP-gzasho-1593152694811,Amazon PLCC Free-Financing Universal Merchant AAT-WLBA4GZ52EAH4",False,Easy Ship,False
118823,406-5545133-1907550,06-07-22,Shipped - Delivered to Buyer,Merchant,Amazon.in,Standard,SET198,SET198-KR-NP-A-XXL,Set,XXL,B08L92YWPH,Shipped,1,INR,523.0,New Delhi,DELHI,110045.0,IN,"Amazon PLCC Free-Financing Universal Merchant AAT-WNKTBO3K27EJC,Amazon PLCC Free-Financing Universal Merchant AAT-QX3UCCJESKPA2,Amazon PLCC Free-Financing Universal Merchant AAT-5QQ7BIYYQEDN2,Amazon PLCC Free-Financing Universal Merchant AAT-DSJ2QRXXWXVMQ,Amazon PLCC Free-Financing Universal Merchant AAT-CXJHMC2YJUK76,Amazon PLCC Free-Financing Universal Merchant AAT-CC4FAVTYR4X7C,Amazon PLCC Free-Financing Universal Merchant AAT-EWAPBB6BDRGM6,Amazon PLCC Free-Financing Universal Merchant AAT-EOKPWFWYW7Y6I,Amazon PLCC Free-Financing Universal Merchant AAT-ZBCRDPHJI4UDO,Amazon PLCC Free-Financing Universal Merchant AAT-CMBNOJYSQPOPS,Amazon PLCC Free-Financing Universal Merchant AAT-IBN3WODYJ44YC,Amazon PLCC Free-Financing Universal Merchant AAT-W2F65W44TEYES,Amazon PLCC Free-Financing Universal Merchant AAT-ZBGDWJCP6BTLE,Amazon PLCC Free-Financing Universal Merchant AAT-BRSZZ45H6MHAO,Amazon PLCC Free-Financing Universal Merchant AAT-MKLXOOZWQL7GO,Amazon PLCC Free-Financing Universal Merchant AAT-CB7UNXEXGIJTC,Amazon PLCC Free-Financing Universal Merchant #MP-gzasho-1593152694811,Amazon PLCC Free-Financing Universal Merchant AAT-WLBA4GZ52EAH4",False,Easy Ship,False
114726,408-7639197-0477938,06-10-22,Shipped,Amazon,Amazon.in,Expedited,SET333,SET333-KR-DPT-XXXL,Set,3XL,B09RKD8TMG,Shipped,1,INR,967.0,HYDERABAD,TELANGANA,500084.0,IN,,False,,False
103923,407-4598342-6877911,06-18-22,Shipped,Amazon,Amazon.in,Expedited,JNE3614,JNE3614-KR-XXL,kurta,XXL,B097ZYSHFF,Shipped,1,INR,431.0,kangra,HIMACHAL PRADESH,177108.0,IN,,False,,False
112981,403-4017749-5373136,06-11-22,Shipped,Amazon,Amazon.in,Expedited,JNE3431,JNE3431-KR-XL,kurta,XL,B08KS7M7F7,Shipped,1,INR,333.0,MUMBAI,MAHARASHTRA,400016.0,IN,IN Core Free Shipping 2015/04/08 23-48-5-108,False,,False
109618,405-5811591-1585957,06-14-22,Cancelled,Amazon,Amazon.in,Expedited,JNE3611,JNE3611-KR-XXL,kurta,XXL,B08XVKLMZK,Unshipped,1,INR,459.0,PUNE,MAHARASHTRA,411016.0,IN,,False,,False
110454,402-7218962-7636364,06-13-22,Cancelled,Merchant,Amazon.in,Standard,JNE3786,JNE3786-KR-XXXL,kurta,3XL,B09M762ZSF,,0,INR,332.38,KANGRA,HIMACHAL PRADESH,176022.0,IN,,False,Easy Ship,False
112491,408-3090385-3607519,06-12-22,Shipped,Amazon,Amazon.in,Standard,JNE3794,JNE3794-KR-XXXL,kurta,3XL,B09HMHM56Y,Shipped,1,INR,0.0,GHAZIABAD,UTTAR PRADESH,201007.0,IN,,False,,False
120625,406-5637133-1757133,06-06-22,Shipped,Amazon,Amazon.in,Expedited,JNE3798,JNE3798-KR-XL,Western Dress,XL,B09SDXG1CP,Shipped,1,INR,735.0,BARASAT,WEST BENGAL,700126.0,IN,IN Core Free Shipping 2015/04/08 23-48-5-108,False,,False
107841,404-2249592-5379504,06-15-22,Shipped,Amazon,Amazon.in,Expedited,J0339,J0339-DR-L,Western Dress,L,B098315N2Z,Shipped,1,INR,1091.0,NAVI MUMBAI,MAHARASHTRA,400702.0,IN,IN Core Free Shipping 2015/04/08 23-48-5-108,False,,False
109598,408-3042315-9161114,06-14-22,Shipped,Amazon,Amazon.in,Expedited,SET275,SET275-KR-NP-S,Set,S,B0983GKFV1,Shipped,1,INR,630.0,AMBALA,HARYANA,133001.0,IN,IN Core Free Shipping 2015/04/08 23-48-5-108,False,,False
120494,404-1455129-5988316,06-06-22,Shipped,Amazon,Amazon.in,Expedited,JNE3421,JNE3421-KR-N-S,kurta,S,B08TRFYX25,Shipped,1,INR,435.0,BENGALURU,KARNATAKA,560093.0,IN,IN Core Free Shipping 2015/04/08 23-48-5-108,False,,False
115776,408-3642577-7817935,06-09-22,Shipped,Amazon,Amazon.in,Expedited,SET357,SET357-KR-NP-XL,Set,XL,B09Y3FNR5D,Shipped,1,INR,771.0,NAVI MUMBAI,MAHARASHTRA,400706.0,IN,,False,,False
128839,403-3338707-9791541,06-01-22,Shipped,Amazon,Amazon.in,Expedited,SET405,SET405-KR-NP-XS,Set,XS,B09QJ399Q3,Shipped,1,INR,771.0,HYDERABAD,TELANGANA,500084.0,IN,,False,,False
122277,407-9501738-7847559,06-05-22,Shipped - Delivered to Buyer,Merchant,Amazon.in,Standard,SET329,SET329-KR-NP-L,Set,L,B09K3S1BWQ,Shipped,1,INR,666.0,BUHANA,RAJASTHAN,333502.0,IN,"Amazon PLCC Free-Financing Universal Merchant AAT-WNKTBO3K27EJC,Amazon PLCC Free-Financing Universal Merchant AAT-QX3UCCJESKPA2,Amazon PLCC Free-Financing Universal Merchant AAT-5QQ7BIYYQEDN2,Amazon PLCC Free-Financing Universal Merchant AAT-DSJ2QRXXWXVMQ,Amazon PLCC Free-Financing Universal Merchant AAT-CXJHMC2YJUK76,Amazon PLCC Free-Financing Universal Merchant AAT-CC4FAVTYR4X7C,Amazon PLCC Free-Financing Universal Merchant AAT-EWAPBB6BDRGM6,Amazon PLCC Free-Financing Universal Merchant AAT-R7GXNZWISTRFA,Amazon PLCC Free-Financing Universal Merchant AAT-WSJLDN3X7KEMO,Amazon PLCC Free-Financing Universal Merchant AAT-VL6FGQVGQVXUS,Amazon PLCC Free-Financing Universal Merchant AAT-EOKPWFWYW7Y6I,Amazon PLCC Free-Financing Universal Merchant AAT-5VXFLMD6EKIFC,Amazon PLCC Free-Financing Universal Merchant AAT-Z7SKZOEIDWRU4,Amazon PLCC Free-Financing Universal Merchant AAT-BRSZZ45H6MHAO,Amazon PLCC Free-Financing Universal Merchant AAT-MKLXOOZWQL7GO,Amazon PLCC Free-Financing Universal Merchant AAT-CB7UNXEXGIJTC,Amazon PLCC Free-Financing Universal Merchant #MP-gzasho-1593152694811,Amazon PLCC Free-Financing Universal Merchant AAT-WLBA4GZ52EAH4",False,Easy Ship,False
101684,407-2027301-5664355,06-20-22,Shipped,Amazon,Amazon.in,Expedited,J0008,J0008-SKD-L,Set,L,B0894YB3B1,Shipped,1,INR,1075.0,NAVI MUMBAI,MAHARASHTRA,400705.0,IN,IN Core Free Shipping 2015/04/08 23-48-5-108,False,,False
104080,402-1660038-1422740,06-18-22,Shipped - Delivered to Buyer,Merchant,Amazon.in,Standard,JNE3706,JNE3706-DR-L,Western Dress,L,B0982ZYR1X,Shipped,1,INR,413.0,PUNE,MAHARASHTRA,411006.0,IN,"Amazon PLCC Free-Financing Universal Merchant AAT-WNKTBO3K27EJC,Amazon PLCC Free-Financing Universal Merchant AAT-QX3UCCJESKPA2,Amazon PLCC Free-Financing Universal Merchant AAT-5QQ7BIYYQEDN2,Amazon PLCC Free-Financing Universal Merchant AAT-DSJ2QRXXWXVMQ,Amazon PLCC Free-Financing Universal Merchant AAT-CXJHMC2YJUK76,Amazon PLCC Free-Financing Universal Merchant AAT-SL3Y2YRMAUNFC,Amazon PLCC Free-Financing Universal Merchant AAT-CC4FAVTYR4X7C,Amazon PLCC Free-Financing Universal Merchant AAT-EWAPBB6BDRGM6,Amazon PLCC Free-Financing Universal Merchant AAT-R7GXNZWISTRFA,Amazon PLCC Free-Financing Universal Merchant AAT-EOKPWFWYW7Y6I,Amazon PLCC Free-Financing Universal Merchant AAT-5SHH3G55USK5C,Amazon PLCC Free-Financing Universal Merchant AAT-AMKH7SAAONETC,Amazon PLCC Free-Financing Universal Merchant AAT-56XNPXK2K7OLI,Amazon PLCC Free-Financing Universal Merchant AAT-BOWEMQBNNNHBK,Amazon PLCC Free-Financing Universal Merchant AAT-SKYXW7T3UZBGO,Amazon PLCC Free-Financing Universal Merchant AAT-ONHQI6RQUNGB6,Amazon PLCC Free-Financing Universal Merchant AAT-7L53RVBBSPI3S,Amazon PLCC Free-Financing Universal Merchant AAT-FXGH5APHPAWRQ,Amazon PLCC Free-Financing Universal Merchant AAT-TNYBHEAO7HOHO,Amazon PLCC Free-Financing Universal Merchant AAT-BRSZZ45H6MHAO,Amazon PLCC Free-Financing Universal Merchant AAT-MKLXOOZWQL7GO,Amazon PLCC Free-Financing Universal Merchant AAT-CB7UNXEXGIJTC,Amazon PLCC Free-Financing Universal Merchant #MP-gzasho-1593152694811,Amazon PLCC Free-Financing Universal Merchant AAT-WLBA4GZ52EAH4,Amazon PLCC Free-Financing Universal Merchant AAT-QMFZ3M7T5NPDS,Amazon PLCC Free-Financing Universal Merchant #MP-pmilan-1601980554292",False,Easy Ship,False
128357,402-3963904-1085913,06-01-22,Cancelled,Amazon,Amazon.in,Expedited,J0002,J0002-SKD-L,Set,L,B0894X3VKQ,Cancelled,0,,,SECUNDERABAD,TELANGANA,500025.0,IN,,False,,False
113522,171-8480773-6220332,06-11-22,Shipped,Amazon,Amazon.in,Expedited,JNE3797,JNE3797-KR-XXL,Western Dress,XXL,B09SDXSQ33,Shipped,1,INR,735.0,AHMEDABAD,Gujarat,380013.0,IN,IN Core Free Shipping 2015/04/08 23-48-5-108,False,,False
101588,402-4972715-5337155,06-20-22,Shipped,Amazon,Amazon.in,Expedited,JNE3801,JNE3801-KR-M,kurta,M,B09SDZ4FH9,Shipped,1,INR,735.0,CHENNAI,TAMIL NADU,600097.0,IN,IN Core Free Shipping 2015/04/08 23-48-5-108,False,,False
115594,403-1914549-0961914,06-09-22,Shipped - Delivered to Buyer,Merchant,Amazon.in,Standard,JNE3784,JNE3784-KR-L,kurta,L,B09K3TM23D,Shipped,1,INR,496.0,BHOPAL,MADHYA PRADESH,462042.0,IN,"Amazon PLCC Free-Financing Universal Merchant AAT-WNKTBO3K27EJC,Amazon PLCC Free-Financing Universal Merchant AAT-QX3UCCJESKPA2,Amazon PLCC Free-Financing Universal Merchant AAT-5QQ7BIYYQEDN2,Amazon PLCC Free-Financing Universal Merchant AAT-DSJ2QRXXWXVMQ,Amazon PLCC Free-Financing Universal Merchant AAT-CXJHMC2YJUK76,Amazon PLCC Free-Financing Universal Merchant AAT-CC4FAVTYR4X7C,Amazon PLCC Free-Financing Universal Merchant AAT-EWAPBB6BDRGM6,Amazon PLCC Free-Financing Universal Merchant AAT-EOKPWFWYW7Y6I,Amazon PLCC Free-Financing Universal Merchant AAT-3CSO6PTXOFDTO,Amazon PLCC Free-Financing Universal Merchant AAT-NT3ZJJGQ3JK3Q,Amazon PLCC Free-Financing Universal Merchant AAT-5SHH3G55USK5C,Amazon PLCC Free-Financing Universal Merchant AAT-DIJISC7JHOVCY,Amazon PLCC Free-Financing Universal Merchant AAT-6XVEGAWJUJYXG,Amazon PLCC Free-Financing Universal Merchant AAT-ZBCRDPHJI4UDO,Amazon PLCC Free-Financing Universal Merchant AAT-CMBNOJYSQPOPS,Amazon PLCC Free-Financing Universal Merchant AAT-IBN3WODYJ44YC,Amazon PLCC Free-Financing Universal Merchant AAT-W2F65W44TEYES,Amazon PLCC Free-Financing Universal Merchant AAT-ZBGDWJCP6BTLE,Amazon PLCC Free-Financing Universal Merchant AAT-5DVF2TMYR72D4,Amazon PLCC Free-Financing Universal Merchant AAT-BOWEMQBNNNHBK,Amazon PLCC Free-Financing Universal Merchant AAT-SKYXW7T3UZBGO,Amazon PLCC Free-Financing Universal Merchant AAT-BRSZZ45H6MHAO,Amazon PLCC Free-Financing Universal Merchant AAT-MKLXOOZWQL7GO,Amazon PLCC Free-Financing Universal Merchant AAT-CB7UNXEXGIJTC,Amazon PLCC Free-Financing Universal Merchant #MP-gzasho-1593152694811,Amazon PLCC Free-Financing Universal Merchant AAT-WLBA4GZ52EAH4",False,Easy Ship,False
108393,405-4895219-2513111,06-15-22,Cancelled,Amazon,Amazon.in,Expedited,JNE3752,JNE3752-KR-XXL,kurta,XXL,B09K3XL88T,Cancelled,0,,,CHENNAI,TAMIL NADU,600072.0,IN,,False,,False
104678,405-7126899-1682721,06-18-22,Shipped,Amazon,Amazon.in,Expedited,JNE3888,JNE3888-KR-XL,kurta,XL,B09Y27G27L,Shipped,1,INR,696.0,MUMBAI,MAHARASHTRA,400092.0,IN,,False,,False
107468,407-4540864-2395504,06-15-22,Cancelled,Amazon,Amazon.in,Expedited,SET044,SET044-KR-NP-XL,Set,XL,B07Q2MWDYN,Cancelled,0,,,BENGALURU,KARNATAKA,560017.0,IN,IN Core Free Shipping 2015/04/08 23-48-5-108,False,,False
126154,403-7894255-6695536,06-02-22,Shipped,Amazon,Amazon.in,Expedited,JNE3634,JNE3634-KR-XL,kurta,XL,B097ZZLC2X,Shipped,1,INR,521.0,BENGALURU,KARNATAKA,560105.0,IN,,False,,False
100096,404-3542226-1616327,06-21-22,Shipped,Amazon,Amazon.in,Expedited,JNE3440,JNE3440-KR-N-XXL,kurta,XXL,B081XBQBGF,Shipped,1,INR,435.0,NEW DELHI,DELHI,110087.0,IN,,False,,False
108240,407-7069038-4741143,06-15-22,Shipped - Delivered to Buyer,Merchant,Amazon.in,Standard,JNE3697,JNE3697-KR-S,kurta,S,B09812G7DK,Shipped,1,INR,486.0,HYDERABAD,TELANGANA,500085.0,IN,"Amazon PLCC Free-Financing Universal Merchant AAT-WNKTBO3K27EJC,Amazon PLCC Free-Financing Universal Merchant AAT-QX3UCCJESKPA2,Amazon PLCC Free-Financing Universal Merchant AAT-5QQ7BIYYQEDN2,Amazon PLCC Free-Financing Universal Merchant AAT-DSJ2QRXXWXVMQ,Amazon PLCC Free-Financing Universal Merchant AAT-CXJHMC2YJUK76,Amazon PLCC Free-Financing Universal Merchant AAT-CC4FAVTYR4X7C,Amazon PLCC Free-Financing Universal Merchant AAT-EWAPBB6BDRGM6,Amazon PLCC Free-Financing Universal Merchant AAT-EOKPWFWYW7Y6I,Amazon PLCC Free-Financing Universal Merchant AAT-5SHH3G55USK5C,Amazon PLCC Free-Financing Universal Merchant AAT-5QNBXTEQWGXOW,Amazon PLCC Free-Financing Universal Merchant AAT-BOWEMQBNNNHBK,Amazon PLCC Free-Financing Universal Merchant AAT-SKYXW7T3UZBGO,Amazon PLCC Free-Financing Universal Merchant AAT-ILWGDKTQOJRNA,Amazon PLCC Free-Financing Universal Merchant AAT-ONHQI6RQUNGB6,Amazon PLCC Free-Financing Universal Merchant AAT-BRSZZ45H6MHAO,Amazon PLCC Free-Financing Universal Merchant AAT-MKLXOOZWQL7GO,Amazon PLCC Free-Financing Universal Merchant AAT-CB7UNXEXGIJTC,Amazon PLCC Free-Financing Universal Merchant #MP-gzasho-1593152694811,Amazon PLCC Free-Financing Universal Merchant AAT-WLBA4GZ52EAH4,Amazon PLCC Free-Financing Universal Merchant #MP-pmilan-1601980554292",False,Easy Ship,False
128797,403-9586058-7698734,06-01-22,Shipped,Amazon,Amazon.in,Expedited,JNE3838,JNE3838-KR-XXL,kurta,XXL,B09TH6L9KF,Shipped,1,INR,399.0,CHENNAI,TAMIL NADU,600116.0,IN,IN Core Free Shipping 2015/04/08 23-48-5-108,False,,False
114658,404-2496690-8234734,06-10-22,Cancelled,Merchant,Amazon.in,Standard,JNE3869,JNE3869-DR-S,Western Dress,S,B09RK67Y51,,0,INR,902.86,BELLAMPALLE,TELANGANA,504251.0,IN,,False,Easy Ship,False
125820,402-2034249-1411545,06-03-22,Shipped,Amazon,Amazon.in,Expedited,J0097,J0097-KR-XS,kurta,XS,B08BJSMMBL,Shipped,1,INR,544.0,Ahmedabad,Gujarat,380001.0,IN,,False,,False
125206,404-7763749-6423510,06-03-22,Shipped - Delivered to Buyer,Merchant,Amazon.in,Standard,SET392,SET392-KR-NP-M,Set,M,B09RKFDT7Q,Shipped,1,INR,799.0,NAVI MUMBAI,MAHARASHTRA,400709.0,IN,"Amazon PLCC Free-Financing Universal Merchant AAT-WNKTBO3K27EJC,Amazon PLCC Free-Financing Universal Merchant AAT-QX3UCCJESKPA2,Amazon PLCC Free-Financing Universal Merchant AAT-5QQ7BIYYQEDN2,Amazon PLCC Free-Financing Universal Merchant AAT-DSJ2QRXXWXVMQ,Amazon PLCC Free-Financing Universal Merchant AAT-CXJHMC2YJUK76,Amazon PLCC Free-Financing Universal Merchant AAT-SL3Y2YRMAUNFC,Amazon PLCC Free-Financing Universal Merchant AAT-CC4FAVTYR4X7C,Amazon PLCC Free-Financing Universal Merchant AAT-EWAPBB6BDRGM6,Amazon PLCC Free-Financing Universal Merchant AAT-EOKPWFWYW7Y6I,Amazon PLCC Free-Financing Universal Merchant AAT-NT3ZJJGQ3JK3Q,Amazon PLCC Free-Financing Universal Merchant AAT-AMKH7SAAONETC,Amazon PLCC Free-Financing Universal Merchant AAT-56XNPXK2K7OLI,Amazon PLCC Free-Financing Universal Merchant AAT-Z7SKZOEIDWRU4,Amazon PLCC Free-Financing Universal Merchant AAT-SYBM7O5OQIPGQ,Amazon PLCC Free-Financing Universal Merchant AAT-TNYBHEAO7HOHO,Amazon PLCC Free-Financing Universal Merchant AAT-BRSZZ45H6MHAO,Amazon PLCC Free-Financing Universal Merchant AAT-MKLXOOZWQL7GO,Amazon PLCC Free-Financing Universal Merchant AAT-CB7UNXEXGIJTC,Amazon PLCC Free-Financing Universal Merchant #MP-gzasho-1593152694811,Amazon PLCC Free-Financing Universal Merchant AAT-WLBA4GZ52EAH4,Amazon PLCC Free-Financing Universal Merchant AAT-QMFZ3M7T5NPDS,Amazon PLCC Free-Financing Universal Merchant #MP-pmilan-1601980554292",False,Easy Ship,False
105437,406-1867087-4149924,06-17-22,Shipped,Amazon,Amazon.in,Expedited,JNE3909,JNE3909-KR-S,kurta,S,B0B3MS9VQV,Shipped,1,INR,696.0,PIMPRI CHINCHWAD,MAHARASHTRA,411018.0,IN,VPC-44571-44201770 Coupon,False,,False
124581,402-7555150-7469911,06-04-22,Cancelled,Amazon,Amazon.in,Expedited,J0277,J0277-SKD-M,Set,M,B08QGL6BRP,Unshipped,1,INR,1323.0,Noida,UTTAR PRADESH,201301.0,IN,,False,,False
124913,405-3900080-6013116,06-03-22,Shipped,Amazon,Amazon.in,Expedited,JNE3359,JNE3359-KR-XL,kurta,XL,B07ZYQ1BWH,Shipped,1,INR,390.0,MUMBAI,MAHARASHTRA,400014.0,IN,,False,,False
125576,408-3132144-6266763,06-03-22,Shipped,Amazon,Amazon.in,Expedited,JNE3797,JNE3797-KR-A-M,Western Dress,M,B09TH73PT5,Shipped,1,INR,771.0,THIRUVANANTHAPURAM,KERALA,695002.0,IN,IN Core Free Shipping 2015/04/08 23-48-5-108,False,,False
108354,406-7811069-6155527,06-15-22,Shipped,Amazon,Amazon.in,Expedited,JNE3739,JNE3739-KR-XL,kurta,XL,B099FD3RH8,Shipped,1,INR,441.0,CHENNAI,TAMIL NADU,600073.0,IN,,False,,False
120359,408-8164864-5761129,06-06-22,Shipped,Amazon,Amazon.in,Expedited,SET327,SET327-KR-DPT-S,Set,S,B09PN37FYX,Shipped,1,INR,999.0,HYDERABAD,TELANGANA,500072.0,IN,IN Core Free Shipping 2015/04/08 23-48-5-108,False,,False
122148,407-4334983-8902709,06-05-22,Shipped,Amazon,Amazon.in,Expedited,J0301,J0301-TP-XL,Top,XL,B099S87FTK,Shipped,1,INR,693.0,BENGALURU,KARNATAKA,560034.0,IN,,False,,False
101968,407-5501658-9475539,06-20-22,Shipped - Delivered to Buyer,Merchant,Amazon.in,Standard,JNE3797,JNE3797-KR-A-XXL,Western Dress,XXL,B09TH3MNW7,Shipped,1,INR,725.0,GURUGRAM,HARYANA,122001.0,IN,"Amazon PLCC Free-Financing Universal Merchant AAT-WNKTBO3K27EJC,Amazon PLCC Free-Financing Universal Merchant AAT-QX3UCCJESKPA2,Amazon PLCC Free-Financing Universal Merchant AAT-5QQ7BIYYQEDN2,Amazon PLCC Free-Financing Universal Merchant AAT-DSJ2QRXXWXVMQ,Amazon PLCC Free-Financing Universal Merchant AAT-CXJHMC2YJUK76,Amazon PLCC Free-Financing Universal Merchant AAT-CC4FAVTYR4X7C,Amazon PLCC Free-Financing Universal Merchant AAT-EWAPBB6BDRGM6,Amazon PLCC Free-Financing Universal Merchant AAT-EOKPWFWYW7Y6I,Amazon PLCC Free-Financing Universal Merchant AAT-NT3ZJJGQ3JK3Q,Amazon PLCC Free-Financing Universal Merchant AAT-6XVEGAWJUJYXG,Amazon PLCC Free-Financing Universal Merchant AAT-BOWEMQBNNNHBK,Amazon PLCC Free-Financing Universal Merchant AAT-SKYXW7T3UZBGO,Amazon PLCC Free-Financing Universal Merchant AAT-ONHQI6RQUNGB6,Amazon PLCC Free-Financing Universal Merchant AAT-7L53RVBBSPI3S,Amazon PLCC Free-Financing Universal Merchant AAT-FXGH5APHPAWRQ,Amazon PLCC Free-Financing Universal Merchant AAT-TNYBHEAO7HOHO,Amazon PLCC Free-Financing Universal Merchant AAT-BRSZZ45H6MHAO,Amazon PLCC Free-Financing Universal Merchant AAT-MKLXOOZWQL7GO,Amazon PLCC Free-Financing Universal Merchant AAT-CB7UNXEXGIJTC,Amazon PLCC Free-Financing Universal Merchant #MP-gzasho-1593152694811,Amazon PLCC Free-Financing Universal Merchant AAT-WLBA4GZ52EAH4,Amazon PLCC Free-Financing Universal Merchant AAT-QMFZ3M7T5NPDS,Amazon PLCC Free-Financing Universal Merchant #MP-pmilan-1601980554292",False,Easy Ship,False
115940,403-9033467-8363559,06-09-22,Shipped - Delivered to Buyer,Merchant,Amazon.in,Standard,SET293,SET293-KR-NP-XS,Set,XS,B09K3938KW,Shipped,1,INR,702.0,BENGALURU,KARNATAKA,560037.0,IN,"Amazon PLCC Free-Financing Universal Merchant AAT-WNKTBO3K27EJC,Amazon PLCC Free-Financing Universal Merchant AAT-QX3UCCJESKPA2,Amazon PLCC Free-Financing Universal Merchant AAT-5QQ7BIYYQEDN2,Amazon PLCC Free-Financing Universal Merchant AAT-DSJ2QRXXWXVMQ,Amazon PLCC Free-Financing Universal Merchant AAT-CXJHMC2YJUK76,Amazon PLCC Free-Financing Universal Merchant AAT-SL3Y2YRMAUNFC,Amazon PLCC Free-Financing Universal Merchant AAT-CC4FAVTYR4X7C,Amazon PLCC Free-Financing Universal Merchant AAT-EWAPBB6BDRGM6,Amazon PLCC Free-Financing Universal Merchant AAT-R7GXNZWISTRFA,Amazon PLCC Free-Financing Universal Merchant AAT-EOKPWFWYW7Y6I,Amazon PLCC Free-Financing Universal Merchant AAT-NT3ZJJGQ3JK3Q,Amazon PLCC Free-Financing Universal Merchant AAT-AMKH7SAAONETC,Amazon PLCC Free-Financing Universal Merchant AAT-56XNPXK2K7OLI,Amazon PLCC Free-Financing Universal Merchant AAT-ATCR5763CN6Q6,Amazon PLCC Free-Financing Universal Merchant AAT-6XVEGAWJUJYXG,Amazon PLCC Free-Financing Universal Merchant AAT-ZBCRDPHJI4UDO,Amazon PLCC Free-Financing Universal Merchant AAT-CMBNOJYSQPOPS,Amazon PLCC Free-Financing Universal Merchant AAT-IBN3WODYJ44YC,Amazon PLCC Free-Financing Universal Merchant AAT-W2F65W44TEYES,Amazon PLCC Free-Financing Universal Merchant AAT-ZBGDWJCP6BTLE,Amazon PLCC Free-Financing Universal Merchant AAT-BOWEMQBNNNHBK,Amazon PLCC Free-Financing Universal Merchant AAT-SKYXW7T3UZBGO,Amazon PLCC Free-Financing Universal Merchant AAT-TNYBHEAO7HOHO,Amazon PLCC Free-Financing Universal Merchant AAT-BRSZZ45H6MHAO,Amazon PLCC Free-Financing Universal Merchant AAT-MKLXOOZWQL7GO,Amazon PLCC Free-Financing Universal Merchant AAT-CB7UNXEXGIJTC,Amazon PLCC Free-Financing Universal Merchant #MP-gzasho-1593152694811,Amazon PLCC Free-Financing Universal Merchant AAT-WLBA4GZ52EAH4,Amazon PLCC Free-Financing Universal Merchant AAT-QMFZ3M7T5NPDS,Amazon PLCC Free-Financing Universal Merchant #MP-pmilan-1601980554292",False,Easy Ship,False
118411,406-0942740-0967526,06-08-22,Shipped,Amazon,Amazon.in,Expedited,JNE3564,JNE3564-KR-L,kurta,L,B08MYSZ794,Shipped,1,INR,487.0,BENGALURU,KARNATAKA,560093.0,IN,IN Core Free Shipping 2015/04/08 23-48-5-108,False,,False
102641,406-0430265-6980325,06-19-22,Shipped - Delivered to Buyer,Merchant,Amazon.in,Standard,JNE3807,JNE3807-KR-L,kurta,L,B09RKBM69V,Shipped,1,INR,702.0,Saharsa,BIHAR,852106.0,IN,"Amazon PLCC Free-Financing Universal Merchant AAT-WNKTBO3K27EJC,Amazon PLCC Free-Financing Universal Merchant AAT-QX3UCCJESKPA2,Amazon PLCC Free-Financing Universal Merchant AAT-5QQ7BIYYQEDN2,Amazon PLCC Free-Financing Universal Merchant AAT-DSJ2QRXXWXVMQ,Amazon PLCC Free-Financing Universal Merchant AAT-CXJHMC2YJUK76,Amazon PLCC Free-Financing Universal Merchant AAT-SL3Y2YRMAUNFC,Amazon PLCC Free-Financing Universal Merchant AAT-CC4FAVTYR4X7C,Amazon PLCC Free-Financing Universal Merchant AAT-EWAPBB6BDRGM6,Amazon PLCC Free-Financing Universal Merchant AAT-EOKPWFWYW7Y6I,Amazon PLCC Free-Financing Universal Merchant AAT-5SHH3G55USK5C,Amazon PLCC Free-Financing Universal Merchant AAT-AMKH7SAAONETC,Amazon PLCC Free-Financing Universal Merchant AAT-56XNPXK2K7OLI,Amazon PLCC Free-Financing Universal Merchant AAT-BOWEMQBNNNHBK,Amazon PLCC Free-Financing Universal Merchant AAT-SKYXW7T3UZBGO,Amazon PLCC Free-Financing Universal Merchant AAT-ONHQI6RQUNGB6,Amazon PLCC Free-Financing Universal Merchant AAT-7L53RVBBSPI3S,Amazon PLCC Free-Financing Universal Merchant AAT-FXGH5APHPAWRQ,Amazon PLCC Free-Financing Universal Merchant AAT-TNYBHEAO7HOHO,Amazon PLCC Free-Financing Universal Merchant AAT-BRSZZ45H6MHAO,Amazon PLCC Free-Financing Universal Merchant AAT-MKLXOOZWQL7GO,Amazon PLCC Free-Financing Universal Merchant AAT-CB7UNXEXGIJTC,Amazon PLCC Free-Financing Universal Merchant #MP-gzasho-1593152694811,Amazon PLCC Free-Financing Universal Merchant AAT-WLBA4GZ52EAH4,Amazon PLCC Free-Financing Universal Merchant AAT-QMFZ3M7T5NPDS,Amazon PLCC Free-Financing Universal Merchant #MP-pmilan-1601980554292",False,Easy Ship,False
128737,408-2135030-0684318,06-01-22,Shipped,Amazon,Amazon.in,Expedited,SET402,SET402-KR-NP-M,Set,M,B09VC5F9KB,Shipped,1,INR,988.0,GURUGRAM,HARYANA,122505.0,IN,IN Core Free Shipping 2015/04/08 23-48-5-108,False,,False
105034,171-1047680-6917928,06-17-22,Shipped - Delivered to Buyer,Merchant,Amazon.in,Standard,JNE3799,JNE3799-KR-XS,kurta,XS,B09SDZ78G5,Shipped,1,INR,626.0,GHAZIABAD,UTTAR PRADESH,201014.0,IN,"Amazon PLCC Free-Financing Universal Merchant AAT-WNKTBO3K27EJC,Amazon PLCC Free-Financing Universal Merchant AAT-QX3UCCJESKPA2,Amazon PLCC Free-Financing Universal Merchant AAT-5QQ7BIYYQEDN2,Amazon PLCC Free-Financing Universal Merchant AAT-DSJ2QRXXWXVMQ,Amazon PLCC Free-Financing Universal Merchant AAT-CXJHMC2YJUK76,Amazon PLCC Free-Financing Universal Merchant AAT-CC4FAVTYR4X7C,Amazon PLCC Free-Financing Universal Merchant AAT-EWAPBB6BDRGM6,Amazon PLCC Free-Financing Universal Merchant AAT-WSJLDN3X7KEMO,Amazon PLCC Free-Financing Universal Merchant AAT-VL6FGQVGQVXUS,Amazon PLCC Free-Financing Universal Merchant AAT-EOKPWFWYW7Y6I,Amazon PLCC Free-Financing Universal Merchant AAT-NT3ZJJGQ3JK3Q,Amazon PLCC Free-Financing Universal Merchant AAT-5SHH3G55USK5C,Amazon PLCC Free-Financing Universal Merchant AAT-6JADQ56W3E2NG,Amazon PLCC Free-Financing Universal Merchant AAT-6XVEGAWJUJYXG,Amazon PLCC Free-Financing Universal Merchant AAT-5QNBXTEQWGXOW,Amazon PLCC Free-Financing Universal Merchant AAT-BOWEMQBNNNHBK,Amazon PLCC Free-Financing Universal Merchant AAT-SKYXW7T3UZBGO,Amazon PLCC Free-Financing Universal Merchant AAT-ONHQI6RQUNGB6,Amazon PLCC Free-Financing Universal Merchant AAT-BRSZZ45H6MHAO,Amazon PLCC Free-Financing Universal Merchant AAT-MKLXOOZWQL7GO,Amazon PLCC Free-Financing Universal Merchant AAT-CB7UNXEXGIJTC,Amazon PLCC Free-Financing Universal Merchant #MP-gzasho-1593152694811,Amazon PLCC Free-Financing Universal Merchant AAT-WLBA4GZ52EAH4",False,Easy Ship,False
118081,403-3549211-9421152,06-08-22,Shipped,Amazon,Amazon.in,Expedited,JNE3399,JNE3399-KR-M,kurta,M,B082W84Q2J,Shipped,1,INR,435.0,Tirur,KERALA,676109.0,IN,,False,,False
104525,408-4611057-3613909,06-18-22,Shipped,Amazon,Amazon.in,Standard,JNE3800,JNE3800-KR-XXL,Western Dress,XXL,B09SDYNZQ5,Shipped,1,INR,0.0,SONIPAT,HARYANA,131001.0,IN,,False,,False
109381,407-5319959-0920343,06-14-22,Shipped,Amazon,Amazon.in,Expedited,JNE3440,JNE3440-KR-N-XXL,kurta,XXL,B081XBQBGF,Shipped,1,INR,435.0,SANGLI MIRAJ KUPWAD,MAHARASHTRA,416416.0,IN,,False,,False
126191,404-2292623-1013939,06-02-22,Cancelled,Amazon,Amazon.in,Expedited,SET278,SET278-KR-NP-M,Set,M,B0983F3BLZ,Cancelled,0,,,allahabad,UTTAR PRADESH,211008.0,IN,,False,,False
110428,406-8692477-9304329,06-13-22,Cancelled,Merchant,Amazon.in,Standard,SET302,SET302-KR-PP-XXXL,Set,3XL,B09RKDPBQV,,0,INR,738.1,Hyderabad,TELANGANA,500091.0,IN,,False,Easy Ship,False
124277,406-3873858-6526710,06-04-22,Shipped,Amazon,Amazon.in,Expedited,JNE3291,JNE3291-KR-M,kurta,M,B07R52578F,Shipped,1,INR,471.0,TIRUCHIRAPPALLI,TAMIL NADU,620008.0,IN,IN Core Free Shipping 2015/04/08 23-48-5-108,False,,False
116472,403-0058757-4698725,06-09-22,Shipped,Amazon,Amazon.in,Expedited,SET357,SET357-KR-NP-XL,Set,XL,B09Y3FNR5D,Shipped,1,INR,771.0,KOLKATA,WEST BENGAL,700023.0,IN,IN Core Free Shipping 2015/04/08 23-48-5-108,False,,False
123796,405-2991800-7474764,06-04-22,Shipped,Amazon,Amazon.in,Expedited,JNE3566,JNE3566-KR-S,kurta,S,B08MXBZ5MT,Shipped,1,INR,368.0,MUMBAI,MAHARASHTRA,400064.0,IN,,False,,False
127720,402-5946770-0235525,06-01-22,Shipped,Amazon,Amazon.in,Expedited,J0342,J0342-TP-L,Top,L,B099S9MMY4,Shipped,1,INR,625.0,THANE,MAHARASHTRA,400607.0,IN,IN Core Free Shipping 2015/04/08 23-48-5-108,False,,False
118334,408-1786522-1978746,06-08-22,Shipped,Amazon,Amazon.in,Expedited,JNE3887,JNE3887-KR-L,kurta,L,B09TZWBRY9,Shipped,1,INR,526.0,KOLKATA,WEST BENGAL,700036.0,IN,IN Core Free Shipping 2015/04/08 23-48-5-108,False,,False
115499,406-7210038-2993160,06-09-22,Shipped,Amazon,Amazon.in,Expedited,J0390,J0390-TP-M,Top,M,B09YYQZYV4,Shipped,1,INR,869.0,MUMBAI,MAHARASHTRA,400092.0,IN,IN Core Free Shipping 2015/04/08 23-48-5-108,False,,False
118267,406-1154874-7097921,06-08-22,Shipped - Delivered to Buyer,Merchant,Amazon.in,Standard,SET293,SET293-KR-NP-S,Set,S,B09K3G4TS6,Shipped,1,INR,702.0,KOLKATA,WEST BENGAL,700046.0,IN,"Amazon PLCC Free-Financing Universal Merchant AAT-WNKTBO3K27EJC,Amazon PLCC Free-Financing Universal Merchant AAT-QX3UCCJESKPA2,Amazon PLCC Free-Financing Universal Merchant AAT-5QQ7BIYYQEDN2,Amazon PLCC Free-Financing Universal Merchant AAT-DSJ2QRXXWXVMQ,Amazon PLCC Free-Financing Universal Merchant AAT-CXJHMC2YJUK76,Amazon PLCC Free-Financing Universal Merchant AAT-CC4FAVTYR4X7C,Amazon PLCC Free-Financing Universal Merchant AAT-EWAPBB6BDRGM6,Amazon PLCC Free-Financing Universal Merchant AAT-EOKPWFWYW7Y6I,Amazon PLCC Free-Financing Universal Merchant AAT-NT3ZJJGQ3JK3Q,Amazon PLCC Free-Financing Universal Merchant AAT-5SHH3G55USK5C,Amazon PLCC Free-Financing Universal Merchant AAT-6XVEGAWJUJYXG,Amazon PLCC Free-Financing Universal Merchant AAT-5QNBXTEQWGXOW,Amazon PLCC Free-Financing Universal Merchant AAT-ZBCRDPHJI4UDO,Amazon PLCC Free-Financing Universal Merchant AAT-CMBNOJYSQPOPS,Amazon PLCC Free-Financing Universal Merchant AAT-IBN3WODYJ44YC,Amazon PLCC Free-Financing Universal Merchant AAT-W2F65W44TEYES,Amazon PLCC Free-Financing Universal Merchant AAT-ZBGDWJCP6BTLE,Amazon PLCC Free-Financing Universal Merchant AAT-BRSZZ45H6MHAO,Amazon PLCC Free-Financing Universal Merchant AAT-MKLXOOZWQL7GO,Amazon PLCC Free-Financing Universal Merchant AAT-CB7UNXEXGIJTC,Amazon PLCC Free-Financing Universal Merchant #MP-gzasho-1593152694811,Amazon PLCC Free-Financing Universal Merchant AAT-WLBA4GZ52EAH4,Amazon PLCC Free-Financing Universal Merchant #MP-pmilan-1601980554292",False,Easy Ship,False
119114,407-3376280-9983545,06-07-22,Shipped,Amazon,Amazon.in,Expedited,J0349,J0349-SET-L,Set,L,B099NMQR6C,Shipped,1,INR,845.0,Churachandpur,MANIPUR,795128.0,IN,IN Core Free Shipping 2015/04/08 23-48-5-108,False,,False
104336,408-4080397-4117940,06-18-22,Cancelled,Amazon,Amazon.in,Expedited,JNE3888,JNE3888-KR-L,kurta,L,B09Y26YFJ4,Cancelled,0,,,KOTTAYAM,KERALA,686006.0,IN,,False,,False
116208,171-2956740-4085933,06-09-22,Shipped,Amazon,Amazon.in,Expedited,JNE3571,JNE3571-KR-XXL,kurta,XXL,B08MXCJC5Z,Shipped,1,INR,487.0,Thane,MAHARASHTRA,421004.0,IN,,False,,False
126937,408-9424655-6036366,06-02-22,Shipped,Amazon,Amazon.in,Expedited,SET278,SET278-KR-NP-XS,Set,XS,B0983DSS8R,Shipped,1,INR,1432.0,SUNDARNAGAR,HIMACHAL PRADESH,175002.0,IN,IN Core Free Shipping 2015/04/08 23-48-5-108,False,,False
120532,404-9907654-7549133,06-06-22,Shipped,Amazon,Amazon.in,Expedited,JNE3506,JNE3506-KR-XL,kurta,XL,B08WPS7TQS,Shipped,1,INR,597.0,MADURAI,TAMIL NADU,625001.0,IN,,False,,False
106235,405-9581198-2731562,06-16-22,Shipped - Delivered to Buyer,Merchant,Amazon.in,Standard,JNE3795,JNE3795-KR-XL,kurta,XL,B09HMY74F6,Shipped,1,INR,517.0,BENGALURU,KARNATAKA,560102.0,IN,"Amazon PLCC Free-Financing Universal Merchant AAT-WNKTBO3K27EJC,Amazon PLCC Free-Financing Universal Merchant AAT-QX3UCCJESKPA2,Amazon PLCC Free-Financing Universal Merchant AAT-5QQ7BIYYQEDN2,Amazon PLCC Free-Financing Universal Merchant AAT-DSJ2QRXXWXVMQ,Amazon PLCC Free-Financing Universal Merchant AAT-CXJHMC2YJUK76,Amazon PLCC Free-Financing Universal Merchant AAT-CC4FAVTYR4X7C,Amazon PLCC Free-Financing Universal Merchant AAT-EWAPBB6BDRGM6,Amazon PLCC Free-Financing Universal Merchant AAT-WSJLDN3X7KEMO,Amazon PLCC Free-Financing Universal Merchant AAT-VL6FGQVGQVXUS,Amazon PLCC Free-Financing Universal Merchant AAT-EOKPWFWYW7Y6I,Amazon PLCC Free-Financing Universal Merchant AAT-NT3ZJJGQ3JK3Q,Amazon PLCC Free-Financing Universal Merchant AAT-YV4X6QSRBRG62,Amazon PLCC Free-Financing Universal Merchant AAT-6XVEGAWJUJYXG,Amazon PLCC Free-Financing Universal Merchant AAT-BOWEMQBNNNHBK,Amazon PLCC Free-Financing Universal Merchant AAT-SKYXW7T3UZBGO,Amazon PLCC Free-Financing Universal Merchant AAT-ILWGDKTQOJRNA,Amazon PLCC Free-Financing Universal Merchant AAT-ONHQI6RQUNGB6,Amazon PLCC Free-Financing Universal Merchant AAT-BRSZZ45H6MHAO,Amazon PLCC Free-Financing Universal Merchant AAT-MKLXOOZWQL7GO,Amazon PLCC Free-Financing Universal Merchant AAT-CB7UNXEXGIJTC,Amazon PLCC Free-Financing Universal Merchant #MP-gzasho-1593152694811,Amazon PLCC Free-Financing Universal Merchant AAT-WLBA4GZ52EAH4",False,Easy Ship,False
