marketplace	customer_id	review_id	product_id	product_parent	product_title	product_category	star_rating	helpful_votes	total_votes	vine	verified_purchase	review_headline	review_body	review_date
US	52228204	R6JEUXCZYD1LW	B006WXK874	903586425	The Friendly Swede (TM) 23 Items Accessories Bundle Kit for Apple iPod touch 8GB 32GB 64GB (2011 New 4th Generation) 4 4G in Retail Packaging	Mobile_Electronics	5.0	5.0	5.0	N	N	Huge Set, Perfect for Younger Kids and Moderate Use	Really, how can you beat the price on this set. There is no need to reiterate all the stuff that comes with it but it really does. I have to say that you can't expect everything to be in top quality condition. Some of it is mediocre. But everything is pretty good. My daughter has an iPod Touch 4th generation and had a blast going through everything and playing around. She loves swapping out all the cases and using the retractable charging cable. The earbuds are okay, they have some static and don't seem to be too even in each ear so I'm sure they won't last a long time. The fish cable holder is cute and the belt clip holster is what made her the happiest. The styluses are metal and have a cord to keep them plugged into the headphone jack so that you always have one handy. The screen protectors fit but we quickly took them off. My daughter didn't like the feel of them - although that was not the fault of the screen protectors.<br /><br />A note about the cases that did bother my daughter - they were very hard to get on initially but softened up a little with use. However, they are not cut well enough to dock the iPod in a dock and charge it properly. They seem to hold it just a little out of full contact although with some playing around, I was able to get it to sit properly.<br /><br />So for the price, for a younger child or the budget conscious person, this is a set packed with opportunities.<br /><br />I was provided a set for evaluation and review.	2014-04-10
US	42423228	R91HUPZ68UU3Y	B000KKXQO2	346261240	Stereo Wire Harness OEM Ford Explorer 98 99 00 01 (car radio wiring installation parts)	Mobile_Electronics	5.0	0.0	0.0	N	Y	Five Stars	Works fine.	2015-04-07
US	1195910	R1W8JTTB0H7P7N	B00QERR5CY	82850235	iXCC Multi pack Lightning cable	Mobile_Electronics	5.0	0.0	0.0	N	Y	5 stars!	I bought a Two cables,  one for me one for my precious ppl.  We both satisfied, Good Quality and nice price.	2015-08-28
US	669519	R10Q1OVFOCUSW8	B00KW52PGA	724135610	Blueskysea Free Gift Gel Pen + G1W-C G1W PRO Car Dash Camera DVR NTK96650 Chip AR0330 Lens Capacitor Vision No Battery +Rear View Mirror Mount	Mobile_Electronics	5.0	0.0	0.0	N	Y	Satisfied	I use it every day. It's been below zero the past few weeks as low as -15 in w/o windchill in Chicago and It hasn't given me a single problem.	2015-02-26
US	12817092	RKKZ38N40QD8R	B009V8MPFK	449070809	HHI Rubber Quick Clip Case for iPod Nano 7th Generation - Black (Package include a HandHelditems Sketch Stylus Pen)	Mobile_Electronics	5.0	0.0	0.0	N	Y	Perfect	This clip fits perfectly around my nano. It stays in place when running.  I would recommend to anyone that needs a clip.	2013-12-28
US	2414632	R3GWEVXNBW8OIF	B0083004I2	191833098	QQ-Tech® 3rd Gen 4GB Waterproof MP3 Player FM Radio Big LCD Display For Swimming Water Sports (Pink)	Mobile_Electronics	4.0	0.0	0.0	N	Y	it works ...	good product ,the article  its ok ,it works perfectly  ....but my complain is about the color which  wasnt  what  i´d ordered	2013-10-26
US	22215220	R366OXDVMQVQCD	B00MIFQN0G	963359740	Precision Power Black Ice Car Amplifier - 2500 W RMS - 5000 W PMPO - 1 Channel - Class D BA5000.1D	Mobile_Electronics	5.0	7.0	9.0	N	N	Great value amp	Just bought this as an inexpensive replacement for my JL 1000/1v1 amp that died on me. I'm glad I chose this amp! Don't be fooled by the 5000 watt tag they put on it, this amp pushes my two JL audio 13w3v3-4's wired at 2 ohms with about 750watts rms each which is a plenty for those subwoofers. Although it doesn't have as many features to allow you to tune your system as the JL amp does, it certainly does the job. I ran it full tilt on my 25 minute drive to work today and it didn't even break a sweat. Not a warm spot to be found on the thing. Highly recommended for the price.	2015-03-18
US	26668480	R1HERWGIOXROD3	B008R68DFS	423148551	Patazon Black Extension Dock Extender 30pin Adapter for iPod iPhone 4 4S	Mobile_Electronics	4.0	0.0	0.0	N	Y	Works Like a Charm	Works like it should with the LifeProof Cases.  Does not stay on car charging adapter as well as should, but for the price it works perfectly	2013-07-03
US	49988183	R3J2SQH83Y0279	B008R68DFS	423148551	Patazon Black Extension Dock Extender 30pin Adapter for iPod iPhone 4 4S	Mobile_Electronics	5.0	0.0	0.0	N	Y	Does the job!	This product works very well - does exactly what I needed :)	2015-06-27
US	51985064	R312OBPD6YGNS3	B002FP9JIC	224727870	Minisuit PURPLE BUBBLE Transparent Silicone Case Skin Protector Cover for Apple iPod Touch 2 2G 2nd Generation 8GB 16GB 32GB and Free Screen Protector-Many Colors Available	Mobile_Electronics	5.0	0.0	0.0	N	Y	Stylish cover	I live in a house full of boys so I'm always looking for something stylish to keep my stuff separate from the boys' stuff.  This was perfect.	2014-02-03
US	14760657	R3IZVZ16FRH2QM	B00DR3NI4C	533016143	eForCity Black Hard / White and Black Zebra Skin Hybrid Case with FREE Reusable Screen Protector compatible with Apple iPod touch 4th Generation	Mobile_Electronics	5.0	0.0	0.0	N	Y	So Cute	Cheap, fits perfectly, and the charge and headphones go in no problem. The buttons are easy to press and I love how there is a protecter for the changer and headphone jack to prevent dust from going in. And it fits in my back pocket nicely.	2013-10-19
US	25718528	R1M41X2FH3EQ6K	B00F4HLIMS	820274070	Axess PB2704 Blue Portable Boombox MP3/CD Player with Text Display,with AM/FM Stereo, USB/SD/MMC/AUX Inputs	Mobile_Electronics	4.0	12.0	13.0	N	Y	great radio for the price	Great sound, digital radio tuning would be nice, also being able to record from the cd to the usb or sd card but for the price it is a nice unit	2014-01-07
US	12983063	RVZFZGSBG79VZ	B00FH1C4N8	108067507	The Komando Dual Lens Dash Cam	Mobile_Electronics	4.0	0.0	0.0	N	Y	Great for recording while we drive	Great for recording while we drive.  But, the directions tell you not to let it get hot.  Um, it is black and placed in the windshield.  It DOES get hot!  The cable to plug in to the cigarette lighter cannot be plugged in while it is in your hands.  It must be plugged in while mounted on the bracket.  Unless you want to remove it from the windshield every time you need to plug it in to the cam, you have to struggle to get it plugged in!  Very awkward.	2015-05-26
US	20132800	R34BGFRXCC5PAD	B00KW3XNUE	219920841	Magicfly Wireless RF Item Locator Key Finder 1 RF Transmitter and 6 Receivers	Mobile_Electronics	4.0	0.0	0.0	N	Y	The idea is good but it is not very useful	This is an very interesting product. The idea is good but it is not very useful. I used it twice in the last two months.	2015-08-10
US	37399749	R1AGX5T03PUSNY	B00BQZWWKY	783617784	XYUN TM Apple iPod Touch 5 Generation Case	Mobile_Electronics	5.0	0.0	0.0	N	Y	Five Stars	Love it but it took for ever to get here	2014-12-16
US	14195295	R3M9N38LU96I0H	B00H3E5I3U	339204205	IBrightspot 8GB(3th Gen) Black 1.8'' Screen MP4/MP3 Player Media/Music/Audio Player with FM Radio	Mobile_Electronics	2.0	0.0	0.0	N	Y	Disappointed.	Disappointed in the instructions on how the unit operates.	2014-07-12
US	20511469	R2P12C6WZ35407	B00KB948B2	631704392	Mini 0803 With GPS Logger | Ships from USA | Ambarella A7LA50D Chipset 5M pixel CMOS Car DVR Recorder + High Resolution Full HD 1296P 30 FPS, G-sensor License Plate + 143 Degree Wide Angle View + GPS Logger	Mobile_Electronics	5.0	0.0	0.0	N	Y	This is an awesome cam == all the people talking about summer heat ...	This is an awesome cam == all the people talking about summer heat swelling the batteries cannot be verified on this one = I leave it in car summer / winter = always works !	2015-01-23
US	12892715	R28OO1QCEW295Q	B00EF3SQAO	651844569	DEH-X6600BT - Pioneer In-Dash CD/MP3/WMA Car Stereo Receiver with Bluetooth, iPhone/iPod USB Support, Android Media Access, and Pandora Ready	Mobile_Electronics	5.0	0.0	1.0	N	N	Great Price For Everything This Receiver Comes with	I have been using this receiver for about a week now. I am honestly pretty impressed with its capabilities compared to my old Sony receiver. The only thing I don't like about it is that this receiver is not very user friendly. I had to toy around with audio adjustments for maybe over an hour to finally get it to where I like it. If you know what all the audio adjustments mean, then that shouldn't be a problem for you. It's very easy to increase the bass, but adjusting the highs was my issue. I listen to a lot of rock and metal, so I didn't want to overwhelm the bass to where I couldn't hear the vocals or guitar.<br /><br />This is definitely a great upgrade. The Bluetooth works great! I like it so much better than the pain in the butt auxiliary cable. It was very easy to set-up the Bluetooth. Now every time I turn on my truck, it automatically connects to my phone if the Bluetooth is on, and my music will start playing even without touching my phone (Galaxy SIII). The only thing I don't like about that, though, is that the song will start over from the beginning instead of playing where it left off. That makes me tempted to change the song so i don't have to hear the beginning again. Also, if you're wondering how far the Bluetooth reaches from the receiver before it starts not wanting to read your phone, I calculated it to be about 5-6 feet from the receiver.<br /><br />The light effect is pretty cool as well if you're also wondering. You can keep the lights one color of your choice, or you can have it scan through all of the colors for a light-changing effect while you're driving. Or you can also make the lights change color quickly if you're really in a party mode!<br /><br />Overall; Great product. I have now officially made myself a Pioneer fan. Any of my future vehicles, or friends' vehicles will now be recommended Pioneer product. I hope this review helps, because it would have helped me in my decision to decide on this thing before I spent an hour researchingit.	2014-03-25
US	2101956	R1PSL5GVPDHMIE	B00RWKKNEE	908627034	Combo Fender Roller Tool Lip Rolling Extending Extend Tools w/1500W Heat Gun	Mobile_Electronics	1.0	0.0	1.0	N	Y	The fender roller was dirty and threads were disappearing	Arrived and was clearly used and damaged. The heat gun did not work. The fender roller was dirty and threads were disappearing. Requested return slip a month ago but still have not retrieved it.	2015-02-24
US	41952575	R1I4DM8UFIQBLI	B00HWZGFAA	953244747	BoxWave BlueBridge Wireless Bluetooth Car Stereo Audio Adapter/Receiver (3.5mm Aux Input Jack) for Hands Free Music Streaming or Calling for All Apple, Samsung, Android Smartphones, Tablets, MP3 Players and More!	Mobile_Electronics	5.0	0.0	1.0	N	Y	Five Stars	Awesome!	2015-03-02
US	3129350	R3QPL7EHHIHMRC	B00HTRSACC	394350715	SAKAR SpongeBob SquarePants CD Boombox with AM/FM Radio 56062	Mobile_Electronics	5.0	0.0	0.0	N	Y	Five Stars	Very nice	2015-05-27
US	11580001	R19JR6M13ZTO65	B00MTA91EK	952141489	Nebula Galaxy Space Cheshire Cat Hardshell Cover Case for iPod Touch 5, 5G (5th Generation)	Mobile_Electronics	5.0	0.0	0.0	N	Y	Five Stars	My granddaughter was very happy to receive this for Christmas, she immediately put it on her iPod  :)	2015-01-14
US	29671204	R11OMSRL0TYAC6	B008RV3DEY	371839803	New Uncut Blank Transponder Ignition Key for Toyota Avalon Camry Corolla Rav4 Tundra Yaris Matrix Solara (Chip #4d-67)	Mobile_Electronics	1.0	0.0	0.0	N	Y	Cheap s***. Will probably break when you unlock your car.	These keys have some cheap-ass plastic grips. The plastic was already separating. Then, when I took them to the automotive locksmith for cutting and programming, he said that there wasn't any transponder detected within the key.    Better off checking ebay. Found some on there for $12.50. Rubber grip. Higher quality.	2015-08-18
US	23215993	R34VW90X4QT00Q	B00HNHNOHE	940143542	"LT Sport serial#3C-71 for BLACK 3""/76mm SHORT ANTENNA CARBON FIBER RADIO SCREW TYPE"	Mobile_Electronics	5.0	0.0	0.0	N	Y	Five Stars	Replaced the antenna on my Dodge Nitro to have better clearance for roof top carriers. Perfect fit and reception.	2015-01-24
US	7300347	R24KDFFYYRQBD1	B00OZ8UNFK	276886424	"Orange ""Protective Decal Skin"" for Otterbox Defender iPod Touch 5th Generation Case"	Mobile_Electronics	5.0	0.0	0.0	N	N	the best case	It is very protective	2015-02-15
US	47526608	R2RB1KXZOLV9SA	B00KXDK1KS	527103354	Garmin nüvi 3490LMT 4.3-Inch Portable GPS Navigator with Lifetime Maps and Traffic with GPS Travel Case Bundle	Mobile_Electronics	5.0	0.0	0.0	N	N	Very happy with our purchase	Very happy with our purchase!  It has been reliable and easy to use.  I didn't think we'd find the lane-assist feature helpful but we have found it to be very helpful as we approach a lane change.  I like using a Garmin instead of just using the GPS on my iphone.  I would definitely recommend this to others!	2014-08-19
US	14550709	R2HGTYVU3N29UY	B001J5X1BK	632208609	Premium Black Leather Case with Belt Clip for iPod Touch 2G	Mobile_Electronics	4.0	0.0	0.0	N	Y	Sturdy case for the gym	The case with a clip is perfect for keeping the ipod in place when I am at the gym. It is very sturdy and the clip is strong.	2013-11-07
US	29359514	R4DRJBMNNTKVF	B005T5HQ8A	462665119	WAGO 0285-0635 TERMINAL BLOCK, DIN RAIL, 2POS, 8-2AWG	Mobile_Electronics	1.0	0.0	0.0	N	N	These WAGO terminal blocks are garbage!	I replaced about 250 of these in a Chinese-built drilling rig.  They are unreliable, don't hold the wires correctly, are subject to failure when under vibration...  Unless price is a huge issue, the Phoenix Contact or Allen Bradley terminal blocks are far better.	2014-06-28
US	3897017	R3BOTCPULE505I	B00COE5ISO	971774569	Mini Metal Clip Mp3 Player Supports up to 8gb Tf Card/micro Sd Card Play Time 5-6 Hours,support Mp3 Format (Without Card Reader, Blue)	Mobile_Electronics	1.0	0.0	0.0	N	Y	Something you should not buy	This junk dosent work dont but it people listen to me i am begging you this Sony let me put music on it	2014-01-29
US	12386725	R2CQ7KEG53NSVG	B00F3JZRK6	464536586	"(3pc Cables) - Apple Sync USB Cable Charger Lightning to USB for iPhone 5, iPod & iPad 4, ""The New iPad Air"" and iPad Mini with Retina Display - EXTRA SMALL (5-Inch Only) - WHITE"	Mobile_Electronics	1.0	2.0	8.0	N	Y	No good	They don't work with the 5s. Such a waste. So much for certified cords. I would have been better off at the apple store.	2014-04-20
US	7087556	R1S92ET1NWXOKF	B003VMWCK0	47345454	iGadgitz Black Genuine Leather Book Style Case Cover for Sony Portable Digital eReader PRS-300	Mobile_Electronics	5.0	0.0	0.0	N	Y	Perfect.	Great buy for an older device. Hard to find accessories for this ereader  because it is and older model. Very satisfied	2014-02-12
US	43242688	RL3850AM2A05X	B005F79FAO	815775504	Bundle Monster Barnes & Noble Nook Touch Genuine Leather Case Cover - Purple	Mobile_Electronics	5.0	0.0	0.0	N	N	Five Stars	Loved the color	2014-09-22
US	33909770	R2D08E646ND6MS	B009WQQYG2	434298526	MP3 Player	Mobile_Electronics	3.0	0.0	0.0	N	Y	Easy transaction but product has unresolved defect.	Good price, and seller sought feedback. Unfortunately, the unit has a connection issue that causes sound to cut in and out unless the connection is kept carefully in one position.  I exchanged a few emails with seller about it but nothing got resolved so I can't really endorse the product or experience although no one has been a jersey about anything.	2015-06-05
US	11368852	R2QIQLBYDK37AF	B0047JXGP6	885705795	APPLE IPOD TOUCH 4TH GENERATION SUPER SLIM FIT CRYSTAL BACK COVER CASE - SMOKE BLACK WITH 6 SCREEN PROTECTORS and 1 STYLUS	Mobile_Electronics	5.0	0.0	0.0	N	Y	Five Stars	Love my iPod touch. Use it probably 5 days a week. Great device.	2015-06-30
US	4809786	R110OODOR932AB	B007ZWV7AI	672286117	"New 2"" 52mm Car Motor Tachometer Tacho RPM Indicator Pointer Gauge Universal"	Mobile_Electronics	1.0	1.0	1.0	N	N	expected	installed fine worked good for 2 months. now only thing that works one of the lights cheap crap cheap crap filler filler	2014-01-10
US	46124738	R3C9D6T01I1M4N	B00M69QUZW	768913674	Bluetooth Speakers Dylan Cocoon Portable Bluetooth Speakers with Nfc, Wireless Speaker System / Portable Speakers with 1800mah Li-ion Battery, Ultra Bass Booster, Powerful Crystal-clear Sound, Subwoofer Sound Effect / Built in Mic for Calls / for Smart Phones and Tablets / Laptops / Pc Computers / Mp3 Players (Orange)	Mobile_Electronics	5.0	1.0	2.0	N	Y	Its a really good looking speaker	Its a really good looking speaker ! I primarily bought it because I went on a trip to the mountains (currently still here). I didn't want to be without music :).<br /><br />I love the design! The only thing<br />thing that I didn't like was the switch to power on the speaker I would have preferred a button instead, but that's just personal preference).<br /><br />On the plus side, it recharges via micro USB. Which I like since I can use the same cable to charge the speaker that I would use to charge my phone.<br /><br />I think its a great investment for the value since I paid around 40 bucks for a  pretty loud,  long lasting speaker!	2014-11-08
US	13980723	R2EU1BZ3KH5W6P	B0013OJU62	638086745	Tune Belt Deluxe CD Player/Walkman Holder - Black	Mobile_Electronics	1.0	1.0	3.0	N	Y	Wow, this item just stinks -- literally!	There's just no other way to put it.  The thing smells so bad that I ran it through a wash cycle, which diminished the odor not one bit.  I suspect it's a function of its having been recycled, but whatever the reason, it's impossible to inhale in its general vicinity.  For now, I've exiled it to a basement storage bin but it's destined for my next Goodwill run... as soon as I figure out how to transport it without its polluting my car interior, that is.	2013-06-29
US	2715493	R2N4F52AVKGB64	B0071U6Y2A	558854330	eForCity Leather Case with Stand for Barnes and Noble Nook Color, Green	Mobile_Electronics	3.0	0.0	0.0	N	Y	Not Bad	For the price this is a great deal, but the case is very cheaply made. The stand is somewhat weak but it does hold. I love the color, and the case came to me quickly. Overall, I was satisfied with this case.	2013-11-04
US	19142553	R1IORWXUOMQ6EY	B00AIE4KCC	823313271	7 Inch 2 Din Car DVD Player for KIA SORENTO(2010-2012),DVD/GPS Navigation/RDS/IPOD/Bluetooth/Stereo/Analog TV/Rear Reviewing/Steering Wheel Control/PIP/Touchscreen Function	Mobile_Electronics	1.0	0.0	0.0	N	Y	Terrible Product. Poor Quality	You need to get a separate antenna for the analog tv to work and the supplier is no very helpful with this. The DVD player stopped working after 1 month and the audio quality is poor. I have thrown it into the garbage bin and wouldn't advice my enemy to buy.	2013-08-03
US	50754035	RXVKPGEABIHD	B0084WKVO6	433162551	Kenwood eXcelon P-XW1000B 10” 1000 Watt Shallow Mount Subwoofer And Carpeted Subwoofer Enclosure	Mobile_Electronics	5.0	0.0	0.0	N	N	Oh yes!	I have two of these in the trunk of my 2005 Miata. They are quite small and hit hard. Very Very good quality. Much better than I ever thought I could get from this small of a sized box. This is Excellent for adding a small amount of bass to your stereo or a lot for crazy sound. I just wish they made these in a 12&#34; version.............. just because too much is not enough.<br /><br />Seriously though. One of these in the trunk of the Miata gives me so much bass that it is noticeable at 80MPH with the top down. Just love it!	2015-03-15
US	41414705	RKC4L68T942IL	B00GBVN5TA	520421931	Multicolor Optional ipod 4 Cute 3d Despicable Me Silicone Gel Case Cover for ipod Touch 4th Generation (Color 12)	Mobile_Electronics	5.0	1.0	1.0	N	Y	Looks Great!	This item just arrived and it is really cute and the little pen that came with it is adorable!! It arrived in good shape from China and is just as it appears on the screen. It appears to be high quality and is thick silicone. The colors were bright and there wasn't any problems with colors being outside &#34;the lines&#34; like I was affraid of. Again...just really cute and great qualitiy for the price!!	2013-11-19
US	23802804	R151I4VJU91W0I	B00AI5UOJ4	909455682	OontZ Angle Bluetooth Speaker [FIRST GENERATION] Ultra Portable Wireless with Built in Mic up to 10 Hour Playtime works with iPhone iPad tablet Samsung and smart phones - Green Grille	Mobile_Electronics	5.0	0.0	0.0	N	Y	Five Stars	Sinks very easy and sound great for an inexpensive speaker	2014-10-24
US	14807220	R1BDWSOJRYIPWD	B00TPBG4QE	880923402	iPod 5 case,iPod Touch 5 case,ULAK [Knox Armor Series] [Heavy Duty] Dual Layer Hybrid Protective Case and Impact Resistant Bumper for Apple iPod Touch 5th Gen (Rose Pink)	Mobile_Electronics	5.0	0.0	0.0	N	Y	I really like it.	The case is exactly as described. I really like it.	2015-04-07
US	49377858	R1M7IJTQWWILIQ	B00GNF9A7A	947776367	"Happy eReader Stand with Personality by Book Beanie in ""Pink Wildflowers"" (Fits All eBooks and Tablets)"	Mobile_Electronics	5.0	0.0	0.0	N	Y	Happy eReader Stand with Personality by Book Beanie in Pink Wildflowers	I just love this thing it holds my kindle fire e reader an my kindle keyboard it makes you want to laugh every time you use it .I would recommend it to every one who has a e reader the price is a little high but he dose make you smile an the shipping was fast thank you for the product.	2014-01-12
US	11121880	R95HCSJDV45XA	B00C2BE1PA	445176480	LCQ-1 Gray - Audiocontrol 6-Channel Equalizer with Line-output Converter	Mobile_Electronics	5.0	0.0	0.0	N	Y	love it	This item is awesome with proper tuning of both this and amp I have never hear a clearer sound come out my speakers. Plus was fairly easy install	2014-06-27
US	24526514	R34BGHAAF2K4K9	B003UCESP8	204055479	FiiO L3 Line Out Dock (LOD) Cable For iPod and iPhone	Mobile_Electronics	5.0	0.0	0.0	N	Y	Good price, works fine	You will need this cable to connect anything using a 3.5 mm input to an Apple product with its proprietary connector.  The price was good and it works fine. I am now using a really nice non-FiiO headphone amp using this product.	2013-11-26
US	32582040	R2MDJXGXV4FVUC	B007FM1U46	171655695	010-10987-03 Replacement Battery for Garmin Nuvi 850, 860, 860T, 880, 885T GPS Navigators – UpStart Battery brand with Lifetime Warranty	Mobile_Electronics	1.0	0.0	0.0	N	N	One Star	This battery would not work in my 855 nuvi.  It just keeps rebooting.  Do not purchase this battery.	2015-01-31
US	28447302	R7ZEJ7QDP59W5	B00C4Q0DS2	786500696	5 Kit 3 Pin Way Waterproof Electrical Wire Connector Plug	Mobile_Electronics	5.0	0.0	0.0	N	N	Five Stars	Great product	2014-08-22
US	40082926	R1RZOM00Q9FU9C	B00HRLCBRA	890570891	Koomus Universal Headrest Mount Holder Cradle for tablets, iPad, iPad mini, Samsung Galaxy Tab, Galaxy Note 2, Note 3, Microsoft Surface	Mobile_Electronics	3.0	1.0	1.0	N	N	Three Stars	Not as sturdy as I thought.	2014-07-29
US	16928238	R1P638I14ONL40	B00AU5UAIM	750758459	Lowrance Elite-7X Fishfinder with 50/200-455/800 KHz Transom Mount Transducer	Mobile_Electronics	4.0	13.0	15.0	N	Y	Bass guys- Don't get the 50/200, you need the 83/200	I have not used this yet, but I want to make every Bass/freshwater angler aware  - DO NOT order this specific unit with the transducer 50/200-455/800. This Transducer is for offshore fishing. the Transducer is about the size of your foot and can not be mounted on a trolling motor. Get the model with the transducer that is 83/200-455/800. You'll thank me later!	2014-12-29
US	46160493	R3M5Q635XSGJBC	B009PNXZFA	808084969	SanDisk Sansa Clip+ 8 GB MP3 Player (Black) - Manufacturer Refurbished	Mobile_Electronics	1.0	0.0	0.0	N	Y	I hate I got a refurb player	I hate I got a refurb player .it want hold about 5 hours of playing time .the plug in want hold in the earbuds. I like the size only	2014-09-14
US	21867147	R1PDDHW20PG55C	B0051IRHD4	17548793	"HERTZ HCX 165 6.5"" 2-Way Hi-Energy Coaxial Speakers HCX165"	Mobile_Electronics	5.0	18.0	21.0	N	Y	Amazing sound quality!	Put these speakers in the fairing of my Road Glide and all I can say is HOLY CRAP!!!!  These speakers and unbelievably loud and crisp sounding.  Pair them with a clean powerful amp and you will not be disappointed.	2013-12-11
US	6486848	R30PPEA1ZYA7KK	B00MJCDPM2	754171872	Sentey LS-4460 B-Trek S8 Bluetooth Portable Stereo Speaker (Black)	Mobile_Electronics	5.0	2.0	3.0	N	N	Jamming To This Speaker!!	I have had other Bluetooth speakers before. They were pretty good. I thought I was listening to great sound until I received Sentey B-treck S8 Bluetooth Speaker! It has been simply amazing from the time opened it! The speaker comes with a USB cord for charging. It will need an adapter be plugged into a wall or just plug it into your computer. The AUX cord will allow you to plug your phone (also will plug in a laptop) into it. However, why use that when it has Bluetooth compatibility!?!? It comes with a nice black pouch to hold it. It fits snug in it with both cords.<br /><br />The speaker itself is high quality. It has a soft rubber feel which is unique. The speakers go all around it unlike the ones I've had in the past. It doesn't have any buttons to operate. The speaker is touch sensitive. There is a power switch on the back along with USB and AUX cords slots. What surprised me the most? The sound quality is unlike no other! It is ridiculously loud! When listening through wireless connection, it will blow you out of the room with the sound. It lets you know when you have reached top sound by a simple beep. The sound is crystal clear. You can call and receive phone calls from it,too. As always, you can skip or go back to any music while playing just a touch of the top touch sensitive key. They do have a slight delay, but it's not enough to worry over. This has been one of my favorite speakers from the beginning of tearing it out of the packaging after receiving it with a discount. It has made my music experience a lot better. I am going to be enjoying it with times to come!	2015-07-01
US	20741758	R1OAEJLPCUPPRC	B00166G81M	776321291	2-Port USB Car Charger Adapter	Mobile_Electronics	2.0	0.0	0.0	N	Y	worked for a while	This USB worked for a while, but stopped working after a little while. It wasn't that expensive, but I wouldn't recommend this product.	2013-12-19
US	19080075	R1EM69KEF4D3XA	B00IVDIT88	287675826	Moonet Connect IPhone 5 Iphone 6 6 plus 3.5mm Audio Input Auxillary Aux Adapter For Volkswagen VW Beetle Golf Jetta Passat Polo T5	Mobile_Electronics	1.0	1.0	2.0	N	Y	Works.  Sort of....	Works.  But says cd error a lot.  Spend a little more and get a radio with usb or bluetooth	2015-01-22
US	34507508	R31VKO85F83KCZ	B00658CJRS	496469544	Black Zebra Striped Case for Apple iPod Touch 4G (4th Generation)	Mobile_Electronics	3.0	0.0	0.0	N	Y	It's cute but not as sturdy for the price.	I got this for my daughter because she wanted something easier to slide into her pocket (her other case was rubbery and more bulky). This was fit the bill, but it almost seems like an anti-case..it seems to hardly be protecting her itouch at all. It looks cute, and it slides in nice, but it's cheaply made...plastic around the volume controls broke off in a couple days because it's just thin, and it's not going to be as sturdy as most cases should be for kids running around with electronics these days.	2013-07-09
US	29443744	R6HAJEYE32YOH	B0010ZPI10	509071376	Listen Up Personal Sound Amplifier	Mobile_Electronics	2.0	2.0	2.0	N	Y	Get real hearing aids from a professional	Not the best quality and he won't use it so a waste of money. He says it has to be in a certain position to work and the sound is not quite clear.	2014-07-02
US	20739389	R3MWMSLRLXOE3P	B00BKNPD1W	968854135	360 Degree Rotating Cover Case for Samsung Galaxy Tab 2 7.0 7-inch Tablet, Purple with Multi-angle Stand Sheath with Screen Protector and Stylus Bundle	Mobile_Electronics	5.0	0.0	0.0	N	Y	Great Item	The lady loved it. Great present. She loved the color and the design of this product. I like the material it is made out of.	2013-08-31
US	17850514	R1XJ2CXVGDZ8XX	B0002BBQMI	286340185	Capacitor Substitution Box Kit	Mobile_Electronics	5.0	1.0	2.0	N	Y	Fun	Fun project. The price was right. Now, I just need to find a use for It. I would buy again.	2013-10-06
US	1299557	RPN69G0NNW405	B00MUNR2CY	782309269	Violin Design Car Air Freshener Perfume (Blue)	Mobile_Electronics	1.0	0.0	0.0	N	Y	One Star	Break	2015-01-01
US	784865	R2KLEG5RUCWJ24	B00LFF1ECC	925345361	"Black 7"" 7 Inch Hard GPS Carrying Pouch Cover Case for 7"" Garmin 2797lmt, Dezl 760lmt, Magellan Roadmate 9250t-lmb, 9165t-lm Rv, 1700-lm"	Mobile_Electronics	3.0	0.0	0.0	N	Y	Three Stars	Works great	2015-06-16
US	24486730	R35719XVQCENKT	B00517D45U	58323096	Green Case for Apple iPod Touch 2G, 3G (2nd & 3rd Generation)	Mobile_Electronics	4.0	0.0	0.0	N	Y	fits great	fit great.  finish is starting to come off. But still protects great.	2015-08-19
US	38676110	R2R7QBJ2W3GABN	B00DO7SEAY	984789332	Ivation Super-Sound Mini Wireless Portable Bluetooth Speaker Pod - With built in Micro SD-Card Slot & AUX Port for Versatile Flexibility - Plays MP3 Music from a Micro SD-Card - Built In Rechargeable Lithium Battery	Mobile_Electronics	4.0	0.0	0.0	N	N	Solid Buy! READ THE INSTRUCTIONS	Bit odd with the controls and it seems to charge endlessly (red light never turns off) but sounds great and has a good battery life so, cant really complain!	2014-10-11
US	25694113	R3R0K3F34X61U3	B00I3CNK4A	289266217	G.G.Martinsen 32 GB Mini Usb Port Slim Small Mp4Player , Mp3 Player , Video Player , FM Radio , PhotoViewer , E-book Reader , Voice Recorder-Blue	Mobile_Electronics	5.0	0.0	0.0	N	Y	Small and convenient	Just what I wanted.  Small and lightweight.  Perfect for the gym or a run.  Adjustable storage, just change the micro SD card.	2014-03-18
US	10111356	R2XPS34YGY69XB	B005B0DSQC	518504738	Black Neoprene Protective Exercise Workout Armband for Sprint NEW HTC EVO 3D + SumacLife TM Wisdom Couarge Wristband	Mobile_Electronics	5.0	0.0	0.0	N	Y	Great for running	This product is great for your running.<br /><br />Fits an HTC EVO 3D very well even with an extended battery that makes the phone a bit thicker.<br />The plastic see-through cover works because you can still swipe and tap the screen like there's nothing.<br />The strap is two-fold... there's an extension strap for people with bigger biceps (or would like to strap it into their legs, perhaps?) and you can remove the extension if your arms aren't that big.<br />If you strap it well, it shouldn't fall off your arm on a regular walking, jogging or running motions (Doing parkur? You might need to tighten it a bit then, but that will restrict blood flow to your arms.)<br />The construction is very durable and it will stand the test of time.<br /><br />(I recommend Runtastic for android app when you're running. It's quite great).	2014-01-30
US	1710283	R224WMCO3HH8GK	B00GPU5OH8	550873403	Lightahead® New Third generation Colorful Diamond Dancing Water Speaker Enhanced quality & features 2 in1 USB with Volume & other Controls LED Lamp (Black)	Mobile_Electronics	5.0	1.0	1.0	N	N	WOW!!!!	This was the biggest and most pleasant surprise.  I did read the reviews but none of them beat the real experience. Takes me right back to my teens! And how I appreciate that! Miles ahead of the description. On the practical side - sturdy, functions well, arrived well packed and it's a treat for the eyes and ears. VERY happy with this purchase! Recommend to all!	2014-11-21
US	2621531	RB6EXZI079V4E	B00F5IMTPG	381370140	Bose SoundLink Mini Bluetooth Speaker with Soft Cover Bundle (Blue)	Mobile_Electronics	5.0	0.0	0.0	N	Y	Quality sound is just Great.	Awsome product but it could he a little louder.	2015-01-22
US	32842139	RVM0TS00C7MMQ	B00DDW2JG0	382222732	2 Pack HMDX HX-P240YL Jam Plus Portable Speaker - Allows You To Pair A 2nd JAM Plus Speaker For True Stereo Sound (Yellow) + FREE Bonus Photive 2600mAh Portable Battery Charger Power - Allows You To Charge Your Speakers or Phone On The Go	Mobile_Electronics	5.0	0.0	0.0	N	Y	Easy to pair in stereo	Easy to pair in stereo, and stereo is much nicer than one speaker. Base is okay for small portable speakers, but won't give you much thump, if that's what you want.	2014-10-20
US	17044011	R3DM4XQDF2Y4ZK	B00AZMHQY6	565007002	"6 Foot (2 Meter) White Lifestyle Accessory brand Wall Charger set for iPhone 5, iPhone 5G, iPod Touch 5, iPod Nano 7, iPad 4, and iPad Mini - Includes High Quality Universal 5 Watt Wall Power Adapter + 6'7"" 8-pin Lightning to USB 2.0 Charging Data Sync Cable"	Mobile_Electronics	1.0	0.0	0.0	N	Y	6 Foot (2 Meter) White Lifestyle Accessory brand Wall Charger set	The service and the shipping of the Wall Charger were of five star quality.  My problem is that the charger itself does not seem to charge my I-phone.  The cord is not defective.  It appears only the wall charger is not working.  Who do I contact to arrange for return or replacement of the charger only?	2013-10-28
US	16087923	R358DKCSEG8MF0	B007SXINGK	990156385	Juiced Systems Micro USB & 3.5mm Audio input for iPod docks	Mobile_Electronics	4.0	1.0	2.0	N	Y	Exactly what I need!	I'm using this cord to connect my Sandisk Sansa (w/ RockBox firmware upgrade) to my iSimple FM-Modulated iPod jack.<br /><br />I chose this cord because I still intend to connect my iPod sometimes, and I want it to work as it always has. Now, I just keep this cord coiled up in the door and I'm ready for either MP3 player.<br /><br />Both power and audio come through great w/ this cord. Also, the cord itself feel sturdy and well-engineered. My only complaint is that I feel like I paid more that I'd have liked. Still, it's a great product & I may order another one for my partner as a gift, since he no longer has an iPod, but has an iPod jack in his car.	2013-08-18
US	15666956	R21F5M332ZPHTT	B004K9ZU16	743772791	HandStands GPS Dash Sticky Pad	Mobile_Electronics	5.0	0.0	0.0	N	Y	Good product!	The product works very well.  I was a little concerned since the dash of my Jeep has a mild leather texture, but the pad stays put.  Good product!	2015-03-06
US	7896695	R1GINN7LQEMRFI	B00HZ9YKLO	187743932	2007-2013 Silverado / Sierra Rear View Backup Camera Kit w/ Autodim Onstar Mirror	Mobile_Electronics	4.0	0.0	0.0	N	Y	Four Stars	As good as can be expected for after factory edition, without  a nav screen	2014-12-15
US	35631648	R9MFEZ5GUT1XZ	B0089XL248	912452148	Premium Flexible 10 x Snug / Tight Fit TPU Skins / Cases / Covers for Apple iPod Touch 4 / 4G / 4th Generation	Mobile_Electronics	5.0	0.0	0.0	N	Y	Bundle of colors	My daughter loves that there are so many color choices in this bundle and she can change them to suit her mood!  They are a bit hard to get off but I'd rather that be than for them to fall off!	2013-07-19
US	2652852	RL0IPL3RMQ0PP	B00MGFP7VO	826998260	Mini Coca-Cola tank shape sound box speaker Music speaker	Mobile_Electronics	5.0	0.0	0.0	N	N	Five Stars	Cool	2014-08-15
US	16032468	R3OJAET2D9U4KR	B0092HQIX0	529160227	iXCC ® 2 pcs LONG 6 ft (SIX FEET !) White 8-Pin Lightning Cable	Mobile_Electronics	1.0	0.0	1.0	N	N	bad bad bad	Well one of the cables stopped working within one week.. The other one a month after! !!<br />Look for another cable	2013-09-28
US	34874379	R18HQA2NTPNJ1V	B009XUMFQA	956545058	Pair Mb Quart Fsb216 6.5 150w Car Component Speakers 150 Watt Fsb-216	Mobile_Electronics	5.0	0.0	0.0	N	Y	N/a	Bought these to replace box home theater speakers sounds amazing. Great speakers. Replace two speakers with theses great sound for price.	2013-08-05
US	2386323	R2C8TYADT4ON3M	B006QF22HM	493478489	Excelvan FM Transmitter + Car Charger + Remote Control Compatible with iPhone 4S/4/3GS/3G iPOD	Mobile_Electronics	1.0	0.0	0.0	N	Y	Don't buy.	Extremely staticy. It works in certain parts of the car but is random. It will somewhat work on my dash but not in my lap or in the cup holder.	2014-05-12
US	15289668	R3E5HH9MIIZZJW	B00KW3XNUE	219920841	Magicfly Wireless RF Item Locator Key Finder 1 RF Transmitter and 6 Receivers	Mobile_Electronics	5.0	0.0	0.0	N	Y	Much needed in my house	This works great! I keep it by the front door and use it whenever any of us lose our keys. The beep is loud but not obnoxious. Would definitely reccommend	2015-07-22
US	24863918	RZ95QB2R862Q6	B00MZYMG6K	371445349	PowerBoost X1 2600mAh Premium Portable iPhone Charger Rechargeable Battery With USB To 8-pin Connector Cable (Works with iPhones 5 / 5s / 6) And With USB To Micro USB Cable (Works With Most Android Phones) from Duroplus	Mobile_Electronics	5.0	0.0	0.0	N	N	Perfect Portable Charger!	Love the size,shape, and weight because it's easy to carry in my purse, and is an extra security for when my phone's battery is low.  It's also sturdy and seems like it is durable to last a long time.  It's exactly what I was looking for which is something small that can charge my phone when I'm out and about. Love that I had a choice of colors too!	2014-12-27
US	12257759	R1YVWKTMRQBQRJ	B00O8G1DO4	649028113	Bose SoundLink Color Bluetooth Speaker - Blue - Bundle With SoundLink Color Carry Case	Mobile_Electronics	5.0	0.0	0.0	N	Y	Bose never ceases to amaze. powerful sound for a portable speaker	Bose never ceases to amaze. powerful sound for a portable speaker. Bluetooth is easy to use. bundle came with Bose carrying case, perfect fit, it is lightweight and protects speaker for travel.	2015-04-25
US	11429500	R1NWTPQD9GRPL9	B00NPTPC9C	805925845	"G.G.Martinsen 16 GB Slim 1.78"" LCD Mp3 Mp4 Player Media/Music/Audio Player with accessories-Pink Color"	Mobile_Electronics	1.0	0.0	1.0	N	Y	horrible mp4	This will not let me load anything I bought three and only one works.	2015-01-25
US	11089235	R2RYVZCA5BXWXL	B0077RBEJU	11159830	ME-IPU: i.Trek Adjustable Sun Visor for Garmin Nuvi, TomTom, Magellan, Mio and other navigation GPS with 3.5 to 7 inch screen	Mobile_Electronics	1.0	0.0	0.0	N	Y	Not suitable for 66LMT	Doesn't stay on the GPS	2015-02-13
US	20368686	R2IUKSK8RGU9U	B00H3E5N1C	966620902	IBrightspot 8GB(3th Gen) Red 1.8'' Screen MP4/MP3 Player Media/Music/Audio Player with FM Radio	Mobile_Electronics	1.0	0.0	0.0	N	Y	Doesn't work!	I was so excited to order this but it does not work no matter what we do. We are going to have to send it back unfortunately. It came on time and was boxed fine and all that but it does not play and we have 3 computers in the house that will not recognize it after the songs were downloaded to it. Sad I have to send it back but it never worked at all.	2014-06-18
US	40053159	RJR47F2MKTCUU	B005R492FS	521953433	Te-4101P23 Cell Phone Antenna Signal Booster Repeater Amplifier 1900 MHz with Antenna	Mobile_Electronics	1.0	0.0	1.0	N	Y	JUNK!	This is truly a piece of junk.  The cables are very poorly made, its very hard to set up....like who really has a house that is 75 feet wide???  When we received it one of the cables had no end coupling....we contacted the seller and they sent us another one..which came apart almost before we got it together.  We really wished it worked -- we tried every different location possible and never got more than one bar on our phones.  We are returning it!  Will have to try something else.<br /><br />7-9-14 Update....We did return this item and the seller has returned our money in full...so-- not a high quality product, but then again we did try and get something for as little as possible.  The seller, Slim Sharp was great in trying to help us figure out how to make it work and when it didn't the gave us a full refund -- We rate them a full 5.	2014-06-23
US	12746764	R27D129WZ3HZJJ	B007WO5LF6	987522321	EC TECHNOLOGY? New design Backup External Battery Pack and Charger (Power Bank) with flashlight	Mobile_Electronics	5.0	0.0	0.0	N	Y	Definite must have!	The first time I charged this battery overnight, but when I tried to use it a couple of days later it was dead. Since that time it has been able to recharge my iPhone 5 after 2 weeks of storage! It has been great!  Bigger than a lipstick but a definite must have!  Bought 6 more for family members! They love them too!	2014-02-19
US	12081429	R379MSQUEI4XCP	B00B0XK538	377220376	HDE Music Angel Rechargeable Portable Mini Party Travel Speaker with Micro SD Slot (Blue)	Mobile_Electronics	2.0	11.0	14.0	N	Y	Did not live up to expectations	"I bought this unit as a replacement for a music angel (single speaker)cube I purchased previously.  I was very pleased with the quality and volume of the sound that this little box emmanated,and it served me very well for two full years.  The orignal unit I had was smaller than this version, and only had a single speaker which faced upwards.  I thought the fact that this unit had two seperate speakers would lead to even MORE impressive sound quality, but I was quickly dissapointed by this expectation the first time I used it to play some tunes.  Not only is the sound not as clear as the single speaker cube, it is not nearly as loud either.  Also, the fact that the speakers face in opposite directions makes it frustrating to get the \\""full\\"" sound from the unit.  Either you are facing one speaker towards you, and the other away from you, or the two are perpendicular to you - neither of which configurations leads to a decent sound experience, be it with music, T.V. shows, etc.  There are some folks out there that will invariably say that for the price, I shouldn't be complaining so much, but since I paid less money for a smaller unit that had better sound, was louder, and that even had a longer cord (the lenght of this one is way too short to be practical in some situations), I feel somewhat justified in my gripes."	2013-10-28
US	15874231	RY2J3EB5VENWL	B00DUTKOCM	320395412	Marilyn Monroe Dust Proof Hottest New Arrival Hard Pc Back + Soft TPU Edges Smart Cell Phone Case Cover for Ipod Touch 5g 5th Generation with Retail Packaging	Mobile_Electronics	5.0	0.0	0.0	N	Y	Beautiful Case	This is definitely a eye-catching case.  The colors are rich and vibrant.  My daughter loves this case.  It is her favorite.  It is well worth the money I spent.  I would definitely order another.	2014-02-06
US	15399019	R3GAI6WBPJVBCU	B0054TR5CS	946974959	RND Apple Certified 30-Pin Cable for iPad iPhone iPod (10 feet)	Mobile_Electronics	1.0	0.0	0.0	N	Y	Broke within a week	Don't buy this...unless you want to be purchasing another one right away. This cord just stopped working on all devices with any wall base after 5 or so uses. Terrible!!!	2013-07-24
US	14163497	R2YZG0FSUFVD8H	B00CCLXGV0	896623687	I Need's Blue 3d Hide-seek Stitch & Lilo Ipod Touch 4 Soft Silicone Case Cover with 3d Stitch Stylus Pen for Ipod Touch 4/4g/4th Generation	Mobile_Electronics	5.0	0.0	0.0	N	Y	Really cute.	Bought this for my 9 year old granddaughter; she LOVED it.  It was made well and soft to the touch. When looking at the front  Stitch is looking back at you; very cute.	2014-07-13
US	40693135	R5IF7Q0U1ARB6	B00JAHLMUQ	858106317	Magnetic Magnet Ultra Slim Thin Leather Cover Sleeve Case For eReader eBook Kobo Touch	Mobile_Electronics	5.0	0.0	0.0	N	Y	Five Stars	just perfect. I am very satisfied	2015-06-03
US	52625760	R1KDLEIZDJZ4BM	B00U89RT4I	663883841	Elegiant 4GB Waterproof MP3 Player FM Radio with LCD Display for Swimming Or other Sports	Mobile_Electronics	5.0	1.0	1.0	N	Y	Solid, no frills MP3 player that works when drenched.	It does what it says it does.  Plays music when wet.  I use it to play when running and don't try to alter the play order.  No visual display so not messing with the play order is perhaps the best way to use.  Sound is great and works each and every time.	2015-05-29
US	34720541	R5VHD45VFWVWA	B005LYS25A	800456447	Joyo JW-01 Digital Wireless Transmitter Receiver with Wi-Fi Technology	Mobile_Electronics	5.0	1.0	2.0	N	Y	Excellent product!	When product arrived, I charged the Joyo and plugged it in and worked perfectly! Easy to &#34;Bind&#34; together and set up. I give this item an A++++	2013-07-26
US	4558090	R18YE62CWH1CS5	B00PXOBY9Y	119881086	Senbowe&trade;Waterproof Bluetooth 3.0 Wireless Stereo Bluetooth Speaker /Wireless Outdoor Speaker/Shower Speaker with Handsfree,Control Buttons,Dedicated Removable Suction Cup for Showers, Bathroom, Pool, Boat, Car, Beach,Compatible for Apple iPhone 6,6 Plus, 5s, 5, Galaxy S5, S4 S3, Samsung Galaxy Note4,Note 3, Note 2,LG Optimus,LG G3,G2,MOTO X,Most Android Smart Phones and Tablets and other Blu	Mobile_Electronics	1.0	0.0	0.0	N	Y	Terrible	Had it a little over a month and it's not working.	2015-08-04
US	37985407	R15B5M5W8ANAU7	B009WQQYG2	434298526	MP3 Player	Mobile_Electronics	5.0	1.0	1.0	N	Y	Great Price For A Great Refurbished Clip Zip	This is a great MP3 player and perhaps has the best capacity, sound and functionality in this price range.<br /><br />I just copy album folders and playlists to it and they're listed.  I copy audiobook chapters to their folder and they're listed.  It's simple and  I don't even use the sync software.<br /><br />The solid state memory makes it great for exercise.  No issues with small impacts.  I've dropped mine several times.<br /><br />However, beware of rain or water getting under the buttons.  Drying can bring it back, but best to avoid direct rain, etc.  My first one did not come back, however, after it met the ocean.  Salt corrosion won't go away.<br /><br />Two things to know:<br /><br />1. A common issue is it not being recognized by the computer when plugged into the USB port.  Make sure settings>>system settings>>USB Mode  is set to MTC.  This resolves this issue most of the time.<br /><br />2.  Occasionally this player seems to die, not turn on even when you know it's charged.  A reset is simply holding the power button down for an extended period of time, 20+ seconds, and releasing. This resolves this issue most of the time.<br /><br />Outside of rain and water issues, this has been a dependable toy.  The sound is also excellent and FAR better than cheapos in this field.  Consider investing in a pair of better earbuds to enjoy the bass this little guy can put out.  Those also can be had for under $10 if you search Amazon for feedback.<br /><br />Enjoy!	2014-08-05
US	14115214	RTWATD67N2CVF	B00K70EQ2Q	675176763	Moonet 3.5mm Interface AUX in Adapter For Toyota 4Runner/Avalon/Camry/Celica/Corolla/FJ Cruiser/Highlander/Land cruiser/Matrix/MR2/RAV4/Sequoia/Sienna/Solara/Tacoma/Tundra/Venza/Vitz/Yaris	Mobile_Electronics	1.0	0.0	0.0	N	Y	Samsumg s4 Dud	Didn't work with my Samsung s4; i don't think the problem was my car stereo. Is it possible these cables don't work with cell phones?	2015-01-05
US	13662750	R1BJG5QR5HJV5Q	B00HH91NPI	227694289	Yousave Accessories Sony Xperia Z1 Compact Case Clear Silicone Gel Cover	Mobile_Electronics	3.0	0.0	0.0	N	Y	Does not fit with Charging Dock - otherwise great product	I love the cover, it has openings for all the holes, except Micro SD card, which you won't need. It's clear and made of good material. However, the opening for the magnetic charger stand does not work - it's either too thick or not big enough, and I have to use my micro usb to charge, which I don't like doing. I'm keeping it as an extra, but will order another that does fit better for the charging dock.	2015-06-30
US	52014357	RR7C42FMF3HO9	B00BEZ72GA	821319053	Original MiTAC / Magellan OEM Vehicle Power Adapter Car Charger Cable Cord for Magellan Roadmate	Mobile_Electronics	2.0	0.0	0.0	N	Y	fell apart	It stopped working because a small part (looks like a fuse?) kept falling out.  I will need to see if there is a comparable product before reordering	2014-01-28
US	3596049	R1Q2R2A7RA21KT	B0088NPVB4	1264634	Diy iPod Touch 4 case , Fashion case for iPod touch 4 case	Mobile_Electronics	3.0	1.0	1.0	N	Y	It's okay	Nice	2014-09-09
US	48416648	RNXDTYT9U61NS	B00J46XO9U	744008282	iXCC Lightning Cable 3ft, iPhone charger, for iPhone X, 8, 8 Plus, 7, 7 Plus, 6s, 6s Plus, 6, 6 Plus, SE 5s 5c 5, iPad Air 2 Pro, iPad mini 2 3 4, iPad 4th Gen [Apple MFi Certified](Black and White)	Mobile_Electronics	3.0	0.0	0.0	N	Y	OK for 9 months	Lasted 9 months without issues, then suddenly out of the blue, no longer compatible. Unsure why. Cord babied for the most part with no external damage visible. At least the plug fit the case so it works on the snug cutouts.	2015-01-16
US	11683742	R3SM22KQFB8APN	B00FR3LI0G	64491915	Blueskysea GS9000L HD 1080P Dash Car Camera DVR Video Recorder Cam G-sensor HDMI Wide 140°	Mobile_Electronics	1.0	0.0	0.0	N	N	Crappy Suction Cup Mount	Suction Cup Mounts will not Stick I have been using this for over 2 month i fall every day and now it'll not stick at all i tried every possible way cleaned the window with Windex etc.... tried it dry wet I didn't leave any way but tried it it is not sticking not even for 20 min now.<br />camera seems ok but too bad it comes with such a crappy mount station.	2014-07-08
US	27213657	RC3QYISZ1YH63	B00UFVHDPY	736418930	xGen New Design Handsfree Stereo Earphones Earbuds with Microphone for Ipod Touch first thing is encoding sensory memory	Mobile_Electronics	1.0	0.0	0.0	N	Y	glad these weren't expensive	lasted 10 days before they broke.	2015-03-24
US	43026604	R1LK6LGV7MN24N	B00E3JWVD8	795818510	ARIIC® New Car Windshield Suction Cup Mount holder Cradle for GARMIN NUVI 50 50LM 50LMT GPS	Mobile_Electronics	1.0	0.0	0.0	N	Y	could be I got a defective item but seemed crappy.	Broke as soon as I tried to attach my GPS, could be I got a defective item but seemed crappy.	2014-08-29
US	29317936	R1FJZN0FDACFA2	B00KFSUEOO	207529567	iBucks® 8800mAh Mobile Charger (Black) w/Digital Backlit LCD Display, Faux Leather housing - for iPhone 4/4S/5/5C/5S, Samsung S3/S4/S5, Note 2/3, and other smartphones and digital devices	Mobile_Electronics	5.0	3.0	3.0	N	Y	Great Product! Great Seller! We Love it!	I bought it for my husband as a birday gift. It is an awesome power supply! It basically charges a good number of electronic devices: his phone, my phone and even kids' IPADs. It is compact, small enough to carry inside a purse, back pack and other carrying bags. Price was good and shipping was fast. It does its job and is exactly what we needed. Would highly recommend to others to purchase.	2014-07-15
US	41972729	R2985U3EK8D69A	B009L7EEZA	970268868	Ionic Bluetooth Keyboard Tablet Stand Leather Case for New Barnes & Noble Nook HD+ 9-inch Wifi (Black/ Brown)[Does not fit Nook Tablet]	Mobile_Electronics	4.0	0.0	0.0	N	Y	Works well.	As others have noted, there is a bit of lag while typing at times, but it is very manageable. The only other downside is that the leather/fake leather has a fairly strong chemical smell. I wiped it with a damp cloth, but its still noticeable, though less so.<br /><br />Overall, I really like this keyboard a lot. It does what I bought it for and the battery lasts a long time.	2014-02-10
US	16470576	R3QBL6SATQV70T	B00ANEOFP4	497442301	HHI TuchiFlip5 Case for iPod Touch 5th Generation - Black	Mobile_Electronics	1.0	0.0	0.0	N	Y	Can't access Home Button	The case isn't very well made, material is a bit flimsy.  It fits the iPod fine, but the material is too thick and because the Home button on the IPod is slightly recessed, you cannot access the Home button. It isn't cut exactly like the photo, there is just a circular cut out for the home button.	2013-12-30
US	50967946	R2Z50NWJHRG90U	B00GDD0JFO	510924723	auris skye: WiFi Music Receiver for your Dock	Mobile_Electronics	1.0	2.0	4.0	N	N	Does not work	This is a very poorly designed accessory. I tried to install it on my Harmon Kardon Play Go+ Play (one of the supported devices according to the website), but couldn't get it to work. I emailed Auris and they suggested I purchase a 12V to 5V adapter since I had the older version of the Harmon Kardon. I purchased the adapter they recommended but it didn't fit. It's clearly a device that hasn't been tested, doesn't work and the team behind it are ill prepared to address any of your questions.<br /><br />My recommendation would be to stay away from this or any other Auris product.	2014-03-01
US	53017806	R1DAYIZL8JGYO6	B00LO1SG14	191159094	Omaker M2 Bluetooth 4.0 Hi-Fi Speaker BoomBox Brushed Aluminium Portable NFC Speaker,Wireless Stereo bluetooth Speaker with Super-Sized 14W Driver	Mobile_Electronics	5.0	7.0	8.0	N	N	Excellent audio from an attractive portable speaker	"[[VIDEOID:moF63JH8W9BHE9]]I've listened to a lot of Bluetooth speakers, and most of them had acceptable audio quality, but the Omaker M2 wireless stereo speaker is one of the best ones that I've heard. Unlike smaller cube-shaped portable speakers, the M2 has true stereophonic sound with clear channel separation, but it's small enough (7.3\\""x3.1\\""x2\\"") and light enough (24.5 ounces) to be considered portable. With its matte black brushed aluminum case and black grill cloth, the speaker is attractive enough to have a place in a living room or den, but it appears to be durable enough for travel in a backpack too.<br /><br />The M2 has a maximum audio output of 14 watts (7 watts each channel). That's enough sound to fill any room in most homes. I checked the speaker's sound quality with one of my music playlists. The audio was clean, vocals were very clear, and the bass was just heavy enough for my liking.<br /><br />The M2 paired quickly with my Samsung Galaxy Tab 3 as device \\""OMAKER M2\\"" with no code required. The Bluetooth range and stability were good, with solid performance to at least 30 feet on a line of sight. With a couple of walls between the speaker and the source, there were intermittent dropouts at distances of 25-30 feet.<br /><br />The speaker has a control for play/pause, and combined controls for volume and tracks (if you're running a playlist with tracks). For using as a hands-free device when the M2 is paired with a cellphone, there's a button for answering and ending a call, and a microphone behind the grill cloth. I also connected the M2 to the audio jack of my tablet with an audio cable (included), and the sound was equally good. Rubber feet on the base of the speaker help to keep it in place on whatever surface you place it, a nice feature that also prevents scratching of your furniture. The speaker has a bottom-mounted carrying strap. That's a clever feature, since the strap doesn't show when the M2 is on a table, but it's there when you need to pick up the speaker.<br /><br />The speaker has a built-in rechargeable 2000mAh battery, one of the higher-capacity batteries that I've seen in a portable Bluetooth speaker. The user's guide indicates that the battery is good for around 8 hours of play. I tested that by charging the M2's battery, then I started streaming music from iHeartRadio. After 12½ hours of playing at medium volume, I couldn't even get the low battery light, so suffice to say the M2 has great battery life. To recharge the battery, a 5V/1A (max) charger is recommended. A USB charging cable is included. The charging cable is an unusual design with three plugs - USB, micro USB, and 3.5mm audio plug. It serves as both a charging cable and an audio cable.<br /><br />I was very impressed with the Omaker M2 speaker. It's attractive enough for use in your home or office, the audio quality is very good, and it's one of the few portable Bluetooth speakers I've seen that has true stereophonic sound with channel separation.<br /><br />An Omaker M2 speaker was provided to me for evaluation and review.up the speaker.<br /><br />The speaker has a built-in rechargeable 2000mAh battery, one of the higher-capacity batteries that I've seen in a portable Bluetooth speaker. The user's guide indicates that the battery is good for around 8 hours of play. I tested that by charging the M2's battery, then I started streaming music from iHeartRadio. After 12½ hours of playing at medium volume, I couldn't even get the low battery light, so suffice to say the M2 has great battery life. To recharge the battery, a 5V/1A (max) charger is recommended. A USB charging cable is included. The charging cable is an unusual design with three plugs - USB, micro USB, and 3.5mm audio plug. It serves as both a charging cable and an audio cable.<br /><br />I was very impressed with the Omaker M2 speaker. It's attractive enough for use in your home or office, the audio quality is very good, and it's one of the few portable Bluetooth speakers I've seen that has true stereophonic sound with channel separation.<br /><br />An Omaker M2 speaker was provided to me for evaluation and review."	2014-07-29
US	12460524	RAC6EJMYISCUS	B00OFTJVR0	700959746	"AUTO-VOX G1W-C Car Dvr 2.7"" HD 1080P Dashboard Video Camera Recorder Dash Cam With Free 32G Micro SD Card"	Mobile_Electronics	1.0	2.0	6.0	N	Y	One Star	It can not set time  Not so good	2014-12-26
US	2345001	R3L6S1AVWYL05E	B00LCG5SBC	863331032	SUNYEE (TM) Plug And Play Muti-Colored Illuminated Dancing Water Speakers	Mobile_Electronics	5.0	1.0	1.0	N	Y	Mine came in perfect condition in 2 days and the sound quality is ...	These reviews don't do the speakers justice. Mine came in perfect condition in 2 days and the sound quality is great. I love these speakers	2014-08-02
US	10290335	R1KA2YPDC6CJC8	B00PVS96M4	613878587	BESTOPE® Waterproof Wireless Bluetooth Shower Speaker & Hands-Free Speakerphone Compatible with All Bluetooth Devices, Apple iPhone 5/5S/5C Siri and All Android Devices (T-Orange)	Mobile_Electronics	5.0	0.0	0.0	N	Y	Five Stars	arrived on time, works well . I would be another.	2015-05-04
US	49187130	R3JTH21V8759WV	B00CJZLHN8	869734493	Apple Ipod Nano 7th Generation, 16GB, Silver	Mobile_Electronics	5.0	0.0	0.0	N	Y	Five Stars	love it!!!	2014-09-20
US	30288094	R3HDCAL3CN957J	B00B0F5PZY	458251566	Redman CB Custom Wired 5 Pin Cobra Uniden Turner Telex 56 Chrome Cb Radio Road King Microphone	Mobile_Electronics	2.0	0.0	0.0	N	Y	Review of Mike	.I don't know if it is the mike or the CB but when my husband installed the radio and attached the mike it did not work. He had to take the radio out and put his old one back. Now he is going to take the radio and the mike to a shop and get it checked out.	2014-04-21
US	6453162	R3TJGU5AY7CVBV	B008J27LTO	590400000	MYBAT Rubberized Yellow/Tropical Teal TUFF Hybrid Phone Protector Cover for APPLE iPod touch (4th generation)	Mobile_Electronics	1.0	0.0	0.0	N	Y	Came a little dirty and did not fit	There was a little mark on it when it came even though it was in clear packaging.  The case does not even fit completely. I regret this purchase.	2014-02-28
US	7631323	R23GXCR320TPWS	B008Y6LG8W	337684538	MiniGuard Samsung Galaxy Note 10.1 Inch Tablet N8000 N8010 Screen Protector (Matte Anti-Glare, 3 Pack), S-Pen Compatible	Mobile_Electronics	2.0	0.0	0.0	N	Y	Just too much trouble!	First of all, I gave these screen protector 2 stars because its still hanging on barely on my tablet scree! I never could completely remove all the air bubbles from it and the enclosed card you suppose to use to remove the bubbles wasnt stiff enough for me. Just as long as I had some protection on the face of my expensive tablet, I didnt care anymore. I went through all but one of the screen protector trying secure it to the face of my tablet. The instructions were written in very small print and I couldnt figure out which end was which...just a bunch mess! I did my research before purchasing the protectors, trying to balance the price, durability and ease of putting them on. Oh, I forgot, dust is not your friend with screen protector! So between trying to figure out which end to place where, the end with tab or without the tab..making sure not to get dust particles under the screen protector because it can do serious damage to the life of your screen by scratching it...I was a nervous wreck!! Once I finally got a screen protector to adhere with few air bubbles, I called it a day. LOL! Now, the protector is still on my tablet, the edges are slowly peeling off but its doing it job. It may not look pretty but it's protecting my tablet screen. One more thing, I got the screen protector with anti-glare coding...wasnt a good decision! It takes away from the HD look and clarity of the screen to me. Believe it or not, it doesnt do anything to prevent the glare from the sun or light. It was another thing that told me this was the wrong screen protector for my tablet. I wondered if I purchased the more expensive ones I would I be having all the trouble with putting on the screen protector, it not staying on securely, not being able to remove all the air bubbles???..I just dont know. What I do know, I wont be buying these protectors again!!	2014-01-30
US	23489750	R28765IMGLYEAO	B0069ZFYCY	627022964	eForCity Leather Case for Barnes and Noble Nook Color, Purple	Mobile_Electronics	5.0	0.0	0.0	N	Y	It says it is for nook but not really	The nook will fit in this case but it is not made for the nook and therefore it does not fit as well as it does in a case made for the nook.	2013-08-12
US	38923648	R1X7Q1N83N5V0Z	B008JGR44W	663734548	The OontZ Ultra-Portable Wireless Bluetooth Speaker by Cambridge SoundWorks	Mobile_Electronics	4.0	0.0	0.0	N	Y	Sounds good for the price.	I was quite surprised at the sound quality of this speaker. Reviewers out there that are giving this product poor reviews aren't taking into consideration that this is a small, battery powered, Bluetooth connected, cheap speaker. It doesn't have that baseless, thin sound that most small speakers have. It could be louder, but that would just shorten battery life, which is also surprising. I sat by the pool and played tunes all day on a single charge. It's a little annoying that if I want to connect a new device, and the previously connected device is in the vicinity, then it has to be powered down so the new device can be connected. Other that that, it's a solid four star speaker	2013-08-15
US	45212603	R1364Y8CAZ7O04	B000BQYM0W	640050714	Apple Remote remote control	Mobile_Electronics	3.0	0.0	0.0	N	Y	Three Stars	Always says battery is low like a day after I put a new battery in... works decently though.	2015-04-02
US	10612895	R174JEPQYDBI09	B004XKZ1UC	265423475	eForCity Leather Case for Barnes and Noble Nook / Nook Color, Black	Mobile_Electronics	2.0	0.0	0.0	N	Y	Good For The Price	The case is great and does what it needs to and it also comes with a little divider so you can even put your notes or what have you. The only compliant I have about this is the the plastic slides at the top. The right on it over the Volume button which always seem to push the volume up or down causing the pop up screen to never go away. It can be frustrating and cause me to the take the whole case off.	2014-01-06
US	37256192	R1PYMAEDDLBZ05	B00GYUQXD8	868437246	Kroo (Black) Hard Shell Carrying GPS Case for 5-inch Garmin nuvi 3597LMTHD GPS + 2-Pack 5-inch Clear GPS Screen Protectors	Mobile_Electronics	4.0	0.0	0.0	N	Y	Smart Choice	Love the case which has ample space, handy pockets, ways to secure my device so it does not move or can slip around inside, smart clip and useful semi hard form.  The free screen protector's are the best I've found for my navigator too.  The score would be 5 if the screen protector were 4 or 5 mm taller in landscape orientation cause it covers width but not quite height of my screen.	2014-09-14
US	19325458	R1JUQ3N1XSSNQA	B007WOKBRY	987522321	EC TECHNOLOGY? New design Backup External Battery Pack and Charger (Power Bank) with flashlight	Mobile_Electronics	4.0	0.0	0.0	N	Y	Awesome and worth it	Bought this for long day trips when either I don't have access to a wall charger or when I'm too on-the-move to sit and wait for my phone to charge.<br />The overall verdict: awesome. This does what it's supposed to do and it does it well.<br />The light is a nice added feature, too. The cable that comes with it is nifty in that the end is interchangeable for different devices. Need micro USB for you device? Just swap the end piece. Want to charge your Iphone? Just swap the end piece. All the while you use only one cable. It's nice because you don't have to carry all of the separate charging cables with you. In theory, this is a great idea. One downside to that, I guess, is that you have to keep track of all the individual ends (good thing it comes with a nice quality bag for them and the battery).<br /><br />The largest CON about this product, however, is that the connection between the cable and the different ends on it isn't perfect, which means no juice gets to your device. For example, I had my phone plugged in for about 2 hours (it takes roughly 1.5 hours to fully charge my dead Iphone 4), but the connection between the cable and the end piece apparently wasn't tight because my phone was only at about 15%. Needless to say, I was disappointed. So I just use my actual phone charging cable instead and it works fine<br /><br />tltr / LONG STORY SHORT - This is worth the money, just don't use the cable that comes with it (only use the appropriate charging cables for your devices)<br /><br />TIP: you may find that this will not fully charge your phone if you just plug it in. But if you turn your phone to &#34;airplane mode&#34; (or power it off altogether) before you plug it in, it will charge MUCH more quickly. :)	2013-09-30
US	7197806	RT0WY2TB8TDG	B00J0CVVGQ	503010924	Omaker bluetooth speaker	Mobile_Electronics	5.0	1.0	1.0	N	Y	Good and works fine	They delivered at the expected time, and the product works perfectly with a good bluetooth range. Also a very powerful speaker.	2014-05-19
US	45070473	R2VSA0DLV0KOO9	B00KGTDDIG	138920763	Waterproof Car Rear Vehicle Backup View Camera HD	Mobile_Electronics	5.0	0.0	0.0	N	N	Easy to assemble and use	There are lot of aftermarket rear view cameras. This kit has a manual and is very self-explanatory. I suggest you check with your local mechanic if you are unsure of details.  Easy to assemble and use. The rear view cameras can be lifesaver. I know people who got into minor or major accidents backing up. Newer cars have these built in, but always good to have extra pair of eyes.  A sample was sent to me for review.	2015-05-12
US	49960330	R252G3NKBSP1PH	B00E657DAA	398600557	Bose SoundLink Mini Bluetooth Speaker, Upto 30 ft Wireless Range, Silver - Bundle - with Bose SoundLink Mini Bluetooth Speaker Travel Bag	Mobile_Electronics	5.0	0.0	1.0	N	Y	What can I say ?  BOSE	I love this little speaker.... it is compact, yet, produces a sound and is huge and clear... and well... BOSE	2014-04-07
US	9839343	RM4SAHRZZEUTI	B007KUD1Y0	502382226	"2.8"" Touch Screen, 8gb, 1.3m Camera, DV, FM, Mp3, Mp4 Touch Screen, Game player, TV-Out (Black)"	Mobile_Electronics	3.0	1.0	4.0	N	N	Three Stars	got it for my son and he likes it and so all is good	2014-07-07
US	2060584	R1MM0PJFZWIO2C	B008RQCCF0	28233522	"Mivizu Shell 10.1"" Sleeve Case for iPad Air, 4 3 2, Samsung Tab, Touch Screens"	Mobile_Electronics	5.0	0.0	0.0	N	Y	Get this case to protect your ipad!!!	GREAT QUALITY AND PROTECTION. I put my ipad in this sleeve along with my hard shell case and it has been great in my purse and I feel like it's doing a great job to protect my precious device!!!	2014-12-25
US	13158016	R2Z0X0N9K7QQI7	B0010ZPI10	509071376	Listen Up Personal Sound Amplifier	Mobile_Electronics	1.0	0.0	0.0	N	N	Highly disappointed.	Save your money..Device does not work as advertised..Highly disappointed.	2014-10-25
US	11710402	R3EJHJATBMB64X	B00ITIKQRW	313483217	LIMTECH® Metal Clip MP3 Player supports up to 2GB 4GB 8GB	Mobile_Electronics	1.0	0.0	0.0	N	Y	The audio jack was just messed up it wasn't worth ...	The audio jack was just messed up it wasn't worth it just go buy a 20 dollar Coby mp3 player.	2015-02-14
US	9506178	RCD2UCIYFQUGK	B00501ISWG	594617760	SIRIUS XM Stratus 6 Dock-and-Play Radio with Car Kit (Black)	Mobile_Electronics	2.0	0.0	0.0	N	Y	Not happy!	Not what I was expecting.  It works but came with a charger that's it!! I was not pleased when I received it!	2013-10-18
US	12558457	R16FLLOBZMF6FZ	B0089S3NMM	989234744	LiViTech(TM) Cushion Quilted Designer Diamond Rhinestone Crystal Bling Case iPhone 4 4S (AT&T ,VERIZON,SPRINT)	Mobile_Electronics	3.0	0.0	0.0	N	Y	very pretty!	I love this cover however it seems to be very slippery. I dropped it the first time in use and it cracked on the corner...	2014-02-12
US	46861206	R2LI56HVGWUX39	B00AOGZ19U	493953110	Pac Rp4ch11 04-up Chrysler Dodge Jeep Vehicles Radio Replacement Interface	Mobile_Electronics	3.0	0.0	0.0	N	Y	No Go on 2005 Jeep Grand Cherokee Limited	Could not get it to work for my steering wheel controls on a 2005 Jeep Grand Cherokee Limited. Called PAC tech support and they just said &#34;I guess it will not work with your configuration&#34; So it could have been the Boss radio I paired with it, but the SWC do not work, even though I was told by Fry's and Crutchfield it would.	2015-04-07
US	10871714	R1U3ZD32S7R0SX	B00J46XO9U	744008282	iXCC Lightning Cable 3ft, iPhone charger, for iPhone X, 8, 8 Plus, 7, 7 Plus, 6s, 6s Plus, 6, 6 Plus, SE 5s 5c 5, iPad Air 2 Pro, iPad mini 2 3 4, iPad 4th Gen [Apple MFi Certified](Black and White)	Mobile_Electronics	5.0	0.0	0.0	N	Y	Five Stars	Does exactly as expected.	2015-02-16
US	24577723	R1DJ3AWG6B4DME	B001R5VI1C	706200624	Sanyo MCD-XJ780 Portable AM/FM Stereo Radio CD Cassette Player and Recorder	Mobile_Electronics	1.0	0.0	0.0	N	Y	One Star	When I tried to play it there was some sort of problem and it started smoking.	2015-05-18
US	13668526	R10VPKFFSJZDX4	B0069ZFYCY	627022964	eForCity Leather Case for Barnes and Noble Nook Color, Purple	Mobile_Electronics	5.0	0.0	0.0	N	Y	Five Stars	love it.	2015-01-17
US	8443838	R2I801NB5508XD	B004H2FXQI	753525648	RUB1.400 - Soundstream Monoblock 400 Watt RMS Rubicon Series Subwoofer Amplifier	Mobile_Electronics	4.0	1.0	1.0	N	Y	heats up. but hangs in	Great sub. Continuously beat the living daylights out of it with my 2 6&#34;w3v3 JL's. Heated up really hot but didn't go into protection mode. So. Would recommend.	2013-09-21
US	1666478	RBKVQTNEB7X87	B00H7WJ280	157437980	ONN V3 4GB USB MP3 Music Player with 3.5mm Earphone Blue	Mobile_Electronics	5.0	0.0	0.0	N	Y	mini usb portable music player	nice design , very light weight ... 4 gigs , supports wav mp3 and wma<br /><br />the built in battery is rechargeable, unfortunately the battery cannot be replaced , so I don't know how many uses it will last . I suppose once the battery is no longer good I would have to throw the mp3 player away.<br /><br />the headphones that this comes with kinda suck ...	2014-06-06
US	4913013	RQU2PC8XLH2J2	B00UUQUA90	771878363	Premium 10ft 8 pin Well-Braided USB Sync Charger Data Cable Cord Data for iPhone 6 / 6 Plus, 5s / 5c / 5, iPad 4, iPad Air, iPad Mini Retina, iPod Nano 7th Generation, iPod Touch 5th Generation (Ct.3) (Red.Black.White)	Mobile_Electronics	1.0	0.0	2.0	N	Y	They do not work for my iPhone iPad or iPod	They do not work for my iPhone iPad or iPod	2015-07-20
US	5727525	R1Y3E78O49PTVT	B002QGL1K4	250021092	uTronix Plug and Play LED Fountain Multi-Color Illuminated Dancing Water Speaker for iPad, iPod, iPhone, Android Smart Phone, Tablet, MP3 Player Computer PC	Mobile_Electronics	5.0	0.0	0.0	N	Y	Five Stars	grandson loved it	2014-01-14
US	24010810	R1IHVS2SZOU1UE	B0039XTDSA	331199941	Seiko SLP2RL - Self-Adhesive Address Labels, 1-1/8 x 3-1/2, White, 260/Box-SKPSLP2RL	Mobile_Electronics	2.0	0.0	0.0	N	N	The label maker works well although extremely limited by the ...	The label maker works well although extremely limited by the buggy software . Software drove me nuts - I have a Mac	2014-07-08
US	19942399	R1VKUVWQWFSSQK	B00BEZ72GA	821319053	Original MiTAC / Magellan OEM Vehicle Power Adapter Car Charger Cable Cord for Magellan Roadmate	Mobile_Electronics	2.0	0.0	0.0	N	Y	The charging point of the chrger as come out looks like the charger was damaged one.	I need to get a replacement. The inside spring is gone. so the charger is no more useful to charge the GPS	2013-07-29
US	41621586	R1IU5XEECG2UIX	B00EH9U04G	321805374	ARANA Uncut remote Keycard key card shell case for Renault Megane 3 buttons BT + Blade	Mobile_Electronics	5.0	0.0	0.0	N	Y	This is what i was waiting for!!	EXCELLENT!! IT was what i have expected, the real keys of my car did fit very well on this new case, so, great product	2013-11-07
US	26820534	RWRHUHWEGCLUU	B00AIEWG6Y	252896910	Baofeng New UV 5RA Ham Two Way Radio 136-174/400-480 MHz Dual-Band DTMF CTCSS DCS FM 5W Amateur Radio UV-5R Transceiver 2013 Latest Version Enhanced Features BY ZITRADES	Mobile_Electronics	4.0	0.0	0.0	N	Y	Great product for the price.	It is very light and ompact. It's easy to use once you set it up for your particular needs. You have to get the CD software to set it up. It offers many options for the price. For those tech savvy buffs who complain, what do you expect for $40. For the rest of us, I think its worth it.	2014-02-13
US	943703	R2OKD2CBBFVNI0	B00K9Q3A52	604755542	viper 7145v viper 7145v 4-button remote	Mobile_Electronics	2.0	0.0	0.0	N	Y	Unreliable 'unlock' button. Defective?	The 'unlock' button is unreliable!<br />Does not work everyone. Maybe once out of 8 x. No problem with the 'lock' button.<br />Need to return for exchange!<br />Please advise how to return!	2015-05-26
US	36492928	R1XP72LA4IAIVC	B00O8G1GQY	479390784	Bose SoundLink® Color Bluetooth Speaker - White - Bundle With SoundLink Color carry case	Mobile_Electronics	4.0	0.0	0.0	N	Y	Great portability, good sound for price	Great portability , good sound for price!	2015-06-04
US	2065439	R3D8YP4MLQRYXS	B00DYPTRA2	480793791	"1.4"" Carbon Fiber Super Short Antenna Aerial for Ford Probe"	Mobile_Electronics	2.0	0.0	0.0	N	Y	"The 13"" worked out much better for my car"	Didn't get the reception I had hoped for. The 13&#34; worked out much better for my car.	2015-06-28
US	1762543	R2A3FJCE4Q0WP	B00MZTPEHS	285363199	32 GB PINK Mp3 Mp4 Player with Fm Radio, Video Player, Picture Viewer By JEWELLCARE	Mobile_Electronics	5.0	0.0	0.0	N	Y	Five Stars	nice.	2015-02-22
US	2152477	R2TRK9Z40YRU4V	B00FORMAU2	452824440	4 COBRA MicroTalk CX101A 16-Mile 22-Channel GMRS FRS 2-Way Walkie Talkie Radios	Mobile_Electronics	2.0	1.0	1.0	N	Y	THEY LIE ABOUT THE RANGE	mile long range in wooded areas not anywhere close to 16	2014-10-28
US	25043714	R17M69T0TRB0C9	B0085HC2V0	183954191	Motorola TX500 Universal Bluetooth In-Car Speakerphone - Black - Retail Packaging	Mobile_Electronics	2.0	0.0	0.0	N	Y	Disappointed	Everyone said I sounded garbled even thought they sounded fine on my end.  This speakerphone was recommended to me - disappointed!	2013-11-27
US	41943964	R3725FRJ5SRSFI	B00LWTMPMO	958167908	Hifonics X1900.1D 1900w RMS Mono Car Amplifier + 0 AWG Amp Kit+4 Farad Capacitor	Mobile_Electronics	1.0	0.0	0.0	N	Y	One Star	This is a nice amp.....but I think I may have got a bad one! Sending it back	2015-05-26
US	11400602	R3VC5ORCW56R5D	B00E9QAVRI	675363647	EEEKit Starter Kit for Garmin Nuvi GPS ( Nuvi 3590, 3560, etc), Suction cup Windshield / Dashboard Mount Holder + Cigarette Lighter Car Power Charger Cable Adapter	Mobile_Electronics	3.0	0.0	0.0	N	Y	Modifed mount parts to function properly	Brought this suction-cup mount to replace the OEM mount with a dead rubber suction-cup.  Suction cup portion works great, but mount length is too short & prevents Garmin GPS unit antenna from unfolding properly. I cut off the plastic mounting sphere from this mount & bonded (using JB Weld) the longer mounting length from the OEM mount.  This allows enough mount length for the GPS antenna for unfold properly.  It's not sleek looking, but it functions fine now.  Also, I  trimmed a little rubber surrounding the female connector on the 12V cord (at the GPS interface), to allow the female connector to seat flush with the mating male connector surface.	2015-07-01
US	6958432	R3BIOVDFUGQPYY	B004XKZ1UC	265423475	eForCity Leather Case for Barnes and Noble Nook / Nook Color, Black	Mobile_Electronics	5.0	0.0	0.0	N	Y	Nook Cover	It was the best price that I was able to find of the web.  It is exactly what I wanted to protect my table.  Very satisfied!	2014-03-10
US	14132562	R1GCQRMOAIA1UQ	B001GAGFMU	925089317	Sony CD Player, International Version	Mobile_Electronics	5.0	0.0	1.0	N	Y	Aging parents love this!	Got this for my 86-yr-young mom. She loves her polka cds & plays the spoons with it. It's fun to watch!	2013-12-16
US	29644846	R2YBWZ8DB6HDDH	B008R68DFS	423148551	Patazon Black Extension Dock Extender 30pin Adapter for iPod iPhone 4 4S	Mobile_Electronics	5.0	0.0	0.0	N	Y	Perfect for Sony speaker dock	My son bought a new iPod and we insisted he get a protective case (since he is 12 and clumsy!). He was upset that the case was hindering his blasting of music from the Sony dock. I found this piece for a great price and it works perfectly.	2013-12-31
US	14845600	R16RQA39IGF5SO	B00BQZWWKY	783617784	XYUN TM Apple iPod Touch 5 Generation Case	Mobile_Electronics	2.0	0.0	0.0	N	Y	Two Stars	Cover is flexible and protects Ipod, but holes don't line up with device.	2015-05-26
US	22892533	RTQSWYDBPTSNV	B00CHI7QBY	863477790	Fjlove Dvr207 Hd720p Ir Car Vehicle Dash Camera DVR Rotable 270 Degreemonitor	Mobile_Electronics	1.0	0.0	0.0	N	Y	Didn't work for long	Product worked well at first but only lasted about two months in the Florida sun. Would not recommend to anyone.	2014-02-07
US	41794907	R13QIH9SH3GP14	B007XNS4QY	527037575	BONAMART &reg; For APPLE IPOD TOUCH 4TH GENERATION PENGUIN SILICONE CASE (HOT PINK) COVER PR...	Mobile_Electronics	5.0	0.0	0.0	N	Y	Daugher Loves	Very cute.  Bought for my 9yr old daughter and she loves it.  She gets a lot of compliments also.  It's a flimsy cover though, so it's cosmetic more than functional or protective	2013-10-22
US	25696333	R287PQ2CITO9FG	B006DUYS7M	385148831	Premium Smoke Silicone Skin Case + Wall Charger For Sandisk Sansa Clip+ Plus	Mobile_Electronics	4.0	0.0	0.0	N	Y	Case provides protection; charger provides flexibility	Good case which provides padding protection.  Since the Sansa clip+ can only be re-charged from a computer which is on, the recharger provides flexibility.	2013-07-20
US	51543262	RV6G19N9CYWKI	B00E3QF8C2	580429325	Tpu Apple iPod Touch 5,Case for iPod touch 5	Mobile_Electronics	5.0	0.0	0.0	N	Y	Five Stars	Great. Just as expected.	2015-01-28
US	30172263	RGZ2EWRHVVWZG	B00H3E5N1C	966620902	IBrightspot 8GB(3th Gen) Red 1.8'' Screen MP4/MP3 Player Media/Music/Audio Player with FM Radio	Mobile_Electronics	1.0	0.0	0.0	N	Y	AMAZING SHIPPING but.....	CRAPPY PRODUCT!!<br />Bought this for my son's birthday. It would not charge. It would not accept any music onto it. Display came on once for about 30 seconds. I'm attempting to return it but since I do not have a printer it is not allowing me to get the label. It's a waste of money. Returning is shaping up to be a nightmare.  Now i am going to have to buy another and I'm doubting I will get my money back for this piece of crap. It was the one thing my son wanted and specifically asked for. It seems like the reviews were better when I ordered than they are now which makes me think its the batch of mp4 players. Shipment was very fast but then I did pay for it an extra ten bucks but i probably won't see that back either! Also for being &#34;new&#34; it had a very slight dent on the back corner out of the box. I feel scammed.	2014-06-30
US	49006248	R3541WNB791UTL	0986987662	378700639	GPS Map of Africa	Mobile_Electronics	5.0	0.0	0.0	N	Y	Five Stars	Worked PERFECTLY and hasn't made the first error :) Very happy	2015-04-15
US	3977002	R1N0XEC03SEE3B	B00SC7N9HY	919533798	Sony DE-J017CK-3PIECE CD Player Walkman with Car Accessories: DC Power Cable & Cassette Adapter - CD-R/RW Playback, Digital Volume Control, 8 Playback Modes, Digital Mega Bass Sound, Skip-Free2 G-Protection Technology - {Brown Box Packaging}	Mobile_Electronics	1.0	0.0	0.0	N	Y	One Star	it was used not new like they showed it on the add	2015-05-29
US	24307823	R1SP1OSPT81RZ2	B00AB6II34	247233222	Zeimax (TM) Adapter Converter 8 Pin to 30pin for Apple Iphone 5, Ipod 5 Nano 7th Gen USA	Mobile_Electronics	1.0	0.0	0.0	N	Y	Sucks	It broke within a week ,<br />And yet I've ordered 2 more . I can't find anything like it for the price.<br />We will see what happens.	2013-08-29
US	13654518	R1M32SHCAG9ELY	B00LAG4F6S	82850235	iXCC Multi pack Lightning cable	Mobile_Electronics	2.0	0.0	0.0	N	Y	Not for use with I6 lifeproof case.	Does not fit inside a I6 lifeproof case. Other than that it is fine.	2015-01-22
US	23987719	R153CIZZ3A5ZGY	B00EKEVY1Q	147655688	T31 Universal Dome Light with LED by Japan Nichia	Mobile_Electronics	5.0	0.0	0.0	N	Y	Easy replacement, awsome quality.	I have bought this LED dome light bulb to replace the original interior light in my car. The replacement process was a lot easier than I thought, it took me less than 10 minutes and the result is pretty awesome. The LED dome light is white and very bright and I am now able to read without hurting my eyes in my car. I also don't have to worry about turning it on for too long because of its super low power consumption. I am now thinking about getting more to replace my door step lights and registration plate light.	2013-09-11
US	7659856	R3ARGGMTX2KKO0	B00009WDW6	572670823	Thump AT-8 800 Watt Dual 8 Inch 2-Way Loaded Subwoofer Box Enclosure w/Compression Horn Tweeters	Mobile_Electronics	1.0	0.0	0.0	N	Y	One Star	WILL NOT WORK WITH MY SYSTEM.	2014-08-19
US	28865673	RISO3IGNUMK2D	B00L52HGR2	135186	VEO | USB Dancing Water Speakers - Desktop Speakers for PC, Mac, MP3 Players, Mobile Phones inc. iPhone & Tablets, iPad 4, iPad Air, iPad 5, iPhone 6, iPhone 5s, iPhone 5c - BLACK	Mobile_Electronics	5.0	0.0	0.0	N	Y	Five Stars	love!	2015-05-29
US	7755016	RRR5ZUTYUBMWL	B00N4FY15I	540937200	Doinshop New Useful 12v Electronic Stereo Radio AM FM Hidden Antenna Universal For Car	Mobile_Electronics	5.0	0.0	0.0	N	Y	Five Stars	good antenna for the price gets the job done	2015-05-01
US	35580259	R9GEMMYI6DHI2	B00AJ66P9K	744155608	PureGear Car Charger For Apple iPhone 5 and iPad 4 Retina with MiBox Adapter	Mobile_Electronics	1.0	0.0	0.0	N	N	Do not buy	Does not support and charge iPhone 5 phone. Do not buy. Case is good. That is it. Hope this helps	2014-05-11
US	46388457	RCHFCOLV0FM28	B00UN6955M	302721259	Aisster(TM) Lot 10Pcs UA741CN DIP-8 UA741 LM741 ST Operational Amplifiers IC Replacement fz	Mobile_Electronics	5.0	0.0	0.0	N	Y	Five Stars	A+++++	2015-05-29
US	16926189	R2GYY7F847BC75	B00MF18ENW	684793170	MicroMall(™) 4GB Swimming Diving Water Waterproof MP3 Player FM Radio Earphone Black	Mobile_Electronics	5.0	0.0	0.0	N	Y	Product is adequate to price and description. Working in ...	Product is adequate to price and description. Working in water under hot conditions (200F +95C in sauna). I did 15min sauna then swimming, then two times sauna and swimming again. Device worked without interruption. So I can prove. This is swimmer MP3 player. Will try FM soon.	2014-10-27
US	32440138	R1UVW5HO9UWIB9	B00QERR5CY	82850235	iXCC Multi pack Lightning cable	Mobile_Electronics	5.0	0.0	0.0	N	Y	Five Stars	works well as long as my children don't steal them from me.	2015-07-18
US	15870493	R2ALA6VOBF93LN	B002AMVWGW	604227903	Proporta Sports Case Cover Sleeve for Sony Ericsson W Series Walkman	Mobile_Electronics	5.0	0.0	0.0	N	Y	Works perfectly	Small enough to be unnoticeable in my gym bag, but does exactly what it's supposed to do, protect my tunes!	2013-10-29
US	13595097	R1OBDL9AFULCUX	B00J46XO9U	744008282	iXCC Lightning Cable 3ft, iPhone charger, for iPhone X, 8, 8 Plus, 7, 7 Plus, 6s, 6s Plus, 6, 6 Plus, SE 5s 5c 5, iPad Air 2 Pro, iPad mini 2 3 4, iPad 4th Gen [Apple MFi Certified](Black and White)	Mobile_Electronics	5.0	0.0	0.0	N	Y	Dont tear like the original Apple cables do	Apple should start shipping these cables with their products. Dont tear like the original Apple cables do. Happy customer :)	2015-06-01
US	3584535	R157B7QP58DE5K	B00JJW0U00	558457854	Beats by Dr. Dre Pill XL Metallic Sky Portable Bluetooth Speaker	Mobile_Electronics	5.0	0.0	2.0	N	Y	Five Stars	Very well	2015-01-20
US	10323711	R1M2X51QY5JMI	B00GPJCHM4	57571619	Keep Calm and Carry On Union Jack SILICONE case for iPod Touch 4 | British Flag iPod cover | iPod 4 | Flexible & Bendable case	Mobile_Electronics	4.0	0.0	0.0	N	Y	Nice Product	Very nice case.  Daughter loves it.  She takes it off and on sometimes and it still goes on snugly and fits the iPod nicely.	2014-07-09
US	39763616	R11E1CRKE5WK34	B008JGR44W	663734548	The OontZ Ultra-Portable Wireless Bluetooth Speaker by Cambridge SoundWorks	Mobile_Electronics	5.0	0.0	0.0	N	Y	Good speaker for the price	Got this as a present for a family member. They loved it! It fills the room with sound that is pretty clear for the price paid. Obviously it's not as good as the $200+ speakers, but for the $40 price range, this is great.	2013-12-28
US	16832823	R1O2CR95Y9JHDD	B00UMVK0ZC	677930253	Foto4easy 2015 Latest Version V9.30.002 Mini VCI Interface for TOYOTA TIS Techstream J2534 OBD2 Diagnostic Cable & Software It Is Upgrade of V8.00.034	Mobile_Electronics	5.0	0.0	0.0	N	Y	Works perfectly fine on Windows 10 64-bit!!	Works perfectly! I used this cable and Techstream 10 on a Windows 10 64bit laptop on a 2015 Toyota Camry, 2004 Lexus IS300, 2007 Scion tC and everything worked fine. I did not use the software on the mini-cd as my laptop refused to read it, so I got the drivers and software online.	2015-08-27
US	11108203	R1N07J2RWPV9MZ	B00HR0ZTD4	772901687	Fm Transmitter, Keedox Car Radio Transmitter Car kit with 3.5mm Aux Audio Input, Car Charger Adapter for Apple iPhone 6s Plus, 6s, Samsung and More	Mobile_Electronics	5.0	0.0	0.0	N	Y	It Works!	Was able to plug into my wife's '07 Lexus 400h and play music from her iPhone 6 without even opening the manual - a true plug and play. Once in a while I had to switch to different frequency because of interference but no big deal. Good option for people whose car stereo does not have AUX input or Bluetooth audio streaming.	2015-01-04
US	24400906	R3QYZWG8A4HLC8	B00DY77UG8	682025824	Phisinic 12V Portable Bagless Car Vacuum Cleaner & Blower HEPA	Mobile_Electronics	5.0	1.0	1.0	N	N	compact and powerful. I wish it came with a ...	compact and powerful.  I wish it came with a carrying bag!	2014-06-12
US	37168202	RFI9SDMOG58DC	B00FOIOBG2	809017076	"2.8"" Carbon Fiber Bullet Style Black Short Antenna Aerial for Ford Mustang 1979-2012"	Mobile_Electronics	1.0	0.0	0.0	N	Y	This did not fit my car. looks great but I ...	This did not fit my car . looks great but I cant use it.	2015-02-08
US	12390265	R2UGFJGMH5I3PW	B00M92YSBY	237098504	"Oceantree(TM) New Real 16GB 4.3"" Touch Screen MP3 MP4 MP5 RMVB FLV TV Out Player 16G 1080P(silver)"	Mobile_Electronics	1.0	1.0	1.0	N	N	ITS NOT WHAT IT MAKES IT SEEM WHEN YOU READ ...	ITS NOT WHAT IT MAKES IT SEEM WHEN YOU READ THE DESCRIPTION. THE SCREEN IS VERY SENSITIVE. THE PLAYER WORKS THOUGH AND IS OK FOR LIMITED USAGE. I WOULD NEVER BUY IT AGAIN IF I HAD THE CHANCE	2014-10-27
US	936927	R2LAZ43TRSLSJ7	B00BMGZL5K	156108125	Koolertron® Full HD 1080P 2Inch TFT LCD Screen Car Dash Cam DVR With IR Night Vision USB HDMI	Mobile_Electronics	4.0	1.0	2.0	N	Y	Four Stars	works as advertised	2014-10-24
US	10185684	R2RTR79RWN1HBC	B00MDTSLJI	295449508	Newest 2015 Version 1.0 USA Update for Garmin GPS (SD, Micro SD Card)	Mobile_Electronics	5.0	0.0	0.0	N	Y	Works wonderfully	Just slip the micro sd in the gps or slip the micro sd in the SD adapter for older models and then into the gps, follow a few instructions included and you are good to go.  I went from an outdated 2009 NA maps to a current 2015 maps in a matter of less than a minute.  Very happy with updates and price.	2015-01-03
US	13398172	R1VR908OG866Z7	B00J9QRYGE	346362423	Bose SoundLink Mini Bluetooth Speaker with Soft Cover Bundle (Gray)	Mobile_Electronics	5.0	0.0	0.0	N	Y	small and the quality of sound is fantastic, especially when placed against a hard surface	This speaker is handy, small and the quality of sound is fantastic, especially when placed against a hard surface... I would recommend it to anyone who is looking for the qualities of sound and convenience/	2015-04-17
US	3965387	R3AMLBX3VXN323	B0088NPVB4	1264634	Diy iPod Touch 4 case , Fashion case for iPod touch 4 case	Mobile_Electronics	5.0	0.0	0.0	N	Y	Five Stars	Love them	2015-01-15
US	11866437	R34Z626PO9CW86	B00LGNKLXG	409021390	Aweek® Car Antenna Mount Stainless Steel Car Clip Mount Trunk Lid Hatchback Mount Bracket RB-400 RB400 for Mobile vehicle Car Radio Car Two Way Radio Radio Antenna + 5M Antenna Cable	Mobile_Electronics	5.0	0.0	0.0	N	Y	Great product and price!	Priced the same mount at a local store for five times the price. Thank you!	2015-07-19
US	22113155	R16TRJ2C5KSHII	B001VFP9O0	629450375	iPod Video/Classic Black Silicone Skin Case with Armband	Mobile_Electronics	5.0	0.0	0.0	N	Y	Glad I ordered it	The Ipod case works perfectly,  Glad I ordered it.	2014-12-22
US	34731223	R1JWRFN0L5ZWY8	B004VBJY10	553552271	EZOPower 1.5M MFi Certified Composite Audio / Video AV TV RCA Cable For Apple iPad 3, iPad 2, iPad 1, iPad 1st 2nd Generation, iPhone 4S, 4, 3G & more	Mobile_Electronics	5.0	1.0	1.0	N	Y	My son takes it everywhere	This has been a great purchase and has been great for the whole family.  When we want to stream a movie, a recorded family event from the iPad, or play videos/movies during road trips in the van, this product has been good for all of us.	2013-06-26
US	19920613	R1BY7OI25IZFH3	B00LSB5SKM	93109265	DBPOWER Smart Dock MHL HDMI OTG Docking Station Charger Cradle for Samsung Galaxy S3 i9300 S4 i9500, Note 2 Note 3, TabT310/311 - Black	Mobile_Electronics	1.0	1.0	1.0	N	Y	One Star	Arrived  DOA	2014-12-30
US	42049624	R4OJJ5SD1S60U	B00GX0D8MS	608099703	Lukas LK-7200 CUTY 8GB – Full HD Dash Cam with GPS, Super Cap, Continuous Power Cable with Low Voltage Cutoff, and *BONUS* Cigarette Lighter Adapter Cable	Mobile_Electronics	5.0	1.0	1.0	N	Y	No problems!	From all web reviews I have ordered this unit based on customer support. Be sure to read up on the fakes for this camera and make sure you buy from an authorized dealer. You can check the Lukas web site to determine the American suppliers in case you need support.	2014-10-25
US	39316515	R2AQ067NYMJ4VX	B0094X38AI	97743818	2010/11/12/13 Toyota Prius In-dash AV Receiver DVD GPS Navigation Stereo Satellite Sirius Radio iPod/iPhone ready Touch Screen Bluetooth Hands-free Multimedia Playback Deck Audio Video with Digital TV / Tire Pressure Monitoring System Option	Mobile_Electronics	4.0	1.0	1.0	N	Y	Decent OEM replacement radio	This unit was a snap to install in my Prius. It performs fairly well and has a fair amount of features. The down side of this radio is the total lack of documentation on the unit. Not much in the box and nothing on the web site. Many of the features are undocumented and I am still looking for a menu for them. I have not attempted a map update yet. You need to do the update via an SD card reader. I am a bit hesitant as this unit is not listed on the update website. For the price, Astrium should be doing a better job on the documentation.	2013-08-25
US	2694738	R1HQT5T244NLOT	B00INWWIQG	24306339	PC Waterproof Shockproof DirtProof Case For iPod Touch 4G Gen4	Mobile_Electronics	2.0	0.0	0.0	N	Y	Looked like it had just been glued and glue broke apart	Broke about a month after buying.  Had lost contact for return.  Looked like it had just been glued and glue broke apart.	2014-10-01
US	15422642	R3I44VNWIZ5KWV	B00AV2M29O	908703849	Pink / White Arrows Hybrid Premium Rugged Hard Soft Case Skin Cover for iPod Touch 4th Generation 4G 4	Mobile_Electronics	5.0	0.0	0.0	N	Y	iPod Case	This is the case I currently use on my iPod Touch and it has alot of protection for it incase i drop it. Its also so cute! All the time people think I have an iPhone so that's pretty cool. Would definitely recommend buying this case, you wont regret it!	2013-09-08
US	24559755	RSTI7ZY8212AX	B00AB6II34	247233222	Zeimax (TM) Adapter Converter 8 Pin to 30pin for Apple Iphone 5, Ipod 5 Nano 7th Gen USA	Mobile_Electronics	4.0	0.0	0.0	N	Y	serves the purpose	works well to convert charging station from iPhone 4 charger to 5.  Cord is nice and short so it doesn't get in the way.	2013-12-16
US	397995	R24HJNTV72TJW1	B00NI7TDF0	328933310	PASBUY® Bus-Powered USB 3.0 4-Port Compact Hub 5Gbps Transfer Rate With a Built-in 3Ft USB 3.0 Cable+Extra Ac Wall Charger Adapter	Mobile_Electronics	5.0	0.0	0.0	N	Y	Five Stars	Excellent	2015-04-05
US	21784818	R1UMH7B963EDZ6	B006QF22HM	493478489	Excelvan FM Transmitter + Car Charger + Remote Control Compatible with iPhone 4S/4/3GS/3G iPOD	Mobile_Electronics	1.0	3.0	3.0	N	Y	CRAP	This broke with in 1 month and it cost more to return it than it was worth..... DO NOT BUY THIS PRODUCT!!! BIG WASTE OF TIME!	2013-10-16
US	7559586	R28YDDTNR2XI34	B00ADSJ4ZG	777748050	Ipod & Iphone Docking/aux Input Clock Radio w/ Fm Reciever & Dual Alarm Clock - Black	Mobile_Electronics	5.0	0.0	0.0	N	Y	Happy Happy Happy	What kid asks for an alarm clock for christmas?  My 13 year old son does.  However I stepped it up a notch and figured lets not make this thing boring.  If Im going to buy a clock, it needs to have a dock too.<br />My son loves it!  He was pleasantly surprised when he opened this.  And now I don't have to worry about waking him up every morning for school.  He can listen to his ipod at night w/ his timer and wake up to it too.  And having a functioning charging docking station is nice too, because it eliminates the necessity of yet another cord.	2014-01-18
US	51092053	R152O95ZOPS6RK	B00IAA81P8	950213779	Bose SoundLink III Bluetooth Speaker with Soft Cover Bundle (Gray)	Mobile_Electronics	2.0	1.0	3.0	N	Y	Seems like every time I pull it out to use it ...	Seems like every time I pull it out to use it the battery is dead. I charge it before storing it.<br />Also, the Bluetooth connection is very finicky.... When it has a connection it's great....but at times it will just drop the signal.	2014-08-24
US	51923602	RYLW5FKVKO29W	B0088PJMOY	940004823	The Friendly Swede Basics - Bundle of 4 Zebra Graphic Cases Covers Skins + Cleaning Cloth for Apple Ipod Touch 4g 4th Gen	Mobile_Electronics	5.0	1.0	1.0	N	Y	Yay!	I was so excited when these came in the mail, their super cute! They are a little loose but no biggie! The cloth works wonders, shipping was very quick, definitely satisfied :)	2013-09-01
US	36941564	R366TYJYY7DFB4	B00L87LJ54	73786944	"32gb Blue Slim 1.8"" 4th LCD Mp3 Mp4 Player Fm Radio Video Player with Accessories"	Mobile_Electronics	1.0	2.0	2.0	N	Y	didn't work at all, they did refund 1/2 the ...	didn't work at all, they did refund 1/2 the price but trying to return item to China is impossible.	2014-11-12
US	32323745	R1AQX6R8JJRDQ2	B009XUNBG8	216746104	American International Honk810 01-05 Honda Civiv Double Din Installation Kit	Mobile_Electronics	4.0	1.0	1.0	N	Y	Great fit and sturdy material	Fit nicely in the dash with pretty even spacing, and tabs hold securely. The color and finish don't match the dash exactly, but that's typical for an aftermarket mounting kit. This is a dark charcoal color with a flat finish, whereas the dash plastic in my '05 Civic is darker, with a bit of a brownish hue, and a subtle silver sparkle mixed in.	2013-12-02
US	9111408	RYQQVKRS33BB4	B00CK3V6WG	993699864	Topscreen2012(TM) New 5 inch Garmin Nuvi 1410 1450 1460 1490 1490TV 1450LMT 1490LMT 2460 2555 2595 dezl 560 Touch Screen Digitizer Glass Replacement AT050TN34 V.1 AT050TN30 AT050TN33(V.1) AT050TN34(V.0) A050FW03	Mobile_Electronics	4.0	0.0	0.0	N	Y	Four Stars	good	2014-10-22
US	16778243	RXREQUNCYLXEX	B00KMB7OK6	319719753	Lightning Charge & Sync Wireless Speaker dock for iPhone 5 5S 5C iPod & iPad - HiFi HD Audio Bluetooth 4.0 - Remote Control - Apple MFI Certified	Mobile_Electronics	5.0	0.0	0.0	N	Y	Five Stars	Very good sound for a portable speaker.	2014-09-18
US	11404225	RCHQ75A19MOKS	B00FJBY7CM	165028942	Portable Super Bass Bluetooth Wireless Speaker + TALKING CALLER ID handsfree speakerphone + SD card slot CHARZON MMBOX for iPhone / Android Smart Phones / iPad / Tablets / Macbook / Notebooks . Try it , it is better than JBL Jambox (BLACK)	Mobile_Electronics	5.0	0.0	0.0	N	Y	Totally Recommend	I love the ability to carry my favorite music wherever I go, unfortunately my phone speaker is not very loud.  This little portable speaker took care of that!  I can sync it to my phone with bluetooth and never miss a call because incoming calls are announced. Or I can slip in a micro sd card with all my favs.  Best of all theres no need to carry wires, the battery life is great and the price is too good to pass up!!	2014-03-14
US	27017463	R2EW963ZRLYNLZ	B004Y3APIQ	656362229	APC SurgeArrest Essential P6W 6-Outlets Surge Suppressor	Mobile_Electronics	5.0	0.0	0.0	N	Y	Great!	I really like this product.  It does what is meant to do.  Don't have many outlets so I needed something like this.	2013-07-18
US	4474470	R28IP351DTVMAJ	B00EDH5KPQ	970874325	IMAGE® FM Transmitter Car Charger Holder Remote Control for ANDROID Galaxy S4/S3 Note 2, iPhone 4/4S/5, iPod, HTC, Blackberry	Mobile_Electronics	1.0	0.0	0.0	N	Y	waste of money	Waste of money don't use it cable short channel's dont light up in dark and jaws don't open enough w/otter box, took so long to get, it came from a different vendor will not buy from here again	2014-01-09
US	37368626	RRR04THJUPIVT	B00HX6MDL8	887495931	Original Life Safety Hammer with Seatbelt Cutter / High Quality Glass Breaker - 50% Off Today Only - Automotive Emergency Window Punch + Must-Have Auto Rescue Hammer or Car Escape Tool+ 10 Year Guarantee	Mobile_Electronics	1.0	0.0	0.0	N	Y	This is NOT the Original Life Hammer per the customer service info at OLH!!!!!!	This did not have the imprinted logo when it arrived, nor did it arrive in a black gift box per the information I received when I called the company who manufactures the Original Life Hammer.  This appears to be a fraudulent knock off.  It may, or may not work.  There is no way to know if this steel is high quality, nor if the blade will be sharp enough to cut the seat belt.  The customer service representative at the Original Life Hammer Company said she will send my report to their legal department.  I also contacted Amazon customer service and informed them of this information---I am returning this product per their instruction, however, I do not feel that I should have to be bothered with a return on a what appears to be fraud.  My opinion.	2014-05-22
US	51778916	RWQW7Y6DIYTCF	B00LAG4F6S	82850235	iXCC Multi pack Lightning cable	Mobile_Electronics	5.0	0.0	0.0	N	Y	HiQuality!	Hi quality, durable!	2015-05-03
US	23385575	R3ASDMTY44CHB8	B00954PG1A	35365069	05 06 07 08 09 10 11 12 Toyota Tacoma In-dash GPS Navigation DVD Radio Satellite Sirius-Ready Copyrighted NNG iGO Navteq Maps Touch Screen Bluetooth Hands-free A2DP Music Streaming iPod-ready iPhone-ready USB MP3 AVI SD CD Player Audio Video Deck Multimedia Playback Stereo AV Receiver OE Fit Plug and Play Install Astrium GEE-5985	Mobile_Electronics	1.0	0.0	0.0	N	N	Warranty??	OK as long as it works, mine failed after 10 months in truck.  No response from either ConceptR or Astrium after emails to both.	2013-08-20
US	15151506	R1XPDHINLT9SG0	B00866IQ2Y	419545050	KTP-445U - Alpine 4-Channel 45W RMS X 4 @ 4-Ohms Power Amplifier	Mobile_Electronics	5.0	4.0	6.0	N	Y	Great.	Fast shipping. Exactly what I ordered. Compact and light. Used it for stereo on motorcycle fairing. Driving 4 Polk DB521's.  Sound is fantastic.	2013-10-06
US	10959993	RNSSE399UIIMB	B0067XVNTG	563475445	"Generic Car Dashboard Video Camera Vehicle Video Accident Recorder (2.0"" 1080P)"	Mobile_Electronics	5.0	0.0	0.0	N	Y	Five Stars	It works perfect	2014-08-23
US	17296921	R1QW5ZTFRCVEW1	B00E5PI594	150258418	Apple USB Lightning Cable 9ft -NEW 2014 for iOS 7 - iSmooth's 2nd Generation Apple Lightning Compatible (iOS 7 compatible) Cable Designed to Sync and Charge iPhone 5, iPhone 5S, iPhone 5C, iPad Mini, iPad Mini 2, iPad 5, iPad 4th Generation, iPod Nano (7th Generation), iPod Touch (5th Generation 16GB, 32GB, 64GB) - Premium Quality - The ONLY Cable with a 10-Year Guarantee!	Mobile_Electronics	5.0	0.0	0.0	N	Y	Great buy!	Great price, works as it should. Looks just like the cable that came with my iPhone 5s. Would buy again!	2013-10-01
US	34191904	R251Q5RYHTV6B5	B00530GZC4	267304233	N2A Cards (R) - Transform your Nook Color into a Kit-Kat 4.4.2 Android Tablet (new 2014 version) - (8 GB)	Mobile_Electronics	1.0	1.0	1.0	N	N	horrible customer service and cards	I bought this card in dec. And everything seemed to go just fun infill after a month. It bacame noticeable sluggish and would close apps. It has become impossible to tap on the screen to go online. It's gotten to the point of getting a ipad. I have complained directly to the company but no relies. They don't mind taking my money but when I need help I don't get anything. I'm very disappointed I. this product. And now I am spreadi.g the word about how unsatisfied I am.	2013-07-01
US	50202589	R3HRJVZVAMWQAU	B00MGA9TTK	464556954	W8sunsj Universal Black Leather Red Thread Car Auto Manual Gear Shift Shifter Knob	Mobile_Electronics	5.0	0.0	0.0	N	Y	Works great on nearly any stick	Works great on nearly any stick..I really searched for a low-key but somewhat sporty shift, and I am happy with this.	2014-12-15
US	42201399	R33827CQZLQ6FI	B00DDW2JU6	834973291	2 Pack HMDX HX-P240GY Jam Plus Portable Speaker - Allows You To Pair A 2nd JAM Plus Speaker For True Stereo Sound (Grey) + FREE Bonus Photive 2600mAh Portable Battery Charger - Allows You To Charge Your Speakers or Phone On The Go	Mobile_Electronics	5.0	1.0	2.0	N	Y	wooooooooooo	get this, it is awesome, it doesnt work with ios7 though, but it is really really cool, you can pair with one, but not both on iOS7, still worth it	2013-10-18
US	44016525	RF4Q6CMKZ61KJ	B00EPLREK4	579871329	Blitzsafe VW / AUX DMX V.3A Volkwagon iPod Adapter for Select '98-'07 VW Vehicles	Mobile_Electronics	4.0	0.0	0.0	N	Y	it worked fine	This did the trick. Hooked into my CD charger in the trunk and now I have direct sound to my Sirius without going through the radio. It was a piece of cake to install.	2014-02-08
US	45429545	R3C03JI7HNRVIH	B00E5PI594	150258418	Apple USB Lightning Cable 9ft -NEW 2014 for iOS 7 - iSmooth's 2nd Generation Apple Lightning Compatible (iOS 7 compatible) Cable Designed to Sync and Charge iPhone 5, iPhone 5S, iPhone 5C, iPad Mini, iPad Mini 2, iPad 5, iPad 4th Generation, iPod Nano (7th Generation), iPod Touch (5th Generation 16GB, 32GB, 64GB) - Premium Quality - The ONLY Cable with a 10-Year Guarantee!	Mobile_Electronics	5.0	0.0	0.0	N	Y	Works with iPhone 5S	Just got the cable today and was happy to see that the cable ends are identical to the apple branded ones.  Plugs fit snug just like the apple cable. Cable is long enough to use iPhone in bed while plugged in. I will no longer have to lean over the edge of the bed to use my iPhone. I'm very happy with this purchase.	2013-10-09
US	6965971	R3EM99Q6UUU585	B00B3JK9Z8	251830682	Genuine Tomtom Adhesive Cable Drop Clips in Black (Pack of 3)	Mobile_Electronics	5.0	0.0	0.0	N	N	Five Stars	fantastic little cable tidies for the car, no more satnav wires dangling all over	2015-06-30
US	46733032	R2DKQLIWSHKWN1	B00HIVJBY0	248146112	Asunflower® Wireless Bluetooth 3.0 Multipoint Handsfree Speakerphone Car Visor Speakerphone Support Two Phones	Mobile_Electronics	4.0	1.0	1.0	N	Y	Not bad for the money	Unit works well. The sound quality is adequate for what I am using it for. This is not bad for the money.	2014-05-29
US	28937800	R3R0BV7JV5YV18	B00J0CVVGQ	503010924	Omaker bluetooth speaker	Mobile_Electronics	5.0	0.0	0.0	N	Y	Five Stars	It works great and has a very charming accent.	2014-08-18
US	3104680	RKDWYW5074B52	B00HK6CPVY	383636318	"Szstudio US 5"" Car GPS Navigation Sat Nav Built-in 4GB 64MB RAM WinCE 6.0 --US gap"	Mobile_Electronics	5.0	0.0	0.0	N	Y	Five Stars	Excellent	2014-09-25
US	3949030	R1TPWUSFYOOJK0	B007VGDHL0	284618540	Simple Soft E8059CHEVY 7-Inch Touchscreen GPS Navigation Unit	Mobile_Electronics	5.0	0.0	0.0	N	Y	Five Stars	I am very impressed and actually had a few of my friends purchase the unit for their vehicle.	2014-08-21
US	43941361	R2W9J69VP4A6VP	B009UXFGC0	260603776	YAGadget Dark Blue iPod Touch 4th Generation Digitizer + LCD Full Assembly + Home Button + 7 Piece Tool Kit + 3M Adhesive	Mobile_Electronics	5.0	0.0	0.0	N	Y	Thanks	On time shipping works fine like the look. It was farly easy to put depending on how big of a crack or damaged your iPod is. There are great vids on YouTube to help you, it was my first time doing a replacement screen for my iPod touch 4 gen and I took about 20- 30 min :)	2013-08-31
US	27424861	R1RMORXQ3VTPON	B0040UZUYC	712837872	3.5mm Audio Stereo Aux Cable 3 ft-White	Mobile_Electronics	5.0	0.0	0.0	N	Y	Awesome!	Very nice product, awesome price, quick shipping. Definitely will buy another one for my sister. Hope it will be the same quality with nice package.	2013-07-19
US	20152262	RE08I09M3392M	B00N9KV73M	753033724	SoundBot® SB570 Bluetooth Wireless Speaker for 6 hrs Music Streaming & Hands-Free Calling w/ FM Radio, 3W + 3W 40mm Driver Speakerphone, Built-in Mic, 3.5mm Audio Port, Rechargeable Battery for Indoor & Outdoor Use RED	Mobile_Electronics	4.0	1.0	1.0	N	Y	Perfect for a room or office	It is what I expected with 6-watts speakers and decent bass!  Perfect for a room or office.	2014-12-19
US	48651112	R38S7B1G4G52NH	B0000AKKQB	88650083	Sony radio walkman	Mobile_Electronics	4.0	2.0	3.0	N	Y	It does work	I should have gotten a digital tuner, but I was looking for lightweight. I didn't realize these little radios don't pick up stations nearly as well as car radios, so my favorite station drifts in and out of static and is impossible to find most of  the time.  Was hoping for an amazing leap of capability since I looked at one years ago. Anyway, if your station is local and powerful, and you don't need to  change around a lot, you'll like it fine.	2014-02-05
US	51368371	R194TATGGUG9H0	B00GBWE200	650630613	"Original Toshiba LTA070B512F 7"" full lcd screen display with touch panel glass"	Mobile_Electronics	4.0	0.0	0.0	N	Y	Works Well, Minor Issue Resolved	I purchased to replace a cracked MFD screen on a 2008 Toyota Prius.  Shipping was quicker than DHL indicated - it took about a week to the east coast of the US. The screen had one problem - the individual metal tapes on the video tape connector (the wide one) were damaged (lifted from the tape) which caused the display to malfunction initially.  I removed, combed them straight with my fingernail, and reinstalled - and it works great.  The minor defect I corrected is the reason for 4 stars instead of 5.	2014-08-17
US	33835010	R2BGGRKO9SGJPS	B003CHDDU2	500025151	"JL Audio C2-350x 3-1/2"" Evolution C2 Series 2-way Speakers (C2350X)"	Mobile_Electronics	3.0	2.0	7.0	N	Y	Save your money.	Honestly, they sound no different than the stock crap.  Perhaps if they were hooked up to an external amp, maybe they would sound better.  Wasn't worth the purchase.	2013-11-07
US	4928193	R3G3O4XE8CAE81	B00RDCMYAW	902385260	Bluetooth Shower Speaker – SoundPal Water Resistant Wireless and Hands-free Speaker with Suction Cup - Compatible with All Bluetooth Devices	Mobile_Electronics	5.0	0.0	0.0	N	N	Five Stars	Good!! excellent!!	2015-02-06
US	1164959	R1FBYFKR14OW85	B007UXNHNM	923851403	eForCityLeather Case for Barnes and Noble Nook Simple Touch with GlowLight , Black	Mobile_Electronics	5.0	0.0	0.0	N	Y	Form & function all in one	Good quality & loooks nice.	2015-07-04
US	32156043	R3C16OWXPDW51M	B00K7XMJZ4	507361749	Beats by Dre Pill XL Speaker Titanium, One Size	Mobile_Electronics	4.0	0.0	0.0	N	Y	I like product in general	I like product in general,<br />I like design<br />I like that its wireless,<br />I like that battery is strong.<br /><br />.... but sound quality is not the best. :)	2015-05-01
US	3977002	R2LP8ZGKNHPEK2	B00OKSR9XO	858057107	Sentey Ls-2215 4-port Black USB Wall Charger 30w	Mobile_Electronics	5.0	0.0	0.0	N	Y	Five Stars	it's the best	2015-05-29
US	1908416	R1A8OMLQSCB3Y7	B00HH5OT30	657984984	SOIC8 SOP8 Flash Chip IC Test Clips Socket Adpter BIOS/24/25/93 Programmer	Mobile_Electronics	5.0	0.0	1.0	N	Y	Five Stars	exelent	2014-10-09
US	31768644	R1BGKZ5RYTAH7I	B00A62JK8K	491948138	E-PRANCE Car Charger Travel Charger for DVR GPS	Mobile_Electronics	5.0	1.0	1.0	N	Y	Works perfectly with DVR 207	I got this because I somehow managed to break the charger on the DVR 207. It broke near the tip, just in front of the metal collar. I kind of hoped that this one would be similar, but it is actually an EXACT match of the one that the DVR 207 shipped with. I got 2 just in case.	2014-03-02
US	21190086	R2QHSI8L0RR8NE	B00BHAWZ3C	884446483	3D Blue Stitch & Lilo ipod touch 4 Soft Silicone Case Cover For iTouch 4 4g 4th Generation	Mobile_Electronics	1.0	2.0	2.0	N	Y	did not fit my iPod. 4th gen. or my iphone  4s	it did not fit my ipod like it said it would. it would not stay on at all. i did not like :(	2013-06-30
US	51489215	R1ITUG2HRTW7X4	B0025ZIFC8	486753585	Sony CMT-EH15 Micro HI-FI Stereo Music System with CD /AM-FM Tuner / Cassette / MP3 CD Playback & Remote Control.	Mobile_Electronics	1.0	0.0	0.0	N	Y	One Star	The CMT-EH15 Micro HI-FI Stereo System was damaged upon arrival, item was returned	2015-06-16
US	35735649	R2VJG8M157YA8G	B00E5PI594	150258418	Apple USB Lightning Cable 9ft -NEW 2014 for iOS 7 - iSmooth's 2nd Generation Apple Lightning Compatible (iOS 7 compatible) Cable Designed to Sync and Charge iPhone 5, iPhone 5S, iPhone 5C, iPad Mini, iPad Mini 2, iPad 5, iPad 4th Generation, iPod Nano (7th Generation), iPod Touch (5th Generation 16GB, 32GB, 64GB) - Premium Quality - The ONLY Cable with a 10-Year Guarantee!	Mobile_Electronics	5.0	0.0	0.0	N	Y	Awesome!	Bought the 9ft cable so i could charge and use my phone at the same time and not be stuck to the wall.  Works great so far, no issues, shipping was quick.	2013-11-15
US	5161313	R2FUJ4UEFHN2YF	B00CJZLHN8	869734493	Apple Ipod Nano 7th Generation, 16GB, Silver	Mobile_Electronics	3.0	0.0	0.0	N	Y	Three Stars	not computer literate enough to work	2015-03-03
US	5779082	R23WZKP4ZERXY	B005CXIRB4	775029243	JAVOedge Cherry Blossom Case for the Barnes & Noble Nook Simple Touch Reader	Mobile_Electronics	1.0	0.0	0.0	N	Y	Useful, pretty, fragile	The stand-up case is very useful when at least one hand is busy and the design is aesthetically pleasing, which is one of the main reasons a star is missing. Couldn't possibly have found a stand-up fake black leather one that I wouldn't have to worry about putting together with keys/pencils/scissors/lipstick? Well, no.  Now two years later in 09.2015 the leather-like material is starting to peel, especially after being treated like glass all this time, it's coming apart where it was glued together and it generally looks fairly unnatractive. I expect at some point I'll keep the frame and change the fabric.	2013-11-24
US	16176250	R3SU0NBVVMOO48	B0051J3VMY	601933131	iTour-Pop Portable Rechargeable Speaker for iPod, Sansa, Zune, iPhone 5, 4S, 4, 3GS, 3G, BlackBerry, HTC EVO, DROID, Samsung Galaxy S3, 2, LG Optimus G, and more (Color Option: Black)	Mobile_Electronics	4.0	0.0	0.0	N	Y	Four Stars	Sound and size are good. But cord is short.	2015-04-06
US	51179451	R1YIUMETY9SEXO	B00BF7C4FQ	887993608	BMO / Beemo - Adventure Time - Hard Cover Case for iPod Touch 5	Mobile_Electronics	5.0	0.0	0.0	N	Y	Bought for daughter...	...for her iPod Touch. The case fits perfectly and she likes it. I liked the cost. What else is there to review?	2013-09-20
US	26658903	R2KJ15T8QCIJPA	B006PAZFK4	850645511	"eForCity® Clear Reusable Screen Protector 6"" LCD Guard+Pink Leather Case+AC Home Wall Charger+Car Charger+Clip-on ebook reading LED Light Compatible with Nook 2 Simple Touch"	Mobile_Electronics	5.0	0.0	0.0	N	Y	eForCity Products.	I have not used this case and products yet. They look very nice and hopefully I will get time to use them.	2014-03-31
US	2140480	R3DMZH7QNH68Y3	B00AQQVW8C	553492462	BestDealUSA Mini DC 0V To 99.9V Red LED Digital Panel Volt Voltage Meter Voltmeter	Mobile_Electronics	5.0	0.0	0.0	N	Y	Also, a very reliable piece of equipment to have ...	Also, a very reliable piece of equipment to have available when you need a quick reading of a battery. I have one permanently wired to a AA cell holder which not only provides me with readings for 1.5 V but the 3.7 V as they are both the same size as the cell holder.	2014-08-07
US	42898651	R15XM04329TCQK	B00J46XO9U	744008282	iXCC Lightning Cable 3ft, iPhone charger, for iPhone X, 8, 8 Plus, 7, 7 Plus, 6s, 6s Plus, 6, 6 Plus, SE 5s 5c 5, iPad Air 2 Pro, iPad mini 2 3 4, iPad 4th Gen [Apple MFi Certified](Black and White)	Mobile_Electronics	5.0	0.0	0.0	N	Y	A good alternative to Apple	After about a week of use I'm happy.  The price is right and they seem to be good quality.  Time will tell.  I wish there was an option to get both black but that's not a deal breaker.  One important thing to note is that the Lightning end is at least as small as the original Apple cable so it fits into just about any case.	2014-06-06
US	44017796	R2NQR700WNLYCJ	B00MXET7NC	651107618	BaoFeng M-1 Commercial Holster for UV-82 : Custom Leather, Vinyl, Stainless Steel Case	Mobile_Electronics	5.0	1.0	1.0	N	Y	Great insurance for radio	I bought 6 of the BaoFeng UV 82 radios.  Within the first month 2 of the belt clips broke on the radios.  I talked with a friend of mine that also owns the same radios and he shared the link to these cases.  I ordered and received them quickly. The stainless belt clips are strong and the cases add a level of protection from the harsh desert environment that I use them in. Great insurance for radio protection	2014-11-07
US	13719715	R3DL9NU0CIPKH	B00J46XO9U	744008282	iXCC Lightning Cable 3ft, iPhone charger, for iPhone X, 8, 8 Plus, 7, 7 Plus, 6s, 6s Plus, 6, 6 Plus, SE 5s 5c 5, iPad Air 2 Pro, iPad mini 2 3 4, iPad 4th Gen [Apple MFi Certified](Black and White)	Mobile_Electronics	5.0	0.0	0.0	N	Y	Five Stars	Excellent value	2015-08-10
US	15295783	R2MXY2GT9FBBVB	B00EU4KVS8	293371643	MarketSales502 8GB MP3 MP4 Player(4th Generation) with FM Radio LCD Screen Video Movie - Black	Mobile_Electronics	5.0	0.0	0.0	N	Y	Ravo player	My son said that it was a bit confusing to operate at first, but he really likes it.  It was expected after Christmas, but came just in time for Christmas!	2014-01-13
US	2829562	R2OIDILIKV8EI2	B000KL36B4	245592558	Stereo Wire Harness Subaru Legacy 00 01 02 03 04 (car radio wiring installation parts)	Mobile_Electronics	5.0	0.0	0.0	N	Y	work	the harness fit awesome and easy snap on and easy to work it didnt have any problem wit it :)	2014-01-23
US	4895626	RWMQ3RM8PMRBW	B00DPOU3FA	285643090	Pioneer Four-Way 6x9 Speakers - Model TS-A6976	Mobile_Electronics	1.0	0.0	1.0	N	Y	Seller is a crock	It's it very bad condition. I got ripped of by this guy. The condition of the speakers does not match the discriptions at all.	2013-11-09
US	11622693	R82XH70LFPTHE	B007WO5LF6	987522321	EC TECHNOLOGY? New design Backup External Battery Pack and Charger (Power Bank) with flashlight	Mobile_Electronics	1.0	0.0	2.0	N	Y	One Star	I'd give it 0 stars but that's not an option	2014-11-13
US	21068454	RBV4ODHIPU2EC	B00M8X28DE	544124462	New Waterproof Shockproof Dirtproof Snowproof Case Box for iPod touch 4th 5th Generation (ipod 5th, White)	Mobile_Electronics	5.0	0.0	0.0	N	Y	Five Stars	We use it when we are near water not as a regular iPhone case!	2015-01-29
US	23449600	RJ2NAZAIK02WJ	B007KG8HLG	308622886	Hot Pink Argyle Flexible TPU Gel Case for Apple iPod Touch 4G (4th Generation)	Mobile_Electronics	5.0	0.0	0.0	N	Y	Five Stars	nice	2014-08-21
US	21714269	R31S2KR3L1VPUX	B00S7QXRXQ	10284386	niceeshop(TM) Silver Shark Gills Design Solar Power Fast Strobe Flash Emergency Sensor Warning Light Traffic Alert for Car Vehicle,1 Pair	Mobile_Electronics	5.0	0.0	0.0	N	Y	ANTI-COLLISION WONDER	Love this product. it's well made, it help avoid collisions with people who are distracted by the use of cellphone, either talking on it or texting while driving. I purchase three sets of this product.	2015-05-17
US	16474333	R37DSMU69LWD24	B00KLXTK52	415836413	AGPtek Waterproof Shockproof Wireless Bluetooth Speaker Car Handsfree Speakerphone For iPhone 4 4S 5 5S, Samsung Galaxy S2 S3 4 Note 1 2 3, iPad Mini 2 3 4 Air Android Phone Tablet	Mobile_Electronics	5.0	1.0	1.0	N	Y	Small, loud and perfect!	I love this speaker! It's so cute but very loud, the only thing about it is that the distance for the wifi is not to far. I play from my phone and I have to leave my phone in the room this speaker is in or take them all together and move to the next room to hear my music. For the price it's ok with me, the set up is so easy. I already made my sisters order one for themselves because they keep taking mines.	2015-04-10
US	42631208	R2ESWS219OZ5WW	B0067XVNTG	563475445	"Generic Car Dashboard Video Camera Vehicle Video Accident Recorder (2.0"" 1080P)"	Mobile_Electronics	1.0	2.0	2.0	N	Y	This is not a good alternative to a good quality dash cam	"I purchased this to cover myself in the event of a driving incident or accident leading to a \\""he said, she said\\"" statement when the authorities arrive.<br /><br />My job in the service industry requires me to drive 25,000 a year in heavy city traffic.  I witness numerous accidents and road rage and to this point, have avoided all of them.<br /><br />I gave this product one star because the build quality and mount seem decent.<br /><br />My camera arrived completely discharged.  Not knowing if this is normal because the directions are microscopic and unreadable, I charged it overnight.<br />The next day I still only had one bar out of three on the battery indicator.  This gave me roughly 3 minutes of tinkering before it shut down.<br /><br />I fumbled with it until it powered up and automatically started recording while plugged into the cigarette lighter and auto-powered down when unplugged with no motion triggers for a minute or so. (I have over 10 years experience in the CCTV industry programming 100's of different DVR products)<br /><br />I mounted it in my car but while addressing the best video angle was very disappointed.  The field of view is very narrow.  It barely covered my hood.  How is that going to help me?  I would need three of these to cover enough to capture what was going on in the left/right periphery.<br /><br />The video quality was pretty good but the camera would stop recording until I powered it down and back up again.  It would record for part of the day and need to be power cycled again.  This was very random and was not related to the auto-shutdown or motion recording.  I also verified the loop record was set properly. I am using a 16 GB class 4 micro SD memory card.  The camera \\""crashed\\"" 2-3 times a day and does not warrant another day of my time.<br /><br />This camera is more of a liability than a tool. The false security of knowing this camera will show the authorities who was truly to blame in an accident just to find it was frozen when you really needed it...<br /><br />I returned it for a full refund."	2013-07-21
US	2165046	R1N9FCRFBVXPRC	B00M1Y8AS2	943911180	Sentey Ls 4061	Mobile_Electronics	5.0	0.0	0.0	N	N	great speaker	very clear and great sound. i was not excepting it from such a compact speaker but i was pleasently surprised	2015-06-07
US	52218872	RWLQ3E7O3E17L	B00CUWG3FW	674322948	Insten® Red/Black Wave Phone Back Protector Cover Rubberized + Reusable Screen Protector Compatible with Apple iPod Touch 6th Gen APPLE®: iPod touch® 5th generation	Mobile_Electronics	5.0	0.0	0.0	N	Y	Five Stars	excellent.	2015-05-15
US	1162363	R72IZEVQLKXZJ	B009AJIU1S	495287430	GOgroove BlueSYNC BR2 Bluetooth Speaker w/ Rechargeable Battery, Hands-free Microphone & Travel Friendly Design	Mobile_Electronics	2.0	0.0	0.0	N	N	Two Stars	Works ok	2014-09-26
US	36456436	R2GL1HVNLYR5GC	B00HVW97NG	122619466	Volkswagen Car DVD Player 2 Din 8 inch 800 x 480 Built-in Bluetooth/iPod/Subwoofer Output/SD/USB Support/GPS/RDS/Steering Wheel Control/Touch Screen	Mobile_Electronics	1.0	4.0	4.0	N	Y	GPS not working right out of the box	Radio will not read micro card with GPS maps. Once you turn on the radio it continues to turn on and off. If you take micro card out the radio works and everything else except the GPS.<br />Poor instruction manual, very limited instructions.<br />Very poor radio reception.	2014-05-05
US	5166193	RCOCAIRF9716Y	B00GXOED8W	232762309	Honda FIT Accord CRV CIVIC Pilot 3 Buttons+Panic Remote key (Remote Inside)	Mobile_Electronics	1.0	0.0	0.0	N	Y	WARNING DO NOT BUY THIS!!!!!!!! THERE BOGUS KEYS.	They sold me a key that does not work. When I emailed them about it they told me to take it to a lock smith and I did to the actual car dealers locksmith. They informed me it was no good!!!!so I returned it and the want to keep my money so im out what I payed the locksmith and they won't refund. Its fraud Do Not Make this mistake!!!! Buy directly from you dealers.	2014-02-14
US	49440790	R5KXZH63EKMP8	B00OFB9BIC	179953767	GPS Navigator Anti Reflective Sun Shade for 7 Inch GPS for Garmin, Tomtom Most Kind of GPS	Mobile_Electronics	1.0	0.0	1.0	N	Y	"No way this fits a 7"" GPS."	No way this fits a 7&#34; GPS.	2015-03-19
US	42851322	R2A8G4C0YE1EIQ	B00F2GMWCG	539215400	E-PRANCE® Mini 0801 Car DVR Dash Camera Ambarella A2S60 Chip 5M pixel CMOS + GPS Logger + Build-in 8GB Memory + High Resolution Full HD 1080P 30 FPS + G-sensor + License Plate + 135 Degree Wide Angle View	Mobile_Electronics	5.0	0.0	1.0	N	Y	Great Dash Cam for the Price	Easy to install. It takes super clear video and sound (which is easy to shut off). The 10 foot cord is long enough to hide and reach the outlet. Tip: Watch one of the several YouTube videos for this model for advice about installation and use. Probably one of the best dash cams for the price.	2015-02-27
US	48340133	R3F78W2WTMAL7S	B00CAE16G6	927596472	I Need 3d Stitch & Lilo Ipod Touch 4 Soft Silicone Case Cover with 3d Stitch Stylus Pen for Ipod Touch 4/4g/4th Generation - Hot Pink	Mobile_Electronics	4.0	0.0	0.0	N	Y	Lilo and Stitch	It was for my granddaughter--she loves it. Personally, I think it is not attractive...but, then I am not 12 years old!	2013-07-21
US	51757827	R2PHP0W1LK2NY1	B001QYR7OQ	972993209	SanDisk 4GB Sansa CLIP+ MP3 Player BLACK (Refurbished) Bundle w/ 4GB MicroSDHC Card (8GB Total) & BlueProton USB 2.0 Reader	Mobile_Electronics	1.0	0.0	0.0	N	Y	Short battery life	I bought this in late June 2013.  There was an &#34;R&#34; stamped in the back of the unit, indicating that it was refurbished.  In the beginning the battery would last 5-6 hours.  I've been using it for an hour or two each day, and within two months the battery life shortened significantly.  After three months, it dropped to between 60-90 minutes, on a full charge.  Previously I had a 2GB Sansa Express purchased in Dec 2007, battery life (on a single change) on that unit declined much more slowly - after 5 years, it dropped from the initial 7-8 hours to a bit over 2 hours (i.e. still better than the Clip+).<br /><br />A comparison the Clip+ and Express in other aspects:<br /><br />1.  Battery indicator on Clip+ is much less accurate.  After it dropped to below ~60%, it could die at any moment.<br /><br />2. Fast forward on Clip+ works much better than on the Express.<br /><br />3. I was used to have the Express on a lanyard and wasn't sure I'd like to use the clip on the Clip+.  That didn't turn out to be a problem - just loop a lanyard under the clip, and it works fine.	2013-10-26
US	29317936	R3535Z67IFZRLL	B00KFSU7AK	4272423	iBucks® MegaBass Bluetooth Speaker (Green) - Wireless, Mobile, Surrounded sound quality, Rechargeable w/ Hands-free & 30ft Bluetooth Range Working for Any Bluetooth Enabled Devices, iPhone 5s/5C/4s, Samsung Galaxy S5/S4/S3, Samsung Note 3/2, HTC, iPad Air/5, iPad, iPod, Google Nexus 7, Nexus 5, MP3 Players	Mobile_Electronics	5.0	1.0	1.0	N	Y	Good value + great sound!	Amazing product! This speaker has fantastic sound for something so little! We bought it for our daughter. It took a minute or two for Bluetooth to sync up between her cell phone and the speaker, but it worked fine and played with her cell 25' away. (The instructions say it has a 33' Bluetooth range.). I researched a lot of these portable speakers and believe we got our money's worth paying regular price. It could be very loud, but the music is clear and crisp!	2014-07-15
US	25019957	R9CPM065XB0PN	B0055VGTW2	203774639	CaseCrown Regal Flip Case Brown for Barnes and Noble Nook Simple Touch and Nook Simple Touch with Glow Light	Mobile_Electronics	5.0	0.0	0.0	N	Y	Great Fit Good Value	Fit the nook perfectly.  A fraction of the price Barnes and Noble sold their covers for.  Works well and comforrtable to hold.	2013-09-21
US	44736996	R1U26YYDCL1UDK	B00A45DPVM	836663869	HHI Silicone Skin Case for iPod Touch 5th Generation - Baby Pink Pig (Package include a HandHelditems Sketch Stylus Pen)	Mobile_Electronics	1.0	0.0	0.0	N	N	One Star	Not what I expected.  It want stay on my ipod.  It fall off all the time.	2015-02-04
US	14613517	RRU0S3DIVPOP4	B00GPU5OH8	550873403	Lightahead® New Third generation Colorful Diamond Dancing Water Speaker Enhanced quality & features 2 in1 USB with Volume & other Controls LED Lamp (Black)	Mobile_Electronics	5.0	8.0	9.0	N	Y	Fantastic	Going to make this simple. Miles ahead of the first version. Volume adjusting is great. Option to turn on or off lights is great. Sound quality fanatic for these kinds of speakers. Highly recommend. I've tried 3 other different kinds of these speakers and they don't compare to these! If your looking for dancing water speakers then your in the right place.	2014-01-14
US	29674383	R1HFQFP28UKC0E	B00J46XO9U	744008282	iXCC Lightning Cable 3ft, iPhone charger, for iPhone X, 8, 8 Plus, 7, 7 Plus, 6s, 6s Plus, 6, 6 Plus, SE 5s 5c 5, iPad Air 2 Pro, iPad mini 2 3 4, iPad 4th Gen [Apple MFi Certified](Black and White)	Mobile_Electronics	5.0	0.0	0.0	N	Y	Pleased with this purchase	The lightning connector works very well. I even had some difficulty with the OEM cable during some charging situations. This works just as well. Pleased with this purchase.	2015-06-12
US	2244117	RB92J6CAWLOSO	B00KL0KRZW	361385715	Disney Ipod 5 5g Stitch & Lilo Soft Silicone Case Cover for Ipod Touch 5th Generation	Mobile_Electronics	1.0	0.0	0.0	N	N	One Star	It is cute	2014-09-23
US	14417865	RNQGJUCX7S83A	B00BUFBQWU	904426906	iPod Touch 5 case,ULAK&reg; Hybrid Pink Hard Aztec Tribal Pattern + Blue Silicon Case Cover For Apple iPod Touch (Generation 5) +Screen Protector +Stylus	Mobile_Electronics	5.0	0.0	0.0	N	Y	For my 12 year old	I saw this and thought it looked perfect and trendy for my 12 year old daughter.  She loves it and her friends ended up buying the same case.	2013-07-15
US	34257199	R1OA9BUDGKM7L0	B00LHXWPI4	952189067	Supersonic SC-807 Bluetooth CD/MP3/Cassette Player	Mobile_Electronics	2.0	8.0	9.0	N	Y	I had hoped that this unit would have all of ...	I had hoped that this unit would have all of the functions I want for a portable stereo for choir concerts in public.  But the volume knob and tuner knob do not work.  You have to use the remote to control the volume.  And it hesitates between tracks - even if it's an accompaniment CD, for which there should be no breaks between tracks.  If you just want to listen to a performance CD, it's OK, but definitely not what I was hoping for.	2014-12-26
US	164182	RE8WA57W4LNC	B00FFQVPVW	512538470	2013 Newest Mini Size HD 1920*1080P 12 IR LED Car Vehicle CAM Video Dash Camera C600 Recorder Car DVR	Mobile_Electronics	5.0	0.0	12.0	N	N	Five Stars	great	2015-08-14
US	45360561	RXJB6YDFLA9D6	B004X84B5K	430940491	MIRROR MOUNT 3 way Aluminum with Stud for CB / Ham Radio Antenna Bracket - Workman RV1	Mobile_Electronics	5.0	0.0	0.0	N	Y	Five Stars	Totally good	2015-03-12
US	37608941	R2ENI3LVT63APX	B00KY2YARI	130484581	Orion 7224 4-Eyepiece Rack for Dobsonian Reflector Telescopes	Mobile_Electronics	1.0	0.0	0.0	N	N	$210.00?	It cost $210.00.  That is too much. Nobody buy this.  The price should be $9.99 to 15.99.  It is fair.  I give one star for bad price.	2014-06-19
US	18775985	RVKLGETVTQNQX	B00BS4JB16	26346704	Cross with Leopard Print - Ipod touch 4 4th Snap On Case Plastic Cover Black Cheetah	Mobile_Electronics	1.0	0.0	0.0	N	Y	horrible!!!!	Right when i got it the color was already fading and it continued to fade. The black paint smeared all over my hands, it was horrible.	2013-09-08
US	17942669	R29RB4R1PMLHXF	B007OXLK82	64608314	GOgroove SMARTmini BT ADVANCED Wireless In-Car Bluetooth FM Transmitter with Charging, Music Control and Hands-Free Calling for ANDROID, iPhone, Blackberry and Windows Smartphones	Mobile_Electronics	5.0	0.0	0.0	N	Y	Keep in mind that when on bluetooth there is a separate volume adjustment	Got this as a gift for someone.  They thought it was defective, but the bluetooth has a volume control that is set on low out of box.  Push down channel knob to access bluetooth volume setting and turn knob to adjust.<br /><br />Sound is great.	2013-07-24
US	45923818	RT302MMT8FZGM	B00EOJVJQW	488609678	4 buttons No chip transmitter Keyless Remote Key Shell Case For Kia Spectra SORENTO AMAN	Mobile_Electronics	1.0	0.0	0.0	N	Y	no use	There is nothing inside this case. It is totally empty. Useless. Please do not buy.Go into the dealer directly and buy it from them.	2013-10-21
US	42124392	R2J2FY4A2BSGOW	B00L1K9DBA	266106381	Red ZTE Concord 2 (Z730) Heavy Duty Rugged Case Skin - Otterbox Style	Mobile_Electronics	5.0	0.0	0.0	N	Y	Five Stars	Great Case, good protection.  Works well for my son's phone	2015-01-17
US	24192315	R1LDXGML56GL32	B00LAG4HN4	536367292	iXCC Element II Lightning Cable 6ft, iPhone Charger, for iPhone 7 6s 6 Plus, SE 5s 5c 5, iPad Air 2 Pro, iPad mini 2 3 4, iPad 4th Gen [Apple MFi Certified](White and Black)	Mobile_Electronics	1.0	0.0	0.0	N	Y	One Star	Let's see your product stopped working two weeks after I got it!	2015-08-03
US	21687432	R2C57357K55UVG	B00QEZDY2Q	245473334	Sony SRSBTM8 Portable NFC Bluetooth Wireless Speaker System (White)	Mobile_Electronics	5.0	3.0	3.0	N	Y	Great Bluetooth Speaker	I bought this a while ago and I think it's one of the best portable bluetooth speakers out there for the Amazon Price.  I like that it's not a rechargeable and uses regular batteries (so you can use rechargeable batteries if you choose) AND it has a plug.  The sound is loud and clear.	2015-08-29
US	42242246	R2GV6GJY5UHUR2	B00F851I3U	444857609	Frog-tech Bluetooth Wireless Car kit	Mobile_Electronics	1.0	0.0	0.0	N	Y	Doesn't work	Could not get this item to work	2014-07-07
US	38074847	R24X8PQICMJSO6	B00DOIAFY6	52979735	Adapsonic Stereo Bluetooth Adapter Cassette - For Phone Phone Call's and Music Streaming - Supports A2dp	Mobile_Electronics	2.0	0.0	0.0	N	Y	Good and bad	This thing worked fine the first 2 months and has good sound but all of a sudden the cable plug started shortin out on one side of the speakers. I'd take a chance and buy another 1 hoping this one was just defective.	2015-07-13
US	50350605	RI3E48OM94Z9X	B00490BR3G	828475180	European Eu USB Wall Charger with Data Cable for Iphone 3g 3gs 2g 4g Ipod Nano Touch	Mobile_Electronics	1.0	0.0	0.0	N	N	Bad quality	The charger is not authentic and I ended up trashing it in the garbage. With it, it takes much longer time to recharge my IPhone and, worse, the battery's life is way shorter than when I recharge with an authentic charger.	2013-10-05
US	16503223	ROEV30Y73LAWG	B007UXNHWS	502332835	Cobble Pro Wireless Earbuds Bluetooth V4.1 Headphone w/ Mic & Charging Case	Mobile_Electronics	5.0	0.0	0.0	N	Y	Sturdy, well made, well designed Nook cover	I bought this cover after the original one I purchased with my Nook Simple Touch literally fell apart. This cover is MUCH better made and high quality, plus I like that the power button is uncovered. Recommend.	2015-07-25
US	3468284	R1R3V1CN4YEQV5	B00CD6ICH2	889787240	Tsunami BT816C Positive & Negative Battery Terminal Set	Mobile_Electronics	5.0	0.0	0.0	N	Y	excellent replacement terminal set	After an easy install these terminals really cleaned up the look of battery post. I would recommend these as a replacement.	2014-05-28
US	11869341	R2XAEAHT103D0V	B00E5PI594	150258418	Apple USB Lightning Cable 9ft -NEW 2014 for iOS 7 - iSmooth's 2nd Generation Apple Lightning Compatible (iOS 7 compatible) Cable Designed to Sync and Charge iPhone 5, iPhone 5S, iPhone 5C, iPad Mini, iPad Mini 2, iPad 5, iPad 4th Generation, iPod Nano (7th Generation), iPod Touch (5th Generation 16GB, 32GB, 64GB) - Premium Quality - The ONLY Cable with a 10-Year Guarantee!	Mobile_Electronics	3.0	0.0	1.0	N	Y	Worked good.. Then Broke!	I really liked the length of this cable. It broke after about 3 uses. Hopefully the replacement is better. :/	2013-10-29
US	51713568	R1A7V2QJE3LVNL	B00CHI7QBY	863477790	Fjlove Dvr207 Hd720p Ir Car Vehicle Dash Camera DVR Rotable 270 Degreemonitor	Mobile_Electronics	1.0	1.0	2.0	N	Y	Product fine, Seller, not so much.	"This item comes from China. The initial Amazon search that I did, indicated that this is a \\""GS\\"" model, it is not. The product does work as it is suppose to, though the only way I got it functioning correctly was to go to other sites for an on line manual, information and instructions. The instructions that come with the product are horrid,  and if you e-mail a question, you will not receive an answer.  In addition, if you have to return it, YOU must pay for the postage to China. Your choice, I would go elsewhere."	2013-10-15
US	21542168	RWU75951ZZG4O	B002D4IHYM	698394784	New Trent Easypak 7000mAh Portable Triple USB Port External Battery Charger/Power Pack for Smartphones, Tablets and more (w/built-in USB cable)	Mobile_Electronics	5.0	0.0	0.0	N	N	Brilliant	Found this so easy to use, a must for anyone who goes camping!!! Everything is clearly marked on it so no need for instruction!!! I love it!!!	2013-09-12
US	32133839	R1USBAE261YEJY	B005VIMRMA	277922122	EMPIRE Green and Black Zebra Stripes Stealth Design Hard Case Cover for Barnes and Noble Nook Simple Touch / Noble Nook Simple Touch with GlowLight	Mobile_Electronics	5.0	0.0	0.0	N	Y	GREEN!	Love It! It works great, and its nice and bright! I would say its to buy it if your into Green Zebra Strips :D	2013-08-15
US	6631311	R2KF505KHJB9RY	B005IBVJXS	552287585	iPearl mCover Leather Cover Case for ALL-NEW Barnes & Noble 6-inch Nook Touch eBook reader (compatible with Nook Glowlight) - RED	Mobile_Electronics	5.0	0.0	0.0	N	Y	Mina	I ordered the Red cover for my Nook and absolutely love it. It fits perfectly.  It protects my reader and I really could not believe the price.  The rubber for the cover is terrific and I just fold it back when reading.  I absolutely would recommend this to anyone.	2013-07-15
US	20391594	R2TFVFM2V2PQFK	B007NU2Y6I	585417209	Pack of 16 All Natural Mosquito Insect Repellent Bracelet for Kids, Toddler & Adults - Non Toxic Travel Size Mosquito Bug Repellent Wristband	Mobile_Electronics	4.0	0.0	0.0	N	Y	Works as expected	Fits easily in my camera bag, holds more memory cards than I'd ever take at one time.<br /><br />Cards are easily accessible.  Case zips close to protect them, from loss or damage.<br /><br />The stylus is great too.  Nice in the winter when you don't want to take off your gloves to return a text.	2014-02-10
US	48519272	R2ZL2O7Y5K4W7Q	B003MZAS5M	827990079	Universal Replacement Capacitor 25/5 Dual Run 440v Round	Mobile_Electronics	5.0	0.0	0.0	N	Y	Five Stars	Worked great, no issues.	2015-03-23
US	33183197	R7STF5MM3T3ID	B00M8X28DE	544124462	New Waterproof Shockproof Dirtproof Snowproof Case Box for iPod touch 4th 5th Generation (ipod 5th, White)	Mobile_Electronics	1.0	0.0	0.0	N	Y	Dont waste your money	I would not recommend this product unless you just want to store it from getting wet. You can not use it the way you need to in a functional matter with the case on it, so its pointless. I could have just used a zip lock for what this product provided. Don't waste your time or money.	2015-05-02
US	18565782	R3JVL58998KT7Q	B00NJBEYRC	6934028	Red Car Anti-Police GPS Radar Detector 16 Band X K NK Ku Ka Laser VG-2 V7 LED	Mobile_Electronics	2.0	0.0	0.0	N	Y	Two Stars	VERY NOISY,  HARD TO HEAR	2015-05-11
US	52238354	R18LZ52GIXI6I7	B00OY1EB7E	178210972	BICDV62CLR - Bic Venturi CENTER CHANNEL SPEAKER	Mobile_Electronics	4.0	3.0	3.0	N	Y	Big BOOM bang for your buck	I own the the DV62s bookshelf speakers, so I thought I would match them with the center channel. This speaker is BIG and designed for a big room and paired with the floor speakers. I wanted the BIC AMERICA DV-52CLRB but they would not ship it to my FPO. The sound is great. My BIC 5.1 set up can handle everything I throw at it. The DV62s being a top 10 book shelf speaker you can get and #1 for the money $100 -- setting up 5.1 is allows for the best BOOM for the buck. My rears are the BIC AMERICA DV-32B, which are fine for what they are, but don't seem to match my set up aesthetically. You get a lot of speaker for the price here. Capable. Warm.	2015-05-23
US	33223998	R2F0N4JDQK34YE	B002LTQFUM	474157700	DBTech 175 Watt Portable Micro Power Inverter With USB Port - 12v AC to 110v DC Car Plug Converter For Your Ipod, iPad, iPhone, Tablet, PSP, DVD Players Laptops Netbooks And cellphones	Mobile_Electronics	5.0	0.0	0.0	N	Y	I recommend this inverter..	I use my nebulizer in my car and couldn't do without this inverter. I strongly recommend it for anyone who needs an electric plug for their car.	2014-03-31
US	43142489	R1KCS80UDZSFAC	B00ECSOLME	683776377	Luxury Car Rolls-Royce Shaped Speaker Portable Stereo Speaker with FM Digital Radio Supports MicroSD Card and USB, LED Screen	Mobile_Electronics	5.0	0.0	0.0	N	Y	Five Stars	thanks	2015-02-23
US	3449199	R1S96LUSPJ24I9	B00MVFNCGG	681992842	ShunXinDa Full Hd 1080p Wifi Mini Car DVR Camera 140° Wide Angle Dash Cam Support Android IOS Anriod Iphone Smartphone Tablet TF 32GB Vechile Video Recorder	Mobile_Electronics	5.0	0.0	0.0	N	Y	Five Stars	very good	2015-05-15
US	25418569	R73POSYL305Q9	B0028ACCWE	379161026	Supco Relay and Hard Start Capacitor	Mobile_Electronics	1.0	0.0	3.0	N	Y	The product is perfect / the delivery time needs improvement / I was ...	The product is perfect / the delivery time needs improvement / I was promised the product would arrive in 2 busn. Days / delivery time was 8 days / we needed this part for a sick old lady who has respitory problems / with no air condition & temps in the 90's she had complicated breathing issues !	2014-07-30
US	48135408	RZ9EHF5G17W9X	B00CJ7DFH2	433126823	"4GB 2.8"" Resistive Touchscreen MP3 MP4 Player with Video,FM Radio,Speaker"	Mobile_Electronics	1.0	0.0	0.0	N	Y	cheap	so cheap and lcd sucks flimsy dpi horrible touch screen needs to be pounded to register do not but EVER! exept as a joke	2014-01-23
US	18646040	RH3W8M4M05J0J	B0002BBQMI	286340185	Capacitor Substitution Box Kit	Mobile_Electronics	5.0	1.0	1.0	N	Y	I love it !!	This is made of plastic but it seems to be very sturdy and strong enough to be in regular use !	2013-12-28
US	14822880	R2ZKWZK2DN2QQW	B00I3CF0YI	217787236	G.G.Martinsen 8GB Slim 1.78'' Screen MP3/MP4 Player Media/Music/Audio Player with Black color	Mobile_Electronics	5.0	0.0	0.0	N	Y	Good Buy for the money.	Very pleased with this product, works great and the audio is better than expected. Instruction leaflet difficult to understand but I did not really need it anyway. Great buy for the price.	2015-07-16
US	43887909	R35KWA1R1N0I9	B00WJHJGP2	29790660	Tepoinn Car Mount Holder,Windshield Air Vent Dashboard Car Mount Mounting Holder Brackets Kits Window Suction for Smartphone Iphone4 Iphone5 Iphone6 Plus	Mobile_Electronics	5.0	0.0	0.0	N	Y	Five Stars	works great!	2015-08-07
US	479531	R3M6HFZDG2JPBI	B00OMSIQ8E	110214184	E-PRANCE New Arrival B47fs Super Hd 1296p	Mobile_Electronics	5.0	4.0	4.0	N	Y	Excellent Dash Cam	An excellent dash cam, super high definition video quality, looks great, works great, love it so far!  With a 2.7’’ screen, it is great to see the camera recorded right away, it is very convenient for menu settings, adjustment and video playback, too.  After it’s installed on the windshield and plugged into the cigarette lighter, the camera will record automatically when I turn on the engine. It will automatically turn off when I switch the engine off.  This dash cam shoots really awesome video for both day and night! It records footage up to 1296P Super HD at 30fps, the highest video resolution I can find on Amazon. It can show clearly the license plate and other details in front of my car on the video. While it supports recording 1080P Full HD video at 60fps, technically shoots more images than that at 30fps, particularly fits for high-speed motion, but I cannot find obvious differences on the video.  GPS is very cool and it's showing my route and speed. There’s CD Player comes along with the dash cam, simply put it in my laptop, open the video player and drag a MOV file to it, Google map pops up with route and speed information. GPS also automatically sets the exact date and time to be displayed on videos, simply specify the desired time zone in the menu. Two thumbs up!  As is specified on the detail page, there’re four recording modes in the dash cam, and I tried them all. 1. Loop Recording: I insert a 64GB micro SD card in the dash cam and left it records in the car (with a hard wire kit provides continuous power), and check it the other day. The dash cam records about 8 hours all along, from the time showed on the video, the oldest clips were automatically replaced by new ones. The video clips were cut into average one minute segments on the micro SD card.  2. Emergency Recording: While the dash cam is recording, simply press the “M” key, the current video will be saved immediately and won’t be overwritten by loop mechanism. With a built in Gravity Sensor (G-sensor) the emergency recording mode will trigged automatically when it detects vibration around. This will be vital in an unpredictable incident, the video could be a critical evident in a traffic claim.  3. Motion Detection: A very useful feature, if an object passes in front of the vehicle, Dash Cam automatically starts detection and records motion. Without additional changes to setting, it can automatically detect and record a person approaching the parked car, whether to vandalize or steal from the car. You need to buy an additional hard wiring to provide continuous power.  4. Time Lapse Mode: A wonderful entertainment technique that records a scene or objects that has a slow state-of-change and turns it into a video that plays back in high speed. Have your camera stationary on something that changes slowly (e.g. plants growing) and start recording for hours or even days. Hours and hour’s worth of photos are compressed into a video with merely few minutes playtime, thus creating a time lapsing effect. It’s a pity that only 1sec/5sec/30sec for option in the menu.  On the video, there shows the real time, car plate, and driving speed, all can be set in the menu. Make sure you set the date and time correctly when you install your camera. This will be helpful when you have to offer competent evidence to avoid traffic claims.  While the dash cam is recording, short press the “Down” key, then the audio won’t be recorded; press the “Up” key, the screen will turn off and the cameras still keeps on recording, press the “Power” key, the IR LEDs will be activated. The shortcut keys have very corresponding icons showed clearly on the screen.  Thanks for the new generation mounting, the dash cam could be rotated 90 degree up and down, and when you push it to the topside, you can rotate it around, making it’s available to record inside and outside of your car.  The car charger seems high quality with a Blue LED and an extra USB port which can be used to charge my phone. Very Nice Design!  There’s HDMI cable in the package, but I still have not test it.  Con. 1. Expensive. Though coming with new features and better footage, the price is still a little  high for me. 2. Low capacity battery. I understand most dash cams are designed to work with car power supply, but camera with thus high tech. should have better battery, right? 3. Unspecified User Manual. There’re just basic instructions and operations, no further details.	2015-04-15
US	32320924	R2P43HX91DISZ5	B001Q5DQOU	340841840	Sirius Radio Dot Micro Car Antenna	Mobile_Electronics	4.0	0.0	0.0	N	Y	Does the Job	This is my second one and they both have done the job as required.  Only problem is if I don't route the cord properly my puppies tend to find the wire and chew through it with practically nothing more than a thought.  So if you have dogs, wire it properly the first time around.	2014-01-23
US	14214227	R2S9B8PXRJJWQC	B00LAG4F6S	82850235	iXCC Multi pack Lightning cable	Mobile_Electronics	5.0	0.0	0.0	N	Y	Five Stars	good product	2015-02-20
US	43870845	R3JKM1JLG3ZK9V	B004N8PJKQ	78949330	Bundle Monster Barnes & Noble Nook Color Nook Tablet Synthetic Leather Case Cover Jacket + Skin Art Decal Sticker + Screen Protector Ereader Accessories Combo - Fits both Nook Color and Nook Tablet (Released Nov. 7, 2011) Devices	Mobile_Electronics	5.0	0.0	0.0	N	Y	Nook Tablet cover	I had a hard time finding a cover just like this for the Nook Tablet.  Thrilled that I could find this!	2014-10-03
US	38098215	R3T6EMOVHJRPNS	B00DDW2JG0	382222732	2 Pack HMDX HX-P240YL Jam Plus Portable Speaker - Allows You To Pair A 2nd JAM Plus Speaker For True Stereo Sound (Yellow) + FREE Bonus Photive 2600mAh Portable Battery Charger Power - Allows You To Charge Your Speakers or Phone On The Go	Mobile_Electronics	3.0	0.0	0.0	N	Y	One Jam+ was DOA, had to take a picture ...	One Jam+ was DOA, had to take a picture of it to get a replacement.  Unit has been replaced.  Any thoughts to combining the left & right speakers into 1 unit that only needs to be paired once?  Just sayin'.	2015-01-15
US	13297139	R1XAW1LKWLLHUH	B0071U6Y2A	558854330	eForCity Leather Case with Stand for Barnes and Noble Nook Color, Green	Mobile_Electronics	2.0	0.0	0.0	N	Y	yuck	Not very good poor quality tore on second day. Glad I didn't pay a lot for this; wouldn't buy another one.	2013-10-02
US	42694003	R1YNUAAJZGZYKU	B00W8U2D6O	358210807	HOT SALE Switchable 1.5M Car Charger specially designed for Bose SoundLink Mini Bluetooth Speaker LOWEST PRICE (MANUFACTURERS' PRICE)	Mobile_Electronics	1.0	0.0	0.0	N	Y	One Star	Didn't work with my boselink	2015-06-27
US	125368	RNMFOPZN7VKIE	B00TMUZX10	657927559	AGPtEK Foldable 4.3 Inch LCD TFT Rearview Monitor Screen for Car Backup Camera, Car DVD, VCD, GPS,	Mobile_Electronics	5.0	0.0	0.0	N	Y	Great buy	Works perfect for 12.99 can't go wrong.	2015-08-23
US	2699781	RY9X09OAWRHMF	B00M7S1QVA	750888195	AUDIOP EQ908X Audiopipe 9 Band Equalizer	Mobile_Electronics	5.0	3.0	3.0	N	Y	Five Stars	Excellent eq	2015-05-24
US	12114179	R1ILC02T2X32D3	B00J0CVVGQ	503010924	Omaker bluetooth speaker	Mobile_Electronics	5.0	0.0	0.0	N	Y	Five Stars	This speaker is great! Sounds good also.	2014-07-07
US	45757282	R3FUBTIKY1S7HW	B00HSVIOKC	32393498	PerformancePackage™ Radar Detector Hardwire Power Cable - Escort 9500iX, 8500X50, SoloS3, Redline	Mobile_Electronics	5.0	0.0	0.0	N	N	better than factory	cheaper & has a fuse. about 1/2 of an Escort hardwire kit.	2014-11-13
US	34570692	R2EG67DFAX8UAD	B00IF0OX0K	560908356	NetGear Wireless Range Extender - EX6100-100NAS	Mobile_Electronics	2.0	1.0	1.0	N	N	Buyer Beware	I would suggest buying another brand.  The web address printed in the installation guide takes you to a spam site where they try to sell you a support package ranging from $150 to $350.  If netgear was a reputable company they would protect their brand by shutting down this web site.  It makes me thing they have something to gain from this spam web site.  I would also question the integrity of a retail that offers product from company's with such practices.<br /><br />Other that this the extender appears to work well once you find the real tech support for Netgear	2015-05-26
US	23263568	R3PM0SOM984IJY	B008ZZHPGO	205203791	The Friendly Swede 5 x Penguin Silicone Cases Skins Covers - Hot Pink Purple Green Black Blue - Microfiber Cloth and Retail Packaging	Mobile_Electronics	5.0	1.0	1.0	N	Y	Cute and Durable	Bought these for my daughter some years ago. They are cute, durable, offer okay protection.  Reasonably priced. Buy 'em, you like 'em!	2014-05-16
US	47337617	R2CU4DTZ4Y596Y	B00DPJ2Z1A	319086372	AGPtek® 70*16cm Car Sound Music Activated Sensor Stickers Equalizer Glow Blue LED Light (Space Saving, Low Power Consumption)	Mobile_Electronics	4.0	0.0	0.0	N	Y	he seems to like it. I thought the bars would flash individually ...	Bought for my son, he seems to like it. I thought the bars would flash individually but they seem to all be on the same line. Otherwise it is a good product.	2015-02-20
US	35751856	RGTMYKXV5Q7NC	B00E5PI594	150258418	Apple USB Lightning Cable 9ft -NEW 2014 for iOS 7 - iSmooth's 2nd Generation Apple Lightning Compatible (iOS 7 compatible) Cable Designed to Sync and Charge iPhone 5, iPhone 5S, iPhone 5C, iPad Mini, iPad Mini 2, iPad 5, iPad 4th Generation, iPod Nano (7th Generation), iPod Touch (5th Generation 16GB, 32GB, 64GB) - Premium Quality - The ONLY Cable with a 10-Year Guarantee!	Mobile_Electronics	5.0	0.0	0.0	N	N	Update: New generation cord sent to me free, works as it should!  Excellent customer service and communication. Would buy again.	This is an update, December 1, 2013 for the new cord which I received for free.<br /><br />As you can see from my previous review below, the first cord I received did not work.  I posted a 2 star review and returned the cord to Amazon for a refund.  The seller contacted me immediately, explained that the cords had been updated, and that I would receive a new generation one for free, in 7 to 10 working days.  I did receive the cord and it works as it should, charging the phone as well as transferring data. I am very impressed with the customer service from this seller, the contact was prompt and they went out of their way to rectify the situation.  The cord has a great warranty as well, in case it does fail. When I first plugged it in, it hesitated to make a connection. I used some Deoxit gold on the contacts, and haven't had a problem since. Link to Deoxit on Amazon:<br /><br />[[ASIN:B003D8EA7A DeoxIT%C2%AE GOLD Liquid squeeze solution]]<br /><br />This is the original review of the cord which did not work:<br />When I plugged this into my computer and phone, nothing happened.  No charging.  I plugged it into an AC powered USB port, still nothing.  I wiggled and pushed this way and that at the phone end, and achieved a connection, but the connection was lost when I let go the pressure applied.  I applied DeoxIT D100L to attempt to improve the connection, but it did not solve the problem.<br /><br />The cable appears to be well made, and it would be hard to tell the difference between this and the apple product, except for the fact that it did not work properly. It was shipped promptly, and in the package was an offer for a free cable if I were to review the product.  Well, here is that review, and the product would have received 5 stars if it made a reliable connection.  It will be going back tomorrow via Amazon Prime, and I've not yet decided whether to try another one of these, or wait for the free one first and see if that one works better.  The extra length would be a real advantage, the Iphone 5C battery only lasts about 3/4 of a day with normal use, and being tethered with the 3' factory cord while using the phone is a real pain in the butt. Judging by the distribution of ratings, it seems that a predictable percentage of these cables will not work properly, but the low price, quick shipping, easy Amazon return, and promise of a free cable make this a reasonable risk to take.  If/when I receive another one of these, I will review it again on its own merits.  If the next one is good, I will buy another one or two for backup and alternate locations.	2013-10-31
US	45748672	R3MO2AXEFFWTX8	B00C4ZBM38	363991066	Etekcity® Nagoya NA-771 SMA Female 144-440MHz 2.15 dbi 10W Whip Single Antenna for All Two-way Radios (Especially for Baofeng UV-3R UV5R KG-UV6D PX-888K)	Mobile_Electronics	4.0	0.0	1.0	N	Y	Fits okay, works well	"I bought this from the vendor Etekcity®. Looks like an authentic Nagoya NA-771, based on reviews that suspect bogus ones have stickers rather than a painted logo at the base as shown in the photo. Arrived in an orange plastic ZipLock®-style display sleeve, front side clear, with markings \\""Reuex Industrial Co., Ltd.\\"" There's a QR Barcode square, with a logo in red with both the Nagoya and Reuex graphics. There's even a spelling error to further authenticate that this is Made in China. (\\""Flexiable\\"" Spring Whip)<br /><br />Specifications on the package claim 2.15dB gain at 144MHz, and 3.0dB gain at 430MHz. This same antenna body apparently comes terminated in a variety of connectors, according to the hand-marked choices. This, as ordered, is an SMA-F, with others including SMA-M, BNC and Motorola.<br /><br />Carefully screwed it onto the UV5RA, and immediately felt a rough spot on the threads. Worked it back and forth, it seemed to clear up and now is fine.<br /><br />Antenna does NOT fully seat into the raised plastic circle on the radio around the antenna connection. The gap is less than 1/16\\"" (0.1mm), visible but not as bad as other antennas I've used. For example, I have a monoband VHF antenna, SMA-F, with a gap twice as bad as the Nagoya. I had cut and am using a thin piece of neoprene fuel line as a washer. Placed it under the Nagoya, threaded it down and compressed the washer for a tight fit, and it's good.<br /><br />Standard reception test is to find the weakest NOAA weather radio station on 162MHz VHF, plant the radio on the desk in one location, and swap antennas to compare.  The Nagoya does better than the monoband VHF antenna, and way better than the stock UV5RA antenna.<br /><br />Not sure yet how much I like the extended length of this antenna.  The wangle-dangle had better be worth improved reception and transmit over a shorter version. Physics suggest that's the case, but it's a tradeoff for sure.<br /><br />Have not yet tested on UHF.  Will decode the QR square and see what else they want to tell me."	2014-01-04
US	20748624	RJ83T6A0CA7L8	B00K98535A	462663082	Pioneer TS-SW2002D2 8-inch Shallow-Mount Subwoofer with 600 Watts Max Power	Mobile_Electronics	1.0	0.0	11.0	N	Y	Not a true wattage rating!	This sub is not 600 Watts Max so if you think its a good deal then you better not drive it with over 250 Watts or you will blow it like I did with 500 Watts. The spec is very misleading.	2015-08-27
US	34642929	R35M0KK901JP1J	B00U05MVPM	371469224	Lethal-Eye NPT Adapter 4003 Oil Filter Thread	Mobile_Electronics	5.0	1.0	1.0	N	Y	Five Stars	fits like a glove	2015-05-01
US	28431569	R30SKBL1YNWERN	B0090OOO2M	489574874	2-Pin Ear-Clip Earpiece Headset for Motorola Two Way Radio cls1110 cls1410 cls1413 cls1450 cls1450c etc	Mobile_Electronics	1.0	0.0	0.0	N	Y	One Star	It does not work anymore	2015-03-22
US	44622369	R1M8RPCNNZZPZX	B00JZVZTGU	827772123	Bear Motion ® Premium Slim Case for Kindle Paperwhite and the All-New Kindle Paperwhite (does not fit Kindle or Kindle Touch) (Paperwhite, Green)	Mobile_Electronics	5.0	0.0	0.0	N	Y	Five Stars	highly recommended for Kidle Paperwhite users!	2014-12-15
US	13004134	R1U4AHA5IKZ68W	B00ATIS7UI	554927170	X-1 Women's Momentum In-Ear Ultra Light Headphones	Mobile_Electronics	5.0	0.0	0.0	N	Y	Five Stars	Best head phones for serious runners!!  They don't budge, and they fit in my ears perfectly.	2014-09-23
US	15755725	R1ZG35AGYAO5XW	B009CRMABY	71624801	ZHOL® NEW Am-fm Hidden Windshield Antenna Car Radio Truck	Mobile_Electronics	3.0	0.0	7.0	N	Y	Hate to say it..	But i have yet to install this unit on my truck cant give a good rating now. maybe later this summer.	2014-04-11
US	22501381	R6UMNACT774QF	B008R68DFS	423148551	Patazon Black Extension Dock Extender 30pin Adapter for iPod iPhone 4 4S	Mobile_Electronics	5.0	0.0	0.0	N	Y	Five Stars	Long lasting and bought several for other people! A huge hit!	2015-02-15
US	14778916	R3SEXHHA9FWGHD	B00HJ2IB1M	394792920	"Asunflower® US 7"" Car GPS Navigation Touch Screen 128RAM 4GB Wince6.0 FM Navigator"	Mobile_Electronics	5.0	4.0	5.0	N	Y	great item low ptice	Take the time to set it up properly and know how to use it and you will be satisfied. Mine arrived with Greek as the set language. I easily changed it to English. This unit also stores music and movies...	2014-05-23
US	15031953	RCOEG0EMBDB3Q	B004AQNZIO	873363644	Barnes and Noble Nook Color Wireless Reading Device - Latest Generation Accessories Kit: Ruby Red Snug Fit Hard Cube Carrying Case + Black Compatible Nook Color Retractable Car Charger + Live * Laugh * Love Vangoddy Wrist Band!!!	Mobile_Electronics	5.0	0.0	0.0	N	Y	good buy	great considering the price. same quality is double the price at Best Buy	2014-09-29
US	33323225	R3QQOLRX2EZWER	B00AOF1TGU	123886580	HHI Silicone Skin Case for iPod Nano 7th Generation - Black Funky Duck (Package include a HandHelditems Sketch Stylus Pen)	Mobile_Electronics	5.0	0.0	0.0	N	Y	Five Stars	Fit perfect	2015-03-22
US	44553432	R39N33FFR7SND4	B00KT4YWDS	542386021	"LIMTECH Version 2014 R310 Car DVR 2.7"" TFT 270¡ãRotating Dual Camera Lens HD Car DVR Vehicle Blackbox DVR with G-sensor & GPS Module & SD Slot"	Mobile_Electronics	4.0	0.0	0.0	N	N	Can you post a link to the software?	Can you HELP?? My box came without the software to watch the recordings along with the GPS location. Anyone willing to provide a link to a copy??<br />or email it to me!<br />or provide the information to contact manufacture!!	2015-05-21
US	29165374	R1EMI3F1JHQ7MR	B00E6JYAFC	644220293	SUPCASE New Google Nexus 7 FHD 2nd Generation Tablet Slim Fit Folio Leather Case (Free Stylus, Elastic Hand Strap, Compatible with ASUS Google Nexus 7 Full HD 2 2.0 II Tablet 2013 Version)	Mobile_Electronics	5.0	0.0	0.0	N	Y	Five Stars	Recommended	2013-09-06
US	38146472	R2NORQSLVAB6PB	B0088NPVB4	1264634	Diy iPod Touch 4 case , Fashion case for iPod touch 4 case	Mobile_Electronics	4.0	1.0	1.0	N	Y	Good products for good price.	I got this for my daugther, and she loves them.  Her favorite is the leoperd print one.  She had it for about 3 weeks and it gotten real dirty, from her touching it constantly I'm guessing.	2013-11-20
US	24883520	R3PNAIJ2D2PYIB	B002UZH8QW	384916248	Cadence CVSL69 6x9 Inches 3 Way Competition Component Speakers	Mobile_Electronics	5.0	0.0	0.0	N	Y	Couldn't ask for anything better, high quality sound	Couldn't ask for anything better, high quality sound.Regardless to  how loud i turn it up,it's clear.Able to handle a 3500 watt ,4channel punch amp...	2014-08-01
US	51949299	R1X0POVGN1UTVK	B00TR246AC	929614535	Ls-4167	Mobile_Electronics	4.0	0.0	0.0	N	N	Just one quibble keeps this from 5 stars	"[[VIDEOID:d4811eb8e3fe67c204c859a6550097d1]] For the price, this is a nice bluetooth speaker. It's a good size - not too big, but big enough for good sound (\\""good sound\\"" being relative - I think this has quite good sound for the price, but not as good when compared to $100+ options). It's got a quality feel - nice surface, the right amount of heft, everything is solid, no squeaks, no rattles. It has a good feature set - Bluetooth, speakerphone, line in, *and* line out. And, in my opinion, it's attractive.<br /><br />However, when paired with one of my phones (Kata i4), there was noise (which, sadly, doesn't come across on the video) when using the phone to move between songs as well as when switching into/out of Bluetooth pairing. I didn't notice that with a different phone (Nexus 6) when pairing, but...the Kata i4 has paired with numerous other Bluetooth devices without issue. So, I suspect this is an issue with the B-trek, and that's why I'm going with 4 stars - when used as a Bluetooth speaker, there were some sound/interference issues, which isn't as good as I'd like.<br /><br />BUT: If you want to use this as a line-in device, I had zero problems when doing so. When connecting headphones (scenario: you've got nice wired cans, want to listen to a Bluetooth device but don't want to be physically connected to it because it's across the room or people would trip on the cord), I had zero problems... although, to be fair, I didn't test that for long, as it's not a typical use case for me. When I just let it play and didn't change songs, it was fine. It worked as a speakerphone perfectly well for a two minute call to my daughter.<br /><br />So... it might work great for you. For me, there was just the one problem, but I had to dock a star.<br /><br />I received a free sample for evaluation purposes. Please feel free to ask questions in the comments and I'll answer as soon as I'm notified.<br /><br />---------<br /><br />Please note: I originally reviewed the [[ASIN:B00THLAB52 black version]] but was asked to also post the review here, for the white version. It's the same speaker, just in a different color.0THLAB52 black version]] but was asked to also post the review here, for the white version. It's the same speaker, just in a different color."	2015-03-18
US	39365780	R1K7GBDMGZ0L1M	B007VT0TLI	183757095	Motorola TK30 ASMTK30-GB0A Music and Bluetooth STEREO Hands-free Professional Install Car Kit Speakerphone for iPod, iPhone, Android, Samsung Galaxy S	Mobile_Electronics	1.0	0.0	0.0	N	Y	Got a mal funcitoning unit	This was a unit that never worked well - got a defected one.<br />I stopped using it and threw it away.	2014-01-14
US	1250974	R11L0BK7DKQ934	B00TY7KNCU	896540811	Kinetik HC1200-REV 1200 Watt 12V Car Battery/Power Cell High Current AGM	Mobile_Electronics	4.0	2.0	4.0	N	Y	good battery not great	was at my door in 3 days after i ordered it but my head lights still flash. didnt fix the problem but it did help.	2015-03-06
US	4899330	R3VM3L1AFWUSN8	B00DDPKLH6	826813261	Weanas (TM) 2 Way Walkie Talkie Two Way Radio UHF FM Transceiver Interphone Intercom 16 Channel with 1500mAh Rechargeable Battery	Mobile_Electronics	5.0	0.0	0.0	N	Y	Five Stars	Great product. Would recommend to anyone. Great for construction to security!	2014-08-07
US	31495051	R2VHUYJB7EZ8QB	B00166G81M	776321291	2-Port USB Car Charger Adapter	Mobile_Electronics	1.0	0.0	0.0	N	Y	One Star	flimsey	2014-10-28
US	2782491	R3D9F1B4JWBH1K	B00GZ7ZF8O	13157278	IPHONE 4/4S Monster Green FULL CASE	Mobile_Electronics	2.0	0.0	0.0	N	Y	Bad	Bad case. This case is not very durable and breaks on the slightest movements. The image is not as bright as it demonstrates in the image but instead is very dull and blurry.	2014-03-30
US	11760645	R2PMX5J1PDWQOX	B007WOKBRY	987522321	EC TECHNOLOGY? New design Backup External Battery Pack and Charger (Power Bank) with flashlight	Mobile_Electronics	1.0	0.0	1.0	N	N	One Star	Never got to use it. It doesn't charge my phone. I have a galaxy 4.	2014-10-11
US	52709999	RKHHWSVOJF8YT	B00FABXWE0	942069836	Garmin 361-00033-01 Battery - Replacement for Garmin GPS Navigator Battery (1150mAh, 3.7V, Lithium Polymer)	Mobile_Electronics	1.0	1.0	1.0	N	Y	Don't Buy. Fails to Work with Garmin	This product failed to work in my Garmin. Garmin would not boot up. The old battery is now still in use with little holding power and fortunately still works.<br /><br />This replacement fails to work. I suspect some software is detecting a non-Garmin battery and prevents it from working...that's my theory. Don't Buy.	2015-04-28
US	37810257	R23AIBA0RM2WCM	B00ANEOE0A	497442301	HHI TuchiFlip5 Case for iPod Touch 5th Generation - Black	Mobile_Electronics	5.0	0.0	0.0	N	Y	Good value and small size	Good quality for the price. Almost exactly what I was looking for. Provides good protection in jacket or pants pocket while keeping things overall small and lightweight. Wishing they had a version with a belt clip.	2013-10-12
US	37720704	R3J5Z57IU70WNH	B00D4HE4VC	66987129	Qi Wireless Charging Receiver Case/Jacket for iPhone 4S/4 White	Mobile_Electronics	3.0	0.0	0.0	N	Y	Bulky	Good quality but bulky/heavy	2015-01-30
US	34332554	RYE1TDHFJNU7X	B00HFDHB9S	535615189	BeatsByDre PILL2K Pill 2.0 Wireless Bluetooth Speaker Black	Mobile_Electronics	5.0	0.0	0.0	N	Y	Loved it!!!!!!!!!!	Loved it!!!!!!!!!! Loved it!!!!!!!!!!	2015-01-19
US	11231730	R3NHTVNBBAWDQ0	B00AZ5OCNQ	521815315	Apple iPod Nano 7 (7th Generation) Bunny Skin Case + 1 Fruity Dust Plug, Purple [Cellular Connection Packaging]	Mobile_Electronics	5.0	0.0	0.0	N	Y	I loved it!	This is so adorable! When I ordered it i was affraid it would not fit right as it has happened to me before, and also that it was giong to be very so and rubbery. But i was pleasantly surprise because it fit perfectly and is made of a nice sturdy rubber. I havent had it for too long but i think it will last me a while plus it shipped really fast. I love it. In my opinio is worth it.	2014-01-30
US	17183440	R2WK602LIY1VH0	B00DEAX6L8	124792185	VanBox Wireless Bluetooth A2DP Music Receiver for Bose Sounddock / Beatbox / Phillips / JBL and Other Dock Stations - 30pins (Black)	Mobile_Electronics	5.0	0.0	0.0	N	Y	Great price.  Fast connection	Great price worked great right out of the box.  No issues and connected quickly.	2014-07-20
US	43220356	R2QWP1D3O4HGKH	B00QERR5CY	82850235	iXCC Multi pack Lightning cable	Mobile_Electronics	5.0	0.0	0.0	N	Y	Five Stars	Works great and is recognized by my iPhone 5	2015-07-14
US	769801	R3IB0T9HT1U7TT	B00HTY191E	30592166	Car Suction Cup Mount for GARMIN NUVI 200 200W 205 205W	Mobile_Electronics	5.0	0.0	0.0	N	Y	Five Stars	works great	2015-08-19
US	16679533	RLPDMS8U4834I	B00EY8TISY	826291319	Pinnacle- 3 In 1 Car Kit MP3 Player FM Transmitter SD/MMC/USB Card Reader Hands Free + Remote	Mobile_Electronics	4.0	0.0	0.0	N	Y	Fun, Functional, and Inexpensive	Cons: The instructions are worthless. They do not include any illustrations. They cover very little. They are written in Chinglish. Transferring files to the device is a chore at first, as one (I did, at least) has to download an unsigned USB driver. Windows XP warns against unsigned drivers, but I had to download it to see the device in My Computer. Also, for some reason, it assigned and claimed two separate drives when plugged in. I just ignored the second one (it has zero capacity anyway) and used the first one.<br /><br />Pros: It works, or has for one month, which I assume would have revealed 90% of potential malfunctions. If you understand what the device is supposed to do, it’s very simple to figure out, and then the worthless instructions become a source of amusement and enjoyment. Once the driver was installed to see the device, downloading .mp3s from the computer is copy-and-paste simple. When I ordered the device, Amazon stated that it would not be delivered for about six weeks: It ships directly from China. As it turned out, the wait was much shorter. I ordered 29 November. Delivery was 13 December. Putting it in the power outlet of the truck and tuning the radio and device to a mutual FM frequency was quick and easy. The frequency I tuned to on the truck radio had some noise from a far-off station. When turned on, the device just over-rode that, and its signal came through loud, clear, and uncluttered. The device follows subdirectory structures, so if you copy a subdirectory to its memory (a particular album, for example), it will play that subdirectory as a whole before moving on to the next subdirectory’s contents. I can’t speak for the quality of sound, really. I’m playing lossy .mp3 files through the two door speakers of a regular-cab pick-up. It is good enough. It has a headphone jack. Four GBs of memory is loads of .mp3 files. Fill it up, and you’ll have days’ worth of audio. Time will tell on the internals, but the device’s body issurprisingly sturdy. It comes with a short USB cable and a spare fuse. The remote is a tiny little thing, but works fine.<br /><br />Bottom line: For the price and what it does, if it continues to work for six months, I’ll feel I got the bargain of the century. If it croaks after that, I’d happily order another.	2014-01-11
US	18964223	R35JS6Z28HCGPA	B00M69QV0G	82224280	Bluetooth Speakers Dylan™ Cocoon Portable Bluetooth Speakers with Nfc, Wireless Speaker System / Portable Speakers with 1800mah Li-ion Battery, Ultra Bass Booster, Powerful Crystal-clear Sound, Subwoofer Sound Effect / Built in Mic for Calls / for Smart Phones and Tablets / Laptops / Pc Computers / Mp3 Players (Silver)	Mobile_Electronics	5.0	0.0	1.0	N	Y	great sound! you can compare it with JBL or ...	great sound ! you can compare it with JBL or BOSE is no problem.	2014-10-03
US	8311717	R2XBDGZ9TVPX2Z	B00C9B32J4	792244709	Fotga Newest V8.00.034 MINI VCI for TOYOTA TIS Techstream Diagnostic Cable & Software	Mobile_Electronics	5.0	1.0	1.0	N	Y	Great Tool	Great tool for my Toyota rav4, needed a key programmed, would've cost about $100 at the dealer, got this for 30 bucks. Checked my vehicle health, have the ability to do all the dealer only options, how great is that? The installation procedure was a little different than the manual, took some tweaking as well to get it to work on Windows 8.1, Google comes in handy, totally worth it.	2014-08-19
US	10713991	R29BER6JQL4JHG	B00P0DQIJY	475576894	"Schmitt & Ongaro Marine - Ongaro Ss Mini Compact Twin Horn 12V ""Product Category: Boat Outfitting/Horns"""	Mobile_Electronics	1.0	1.0	1.0	N	N	Mfg doesn't stand behind there pruduct	Didn't last a season  Schmitt & Ongaro wouldn't  honor warranty Because I had cut the OEM  wire length. There was still 6 inches of wire sticking out',clearly enough to hook up power and ground to test. By the way the 5 year warranty is for rust not to work 5 years. When have you seen stainless rust	2015-04-22
US	36292799	R3KV7OHTBOIWH7	B00U89RPVA	663883841	Elegiant&reg; 4GB Waterproof MP3 Player FM Radio with LCD Display for Swimming Or other Sports	Mobile_Electronics	3.0	2.0	2.0	N	Y	Instructions poor. Construction O	For price, O.K.  Not able to find FM function.  Instructions poor.  Construction O.K.  Shipping slow, but within time indicated.	2015-05-26
US	16663224	RY8FTMZTO7JRW	B008XW05NO	140915568	Solar Power Car Auto Cooler Fan Air Ventilation Vent System Radiator Black	Mobile_Electronics	3.0	0.0	0.0	N	Y	Solar Power Car Auto Cooler Fan Air Ventilation Vent System Radiator Black	it works ok. i thought it would work better than it does, but it is ok for the back of a hot car.	2013-08-25
US	14490565	R1NDKMJZNZYXC0	B00DEB5ELM	773618375	Blue Police Call Box - Tardis Doctor Who Pattern Case Cover for iPod Touch 4 4th Generation + Screen Protector	Mobile_Electronics	5.0	0.0	0.0	N	Y	Very Cool!	I brought this for my niece for Christmas for her Ipod Touch 4th Generation and it looked so cool when she snapped it on.  She loves it. I would recommend to Dr. Who fans.	2013-12-30
US	49581740	RVJ73ZRYO5J42	B001RTS5TG	501344658	Sony Walkman NWZ-W202 2GB Wearable Mp3 Player Colour PINK	Mobile_Electronics	5.0	0.0	0.0	N	Y	Five Stars	excelente	2015-01-09
US	52675004	R1IA6S884AXH1Z	B00F3JZRK6	464536586	"(3pc Cables) - Apple Sync USB Cable Charger Lightning to USB for iPhone 5, iPod & iPad 4, ""The New iPad Air"" and iPad Mini with Retina Display - EXTRA SMALL (5-Inch Only) - WHITE"	Mobile_Electronics	1.0	0.0	7.0	N	Y	sux	It's garbage. If the wire moves a little while plugged in my iphone stops charging. Not ideal to use on the go.	2014-03-28
US	761170	R2F5XRVO4P47GT	B00J46XO9U	744008282	iXCC Lightning Cable 3ft, iPhone charger, for iPhone X, 8, 8 Plus, 7, 7 Plus, 6s, 6s Plus, 6, 6 Plus, SE 5s 5c 5, iPad Air 2 Pro, iPad mini 2 3 4, iPad 4th Gen [Apple MFi Certified](Black and White)	Mobile_Electronics	5.0	0.0	0.0	N	Y	Five Stars	Well nothing bad to say about this everything is better when what I was expecting	2015-06-26
US	3908131	R4JAV61XG32WK	B00Q4KPOA6	476270097	Excelvan MD80 Smallest Mini DV Camera Digital Video Recorder Camcorder Webcam DVR	Mobile_Electronics	3.0	1.0	1.0	N	Y	Camera is light weight and seems easy to use	The SD card slot is a little rough to get cards in and out. Camera is light weight and seems easy to use.	2015-06-01
US	4498725	R3DCUB7E3OV9R3	B00OJC3YS0	79735663	Eforce Car DVD Player for Ford Focus 2007~2010 Radio	Mobile_Electronics	5.0	0.0	0.0	N	Y	Five Stars	super quality<br /><br />thank you	2015-02-23
US	9967243	R1HS878Q30SO10	B007MJD5LI	622601772	eForCity Leather Case for Barnes and Noble Nook 2 / Simple Touch, Red	Mobile_Electronics	5.0	0.0	0.0	N	Y	Great Product!!!	Works really well!! Well made and stylish!!!	2015-07-28
US	10891147	RSFCN1WPLR856	B00F2GMUPU	755394802	E-PRANCE® Mini 0801 Car DVR Dash Camera Ambarella A2S60 Chip 5M pixel CMOS + GPS Logger + High Resolution Full HD 1080P 30 FPS + G-sensor + License Plate + 135 Degree Wide Angle View	Mobile_Electronics	1.0	2.0	2.0	N	N	Two units failed within one year	The camera performed well when it worked but two units stopped working within a year (the first one was replaced under warranty). I will not be buying another camera from this company.	2015-03-01
US	49475469	R298BX1SERTA5L	B00JK2FFK4	161514421	Universal PU Leather Women's Wallet Wrist-let Clutch fits Apple iPod touch 5th generation Case - STRIPES & CORAL. Bonus Ekatomi Screen Cleaner	Mobile_Electronics	5.0	1.0	1.0	N	Y	Great!	It's worth the money, the style don't get boring, it's nice and small. I can't go a day without it.	2014-05-23
US	13776438	R1J4Z31XT551WL	B00GH0CJII	431087165	ME-B01+ME-GO800: i.Trek motorcycle bike handlebar mount for TomTom VIA 1405 1435 1505 1535 1605 T M TM GPS	Mobile_Electronics	5.0	0.0	0.0	N	Y	works	Great if you're riding your bike around!	2014-12-07
US	10646742	R2HJQEX8GJ1P55	B00AI5UOJ4	909455682	OontZ Angle Bluetooth Speaker [FIRST GENERATION] Ultra Portable Wireless with Built in Mic up to 10 Hour Playtime works with iPhone iPad tablet Samsung and smart phones - Green Grille	Mobile_Electronics	4.0	0.0	0.0	N	Y	Cute little speaker but	good price. wished they went a little louder.Chromebook and these speakers dont sink for me now. i use a cable to listen	2014-01-19
US	21276699	RWS7OWELC13LN	B00A0QSLJG	747547368	MiniSuit TPU Rubber Skin Belt Clip Holster Combo for Apple iPod Nano 7 (Matte Black)	Mobile_Electronics	5.0	0.0	0.0	N	Y	Very nice!	I don't know what people are doing to these to cause them to break but I am not having any trouble at all. The skin fits on easily  and the clip while light weight seems to be holding up just fine clipped to the front pocket of my jeans. My only problem is the side volume buttons don't work exactly just right, could be they are just a bit out of place on the skin but for heaven sake it's not a big deal. I hope this will hold up better than the other thing I got at chinamart and paid twice as much for.	2013-10-11
US	6089606	R182KMFN48UAXU	B00U05MVPM	371469224	Lethal-Eye NPT Adapter 4003 Oil Filter Thread	Mobile_Electronics	1.0	1.0	5.0	N	Y	crap!!!	did not fit the oil filter I had. this item was just a little bigger than the hole on the filter for having &#34;3&#34; different sizes. I will check more filters to see if it works but I am not getting my hopes up.	2015-04-18
US	16809924	R1K92HODH5J8SD	B005ZYWSCE	769598713	DekCell 7 Inch TFT LCD Color Screen Car Back up Rearview Monitor for DVD Car Rearview Backup Camera + Remote Control	Mobile_Electronics	4.0	0.0	0.0	N	Y	Four Stars	Worked great	2014-07-19
US	46139831	R22LGPXZWV18CE	B00MN2GRFK	149163531	Crosley CR1101A Old Retro Style Mini Replica Color-Changing CD Jukebox	Mobile_Electronics	5.0	15.0	16.0	N	N	Awesome Radio	Really like this radio.  What I love the best  is the neon lights. The CD works beautiful.  Certain FM stations  little hard to get but they still come in. Thank U loads.	2014-09-17
US	10048761	RXE1AB6WU0J0L	0594012015	991491334	Barnes & Noble NOOK Power Kit in Carbon BNADPN31	Mobile_Electronics	1.0	8.0	8.0	N	Y	They had down for a Nook color,it is not.	Sending it back,they had in theirs ad as charger for Nook Color,it is not. The only good thing it came super<br />fast. It is for black and white Nook. They over charge for it. Like twice as much for b&w Nook,you can get at B&N<br />store. I now notice they don't  any longer put now it is for Nook Color.	2013-07-23
US	2712049	R7OUUHAJ7HC7X	B00N0F0ZS4	423672574	"Geepro 2.7"" Full HD 1080p G1W Car Dash Camera DVR Novatek NT96650 AR0330 Lens with G-sensor Night Vision Motion Detection - Black"	Mobile_Electronics	2.0	0.0	0.0	N	Y	Two Stars	Wrong item.	2015-05-11
US	18143364	RU4ABWJTQ5QRK	B00S8W1C8G	531553548	8GB USB Flash Drive Backlit LCD Screen Mini FM Radio Slim MP3 Music Player Red	Mobile_Electronics	1.0	0.0	1.0	N	Y	Just ok.	Did not expect much it's a cheap mp3 player.  Radio does not work well in side a building.	2015-04-09
US	37041205	R3OIWRFFCNK0CU	B00IQ7PMVQ	684010808	HP F310 WDR Car Dash-cam Camcorder (BLACK) Driving Recorder DVR GPS Logger/F1.9/130°	Mobile_Electronics	2.0	20.0	30.0	N	N	HP F310 poor mounting bracket makes this bad value	Duplicate of my Amazon.co.uk review here (...)    The HP F310 is just OK but let down by a few of things - these are unacceptable for such an expensive camera.    1. The mount is rubbish, the physical connection to the camera is poorly designed allowing the camera and picture to wobble up and down - especially at low/resonant speeds, this causes clicking sounds that are easily heard on the sound recording.    2. The inability to change from metric/kmph to imperial/mph is a major and baffling oversight. (How come I have a metric/kmph version in the US? - I was on holiday)    3. The camera colour saturates with brake lights and traffic lights appearing as white dots, especially at night.    4. After comparing the video quality played directly onto HDMI monitor with other dashcam videos on YouTube [...]- I have to say the video quality is disappointing - even in bright sunshine a US car registration plate is only readable from about a car length away.    5. The cheap video cameras also include a HDMI to mini HDMI cable - I just had to go out and buy one - extra cost about USD12/UKP10.    Summary - Do not buy this camera.    Attached example video - showing the vertical wobble and associated clicking.  my hi-def youtube version  (...)  (...)    others' example videos:  (...)  (...)  (...) - but essentially the same mount	2014-08-15
US	42548775	R32E1UU71N2HM5	B00FJRP9TQ	124324065	Beats Dude Stand for Pill Portable Speaker - Red	Mobile_Electronics	5.0	0.0	0.0	N	Y	Five Stars	thank you very much very happy	2014-08-08
US	2619524	R2T6NBPSDSOVB4	B009H5Y9CE	509604075	2014 - 2016 Chevrolet Tahoe Video In Motion VIM TV FREE DVD Lockpick	Mobile_Electronics	5.0	0.0	0.0	N	Y	Five Stars	Very good product	2014-10-18
US	26484535	R1LD0OFBV3KFIA	B00CTRAB7O	263105988	CDX-M60UI - Sony Marine CD Receiver MP3/WMA/AAC Player with USB Input	Mobile_Electronics	2.0	0.0	0.0	N	Y	Worked great for about 3 weeks	This is the second unit I have owned.  First one the display messed up on, second one the buttons on the face plate stopped working.  Bottom line I would stay far away from this so called marine radio.  I was even extra careful with the last one detaching the face and storing it in the dry.  The radio shell was covered by a compartment that kept it from getting direct water hits.  I guess the dampness from being outside did it in.	2013-09-05
US	4116393	R2ZWOVQR8HD96A	B008JGR44W	663734548	The OontZ Ultra-Portable Wireless Bluetooth Speaker by Cambridge SoundWorks	Mobile_Electronics	5.0	0.0	1.0	N	Y	the oontz ultra portable wireless bluetooth speaker	I was very impressed with the sound this small portable speaker delievers and is very convient to carry, I wouldn't hesitate to purchase another one.	2013-09-02
US	31438654	R2MH8ZCFWV3IB4	B00466MU2K	102130205	HHI iPod Touch 4th Generation Silicone Looper Skin Case - Black	Mobile_Electronics	3.0	0.0	0.0	N	N	Three Stars	This was ok	2014-07-11
US	16267073	R1RH0FETX1CRCY	B001JT35JY	38626937	Solarcon 5 Magnet Mount CB Antenna Base With Coax Cable Black - Solarcon MAG-518	Mobile_Electronics	4.0	1.0	1.0	N	Y	Perfect for me!	This magnet mount has been perfect for me. My time spent on the highway is minimal but it holds strong for our beach trips, which includes 60 miles each way of off road driving, getting tossed all over the place in the soft sand.<br /><br />My only negative about it is that I should have cleaned the area of the roof I attached it to first as there was some sand or dirt under the magnet and it scratched my paint the first time I used it. Since then I make sure the area I attach it is clean and I haven't had a problem again!	2013-08-21
US	47515991	R3DEUDJBZEQTZ3	B008R68DFS	423148551	Patazon Black Extension Dock Extender 30pin Adapter for iPod iPhone 4 4S	Mobile_Electronics	1.0	0.0	0.0	N	Y	One Star	never worked	2015-03-18
US	23943923	R3S0ZQLCLQGXC1	B00IMFYGKK	18021167	Blacksys CW-100 Car Camera CCTV GPS Car Dash Cam Driving Camera Black Box DVR	Mobile_Electronics	5.0	1.0	1.0	N	Y	AWESOME	AWESOME!!!!! I HAVE HAD 2 DIFFERENT TYPES WITH G.P.S IN THEM & THEY WERE NIGHTMARES TO SET UP!!!! THIS WAS A DREAM!!! JUST PLUG & PLAY	2014-11-11
US	16980469	R1LO9JCP81T6Z1	B00FFJBAJ6	965274399	Fosmon HYBO-SK Series PC + TPU Hybrid Kickstand Case for Apple iPhone 5C	Mobile_Electronics	3.0	0.0	0.0	N	N	Three Stars	pretty good, nothing fancy	2014-07-01
US	17009130	R2JHKCKPZS3DT8	B00SUXD5GU	121451739	[NEW RELEASE] JEBSENS - T9 New MusicROAD Wireless In-Car Bluetooth FM Transmitter, with USB Charging Port, Music Control, and Hands-Free Call for Smartphones iPhone 6 6Plus 5s 5 4s 4, Samsung Galaxy 5 4 3 2, HTC, iPad, Tablets, MP3 Players & More!	Mobile_Electronics	4.0	0.0	0.0	N	N	Better than my old school cassette adapter!	This is so much nicer than using the old cassette player corded adapter! I have OLD cars. 1994 Ford Explorer for one. Old school cassette player so I just used one of those adapters that plugs into the headphone jack on your phone/whatever. Problem was, if you didn't fiddle around with the volumes on them, they would sound oh so terrible! AND you were limited by that cord running between your phone and the cassette player.<br />PROs:<br />I live in the sticks. I mean remote. If you get 5 miles away from the biggest town, you've got no reception. Even satellite is hindered here because of steep mountainous terrain. So no radio. Pick one of the frequencies on this thing. Any of them. They all work.<br />No more cords dangling around just waiting to get snagged by the driver...  You get the picture.<br />Plenty of ways to listen to music. If you can't get your phone to Bluetooth, or if you have a device that can't Bluetooth, then load a micro SD with WMA or mP3 songs.<br />You can charge your phone using the USB port, so you don't lose the use of the lighter &#34;port&#34; for charging.<br />You can use either your phone or the Jebsen to control music functions. You can skip ahead using the buttons on the adapter, as well as control the volume by turning the knob. Plus, using the Jebsen to skip tracks makes more safety sense since you shouldn't be messing with your phone while driving anyway. If they see you using a phone while driving around here, expect to get a ticket.<br />Small enough to throw in the glove box, jockey box, or whatever you call them these days.<br />Once paired, the unit quickly connects to your phone. Like it's sitting there waiting to connect...<br /><br />CONs:<br />Maybe it was just me, but I had a hard time getting my phone (LG Lucky) to pair. the instructions didn't give me much help either. I'm not even sure what I did to get it to pair, but finally it paired.<br />A little too big for my Ford. This fits great in my 1997 Saturn SW2. But if you are familiar with or own an old Explorer, you know how much room you get to jockey stuff around.  If you get it at just the right angle you can slide it all the way in so it makes a connection. Otherwise, you can't get the power. Not that this is a problem with the device, just my vehicle. It worked just fine once I could get juice to it.<br /><br />*I was provided one of these in exchange for an honest review.*ou are familiar with or own an old Explorer, you know how much room you get to jockey stuff around.  If you get it at just the right angle you can slide it all the way in so it makes a connection. Otherwise, you can't get the power. Not that this is a problem with the device, just my vehicle. It worked just fine once I could get juice to it.<br /><br />*I was provided one of these in exchange for an honest review.*	2015-06-10
US	48252051	R1NKGBEN0I4D01	B00S1LVLAS	108447912	iPod Touch 4 Case, Bastex Heavy Duty Hybrid Protective Case - Soft Teal Silicone Cover with Hot Pink Metallic Design Hard Case for Apple iPod Touch 4, 4th Generation [Includes a Stylus]	Mobile_Electronics	5.0	0.0	0.0	N	Y	Love the colors and this case :)	Perfect case.  I love the colors, and it is very well made and fits perfectly.  The included stylus seems to work as well.	2015-08-20
US	53034103	R1VXMZCIWYEAZZ	B001RNL3WI	516037973	Mivizu Shoelace Sensor Pouch for Nike + iPod Sport Kit (Blue)	Mobile_Electronics	5.0	0.0	0.0	N	Y	Lace it in and keep track	Finding Nike+ shoes with the pocket in the sole are almost impossible to find. This little pouch attaches to the shoe laces on your left foot. Any Nike shoe (any brand will work but you should pay the piper) can now be used to carry this iPod connecting sensor.	2014-04-17
US	21480780	R26EV52ORJPA7W	B00RDCMYAW	902385260	Bluetooth Shower Speaker – SoundPal Water Resistant Wireless and Hands-free Speaker with Suction Cup - Compatible with All Bluetooth Devices	Mobile_Electronics	4.0	0.0	0.0	N	Y	I really like this speaker but the little tab broke off so ...	I really like this speaker but the little tab broke off so easily. Also would prefer the micro usb port for charging.	2015-05-31
US	37111614	R2KXIOW4R0UNU4	B009ZQ5HAI	263067487	1200 Watt Grid Tie Power Inverter 14 V-28 V Dc Input / 90 V-130 V Ac Output Charge for 18 V Solar Panel System	Mobile_Electronics	4.0	2.0	2.0	N	N	For 12-18v system	I own a similar product and wanted to point out that this is designed for a 12-18v system. If a person were to want to hook it up to a 24v system they need the 28-52v version. Though it seems misleading, it does say in the title for 18v solar panel system. So in my opinion these devices work well when installed correctly.	2013-07-13
US	11245212	R3O9XKX3P49UC3	B00CHTJHVU	963132296	Alpatronix AX100 Ultra-Portable Mini Capsule Speaker with Enhanced Bass & 3.5mm Audio Jack for Apple iPhone, iPad, iPod, Samsung Galaxy, Nexus, HTC, Blackberry, Nokia, Smartphones, MP3/MP4 Players, Tablet, PC, Laptop [Retail Packaging - Rechargeable Battery, Carrying Pouch & miniUSB Cable] - (White)	Mobile_Electronics	5.0	0.0	0.0	N	Y	I'm blown away! Fantastic!	I'm blown away!  My computer speakers finally died - they served me well!  I thought, while I researched a good replacement, I would purchase this tiny speaker.  It had great reviews (although I was skeptical) and the price was right for a standing. This tiny little thing has better sound then the speakers.  Its super clear and the size is wonderful as is the volume.  The best surprise was that it is perfect for the Kindle (sorry Amazon, I love you but your kindle volume is a joke.) Works beautifully with it and is so portable it slips in your pocket/purse. I LOVE IT!	2014-10-10
US	4599236	REFF3SCWEM0K7	B004FPF7FY	235699881	SuperTooth Buddy Bluetooth Visor Speakerphone Car kit-Black	Mobile_Electronics	1.0	1.0	3.0	N	Y	Ugh!	Picks up to much background noise I am a truck driver maybe better in a car but not made for a truck	2014-07-18
US	7167815	RYV6SJAEQAUYO	B009SFKSHI	256527895	Car Digital Receiver for TV ISDB TV for Brazil,Chile	Mobile_Electronics	1.0	0.0	0.0	N	Y	Pesimo product	This product does not work well, the signal quality is the worst, the picture presented is very fuzzy, with lots of rain, it takes all the channels, video has no audio, I definitely feel hurt by this receiver, I feel I launched the money, I do not recommend buying it, too limited.	2013-08-13
US	52554746	R5023FTD8Z4TI	B009PNXZFA	808084969	SanDisk Sansa Clip+ 8 GB MP3 Player (Black) - Manufacturer Refurbished	Mobile_Electronics	4.0	0.0	0.0	N	Y	Four Stars	The earbuds are pretty junky but the mp3 player itself works quite well.	2014-08-19
US	34418616	R2NA8FCSH7GBCH	B00J46XO9U	744008282	iXCC Lightning Cable 3ft, iPhone charger, for iPhone X, 8, 8 Plus, 7, 7 Plus, 6s, 6s Plus, 6, 6 Plus, SE 5s 5c 5, iPad Air 2 Pro, iPad mini 2 3 4, iPad 4th Gen [Apple MFi Certified](Black and White)	Mobile_Electronics	5.0	0.0	0.0	N	Y	Finally!	These actually work!!!	2015-04-04
US	4597728	R1VNG9M03Y4JYC	B00CC2GEZY	519259305	Garmin Approach S2 Golf GPS Watch (NEW VERSION w/ 30,000+ Courses) | 60-Day Buy & Try Return Policy! (White)	Mobile_Electronics	5.0	1.0	2.0	N	Y	nice GPS	its taking a bit getting used to,  but Ive lost my instructions  had to print some from the computer but they are too big  oh well, would recommend it to any golfers.  hope it can pick up my course in Calif.  too	2013-07-02
US	14049388	RGFEXBI1FJBZV	B00EUVFH26	841515715	2.5 inch HD Car Vehicle Security DVR Road Dash Video Recorder Infrared video Recording Accident Camcorder + USB Cable + Bracket + Car Charger	Mobile_Electronics	2.0	0.0	0.0	N	Y	Two Stars	This camera is not made for Florida, the high heat fried the camera	2014-05-08
US	12663924	RYX3LRDUI8WBD	B00853G14S	338196306	OT3010 Speaker Docking Station 30-Pin with FM,Alarm Clock for All Generation iPhone w/ remote control - black color	Mobile_Electronics	4.0	0.0	0.0	N	Y	Nice docking station	Nice docking station, especially for the price.  Very good sound.  The buttons are a little hard to get used to.  Also, the light is still too bright even on the lowest setting.  But, for the price it's a very nice docking station.	2014-08-24
US	2050442	R11NABU8TFEDID	B00JUQH3QO	704037247	Magnetic Magnet Leather Cover Sleeve Case For NOOK GlowLight (NOOK 4th Gen) - (NOT fit NOOK Simple Touch with GlowLight NOOK 3rd Gen or NOOK Simple Touch NOOK 2nd Gen)	Mobile_Electronics	5.0	0.0	0.0	N	Y	Fabulous!	This is fabulous for my Glowlight Nook!!!  Very good product.	2015-03-06
US	25192200	RUB7TLZN5VFLH	B00H3E5N1C	966620902	IBrightspot 8GB(3th Gen) Red 1.8'' Screen MP4/MP3 Player Media/Music/Audio Player with FM Radio	Mobile_Electronics	1.0	0.0	0.0	N	N	One Star	Not the quality expected and one of the buttons did not work.	2014-08-10
US	1554026	R2X84VQP8NGELG	B004A83PE6	683281404	6-Pack Mirror Screen Protector for Apple iPod Touch 4th Gen	Mobile_Electronics	4.0	0.0	0.0	N	Y	Four Stars	This protector is the S*****	2014-12-18
US	13032347	R2BIVHT9GDGW1L	B00COZS4GQ	100513463	I Need Lovely 3D Pink Monkey Soft Silicon Case Cover Compatible for Ipod Touch 4/4g/4th Generation with 3D Kitty Stylus Pen	Mobile_Electronics	1.0	2.0	2.0	N	Y	Cute but no thanks	This cover was way to big for my daughter's iPod touch. It would fit my iPhone just fine! Cute but not what I was expecting with this purchase.	2013-07-03
US	44834233	R2R6VANDW2T2I5	B00MR32UKQ	167226493	Ivation Water Resistant Shockproof Bluetooth 4.0 Speaker - Rated IPX7 for Full Immersion in Water - with Built-in 2200mAh Battery for 6 Hours Playtime	Mobile_Electronics	5.0	4.0	5.0	N	N	It has a solid performance for a Bluetooth and water resistant speaker with good sound!	[[VIDEOID:f48e56868d9c3b5131e612824cd779af]]This is a very good waterproof Bluetooth speaker for home, office, travel and use on vacation. It is certified to IPX7 which means that it can be submerged to depths of 1 meter for 30 minutes with no ingress of water. It is also dust and dirt resistant. It can connect to your MP3 player using its Bluetooth 4.0 system and in my testing is had a range of 30 to 35 feet shooting through 2 walls of my home. You can also use your own 3.5 mm plug stereo auxiliary cable to connect a device that does not have a Bluetooth option.<br /><br />The speaker has a built in Lithium battery that is rated at 2200 mAh at 3.7 VDC and it can play your music for up to 9 hours uninterrupted. It takes about 3 to 4 hours to charge using your computer's USB port, a USB wall charger or a USB car charger.<br /><br />The sound quality is good out of the speaker with solid bass and clear treble. It uses a dual cone speaker system with a passive subwoofer built into the speaker case.<br /><br />This speaker has locations on the back to attach a lanyard and it would be a nice speaker to hang in your shower to allow you to listen to your music or radio broadcasted from your phone or tablet. Just make sure that the silicone flap that covers the charging input port and the auxiliary input port is securely pushed down and sealed to maintain the water proof rating of the speaker.<br /><br />Everything worked well on the speaker except the use of the speaker as a phone remote. When someone called me I could hear them clearly and loudly. On their end of the call my voice was very low and hard to hear. I switched places and it was indeed low, even when they picked up the speaker and spoke directly into the front of it. The speaker has a built in microphone but it was really muted in its volume pickup.<br /><br />In my video I show how to use the speaker and pair it with Bluetooth. I also made voice control phone calls and that feature worked fine. Overall I liked this speaker a lot. As a speaker to be used as a phone remote it is a 3 star but as a Bluetooth waterproof speaker it is a 5 star. I rated it overall as a 5 star item because of its capability to be used around water.<br /><br />I was supplied a sample for test and evaluation. A review was not promised to the supplier in exchange for the sample but I stated that if I provided a review that it would be fair and honest.used as a phone remote it is a 3 star but as a Bluetooth waterproof speaker it is a 5 star. I rated it overall as a 5 star item because of its capability to be used around water.    I was supplied a sample for test and evaluation. A review was not promised to the supplier in exchange for the sample but I stated that if I provided a review that it would be fair and honest.	2014-10-30
US	24268545	REM663M8NOK4H	B00KGPB98Q	515058335	AODE® 2x A Pair 39mm 3W Super Bright White Car Truck Vehicle COB LED Bulbs Festoon Interior Dome Map Lamp Front Number Plate Light 130188	Mobile_Electronics	5.0	0.0	0.0	N	Y	Bright and just what I wanted	Very bright and fit perfect in my 2003 325i license plate light socket. Hopefully I get 50000 hours!	2014-08-27
US	16822292	R1KWF7DH7J5TX5	B007JO0EHE	795445954	ExpertPower® Speaker Mic for Motorola HT1000 JT1000 MT2000 GP900 GP9000 MTS2000 MT6000 MTX838 MTX900 MTX1000 MTX8000 MTX9000 MTX-LS XTS2000 MTX2500 XTS3000 XTS3500 XTS5000 XTS5100 XTS7700	Mobile_Electronics	5.0	0.0	0.0	N	Y	I like the size of this item	lot of sound from a tiny box speaker. I like the size of this item, It's perfect on the shoulder or the middle of the shirt. cord is a good length. great price and fast shipping.	2013-11-22
US	43459805	R3VK5N1WCAPLZ2	B00E1BRITU	120483649	Pioneer Class FD 4-Channel Bridgeable Amplifier w/1,200 Watts Max Power, Model GM-D8604	Mobile_Electronics	5.0	0.0	0.0	N	Y	Runs cool and doesn't draw hard on battery	So far it's Driving the infinity references 6x9 3ways and infinity 6.25&#34; 3ways flawless. No clipping with zero distortion. Runs cool and doesn't draw hard on battery.Hopefully it last along time and keeps performing.	2015-06-17
US	43695109	R2SUMXPDNLR0WC	B001UIVV72	124900031	iPod USB Travel Home Charger For Nano, Shuffle, 4G, Mini, Photo and U2	Mobile_Electronics	5.0	0.0	0.0	N	Y	great	works great , have had it for a few months now...works just as well as the original charger...awesome price .thanks	2014-03-07
US	10271873	RF0SF6HS9NPZ	B0098USFLE	209328860	LiViTech(TM) Painting Art Design Series 360 Degree Rotating Cover for Apple iPad 2 and iPad 3	Mobile_Electronics	3.0	0.0	0.0	N	N	Three Stars	For short usage	2014-08-01
US	31017251	R36CLWEWK9U9CI	B00GMEHJ16	920163007	VicTsing Portable Waterproof Bluetooth Mini Speakers with Suction - Music Streaming & Rechargeable Handsfree for MP3/MP4 Player iphone 6 6 Plus 5S 5C 5 4S 4 ipad 4 3 2 ipod Samsung Galaxy S4 S3 S2 Note 3 2 Sony Xperia Z1 L39h Xperia Z Ultra XL39h HTC ONE Nexus 4 7 Cellphones Compurters Car Showers Bathroom Pool Boat Beach Outdoor - Green	Mobile_Electronics	4.0	0.0	0.0	N	Y	In the shower.......	Use it every day Actually sounds pretty good.	2015-05-31
US	36024579	RFPSYXTS1PHDU	B00IK9UZXA	711344791	MOCREO&reg; Wireless Portable Bluetooth Stereo Music Transmitter (Not A Bluetooth Receiver) for 3.5mm Audio Devices (iPod, MP3/MP4,TV, Media Players...) + 3.5mm Audio Cable + USB Power Cable (Black)	Mobile_Electronics	5.0	0.0	0.0	N	Y	work great hooked to my TV and sent signal to my ...	work great hooked to my TV and sent signal to my head phones no loss of signal all though the house	2014-12-26
US	36000089	R1MDP22G3MQFX3	B007OWQVZU	591646543	bulls-i ETK-B2000 Vehicle Drive Recorder w/GPS - Car Black Box	Mobile_Electronics	4.0	0.0	0.0	N	Y	Good, but not intuitive	This works well and takes really good, clear pictures.  It saves the pictures in littler snipets on the mini sd card.  The problem is there is one little led indicator light and its hard to figure out what mode the thing is in.  It also likes to make lots of beeps and noises.  Still, it's a nice feeling having a record of whats going on.	2014-03-27
US	16221008	R2AQGDFCVOB3CI	B00RDCMYAW	902385260	Bluetooth Shower Speaker – SoundPal Water Resistant Wireless and Hands-free Speaker with Suction Cup - Compatible with All Bluetooth Devices	Mobile_Electronics	1.0	4.0	6.0	N	N	Was great....for about 2 days.	Initially was planning on giving this a 5 star review after using a few more times to ensure how well it worked.<br /><br />Opened my speaker, charged it, paired it to my phone (quick and easy!) and all was working well. The suction didn't work well in my shower but I put it on my shower caddy and the sound was excellent.<br /><br />I used it exactly 3 times. Twice on my phone, once on my laptop. The next time I turned it on and tried to pair it to my laptop the sound came out extremely garbled. I thought perhaps it was losing its charge even though I'd had it turned on maybe 30 minutes in total so I plugged it in and let it charge for a couple of hours. Next day I tried to use it again but my laptop and phone both refused to pair to it. I even deleted the bluetooth connection on both devices and tried to reconnect. The blue-red blinking light was flashing to indicate that the device was pairable but neither device could find it. Super disappointed.	2015-05-02
US	44201026	R1NALELA3EK4HC	B00J46XO9U	744008282	iXCC Lightning Cable 3ft, iPhone charger, for iPhone X, 8, 8 Plus, 7, 7 Plus, 6s, 6s Plus, 6, 6 Plus, SE 5s 5c 5, iPad Air 2 Pro, iPad mini 2 3 4, iPad 4th Gen [Apple MFi Certified](Black and White)	Mobile_Electronics	5.0	0.0	0.0	N	Y	These are perfect for my kids that don't take care of anything	These are perfect for my kids that don't take care of anything. They can be very durable if we'll taken care of. And the price is perfect!	2015-01-14
US	21945166	RMGMT3JM4SWZ4	B00JJ4NA50	510119153	Body Glove 9346602 ToughSuit Case for Samsung Galaxy S4 - Black/Black	Mobile_Electronics	5.0	0.0	0.0	N	N	Love this product	I love this product, i would recommend it to anyone	2014-07-25
US	26481513	R22WSTOZJ7E6XR	B00NL31D5E	868345324	Rockville RVD15FD Grey 15 Flip Down Monitor DVD Player Games Gray + 2 Headsets	Mobile_Electronics	1.0	0.0	0.0	N	Y	I have this product for more or less 3 months ...	I have this product for more or less 3 months and since two months ago is not working, you can not introduce the DVD in, now I am with a big hole in my car and with a DVD player that don't work, I would not recomend this product.	2015-03-02
US	46387329	R17VVL1X5J4O1F	B004XKZ1UC	265423475	eForCity Leather Case for Barnes and Noble Nook / Nook Color, Black	Mobile_Electronics	4.0	0.0	0.0	N	Y	Good fit, but eventually the magnet inside the outside ...	Good fit, but eventually the magnet inside the outside front became unglued/dislodged and started to wander.  It reminds me of those old games with the magnets where you had to guide the bee or other magnetized animal through the maze... :)	2014-11-25
US	1499802	R2Z6PF9D4AMMUT	B00M2849C8	619458452	Jawbone JAMBOX Wireless Bluetooth Speaker (Black Diamond) (certified Refurbished)	Mobile_Electronics	2.0	1.0	1.0	N	Y	volume does not work -- not sure if this is ...	volume does not work -- not sure if this is a refurbished issue or something else. back it goes!	2015-02-02
US	47125333	R2BH5C85WUOG4Y	B008R68DFS	423148551	Patazon Black Extension Dock Extender 30pin Adapter for iPod iPhone 4 4S	Mobile_Electronics	5.0	0.0	0.0	N	N	Works perfectly with my Lifeproof 4s case.	Works perfectly with my Lifeproof 4s case. I think it is actually of better quality production than the one Lifeproof sells. Will definitely buy again at this great price.	2014-11-13
US	12751975	R16V9DSIX46DSX	B0069ZFYCY	627022964	eForCity Leather Case for Barnes and Noble Nook Color, Purple	Mobile_Electronics	5.0	0.0	0.0	N	Y	Love it	I have 2 different covers for my nook color. This is my favorite one by far. It isn't tight, easy in and out. Love it.	2014-01-25
US	40987862	R1SGTZ9S3IDVY0	B008HUFXZM	857689488	MPERO Samsung Stratosphere I405 Privacy Screen Protector [MPERO Packaging]	Mobile_Electronics	3.0	0.0	0.0	N	Y	It's ok	Nothing spectacular. We are happy. It does it's job and protects the case. Recommend buy if all you want is a protector for the outside of your case	2013-09-30
US	18578812	R39XBNZY9W68WZ	B002QCGLHQ	841673674	SquareTrade One-Year Open-Box Electronics Extended Warranty - Items $200-2000	Mobile_Electronics	5.0	0.0	0.0	N	N	Amazing Service	Yeah? Well who else would drop a three-week old Samsung Galaxy S4 into a bowl of Drano and detergent? It was an accident and clearly there was nothing else wrong with it except that. . . . Well you can imagine how the acid started immediately bubbling at the phone and by the time I ran to get rubber gloves, well you can imagine. SquareTrade sent me a check for $999.99. I purchased another new phone and stay out of the kitchen. How great is that? Writing this on my Samsung Galaxy S4.	2013-07-17
US	44454205	R26U57SL5HSALR	B007UXNHRS	400523055	eForCity Leather Case for Barnes and Noble Nook Simple Touch with GlowLight , Pink	Mobile_Electronics	5.0	0.0	0.0	N	Y	Great Quality	This was a perfect fit and works great with nook simple touch. Fast Shipping. Very happy with the product and my daughter loves the color.	2014-02-16
US	13003069	R1VY4QXRY9LJO1	B00HZTG6TS	635446907	Maze Collection Hybrid Waterproof Wireless Bluetooth Shower Speaker with Hook Handle Auto FM Shower Radio Compatible with all Bluetooth Devices, iPhone 5 Siri and All Android devices.	Mobile_Electronics	1.0	0.0	0.0	N	Y	Unit worked the first day then quit. I don't ...	Unit worked the first day then quit. I don't know how to return it so I'm stuck with a broken piece of plastic now.	2014-11-09
US	8734218	R3AB3UZR26IUT0	B00QERR5CY	82850235	iXCC Multi pack Lightning cable	Mobile_Electronics	5.0	0.0	0.0	N	Y	Works great, no	They do what they say. Works great, no problems	2015-04-06
US	43856165	R3G7SRC229CVJL	B00J0CYKEQ	503010924	Omaker bluetooth speaker	Mobile_Electronics	4.0	6.0	7.0	N	N	Sleek and Minimalistic	I have been using the Omaker M1 every day when I get ready in the morning, paired with my iPhone 4S.  Pairing was very easy, and reconnecting is even easier.  I just have to turn it on.  Alternatively, we could connect via auxiliary port using the special split micro USB/USB/auxiliary cable.<br /><br />There is no skipping tracks or volume control adjustments on the speaker.  That's all done via the phone.  I can answer calls, pause, play, and last number redial via that one button on the top of the speaker.  It wins for sleek and minimalistic design.<br /><br />Phone calls are poor.  I can hear the caller, but the caller can't hear me.  There's too much echoing and my voice is garbled.<br /><br />Music is clear and defined with good volume, but it lacks warmth.<br /><br />Bluetooth range is good.  I can go down the hallway into the kitchen with wall obstructions in between before losing a signal.<br /><br />Overall, it's a good personal speaker if you like sounds in the cooler range.<br /><br />This product was provided for review by Omaker.	2014-04-28
US	7383365	R194KIY3BWM0NC	B00QK65EUY	534102412	Goldenseller Black Slim 8gb Mp3/mp4 (Zf-08) Music Video Media Player with Videos | Music | Pictures | Ebooks | Voice Recording + More	Mobile_Electronics	1.0	0.0	2.0	N	Y	not happy with it	Not happy with it!	2015-03-02
US	31849410	RFZ9NGZ32DLO7	B00BLQ1J2A	527183285	"Pair of E8v3D4 - Sundown Audio 8"" DVC 4 ohm Subwoofer"	Mobile_Electronics	5.0	2.0	4.0	N	N	Incredible.	Love them! They sound amazing and are the best 8' subs for the price. Most people will think you're running 12's or 10's. Sundown for life!	2014-10-01
US	18357067	R32HOXFOBELGXP	B00SWGVS5A	62035766	Sunsbell® 1500 Watt 12 Volt DC to 110 Volt AC Power Inverter	Mobile_Electronics	1.0	0.0	0.0	N	N	One Star	Thats a Crap buy one in Ebay and does not perform neither 500 watts.	2015-04-29
US	47648277	R4NOY2U1S0EVR	B009XUMNLC	627194985	Legacy Lwf8x 8 300w Car Audio High Performance Subwoofer Sub 300 Watt	Mobile_Electronics	5.0	0.0	0.0	N	Y	Great Bang for Your Buck	Great performance for a low price and it beats my stock sub that i had to replace, by a long-shot. Very pleased with the customer support as well!	2013-08-14
US	46735462	RRV3IO8NIBQML	B00M69QUY8	688263148	Bluetooth Speakers Dylan™ Cocoon Portable Bluetooth Speakers with Nfc, Wireless Speaker System / Portable Speakers with 1800mah Li-ion Battery, Ultra Bass Booster, Powerful Crystal-clear Sound, Subwoofer Sound Effect / Built in Mic for Calls / for Smart Phones and Tablets / Laptops / Pc Computers / Mp3 Players (Black)	Mobile_Electronics	5.0	0.0	0.0	N	Y	Five Stars	Amazing sound fills my art studio	2015-01-09
US	49843173	R21AUTE4YQKUF	B0049GI3CI	178645093	XAM8-R Speaker System - Red	Mobile_Electronics	5.0	0.0	0.0	N	Y	Great!	I use this at my job literally everyday and the fact that you can travel with it is even greater! This comes in handy for almost all my small gathering with friends and it's also pretty loud for its miniature size.	2013-09-03
US	33383958	R21BK7ACUZN4VP	B00AB6G1AG	87543341	Usa-apple Iphone 5 Iphone Lightning Adapter 8 Pin to 30pin for Iphone 5 Ipod 5 Nano 7th Gen USA	Mobile_Electronics	3.0	0.0	0.0	N	Y	It's cheap	The adapter is cheap, and the quality is not so good.<br />It's working for two weeks then the connector is fall apart.<br />So it can't use anymore I have to buy a new one.	2014-03-19
US	23080577	R2Z7VX8N929YCE	B00H1I9924	896786494	Plug and Play Muti-colored Illuminated Dancing Water Speakers (New Pink)	Mobile_Electronics	1.0	0.0	0.0	N	Y	Waste of Money	Broke 3 days after opening. Complete waste of money.	2015-05-05
US	47212239	R8EXHEQ38B3XS	B00F0HKOB8	844313409	"Roof Shark Fin Aerial Antenna Brand New For 1998-2004 VW Jetta/Bora/Golf/Polo Mk4 1996-2000 Passat B5 B5.5 1996 1997 1998 1999 2000 2001 2002 2003 2004 8"" Cable with AM/FM Reception Plug"	Mobile_Electronics	1.0	0.0	1.0	N	Y	Not work. cannot tune anything.	Not work.cannot tune anything.	2015-02-12
US	12641574	R2SQT294AQZ0DS	B00C9S5F1U	937082429	Vktech 2 Pcs Fog Lights High Power Constant Current H3 Car LED Light White 28 Lamp	Mobile_Electronics	5.0	0.0	2.0	N	Y	great product	It's a great product works good in my galant 2000 to a while to reach me but great 5 stars	2014-01-21
US	45603960	R3ODLDTWE4DM75	B003A05AXY	849019241	"IG-B05+WPCS2: i.Trek Universal Motorcyle Handlebar Mount with Water Resistant Case for 4.3"" Garmin Nuvi GPS (200W, 700, 800, 1300 Series)"	Mobile_Electronics	2.0	0.0	0.0	N	Y	I used it on a dual sport and that was ...	I used it on a dual sport and that was a little too much for it even after I made a positive mount for it and made a foam insert for the gps. Also, it is not waterproof at all and the zipper quickly broke. I did use it in harsh conditions.	2014-08-19
US	48907789	R3SMISUX5RWV88	B00EF3SQAO	651844569	DEH-X6600BT - Pioneer In-Dash CD/MP3/WMA Car Stereo Receiver with Bluetooth, iPhone/iPod USB Support, Android Media Access, and Pandora Ready	Mobile_Electronics	5.0	0.0	0.0	N	Y	People can hear me just fine with the microphone that comes with the unit	I've purchased a unknown name stereo for my 2002 Cadillac escalade and I was unpleased. I was familiar with this brand and took 30 min tops to install. People can hear me just fine with the microphone that comes with the unit. Bluetooth works great I use USB for all my music needs.	2015-02-17
US	11464520	R3UNML9BX2U39P	B00LN0LEEM	294213237	Suppion® 10pcs T10 Wedge 5-SMD 5050 Xenon LED Light bulbs 192 168 194 W5W 2825 158 Green	Mobile_Electronics	5.0	0.0	0.0	N	Y	Five Stars	great bulbs work fine	2014-12-22
US	12763854	R2UHKOF6EKESQJ	B001XIQFSO	133705166	Ofna Supreme Power 30-amp, 12-Volt DC Power Su OFN92134	Mobile_Electronics	5.0	0.0	0.0	N	Y	Great product!	I love this little power supply. I got it to power car audio amplifiers for testing and it works great. It has a nice output voltage level adjustment so you can fine tune it to your application.	2013-07-26
US	7429225	R2EYOPHNTP89AY	B007VLDLQQ	197099697	LiViTech(TM) Double Layer Hard Case for HTC Droid Incredible S/2	Mobile_Electronics	5.0	0.0	0.0	N	Y	A great protective phone case	It really protects your phone. Even the screen is protected. It doesn't show fingerprints either. Great product, keeps phone safer than most other covers, every inch is covered and is rugged enough to take anything.	2013-10-25
US	40364524	R18A3L5WEPLPFO	B00Z1KQAZI	802359947	Zenotech Earpods High quality sound New Design Stereo Earphones with Microphone for iPhone 6, 6 plus, 5,5s,5c iPads, iPods nano competible type 3 (Purple)	Mobile_Electronics	1.0	0.0	0.0	N	Y	Zero stars junk	Junk. I had them for two days when they fell apart. Zero stars. I have had dollar store earphones that lasted for months.	2015-06-28
US	44167871	RM88NGS6R9RWT	B00C2HA5F4	441720061	Geeks Designer Line (GDL) Slim Hard Case for Apple iPod Touch 5 - #YOLO	Mobile_Electronics	1.0	0.0	0.0	N	Y	One Star	Over priced. Case cracked when taking it off the iPod after 2 weeks of use.	2015-01-10
US	40427804	R2ALF2O6FNEEM1	B00ZBYXS72	637051386	Solar Power Car Endless Breeze Heat Removal Fan Kit That Really Works!	Mobile_Electronics	2.0	2.0	2.0	N	Y	Two Stars	Much smaller than anticipated.	2015-08-14
US	2773256	R3MGCYM6MPMGUA	B00T7Z0BVW	784039268	Beats Pill Portable Speaker (Pink) - Newest Model	Mobile_Electronics	1.0	0.0	0.0	N	Y	... instructions and they don't answer emails the sound is good for this speaker I waited over 2 weeks to ...	It doesn't stay charged 12 hours doesn't charge another device it won't play unless plugged up and  shuts off and turns on and no instructions and they don't answer emails the sound is good for this speaker I waited over 2 weeks to get it from Thailand	2015-03-29
US	52821779	R3SBX88RMUKS4G	B00TNP7C3Q	273334620	2.8 inch TFT Touch LCD Screen Display Module Compatible With Arduino Uno R3 by Atomic Market	Mobile_Electronics	1.0	0.0	0.0	N	Y	Do not buy this display.	I have not gotten this display to work. There are 4 displays made by this company that are all marked the same, but have different chip sets. There are drivers for one chip set, but not the others. I am not sure what chip set mine has, but it is not the supported one. The Adafruit drivers will return a display code, but it is not one that the drivers recognise.<br /><br />I am not good enough to write the needed code from the spec sheet, so all I can do is keep looking for a driver. Maybe I will give up and return it...	2015-03-11
US	14035330	RDJBU49L0ZSAO	B0087Z5QCW	600113535	Insten® Spring Flower Rubber Coated Case with FREE Reusable Screen Protector Compatible with Apple® iPod touch® 2nd Generation / 3rd Generation	Mobile_Electronics	5.0	0.0	0.0	N	Y	great forIpod touch users	My daughter really loves this opossum touch case. She has an iphone now but loves the old case so much,  she refuses to give heryounger sister the ipod touch!	2014-04-30
US	16870942	R1YVJTML7GNWUW	B008062JYQ	544204510	010-11305-04 Portable Navigator Case	Mobile_Electronics	5.0	0.0	0.0	N	Y	Garmin Carrying case.	A handy way to carry your 3 or 3.5 inch your garmin GPS.  Light weight, great looks, good color the right tool for the job.	2013-08-23
US	29494129	R10S2RWLPP6O44	B00BEJ1LEK	237032082	Jensen MS2013BTR WP AM/FM/USB /IPOD BLUETOOTH	Mobile_Electronics	5.0	0.0	0.0	N	Y	Five Stars	Excellent	2014-09-05
US	41489722	R1PSS2584ITN14	B00GAS930O	811823550	"Rockville W10T3-S2 10"" Shallow Mount 800 Watt 2 Ohm Car Subwoofer/CEA Compliant"	Mobile_Electronics	3.0	0.0	0.0	N	Y	Can get down to about 65hz comfortably. Doesnt do well with big bass drops	This thing can handle the stated wattage, however it doesnt do it very well. Can get down to about 65hz comfortably. Doesnt do well with big bass drops. for a tight budget build its okay, but dont expect too much out of em.	2015-05-18
US	30683860	R2XSB7FLJCQQQV	B004YLE7JQ	17368636	rooCASE Super Bubble Neoprene (Dark Blue / Black) Sleeve Case for Garmin nuvi 1450 / 1450T / 1450LMT 5.0-inch GPS Navigator	Mobile_Electronics	5.0	0.0	0.0	N	Y	Perfect Case	This is the perfect case for my Garmin 3597. It also has a small ring that can be attached to a clip (not included) to be worn on the belt. It ONLY fits the GPS and that is exactly what I wanted!	2014-03-20
US	51012759	R2A4HMCOBTEBXY	B00EP6JLGO	930112385	White Key Shirt Remote Cover Silicone for Mercedes Benz C E S CLK SLK Class Coupe	Mobile_Electronics	4.0	0.0	0.0	N	Y	Looks and works great. Perfect fit.	Looks and works great. Keeps fob from sliding around. Feels good in your hand.	2015-08-15
US	26781211	RT94CHOQNNCIO	B00AOLFDR0	426448672	700mAh 361-00026-00 Battery Garmin Forerunner 205, Forerunner 305	Mobile_Electronics	5.0	0.0	0.0	N	Y	Five Stars	Works well, timely repair.	2014-10-14
US	3023243	R1SX0HWDCE252B	B00OFWBDI2	55471134	"Shinefuture® Replacement USB Charge Sync Cable Cord for Barnes & Noble Nook HD HD+ Tablet 7"" 9"""	Mobile_Electronics	3.0	0.0	0.0	N	N	... get ahold to a charger to my nook for like 6 months bit it was not very durable it ...	It did fit my device so i appreciated that within itself I've been tryin to get ahold to a charger to my nook for like 6 months bit it was not very durable it broke in less than a week	2015-03-06
US	31201739	R47DYWX8WRYJ2	B008R68DFS	423148551	Patazon Black Extension Dock Extender 30pin Adapter for iPod iPhone 4 4S	Mobile_Electronics	1.0	0.0	0.0	N	Y	Dissatisfied	Both items I bought broke and stopped working after three uses. I was very disappointed with this item I purchased	2014-02-22
US	25603004	R32I7WWTU170E	B00IK9UZXA	711344791	MOCREO&reg; Wireless Portable Bluetooth Stereo Music Transmitter (Not A Bluetooth Receiver) for 3.5mm Audio Devices (iPod, MP3/MP4,TV, Media Players...) + 3.5mm Audio Cable + USB Power Cable (Black)	Mobile_Electronics	3.0	0.0	0.0	N	Y	easy to hook up	Works well, easy to hook up. Does not transmit far. only about 20'. Wish it had better range	2015-02-02
US	26310054	R35YMG7AM7Q0ZT	B00J46XO9U	744008282	iXCC Lightning Cable 3ft, iPhone charger, for iPhone X, 8, 8 Plus, 7, 7 Plus, 6s, 6s Plus, 6, 6 Plus, SE 5s 5c 5, iPad Air 2 Pro, iPad mini 2 3 4, iPad 4th Gen [Apple MFi Certified](Black and White)	Mobile_Electronics	4.0	0.0	0.0	N	Y	Good value	Looks good -- Working so far (brief use).	2014-09-09
US	36533741	R23277JU53WO75	B00M15RGPY	387159615	Pioneer AVIC-5000NEX In-Dash Navigation AV Receiver with 6.1 inch Touchscreen (free rear view camera)	Mobile_Electronics	4.0	1.0	1.0	N	Y	Overall I am pretty happy with this unit	Overall I am pretty happy with this unit.  The &#34;free&#34; camera was a complete piece of crap. The frame was super fragile and the picture was horrible. Black and white I might add. The first time it rained the camera was done. Hmm, thought it would be water resistant at least since it is a plate mounted camera. So I replaced it with a Cosmic Optics HD rear view camera, highly recommended. As for the software, since I am not a computer guy updating the software was a bit of a chore. Other then that for install and set up was pretty easy. As for function, some minor issues that I am sure will be ironed out when I call pioneer back. On that note, I have had to call them twice for support and both times they where very helpful.	2014-11-20
US	22878569	R3HKLVOMJSQYOW	B00DHZRI50	256669386	Pink Green Owl Hard Cover Case for Apple iPod Touch 2 2G 3 3G	Mobile_Electronics	5.0	0.0	0.0	N	Y	Five Stars	Fit my daughter ipod 3G perfectly, we have had it for months and months, not wear and tear!	2015-06-16
US	18634862	RWONAJG911R2P	B003WM6PVQ	721934124	GAFM+MC200: i.Trek Magellan Roadmate 1200 1212 1215 1230 1400 1412 1430 Magellan Maestro 3200 3220 3225 3250 4200 4210 4220 4250 4350 4370 GPS Portable Mini Friction Mount	Mobile_Electronics	4.0	0.0	0.0	N	Y	but a very nice item.	did not fit my Magellan, had to return it, but a very nice item.	2015-04-13
US	39663654	R3TADE2ORGBQUE	B002QCGLHQ	841673674	SquareTrade One-Year Open-Box Electronics Extended Warranty - Items $200-2000	Mobile_Electronics	5.0	0.0	0.0	N	N	Great service	I needed to make a claim on the warranty for my computer, and the customer service person was knowledgeable about my type of computer and the problem. He explained the problem, the reason for the need to refund my money, and the refund was delivered quickly.  I needed to buy a new computer and immediately bought a new Square Trade Protection Plan.	2013-06-30
US	15180101	R1A0E680RO8VU8	B00J46XO9U	744008282	iXCC Lightning Cable 3ft, iPhone charger, for iPhone X, 8, 8 Plus, 7, 7 Plus, 6s, 6s Plus, 6, 6 Plus, SE 5s 5c 5, iPad Air 2 Pro, iPad mini 2 3 4, iPad 4th Gen [Apple MFi Certified](Black and White)	Mobile_Electronics	5.0	0.0	0.0	N	Y	Sturdy lightening cable	Sturdiest charger cables that I have purchased in some time.	2014-11-05
US	21104027	R60YMX44YZZ2M	B007WO5LF6	987522321	EC TECHNOLOGY? New design Backup External Battery Pack and Charger (Power Bank) with flashlight	Mobile_Electronics	2.0	0.0	1.0	N	N	Does Not Work Very Well	The item does not seem to hold a charge nor does it charge my phone or tablet when I have had it on the charger long enough to be used. I no longer even us the item because it seems useless.	2014-06-27
US	21428340	R3O1NYW131XEB2	B0013OJU62	638086745	Tune Belt Deluxe CD Player/Walkman Holder - Black	Mobile_Electronics	5.0	1.0	1.0	N	Y	Makes life simpler.	I choose this particular CD player carrier/ walkman holder for several reasons.  1. The case is so soft. 2. Extra storage for extra CD's. 3. A pocket to put keys and such.  The best one I have had in a long time.	2013-08-04
US	1542363	R1IA0LXWA0AKE8	B00OQMFG1Q	137313254	GENSSI GSM / GPS Two Way Smart Phone Car Alarm System for iPhone Android Security	Mobile_Electronics	5.0	0.0	4.0	N	N	Five Stars	I need one but the price is too hi	2015-08-13
US	11878544	RHRLMVYID0MHI	B00KXRTV8M	421036437	Fafada 6AA Battery Case for TYT F8 BAOFENG BF UV-5R UV-5RB UV-5RE UV-5RE	Mobile_Electronics	1.0	1.0	2.0	N	N	It's not what you think it is!	This is NOT a large battery for the Baofeng radio!  This product contains NO BATTERIES whatsoever.  You won't find this out unless you click on &#34;More Details&#34;,	2014-09-12
US	35153854	R1E8UHUA1DDXQ9	B00EZIWDGM	743980833	Mini GPS GSM GPRS Tracker Monitor Tracking Anti-theft Alarm Tool Device System Waterproof Real Time for Vehicle Car	Mobile_Electronics	1.0	0.0	0.0	N	Y	It doesnt stay powered on after being unplugged and I ...	It doesnt stay powered on after being unplugged and I didnt know it needed a sim card and havent been able to find one so I havent even been able to use it	2014-11-09
US	4648161	R2MXMM4KFP6QAB	B009XUN1AO	297216395	Pair Nippon Ring69cbk 3/4 Woofer Extender Rings 6x9 Rings	Mobile_Electronics	4.0	1.0	1.0	N	Y	"3/4"" was Just Right"	These extender rings were the ticket for the clearance I needed.<br />Just a small suggestion, wrap the rings completely or seal them to prevent water from damaging the wood.	2015-07-04
US	27695700	R1RBXQ1NT1S50Z	B00RFMRWW0	83275268	Blusmart Car Fm Bluetooth Radio Transmitter, Hands-free Calls	Mobile_Electronics	5.0	4.0	4.0	N	N	Great for the price	This is a great product for cars that do not have blue tooth preinstalled. You can use this product with virtually any car and it will work great for your phone. I have a 2000 camry and it works great! Would recommend for anyone to use this.	2015-03-10
US	30967992	R85X9A380E5H7	B00MFM89XQ	686355048	Lumsing&reg; Portable Wireless Bluetooth Speaker with NFC Built-in Microphone, Powerful Sound Rechargeable Battery up to 1 Day Playtime	Mobile_Electronics	5.0	0.0	0.0	N	Y	Surprisingly Astounding!	This is the best sound I have gotten from a speaker at any price	2015-06-22
US	16399515	R1JSC4F0Z7DOZO	B00T49GBJM	534644520	E-PRANCE&reg; Mini 0805 Car Dashboard Camera Video Recorder, 2304*1296P Super HD, 1920*1080P Full HD, 135 Degree Wide Angle Lens, G-sensor, WDR, HDR, H.264, Motion Detection Hidden Car DVR Black Box	Mobile_Electronics	4.0	6.0	7.0	N	Y	I read other reviews on what was the best dash-cam to purchase for the money and this was ...	The product was what I expected.  I read other reviews on what was the best dash-cam to purchase for the money and this was the most recommended for the money of $99.99 US Dollars.  The Annabelle chip it has is a newer chip that is mostly only available in more expensive camera's.  The instructions for setup and use are a little basic and not specific, but I played around with it a bit and was able to figure it out. I recommend that you connect the USB cable to power up the internal battery and complete your settings with it in hand and setup your date/time stamp and other features before connecting and setting up in the car.<br />I tested it in the car in the day and tested it in the night.  The quality of video is pretty good both day and night.<br />You need to download the Quick-time program to view the videos and it then loads a specific vehicle program to select what video you want to watch and load it and watch it.  You can then take snapshot photos of any part of the video or upload specific video clips.<br />If you mount the camera in the middle of your car under the mirror area it is hardly noticeable and the angle of the camera will encompass your entire front end of vehicle from left to right with a little bit more on each side (hence the claim of 135 degree angle view).<br />In short - I would simply say this is a great product for the price.<br />However, I can't say anything more about how long it lasts or quality over time as I have only had this product for about 5 days.<br />ID	2015-04-02
US	32646613	R18M32BYB8O99X	B000IEB034	292242642	Huawei Ascend W1 Case, BoxWave [BodySuit] Premium Textured TPU Rubber Gel Skin Case for Huawei Ascend W1 - Jet Black	Mobile_Electronics	5.0	0.0	0.0	N	Y	Protects my phone	Does what I needed it to do.  The price was right also.  If you need a case for this phone- this works great.	2013-08-01
US	25126233	R32B8O8HTPQ77U	B00NPQN68Y	763886496	G.G.Martinsen 8GB Slim 1.78'' Screen MP3/MP4 Player Media/Music/Audio Player with Pink color	Mobile_Electronics	1.0	0.0	0.0	N	Y	Take this off the market	From the pics the product looks great, but when I got it...button's don't function as you would expect. Once I loaded the songs on it, they would not play...so I returned it.	2015-05-18
US	46266265	RDDEB6UB8ASQ5	B00CVTMMWC	123908869	Sony Rdpt50ipn Ipad(R)/Iphone(R)/Ipod(R) Portable Speaker Dock With Lightning Connector	Mobile_Electronics	5.0	4.0	4.0	N	Y	Great sound, very portable	I was surprised to find that most speaker systems for ipods do not work for the ipod nano 7th generation.  This one, with lightning connection does.  It is very portable but has great sound. Conveniently holds remote in back so that you don't lose it.	2013-07-09
US	41114242	R2V0SW3YTAY4WJ	B00OY8R098	987915014	Sony Compact Portable Stereo Sound System Boombox with MP3 CD Player, Digital Tuner AM/FM Radio, Tape Cassette Recorder, Headphone Output & 3.5mm Audio Auxiliary input Jack to connect any iPod, iPhone or Digital Audio Device - Features: Mega Bass Reflex Speakers, 20 Track RMS Programming, 30 Presets, LCD Display, Auto Scan Tuning, Synchronized Dubbing & Recording *Bonus DB Sonic AUX Cable & CD Las	Mobile_Electronics	4.0	0.0	0.0	N	Y	Great piece of equipment given the fact that cassettes are ...	Great piece of equipment given the fact that cassettes are obsolete and I feel lucky that this reproduction device still exists. ( I'm sure few years from now this will be a rarity antique) The main reason for me to purchase this item is that I still own a bunch of cassettes that I have not converted to another format and it allows me to slap it in the slot and get sound right away. I bought it not expecting crisp bass/treble (which it does not have) at the level of digital music. I just must say that sound quality is clear and decent with a not impressive volume. I wish it had output to amplify through an external speaker. If you have cassettes that you have not play in years collecting dust in your attic, this is a nice little unit to bring them back alive given its size and portability. I do not refer to the rest of the features this equipment has because for me the cassette player is the main issue. It is a great buy.	2014-12-30
US	11934245	RHRHY224R8YAF	B0069ZFYCY	627022964	eForCity Leather Case for Barnes and Noble Nook Color, Purple	Mobile_Electronics	3.0	0.0	0.0	N	Y	It's okay	PRO-it protects the book in my purse.<br />--------it's a good color for me<br />CONS- it's a little too small for my 7&#34; nook book.	2014-02-05
US	6466234	R3LFZ7FJDE149B	B00RDCMYAW	902385260	Bluetooth Shower Speaker – SoundPal Water Resistant Wireless and Hands-free Speaker with Suction Cup - Compatible with All Bluetooth Devices	Mobile_Electronics	4.0	0.0	0.0	N	Y	Four Stars	Good speaker, wish it had a volume control though.	2015-02-16
US	18546765	R63CXL4LTYT1T	B004BYUWMC	653681725	Rockford Fosgate R250-1 250 Watt RMS Mono Car Amplifier	Mobile_Electronics	5.0	0.0	1.0	N	Y	5 stars	Outstanding amp, great price with fast shipping. Best price on the internet. You can go wrong with Rockford Fosgate. I have pushed this amp hard and for long periods of time. It never lets me down.	2014-05-07
US	15320881	RLDZXPJIBH2ZC	B004V0YL1E	707421639	Hello Kitty Mini FRS/GMRS 22 Channels 2-Way Radio Set	Mobile_Electronics	5.0	5.0	5.0	N	Y	Long range	This is a good buy for the money.  It has a long range and was easy for my 3 year old daughter to operate.	2013-11-01
US	19725845	R2ML8I1401348K	B00A1RR9W4	40640731	Case-Mate Waddler Case for Apple iPod Touch 4G (Blue)	Mobile_Electronics	5.0	0.0	0.0	N	Y	My Son's Favorite Case!	Easy to slip on/off. Fits perfectly. Access to buttons and ports aligned perfectly as well. Great rubberized grip. This is my 11yr old son's favorite IPod Touch 4G case! Thank you for an awesome product!	2013-08-29
US	40835952	R2ZTP8B48DLE5U	B00J46XO9U	744008282	iXCC Lightning Cable 3ft, iPhone charger, for iPhone X, 8, 8 Plus, 7, 7 Plus, 6s, 6s Plus, 6, 6 Plus, SE 5s 5c 5, iPad Air 2 Pro, iPad mini 2 3 4, iPad 4th Gen [Apple MFi Certified](Black and White)	Mobile_Electronics	5.0	0.0	0.0	N	Y	Great product, works like a charm!	Arrived on time and works great! No complaints!	2015-03-09
US	52118050	R2L89TP90WJ7H3	B00J46XO9U	744008282	iXCC Lightning Cable 3ft, iPhone charger, for iPhone X, 8, 8 Plus, 7, 7 Plus, 6s, 6s Plus, 6, 6 Plus, SE 5s 5c 5, iPad Air 2 Pro, iPad mini 2 3 4, iPad 4th Gen [Apple MFi Certified](Black and White)	Mobile_Electronics	2.0	0.0	0.0	N	Y	Two Stars	Stopped working after 6 months	2015-07-31
US	44438192	R3QPAXQOWIKB04	B00XETI06U	154543830	Smart Direct IP65 Outdoor 5W Bluetooth Speaker with Suction Cup and Clip,Army Green	Mobile_Electronics	3.0	0.0	0.0	N	Y	It is really annoying to try to raise the volume and accidentally skip ...	Why oh why do these water-resistant speakers not have separate buttons for advance/rewind and volume up/down? It is really annoying to try to raise the volume and accidentally skip forward to the next song. Or try to go back a song, and instead lower the volume. Long press vs short press is a really inexact control system and is simply unnecessary. Would 2 more buttons have been that difficult to do or raised the price that much? I highly doubt it. Dumb bit of design in an otherwise very good product.	2015-07-13
US	37547782	R1OBFT1HJCR767	B008RV3DEY	371839803	New Uncut Blank Transponder Ignition Key for Toyota Avalon Camry Corolla Rav4 Tundra Yaris Matrix Solara (Chip #4d-67)	Mobile_Electronics	5.0	1.0	1.0	N	Y	2007 Sienna	Key came quick. Had it copied at local hardware from the one key I had when purchasing the van. The hardware store tried to program it but was unsuccessful in starting the car. Said I'd have to buy their key for $70.  I got home and tried the instructions someone had posted in another review (key in/out, open shut doors, wait for flashing security light, etc.).  The first time, it didn't work and the security light never stopped flashing.  I tried several more times and couldn't get it to even flash.  Finally, as I was thinking I'd have to fork over $70, the security light flashed and stopped just short of a minute.  I finished the instructions and it worked!  I was a skeptic but I now have a copy that works...all for less than $15.	2013-09-17
US	49453977	R2SZHEUN6JJKV4	B00OSQ7QEU	745122117	ZYTENZ - Best Male Enhancement of 2014 - #1 Male Enhancement Pill and 1 ounce bottle of Zytenz Maximum Strength Male Enhancement Serum	Mobile_Electronics	2.0	0.0	0.0	N	Y	It works part time. when it needs to be ...	It works part time . when it needs to be full time .<br /> I was let down it the potency of it<br />Another site had a money back guarantee  .<br /> Have to see if I can send back !	2014-12-12
US	2127414	R2KQLNQQ7D9XH4	B00RDCMY8O	902385260	Bluetooth Shower Speaker – SoundPal Water Resistant Wireless and Hands-free Speaker with Suction Cup - Compatible with All Bluetooth Devices	Mobile_Electronics	5.0	0.0	0.0	N	N	Five Stars	Very Good!!! I like it!	2015-02-06
US	45537281	R1CI3JODXIYTTA	B00GNUVOA6	946734521	Anime Comic Cartoon Attack On Titan Ipod Touch 4th Case	Mobile_Electronics	5.0	0.0	0.0	N	Y	Sie sind das Essen und wir sind die J&auml;ger!	I looooove this case!<br />I was surprised when it arrived a week after I ordered it!<br />It's good quality but be careful not to drop your iPod or either the case or iPod will crack (speaking from past experience)	2013-12-07
US	2039582	R169Q50MU0WVTY	B00KV2ZSBI	424158968	X-gps S800hd MTK DVR +Bluetooth+a6s Radar Detector 7.0 Inch 128mb RAM 8gb Gps & DVR Camera Recorder 2*8 Gb Au/ Us/ Eu/ Ca MAP	Mobile_Electronics	1.0	0.0	0.0	N	Y	POOR QUALITY SOFT WARE AND HARD WARE	POOR QUALITY HARD WARE AND OR MANUFATURED COMPONENTS AND SOFT WARE DID NOT OPERATE AS EXPECTED (GPS DID NOT WORK EVEN AFTER RESET.	2014-09-09
US	29048415	R14X1EZ24XIQUY	B00KKZMNDM	408298258	Sunnice® Brand New KG52 KG5012 wireless bluetooth folding stereo earphone headphone headset, heavy bass headphones, with microphone for smartphone tablet iPad computer, handsfree headset Sport mp3 Player Surpport SD/TF Card FM Radio Function (TF card NOT included) , Compatible with all Bluetooth enabled devices(Black & Golden)	Mobile_Electronics	5.0	1.0	1.0	N	N	Crisp, clear sound!	These are amazing! The sound is crisp and clear no static like in some Bluetooth head sets. It was very easy to connect just 2 easy steps and your music is blaring! They are super comfortable... I'm not one that likes things overly snug and these form just the right amount of pressure around your ears to cancel out background noise so all you here is clear crisp music! You can't beat this product for the price. I received them on time and as discribed by the seller. I received this product for my honest and unbiased review.	2015-08-04
US	50350522	R143GWYPD3AX70	B00DYV8L7Q	485336566	Car Navigation and Tracking Bluetooth GPS Receiver Data Logger	Mobile_Electronics	5.0	0.0	0.0	N	N	High sensitivity and lightweight	Bought one to connect to an A8 Dropad tablet computer. It was reported in the forums to be a good bluetooth GPS. I can now confirm that, not only is it a good bluetooth GPS but it is indeed highly sensitive to satellite signals. It locks on 3-4 satellites WHILE INDOORS. Not even my Garmin handheld can do that. Outside it locks on up to 12 satellites.  In my car windshield it can lock on up to 10 for a positional accuracy of 3 meters.  Reported sensitivity is -160db.<br /><br />Design wise, the engineers made sure that it uses off the shelf battery pack from a Nokia mobile phone. Like the N70.  Battery time is reported at 18 hours, I've not confirmed it but it definately works over 10 hours.	2013-09-22
US	38857384	R252IMGYHP804	B0055Q2FS4	283260322	COSMOS Pink Silicone Neck Strap band lanyard for iPhone 4 4s 3 3Gs iPod Nano Touch iPod touch + Cosmos cable tie	Mobile_Electronics	1.0	0.0	0.0	N	Y	One Star	I suggest not shop as you want to have a telephone.	2015-05-16
US	1339940	RZ7YME7SSIMRM	B00M8X28FM	663332731	New Waterproof Shockproof Dirtproof Snowproof Case Box for iPod touch 4th 5th Generation (ipod 5th, Pink)	Mobile_Electronics	2.0	0.0	0.0	N	Y	NOT AT ALL LIKE THIS PICTURE	NOT AT ALL LIKE THIS PICTURE, IT FEELS LIKE ITS GOING TO RIP AND IT DOESNT FIT PERFECT. I DONT RECOMMEND IT.	2015-02-24
US	14784848	R2J1AKABHF8S81	B009GDSE2S	275761902	Daditong Calefactor Car Baby Infant Beverages Food Milk Bottle Holder Warm Bag	Mobile_Electronics	1.0	0.0	0.0	N	Y	AWFUL!!!!!	Please please please do NOT waste your time or money on this product it does not work at all!!!!!! Hate it!	2014-01-22
US	12643559	R3MGHZGPC78LGZ	B00RW4P872	880237038	"LT Sport SN#100000000502-212 For VOLKSWAGEN short silver 3"" radio FM/AM RADIO Antenna (Carbon)"	Mobile_Electronics	5.0	0.0	0.0	N	Y	Five Stars	Works great, fast delivery	2015-05-28
US	15946663	R2QOCD7A40QU2X	B004W2JTHC	211566822	MRX-F30 - Alpine 4-Channel 600 Watt Max Speaker Amplifier	Mobile_Electronics	5.0	0.0	0.0	N	Y	Works great, looks great.	Does what it's supposed to. Kick butt and look good doing it. It's subtle enough to hide, but still be seen. Sleek, small design perfect for those tight spaces	2013-12-31
US	50075199	R19UMLCQB91MEY	B00RDCMYAW	902385260	Bluetooth Shower Speaker – SoundPal Water Resistant Wireless and Hands-free Speaker with Suction Cup - Compatible with All Bluetooth Devices	Mobile_Electronics	5.0	0.0	0.0	N	Y	Love it	Excellent speaker, loud, crisp sound, and all of the functions work. Battery lasts quite a while between charges.	2015-03-22
US	24917943	R3832DFC9GUK7I	B008R68DFS	423148551	Patazon Black Extension Dock Extender 30pin Adapter for iPod iPhone 4 4S	Mobile_Electronics	4.0	0.0	0.0	N	Y	Works great	If you have a LifeProof case for your Iphone 4/4S you will find this very helpful! I keep mine in the car for adapting my radio cord	2014-06-08
US	12177884	R2Y6Y60EE3NT8Z	B005LF5RIO	71624801	BestDealUSA Universal Am-Fm Hidden Windshield Antenna Car Radio New	Mobile_Electronics	5.0	6.0	7.0	N	Y	Conceal-a-tenna.	Excellent antenna for a mobile vehicle; (car, boat or bike).  I saw mixed reviews, but mine is pulling in Canadian stations twenty miles away and it is only six feet above the water.  As an electronic technician, I can say that is VERY good performance.	2014-07-15
US	12876860	R3TKSES10R6HRN	B001EZ04MO	812540592	Silicone Skin Pouch For Nike+ iPod and Nike Plus Nike+ SportBand - Compatible with all Shoes- Red	Mobile_Electronics	5.0	0.0	0.0	N	Y	Five Stars	very durable, long lasting, thanks!	2015-03-27
US	115345	R2IBYANGYFQ1V5	B009CRMABY	71624801	ZHOL® NEW Am-fm Hidden Windshield Antenna Car Radio Truck	Mobile_Electronics	5.0	0.0	0.0	N	Y	Five Stars	great deal on a hidden antenna	2015-08-26
US	16895242	R30OXBW2BL3TZQ	B00G5GTLMQ	335839905	Beats by Dr. Dre Nicki Minaj Special Edition Pink Portable Speaker	Mobile_Electronics	5.0	0.0	0.0	N	Y	Five Stars	I bought this as a gift.  The recipient loves it.	2015-03-10
US	16177468	R3L2HSX1Z7HSRT	B00H1DM1YW	416600512	SDVD8738 7 In. Portable DVD Player - Dua	Mobile_Electronics	2.0	0.0	2.0	N	N	We got these for Christmas a year ago, the player no longer turns on.	The power cord broke after the kids tripped over it once.  Bought a new power cord off of Amazon and it worked for about 4 hours, then the DVD player refused to turn on again after that.  The screen and sound are great, but the durability is lacking.  I have a single screen portable dvd player that is 9 years old and it still works fine.  Things just aren't made like they used to be I guess...	2014-06-16
US	41871302	R1MJKTA0C8STBR	B00JZVZTGU	827772123	Bear Motion ® Premium Slim Case for Kindle Paperwhite and the All-New Kindle Paperwhite (does not fit Kindle or Kindle Touch) (Paperwhite, Green)	Mobile_Electronics	4.0	1.0	1.0	N	Y	Sleep-Wake Function Works Well (Style is Different From Bear Motion's iPad Cases)	Update: After writing the review below, I received a message from the seller which is shown as a comment to this post. Based on the content of that message, I'm changing my rating to four stars. If the cover is as strong as they claim, the case should do well over time. It's just quite different from the Bear Motion iPad cases, but I agree that having a light-weight case can be a beneficial feature. I appreciate Ebiz explaining the composition of the front cover.<br /><br />My new Paperwhite did fit in my older leather Kindle case, but I really wanted the sleep-wake function so decided to buy this case. My family has two Bear Motion cases for iPads and both are well made and are of extremely high quality. One case is two years old and the other over six months and both look like new. Based on past experience, I expected a certain level of quality from Bear Motion. I should emphasize that the sleep-wake function on this Paperwhite case works perfectly. So why not five stars?<br /><br />I am disappointed that the front cover of this case looks like it's made of cardboard, especially at the edges. Granted the case is  inexpensive. However, I've used a synthetic leather case (a different brand) for a Nook tablet at this same price and it was quite nice and sturdy. Personally, if I had known, I'd rather pay a few dollars more for a case that seems more substantial. I'm not rough on things so hopefully this case will last for a while. But I'm doubtful that it'll hold up if you're not careful with it. One other thing that might be a small issue for some people -- it doesn't open as easily as my other cases because the front cover is so thin. I'm sure that makes it lighter, but it helps to have a fingernail to get between the front and back covers. I just wish this were more like the other Bear Motion cases that I have.	2014-07-07
US	43009908	R1LG4Q8986TUL	B00AQPHMO6	596819269	HHI Silicone Skin Case for iPod Nano 7th Generation - Brown Bear (Package include a HandHelditems Sketch Stylus Pen)	Mobile_Electronics	5.0	0.0	0.0	N	Y	Five Stars	FOR GRAND  KID	2014-08-04
US	16820003	R2U1ZD6DR5QA4X	B004JUZXRM	464145789	Toddy Home, James 5X7	Mobile_Electronics	5.0	0.0	0.0	N	Y	Excellent Cloth	I purchased this cloth for use with my iPad. This is an excellent product that removes smudges and fingerprints from the screen without scratching it. It is the perfect size to leave on top of the screen while in a case or sleeve. Plus the product has an excellent design and looks great!	2011-09-25
US	45933352	RV9G34GJBTK7Y	B0052RMI2Y	423996186	USB Power Wall Charger + Syn Data Cable for Apple iPod Touch iPhone 4 4S 3G 3GS	Mobile_Electronics	5.0	0.0	0.0	N	Y	Worked fantastic	This was purchased so that I could charge my phone while I was traveling.  It worked fantastic while I was on my trip.	2013-02-09
US	28813661	RJVBF9JTT541G	B004RBKN46	431424929	Sirius-Xm_Tram 2315 Xm & Sirius Combo Truck/Rv Mirror Mount Antenna - 2315	Mobile_Electronics	4.0	0.0	0.0	N	Y	Mirror Mount Antenna	I am a truck driver and it works great it the truck. I long haul so it is nice to have radio on the long trip.	2013-06-22
US	52618922	RBV8IV671YTTU	B004ALHM7E	238645026	USA Gear Car Air Vent Mount Holder & Display Cradle for TomTom XL 340TM , 340M / XXL 540TM , 550 and More GPS Navigators - Includes Cleaning Cloths	Mobile_Electronics	5.0	0.0	0.0	N	Y	excellent	this gps mount was just what we were looking for for our tomtom. had to position it sideways but it works wonderfully!	2013-01-10
US	45738488	R7NB02ITY8ZG3	B000RQEPL2	54530505	Bargaincell- 2.0 2-In-1 USB Sync & Charge Cable For Apple IPOD Shuffle 2nd Generation MP3 Player (Long)	Mobile_Electronics	1.0	0.0	0.0	N	N	Does not work with the current version of the iPod Shuffle	This product is not expensive - but it does not work with the current iPod Shuffle - I was not pleased!	2011-02-15
US	32690924	R2MFAD246S78X8	B002SNCP7S	49240238	Car Charger+FM Radio Adapter Transmitter for IPOD Touch	Mobile_Electronics	3.0	0.0	0.0	N	Y	Overall Okay	This product is overall okay. I am experiencing a little static when it's connected to my IPod but overall no complaints. The static is not bad to where I cant hear my music.	2010-10-09
US	38737104	R1EQ7622OPO3QC	B0091DIGBM	804330941	Sun Shade for Universal 7 inch 6 inch Car GPS Navigator	Mobile_Electronics	5.0	2.0	2.0	N	Y	A Good Item.  Does The Job	This sun shade works just fine for my Rand McNally TND 720 GPS unit.  Can be removed & re-installed with no trouble.  Just make sure you get the right width for your GPS unit.  Nothing fancy, and it does what I need it to do, cut down on the Sun's glare on a bright day.  Worth the price in my book.	2013-01-26
US	38880341	R39MC1ABVVKOC9	B001GDR0QW	666991768	Black Color Apple iPod touch itouch 2G (2nd Generation) 8GB 16GB 32GB Silicone Skin Case	Mobile_Electronics	2.0	0.0	0.0	N	Y	very loose fit	the product is very loose and comes off the ipod too easily. had to buy a new case a week later. do not recomend it for someone who does not want thier ipod to fall and break, because the case is also very flimsy and does not seem like a good protection	2009-07-04
US	26618025	RMLYNAPDP5HXB	B006HY7KTW	214380595	Almond Branches in Bloom Design Decorative Skin Cover Decal Sticker for Barnes & Noble NOOK Simple Touch 6 inch Touchscreen eBook Reader	Mobile_Electronics	3.0	0.0	0.0	N	Y	Not bad	This cover leaves a small gap between the top and bottom pieces, which is only annoying to those of us expecting a cover to actually... cover... the whole thing. Not bad for the price, though.	2013-04-21
US	38385494	R3358JXTDPH72E	B0040ZRIXS	525902052	GN032+SPH+SM050-2: i.Trek Handlebar Mount with Universal Cradle for LG - Most models including Ally, Optimus, Fathom, Chocolate Touch, EnV3, Cosmos, Accolade, Arena, Sentio, vx7100 Glance, enV touch, Neon, Remarq, Vu, Rumor Touch	Mobile_Electronics	3.0	0.0	0.0	N	Y	Is Okay	I bought this product to have my cellphone play the part of an expensive bike computer as you can have apps on your smart phone.  is light and comfortable and easy to install.  the only problem is that the phone jumped out this device when I hit a bump in the road (I use this for my road bike).  To solve the problem I used a couple of elastic hair bands from my GF. to keep it in place.  Now that I solved the problem is really good to use on you bike with apps like cardio trainer.      The product is inexpensive and if you are willing to use some elastic bands it will work perfectly.	2011-05-27
US	46575355	R11CW1K3G6AJPA	B003H8YOZO	748771112	Auto Dash Mount For TomTom GPS	Mobile_Electronics	3.0	0.0	0.0	N	Y	STILL CHECKING IT OUT....	"So far, my only gripe with this unit is the center post is not tall  enough to allow a lower angle for the screen to tilt down far enough to be easily visible from the high dashboard of my car.  My contact with the merchant was productive, in that they were totally understanding and are giving me the time needed to make sure I can \\""live with it.\\""  If not, they have been gracious regarding a return, so how can anyone go wrong with that kind of support?  You CAN'T!!  Otherwise, it definitely stays in place when cornering, is very well made, but the shipping cost was almost as much as the unit itself.  Bottom line...I think it would be wiser to make a visual purchase from a local merchant versus going on blind faith with an order house that charges high shipping fees to boot."	2010-09-23
US	11451375	R3EVPVEGS4PMB8	B0041PHPYE	208548305	Screen Protector for iPod Touch 4th Generation	Mobile_Electronics	1.0	1.0	1.0	N	Y	Bad sticker	I've installed many different screen protectors on a variety of devices. This thing barely stuck and refused to give up it's bubbles no matter what. Ended up getting so frustrated I ripped it off and flipped the wad in the trash.	2011-03-17
US	49378464	RV9PGI3N6Y6MW	B008B6PTRY	122714954	3.5 mm Male to Female Stereo Audio Extension Cable for iPhone 4 (Length:1.04m) 3.5 mm Male to Female Stereo Audio Extension Cable for iPhone 4 (Length:1.04m) 3.5 mm Male to Female Stereo Audio Extension Cable for iPhone 4 (Length:1.04m) 3.5 mm Male to Female Stereo Audio Extension Cable for iPhone 4 (Length:1.04m) 3.5 mm Male to Female Stereo Audio Extension Cable for iPhone 4 (Length:1.04m) View	Mobile_Electronics	1.0	0.0	0.0	N	Y	Mic doesn't work	Works fine for audio, but the mic didn't work on either my iPhone headset or my Bose QE15is with this cable.	2013-03-21
US	23478322	R1GZTMWJCB2IU	B0067XVNTG	563475445	"Generic Car Dashboard Video Camera Vehicle Video Accident Recorder (2.0"" 1080P)"	Mobile_Electronics	5.0	0.0	1.0	N	Y	dash camera	liked it it was okay but you have to get a SIM card it was already came with a SIM card so is ready to use as soon as you pull it out of the box but it was not its not really what it seems do not recommend	2013-06-02
US	21356643	R1CQK9CZLE3MD1	B006PK6I96	756119365	EMPIRE Barnes and Noble Nook Color Orchid Safari Stealth Rubberized Design Hard Case Cover + Screen Protector + USB Data Cable [EMPIRE Packaging]	Mobile_Electronics	5.0	0.0	0.0	N	Y	love it	I am in love with this case for my nook tablet , Everytime I pull it out everyone wants to know where I got it . The screen protector fits perfect and not hard to install . Only thing is the nook cord does charge but it doesn't say so when I plug it in my nook , since it isn't the original charger and doesn't give off the same power.	2012-10-05
US	13313237	R2GZ88NVU4JTMB	B005S1CYO6	459926372	Kindle Fire anti-glare Screen Protector	Mobile_Electronics	5.0	1.0	1.0	N	Y	don't live without this on your Kindle Fire	Even with a cover, this is a good idea to keep glass clean and protected.  The glare resistance is not great but the protection is wonderful.	2011-12-28
US	20762864	RNBLBTVQPHGP8	B007RHQWG0	933829107	Hillo Mini Bomb Speaker, Vibration Bass ,3.5mm Stereo Inputjack, USB Power Cable- Black Smile	Mobile_Electronics	2.0	0.0	0.0	N	Y	Disappointed	My Mom got me a BOMB speaker from Wal-mart a little while back. I loved it. Jump forward a couple months, I lost the speaker and mourned it's absence. The powerful sound it packed was incredible.<br /><br />I then see a speaker that looks kinda the same for sale here on Amazon. I swiped it up in a heartbeat. Boy was I in for a surprise. This was not of the same quality as the other speaker. The sound on this speaker was abysmal at best. I had my MP3 player at a very low volume level and still had audio spiking. Any song that any amount of bass caused it freak out and distort like crazy. There was also a high-pitched squeal constantly as the speaker was on.<br /><br />I'm gonna return it and never look back.	2012-12-15
US	10781308	R216CP3SXA7S7K	B005C4YNA2	580407730	CaseCrown Regal Flip Case for Kobo Touch eReader Black	Mobile_Electronics	5.0	1.0	1.0	N	Y	Best case for Kobo Touch	This case is the best case for my Kobo Touch.    From design standpoint, it's simple & elegant and the material quality is not bad.    But the most selling point of this product is how easily it fits the KT, while not obstructing any of its features such as power button and the power plug.    Highly recommended for users of KT!	2011-09-03
US	25560003	R3SX3010D7IYWV	B0069ZFYCY	627022964	eForCity Leather Case for Barnes and Noble Nook Color, Purple	Mobile_Electronics	4.0	0.0	0.0	N	Y	I like it	Arrived on time and the product is good quality also I do not have any complains about it. It is a good product.	2013-01-08
US	30152925	R2UYFTGSBVMUPF	B005PUZL6S	225352944	GTMax Wallet Leather PU cover Case, Clear LCD screen Protector, USB Car Charger, USB Home Wall AC Charger and Micro-USB Data Cable for Barnes and Noble Nook Simple Touch Reader/Nook 2 - Purple	Mobile_Electronics	5.0	0.0	0.0	N	Y	Great price	Great price for a bunch of needed accessories.  Well worth the price.  The Nook cover is really neat and the car charger is a nice plus.	2013-01-12
US	11496854	R8XDLQXNQZ3CG	B0069ZFYCY	627022964	eForCity Leather Case for Barnes and Noble Nook Color, Purple	Mobile_Electronics	5.0	0.0	0.0	N	Y	Great product!	This leather case works great with my Nook Color!  I love it!  Great value for the money spent.  Not expensive at all for leather!	2013-03-22
US	32135390	R2U07C84NQJYYO	B009ZQ30SY	644840140	LiViTech(TM) Leopard Design Series Diamond Rhinestone Crystal Silver Bling Case for Apple iPhone 5 (AT&T,VERIZON,SPRINT)	Mobile_Electronics	5.0	0.0	0.0	N	Y	So fun!	Love this case! Faux leopard print is slightly furry, but does not shed or rub off. Love the chrome and &#34;diamond&#34; details. Super cute.	2012-12-06
US	28306465	R28KMV9D4J7LQJ	B000K6BO3Q	508704251	Creative Zen V-V 4gb Player Colour Blue/Black	Mobile_Electronics	4.0	2.0	2.0	N	N	LOW CONTRAST	Product works great.  I've had a few of the SANSA Clips.  This doesn't have a clip device but fits well in my pocket or running belt.  The only issue I have is the display contrast could be better.  It is slightly difficult to read.  Otherwise, easy to navigate and enjoy.	2013-06-11
US	44213059	R282KXG3ZI53E3	B0042DTWFU	694762920	LCD Screen Replacement for Apple iPod Video 5th Generation	Mobile_Electronics	3.0	0.0	0.0	N	Y	It came scratched, but it did work	It made me upset that it came all scratched up. Lucky for them people on ebay don't give a damn about that. Anyway, it came in a timely manner and even came with 8 tools in the package. Still, it came scratched so that's why it gets a 3	2012-12-15
US	10380792	R1GO2H4I0AMVEE	B0014KQJP0	772166509	PAC iPod® Adapter for JVC Charges your iPod while sending the audio to your JVC car stereo	Mobile_Electronics	3.0	0.0	1.0	N	Y	works	feed back but keep it loud and dont think about sound quality too much and it works because its cheap	2013-01-01
US	33081754	R1PUMTI0VJI2YL	B006GOPE5K	18377584	Peavey IPR 1600 (1600 watt) (1600W Power Amp)	Mobile_Electronics	5.0	3.0	3.0	N	N	Light decent power and good build quality	"Great Product. I have had it for a year and a half, and it has not failed me yet. Great build quality light. im using it to power 2 15\\"" inch mackies and they power them consistently without loss of power from bass kick to bass kick. ive also used them to easily power my speakers for spoken word of 200 people. great product!!!! worth the money. no noticable hissing in the background. great sound quality. Amazing"	2012-02-21
US	20690359	R9A02DOBOSE6J	B00308O75S	336598006	Case HD 16GB 32GB Accessories	Mobile_Electronics	5.0	0.0	0.0	N	Y	zune	I needed more than one way to charge my zunes (2)because I use the m a lot when I travel to my daughter`s house.I can charge both at the same time where ever I am. great quality and perfect for me	2010-11-08
US	40277319	R2TX1FM2MWUAYY	B0052NZYXI	449766602	AYL (TM) Portable Mini Speaker System for PC / Phone / Tablet / Apple iPod Touch / iPhone 4 / iPad / MP3 Player (Black)	Mobile_Electronics	5.0	1.0	1.0	N	Y	This thing rules	Fantastic value. Speaker is loud enough to hear while taking a shower, which is impressive. Convience is great, just plug it into a usb port to charge and go. I'm really glad I dropped the cash to get this.	2011-12-08
US	44999931	R2Q5HVHHWU34HJ	B004FKFDHQ	607641249	Case Mate Screen Protector for Apple iPhone 4/4s (3 Pack)	Mobile_Electronics	5.0	1.0	1.0	N	Y	Best Screen Protector for iPhone 4 I've Used	"The Case Mate 3-pack of screen protectors is easily the most useful and best of the covers I've used for my iPhone 4.<br /><br />The Pros: Price; at $10.87 is great. Much better than other prices for screen covers that don't work as well. Function: Perfect - I wouldn't call it \\""anti-glare\\"", but it does cut down on glare somewhat, without sacrificing screen brightness or the Retina Display quality. It also feels just right, giving my fingers the ability to slide easily over the surface without sticking, and without feeling oily or greasy. Best of all, it really does reduce smudging and fingerprint marks. When they do appear, they wipe off immediately with a quick swipe from most fabrics (yes, I wipe them on my bluejeans, shirt tails, etc!).<br /><br />Tough as nails too. I don't hesitate to put my iPhone 4 in my pants pocket with my car keys. The screen protector keeps the front safe.<br /><br />Cons: Honestly can't think of any.<br /><br />Application was easy. Better than most because the covers come with their own covers on both sides, so you don't smudge them up while applying them. Also included is a soft cloth and cardboard press for removing bubbles that form during application. These bubbles come out easily.<br /><br />I give my best recommendation to this product."	2011-05-14
US	25098701	R2SQ9K18JPJ91N	B004FOWD2A	461592361	ACU Camo Design Protective Decal Skin Sticker for Barnes and Noble NOOK COLOR E-Book Reader	Mobile_Electronics	4.0	0.0	0.0	N	Y	Good protective skin	This will protect your nook, but don't expect a drab sticker.  The material is shiny.  Also, the color is much more lighter than real ACU.	2011-10-08
US	47028901	RKJEVDA0YNVYN	B004JR7SUU	197355180	Barnes & Noble NOOK COLOR eBook Reader Tablet Silicone Skin Case Gel Cover- Blue + Fishbond keychain	Mobile_Electronics	1.0	0.0	1.0	N	Y	DUST GRABBER	The cover is an efficient dust/particle grabber. Since I have removed the cover, the Nook has not attracted much dust. I liked the color though.	2011-06-17
US	46169008	R14QC5M1A1FCDP	B005F79DW4	684478797	Bundle Monster New Nook Touch Vinyl Art Skin Decal Sticker - Retro Heart	Mobile_Electronics	3.0	0.0	0.0	N	Y	cute	I like this skin.  Very pretty/cute.  The reason it only gets 3 stars is because the edges on the back, where the nook is curved, don't seem to stay stuck down all the way.  But since I'm using a case with it too it hasn't presented a problem.  It probably would be a problem if I didn't have it in a case.	2012-04-27
US	43605378	R20AW3HKZANBRO	B004JPRH1W	463070117	Gemini Firstmix DJ Software Controller (Standard)	Mobile_Electronics	2.0	3.0	4.0	N	Y	Could use A LOT of work.	I have had this product for at least a year and it does not last! The knobs need to be re-calibrated after a while( I don't even know how they became offset), but there are no options for that in the software. The plastic is very cheap and the jog wheels are TOO sensitive. The slightest touch could set them off. The scratching sounds artificial and when you try to put the BPM up via controller's jog wheels, the BPM will revert to whatever you had it. The software is becoming quite glitchy now and unreliable. The only reason this is getting a two instead of a one is because you can use it as a midi interface.<br /><br />Improvements needed:<br />Headphone jack<br />Loop buttons on the controller for the desired beat lengths.<br />The ability to recalibrate knobs.<br />Better scratching and non-reverting BPM changes.<br /><br />Other than that, it is great to get your feet wet in DJ'ing if you want to get into it, just don't try to DJ at a club with this thing, it's embarrassingly small and does not look the slightest bit legitimate.	2013-04-01
US	20050145	R1U641S62I3GEM	B008KOXMEE	639348778	BOSS BV9370NV DOUBLE-DIN IN-DASH NAVIGATION A/V RECEIVER WITH BLUETOOTH(R)	Mobile_Electronics	4.0	1.0	1.0	N	Y	Performs better than I hoped!	This radio has many more features than I can use in my 2001 Honda Civic like steering wheel controls and many others but it does exactly as advertised and better. It was easily installed once I got the right installation parts, namely a wiring harness and double din face plate to replace the single that was stock. I had to get these from Crutchfield which was a bit of a nuisance but they had what I needed and came with installation instructions. Also very pleased with DiscountsJungle  for sending the unit in a timely fashion. Thanks!	2013-04-24
US	50254047	R25NARYXIXW9LZ	B004DELGNE	775546957	Case for Garmin Nuvi GPS 265W 855 260W 1350T 205W 1350LMT 1390LMT 295W 465T 1300 1300LM 1390T 255W 1370T 765T 885T 250W 755T 660 650 750+Screen Protector, Black Carbon	Mobile_Electronics	3.0	1.0	2.0	N	Y	Case is good but D-Clip ring is Poor & no room for power cable	Received the case OK and it seems quite sturdy as well with one exception.  The d-sytle clip that comes with the case is so cheaply made that the first time I tried to clip it on to my belt loop, it broke.  The spring on the clip gave out and stopped working.  Also, there is no room in the case or an additional compartment for the power cord that comes with the GPS. So I now have to carry the case, the power cord and my GPS mount all separately.  That's the reason for the three stars instead of four or five.	2011-03-27
US	31777261	R2CQ0TW0L38F1W	B004SQS5NG	192659087	(Smoke) iPod Classic 80GB / 120GB / 160 GB Silicone Skin Case Cover for iPod 80G / 120G / 160 GB	Mobile_Electronics	4.0	0.0	0.0	N	Y	so far so good	I was a little set off by how shaky and not too stable but i just told myself to let it... still stayed on so far and i get used to it after a while as I run. it holds up so far. and sweat and smell doesn't get in the way. so far so good if anything changes, will let you know!	2012-07-22
US	45883151	R14X6LE7Z6LYXK	B000KL4Z32	205110667	Stereo Install Dash Kit Honda Prelude 99 00 01 2000 (car radio wiring installation parts)	Mobile_Electronics	2.0	0.0	0.0	N	Y	Bad instructions	Bought this to install an after-market receiver.  Following all the directions for the Honda Prelude, I realized it was completely wrong.  It had told me to remove all the side tabs, when in fact two were required to stay on.  I managed to glue pieces back on and make it fit, looks ugly, but it worked.	2009-06-04
US	32725809	RFL8CTVA5RIQU	B001TQOOVK	718507311	Garmin nüvi 265/265T 3.5-Inch Bluetooth Portable GPS Navigator with Traffic (Factory Refurbished)	Mobile_Electronics	5.0	0.0	0.0	N	Y	great item	this is just as good as a new one with no hidden marks or scratches. works great and easy to use	2010-10-30
US	50476931	R13B24G5AGL38D	B00270Y0YS	340359974	Amazon Kindle 2 E-Book Reader Silicone Rubber Skin Case + Kindle2 Anti Scratch LCD Screen Protector - 9 Color Choices	Mobile_Electronics	3.0	0.0	0.0	N	Y	An Okay Product	"The silicone cover was a little bit loose,it pushes up the extra silicone around the \\""Next Page\\"" button on the right.  The screen cover was easy to put on but it glares like a plastic mirror. The manufacturer tag has glue that was very difficult to remove. Left glue mark on the screen cover. Overall, it was an okay product.  No buyer's remorse but would have like to have a cover that fits more snuggly."	2010-01-21
US	40620924	R1MMU7LEOOU3R0	B006B8PMEO	695086804	Navitech Red Bycast Leather Flip Carry Case & Night Reading Light For The Kobo Wireless eReader (As sold by WHSmith)	Mobile_Electronics	4.0	0.0	0.0	N	Y	The case is excellent, the light is not	I really like this case. I was concerned from reviews of similar products that my Kobo would be held in place only by little straps. I shouldn't have worried. The slot for the reader is a leather frame that surrounds it completely on three sides except for cut outs for the various function keys. The cut-outs line up exactly for easy access. I can charge the thing while it's still safe in its case if I want to. The magnetic closure holds it closed securely, too, and the case seems to be very well made.<br /><br />There are slots to stick papers, etc, but the reader is such a tight fit that these seem to be more for looks than functionality.<br /><br />The light is my least favorite feature, and it cost this product a star. It would have been two if the case itself wasn't so nice. The light enclosed with my case is slightly different than the one pictured. The clip is weak, and I'm having trouble finding something the right thickness to clip it to. The left side of the case is not thick enough to hold it securely, and the reader itself is a tad TOO thick. The cable holding the light is not sturdy enough to hold it in a position that allows it to illuminate the proper places, either.<br /><br />The cover is well worth the asking price, even without the light. Buy the cover, plan to get a different light.	2013-01-23
US	41556439	R1VRULFL4ESTR3	B00421U1BQ	377936180	splash Masque Screen Protector Film Matte Clear (Anti-Glare) for iPod Touch 4 4G 4th Generation (3-Pack) NEWEST MODEL	Mobile_Electronics	3.0	0.0	0.0	N	Y	Makes the screen looks honed	The film is not flat but a little dull. Maybe this is out of the consideration of Anti-Glare, but it is really unconfortable.	2010-12-08
US	45149897	R1IVE2JSXO2TQF	B007USZBG8	535650763	Skinomi TechSkin - Samsung Galaxy Player 3.6 Screen Protector + Carbon Fiber Silver Full Body Skin / Front & Back Premium HD Clear Film / Ultra High Definition Invisible & Anti Bubble Crystal Shield	Mobile_Electronics	1.0	0.0	1.0	N	Y	techskin	I didn't realize the Skinomi was a sticker.  My son needs more protection than that even when the Galaxy is in his pocket.  Also, the stickers were falling off the page when we opened the product.  The clear shield seemed to be fine, but it was returned as well.	2012-06-27
US	11312946	R21KH7MF9IW2UA	B006P2Y8YQ	958032785	Monster ibeats Beats by Dr. Dre White/Red High Performance In-Ear Headphone Earphone for iPod, iPad, iPhone3G, iPhone 4, iPhone 4S, Android, Smartphone, Galaxy S and other 3.5mm MP3 Devices - BULK Packaging	Mobile_Electronics	5.0	0.0	0.0	N	Y	great sound	these beats have awesome bass and very durable. they came 2 days early too. the case is a nice touch	2013-02-09
US	52994509	R3T4TNZPGPHAY3	B003DLX1M2	796726168	Carpa-120 Car DVR (Digital Video Recorder), Audio & Video Digital Driver Recorder with GPS and G-sensor (FREE 4GB SDHC Memory Card Included!!)	Mobile_Electronics	1.0	5.0	5.0	N	N	Buyer Beware	Beware of these CAPRA 120's.    They all eventually stop working right. Constantly corrupting the SD card resulting in loss of data.    The company that sold them in the US, GOBIZ Corp, has folded up shop in Poway, CA. Web page down for months with Under construction messages.    No firmware updates in nearly a year to fix the problems.    I field tested units for our fleet and have went through several replacements from GOBIZ but after a few months they quit.    Totally unreliable.    great concept. Software for playback needs work, as other reviews have mentioned, but it does the job. But you will find AT BEST about 30% of the video segments will work when you play them back, the rest will just lock up the player as they have been corrupted. Eventually, as both units I've had did, they will just start wiping out the format on the SD card after being powered up for about 24 hours and you will get no video at all and need to reformat.    As far as I can tell, this is abandoned hardware and there will not be any support or updates.	2011-04-01
US	12350964	R21YADD936H5RZ	B001UGV6SI	324591120	FM TRANSMITTER ACCS	Mobile_Electronics	1.0	2.0	3.0	N	N	weak, static-y, low power, no volume	This thing has no volume, no power. And even tho it offers 20 stations, every one is static-y. So this thing is pretty useless. Disappointed. Zero performance.	2011-12-07
US	48586131	R8OZZXY4MVDRA	B0041ESFTY	458749325	JAVOedge Poppy Sleeve Case for Amazon Kindle 3G/WiFi (Red Tangerine)	Mobile_Electronics	5.0	1.0	1.0	N	Y	Great Kindle Cover	If you want to hold your naked Kindle in your hands while reading, this is the case for you.  It's pretty, keeps it protected, and the Kindle slides in and out with ease.  No cumbersome case to hold onto while reading.  I would still recommend some kind of screen protector, and decalgirl.com has awesome skins to protect the outside.  But for travel and overnight, it's a perfect case for Kindle.	2010-12-21
US	10701278	R28E36YUOP3CNX	B004US5OSG	642975381	Genuine HTC Car Charger for HTC HD7, HTC HD2, HTC Desire, HTC Inspire 4G, HTC Merge, HTC Wildfire, Nexus One (GSM), Nexus One (CDMA), HTC Droid Incredible, T-Mobile myTouch 3G Slide, HTC Surround, HTC Aria, T-Mobile G2 and T-Mobile myTouch 4G phone models	Mobile_Electronics	5.0	1.0	1.0	N	Y	Genuine product and it lasts!	Have had this for over a month, and so far so good.  I understand that the off-brands stop working after only a short amount of time.  Well, this one is the genuine product, cost a fraction of the retail price, and it works as expected.  I can't complain!	2012-12-21
US	26870888	R2J92RTJ2SMRFL	B003Y9D54M	980992180	Cellphone-Mate CM100-L Omni-Directional 9dB Dual Band Fiberglass Antenna	Mobile_Electronics	1.0	0.0	1.0	N	Y	unhappy??????	I ASSUMED that a 9dB would give me a stronger signal than my 3dB....WRONG..it did not improve the signal..Actually the 3dB does a better job than the 9dB...GO FIGURE...we know not what we purchase as  today's consumer..	2012-02-25
US	50822867	R2JRDS3Z8048QJ	B004DC5KPQ	782009388	Hello Kitty KT4478R Polycarbonate Wrap for iPod Touch 4G	Mobile_Electronics	4.0	1.0	2.0	N	Y	Satisfied	This product arrived in a timely manner and is sturdy. There was a slight crack line at the bottom, but it is not normally noticeable.	2012-01-16
US	11509161	R2EA31KL030XNN	B00940G9MA	787508720	Barnes & Noble Nook Color USB Cable - Micro USB	Mobile_Electronics	1.0	2.0	2.0	N	Y	Don't Waste Your Money	Nook Color USB cable was not available on the B&N website (out of stock) so I thought I'd give this product a try.  Didn't work at all, and even if it had I was disappointed in the short length of the cable.  Don't waste your money on this junk!	2012-11-02
US	42234344	R9YXQIE9GX5JU	B006P8MG6M	82602345	CarProCam(TM) HD 1080p Car Dashboard Camera Car Accident DVR with LCD, LED LIGHTS, HDMI OUTPUT, CYCLE RECORDING. Model z06	Mobile_Electronics	4.0	28.0	29.0	N	Y	Impressive video quality (HD H.264 format) for the price!	I was really surprised and impressed when I reviewed my first round of recordings.  The HD quality for this price is exceptional.  Overall, this is a great solution for those who want a video system in your car on a budget.  If you were able to turn off the microphone and screen, battery life would be greatly improved, so I hope a future Firmware update may offer this solution.  I also wish that you could connect an external microphone to this camera so you could record outdoor sounds instead of the interior.  At the end of the day I am really pleased with my purchase.<br /><br />Pros:<br /><br />1.) Massive storage capacity (up to 32GB) on SDHC<br />2.) Connects to your computer via included USB for charging and file transfer<br />3.) Cigarette lighter power cord for long trips<br />4.) Excellent H.264 High Definition video quality<br />5.) Two-way adjustable mount.  You can pivot up and down and swivel left-to-right with two secure tension knobs<br />6.) Date and time stamp on corner of video<br />7.) Wide angle lense shoots true panoramic view.  Even with my camera mounted on the upper-right side of the windshield I am able to capture the entire front of my vehicle.  ***See uploaded photos of my mounted camera***<br /><br />Cons:<br /><br />1.) Limited features and basic settings but for the price and purpose this is not a problem for most<br />2.) Battery life is rougly 3 hours<br />3.) Inability to disable the LCD screen or microphone to extend battery life<br />4.) Night recording is poor even with my xenon high intensity headlights and regardless of streetlamps being overhead.  The video quality comes out grainy and is no longer high definition as a result of the processing software within the camera itself.<br /><br />4 out of 5 stars.	2012-04-11
US	16464727	R18Q5LHPGQJNLT	B001FE9KU6	959202103	ALTEC LANSING IM207 orbit-mp3 portable speaker	Mobile_Electronics	3.0	0.0	0.0	N	N	Nice! BUT......	I was surprised by the quality of sound that it gives, BUT the downside is the on and off twisting switch, that was a big mistake! It is so difficult to deal with, I bought 10 of these and gave out 9 of it as a gift last Christmas, So for those people who received one from me, I just advised them to leave this switch on and just remove the batteries instead.  It's easier that way.	2011-01-13
US	37932656	R5XXTT68DSA7F	B002QCGLHQ	841673674	SquareTrade One-Year Open-Box Electronics Extended Warranty - Items $200-2000	Mobile_Electronics	5.0	0.0	0.0	N	N	Warranty Review	The Squaretrade warranty is the bomb.  I was at a car show taking pictures when I was bumped and had the camera knocked out of my hands.<br /><br />The week that was:  Called Tuesday and they e-mailed me a shipping label - Dropped off at UPS on Wed AM -- Wed PM (same day) I was notified that the camera was not repairable and that $$ was sent to my Paypal account.  Wednesday PM -- ordered a replacement camera from Amazon and it arrived on Friday. Friday night I purchased another warranty on the new camera...<br /><br />Highly recommended - 5 star service!!	2013-04-25
US	17381534	R1PJMLJ4EFXH5Z	B0042IHG58	588652457	iPod Touch 4 4th Gen TPU skin case MiniSuit case for iPod Touch 4th Generation, 4th Gen + MiniSuit Microfiber Key Chain - Smoke	Mobile_Electronics	5.0	0.0	0.0	N	Y	Excellent	Was searching for a 4th generation case that actually FIT! After purchasing one that claimed to be for 4th generation that was so loose it needed to be returned this one was fabulous. Looks exactly as shown and fits my Ipod like a glove....You will not be dissapointed..So thin you forget it's on but very durable feeling.	2011-01-27
US	44099456	R1AFWU4JTGJ7GW	B004Z4MDGG	639050774	Griffin Dual USB Car Charger PowerJolt	Mobile_Electronics	5.0	0.0	0.0	N	Y	Works, cheap, and small.	Great form factor. Fits flushly in both of my cars. Dual USB ports lets you charge two devices at once as well.	2012-12-14
US	44396542	R3NU6YUCETSKHG	B001NVZ34I	190641472	EUROPE MAPS Q2 2009 on 4GB SD for NAVIGON 5100	Mobile_Electronics	5.0	0.0	0.0	N	N	Definatly worth the money....a wonderful buy	I purchased this product out of hesitation, and I am so pleased with the quality. I received the maps within 2 weeks which is wonderful since I'm stationd in Germany. I had been waiting 3 years for this perticular set of maps to come out for the 5100 and once they had they were ridiculously overpriced. I got these for a thrid of the price and couldn't have asked for anything better, they haven't steered me wrong yet!	2009-08-22
US	14299798	R6E1UF6OV8Y3P	B004911E9M	423996186	Wall AC Charger USB Sync Data Cable for iPhone 4, 3GS, and iPod	Mobile_Electronics	1.0	0.0	0.0	N	Y	Never got it	I order this wall charger more than a 1 month ago and now they saying that it will take another 1 month,something doesn't sound right.	2011-12-12
US	44560423	R2FNMFBP3W15KJ	B001MKTV98	663850829	5 in 1 Apple iPod Touch 8GB, 16GB, 32GB Silicone Case Package Includes , , , Armband, and Screen Protector	Mobile_Electronics	3.0	0.0	0.0	N	Y	I pod touch	Car charger worked in one car but not the other.<br />I never used the armband.<br />The case was just okay.	2010-04-15
US	19989097	R119SCPPNLB311	B0017TNGWW	346186	Sonic Impact I-P23 Portable Speakers for iPod	Mobile_Electronics	5.0	0.0	2.0	N	Y	Amazing Sound from Small Player	Easy to set up and start using. I love the compact size for travel. I love to take my tunes with me and this fits nicely in a carry on bag. Can be used with AC or batteries. So convenient and sounds great too! It's not going to replace your old stereo but it's not meant to.	2010-08-18
US	28601503	R1NVPIGRCKBUBR	B008ZZHPGO	205203791	The Friendly Swede 5 x Penguin Silicone Cases Skins Covers - Hot Pink Purple Green Black Blue - Microfiber Cloth and Retail Packaging	Mobile_Electronics	5.0	9.0	10.0	N	Y	Penguins	So adorable and absolutely perfect!!!! Made great party favors! The girls loved them and now everyone wants to know where to buy them.	2012-11-11
US	21188213	R5KVQ55FZVP6Q	B006L6YNKA	529529963	SimplyVibe SV-S300 2.1 Channel w/ subwoofer Portable Speakers (Gloss Black) for iPad, iPod, iTouch, iPhone, MP3 Players, Laptops (Mac/ PC) - (USB Or Battery Powered)	Mobile_Electronics	5.0	0.0	0.0	N	Y	Just right, bought 1 + 1!	Great bass for size. USB powered is a plus. I wanted a speaker that I could use with mp3 players other than iPod's.	2013-04-09
US	45125889	R13SE15TSD2OFZ	B006Y442AU	419796474	"Pioneer AVH-P8400BH 2-DIN Multimedia DVD Receiver with 7"" Widescreen Touch Panel Display, Advanced App Mode, Built-In Bluetooth, and HD Radio"	Mobile_Electronics	2.0	0.0	0.0	N	Y	GREAT - at first...	Was rather impressed after the initial install.  Three months later - the screen became a pretty picture and unresponsive to touch.  I need to turn off the engine and restart to make it a functioning touch screen again.  Which is rather annoying on a long drive...  As Pioneer is not helping at all, I would suggest looking elsewhere for your moderately expensive touch screen upgrade.	2013-06-13
US	23512955	R1H8GYDTFGRWNH	B00166G81M	776321291	2-Port USB Car Charger Adapter	Mobile_Electronics	2.0	0.0	0.0	N	N	Short term use	I bought my children iPod Touches for Christmas(2011)and wanted to make sure they could charge them in car if need be so I bought this product. The price was wonderful and the fact that it was a duel charger, so I only had to buy one, was really nice too, however it has only been used a handful of times since then and in less than 6 months it has already stopped working.....bummer :(	2012-06-05
US	52411436	R28SNK2Y186VBV	B0052NZYXI	449766602	AYL (TM) Portable Mini Speaker System for PC / Phone / Tablet / Apple iPod Touch / iPhone 4 / iPad / MP3 Player (Black)	Mobile_Electronics	5.0	0.0	0.0	N	Y	Good value	After my previous portable speaker (iHome) died on me, I decided to give this one a shot based on the price and reviews. So far, so good. Very compact but feels solid. Sound quality plugged into my iPhone is pretty good all things considered.	2011-08-24
US	22121574	R30MQ8IIGN77MU	B004FM9898	670576934	iPod Touch 4th Generation skin case MiniSuit case for iPod Touch 4 4th Gen + MiniSuit Microfiber Key Chain screen protector (Smoke Swirl)	Mobile_Electronics	4.0	0.0	0.0	N	Y	a	Everything is good about this, except one thing it covers the sound and lock/power off button.  This is not a huge problem but however it can make it difficult to press the buttons.  It fits great and I would recommend it.	2011-05-15
US	46361061	R16PR833XQW81U	B005VWUYT4	682455602	Netsuke +Opening Tool for Apple iPhone 4 4S	Mobile_Electronics	4.0	0.0	0.0	N	Y	Works well for attaching a wrist strap to iPhone	We used this product to attach a camera-style wrist strap we had on hand to my wife's iPhone 4s. We wanted to have a safety strap on the iPhone for an upcoming Eurasian trip where we would be taking a lot of photos. The Netsuke and tool worked very well.I was afraid to tighten the tiny screws into the iPhone very much, but they didn't come loose. Having the wrist strap on the iPhone was a comfort when far from home. We left it attached and it's still holding tight.	2012-08-13
US	42219821	R289UATV3OVA9E	B006Y442AU	419796474	"Pioneer AVH-P8400BH 2-DIN Multimedia DVD Receiver with 7"" Widescreen Touch Panel Display, Advanced App Mode, Built-In Bluetooth, and HD Radio"	Mobile_Electronics	5.0	0.0	1.0	N	Y	Awesome!	This is a wonderful product, has so many features.  Can play so many different types of media, and you can customize it! DEF RECOMMEND!	2012-12-14
US	43414454	R3C7XGB9VXCRKI	B002FA3R08	120061985	15-Item Accessory Bundle for Apple iPod Touch 2G and 3G	Mobile_Electronics	2.0	0.0	0.0	N	Y	Eh.....	Some of the pieces are decent while others seem to be rather flimsy and cheap. Mostly bought this for the cables but we'll just have to see how long those last.	2012-06-20
US	17127993	R2WDRFNRTKI0RA	B0041MS1EU	637904006	iPod Touch 4 4th Gen skin case MiniSuit case for iPod Touch 4th Generation, 4th Gen	Mobile_Electronics	5.0	1.0	3.0	N	Y	Mr Jim	This is my first experience with the Touch. I did have a Nano previously and there is no comparison. This is one of the coolest gadgets I have ever owned.	2010-10-11
US	31229593	RB28DIYBFJUF	B00110O5UY	333943889	PCMICROSTORE Brand Creative Lab Zen Small Wonder 4gb 8gb 16gb Premium Leather Case Cover with Video Stand and Swivel Belt Clip - Bundle with 12v Rapid Premium Car Charger and Home Travel Wall Charger	Mobile_Electronics	4.0	0.0	0.0	N	Y	Very handy -- all but the car charger...	"I purchased this for my new Creative Zen mp3 player, 8gb -- which by the way I love!! And everything about this \\""Small Wonder\\"" package worked great. When using this I don't need to use a cellphone chair or beanbag for this mp3 player, I just fold the case back and sit it on the desk. I'm a DJ for a local radio station and this comes in handy when I'm in the radio station using it to play music for one of my shows. It's one less item I have to have near the board that can get in the way of all the other peripherals I have to have. The only thing that failed was the car charger, it fell apart. But everythig else was great and still works. And there have been fewer scratches on my mp3 this time around. Glad I could contribute."	2010-02-25
US	45399707	R1O386PBWXVXX3	B003A96AMU	943150110	CaseCrown Metallic Glider Case (Orange) for Apple iPod Touch 2G / 3G	Mobile_Electronics	5.0	0.0	0.0	N	Y	Great Case!	Matches my Skull Candy buds to a tee, easy to install, great fit.  Will certainly look to buy more from CaseCrown!!!	2013-01-16
US	43495504	R19ULCR7F8UK66	B007NYZ2RC	980850155	Damson Cisor BT5 Resonating Portable Bluetooth Speaker - Blue	Mobile_Electronics	5.0	2.0	4.0	N	Y	Fantastic compact speaker	I bought this tiny speaker thinking it would be either awesome, or a complete waste of money. After a couple of days with it, everyone agrees that it is awesome. It's surprisingly small (smaller than your fist), surprisingly heavy, and on the right surface has surprisingly good and LOUD sound. It works by far the best on light wooden tables, but it can turn any surface into a speaker.<br />It connects well to any Bluetooth device, though beyond a range of about 10 feet in a crowded room the signal gives out intermittently.<br /><br />UPDATE: The company that sold me the speaker has sent me a new cord, which has fixed the problems I originally wrote about.	2012-10-01
US	18882551	R3LIEL7KJ1YDLH	B001UJ4GE6	291482758	Garmin Streetpilot 2610 / 2620 / 2720 / 2730 / 2820 / 7200 / 7500 / C320 / C330 / C340 / C550 / C580 / I2 / I3 / I5 / Streetpilot III GPS Portable Travel USB Plug-in Rapid 12v Car Charger	Mobile_Electronics	1.0	5.0	5.0	N	Y	Garmin car charger	Do not buy this product for the Streetpilot C550---it is not the charger for that model (as advertised) rather it is a mini-USB connection---works great for cell phones but not as a charger for the Streetpilot.	2009-11-07
US	14423526	R2SQB8CGR0UU16	B0050L85VK	853608141	Black n White Skulls Design Crystal Hard Skin Case Cover for Apple Ipod Touch iTouch 4th Generation Gen 4g 4 8gb 32gb 64gb	Mobile_Electronics	5.0	0.0	0.0	N	Y	Adequate and inexpensive	This is just the ticket for my 6 year old's Itouch. ( yes a 6 year old with an itouch--his parents are divorced and this way he can FaceTime with both of us. If he could spell, he could even text!) this snaps on, protects it in falls (worse that has happend is the case has come off) and my son loves the design!	2012-02-12
US	48112620	R14VXP402C4BE9	B002SCS97O	9213467	Suction Cup Car Windshield and Vent Mount for PDA Smart Phone iPod iPhone Blackberry and treo - Universal fits everything from 50mm. to 90mm (1.9 to 3.5 inches) + Live*Laugh*Love Wristband!!!	Mobile_Electronics	5.0	0.0	0.0	N	Y	Works terrific!	I bought this to hold my iPhone 3g in my car, and it works terrific!  I've tried both mounting options, and have found that I prefer the attachment which clips to the air conditioning register as this puts the phone right where I want it to see it clearly and be able to access it.  The phone grips have always held the phone securely, yet it's easy to get the phone in and out.  I've had this for 6 months so far with no signs of wear.	2010-07-24
US	39097931	R15D3HWYIPNWHU	B000TTQ1Y6	721948490	Ram Mount Handlebar Mount for Garmin GPSMAP 76C	Mobile_Electronics	5.0	1.0	1.0	N	Y	great GPS holder	The Ram mount was easy to bolt to the handle bars of my motorcycle.  But it does take several inches of space.  I am still fine tuning its exact location, so that it is visible but not in the way.  It looks like it could hurt you in a crash if it is not located properly.	2010-01-26
US	26725381	R1M6B4RX6RO7X3	B0012R6L1W	895803920	Garmin 010-00658-12 Forerunner 405 Gps Receiver with Ant Sport Wireless Technology (Green)	Mobile_Electronics	1.0	2.0	2.0	N	Y	not as good as expected	"so here is my review over this watch after ~3 months of use (I'm running ~ every day)  First I had a garmin 305 which mysteriously died so I thought going with a newer watch was a good thing.  This watch is an epic fail from Garmin ; the main issue is what they call the \\""bezel\\"", the touch corona where you control every functions of the watch.  The point is that it is too sensible that you have to lock it at every run.  Of course to lock it you have to press the 2 buttons on the right, which most of the time fail then it counts it as a new lap.  The 'lap' issue is minor ; w/o locking the watch (which prevent the \\""bezel\\"" to be touch  : rain, sweat, trees ,etc...), the watch can stop by itself.  Over the last 3 months, running more or less every day, I may have lost ~ runs like this.  I found also the battery less effective compared with the 305  basically I have to charge it every day).  For some other reason, it sometimes switch display while running ; from the display with time/pace/miles, it goes to the display where you see your virtual partner.  So I still put 1 star because the GPS function is much better (you don't have to wait ~1mn to locate the GPS as with the 305 for example) and I'm sure they are a lot of other useful functions (I mentioned the virtual partner that allow you to see the difference between a previous run) but the whole issue with the touch technology is the bottleneck.  Physical buttons are way better"	2011-11-02
US	12865368	R3QS94WHFVG6PW	B000GABYS6	389861497	Pyramid - 600 Watt 2 Channel MOSFET Amplifier	Mobile_Electronics	4.0	0.0	0.0	N	Y	Great amp for the money.	Had the hi-level input I needed for my setup. Great boom for the buck. I added a low-pass crossover to compliment and it works great.	2013-05-15
US	23144820	R2YRHTDH8N60ZJ	B0052RMI2Y	423996186	USB Power Wall Charger + Syn Data Cable for Apple iPod Touch iPhone 4 4S 3G 3GS	Mobile_Electronics	1.0	0.0	0.0	N	Y	DOES NOT WORK	The charger that was sent to me does not even work! It has a shortage in it and I haven't used it since I bought it so I had to buy another one from Ross!	2012-10-26
US	28106796	R3H5JD0ZM7F7DH	B005S1CYO6	459926372	Kindle Fire anti-glare Screen Protector	Mobile_Electronics	5.0	0.0	0.0	N	Y	Nice fit.	This screensaver fit like a glove· It' s been used for many hours and is still looking like new after much use.	2013-02-23
US	47402674	RVI1PC5A6WJ4A	B005JOW1Q8	220606276	CE SMITH MID MT ROD HOLDER GLD 1.5IN STAINLESS 1.25IN SCHED40 CE SMITH MID MT ROD HOLDER GLD 1.5IN	Mobile_Electronics	5.0	0.0	0.0	N	Y	Well made, does the job	"I am using this holder as a flag pole mount on a motorcycle.  It is perfect for my purpose, and does the job very, very well.  I had to drill a hole through it for a spring-clip pin to hold the pole in place.  I messed up two high-speed steel twist bits and still didn't get a hole through it.  Finally had to have a machine shop do it for me.  I'm telling you this to demonstrate how strong it is.  I have it mounted on a 1½\\"" pipe; the grip on the pipe is extremely tight.  There is no slipping or turning on the pipe at all.  Warning: it is very heavy, much heavier than it looks in the picture like it should be.<br /><br />Overall, a very good product, solid and well made, and well worth the money."	2012-12-16
US	37811172	R2VN60LWWEHMDA	B004FONEUU	759257134	BELKIN Sport Armband for iPod Nano 5G	Mobile_Electronics	4.0	0.0	0.0	N	Y	Nano Armband for gym	I having been searching for an armband for my nano so I can work out with it. I was not looking for anything with a ton of options or bling, or some flashy colors. i just needed a basic holder with an armband that would fit my arms and this fits the bill.<br /><br />I have rather smaller arms (5'2&#34;, 34C) and it worked great for me. The armband expands for those with larger arms as well.<br /><br />The one thing I have been very happy about is that it does not slip off my arm while I am working out like others have. Huge plus!	2012-12-31
US	16563708	R7N16CHIR4UKI	B005S1CYO6	459926372	Kindle Fire anti-glare Screen Protector	Mobile_Electronics	1.0	1.0	1.0	N	Y	HORRID	"I have used screen protectors on everything I have purchased.  This is the worst one I have ever encountered.  So many bubbles it was impossible to get it on the Kindle without scratching the \\""protector\\"" so badly it looks terrible before you even use it.  Tried five times and gave up. JUNK!"	2011-11-28
US	12168767	R2BXJHTE0DF9R5	B000YTFBC4	400140344	Dakota Alert 3000 Wireless Vehicle Detection PIR Motion Sensor	Mobile_Electronics	5.0	2.0	2.0	N	Y	awesome	I now have owned this product for nearly 4 years. I was sure this product would stop working or be miss firing false motion alerts. But it has not the product lived up to its name. False motion alerts are about 1 in 200 alerts. Missed motion alerts are 1 in 35 mostly at night with black cars. I have 2 detectors outside running fine with 9volt lithium batteries that have not been changed. Inside the receiver speakers has been replaced but the system as a whole is really impressively solid.	2011-12-03
US	29301247	R190PKF459Z9KH	B000MPMHMW	490935467	Humminbird 7400931 MHX XNT Transom Mounting Hardware Kit	Mobile_Electronics	5.0	0.0	1.0	N	Y	Much better than what came with the kit originally...	I bought this after breaking the original mount after half a season of use.  This replacement has a built in kick up so that it will not break if you hit debris.  Uses same mounting holes as original.	2011-07-06
US	33219900	R17RH670DKRMCH	B002NGIW2W	418937879	EZ-Find Locator Set - includes PET Tags 2 PK, Spare Batteries (5 CR2032 and 2 AAA) and 4 Regular Tags plus Bonus Mini Screwdriver	Mobile_Electronics	5.0	0.0	0.0	N	Y	Finally I can find my cat!	"This is perfect for us - we used to \\""lose\\"" the cat a lot.  No more - just point this and walk around a little, and there the little brat is!  I used to run through the neighborhood calling her name only to later find her under a bed in the house or somewhere else.  No more of that!"	2010-10-13
US	34165785	RGPJQYBZ6C5RW	B004CRJVRU	269860981	Xo Vision Eb101p Ematic 7 Tft Ebook Reader 4gb	Mobile_Electronics	3.0	1.0	2.0	N	Y	ematic 7in ebook	The item looked great. I didn't get to use it, had to send it back. There were scratches on it. They gave me a refund right away.	2011-06-03
US	21425857	R6DB1KCN6Y0ZU	B001TB8592	137189150	(Smoke) 6 in 1 iPod Classic 80GB 160GB 120GB Silicone Case Deluxe Package, Classic Skin + Car + Home / Travel Charger + USB Cable + Armband + Screen Protector + Gift	Mobile_Electronics	3.0	0.0	0.0	N	Y	Love the chargers but not the armband	I originally order this for the armband, but end up liking it for the chargers.  The chargers are great!  Both work like a charm.  They make charging my iPod so much more convenient.  Some reviewers mentioned that they do not stay working for very long.  I've only had them for about a week, so I guess I will wait and see how long they work.  But so far, they are awesome!  The armband, however, is a different story.  The silicone sleeve is very flimsy...  When I attach the sleeve to the armband, the iPod doesn't feel very secured.  I've only used it a couple times, because I worry that the iPod will drop when I am running.  Now I wish I've ordered the package with only the chargers for half the price...	2009-12-07
US	20743774	RRA9X4AM0GMQF	B005S1CYO6	459926372	Kindle Fire anti-glare Screen Protector	Mobile_Electronics	1.0	0.0	0.0	N	N	Terrible instructions!	"I wish I'd came to this page and watched the video before trying to apply using the instructions on the package. I guess I should have known not to pull off tab 1 entirely before applying to the screen. It's impossible to prevent small dust particles from getting on the sticky side that way.  I'm giving it a 1 for instructions. This product is useless if it doesn't go on right.  I noticed that the package takes the text realestate to mention that the box is \\""highly recyclable\\"". I wonder if the screen protecters are too - because they just went in to the garbage!"	2011-12-28
US	4964867	R95K21HQUD0PM	B0041KSIM2	727968553	iTrail GPS Logger	Mobile_Electronics	5.0	2.0	2.0	N	Y	Works as advertised	Found the set up fairly simple following instructions. Have been using it about 2 months and it provides tracking data. I have noticed there is a trip every now and then that is not recorded. Not sure why. So, I'd give it about a 99% effectiveness rating. I would buy this again.	2013-03-29
US	34406847	R2U038M5GE3JAS	B0033CRDMK	365191444	Ram Mount Plastic Yoke Clamp Mount for Garmin Approach G5	Mobile_Electronics	5.0	0.0	0.0	N	Y	Mount.	This is the best of best clamps. I use it every week on different carts and it adjust and hold perfectly.	2013-03-24
US	39311934	RWUI5K5AJO6X	B002OUB4EU	362259078	(7 Color Options) iPod Touch 3rd Gen skin case package + armband, iPod Touch 3rd Generation skin case 3G and MiniSuit screen protector	Mobile_Electronics	4.0	1.0	1.0	N	Y	First Ipod Accessory Purchase	I really can't compare quality to other products, but the case is very nice and protects all areas of the Ipod.  The arm band is also nice.  Chargers are made in China and look cheaply made, but the wall charger works.  I haven't tried the car charger yet.  When I first plugged my Ipod into the wall charger, I got an error message saying that this was not a compatible accessory.  I powered the Ipod off and on again and the charger worked fine.  The only complaint I had with this purchase was the condition of screen protector upon receipt.  All of the items come in the same package, a padded plastic envelope and the screen protector had some deep scratches on it, probably from shipping/handling.  So I did not end up using the screen protector for that reason, but it was a quality product.  Regardless, you can't beat this accessory bundle for the price.	2009-12-22
US	52757378	R34Y53PQZ63VUA	B0083004I2	191833098	QQ-Tech® 3rd Gen 4GB Waterproof MP3 Player FM Radio Big LCD Display For Swimming Water Sports (Pink)	Mobile_Electronics	4.0	0.0	0.0	N	Y	Almost good to excellent	User dire ctions are a joke. Stilted English is not optimal for technical instructions. You learn by trial and error.  MP3 player is on-again, off-again in refusing to play some music.	2013-05-27
US	18745176	R1HEWFWWIGZJRH	B004N8WLIY	74030642	Bundle Monster Barnes and Noble Nook Color NookColor Synthetic Leather Opening Case Cover Jacket with Interior Compartments - Blue - Fits both Nook Color and Nook Tablet	Mobile_Electronics	4.0	0.0	0.0	N	Y	Lives up to expectations...	Good quality for the money, but not the same as what you would buy at B&N.  Color is brighter than photo, closer to a royal blue. Fits Nook Color perfectly.  Haven't had same issue with the power and volume buttons although the straps do cover them.  Would recommend!	2012-01-26
US	18619108	R1WAIW0WIJSDSO	B008JGR44W	663734548	The OontZ Ultra-Portable Wireless Bluetooth Speaker by Cambridge SoundWorks	Mobile_Electronics	5.0	52.0	58.0	N	N	Oontz, the truth	I read a lot of reviews on this little unit, and decided to make a $70 investment. For its size and build quality, it is great.<br /><br />In one store I listened to the Jawbone, it is nice, however I do not think it is any better than this. The Bose is way ahead though, however you can get four of these and have some change.<br /><br />Some say it drops the signal, well it will. The receiver for BT is typically only good for around 30ft with a direct line of sight. Mine works well in the yard, however if my phone is in my pocket and I turn, sometimes it will drop off, however it does reconnect immediately.<br /><br />Comparing this little unit to a Bose is ridiculous. You cannot compare a $300 unit to this. My neighbor has the new Bose and it is amazing in my opinion, the bass is very rich and clear. I travel a lot and could see the Bose taking a beating, and I would rather abuse the Oontz and take a chance on breaking it instead.<br /><br />The speaker will dance around if the surface is very smooth, however if you sit it on its little cloth bag, it won't budge.<br /><br />This little unit paired up very quickly to my Motorola Photon and you have to power it up by activating the phone's bluetooth first, then powering up the speaker. The Chinese written instructions did not cover this too well.<br /><br />I've been using mine for a month now, and I have to say I love it. Yes the blue LED is very bright, some complain about this, however we've just completed a road trip and it comes in handy when putting two small kids to bed in a hotel room, it is a useful night light.<br /><br />If you want absolute sound quality, get the Bose, if you want something that can be tossed into a suitcase, I would only consider the Oontz.<br /><br />Update, September 7th 2013<br /><br />I have had this for almost a year now, it has been everywhere and not looked after as well as it could.  The charge lasts forever and it sounds better with my new phone.  Some of the other bluetooth speakers look prettier, however they cannot match the longevity of the battery of this.	2012-11-22
US	35749003	R2HPP0VENGJXK8	B003WRCYTS	726090177	GSI Super Quality In-Car Wireless Hands-Free FM Modulator-Transmitter for MP3/MP4/iPod/iPhone/CD/DVD Players - SD/Memory Card/Flash Slot - Line-In Function - LCD Display - Cigarette Lighter Plug - Includes Remote Control - Yellow	Mobile_Electronics	3.0	0.0	0.0	N	Y	An okay transmitter for an okay price	An okay transmitter for an okay price. It has a cheap build to it. The sound is weak and lacks bass when using the transmitter. Get what you paid for.	2013-04-24
US	16628639	RO866SVPXDZTA	B000UGLIXC	800902765	Shoe Pouch for Nike+ iPod Sport Kit, and Nike+ SportBand (2-Pack), Also Fits Adidas miCoach Speed Cell and Garmin Foot Pod	Mobile_Electronics	4.0	0.0	0.0	N	Y	Help -- doesn't register accurately	I really like the idea of this product but I simply can't get it to work correctly.  I previously had Nike shoes and the sensor worked fine; now that I have it in the pouch, it is totally off.  My four mile run looks like .03 miles, which is too large of a discrepancy to be resolved by calibrating.  It's on there pretty tight, I think.  Has anyone else had this problem?  It seems like everyone else's works like a charm so I must be missing something.	2011-05-11
US	10627031	R3MO5206K2ZATZ	B005VEVFPO	491166305	Atomic Clock Radio	Mobile_Electronics	1.0	2.0	3.0	N	Y	Poor Customer Service!	I purchased two of the Atomic Clock Radios.  One of the Radios did not work.  I called Amazon and they e-mailed me the point of contact at Sangean.  I called Sangean at least four times and left messages.  Sangean did not return my calls. I finally called and got a customer service rep. They apologized for not getting back to me but seemed more concerned that I not write a negative review on my purchasing experience.  I returned one of the phones.	2012-04-02
US	13886237	R10ONUZHY666Y2	B00AF5BVLC	52322109	"Freelander 7"" Android 4.0 4GB Phone Call Mid Tablet PC SIM GSM GSM900/1800; WCDMA850/900/1900/2100 WiFi 3G"	Mobile_Electronics	1.0	3.0	4.0	N	N	not a good tablet	this tablet starts of good all work fine the first 2 weeks lol the its hard to start some time had to reset it until it started. error on micro sd card multiple time loos data have to down load again and if no 3g sinal or wifi thats it ur don. the final brake was blue tooth over heats and fails i purchesd from over seas but at same price all the cell phone i got from chine faild in the bluetooth dept trust me donate the money ull feel beter after that, warrenty is no good if its going to be broken all the time i hate to say i got the 8g 1g ram for my friend and the 4g 512mg ram for me, both faild	2012-12-08
US	16198061	R3VZS5T9O3QPQV	B001B3WEM2	746562024	Griffin Technology 9802-TCENTNOFI TUNECNTR HOME MEDIA CENTER F/ IPOD MUSIC/PHOTOS/VIDEO W/14BTN REMOTE	Mobile_Electronics	5.0	0.0	0.0	N	Y	Works with I-pod Touch	I have a generation 4 Touch and it worked with the Touch.  The on-screen display also worked with my TV.  The remote came with a battey and worked from my couch which was  12 feet away.  I played music from my I-pod and it sounded pretty good.  I did not try the intenet radio.	2011-12-21
US	52029543	R3J7MGEBZUDEZB	B002D4IHYM	698394784	New Trent Easypak 7000mAh Portable Triple USB Port External Battery Charger/Power Pack for Smartphones, Tablets and more (w/built-in USB cable)	Mobile_Electronics	5.0	1.0	1.0	N	N	Great emergency power	Provides awesome emergency (in my case) energy source while in travel. Very slim and retina display makes it really attractable. Delivered full charge to almost dead Galaxy II and additional 50% to iPad2  multiple times.<br /><br />Pros:<br />Good power capacity<br />Additional micro usb (not necessity but really nice to have)<br />Cool design and light weight<br />makes it harder to use excuse “my phone was dead”<br /><br />Cons:<br />makes it harder to use excuse “my phone was dead”<br /><br />Suggestions/improvements: add “female micro usb in” instead of USB attached “INPUT” cable  - less moving parts. A cheap travel bag would be nice (both well done in model iFuel IMP5000 – the same cable can be used for charging/discharging etc)<br /><br />Easy to carry. Holds 5 stars.	2013-01-29
US	10379116	R1CA8A4X4UO677	B002UGSL2G	129398190	SanDisk 4GB Sansa Fuze Video MP3 Player Black [Factory Refurbished ]	Mobile_Electronics	4.0	0.0	0.0	N	Y	sansa fuse 4gb	This is a fine product my son uses it during workouts and my wife also uses one at work it is cost effective and holds quite a playlist and when combined with a service such as rhapsody becomes a complete and easily changeable system	2012-03-11
US	11358904	R3CWFUCZ5TU1FK	B004QVNNI0	443250614	FiiO L9 L-Shaped Line Out Dock (LOD) Cable For iPod and iPhone	Mobile_Electronics	5.0	1.0	3.0	N	N	Good cable	It gave a lot of hiss at first, but use it for 10 minutes and it will go away. Very good sound quality.	2011-12-30
US	34235674	R2CSNO57HLWRRL	B0042EMXJG	967841690	Koolertron Car Reverse Rearview CMOS camera for VW GOLF New Bora Jetta POLO Passat CC Superb NTSC +Guard Line	Mobile_Electronics	4.0	2.0	2.0	N	Y	EXCELLENT PRODUCT	Having fitted the Reverse Camera to my 2008, VW Jetta, I am amazed at the picture quality. Its amazing how this unit brings out super quality reversing image with distance indicator which is a convenient feature.  The only downside is, the unit requires a little modification to the jetta factory fitted mould. This though is a very minor modification that can be done at home.I reduced one star for this!  Overall, I am very happy with the product, its original finish and images.	2011-06-15
US	48785803	R3SH0RLBFUXVX9	B004GNMTYW	396576856	Circuit City Wireless Speaker System + FREE Bottle	Mobile_Electronics	4.0	1.0	2.0	N	Y	BETTER	The speaker does not work. I got it in the mail on Thursday night we that was great because we were going to the beach on Friday. I told everyone I would be bringing the Music so not to worry about it. I went out and bought the batteries for the speakers and other unit. When we got to the beach I put the batteries in both items and tried to use it wireless and it would not work. I then connected directly to the speaker it still would not work. All were very upset spent 5 1/2 hrs at the beach with no music. It would of been great if it worked I am sure you would of got allot more orders for the item.      They sent me a replacement it works great. I have even ordered another one	2011-02-21
US	47315058	R3Q82X68HESLZW	B0050L8FX8	929751984	Electromaster Bubbles Design Crystal Hard Skin Case Cover for Apple Ipod Touch iTouch 2nd and 3rd Generation Gen 2g 3g 2 3 8gb 16gb 32gb 64gb New	Mobile_Electronics	3.0	0.0	0.0	N	N	Okay	this case looked great, and it protects my ipod, but it was hard to get on, it wont come off without breaking and you need to use a knife to get it off in the first place, and the paint chips off so i have to go over it with a sharpie.  it gets three stars because of the looks and protection.	2011-07-24
US	19433232	R3FBPO6BW6J70L	B005J2FRCU	789474336	Gear Wheel Design Protective Decal Skin Sticker for SanDisk Sansa Clip Plus / Sansa Clip+ MP3 Player	Mobile_Electronics	5.0	0.0	0.0	N	Y	Great skin!	My husband wanted this for his Sansa Clip Mp3 player. It was easy to apply and it looks really good. He is very happy with it and would definately consider getting another  some time if there were more cool designs.	2012-01-16
US	11317140	R28T28QT54QW5F	B003P8T6S6	562241077	Re Audio XT1600.2 V3 1600W Peak 800W RMS 2 Channel Bridgeable Amplifier Car Amp	Mobile_Electronics	4.0	0.0	0.0	N	Y	Nice amp for a budget system	I need alittle more power then what this amp could give me nice product though. Always remember you get what you pay for.	2012-10-23
US	30734736	R3R53G6DSY031C	B00641NSVW	539141413	Blue Flower Crystal Diamond Bling Rhinestone Protector Hard Skin Back Case Cover for iTouch iPod Touch 4G/4th Generation	Mobile_Electronics	1.0	0.0	0.0	N	Y	Flowers come off	The item is very pretty but only lasted a couple of days. The flowers were not well secured. They quickly fell off.	2012-01-21
US	44927559	RSZX798606O43	B000XOY9DW	238521690	Kng America Funkit Dj Animated Ipod Speaker System (black)	Mobile_Electronics	4.0	0.0	0.0	N	Y	grandson loved it	10 yo grandson got iPod for his birthday, his dad didn't want him using ear plugs all the time so I gave him this speaker so he could listen to his music (as well as his younger brother).  Loved the robotic look of it and the movements it makes with the music.  Arrived on time.  No problems.	2013-03-02
US	52039496	R3OXEN1W313QAI	B004T0CEBK	403343424	Qlink Clear Bluetooth Stereo Transmitter	Mobile_Electronics	5.0	149.0	164.0	N	Y	Good sound, easy to use	I bought this so my wife could watch TV in the bedroom after it's time to go to sleep.<br /><br />My only issue with it is more with my TV and that is that since it plugs into the headset jack a wall mounted flat screen is almost impossible to use.<br />The headset jack on the TV is hard to reach and it disables the speakers so you can't just leave it in.<br /><br />The problem is ameliorated by plugging it into the blue-ray player we use for Netflix and discs.  I suppose we can move it to Tivo or get an audio switch box but right now we're happy.<br /><br />As for the device itself it's battery powered with a USB charger and a 110V/USB plugin.  You can leave it plugged in, turned on and charging all the time.<br /><br />We like the sound quality, I'd say it gives our Bluetooth headset at least as much quality as it can handle.<br /><br />The range seems to be about 30 feet, I loose it when walking down the hall, but that's fine for our purpose.<br /><br />Oh yeah, it doesn't look like the picture.  I'll upload one of my device when I get a chance.	2012-04-24
US	25307581	R26IC190T6VZCP	B00377Y3A6	459112759	2000mAh extended battery for Palmone / Palm Centro Treo 690 / 685 with white cover	Mobile_Electronics	5.0	0.0	0.0	N	Y	Excellent extended battery. Great Price	"I have an AT&T Centro and this fit my phone perfectly.  I didn't even mind that it was white and my phone is black (I knew this ahead of time).  When you use the phone, you don't really see the back.  The color is nice (kind of an eggshell white, not an annoying bright white). Doesn't add that much thickness and the battery time is good.  I leave this in instead of my OEM battery.  This was a great deal because on ebay, the cheapest I could find was 8 bucks JUST for the cover. This package includes the cover AND the battery. Great deal!  This product was ordered from the seller \\""HKGE US INC\\"" through Amazon fulfillment.  I'm very pleased.  I'll try to add pictures later if possible."	2011-10-08
US	50730140	R4UYSHZ5JZFT1	B004H668YA	918676795	New Trent NT120T USB chargeable 12000mAh Heavy Duty 2A/1A Dual USB Ports External Battery Pack for the Latest Apple iPhone 5, the new iPad, iPad2, iPhone 5/4S/4/3Gs/3G, iPod Touch all versions; Samsung Galaxy Note/Nexus/S3/S2/S; HTC Titan, Sensation, ONE S/V/X, EVO Thunderbolt, Desire; LG Optimus series; Blackberry Bold, Curve, Torch; Motorola Razr HD/MAXX & Bionic, Atrix/2; Nokia Lumia 700/800/90	Mobile_Electronics	5.0	1.0	1.0	N	N	Lifesaver for Android fiends on the go.	I couldn't have asked for a better product. My HTC Evo isn't so much a phone as an extension of my being, but the battery life is shorter than Vanilla Ice's music career. I'd sooner do a backflip off the Empire State Building than switch to an iPhoney, so I was carrying a wall charger in my purse and feeding my poor little Droid whenever the opportunity presented itself. Royal pain, but I do what I gotta do to sustain my facebook/pandora/fanfic/Angry Birds addiction. This little gizmo, however, has put an end to my powerplug scavenging ways while allowing me to indulge my multitude of digital addictions to my heart's content. Aforementioned gizmo is easily small enough to fit in my purse, and I can actually let my phone charge while it's sitting in my purse. Hooked up, I get hours upon hours of heavy usage, and the coolest thing of all is that the battery pack can tell when my phone is fully charged and will automatically turn itself off. This product was worth every penny I paid for it, and I highly recommend it to anyone who loves their Droid but doesn't love the battery life.	2011-07-24
US	27242528	R2XWU5UDL8X8N9	B003E50OBS	41642693	for iPOD TOUCH 2ND 3 3RD GEN FLOWER HARD COVER CASE+LCD	Mobile_Electronics	2.0	2.0	2.0	N	Y	Wasn't what I expected...	The case wasn't the quality I was expecting. It was very flimsy and buttons were difficult to access with the case on. It didn't come with everything described.  I never got the screen cover. All in all, wasn't a very good product, and I am planing on returning it.	2011-05-17
US	35116804	R2JJ5X32RBCDPO	B0006ABQ9S	383960919	7-Inch Wide In-Dash LCD Monitor with Touch Panel, DVD Video/Audio Receiver, 50 W x 4 Mosfet, TV Tuner-model:CQ-VD7500U	Mobile_Electronics	3.0	0.0	0.0	N	N	good item to have as long as it doesn't brake	I liked In-Dash 7'' Widescreen color LCD Monitor TV/DVD/SD receiver while it was working fine.  The screen was big, it was easy to see, easy to change from GPS to TV or DVD.  I loved GPS on it.  But when the screen stopped coming out, I sent it for repair to Panasonic, but then I found out that Panasonic is not fixing this product, so Panasonic sent it to a different company for repair and now, half a year later, it is not fixed yet and this other company is just promissing me that it will be done in a week or two.  That is the same answer as I was getting some months ago.  So, the product is great, but it is a problem fixing it, at least in Illinois it is a problem.[[ASIN:B0006ABQ9S Panasonic CQ VD7500U - DVD player with LCD monitor and AM/FM/TV tuner]]	2010-02-06
US	48176802	R1QLK0BTI6X85K	B002V9N9D8	413666329	Premium Essential Accessory Bundle for iPod Nano 5th Generation 5G	Mobile_Electronics	5.0	0.0	0.0	N	Y	Bundle Deal	This is a great value bundle. The only thing that does not work very well is the radio transmiter.  The other stuff in the bundle makes it worth it though.	2010-02-15
US	17167811	R28F6FW3I2OSTC	B005634RL4	751382526	KHOMO AUX 6 feet 3.5mm to Apple iPod/iPhone Dock Connector for Car, Speakers, Audio	Mobile_Electronics	5.0	0.0	0.0	N	N	Good for iPhone 4s and other iDevices	Previously I used the headphone jack to connect to the headphone port on my car stereo. This means that I had to position the cables carefully to keep from accidentally unplugging the cord and dial the device's output up while I was driving.  Now with the dock connector I can plug it in and let the car stereo determine the volume of the output, reducing the overall power consumption of the device.	2013-02-05
US	52144640	RCDSVOLQ49TRQ	B004FOEVFW	26452537	splash SIGNATURE Leather Cover fits the Amazon Kindle Keyboard (BLACK)	Mobile_Electronics	2.0	2.0	3.0	N	Y	Looks great, smells awful	The case looks and fits the Kindle fine. I have a few minor quibbles with button access and that front cover and latch make one-hand holding a little difficult but a great deal at the price I paid except... it stinks!    Clearly it is not made of leather, but some type of man-made material that has a noticeable chemical smell. The smell actually attaches itself to my hands after even a quick handling of the case.    I only hope that this fades over time. I'd like to get some use out of the case until I buy a new one.	2011-03-14
US	37605144	R3QY9V30S9478L	B006060XTQ	444277113	HighArtic Tech	Mobile_Electronics	1.0	0.0	0.0	N	Y	Hard to like it	The case is reasonably well made and looks nice, however it is pretty useless as cases go.  The Ipod Touch (4g) not only doesn't fit snugly in the case, but it also will not admit cords and chargers.  The usb charger doesn't fit with the case on.  Earphone jacks don't fit with the case on.  You can't use the whole keyboard with the case on.  As the ipod jiggles a little in the case, the cut out for the camera also sometimes blocks the camera aperture.  6-7$ is pretty cheap for a case but pretty expensive for something that is going to sit in a drawer or have to be returned.	2012-04-12
US	26181365	R2QMHLX320IP2E	B001OIKM9G	886503590	Plexon® Pair of TAN Headrest 7-Inch LCD Car Monitors with Region Free DVD player USB SD Inc- Wireless Headhones and 32 Bit Games	Mobile_Electronics	5.0	1.0	4.0	N	Y	Pyle headrest DVD player	Love these.  Can't believe how low the price was.  Local shop installed them for $200+.  They look perfect in my Audi Q7.  Daughter loves it.  So much affordable than the Vizualogic versions of the headrest DVDs.	2010-07-28
US	43204292	R37HZZ8C9FD243	B004911E9M	423996186	Wall AC Charger USB Sync Data Cable for iPhone 4, 3GS, and iPod	Mobile_Electronics	1.0	0.0	0.0	N	Y	DOES NOT WORK	The USB cord work in the computer but the wall adapter part does not work.  I was very disappointed and will look at reviews next time.	2011-11-08
US	10625389	R3BKZLWYBA41M9	B0052QTBB6	686032617	White Silicone Cassette Tape Case for Apple iPod Touch 4 4th Generation	Mobile_Electronics	5.0	0.0	0.0	N	Y	Love this case!	Great product at a great price. I would highly recommend this product. It arrived on time and as expected. Great value.	2013-03-08
US	42683832	R334TAANX090YX	B004N85WJE	468232724	RadTech 13-860 ProCable Shortz Dock Extender for iPhone, iPod and iPad - Black	Mobile_Electronics	5.0	1.0	1.0	N	Y	Works perfectly	I have an Apple Bumper on my iPhone 4 and several docks (in my car, in my office, at home, etc) and some non-Apple connectors don't fit well with the bumper on. However, this little thing makes that a non-issue. It works perfectly - exactly as advertised. I have never had a single compatibility issue, and I have used this on a minimum of 6 different types of docks/cables. I love it and I wish I had more of them. The only drawback to this is the price. If it weren't for that, I'd have bought more of these already.	2011-09-20
US	51794940	R298C7NIZ1V02O	B002D4IHYM	698394784	New Trent Easypak 7000mAh Portable Triple USB Port External Battery Charger/Power Pack for Smartphones, Tablets and more (w/built-in USB cable)	Mobile_Electronics	5.0	2.0	2.0	N	Y	Confessions of an iAccessory Addict	Pros:  - during testing, the IMP70D charged my iPhone 4 at the same rate that the wall charger charged my wife's iPhone 4 -- very impressive  - charges the iPad at a better than expected rate  - the size is fantastic, very convenient to carry around - for anyone with a ScottEVest jacket/coat/vest, this battery fits perfectly in either of the phone pockets!  - lightweight  - dual USB configuration is also very good as I love the flexibility to charge multiple items at once-  - inexpensive compared to other alternatives  - does not give off heat either when it is charging or discharging  - peace of mind as I travel a lot for work and personal and never have to worry about my devices running out of power  Cons:  - the mini-USB charging port does not feel sturdy when inserting the power cable, I am concerned that it could push into the case and render the product unusable  - the black top surface tends to collect fingerprints and smudges easily - would rather see it with a brushed steel look  - LED flashing lights are annoying in dark rooms  - takes longer time to recharge than expected (minor concern)  - difficult to tell exactly how charged it is as the LED lights are hard to read at a glance  - coiled power cable tends to pull the battery on most surfaces  Recommendations:  - replace the power cable with a non-coiled version  - replace the black acrylic top with something more like a brushed steel look or something that doesn't show smudges and fingerprints as much  - firm up the mounting of the mini-USB port  - replace the 4 light LED configuration with flashing with a 5-10 light configuration that would more accurately show the charge level  - eliminate the flashing lights  I have traveled twice internationally with this battery along and another time on a 26 hour drive with my family in the car - trust me, you don't want the batteries in the kids' iPod Touches to run out of juice then!  The IMP70D performed beautifully and allowed us to also charge my wife's iPadat the same time.  The value derived from this trip alone was enough to pay for this battery pack.  Well done, New Trent, and I would highly recommend this product.	2011-12-20
US	27229926	R3774XJ8QPPDD7	B0052AQTWQ	639050774	Griffin Powerjolt Dual USB Micro Car Charger - Non Retail Packaging	Mobile_Electronics	1.0	0.0	1.0	N	Y	Not worth it	Just as others said, put it in my 12v plug and it didn't make a connection.  Ended up just throwing it a way.  Total waste of money.	2012-10-22
US	47387975	R1KQOA9F9TJV8Z	B0019BD08I	251719972	Car MP3 Player FM Transmitter with SD Slot and IR Remote -SD/MMC/USB Port/MP3	Mobile_Electronics	4.0	0.0	0.0	N	Y	good for the price	awesome price, makes it hard to complain.  The remote control only works when it's feeling friendly though, so when using mp3 files off a flash drive or SD card, it's really hard to find a track you like.  otherwise, it's great!  and really, for this price, it was like they gave it to me!	2012-06-29
US	52006441	R3JLBBC1529V40	B007NU2Y6I	585417209	Pack of 16 All Natural Mosquito Insect Repellent Bracelet for Kids, Toddler & Adults - Non Toxic Travel Size Mosquito Bug Repellent Wristband	Mobile_Electronics	5.0	0.0	0.0	N	Y	No complaints.	This does what it says it does. We hold a bunch of SD cards in it and really like it. It seems very well made and I think it will last us for years. Even the plastic sleeves for the actual cards seem more durable than your typical &#34;photo sleeve&#34; in your wallet. The pen and cable tie were a nice bonus but not why I bought this set.<br /><br />This is a nice little case for the price. And free Prime shipping? Can't go wrong!	2012-12-31
US	41749105	R3J88OKAFT5N7N	B003OCWIN8	524214259	White iPod Touch Accessory Pack - Mini Microphone Recorder, Universal Charger Kit, Stereo Earphone/Headphones, FM Radio Transmitter w/ Car Charger and Remote, Retractable 3.5mm Audio Cord, Multi-Function USB/AV RCA Cable, Silver Stylus Pen, Emergency AA Charger	Mobile_Electronics	3.0	0.0	0.0	N	Y	It was ok...	The radio transmitter workes ok the thing that sucks is that you have to reprogram the thing everytime you restart the car, but the charger came to me borken wont charge ANYTHING!! The cables are cheap and flimsy but, what do you expect with a $20 package. My suggestion would be just pay the extra money and get better quality items.	2010-09-22
US	12900988	R1IADBXFN1SAMV	B0030BBWHQ	148516705	"eForCity 4.3"" EVA Case Compatible with Garmin Nuvi 265WT 1300 1350 1370T GPS"	Mobile_Electronics	5.0	1.0	1.0	N	Y	Nice case, great price!	Very nice case for a bargain price.  I just wanted a case to store my GPS while in the car.  Protects the unit, as I hoped.	2011-06-20
US	30781543	R2NR5XAYIDMUE8	B005HEW8TK	268198128	Garmin Nuvi 855 Battery with Free Screen Cleaning Cloth	Mobile_Electronics	5.0	1.0	1.0	N	Y	Good ole faithful	I have been using Power99 batteries for years. I'm glad to see they are on Amazon now.<br />This battery came in as planned, fit my Garmin Nuvi 855 perfectly and actually was already charged.<br />Excellent quality battery I have no doubts of it will last at least a couple years. Like I said this is not my first Power99 battery.<br />The free screen cleaner is nice and thick and soft. Better quality then expected. Nice suprise.<br />HIGHLY RECOMMENDED and WILL BUY AGAIN!<br /><br />March 21st UPDATE!<br />This battery wont hold a charge for a full hour now. Normally last 6 hours or more.<br />Amazon's return/exchange policy will not cover this since it is 1.5 months old.<br />I hope Innovate88 will exchange it, I have sent an email. Will report back when they respond.<br /><br />May update:<br />Innovate sent me another battery and it wasn't much better then the first one. Since it was past the Amazon warranty period I thought I was going to be out the cash but nope. Innovate stepped up and sent me a check. Top notch support. One cannot ask for any more then what they did.<br />When I get the opportunity to buy from them again, I will.<br />Seller - HIGHLY RECOMMENDED - product not so much.	2013-02-09
US	21150717	R2J89X66AVY1G	B0095ZFO7A	12913781	WCI Quality Women's Waterproof GPS Navigation Sports Wrist Watch With Chronograph Stopwatch - Measures Burned Calories And Fat, Speed And Distance - For Training, Exercise, Running, Jogging, Cycling, Etc. - Black/Pink	Mobile_Electronics	2.0	0.0	0.0	N	N	Not enough product information!!	I just received this as a gift.  The watch has 4 contact points, but the charger I received with it only has 2 pins?!?  I can't find any information regarding this product or its manufacturer, so I don't know if this is the correct charger, and if so how it should be attached.  There is nothing to indicate that it the watch is charging on two pins.	2013-01-02
US	48807261	R2FF2123WQZI5S	B00A2XV0VI	374406620	Tech-Life BeatBlock - Wireless Bluetooth Speaker: Rechargeable, Ultra-Durable and Splashproof (Bombproof Rubber Exterior-Black)	Mobile_Electronics	5.0	0.0	0.0	N	Y	Fully Satisfied	I purchased the BeatBlock after reading positive reviews here. I wanted a small portable stereo to use in my office and for travel. I've been very impressed with this speaker. The bluetooth connects easily and has worked flawlessly. The battery life is very impressive. It really can get 8-10 hours of play on a charge. The usb charge is convenient on a laptop and I've also used a low amp adapter for wall charge. I generally play music through a PowerAmp app or other laptop media player. This allows me to mess with the EQ and spatializer to get a little more bass out of the speaker. This speaker wouldn't produce sound to fill a large room like a more expensive home audio system but that's not what I purchased it for. Great job Tech-Life!	2013-03-14
US	45760558	R5JF5A6EWJQAY	B0049PWWRG	720581218	3-in-1 GPS Car Mount , - 3-Way Adjustable Angle for Optimal View - Includes Window Suction Mount, Dashboard Mount and Vent Clips	Mobile_Electronics	4.0	0.0	0.0	N	Y	holder	the holder works better than I thought the suction cup really makes a difference. The holder fits my old gps system.	2012-12-10
US	22550836	R1XNYY7WDQPFF	B001764LUQ	232661948	TUA-T550HD - Alpine HD Radio Tuner Module Interface	Mobile_Electronics	1.0	8.0	9.0	N	N	Not worth it	The radio constantly slips from digital to analog as you drive around, and what happens is it sounds like a cd skipping whenever it makes the switch. I'm not sure if this is a limitation with this alpine product or just a problem with HD radio in general. Its impossible to listen to any of the side stations because it cant keep a lock on the digital channel while your moving. I would pass on this radio. I'm going to be uninstalling it and just using my analog receiver till something changes. It seems like a great thing when your playing with the demo at the store and not moving, but once you start to move it cant keep a lock on the channel.     Tampa FL.	2010-07-01
US	51404826	R1QRV7RQVOEBF6	B003FO4XXS	163507860	Maycom AR-108AE Air Band & Weather Channel Scanner	Mobile_Electronics	4.0	1.0	1.0	N	Y	Great little scanner	This is a great little scanner for fixed and rotating wing craft if you within a few miles of the transmission. The construction could be a little more robust, the speaker is weak (I strongly suggest using a monaural ear bud) but it is quite compact and very light; rechargeable battery life appears to be greater than 12 hours, squelch is very effective. I use it to monitor NYC sight-seeing helicopters. The offhand remarks of the pilots are quite entertaining.	2011-11-17
US	16767392	R21YLY8LXDYQCN	B000GWLL0K	948304826	Travel Wall Charger fits Creative Zen Vision / Vision:M / Sleek / Sleek Photo...	Mobile_Electronics	1.0	0.0	0.0	N	Y	Dead on arrival	I purchased this for my Zen Vision M. Upon plugging it for the first time, the red light was on for about 30 seconds before the whole thing died. I did get a refund from the company, but it seems like they know it is a shoddy product.	2013-05-13
US	46064492	R1TS58A33V2GRO	B003VZ19VK	537941748	Magnasonic MAG-MS857 CD Player Stereo Speaker Micro System with Alarm Clock, AM/FM Radio and Auxiliary Input for MP3 Players	Mobile_Electronics	1.0	2.0	5.0	N	Y	TURNER	IT WAS A GIID SOUND BUT THE TURNER IS WEAK YOU HAVE TO MOVE THE ANT AROUND EVERYTIME YOU TURN THE RADIO ON AND THEN IT WILL STILL GO IN AND OUT!	2011-04-05
US	15200185	R1NNV9A6NFGSSY	B005S1CYO6	459926372	Kindle Fire anti-glare Screen Protector	Mobile_Electronics	1.0	0.0	0.0	N	Y	Anti-use the Anti-Glare	First let me say how much I am enjoying my Kindle Fire.  I bought the Anti-Glare Protector to enhance and protect the product.  It does neither.  Wasted a lot of time trying to install it and really can't get rid of all the bubbles. Would not recommend it as I removed it within 24 hours.  Don't spend the money.	2011-12-21
US	42761650	REJRY4D3MHDPB	B002RDPSTG	712204994	iPod Touch 3rd Generation 3G clear crystal hard snap on case with 3rd Gen screen protector and Mp4 pouch	Mobile_Electronics	5.0	0.0	0.0	N	Y	Great Value!	I ordered this around the holidays and got it in the mail less than 48 hours later! Very inexpensive case and it is very secure on the i touch. Does not cover the front of the ipod at all, and it just barely covers the corners, but it still gets the job done. Very nice that it comes with a screen protector!!!!!!! This is the perfect addition to any i touch!	2010-01-02
US	51268951	RP2EFPUOE3P4T	B0041PHPYE	208548305	Screen Protector for iPod Touch 4th Generation	Mobile_Electronics	2.0	0.0	0.0	N	Y	Screen Protector for IPOD touch 4	this product comes with 3 screen protectors however only one was functional. The other two were defective in that during application the sticky tab that is used to hold the sheet  cannot be removed from two of the 3 screen protectors.	2010-11-08
US	33540748	RVRALUZI89C7Y	B003ZWN5OI	673887312	GSI Super Quality Hands-Free Desktop Rotating Swivel Stand for Apple iPad 3G/WIFI Tablet Reader - Multi-Purpose Aluminum Holder, Sturdy Dock/Cradle	Mobile_Electronics	5.0	0.0	0.0	N	Y	GSI Hands Free Desktop swivel Stand	Makes your Ipad look just like Apple monitor. great for coffee table or desk or nightstand.  Doesn't take a lot of room easy to insert and remove.	2011-06-21
US	9391079	R24C31KHNLRNQK	B0034PSKGY	110776834	TPA- Accessory Combo Kit for Sony Walkman NWZ- S540, NWZ- S544 , NWZ-S545 Series	Mobile_Electronics	2.0	0.0	0.0	N	N	works but terrible quality	if your planning on running with it or using it to do exrisise this is not the item that would work for you.<br />the walkman would be on the outside of the armband(not inside a case of any sort) and can fall  off every easily<br />nevertheless it can be used as a case for the walkman fits well and good in the hand	2013-03-20
US	50744827	R16HTR638O3OLX	B000VBQ5Q6	575183342	Bushnell Radar Velocity Speed Gun - BUP542-1	Mobile_Electronics	2.0	2.0	3.0	N	Y	Consistent, but competely inaccurate	We were excited to try this item, but it is not accurate.  We were trying to use it for high school baseball players.  It will record guys throwing in the high 70's to low 80's as 60-64---we knew the correct player velocity based on a pro scout's gun.  It may be slightly useful to estimate the differential of speeds between fastballs, curves, sliders and change-ups. I would pay for a more expensive gun, or skip it.	2013-03-31
US	50275700	RC9N4YQMV0U4X	B00699DOMC	926287150	Bundle Monster Kobo Touch Synthetic Leather Jacket Cover, Vinyl Skin Decal, Screen Protector Accessory Combo Set - Fits ONLY Kobo Touch Device	Mobile_Electronics	5.0	0.0	0.0	N	Y	Great Products	Looks good. Works great. Can store my stylus and cleaning cloth in slots on front cover. Stay clean, even thought it's pink.	2013-04-22
US	30136322	R3HAOFGK2G7HKJ	1400532736	139113487	Nook Simple Touch eReader	Mobile_Electronics	5.0	0.0	1.0	N	Y	Nice as described	Bought this used Black Friday weekend online. it was in the same package. I have not been able to try it yet. I live out in the Country and on Satellite internet. So , I have to find WiFi hot spots first	2013-01-06
US	16344092	R3VPPKB8ZADRM0	B0052W26NK	898020201	New MONSTER AI 800 FM-CH ICARPLAY WIRELESS 800 FM TRANSMITTER FOR IPOD & IPHONE	Mobile_Electronics	1.0	1.0	1.0	N	Y	Bad only because of LOCATION	Now, I live in Los Angeles, so I know the likelihood of finding a transmitter that works well is slim to nil, but my wife and I owned an old one that worked GREAT, lost it and ordered this, and it wouldn't override a single station.  You could hear it trying, but it just made it full of static.<br />Oh well.	2012-07-04
US	18131141	R2YR60W2PWL061	B004AIKY0Y	635269693	Purple Green Yellow Multi Rainbow Flower Design Fabric Leather Padfolio Cover Case for Barnes & Noble Barnes and Noble Nook Ebook Reader (Will Not Fit Nook Color)	Mobile_Electronics	1.0	1.0	2.0	N	Y	A BIG Disappointment!	I bought this product to go with the Nook I bought for my daughter for Christmas.  When we went to put the Nook in the cover, it DID NOT FIT!  We got the Nook in halfway,, and could not get it in any farther, and could not get it out either!  I ended up having to cut the cover off because I was afraid of breaking the Nook!  I have requested a refund from the seller, and I also do not think this should be sold as a Nook cover because it does not fit!	2010-12-26
US	14236261	R3SJU7SJ8H81A8	B00B0JNYJO	8798643	Pokemon Gameboy iPod Touch 5th Generation Case	Mobile_Electronics	3.0	0.0	0.0	N	Y	Awesome design, low quality.	I wish the case was of higher quality, as it is a very frail case. The Pokemon design is really cool, (which is why I bought it) although it is essentially a sticker slapped on to a case, instead of it being painted on, or have rubber/silicone pieces to it. (Like the Analog Pad and B/A buttons should be made of).	2013-03-21
US	16721113	RNXIDXML3DEPZ	B0036MOQM2	313364455	KICKER REMOTE FOR ZX SERIES AMPLIFIERS	Mobile_Electronics	5.0	0.0	0.0	N	Y	works great	Had a defective kicker knob and replaced it with this and works great.  knob will mount to anything and wont move around around.<br />Shipped extremely fast!	2013-04-25
US	47560944	R2PYY8K7Z3K09H	B0052GWJ7Y	124317410	All Land Networking Car FM Transmitter MP3 Player SD/MMC Slot USB Port Pendrive Wireless	Mobile_Electronics	3.0	0.0	0.0	N	Y	get what you pay for	This is a great idea and a great price but the quality is lacking. I ordered three of these and two work great and one is broke. Its a very weak design but what do you expect for the price.	2011-08-10
US	46289503	R20SZ0261II2TH	B001NG3OJE	107294627	Gomadic Advanced Pioneer Inno AA Battery Pack Charge Kit – Portable power built with upgradeable TipExchange Technology	Mobile_Electronics	3.0	0.0	0.0	N	Y	not bad for an emergency but you'll have to have several batterries  on standby	I like to listen to music when I go camping but often run out of battery life on my pioneer inno. I thought this would be a decent product to own so that I would be able to continue to listen to music. It uses four AA batteries. I used two sets of rechargeable batteries (fully charged) to test it out and both times the radio continued to play for a little over an hour. So it's not a bad product but I guess I was foolish in thinking that the 4 AA batteries would give me a couple of hours of juice, not just one.  If I had to do it over, for the price, I would pass.	2011-01-22
US	18199143	R1DCIVIOV88F6B	B001VFSV6I	638335227	CrazyOnDigital Ipod Neoprene Sporty Armband Video Ipod and Classic. CrazyOnDigital Retail Package	Mobile_Electronics	1.0	1.0	1.0	N	Y	Garbage	This thing is absolute garbage, why someone would make an iPod arm band that doesn't hold it in is beyond me. All you do is slip it in and pray for the best. It isn't tight enough to hold it in by itself and there is no strap to stop it from falling out. Beyond that you have to take it out of the case to work the iPod.    If you plan on letting it sit on your desk to keep dust off it I might recommend it but even then it's bulky enough that it would just take up needed space that would be better off being put to use in the trash can.	2011-02-24
US	18501256	R16A5YJTQI1GKH	B005M0CNX0	623440158	Car Auto 12V Yellow 9 LED Door Mirror Soft Turn Signal Light Lamp 2 Pcs	Mobile_Electronics	5.0	3.0	3.0	N	Y	AWESOME FOR HOOD SCOOPS.	LED'S ARE BRIGHT. I PUT THEM BEHIND THE YELLOW PLASTIC LENS OF A 70 MUSTANG MACH 1 HOOD SCOOP AND THEY STILL SHINE BRIGHT. REAL FLEXIBLE BUT TOUGH TO HOLD DOWN FLAT UNLESS YOU HAVE SOMETHING TO HOLD IT IN PLACE FLAT LIKE I DID WITH WITHIN THE SCOOP. {UPDATE}10/3/15 STILL WORKING GREAT IN SOUTH TEXAS HEAT.	2013-03-21
US	35934558	R3OMIBFHFH16EU	B0012CTIDK	513673696	Alpine EX-10 Advanced iPod Controller with Bluetooth	Mobile_Electronics	3.0	1.0	1.0	N	Y	Absolutely OK	"I had an in-dash radio with Bluetooth in my old car. I traded it for a pickup that had a factory XM radio in the dash. My old stereo had Sirius. Not wanting to clutter the roof with stick-on antennae, but needing Bluetooth, as I am hearing-impaired decided to get the Alpine eX-10. I made a small shelf for it to sit on, along with the remote, hooked it up and tried it out.    Since my stereo has an Aux Input, I wired it directly to the car stereo. I found that the phonebook will not download, a fact that circumvents the hands-free functions of the phone. When I want to make a call, I have to do so manually, using the phone. I make sure I do this when I am not in traffic, and I have memorized the button pushes to make calls to the two places I call most. The phone sounds great and I can have the conversation without holding the phone to my ear. Sometimes when the person on the other end of the conversation hangs up, the eX-10 realizes this and hangs up for me. If I am expecting a call, I have to use the radio in Aux/CD mode. Since CDs are so 90s, I don't use them. If I forget my iPod, I have to listen to road noise until my call is complete. I will probably get a cell phone with mp3 capabilities and will hopefully get rid of this problem.    I mentioned the iPod. It plays through the eX-10 really well. I do with there were buttons on the front of the unit, so that I didn't have to retrieve the remote any time I want to play another song, answer the phone, etc. A short piece of velcro taped to that aluminum shelf I built keeps the remote within reach and at the same place, so I can pick it up without taking my eyes off the road.    All in all, this is a good unit. I was really pampered with the \\""everyone's everything\\"" unit I had before. I am acclimating to the apparent shortcomings of this unit. I can't find another that does Bluetooth and iPod. I'd buy it again."	2011-06-04
US	29515943	R1K2GUDUV8G2TN	B0029S7A5O	252466171	Apple iPod Touch 2 2G 2nd Generation 8GB 16GB 32GB TEXTURE Silicone Case Skin Protector Cover+ Free Screen Protector (Many Colors Available)	Mobile_Electronics	5.0	0.0	0.0	N	Y	LOVE IT!	Unfortunately I accidentally put my keys in my pocket with my ipod just before getting this, I did scratch the screen before being able to protect it, but it hardly shows with the protector on.      I love how secure this case and screen protector make my ipod feel!  There is just a touch extra weight and the grip is indescribably better.  The only complaint I could possibly come up with is that the peel and stick for the screen protector is on the top and not the bottom, so the button hole is about 1 mm off, which bugs me, but I'll get over it, otherwise it fits perfectly.  If the peel tabs had been on the bottom of the screen protector it would have been easier to line up properly.    The volume and power buttons are easy to push through the case, and nothing else gets in the way.  The sound from the speaker, and the wireless haven't changed at all with the case on either.  I'll definitely be ordering more for when/if this wears out.	2010-09-28
US	47590647	R1QPVUPOC9PU4W	B002FA3R08	120061985	15-Item Accessory Bundle for Apple iPod Touch 2G and 3G	Mobile_Electronics	4.0	3.0	4.0	N	Y	Its a lot of OK stuff	"I think that this package is useful even if you just want SOME of the things in it - build quality isnt great but nevertheless, I will definitely be using at least 50% of the products. I have never had a problem using magnetised cases for the touch, I have a 2G one thats happily lived in one forever, and traveled the world with me. I do think I will give away some of these things, and it would be nice if it came with a listing of contents in the package -- and may be even a \\""what each item is for\\"" -- though mostly self evident, sometimes its helpful."	2009-11-10
US	17366077	RV012U9UR7PP0	B0030LSFPS	64387683	Premium Rapid Rapid Automobile Car Charger FM Radio Adapter Transmitter For Apple iPod / iPhone / iTouch / Nano	Mobile_Electronics	1.0	0.0	0.0	N	Y	Great for Charging Phone Only....	Looks nice and easy to work. Connects to my iPhone 4 but would not &#34;click&#34; in. Adapter would fall right off. Would have to hold it in in order to make it work. All station come in horrible and music from iPhone would come in horrible.	2012-12-19
US	41560269	R2HR19VBG0MHNK	B004911E9M	423996186	Wall AC Charger USB Sync Data Cable for iPhone 4, 3GS, and iPod	Mobile_Electronics	1.0	0.0	0.0	N	Y	does not meet expectations	the electrical plug doesn't work, so the only way to use this as a charger is through a usb port	2011-12-09
US	8725157	R9ITW11ZPAB8Z	B007SJMTFU	407550164	LiViTech(TM) Double Layer Hard Case for HTC Desire HD / Inspire 4G (White)	Mobile_Electronics	4.0	1.0	2.0	N	N	Great Case but in need of improvements	I purchased this case for my HTC Desire HD, I received it on time and at a great price.<br />When I put the case on my phone I loved the fact it had a hard case with a plastic screen cover, but when putting on the soft silicon cover I realized just why it was so cheap, This case could be a 5 star is the silcon wasnt so thin. Other then that the case is great, but its a disappointment that eventually I will have to go a buy a new silcon covering as the one received will not last long.	2013-02-15
US	51994709	R17LD9WTZIPZVV	B005DJUB7K	428513608	Mini Mobile USB-Powered Speakers for iPhone iPod Desktop Computers Laptops Netbooks MP3 Player Smartphones Portable CD Players	Mobile_Electronics	4.0	0.0	0.0	N	Y	Nice and portable but needs more bass.	These are great sized for travel and office use.  Wish they put out more bass, but the is a trade off for size.  Battery life is good, but quality suffers if listening while charging.  All-in-all a good value and right sized for me.	2013-03-24
US	45849264	R13IBNOW6A9CZ9	B002RCIK10	812269731	Apple iPod nano (5th Generation) NEWEST MODEL Premium Accessory Kit	Mobile_Electronics	5.0	1.0	1.0	N	N	Item as promised....but took forever to receive!!	Received product as promised and everything was perfect.    My only complaint was the time period from my order day to the time received.  I ordered other items that day from all over and they were all here well over a week before this.  Shipping/order processing took was longer than it should have.	2010-04-05
US	102544	R3ETW9F6CJJAB4	B0052RMI2Y	423996186	USB Power Wall Charger + Syn Data Cable for Apple iPod Touch iPhone 4 4S 3G 3GS	Mobile_Electronics	4.0	0.0	0.0	N	Y	Wall charger was great, sync cable... not so much	loved the wall chargers which all worked well but had problems with the sync cable charging my 4s alot slower then usual.	2012-12-14
US	43366590	R2ABJ4QKH8EPFK	B00361ERPE	795806081	Ram Mount Handlebar Mount for Garmin Nuvi 500 and 550	Mobile_Electronics	4.0	1.0	1.0	N	Y	RAM Mounting Systems RAM-B-149Z-GA32U Handlebar Mount for Garmin Nuvi 500 and 550	Unit works pretty much as advertised but didn't work out as well on the motorcycle as it did for my ATV.  Despite the adjustability on the mount, it was difficult to get it in any position that neatly tucks in with the existing instruments, resulting in a rather obtrusive appendage analagous to another rear view mirror.  Might be fine on a bike with a full fairing but not so good on a sport, dual-sport or dirt bike.	2010-05-26
US	15894622	RQKBFH60823PW	B004N8WLIY	74030642	Bundle Monster Barnes and Noble Nook Color NookColor Synthetic Leather Opening Case Cover Jacket with Interior Compartments - Blue - Fits both Nook Color and Nook Tablet	Mobile_Electronics	4.0	1.0	1.0	N	Y	Good Product.	This fits the new Nook Color perfectly. I was worried upon buying it that when I received it, the cover would be too small. I was wrong. Absolute perfect fit. Only one complaint: I ordered a blue one and the color I received was closer to purple. Nothing that effects the product though. Certainly worth the purchase if you don't want to spend $50.00 on a B&N brand name cover.	2012-02-19
US	5313201	RBUQT3GL0M9UA	B0053OAIVO	150573131	4 Digits Hand Held Tally Counter Numbers Clicker Golf	Mobile_Electronics	4.0	1.0	1.0	N	Y	fish counter	works well for fishing being able to mount<br />to cooler or any other place around the boat.<br />easy to read.	2013-03-24
US	26174625	RW5QR98IGE2I9	B00B23SB7I	697056963	Rally 7460 GameDay 12V 200-Watt DC to AC Power Inverter w/2 USB Ports & 3 AC Outlets (Red/Black)	Mobile_Electronics	3.0	2.0	2.0	N	N	Fan Noise Is a Problem	I use this in the car to power a 12 volt, 15 watt mini-amplifier for a speaker system. It works fine. I haven't used the USB ports yet. It has an all plastic case though instead of metal. I would not drop it on anything hard or use it outdoors although it says it is for tailgating. It automatically turns off so you don't run down your battery. I actually paid a lot less than the current price and would not pay more than $50 for it, however it is the most affordable I have seen with 200 watts, three AC outlets and two USB outlets, all with covers to keep out dust.  My main complaint is the whining internal fan that cools it. Even while driving and listening to music fairly loudly, I can hear the high-pitched, annoying noise. I put it under the passenger seat and still hear it. Another plus is a long plug cord which lets me move it around, out of the way, under seats or up on a seat.  I may find a place where the noise is not a problem if I dont mind the power switch being out of reach while driving. I am also looking for some kind of soundproofing material I can make or use.	2013-02-27
US	48299905	RPW0ZRZGNON53	B0039KNZU0	412180539	GSI Cool Sealed Waterproof Adjustable Armband Bag With Necklace Strap	Mobile_Electronics	4.0	0.0	0.0	N	Y	Good Choice for the price	This is a good choice for low budget. The kit has everything you need. It is very good to listen to music in pools, but not appropriate for swimming. The belt is small, so you will loose the gadget many times in the pool, because it will fall from you arm while swimming. Besides that after sometime, the plastic gets dark because of the pool chemistry. But I believe you will have the same issue with most of all others. So it is ok for the price.	2011-11-02
US	39713391	RGNNQKPX0YJ00	B0067XVNTG	563475445	"Generic Car Dashboard Video Camera Vehicle Video Accident Recorder (2.0"" 1080P)"	Mobile_Electronics	4.0	0.0	0.0	N	Y	Better Than Most	Better resolution and performance than some of the slightly cheaper ($25) models.  Menus are actually in English.  The lens rotation mechanism is loose in any orientation.  Will generally stay put, but will vibrate over bumps.  I am returning it because the vendor (cool World Plaza) sent me an obviously USED one that was dirty and covered in fingerprints, and missing the mounting plate, making it impossible to mount.  I have one other cam to try, if it doesn't work out I may roll the dice and buy another one of these and hopefully end up with a brand-new one that actually includes a mount.<br /><br />Update 2013-03-31:  I sent the first one of these back, and tried a few other cameras, which turned out to be counterfeit junk (you can see my other reviews).  So, I took a chance and ordered another one of these, and sent a message to the vendor (David Wu) to make sure to send me a NEW, NON-COUNTERFEIT camera.<br /><br />That request seems to have paid off.  The camera I received is actually pretty great, especially considering it's still in the $50 range.  I'm bumping the review up to four stars.<br /><br />The 720 resolution is actually 720, even though the claimed 1080 modes are fake.  Still, 720 is pretty good, it is pretty easy to read license plates of cars in front of me.  The menus are in English and easy to understand and navigate.  The lens rotation is tight, and both LEDs work (for what that's worth).  I'm using a class 4 SanDisk 16GB MicroSD, and it works great, and the files overwrite as intended.<br /><br />One really cool feature is that all you have to do is use the USB cable/cigarette lighter adapter, and the camera will come on and start recording when the power comes on, and stop recording and turn off when it's removed.  My outlets are always hot, so I will be re-wiring to have it activated by the ignition.  I will be replacing the 12v-to-5v regulator/cigarette adaptor that came with it, because as others have noted, it DOES interfere with radios, even FM (slightly), and I found that it also greatly reduced the range of my keyless entry.  Can't have that.  Since it will only be on with the ignition, I'll replace it with a nice simple and RFI-free linear regulator.<br /><br />At this point, I would definitely buy another one of these cameras, over all of the other 4 or 5 I tried, even though it is twice the price of those others.  Totally worth it to avoid the time, hassle, and letdown.  Of course, I don't have a high confidence that if I placed another order I would get the same camera.  That's something I wish Amazon and their vendor(s) could get worked out.  I recommend trying to get it from David Wu, and sending a message through Amazon insisting on a NEW camera.  There is no Mfg or model number shown on the packaging, but there is a barcode label that says B0067XVNTG.	2013-03-24
US	15674330	R2XWW7OCCPSH49	B001FCDXF6	62993564	Voyager VSS7694TILT Rear View System for RV/Camper/Trailer	Mobile_Electronics	2.0	29.0	29.0	N	Y	Great Camera but ASA Electronics customer support not so much.	I purchased this system on June 7th from Sale Store.  I have no problem with the store nor with Amazon and the system as a whole works great and would give it a five star.  Installation was a snap in my Country Coach and an easy DIY project.  However I DO have a problem with ASA Electronics who manufactures the product and has the Warranty.<br /><br />We took our first trip with the system installed during this last week (last week in June) and immediately fell in love with it.  The images are great and the auto switching to the side camera when the turn signal is on is a great feature.  The first part of the trip was in dry country and the system worked great.  We then traveled to the Oregon Coast, arriving on a dry day however the next two days were heavy rain, fog and wind.  When we went to leave we found the left camera was fogged up inside the lens and the dry trip home never de-fogged the lens.<br /><br />When I contacted ASA electronics customer service they treated me like a second or third class citizen.  The main issue was due to the fact I had purchased it through Amazon and second that I had installed it myself.  I have a degree in electronics and have been remodeling my motorhome for the last year so I know it better than any technician would from Camping World or any other technician.<br /><br />ASA electronics required proof of purchase which I understood however I was told not to call back and check on the status at a later time and that I would be contacted when they were ready.  I am 60 and have dealt with a lot of customer support over the years however ASA electronics is among the worst I have ever seen.  I will never buy another ASA electronics product again, which makes Jensen and Voyager and I am sure a lot more.  In this economy most customer service has improved...not so with ASA electronics (in my opinion).	2012-07-03
US	46770875	R2WQUYZUX0OHSL	B0067WYXSA	704559332	Insten® Compatible With Amazon Kindle Fire / The New Kindle Fire Multi-Touch Protective Matte Screen Protector LCD Shield	Mobile_Electronics	2.0	1.0	1.0	N	Y	It is adequate, barely, but considering the price. . .	I'd consider it adequate.  Used on a 1st generation Fire.  Roughly one half inch of the side opposite the notch will not stick to the screen. I'm not sure why it won't stick, it seems as sticky as the rest of the material, and the screen doesn't seem any different.  Also, while it isn't a big deal, the little cardboard scraper that you are supposed to use to work out the bubbles is so thin and flimsy that it is useless, plan on having an alternative for this purpose if you buy.  Clearly a cheap Chinese import, the English on the packaging is ludicrously poor.<br /><br />It doesn't seem to cause any problems with touch control though.  So it is functional.  However due to the questionable 'stickieness', I doubt it will last as long as competing, more expensive products, so its low low price may be offset by a more frequent need to repurchase.	2013-05-12
US	38513825	R2V0CAB4BPOI3V	B002ZP5MYM	560863832	Icom IC-2200H 64Wts. VHF Mobile Transceiver	Mobile_Electronics	4.0	11.0	15.0	N	N	Great Replacement for an Icom IC-2100H	"Like all of the Icom products made in the last 8-10 years, this one has been a replacement for a flawed unit. The IC-2200H replaces the IC-2100H. The 2100 had a transistor that got too hot and would not allow power setting changes to be made. Icom blamed the customer for using the wrong antenna or damaging the equipment even when they did nothing to it. The 2200 fixed the problem and added some features. The \\""H\\"" was a change due to a problem with the handset, which was fixed or replaced.<br /><br />I give this radio only 4 stars due to this. 2100's and 2200's are great radios and pack a lot of useful features, and at a low price. But be cautious, Icom hires engineers that have no clue and tend to need some work out of the box to be reliable. The common thread from Icom, it is your fault, either pay us for the repair (of our engineering problem), or buy this newer model.<br /><br />The VHF Marine radios, IC-M602 had little or no RF shielding and the response was to \\""buy an IC-M604). The PCR-1000 could be modded to hear cell phones (analog), and the response was, \\""buy a PCR-1500\\"". Predator drones with PCR-1000's had other issues, and the response was \\""buy a PCR-2500\\"". My response, \\""why should I buy another Icom\\""?<br /><br />As for the IC-2200H, this is a great radio and will work well, but be sure to test all features and do a burn in test right after purchase. It is a great entry level radio, or dedicated digital DarkStar radio. Or better yet, buy something that says: \\""Motorola\\"", \\""Vertex/Yaesu/Standard\\"", or \\""Kenwood\\"" on it."	2010-10-15
US	7460186	R3SI6BUAXK6WJW	B002WL4LDM	304034459	JL AUDIO C2-690tx 6X9 Car 3-Way Speakers	Mobile_Electronics	5.0	3.0	4.0	N	Y	very nice	Have these bad boys hooked up in my back and the C5 components in my front. system sounds great! very good	2013-03-26
US	42708816	R24TS7K3F2OEZF	B0030LSFPS	64387683	Premium Rapid Rapid Automobile Car Charger FM Radio Adapter Transmitter For Apple iPod / iPhone / iTouch / Nano	Mobile_Electronics	3.0	0.0	0.0	N	Y	WASNT TOO HAPPY	THIS IS COOL FOR AN IPOD BUT THE ADAPTER THAT CONNECTS TO THE IPOD ITSELF  KEEPS FALLING OUT OF THE BOTTOM OF MY IPOD AND ALL MY CHARGERS CONNECT JUST FINE SO WHATS THE DEAL? MAYBE I GOT A BAD ONE WHO KNOWS?	2012-12-12
US	49977800	R3NC7QNAB5KIVK	B004GTQAI2	447542842	SparkFun Inventor's Kit for Arduino with Retail Case	Mobile_Electronics	5.0	1.0	1.0	N	Y	Great kit	This kit is perfect for hobbyist or amateurs who are interested in electronics. I would recommend this kit to anyone who is interested in robotics or anything of that nature.	2011-12-22
US	40326388	R2WLBU1IOD0EY8	B004EFBEQ6	952966412	USA Gear Protective Felt-Lined Easy-View Stand Case for Samsung 7 inch Galaxy Tab P1000	Mobile_Electronics	4.0	2.0	2.0	N	Y	nice cover	Cover quality is good, fit is good i only rated it a 4 because when u stand ths tab up it bends the case in an odd way and the tab also sits at an akward angle were it can fall over pretty easily. I would definately reccomend it for the money though.	2011-02-15
US	24399021	R2U6CCOWYWN99	B002QCGLHQ	841673674	SquareTrade One-Year Open-Box Electronics Extended Warranty - Items $200-2000	Mobile_Electronics	5.0	0.0	0.0	N	N	Square Trade deal	The Square Trade protection plan is a very good deal. I was very impressed with how fast and easy the warranty submission went. All for a fair price too.	2013-06-20
US	33491962	R22T45ASE0QZVI	B005HG2IJI	121090235	FM Indoor or Portable 1/2 Wave Dipole Transmitter Antenna with BNC	Mobile_Electronics	3.0	3.0	5.0	N	Y	Just A Set of Rabbit Ears	Product was received promptly. That's where the happiness ends.<br /><br />All this unit is, is a pair of Analog Television Rabbit Ears, like once used before HDTV laws passed in 2008 or so. I tried everything, outdoor, indoor, suggested length, other lengths. The rubber duck mast that came on my Failsafe Transmitter has better range.<br /><br />****UPDATE****<br />Though I've yet to optimize this Antenna for my use, I did hear from the manufacturer. He said he must have sent wrong directions, that the antenna actually does go both ways. My problem? Of course, I live in a mobile home. Aluminum siding, no attic. There is, quite literally, no attic to place this in, and the house's siding seriously reduces all transmission. The solution?<br /><br />Mount a piece of PVC to the side of the house or in the ground. Where I am, it's windy, so it also has to be encased in a plexiglass box to both protect from rain and falling debris from wind. It IS a set of Rabbit Ears, there's no getting around that, and like an antenna on the back of the shop radio, handled the wrong way, will snap like a twig. I am still not sure I can even use this, but I'll certainly try. Though it seems, I will have to part the red sea to make it happen.	2012-11-19
US	21908215	R1W1ELDQM0JF1	B004VFG17G	168514468	GRIFFIN NA15005 IPHONE/IPOD & SMARTPHONES ROADTRIP HANDS-FREE	Mobile_Electronics	4.0	1.0	3.0	N	Y	I recommend it	Its a very good purchase , except for very little distotion sound sometimes, overall , i recommend it, its good value for money	2011-11-22
US	22122759	R19V64O9ABZMTF	B006060XTQ	444277113	HighArtic Tech	Mobile_Electronics	5.0	0.0	0.0	N	Y	great	used it as soon as i got it.  got me a new ipod and did not want anything to happen to it.  works wonderful	2012-12-27
US	26482585	RGYQ2KV6WLI66	B004911E9M	423996186	Wall AC Charger USB Sync Data Cable for iPhone 4, 3GS, and iPod	Mobile_Electronics	3.0	0.0	0.0	N	Y	Slow	This product is described accurately, and it arrived quickly.  Fitment is perfect and it actually would appear to be the original charger that came with my iphone.  The only complaint is that it takes forever to charge the phone.  I'm not sure if this is a low power charger or what, but it takes longer to charge with this charger than even my car charger.  If time is not a concern, like you charge over night, then for the money this can't be beat, but if you charge on the go during the day, prepare for several hours for a full charge.	2012-07-03
US	19808774	R1ON9ZSMBCNRHP	B000H2G5R8	223307389	CAIG DeoxIT FaderLube Lubricant 5 oz.	Mobile_Electronics	5.0	0.0	1.0	N	Y	Good Stuff	Luv this product!  Solves all my equipment problems super-quick.  I highly recommend it for sticky faders, knobs, sliders etc.  Order some now!	2012-06-27
US	42244150	R2F2U86VH72WSM	B004N8THJ0	895900726	Bundle Monster Barnes and Noble Nook Color - Nook Tablet - Synthetic Leather Case Cover Jacket, Skin Art Decal Sticker and Screen Protector	Mobile_Electronics	4.0	0.0	0.0	N	Y	Excellent purchase!	This was perfect & inexpensive. Got plenty of comments on the skin. Does not peel. I am very pleased. Referred several friends to purchase this product for their ereaders.	2012-11-17
US	30851979	R2DGO1KO4A7V4V	B0096R31IQ	494240455	Logitech S715i REFURBISHED Rechargeable Speaker for iPod and iPhone	Mobile_Electronics	1.0	0.0	0.0	N	Y	remote didn't work, speaker missing a plug insert	Amazon did pretty poorly with this transaction. The first time I ordered this speaker, I took it out of the box and found out that it wasn't rechargeable (as promised). So I went through the hassle of sending it back, having to file for a refund, and arguing with the operator about getting some sort of compensation for their poor service. Then, I order another of the same speaker and what happens? The remote control doesn't work AND the little rubber plug on the back that is supposed to protect the headphone and power jacks? Missing.<br /><br />Amazon did a very unsatisfactory job managing and performing quality control on its inventory and I'm pretty unhappy. I'm really surprised that Amazon sent me the same faulty product TWICE.	2013-02-17
US	10575128	R3AWH0Y52TN70J	B001K0OIAW	25126301	Westclox Travelmate Folding Travel Alarm Clock, Black 47508	Mobile_Electronics	3.0	0.0	0.0	N	Y	travel alarm	I have one or two of these for home and found this to be less functional because it does not have a nap timer.  I miss that.	2012-12-07
US	9420459	RED400UORTSJ8	B007VES59Q	321913504	Cobra Digital Party Animal Dancing Speaker-Cat Blk/Wh	Mobile_Electronics	5.0	0.0	0.0	N	Y	How Do I use this item	I'm a DJ and I set this item on my table and the crowd thinks it's so cool because it looks like it singing along with them	2013-05-13
US	33186310	RLAAH5VI5MEGO	B0052RMI2Y	423996186	USB Power Wall Charger + Syn Data Cable for Apple iPod Touch iPhone 4 4S 3G 3GS	Mobile_Electronics	2.0	0.0	0.0	N	Y	Product works okay	I got the item pretty quickly after ordering and I really like the price, but the plug sticks when removing from my iPhone 4S.	2012-10-18
US	38168858	R36ZX6OFM3VC4L	B001TA5IUC	444623564	Seidio Innocase II Surface Combo Soft Touch Case & Holster for BlackBerry Curve 8900 - Ash Grey	Mobile_Electronics	5.0	0.0	0.0	N	Y	The best case yet...	I love this case combo. Great fit and finish. Very protective and thin. If you own a BB 8900, buy this case.	2009-04-29
US	50305780	R1KDMQM0SODFYF	B000CQV2ZY	808875152	Kaz Inc 13' X 13' Room Air Purifier	Mobile_Electronics	2.0	0.0	0.0	N	Y	These air purifiers ran in some very dirty air,and arrived dirty.	The first thing I did after it arrived was to inspect the filters. The pre filter was clean but the insides, ionizers, and fans were filthy. They were coated with a very dark coloured dirt. Nothing like I've ever seen come out of my other air purifiers at home. They come our white from the dust they trap. One was also scratched up on the side. They did seem to run though. I'll give them to a friend that's a mechanic to use in his shop. A perfect place for them as they don't deserve to be placed in a home as dirty as the insides are from the ruff life they've been threw.	2012-11-07
US	52850646	R103AWL78CHXWQ	B004Y12S9W	342421561	Digital AV Adapter - iPad / iPhone / iPod audio / video / charging / data adapter - HDMI - Dock connector (M) - Dock connector, 19 pin HDMI (F) DIGTL AV ADPT ZML Manufacturer Part Number MC953ZM/A	Mobile_Electronics	5.0	1.0	1.0	N	Y	It works well.	I connected my iPad2 with this device via an HDMI cable to my hi-def TV, and it worked without problems. I also connected the iPad2's power adapter, so that it would recharge the battery. All connections worked just fine.	2012-06-29
US	33115478	RGPR2BALNRB59	B001U3QTS8	291482758	Garmin Streetpilot 2610 / 2620 / 2720 / 2730 / 2820 / 7200 / 7500 / C320 / C330 / C340 / C550 / C580 / I2 / I3 / I5 / Streetpilot III GPS Portable Travel USB Plug-in Rapid 12v Car Charger	Mobile_Electronics	1.0	0.0	0.0	N	Y	Poor quality and wasting your money	Very poor quality.  The square metal got loosen after 1 month.  I have to buy another. I don't recommend anyone to use this product.	2010-03-17
US	52124320	RP9BS87HW2764	B007D6VLR0	819698907	Gizmo Dorks Neoprene Zipper Sleeve (Blue) with Carabiner Key Chain for the Garmin Nuvi 50 and 50 LM	Mobile_Electronics	4.0	1.0	1.0	N	Y	it fits!	Got this for my new Garmin.....ended up taking it back and got a TomTom.  This nice little case still fits....cord and all.	2012-05-17
US	28964550	R2COW6S9DEGE5I	B001DZQZX2	106183922	Fenix Flashlight White Diffuser Wand	Mobile_Electronics	5.0	34.0	35.0	N	Y	Fenix Flashlight White Diffuser Wand Review	I'm an enthusiast about flashlights.  I have been checking out stores and actually purchased several different types of battery powered lanterns.  There are several things that I look for when considering a flashlight and lanterns.  1) Only those that use AA or AAA batteries are considered.  Those two batteries are the cheapest and most readily available batteries.  Plus, in an emergency, I do not want to be scrambling for different types of batteries (C, D, 9V, CR123, or any other type of specialized battery).  2) The design has to be shock resistant and waterproof.  3) The longest battery life in proportion to the output.  I would like an efficient flashlight.  4) Best combination of durability in ratio to size and weight.  I look for the lightest and most compact lights that are durable, which is especially important in headlamps and lanterns.  This is a review of the Fenix Flashlight White Diffuser Wand that I use with my Fenix LD20 CREE XR-E Flashlight.<br /><br />I rated the Fenix LD20 a 5.0 out of 5.0 in a previous review due to being extremely bright, having various brightness settings, a neutral white color temperature, a smooth and even beam, considerable throw, being one of the most efficient flashlights, having a rugged build, all of this in a extremely small design, and using AA batteries.  I have also purchased the Fenix Headband for 18-22mm Flashlights, which pairs with the Fenix LD20 perfectly.  I have also rated this accessory a 5.0 out of 5.0 as it was the most comfortable headband that I have tried, it is fully adjustable, the design is well thought out and durable, and it allows me to use the Fenix LD20 as a headlamp.  Being able to use the Fenix LD20 with the diffuser as a lantern is one thing, but being able to use it hands free as a headlamp is very convenient.<br /><br />I am extremely pleased with my purchase of the Fenix Flashlight White Diffuser Wand. 1) It allows me to turn the Fenix LD20 into a lantern that is bright, neutral white, that is more efficient than all of the other lanterns that I own, lightweight, compact, durable, and uses only 2 AA batteries.  2) The diffuser appears to be constructed well and is very rugged.  It has handled drops very well.  3) It does diffuse light very evenly and it has exceeded my expectations.  I was expecting lines and uneven spots, but did not observe any of those things.  4) The fit on the Fenix LD20 is snug and secure.  This also exceeded my expectations as did not expect the diffuser to fit so well.  5) The Fenix LD20 with the diffuser makes such an impressive lantern, brighter than any of the electric lanterns out there.  On Turbo, the Fenix LD20 with the diffuser will light up rooms.  6) The Fenix LD20 has multiple brightness settings, which makes it more versatile than any of the lanterns out there, which usually only have an off/on or high/low setting.  Having a low setting that lasts 70 hours on 2 AA batteries is such an advantage.<br /><br />One picky thing that may be brought to attention is that the Fenix LD20 does heat up when in use, more so when set on Turbo.  The Fenix Diffuser does cover the head of the flashlight snugly, which means that heat will be trapped in the head.  I have not experienced problems with this, but it is possible that this may cause overheating problems that have been noted by another reviewer.<br /><br />Conclusion: Overall, the Fenix Flashlight White Diffuser Wand is another top quality accessory that matches extremely well with the Fenix LD20.  Fenix continues to impress and I am very thankful for finding such well-thought, high quality products.  I rate the Fenix Flashlight White Diffuser a 5.0 out of 5.0 and I am not able to think of anything that could be done to improve this accessory that turns the LD20 into a great lantern.ent than all of the other lanterns that I own, lightweight, compact, durable, and uses only 2 AA batteries.  2) The diffuser appears to be constructed well and is very rugged.  It has handled drops very well.  3) It does diffuse light very evenly and it has exceeded my expectations.  I was expecting lines and uneven spots, but did not observe any of those things.  4) The fit on the Fenix LD20 is snug and secure.  This also exceeded my expectations as did not expect the diffuser to fit so well.  5) The Fenix LD20 with the diffuser makes such an impressive lantern, brighter than any of the electric lanterns out there.  On Turbo, the Fenix LD20 with the diffuser will light up rooms.  6) The Fenix LD20 has multiple brightness settings, which makes it more versatile than any of the lanterns out there, which usually only have an off/on or high/low setting.  Having a low setting that lasts 70 hours on 2 AA batteries is such an advantage.    One picky thing that may be brought to attention is that the Fenix LD20 does heat up when in use, more so when set on Turbo.  The Fenix Diffuser does cover the head of the flashlight snugly, which means that heat will be trapped in the head.  I have not experienced problems with this, but it is possible that this may cause overheating problems that have been noted by another reviewer.    Conclusion: Overall, the Fenix Flashlight White Diffuser Wand is another top quality accessory that matches extremely well with the Fenix LD20.  Fenix continues to impress and I am very thankful for finding such well-thought, high quality products.  I rate the Fenix Flashlight White Diffuser a 5.0 out of 5.0 and I am not able to think of anything that could be done to improve this accessory that turns the LD20 into a great lantern.	2010-05-13
US	48452221	RNYY5RHK592HP	B000KL58XI	207532280	Stereo Install Dash Kit Dodge Caravan 02 03 04 05 (car radio wiring installation parts)	Mobile_Electronics	5.0	2.0	3.0	N	Y	Fit good on 2005 Dodge Grand Caravan.	A bit tricky to remove the radio. However, it is really easy once you find out how. Just pry the piece below the cup holder off. Then take out the screws. From there you can pop out the entire center panel.	2011-01-22
US	11392461	R3TKWIRM1Q55K3	B005G4VXFG	350015389	Premium Leather Case for Latte ICE Smart	Mobile_Electronics	3.0	0.0	0.0	N	Y	Doesn't give very good coverage of Latte ICE Smart	The case is okay, however, it was hard to fit it onto the Latte ICE Smart and it doesn't cover it as much as I would have liked.	2013-02-07
US	20823353	R2211KORKSLKEZ	B00140Q9KK	449111924	GelaSkins Protective Skin with Screen Protector for 80/120/160 GB iPod classic 6G (Bookshelf)	Mobile_Electronics	5.0	0.0	0.0	N	Y	Loved it	It was as bright and colorful as in the pictures, easy to apply, and I love it.  What you can't see in the pictures is that the book titles are witty and not quite what you expect.	2010-09-17
US	12377594	RKUZTMSNL58QN	B0014KKTC4	198510846	CHAUVET ST-2000S Techno Strobe Light 2000S	Mobile_Electronics	5.0	0.0	0.0	N	Y	Very powerfull light	This is more than what you need for a mobile DJ. Great light, much better thatn the American Dj big shot 2. Its sound active and very accurate too. It does fallow the music beat very nice. Size its perfect and light weight.	2011-04-18
US	37406087	R1K26Z77P1XAZB	B005OE6Q3W	649643974	Barnes and Noble Nook Simple Touch eBook Reader Folio Multi-View PU Leather Stand and Built-in LED Light Accessory Case Cover Black	Mobile_Electronics	1.0	0.0	0.0	N	Y	Do Not Purchase- bad fit, different design	Too snug, too narrow for Nook Simple Touch. The SIDE flap-beside cover CAN NOT close completely, and is NOT a bottom-mount stand. There is NO cut-out for the on/off button. The 2 button batteries are a common type, though . . .	2012-02-29
US	15028953	R8UDPOYEPRB38	B001RNJ1PO	755696068	(Many Colors Available) Mivizu Nike+iPod Shoe Lace sensor Pouch for Nike + iPod Sport Kit compatible with iPhone 3G S / 3GS	Mobile_Electronics	5.0	13.0	13.0	N	Y	Fits perfectly, no manual/instruction	A small washable pouch for Nike+ sensor that secures the sensor at a stable and constant position. There isn't any instruction or manual included, but most people should find it to be pretty straightforward and easy to install.    Remember to keep the flat surface of the sensor pointing upwards as you insert it to the pouch. Unlace your shoe and start inserting the first cross of the shoelace at the bottom shoelace flaps of the pouch. Continue criss-crossing the shoelace until you find the appropriate height to insert the shoelace to the upper shoelace flaps of the pouch.    It'd be best to install the pouch on your left shoe and do walking and running calibration once it's installed as the new position of the sensor would impact the recording of your walk and run.	2010-04-17
US	10385381	R231U56EEOQJOY	B005GDVU5A	87344183	JacobsParts Windshield Mount + Bracket For Garmin Nuvi 205 205W	Mobile_Electronics	5.0	0.0	0.0	N	Y	Avantgarde Windshield Mount & Bracket for Garmin Nuvi 205	I mounted this on the steering column and it almost looks like part of my vehicle. Works great! And was delivered in record time even though I had standard shipping. Price was unbeatable.	2012-07-27
US	35163954	R2NHDTZTNMNJ8X	B00380DVHI	672588591	XLink Cellular Bluetooth Gateway	Mobile_Electronics	2.0	3.0	3.0	N	N	There are better alternatives	We recently decided to drop our landline and go all cellular.  I purchased one of these XLink units and a new cell phone from Verizon to go with it (it's a Samsung Convoy and supports all of the latest bluetooth profiles).  This phone is dedicated to the unit, meaning that the cell phone sits next to the XLink and never moves.  The XLink then connects to our 5.8Ghz base station, which services six wireless extensions.  The phone, the base station, and XLink are all on top of the same table.     Pairing up the cell phone to the XLink could not be easier.  It was also easy to connect the XLink to my computer to download the latest software update.  Then things went downhill.  As we used the system over a period of a week or so, we ran into two major problems.    1. The sound quality was considerably worse than our landline. There was no static, so I don't believe it was an interference issue.  Rather, the sound was very much like a speaker phone. When a person was not talking, the line sounded dead, but when they spoke, the first word of their sentences would be clipped. Conversations were not duplex--two people could not talk at the same time or overlap in their speech. Again, just like a speakerphone.  The overall sound quality was a bit distorted too--like the gain on an amplifier being turned up too high.  Anyway, I contacted XLink support about this and they said that this is basically typical of a bluetooth connection and there is nothing that could be done about it.  Strike one.    2. In addition to this problem, I had repeated connection problems.  This happened three times before I finally decided enough was enough. After two days of being connected, like clockwork, the phone would get into a kind of weird funk.  The blue light indicating a valid bluetooth connection remained lit, and you could both receive and place calls, but you could neither hear nor speak to the other caller.  It was like the phone was fully muted.  The only way to fix the problem was tounplug the XLink and re-pair.  XLink support suggested that I download the latest software, but I had already done that.  After three instances of this along with the first problem, I was starting to wonder if I had made a mistake in disconnecting the land line.  Strike two.    Being rather frustrated, I re-read some of the reviews here, and based on a hint from one of the reviewers, I went down to BestBuy and picked up a vtech DS6321-3 system just to try someone else's technology (Amazon also sells this).  This unit has a bluetooth compatible base station and three extension phones for just $89--only $10 more than the XLink.   I brought it home and was immediately amazed at the sound quality.  It was night and day over the XLink. Almost indistinguishable from the landline--and full duplex too.  No clipping or distortion.  I have not had any weird connection issues with it either.  It just works.  You also get full bluetooth integration with the vtech, such as the ability to download your phonebook to the handsets and notification of voicemail. I will need to buy a few extra handsets at $18 a pop to fully replace my old system, but the difference in quality is well worth it.  Strike three.  The XLink is on its way back.	2010-12-31
US	41410001	R13RHAQOCJWUTT	B0041PHPYE	208548305	Screen Protector for iPod Touch 4th Generation	Mobile_Electronics	5.0	0.0	0.0	N	Y	Great Quality	Smooth, clear, thin, easy to get bubbles out. fit perfectly on my ipod touch 4th generation. now i can watch video and play games on a much more visible screen. Also, it is easier to type and slide fingers.	2012-06-24
US	44514953	RVR338R6OE484	B004HI6NIY	190698285	ALURATEK LIBRE 7IN COLOR MULTI-MEDIA - EBOOK READER WITH 2GB BUILT-IN MEM - AEBK07FS	Mobile_Electronics	5.0	8.0	8.0	N	N	The Answer to All the Problems I Had with Kindle!	I've had a Kindle for about six months, but reading on it was getting tiresome, mostly because of the screen flashing to black between each page, the glare on the screen, and the ugliness of the device and the text. I found the black frame around the e-ink screen distracting, and the large progress at the bottom was bugging me too (I put a rubber band around it, but then kept getting distracted by the rubber band).<br /><br />So I picked up this ereader off the Aluratek website for $50 (refurbished). It came with the firmware update already installed, and 100 books. The 100 books actually weren't bad, I kept quite a few... (to delete the books, go to My Computer and then look for your E: drive, click on it and you'll see the books to delete). One thing about the AC is that you can't put the books in a directory, so I'd recommend only uploading a few books that you want to read immediately and then upload the rest as you'd like to read them.<br /><br />Here are some things I liked about the Aluratek Color:<br />*Glowing screen for reading in the dark. Would be great on a car trip (although the battery only lasts about 8 hours, but if you charge it right before it should be fine). The brightness is adjustable within a wide range. If you're like me and your house has ****tty lighting, then you'll love this feature because you can go from room to room without having to find a light enough spot to read. No noticeable glare on screen.<br />*Weight - I actually like the fact that it's heavier than the Kindle - it's the perfect size to hold on to and makes you feel like you're holding a book in your hands.<br />*Style - Damn, this thing is pretty. The white looks very futuristic, the screen is tall and graceful, there is no keyboard mucking up the front, and the FULL TITLES of the books are displayed! Great if you read a lot of Fantasy and you want to see what number a book is in a series and the name. The large white columns on either side give it an oddly classical look,and the continuous white doesn't distract the eye.<br />*Easy to upload to with Calibre.<br />*SD slot can expand the memory (not that you'll need much for books).<br />Automatic rotate depending on whether you're holding it portrait or landscape. Landscape is nice because it makes for very long lines.<br />*Fonts on the pages look really nice.<br />*PROGRESS METER IS VERY LIGHT!!! THANK YOU! You have to bring it close to see it, so it's not distracting at all.<br />*Menu and welcome screen are both very pretty and inviting. Allure-atek indeed. haha<br /><br />Cons:<br />*Doesn't do pdfs well. Can do them, but making the text larger is very slow to the point where reading is impossible.<br />*No annotation - although annotating on the Kindle was a pain in the ass, so I don't really miss it.<br />*Low-ish battery life. (8hrs).<br /><br />Conclusion:<br />The Aluratek Color did everything I expected (and was much prettier than I expected!). I don't think I'll be using my Kindle again anytime soon, the LCD screen is much easier to read off and the chassis seems solid enough I don't have to keep it in a case all the time. Love it!	2012-04-21
US	13032820	RUEGELUGWRA99	B005EHSRUO	870284305	Waterfi 100% Waterproof Mp3 Player Swim Bundle - iPod Nano 6th Generation 16GB for Underwater Swimming & Water Sports + Waterproof Headphones and Mounting Straps Included - No Case Needed -	Mobile_Electronics	1.0	1.0	1.0	N	Y	Waterfi ipod nano: terrible !	WATERFI IPOD NANO     I received it with the display in terrible condition with pixels ruined (I think by some glow or someting similar under the glass). If you put the nano into the water usually it doesn't work and after one day I used it the entirely screen lost the glow so now I've the Nano's display separated by the body. I wrote to Waterfi for a replacement and they will kind send me a new unit. I'll update my review when the new unit will arrive.	2011-08-18
US	16159072	R18PIL0JBDURWF	B0029UWJIU	957894249	Western Digital Case - Carrying cover for WD Elite Essential SE Elements Portable Passport Studio Mac 2.0 3.0 USB Hard Drives 250 320 500 640 750 1TB	Mobile_Electronics	5.0	0.0	0.0	N	Y	It's awesome!	This is a great product, and I love how it's a harder case, which makes it great for travel :)<br />I highly rec'd this product for a Western Digital drive :)	2009-10-30
US	14441402	R3SU9BM0RUDFDX	B002HU5UR4	383443108	Naxa NPB-250 Portable MP3/CD Player with Text Display, AM/FM Stereo Radio, USB Input &amp; SD/MMC Card Slot	Mobile_Electronics	2.0	1.0	1.0	N	Y	Not worth what I paid.	I thought I was purchasing a radio with a little bit more volume.  I cant even listen to my cds because it doesnt seem to get loud enough.  Tried to use my usb[[ASIN:B002HU5UR4 NAXA NX-250 Portable AM FM Radio USB Port MP3 CD Player Boombox Stereo]],sd card in it and that doesnt work either.  I would have sent it back but just didn't want to be bothered with the hassel.  So if your looking for something with any type of volume this is not for you by the way I dont like to hear my music too loud but I would like to hear it. Theres no BOOM to this box!!      Sweet C	2011-03-25
US	20649601	RJK9AQ0V8PYVK	B003A9HT2A	552259486	PowerGen Premium High Capacity and Premium Quality Lithium Battery 1350mAh compatible with HTC Hero / T-Mobile G2 Touch (GSM version only)	Mobile_Electronics	4.0	0.0	0.0	N	N	good buy	I purchase this item about 6 mo ago for replacement, work fine as good as the original, has no problem so far. The capacity of battery has not drop yet, even though i use the phone non stop and charge the battery everyday.	2011-11-09
US	44812321	RAAN2XYMVQUYU	B00ARBZPAW	924852806	Color CMOS/CCD Car Rear View Camera 170 Degrees Support NTSC TV system-E350	Mobile_Electronics	5.0	0.0	0.0	N	Y	Great quality	works great, works in pitch dark inferred works great, paired with a 4 inch display easily visible in dark or light	2013-03-01
US	13555453	R7BOYJ3JD8YRG	B002RAV2S0	127309841	Black Silicone skin cover for Apple ipod Touch 2nd and 3rd generation + car charger for ipod touch + wall charger + Screen Protector + Wristband	Mobile_Electronics	2.0	0.0	0.0	N	Y	You'll know it's cheapie in about a month.	"or: \\""Things Fall Apart\\""    The screen protector works fine: \\""touch\\"" is intact.  It's thick, and not bendy, as the photo suggests, but that's no problem.    The velvet-feel silicone skin fits well, for a while, until you carry around your ipod in you pocket for a month or so (taking it out, putting it back).  Then you'll notice that the edges will have become a little floppy.    The car charger is without problems after light use in the car, but the wall charger lost a prong.  When has this ever happened to you with any other plug-in product?  To me, never.  Now the prong is stuck in a power strip at my parents' house.  My dad didn't find his needle-nose pliers before we left, so I don't know if he's gotten it out yet.    You may get a thin lanyard instead of a wristband, but I think the lanyard is more useful --- just not with this case, because there is no lanyard attachment.    Overall, this is not a great product package.  It's not disastrous, but I don't recommend it.  Piece together a set from your local stores.  The Belkin wall charger is sturdy.  The InnoPocket metal slider case ($25 + shipping) is confidence-inspiring, if no-frill.     Two stars, because the car charger and screen protector work."	2010-03-03
US	42894559	R2FTPJUC912O7I	B003PK9QF2	46586811	Universal Car/Wall/USB Charger Kit for iPhone/iPod/Nano/Touch + Multi-function AV RCA Cable w/ USB	Mobile_Electronics	3.0	0.0	0.0	N	Y	Only useful for charging not for AV function	I would not recommend anyone buy this expecting the AV to work. (AV did not work with a 3rd Gen Nano) If you need expand your charging flexibility it is useful.  Consider AV functionality a pleasant surprise should it work.  I ended up having to buy an IOgear IPOD authorized cable for $[...] bucks.  But we can now charge the ipod in the car.	2010-08-17
US	36466143	R3IVKO6C419G6C	B003UILLV6	891910378	Sony Walkman Portable All-in-one Skip-Free CD Player - Digital AM / FM Radio Tuner, Clip Style Earbud Headphones, 40 preset FM stations, Digital Mega Bass Sound, AVLS & CD-R/RW Playback, D-FJ041 White	Mobile_Electronics	4.0	18.0	18.0	N	Y	Pretty good	"Delivered within 2 days.  I've used it about 5 times, so far, usually while riding a bicycle, and it works as advertised.  Appears to be well made and solid.  Has good range and adjustment subtlety on volume.  Buttons are small and poorly marked; over time I expect to get accustomed to that.  I like the earphones very much - they stay in place even while moving around.<br /><br />Update, 4 months later:<br /><br />It's still going strong and I like it a lot.  I mostly use it while riding my bicycle.  Sound quality and reliability are good.  It restarts on the CD at the position when I last turned it off, even if I take the CD out and then put it back in!<br /><br />The main drawback is its size - it's definitely big and bulky, not like an MP3 player.  But I have a carry-belt that it fits into, so I can make that work.  To me the size tradeoff is worthwhile because I listen to \\""The Great Courses\\"" so I can go through a lot of CD's in a short time, and it's easier managing the CD's directly, rather than ripping each CD and then transferring the files into a phone/MP3 player.<br /><br />The buttons aren't great - small and hard to read what each one does.  When riding my bike in intermittent traffic I'm always wanting to increase and decrease the volume as necessary and it's a pain to take the thing out and tweak the volume while riding my bike.  So, I have started on putting the volume pretty high and then taking the ear buds out of my ears but letting them hang right next to the ears; this effectively lowers the volume going in my ears.  When the ambient traffic noise gets loud again, I just push the ear buds back into my ears.  This is much easier than pressing the volume buttons.<br /><br />By the way, I really like having the radio (FM and AM!) and CD player all in one.  You can program presets in the radio.<br /><br />I've used it around 2 hours per week and had to change the batteries after about 3-4 months (qty 2 AA batteries).  One tricky thing is that I thinkit's possible to leave the radio on when you put it down and you wouldn't know it, so you could drain the battery in just a few days."	2012-02-28
US	12349631	R33RZRBG1YNUKQ	B003TPQBJW	409283898	splash Masque Clear Screen Protector for iPhone 4 4G  4S AT&T and Verizon (3-Pack + 2 Bonus Back Films)	Mobile_Electronics	4.0	0.0	0.0	N	Y	Why you won't like it:	I loved how easy it was to install it, and how beautiful the screen looked for the first 5 minutes! 10 minutes later iphone was all covered with fingertips... And it's bad, the worst i've seen so far and i had every generation iphone and dozens of screen protectors.   Don't get me wrong, this screen protector is really good quality, easy to apply and REALLY IS ALMOST INVISIBLE. It does not influence screen visability and colors, and it's cut very good. I was always sceptical about cling protectors as they tend to start coming off and develop air bubbles overtime. But this one looks like it is glued to the screen and they give you 3 pack anyways. Seems like a great deal unless you REALLY dislike those nasty fingerprints and spend every 5 minutes obsessively cleaning your screen...	2010-07-28
US	50549196	R3JDYSILHR3XWO	B001U5AZ18	855317463	Electronic Cigarette new!!! 3.0 gold EDITION smoking everywhere.	Mobile_Electronics	2.0	7.0	7.0	N	N	Not bad but needs some improvement	The product looks very nice and is rather heavy.  It came with a charger, a pack of five refills, and two bodies.  The refills do not fit very well on my unit and they are very loose.  One of them was missing the end cover and the liquid had seeped out.  The feel of the cigarette is not ideal for the way I am used to holding a cigarette and as a result, I ended up dropping it (however, I can report that it survived the falls intact).  You have to inhale a lot harder than I am used to and this seems to give me a headache.  I do like the fact that I can smoke this at my desk and I don't cough from the smoke.  I think this product will need some refinement as they get more feedback on it.	2009-06-22
US	43783683	R27YRTB3PA3E6I	B004XKZ1UC	265423475	eForCity Leather Case for Barnes and Noble Nook / Nook Color, Black	Mobile_Electronics	5.0	0.0	0.0	N	Y	Nook Cover	A great cover for the money. Equal to a  much more expensive cover. A cover is a nesesity to protect your nook or kindle. This does the job and is very attractive besides.	2012-10-03
US	15073080	R2ZNK49QKLKTEB	B003ENW3JQ	969392071	Tartan Plaid Hard for iPod Touch 2nd Gen / 3rd Gen - Pink	Mobile_Electronics	5.0	0.0	1.0	N	Y	Great product!	[[ASIN:B003ENW3JQ KingCase iPhone 3G & 3GS * Warrior Case * (Hot Pink & Black) 8GB, 16GB, 32GB - The ULTIMATE Protector]]	2010-09-22
US	15777776	R20VE6IYNC9Q67	B0042IHGF8	738922075	iPod Touch 4 4th Generation case MiniSuit TPU Bubble skin case for iPod Touch 4, 4th Gen, 4G + MiniSuit Key Chain - Clear	Mobile_Electronics	4.0	0.0	0.0	N	Y	Fits Great!	I really like this skin for my Ipod. It acctually is a bit of a struggle to get on the device, but once on there it has stayed put. I do recomend that you get a screen protector for your Ipod if this is the sort of cover you decide to go for. It looks really great on my Ipod and protects it from all the little daily scratches and bumps that you can accumulate on an Ipod. It won't protect it from a drop in a puddle or from a great height. The reason I gave it 4 stars and not 5 is that little bits of dust and stuff do work their way under and accumulate under the lip around the screen. About once a week I have to clean it out. It's not a huge deal, just a slight annoyance and this is one of the first gel skins I've had that have fit this well and looked this good, so it's worth the little annoyance.	2011-06-09
US	35292245	R13I68Y5QAQS2Q	B002SNE83M	64387683	Rapid Car Charger FM Radio Adapter Transmitter for Apple iPod	Mobile_Electronics	3.0	0.0	0.0	N	Y	works ok	"I purchased two radio adapters. Mine workes great, my brother claims the chrager portion of the adapter \\""blew up\\"" in his car. At least the trasmitter still works :)"	2010-08-26
US	48084113	R1TB2IP0D45X0D	B00BT7CJGQ	150827567	ARMORED CORE™ IPOD TOUCH 4 ZEBRA DEFENDER CASE with Purple Shell	Mobile_Electronics	2.0	0.0	0.0	N	Y	Disappointed	Ordered product for my daughter for her ipod.  The internal purple case did not snap together.  She was so excited to order this so it was a let down when it did not fit correctly.  I emailed the company but I got no response.	2013-04-24
US	10251777	R2TF0UJRQ3GVLU	B005C2BXJI	349284908	XMI XAM4GR X-mini II Capsule Speaker Green	Mobile_Electronics	5.0	3.0	3.0	N	Y	awesome speaker!!!!!!!!	i love this speaker,it is way louder than you think,and the batery last a very long time even when you have it full blast	2011-11-12
US	52815594	R2TOP84YOS38M9	B004Z4MDGG	639050774	Griffin Dual USB Car Charger PowerJolt	Mobile_Electronics	4.0	0.0	0.0	N	Y	Nice to have - although sometimes does not charge	"It's a nice to have little gadget, however it seems to not always charge my iPod. Notably when I just started the car and the weather is cold, the iPod \\""toggles\\"" between charge/no-charge for a while. Once the car (battery?) has warmed up (couple of minutes, usually) things work fine. Not sure if this is the charger's fault?"	2012-02-17
US	11048192	R155BYEP7SRCJY	B004JHN002	713095224	Blue Totem Silicone Rubber Gel Soft Skin Case Cover for Apple Ipod Touch iTouch 4th Generation 4g 4 8gb 32gb 64gb by Electromaster	Mobile_Electronics	1.0	1.0	1.0	N	Y	bad	I have an iPod touch 4th generation and its way to big.  It's really loose and my I pod falls out a lot.  Money back!	2012-05-05
US	47278205	R1BR7JIYPWII0E	B001TLYCHG	392412550	Car Kit Mount Holder FM Transmitter for iPhone iPod MP3 or any with 3.5mm Plug	Mobile_Electronics	5.0	0.0	0.0	N	Y	love it	wasn't expecting much when I bought this for under $15 but i really didn't want to pay $100 for one so I thought why not I LOVE IT it works great the only drawback was it didnt come with instructions so I had to figure out how to adjust it myself my iphone it blasting everywhere i go :) it stays in place and charges with no problem	2012-02-23
US	39459592	RL9Q71RRHSVDH	B003AA5DOA	312418145	4-in-1 Black Fm Transmitter Car Kit with Remote and Car Adapter For Apple iPod / iPhone / iTouch / Nano / iPad / Video / Shuffle	Mobile_Electronics	1.0	0.0	0.0	N	N	SO disappointed!!!!	so disappointed in this fm transmitter, had it for 1 day took it out of the port in the car and it came out in peices!! very shabily made!!! Dont waste your hard earned money!!	2010-04-15
US	44378130	RKW5YOJT2S9Z3	B001G9DG4Q	856156045	Apple MB812LL/A 1GB iPod shuffle - Pink - Clamshell Package	Mobile_Electronics	5.0	0.0	0.0	N	Y	Great Device	I bought this for my wife and she loves it. I'm also glad I was able to get the old model. The new one moved the volume to the headset, which means you are stuck with the Apple's headset!	2009-11-04
US	48663343	R230WDWF2E81G4	B004QYU68W	520890	"R/T 300 Enclosure Series (328-12 JL) - Dual 12"" Slot Vented Sub Bass Hatchback Speaker Box with Labyrinth Power Port for JL Audio Subs (not W7's)"	Mobile_Electronics	5.0	2.0	2.0	N	Y	EXTREMELY PLEASED	So a little about me...Im 38 years old and have been intstalling car audio systems for myself and probably half my town since I was 16. I have no box building skills so I have been purchasing pre-fab boxes since I started installing. Needless to say I have been through ALOT of boxes. I did alot of research, starting with the specs on the subs I was installing. This box matched my required cubic volume. The subs that went into this box were 2 JL AudioW3's. These subs are powered by a HiFonics Brutus 1200x1 mono-block amp. After replacing the old box with this new one, and upgrading the amp/power, all I can say is WOW!! This box/amp combo really brought the JL'S to life. The craftsmanship and quality of this box are superior to any I have purchased in the past. The only downfall I encountered on the install was on the positive side of the speaker hook up inside the box broke upon tightening. I suspect low grade hardware or maybe I was just a little to enthusiastic and overtightened. All in all great product, arrived earlier than expected. Would HIGHLY recommend this product.	2012-10-10
US	45662623	R31NJ20C4MV1ZR	B002PDXAC0	962817200	Hydra The Brilliant Two Headed LED Book Light, Black	Mobile_Electronics	3.0	2.0	2.0	N	Y	Not so great for reading books	but great for reading music in the dark on a music stand. The light given off from the Hydra while reading a book, is way too dim. My $7.99 single-head book light from B&N works better.	2011-05-30
US	15458466	R5XZB1P5ZTUL3	B002D4IHYM	698394784	New Trent Easypak 7000mAh Portable Triple USB Port External Battery Charger/Power Pack for Smartphones, Tablets and more (w/built-in USB cable)	Mobile_Electronics	4.0	0.0	0.0	N	N	Nice Battery Pack	Here is what I think about this battery pack:  Pros:  - Nice appearance with good  quality feel  - Good power capacity, I can charge my Samsung Galaxy tablet 7 Plus about average 1.5 times  - Compact, light, and thin, easy to carry  - Dual USB ports, perfect for my tablet and cell phone  - Reasonable price  Cons:  - USB out ports are a little bit loss, causes USB cable to come out easily  - USB coiled is too short, and the rigid cable makes it even worse  - LED display doesn't seem to indicate the charge properly, there are four LEDs, the first LED seems to represent over half of the battery power, once it goes off (turn off), there is actually about 2/3 of the power is already drained	2012-02-15
US	52624525	RWT88KGCMTE1	B0046CQRZ0	30236322	GSI Super Quality In Car Windshield - Dashboard Mount For Apple iPhone 3G/S - 360° Rotating Dock, Suction Cup Stand, Ultra Flexible Holder - Perfect Fit - Great For Travel Or Home Use	Mobile_Electronics	5.0	0.0	0.0	N	Y	Works will for holding the iphone 4	Love this thing.<br /><br />Stuck it to my bathroom mirror so I can watch podcasts while i'm getting ready in the morning<br /><br />It seems to be made pretty well.  Moves and stays in many different positions.<br /><br />Sticks to the mirror well	2010-11-07
US	32524334	R288XRZS5IPVVN	B001TXZV6A	274422724	Standard Horizon HX280 5 - watt Submersible Handheld VHF Transceiver	Mobile_Electronics	5.0	12.0	12.0	N	Y	Best handheld VHF on the market	This radio is by far the best radio in it's class for the money.  I have purchased 6 over the past year and will continue to use them on my various vessels.<br /><br />Features that are key:<br /><br />Squelch can be set in the keypad, which avoids having a knob that you can accidentally knock down with your hip (and thus not hear radio calls).<br /><br />Strong - this is not a flimsy wimpy $50 handheld.  The antenna is flexible and won't break if you hook it on to something.  The case is strong, and it will easily resist being dropped.  Obviously you can't throw it against the wall, but of you drop one of those $50 Midland jobs, chances are it's garbage.<br /><br />All the other normal features are there, but you can't get a better radio on the whole for the money than this one.<br /><br /> - Steve	2012-12-27
US	53077882	R1GKCZLVJQQI62	B00920ESSE	854524154	Pioneer X-EM21 Micro HiFi CD/FM Stereo System with iPod-Dock USB-in Remote	Mobile_Electronics	4.0	1.0	1.0	N	Y	Decent little desk stereo	I bought this to use in my office. At first I considered a table radio, but this was less expensive and included more features, like the CD player and USB port.<br /><br />The sound is about what you'd expect on a small, inexpensive stereo, but it's fine for the office. I was not thrilled to see the custom connectors for the speakers, though. It means I'll have to do some soldering to add more wire if I ever need to put the speakers very far from the head unit.<br /><br />The FM reception with the included wire antenna isn't bad, considering the stereo is inside a metal-framed building.<br /><br />I haven't tried the iPod port (I switched to Samsung last year), so can't say how/if it works.<br /><br />The USB port works fine. It takes a little while to read the stick, but that seems to be common with all the USB-equipped devices I've used, including my JVC car stereo. This stereo can't read as many files/folders as my JVC unit does, but that's not a big issue.<br /><br />CD play works as expected; no problems thus far.<br /><br />This isn't high fidelity, but it also doesn't cost as much as a mid- or high-end receiver. Use it in the right surroundings, don't plan on setting the speakers too far away, and manage your expectations, and you'll be quite happy with it.	2013-04-27
US	13148212	R27O3OZ33CT6HG	B0067XVNTG	563475445	"Generic Car Dashboard Video Camera Vehicle Video Accident Recorder (2.0"" 1080P)"	Mobile_Electronics	4.0	10.0	12.0	N	Y	For Users who cant get the car charger to work properly!!	"I bought this camera and the mini usb car charger did not work as described. All it did was ask me for mass storage or pc mode. The problem is there is not enough power going through your cable and/or cigarette lighter. To fix this you need to buy a USB car charger with 10 watts of power. I Bought a \\""Monster\\"" USB \\""600\\"" 10 watts \\""power port\\"". I used the USB to mini USB cable that came with it (NOT THE CIGARETTE LIGHTER TO MINI USB) and plugged it into the cigarette lighter straight to my camera and it worked fine."	2013-02-27
US	50863380	R1OXBGS6NNGA1X	B005COZ6JO	311899274	GARMIN 010-11654-00 AUTOMOTIVE SUCTION CUP MOUNT	Mobile_Electronics	5.0	1.0	2.0	N	Y	Great mount!	This mount is really great! It is small and articulates very well without having the GPSr flopping down. The power cord attaches to the mount which is very convenient. The GPSr snaps in and out of the mount easily, but once the GPSr is in there, it isn't going anywhere. It also powers on as soon as power is supplied and the voice prompts are easily heard. If you have a Montana 600, 650, or 650T you really want this mount for your car!	2013-03-24
US	43949431	R370A3KPFEGMV6	B0077QLNC4	411564788	iArmbands Armband for Google Galaxy Nexus phone	Mobile_Electronics	4.0	1.0	1.0	N	Y	Nice armband	I bought this because I could not find a band to fit my Nexus......Not only is it big enough to fit it.....It will fit it while inside the Otterbox Defender case. I have two minor complaints....#1 it doesn't fit my bicep....I have to wear it on my forearm. My arms are large but not extremely large.  #2 There is not an easy way to use with headphones.....Luckily I use bluetooth headphones so it's not an issue but for some people it may be.	2012-06-02
US	39205760	RZ3VXZOPHN34V	B004FOEVFW	26452537	splash SIGNATURE Leather Cover fits the Amazon Kindle Keyboard (BLACK)	Mobile_Electronics	5.0	0.0	0.0	N	Y	A Good Buy	"My 6\\"" Kindle fits snuggly in the case and is rather comfortable to hold while I am reading. In addition, I like that the case is slim and fits nicely in my purse. It was a good purchase."	2011-07-27
US	36073396	R1U908JHND3GQ7	B001QFV9JO	37549747	Advanced Car Mount System for Apple iPod Video/Classic/NANO 4th Generation - 360 degrees rotating Neck, built-in cutting edge FM Transmitter & Charger	Mobile_Electronics	1.0	2.0	4.0	N	Y	In the trash	I purchased this FM transmitter after reading all of the great reviews.  It was nothing but trouble.  I would have sent it back, but I threw out the package.  BIG mistake.  The first time I went to connect it to my iPod, one of the plastic holders broke off.  Then the side holders would not fit close enough to hold the iPod securely in place.  When it was plugged in there was a hissing sound, even when I followed all of the troubleshooting ideas.  When I decided I could deal with all of that, it turns out that the holder kept rotating in the electrical outlet, and since the iPod wasn't held securely in place it flipped out and was scratched.  I finally decided that maybe if I could take off the holder and put it on backwards it wouldn't rotate anymore.  Well, that wasn't a good idea because as soon as I tried to do that I ripped the wire out of the FM transmitter.  It is now in the trash.	2009-06-08
US	42130659	R2L8DFDLNTS209	B0047IE2AA	497796189	Smoke Candy Skin Cover for Apple iPod nano (6th generation)	Mobile_Electronics	5.0	0.0	0.0	N	Y	Great!	This little cover for my ipod nano is perfect! It doesn't make my nano bulky at all. It leaves all the important parts easily accessible! (Including the ever-important clip!) The sides of it add a nice grip, and the rubber is hard in a good way.  Not the cheap silicone feel of other cases.	2013-04-10
US	50118605	R1HU301WUEQ2ZV	B002WRWU5W	986401297	Cbus Wireless Aqua Blue Silicone Case / Skin / Cover for Apple iPod Touch 2nd and 3rd Generation	Mobile_Electronics	5.0	0.0	0.0	N	Y	Smooth and cute!	I love the silicone texture and I have better peace of mind knowing I can cover-up previous scratches on my iPod Touch. When your device is worth $300, it's well worth the $4 or so getting a silicone cover. Soft and bouncy to the touch, plus its appearance is personalized!	2010-11-29
US	23523001	R3DHERND0RS7DA	B004H0UL9Y	925177356	Tunelink Auto Bluetooth Car Audio Interface for iPhone and iPod Touch	Mobile_Electronics	4.0	1.0	1.0	N	Y	Very Good System.	The only issue I have is BlueTooth changes to not connect alot while driving down the road.  Probably due to Radio interference with other vehicles.  But if you pull the connection and plug it back in the system resets and the music starts again.	2013-01-14
US	39331839	R1DI26691JOEWH	B00172WYWM	370234515	Tuneband for iPod nano 4th Generation, Armband Compatible with Nike+iPod System	Mobile_Electronics	5.0	0.0	0.0	N	Y	Armband fits perfectly and comfortably!	I purchased the ipod nano 3 tuneband with standard shipping. After reading the online reviews, I emailed Grandwood Technology the next day to ask them to send me a shorter armband instead. But they were so fast in sending out the original order (received it in 2 days!) that I didn't have enough time to change my armband! They responded to my emails within hours and I got my shorter armband another 2 days later. All I can say is that they have awesome customer service! And like everyone says, the armband fits perfectly and comfortably! I love it how I don't have to take the ipod out of the armband for charging or for syncing my nike+ipod data.	2010-12-17
US	8443838	R199CPSV8IJ2I9	B005ZGP9QE	88628189	"NEW SD-2 10D2 SUNDOWN AUDIO SLIM MOUNT 10"" DUAL 2-OHM SUBWOOFER SHALLOW SUB"	Mobile_Electronics	5.0	7.0	7.0	N	N	Dammmmnnnnnn!!!!!	This sub is by far the best spl sub ive ever owned. Was powering it with a 360 watt amp. Meh.. got a 1000jl watt going to it now... and cant believe what i woke up in this sub. Its in a sealed enclosure. Beastin!!!! Had a type r10 and this thing s***** all over it. JL. All over it. Soundstream. All over it... if your thinking of switching brands to a sundown. Do it now!!!!	2013-02-08
US	19442324	R2YNJUY0IBUQZJ	B0033041MW	632368359	Red Hard Cube Carrying Case for E-Book Barnes and Nobles Nook + eLight + Wall Charger+ Wristband	Mobile_Electronics	5.0	1.0	1.0	N	Y	Just as described!	I ordered the case because it came with a light and for the price, I felt it was a good bargain. The case is well made and the elastic holder cuts across the divide between the screen and the touch screen so it doesn't interfere with the reading or use. It is a little bulkier but it's alot better than being unprotected. I still take it out of the case occasionally but for the most part it stays safe in the case. Zipper works well and side pouch (inside the cover) can hold id, photos or something else that is flat. I wouldn't put anything odd shaped as it may push against the touch screen while it is still on and run the battery down. The light was a bonus but fell apart immediately after I received it. Managed to put it back together with electrical tape. Once I got it back together the light from the bulb is perfect and not intrusive to others.	2010-06-28
US	46179667	ROXZ82315W58R	B00530GZC4	267304233	N2A Cards (R) - Transform your Nook Color into a Kit-Kat 4.4.2 Android Tablet (new 2014 version) - (8 GB)	Mobile_Electronics	5.0	3.0	3.0	N	Y	n2a card does wonders for the Nookcolor	Top notch product & fantastic prompt customer service from the n2a team. Yes I know I could do it all myself and not pay for a product that is out there for the taking. The product is simple to use and turns the NC into a dual boot product, does NOT jeopordize the warranty. I installed it and have never gone back to the original NC product. The added apps included are the card were a plus. I wanted more than an eReader but didn't want to pay for the iPad, so am very happy with my new revved up NookColor thanks to the n2a card.	2011-09-10
US	18111270	RP0RZNJWCBNJ4	B005RVM37A	51893588	2 Buttons Key Case Shell for Toyota Rav4 Avalon Camry Corolla Echo Remote No Chips Inside CLBT/C/245/2002 DENSO1512V	Mobile_Electronics	5.0	0.0	0.0	N	Y	Great	Well this product is what I was searching for a long time, I got it on time and fits my expectations.	2012-01-28
US	20816036	R1N6RE2RA0WP3G	B002S4UZC4	613206996	Sandisk Sansa Fuze 8GB 4GB 2GB Pink Silicone Skin + Armband	Mobile_Electronics	5.0	0.0	0.0	N	Y	Keeps me motivated.	Going for a walk can be boring, but as my favorite form of exercise having this Sandisk Sansa Fuze with the silicone skin and armband takes the boring away.    I load audio books on this MP3 and away I go.  It is comfortable and easy to use.  I'm buying two more for my folks as a Christmas gift.	2011-11-17
US	39459329	RD6DW8HU039MM	B0051WTEOU	657331592	CaseCrown Brushed Granite Case for Garmin Nuvi 5 -Inch GPS Navigator-Black	Mobile_Electronics	5.0	1.0	1.0	N	Y	Fits the Zumo 350 lm perfectly	Provides protection for the Zumo 350lm at a fraction of the cost of a comparable Garmin case.<br />Has a ring sewn onto it to attach a lanyard or caribiner clip. I hang it off my belt when the GPS is in it.<br />Nice finish on the case.  I'm happy.	2012-07-19
US	45689670	R22OFPOJJ1WWP4	B009UOEVRU	275983659	Everydaysource? compatible with Apple? iPod touch? 5th Generation All-in-1 FM Transmitter w/ 3.5mm Audio Cable, Black	Mobile_Electronics	4.0	0.0	0.0	N	Y	GREAT for the price	Great for the price but the cords are a bit too short, easy fix. Works well and easy to use	2013-06-03
US	51003421	R1H8IW04TXWEWS	B0031C9TQU	106314790	Slash 4X4 VXL RTR with TQi 2.4GHz and 7-Cell Battery and Charger	Mobile_Electronics	5.0	11.0	12.0	N	N	Great Stadium/Racing Radio Control Truck!	I cannot find any negatives about this truck at all. Charge up the battery and you are ready to go. It is that simple. And it is quite fast for a single battery truck. I also have a Traxxas gas truck, an HPI gas truck, a CEN gas truck and a Traxxas E-Maxx. Two things I really like about this truck is that first it is waterproof and it is also Brushless. You can upgrade it to an 11.1v Lipo battery and then it will fly (well almost).     It comes with 1 Traxxas 8.4v NiMh 3000 mah battery pack, much better than what everyone else supplies with their RTR Electric Cars/Trucks. And I was able to buy 2 more battery packs for under $50!. My nephew bought one at the same time and we raced at a nearby R/C dirt track with huge double and triple jumps and tight banked turns. We went through 6 batteries running for more than a couple hours (with breaks). The Slash was a lot of fun, with great acceleration and handling. We ran them straight out of the box, no adjustments, no break-in, no assembly, just put in a battery and go! After all than running the only problem was some wear to the paint on the body above the tires. Probably caused by all the jumps, so if you are going to run on a similar track then you might want to tighten the suspension a little. But other than that there were no other problems and we hit each other a few times and flipped over quite a few times. A very rugged truck.     If you are getting tired of Gas RC Cars/Trucks, then the Slash 4x4 is for you. If you are just getting into RC Trucks and want an outstanding starter truck then the Slash 4x4 is for you. A lot of fun and very reliable with parts available everywhere.    Keep in mind though that on Traxxas products, there is essentially No Warranty. While Traxxas claims the electronics are warranteed for life, it will cost you to exchange the electronics. The power button stuck on the ESC and it cost me $55 to get it exchanged and the truck was only about 3 months old! If you have no problems then the Slash is the best stadium type truck but HPI Racing has a real warranty.	2011-04-05
US	40722607	R3GZCB39BOIXTT	B002ABX29I	699829707	Micca Slim Portable Digital Media Player with HDMI and 2.5-Inch HDD Bay - Plays MPEG1/2/4, DivX, Xvid, RMVB, AVI, MOV, MP3, MP4	Mobile_Electronics	5.0	1.0	2.0	N	Y	Compact and Reliable.	I been loading all kind of files into this thing and so far is working great.  It just won't play some clips with copyright permits.  There are not glitches while playing music, HD or composite and the USB connection has no problems.   An external hard drive that can play music and video clips directly into your TV set!.  Exactly what I needed.   Thank You.	2011-04-28
US	51808828	R27ZL5JP1Y4XIG	B003BF2H7U	930531784	Alpine CD Player MP3 CDW AAC WMA USB - CDA117	Mobile_Electronics	5.0	6.0	8.0	N	Y	24-Bit Burr Brown D/A converter---.thats the major difference between this and other HU, and it makes a WORLD OF IT	ONLY audiophile sound products have this converter, when you see this in a product regardless its a HT reciever, SACD, or a Head Unit in this case it translate in the best sound  an electronic device can produce, only the NAKAMICHI SQ HU, pioneers and clarion top of the line HU have this converter, thats it.....the fact that this unit offers this besides a ton of other capabilities is what makes this HU the best bang for your buck, no need to buy more cables  since all are provided by alpine, if you are serius about the tuning of your system the PXA-H100 -imprint is a must ---it makes this unit capable of 3 way crossover setup and virtually every tuning or adjustment posible, slopes, db, equalization you name it.    this unit its well worth its price, since pioneers equivalent its a $1000 and clarions its $ 900.....both of these HU major difference is that the chasis is copper and offer 4 way crossover capabilities....if thats worth the extra dough good for you, for me and i think the majority of people will take the deal that offers the most for your money, and in my opinion for $250 or $380 if you buy it with the PXA-H100 - imprint this is a heck of a good deal. you wont regret it.-	2010-11-11
US	41873985	R1VLSYSC979HHN	B003TZ8YRE	597744426	Spring Flowers Phone Protector Cover for Apple iPod Touch (2nd Generation), iPod Touch (3rd Generation)	Mobile_Electronics	4.0	0.0	0.0	N	Y	Pretty Good	It's surprisingly very good. I got it a bit later than expected but I'm still Happy. My only complaint is that it's very hard to take of so I have to use a coin or other stuff to get it off. But it's not such a big problem. Either way I'm happy.	2012-07-30
US	49448828	RP5QDXTAARU64	B009GB4CHQ	274851046	*BLING* iPod 4G Case with Black & White Sparkling Rhinestone Zebra Design /	Mobile_Electronics	5.0	2.0	2.0	N	Y	great	Quick delivery good  product! Would and will order again cases for the ipod and iphone. The bling is nice. Haven't used it yet as it is a Christmas present for my daughter. Looks nice and I am sure she will love it.	2012-12-19
US	12632360	R3BJ7YTV8KFCCC	B006LDB8G0	183900023	BESTEK 4 iphone FM transmitter car ipod car FM transmitter mp3 player wireless FM transmitter usb with remote control SD / MMC card slot + USB stick + Audio input jack, mp3 FM transmitter car kit for iphone 4,3gs&3g,ipod touch.Nano,Classic (radom color) F920-1	Mobile_Electronics	1.0	0.0	1.0	N	Y	Not good...... pour sound....	Few things about this device that are not good:  When I purchased this transmitter, I was exited about the big screen, but unfortunately, it is useless, because it does not display a lot of information, as a mater effect, it displays either the song number or frequency, but with the big digits :-)  The most important that the transmitter does not send a good quality signal to the radio and it makes the music sound horrible... it cheap, but sound quality is not good...	2012-02-23
US	20260069	R3GL4XUQFZWVR5	B0067XVNTG	563475445	"Generic Car Dashboard Video Camera Vehicle Video Accident Recorder (2.0"" 1080P)"	Mobile_Electronics	1.0	1.0	4.0	N	N	review	It doesn't work.In couple of ours card is full.I don't wonna insert card with very big memory.May be if i insert 100 gigs it would work.<br />  Best regards .<br />  Bill.	2013-03-12
US	12551892	R2GD5DCI5AR17K	B00920ESSE	854524154	Pioneer X-EM21 Micro HiFi CD/FM Stereo System with iPod-Dock USB-in Remote	Mobile_Electronics	5.0	2.0	2.0	N	Y	Finally listening to music again.	Years ago I had a huge cd collection. Then life happened and I ended up with only mp3s on my laptop. I like to listen to music when I'm doing other things and that doesn't really work very well with a computer - no remote for volume or track skipping. So I was excited to see that this low-cost system would play from a flash drive. I bought a bunch of 4g drives and put different mixes on them. When I get up in the morning I just pop in a drive and have music for hours. My only complaint is that I cannot control the order in which albums are played.<br />The sound quality on this little system is excellent. I am so pleased with my purchase.	2013-02-11
US	51011056	R1WA29XPHGWM7G	B002MWYUFU	47964699	Sony PRS-600BC Touch Edition E-Book Reader	Mobile_Electronics	4.0	51.0	51.0	N	N	Very functional, user friendly, I really like the touchscreen feature	I'm a first time buyer of e-readers.  I hope my comments are helpful for other potential buyers.    Why Sony PRS-600?    1. Support of the PDF and EPUB open and international standards.  Being in an IT oriented career, I have had enough headaches with proprietary formats to know to avoid them as much as possible.    2. I can buy books from multiple e-book stores.  Suppliers with proprietary formats limit your choice of retailers (usually just to one). I believe the issue of available titles will balance itself out in the near future as the e-book market expands.     3. I must clarify that the wireless download, though nice, was not a big issue for me. I usually research and plan my reading material in my computer and with the internet. Also, for the moment I `m not interested in the magazine and periodical subscription services.    What I like:  1. The touch screen:  It really facilitates and enhances your reading.  Lookup of words in the dictionary, references to footnotes, highlighting and writing notes are quite easy with the touch screen. (** Note: Yes, there is a glare, but I have always been able to effortlessly find an angle where this is non-issue.)    2. The dictionary: English is not my first language and I have found out this tool to be very useful, particularly with the classics which usually have non-frequently used or outdated words.    3. The free book libraries:  Yes, there are multiple sites with free books. I'm amazed at the quantity of free e-books available.  Most of them in PDF and EPUB format. No problem so far downloading and reading these e-books in the PRS-600.    4. The font sizes:  My eyes are not young. I really appreciate being able to increase the font size as needed.    What I don't like:  1. Sony PC software is not user friendly.  I'm using Calibre as a primary library management tool, and it's pretty cool. With Calibre this has become a non-issue.    What I would like to see:  2. Full support (books and dictionary) for e-books in Spanish.   3. A lot of competition so that the devices get better, cheaper and the number of titles expands dramatically.    Some additional comments:  1. The screen glare:  Again, I must stress that this is really a non-issue for me.  My suggestion to potential buyers is to compare and balance the flexibility you get with the touch screen vs. the glare and clarity.  After using the device I think it is a nice tradeoff.    In summary, I'm very satisfied with this device and look forward to the future developments in the e-reader market.  My final suggestion to potential buyers is to go and test the devices and buy what fits your needs and preferences.	2009-11-18
US	25065063	R2LBT0GNTL6V4M	B008HL7EPI	963171082	Alpatronix C3 Ultra-Portable Mini Capsule Speaker with Enhanced Bass & 3.5mm Audio Jack for Apple iPhone, iPad, iPod, Samsung Galaxy, Nexus, HTC, Blackberry, Nokia, Smartphones, MP3/MP4 Players, Tablet, PC, Laptop [SONPRE EDITION] - (Black)	Mobile_Electronics	5.0	1.0	1.0	N	Y	I like it. Works as it should but calm down with the over the top reviews.	"As an iPhone user that likes to use various apps like talk radio, Directv steaming, Netflix, eLearning and others while at home and with my kids, the built in Apple speakers just won't do at times. I needed something that can follow me to the shower, overpowering the sounds of running water, or when in the yard working on a small project. I keep finding its usefulness when playing with my kids. I can call up a stored song on my phone and let it play for them in any room they're in. They love it. 1 & 3 years old.<br /><br />This small portable speaker met these needs for me. Nice small footprint, neat design, rechargeable through USB and the mini-stereo plug is built in and stores away on the unit.<br /><br />I find this is more then loud enough for my uses (stated above) but unlike others here who seem think this is \\""audiophile\\"" quality that is ridiculous. It is what it simply is. A small portable tinny speaker with nice convenient portable features. For the convenience, durability, price and features it offers, 5 stars.<br /><br />If you expect anything other than loud tinny ok sounds from this you really need to rethink your expectations a bit. IMHO<br /><br />Fair, useful buy. 5 stars."	2013-04-02
US	8953879	R6ZC8V9O5DF6D	B007VHSOTY	586941024	Insten® 3 packs Anti-Glare Matt Tablet ebook Screen Covers LCD Guard Compatible With Barnes & Noble NOOK Simple Touch with GlowLight	Mobile_Electronics	1.0	0.0	0.0	N	N	Did not work well at all!	I purchased these for my children's tablets. They have a tab to put them on with. Once we used that and put them on with the tab the adhesive from the tab would not come off the cover therefor you couldn't see through it. They got trashed.	2013-03-11
US	32461717	R3OT16S7SL0GL4	B0010X3H6U	750305961	Dude-Bag - digital camera case cover in size: M / color: Blue / compatible with / compatible with (Canon Ixus / Powershot 96 / 750 / 800 / 850 / 900 / 950 / 960 / 980 / 950is / SD750is / SD800is / SD900 / Tx1 / 990 / E1 / A2100 / A2000 / A1110 / A1000 / A480 / A1100 / S90 / 980 is / SX210 / A3100 / A3000 / A495 / A490 / S95 / S100 / SX260HS / SX240HS / SX230HS / SX220HS / A4000IS / A1300 / A1200 /	Mobile_Electronics	3.0	0.0	0.0	N	Y	Snug fit for Canon SX260	Purchased this case for my new Canon SX260.  I emailed the company to ask how to order the case in red but when my order came it was blue--ok, so I now have a blue bag rather than red.  I can live with that.  After using the bag a few times, I was unhappy with the snug fit.  I needed a bag that would allow easier removal for quick shots.  The top of the bag narrows slightly which I don't really care for.  I will keep the bag because that is easier to do then mess around with returning it but am now in the market for a better fitting bag.	2012-05-06
US	48882299	R29R9CFQNDGENZ	B0052NZYXI	449766602	AYL (TM) Portable Mini Speaker System for PC / Phone / Tablet / Apple iPod Touch / iPhone 4 / iPad / MP3 Player (Black)	Mobile_Electronics	5.0	0.0	0.0	N	N	great product	very clear sound. easy to carry and compact. good quality equipment. It charges while you listen to music and also comes with a carry out discreat bag. [[ASIN:B0052NZYXI AYL (TM) Portable Mini Speaker System for PC / Phone / Tablet / Apple iPod Touch / iPhone 4 / iPad / MP3 Player (Black)]]	2011-10-26
US	51227683	R2K5257D83YF22	B004H668YA	918676795	New Trent NT120T USB chargeable 12000mAh Heavy Duty 2A/1A Dual USB Ports External Battery Pack for the Latest Apple iPhone 5, the new iPad, iPad2, iPhone 5/4S/4/3Gs/3G, iPod Touch all versions; Samsung Galaxy Note/Nexus/S3/S2/S; HTC Titan, Sensation, ONE S/V/X, EVO Thunderbolt, Desire; LG Optimus series; Blackberry Bold, Curve, Torch; Motorola Razr HD/MAXX & Bionic, Atrix/2; Nokia Lumia 700/800/90	Mobile_Electronics	5.0	1.0	1.0	N	Y	ew Trent iCruiser IMP1000 11000mAh External Battery Pack and Charger for iPad 2	"Purchased for use with iPad2, iPad and iPhone4.    Pros:    Very easy to use    Speedy charging, I haven't timed it yet against the Apple USB charger, but I believe it's much faster...    Came with storage bag, multiple plug in options (can also use with my Digital SLR and HD Video cameras, which is a plus)    Sleek design    Also works with Apple iPad cable (This is what I use with the iPad2)    Cons    A bit bulky, if the profile were more like .75\\"" or .5 thick, that would be better in terms of travelability (sliding it into a briefcase, etc.)    Charger plug also bulky - an ideal solution here would be a USB cable and charger port in the IMP that would work with the Apple plug (like the one that comes with the iPhone), then it would eliminate the need for an extra charger, something that could be plugged in and also allow syncing would be a good improvement"	2011-06-23
US	46793063	R1IFDHK8VYN4NN	B007SRZXWI	604931008	Brand New Alpine SXE-1750S 6.5” 2-Way 280 Watts Peak / 45 Watts RMS Component Car Audio Speakers with High Polymer Foam Edge and Long Fibre Natural Pulp Cone	Mobile_Electronics	5.0	0.0	1.0	N	Y	Perfect replacement speakers	I bought these to replace the aging speakers in my Subaru Legacy GT Limited.  These fit great, a lot better than I had expected. And needles to say they sound a lot better than the factory speakers.	2013-01-26
US	20018518	R33O7PVXBFS9IT	B0053N8ARO	635264565	Printmaster 18.1 Create Amazing Print & Scrapbook Projects Fabulous Font Effects	Mobile_Electronics	3.0	0.0	0.0	N	Y	Not what I expected	the old one I had was good enough to do what needed to do. Guess,I  should have opted for Print Shop.	2013-01-11
US	38575529	R29Q0QFN4NEINV	B0018MAA68	683192184	GPX UNDER CABINET	Mobile_Electronics	1.0	3.0	3.0	N	N	this radio stinks!  DO NOT BUY!	I bought this radio from a third party.  It was not their fault that I did not like the radio though.  All parts were included and the radio was still in it's plastic sleeve.  I took it out and turned it on before installing it to see how it played and it DIDN'T.  The radio stinks.  I could get no reception what-so-ever no matter how I moved the antenna that came with it.  The clock is very hard to see in any light condition.  The CD player was the only thing that worked with any reliability.  If I could have given it a Zero, I would have.  spend a little more and buy a better radio.	2009-11-20
US	46736321	R8R6DPKZUAGED	B003R7MBHS	478765305	Eco-nique natural Hemp Brown case cover for Barnes & Noble Nook - Book Style	Mobile_Electronics	5.0	17.0	17.0	N	Y	Hippyness aside, Great Nook Cover!	I got this cover cause 1) Looked cool, 2) Looked Functional.  The price ($37.99 abouts) is about the same as most other nook covers out there but the others didn't look nearly as good (especially for guys) and look bare bone functional.  I've had this cover for a few days hard reading and have been impressed. That said, let's get down to the nitty gritty.      QUALITY/DURABILITY:     Stitching: Very well done. I looked the whole thing over for loose threads and sloppy thread termination (you know where they stop stitching and cut off the excesss) and haven't found any of that. Someone did a good job.       Leather: It's a Poly Leather that from inspection seems to be well made. Doesn't feel or look like the nasty cheap stuff. Time will tell.      Hemp:  My first hemp product. Like a mix between Burlap, Canvas, and Tweed lol. Course abration like cement wouldn't be good for it but I wouldn't bat an eye about sliding this across wood table tops or floors on a daily basis. With that in mind, I think it's sturdy.      Metal snap:  Seems both peices are well secured on both sides.    FIT:     Device install/removal:  Easy, yet snug. Excellent fit. Someone did their maf homwerx.      Security(If I shake it, will it fall out):  You could play catch with it and it wouldn't budge. I've found myself mindlessly twirling it around (like I do to my other books) when I'm not paying attention. On top of the snug fit, it's got a half inch leather tab that velcros the top in. Good feature, executed well.    COMFORTABLE:    Feel in hand:  Surprisingly comfortable. I didn't like how the nook, by itself is so thin, but with the cover on it I find it to be just right.  One interesting aspect I wasn't expecting was the front and back cover are cushioned. There's a board on the inside to give the cover rigidity like a baseball cap but then it's got padding on top of that. Besides the added protection it strangely makes it pleasurable and comfortable to touch.      Feel of Hemp:  A soft fibrous texture like a tightly woven tweed (just got a girls opinion). The padded front and back make it even softer. Straight up though, it's just comfortable. I'd rather hold this on a hot day then something leather.      Feel of Folded Cover Read:  The coolest thing about this cover so far, besides the design on the cover, is that you can fold the front cover back and use the snap closure to keep it there.     PROTECTION:    Corner Drops: This is the only bummer I've found so far. If you were to drop this on it's upper right or lower right corner, with your nook inside, your nooks gonna feel the pain. The cover doesn't extend out much at all past the nooks corners. The top left and bottom left corners of the nook will feel a little pain but are afforded decent protection from the binding of the cover.  After thinking the problem through though I decided it'd it's not bad at all for something that fits my nook rather then engulf and bulk-ify it.      Flat Drops: Well and good. I don't see my nook getting hurt from a front or back hit.    EASE OF USE:     Headjack/USB/Speakers access: Good. All accessible With the cover closed.      Attachable Light: I'm using one and it fit just fine.    OVER ALL:    All in all, this cover is rock'n awesome. I feel that for the money spent on it I get the protection/coolness/usability that I wanted with a flare of unique.  I'm even more happy that I didn't spend the same amount for the ones I saw displayed at Barnes & Nobles that were hardly bare bone functional at the same or higher price.  On a side note, I feel like by purchasing this I helped fund an eco-terrorist group.     I do own this and use it everyday, if you have any questions about it that I didn't cover, comment, if Amazon will alert me on your post then I'll answer. Rock on!	2010-10-08
US	23938612	R16VJFHYPPCZ52	B001VT57KC	696304731	Alpine KCE-433iV USB Full Speed iPod and reg/iPhone Cable for CDE-102	Mobile_Electronics	5.0	0.0	0.0	N	Y	Alpine cord	This product works great and would definitely butymore of. I would definitely do business with this company again.  Very Happy.	2011-12-30
US	22003185	RLHU0KY9QKOPA	B001AH5KQQ	654392596	Pyrus Electronics 8GB MP3 Multi Media Player with Touch Screen and Digital Camera	Mobile_Electronics	5.0	1.0	1.0	N	N	Great price for great product	I have had this for over 4 month now. It is a great little player. I managed to put a couple of videos and hundreds of songs on it. It took me a while to figure all out. But once I did, it is really easy to do. Everything meets my expectation.	2010-07-03
US	25031574	R1PYTXKPX4N3AI	B009V8MPFK	449070809	HHI Rubber Quick Clip Case for iPod Nano 7th Generation - Black (Package include a HandHelditems Sketch Stylus Pen)	Mobile_Electronics	4.0	0.0	0.0	N	Y	Good	This item is just what it looks like. It is a great thing to have in your workouts. My only compliant would be the quality of the plastic. It works, but it look cheap. I guess that's what I get for a cheep item.	2012-12-25
US	26859831	R3U1SRK1WNENL0	B001NJ4436	210473668	"T9922-22 - MTX Audio 22"" 6000 Watt Jackhammer Subwoofer"	Mobile_Electronics	5.0	10.0	40.0	N	N	blown away	i was blown away literally... well not really but it is still the most amazing thing i have ever owned for my pimp van.    i think its worth the money well... to me at least it all depends on how you're going to use it.     stop dreaming just buy it already.	2011-04-07
US	40805677	R1R08WC569CWVX	B004AO19CU	384161206	EMERSON GQ100 CD+G/USB/MP3G KARAOKE PLAYER	Mobile_Electronics	2.0	2.0	2.0	N	Y	i dont likeit	it almost does what my old one does it skips it makes a groeling noise  i want buy it again this is my second karakoe mchine from emerson not again	2013-04-06
US	22725661	R247F9MVS9TJKY	B004WMMN8E	54874632	"Kenwood Ddx418 6.1"" Touchscreen Double Din Dvd/cd/mp3/wma/aac/wav Receiver with Bluetooth"	Mobile_Electronics	5.0	1.0	1.0	N	Y	Easy to use, very nice sound, great product	The graphics are not complicated, and make it easy to see what you're doing. The sound is very good, and I also bought a back-up camera and the GPS module for it and they worked extremely well. I'm very happy with this, and would recommend.	2012-04-29
US	37928338	R2HU3THY9UXOL4	B002MWYUFU	47964699	Sony PRS-600BC Touch Edition E-Book Reader	Mobile_Electronics	3.0	27.0	53.0	N	N	Brief review of Sony Touch Reader I(The Kindle's Slight Inferior)	I am a kindle owner and have been looking into the Sony Touch. My verdict is that the Sony is slightly inferior to the kindle. Though an interesting machine, its benefits are not as beneficial as one might think at first blush.     Quite simply, the Sony Touch can do just about everything that the Amazon kindle can do. One can highlight and annotate (with a stylus rather than a cursor). One can easily turn pages (with a thumb-flick rather than a button-press) and jump to sections of the book easily. And the Sony even has features the kindle does not have: one can draw on a blank 'page,' read .pdf files natively, zoom in on text by degrees, and download public domain google books...er...wait.     Here is where I interject by saying that many of these features really aren't as good as they first appear. Many people, for instance, are sold on the idea of being able to download any public domain google book. Allegedly, the kindle cannot do this...except for...it can! With help from some very free and easy-to-use software online (calibre), one can convert any downloaded google book into a file format that amazon recognizes. The conversion is easy, flawless, and gives the kindle user access to every google book that Sony owners can get.     Second, many people are sold on the touch screen. Imagine highlighting, annotating, and turning the page without having to use cumbersome buttons and cursors. But this sounds better than it is! The thumb-flick page-turning method, for instance, basically means that one must read with two hands (rather than reading with one on a kindle, where the page turn button is located where one's thumb can click it). And if you swipe your thumb too hard on the Sony screen, it thinks you want to highlight; too light, and it won't work. As for operating annotations with a stylus, this is no easier, harder, quicker, or slower than the kindle's cursor method.     The biggest drawback to the Sony Touch is the clumsy software and lack of selection. Every book available for the Sony (that I've checked) is available for the kindle at the same or lesser price. But by no means is the opposite true: every book available for the kindle is by no means available for the Sony. Long and short: the kindle simply has a better and more cost-effective selection of books. And in the week that I tried out my Sony Touch, the software malfunctioned three times.     I give the Sony Touch 3 stars because in many ways, it is the Kindle's equal. The screen is great, it is easy to use, its features are good, and its battery life is PHENOMENAL (one area where the Sony has the Kindle beat by far)! But the features that make the Sony seems like the favorite are, on closer examination, really not all that great. The kindle can, via conversion, access any public domain google book and the touchscreen is just as much trouble as it is an asset. And I have not noticed that the Sony handles .pdf files natively any better than the kindle does via conversion.     So, it is close to a toss-up but...it is the Kindle by a nose!	2009-10-06
US	41097152	R30M2PUJWV5PYZ	B007NXLNIA	252814641	Sony CFD-S05 AM/FM Radio Tape Cassette Recorder & CD Player Mega Bass Reflex Stereo Sound System	Mobile_Electronics	5.0	7.0	7.0	N	Y	Nice Unit	very nice unit. More thaan met my expectations and was exactly as advertized. Very good value. Like the station preset feature and sound quality was very good. All in all a very good buy.	2012-10-24
US	7526563	RXA17A6THE4NO	B006QF22HM	493478489	Excelvan FM Transmitter + Car Charger + Remote Control Compatible with iPhone 4S/4/3GS/3G iPOD	Mobile_Electronics	5.0	0.0	0.0	N	Y	Awesome	I am very please with this product. The price is great & I like it better than the itrip product & it works with my phone as well as iPod. Also love that there's charging capability & the remote!	2013-06-07
US	10696732	R3RBMPPGKX07ZU	B003UILLV6	891910378	Sony Walkman Portable All-in-one Skip-Free CD Player - Digital AM / FM Radio Tuner, Clip Style Earbud Headphones, 40 preset FM stations, Digital Mega Bass Sound, AVLS & CD-R/RW Playback, D-FJ041 White	Mobile_Electronics	4.0	0.0	0.0	N	Y	Battery compartment door.	This is a great product with one exception. The battery compartment door is difficult to reach because of main lid. This could have been easily engineered better.	2013-01-21
US	46068816	R36C4LMXUDNXMH	B005M5WVV4	180940544	Jensen JMV-12 12.1 LCD Overhead Roof mount Monitor built-in DVD Player	Mobile_Electronics	1.0	1.0	1.0	N	N	Horrible, Terrible, Awful! Don't waste your money.	Within 6 months of owning this DVD player, the buttons broke on the player. Then, the screen would go white for no reason at all and stay like that. Customer service was terrible. Never could reach a live person. Finally, I had to fill out a form online and send the player in to be repaired for $50. After one month of player being fixed, the buttons broke again, screen would go white, and now the player won't work at all. I've had this player for a total of 4 years and it's a piece of junk. I will never buy/deal with Jensen again.<br /><br />Save yourself the anguish and go with a different brand.	2011-11-29
US	23715876	R2QGVIKK7TYU7L	B0036VJWRC	960962839	"GTMax Premium Anti Glare LCD Screen Protector - Japan Material for Amazon Kindle 2 (Fits 6"" Display, Latest Generation Kindle)"	Mobile_Electronics	1.0	2.0	2.0	N	Y	Not up to standard.	Not a lot of bubbles which is good.  There is 1 sticker at the top and 1 at the bottom of the screen protector which I have to use it to peel off the mask - the lousy part is that the sticker leaves behind a sticky residue mark on the screen protector itself!  I will now have to find ways to remove that sticky portion on the top right hand corner of my screen protector, which I think is totally unnecessary as this item is slightly high priced.  I will suggest going to any stores to purchase those cheaper ones which may not have such problem.	2010-05-16
US	23280371	RSTCZSMZAF3RQ	B0023V6UX0	698842206	DLO 009-5543 Auto Car Charger fits Apple iPhone 4Gb & 8Gb, iPhone 3G 8Gb / 16Gb, iPhone 3G S 16Gb / 32Gb	Mobile_Electronics	1.0	0.0	0.0	N	N	Doesn't Work with iPhone 3G S	"I used the DLO Auto Charer 009-5543-b for about two months. I have a 32gig 3G S iphone.     Then, one day I started geting the \\""this device is not compatible with iphone.   Please put the iphone into Airplane mode\\"".     In Airplane mode it does charge a iphone g3s, but you can't listen to your iphone or make any calls.     A friend of mine who has a 16gig iphone 3G says the charge works with his iphone.   So     don't buy this charger for a iphone 3G S phone."	2009-12-08
US	27697309	RT7A78NXL6RO6	B002W8NNIY	293914158	"M-Edge Page Synthetic Leather Kindle DX Sleeve (Fits 9.7"" Display, Latest Generation Kindle DX), Smooth Black"	Mobile_Electronics	5.0	1.0	1.0	N	Y	Kindle Sleeve	The M-Edge Kindle Sleeve is elegant and very practical. I use it constantly and recommend it-Mak	2010-09-25
US	42901371	R1ENKNZC41K9GZ	B008IBAFH6	782577894	OtterBox Defender Series f/iPod Touch 4th Generation - Boom	Mobile_Electronics	5.0	1.0	1.0	N	Y	protect the ipod from impacts	excelent for protect the ipod for childrens, I bough this for my girl's ipod, I need that stay protect from impacts.	2012-12-09
US	31642873	R2B1RJSLAJOUNA	B00BJ6V4M2	28483991	Cambridge SoundWorks Ambiance 2 BT Wifi Music System with Internet Radio Bluetooth	Mobile_Electronics	5.0	2.0	2.0	N	N	Amazing product. For the money, the best sounding music I have heard	I just set-up my Cambridge SoundWorks Ambiance 2 Touch table top radio. It has a an automated set-up program. The radio was all set-up and connected to the Internet in under 3 min.<br />I now can listen to any Internet radio station on earth, plus Pandora, which is bult in.<br /><br />The sound is fantastic. It has a sound enhancement feature that puts back the vibrance and depth<br />of the music that is lost when music is digitized. It can connect wirelessly to any audio source, like iPhone or iPad, that has bluetooth.<br /><br />I also connected it to my flat panel TV, which is on the wall above the radio, and use the Ambiance 2 radio as a sound bar.<br />The voices sound clearer, and the bass is better, than my $400 Yamaha sound bar (and that's all it does) that is connected to my main TV.<br /><br />I own a high end audio system, and know what great sounding music is like. I have to say that the fidelity and dynamics of the music that comes out of this little radio is mind blowing.<br />Especially when you consider how little this radio costs.<br /><br />I haven't used the alarm clock function, but it looks like it is easy to set (two separate alarm times can be set).<br /><br />This product would make a great gift. Give one to yourself.	2013-05-26
US	18267558	R3ELV9Q5VWATLC	B003MPTRS6	538773170	DIVOOM iTour POP Black Universal Speaker for iPod, iPhone, iPad, Tablet, Phone, PSP, DS & More	Mobile_Electronics	1.0	1.0	2.0	N	Y	DOESN'T WORK AT ALL	I didn't get to open this in time (my father got ill and then passed away) so it sat in it's unopened box for about three months, when I did open it the dumb thing won't work at all. Now it's too late to exchange it for one that does work, I guess, because no one will contact me back. DON'T BUY THIS ITEM!	2013-06-23
US	51401267	R3AZD4P3EXS0N2	B005C84H54	844523862	Cosmos ® Black Cable 3 Ft USB Charge and Sync Data Cable + Dock Connector Extender Extension Cable for Ipod Touch Iphone 4 4s 3 3Gs + Cosmos Cable Tie	Mobile_Electronics	1.0	0.0	0.0	N	Y	AUDI AMI	Does not work with Audi AMI - I can get phone to charge but no data.  If need is for extending power charging capability only I would recommend - but would be hesitant to buy for any use of data transfer.	2011-12-20
US	9561866	R3ICU1HO3Z1SZT	B00AKUK6IQ	737126136	SA-1800 800W USB SD FM Car Stereo Audio Amplifier	Mobile_Electronics	5.0	0.0	0.0	N	Y	Cool	Hi,i have bought several off these diffrent mini amplifier,lepai and some other brands,lepai is ok.this was the only one that could take 10 amp power adapter to drive 4 speakers.i hooked it up on arrival with a 2 amp adapter and used to infinity car speakers,freaking wauw,plays veryvery clean an good and very loud,i then tried to hook 2 more on the amp,but due to the low power adapter on 2 amp it wouldn drive  them up.i still havent found a 10 amp power adapter,but im veryvery sure that this will drive my 4 speakers infinity.they use 2 ohm and it doesnt seem that the mini amp dont like it.good connectors,good potentiometers,all in all i would say the best mini amp you can get.4 channels on 10 amp,only this have that.the color is the most ugly off them all,but i changed that by cutting a brass plate to match over it.	2013-05-04
US	52454353	RT5XHZ18KSQRI	B003JTRQP6	911677596	Forerunner 110 by Garmin	Mobile_Electronics	5.0	3.0	3.0	N	Y	Better than expected!	This item was better than expected!  I research the heck out of products before I buy and finally settled on this item.  I chose this because I did not want/need the heart rate monitor, which can be purchased separately for around $40 so I didn't see the value of it.  After wearing it on runs from 3-10 miles, this thing works flawlessly!  I run under lots of tree cover and it has no problem finding satellites or maintaining connection. Keeps pace in real time; not sure what other reviewers mean when they say it doesn't show pace; perhaps they haven't set it up correctly? I have not downloaded info to the Garmin online site yet so I cannot comment on that, though if it works as easily as the watch itself does, should be fine.  Easy to use, easy to set up, battery life is strong, accurate, comfortable, etc, etc.  If you are looking for a simple, reliable, GPS watch, buy the 110.  I'm glad I did.	2010-08-17
US	21579350	R1D276TAZIMX7M	B0067XVNTG	563475445	"Generic Car Dashboard Video Camera Vehicle Video Accident Recorder (2.0"" 1080P)"	Mobile_Electronics	2.0	0.0	0.0	N	Y	I wish I could of found a better quality product...	There were not many options when I searched for dash cams. All I found was this cheap Car Cam that was sold by different company's for about $20-$60. Low price to me means a lower quality product and the only other choice was a two way dash cam for about $80 which meant they put two even cheaper cameras together in one. Anyways... this camera did not come with an SD card... the night vision light, which is just two really bright LED's, will spontaneously come on at any time of the day and does nothing for recording at night... the mounting bracket is very lose and is sensitive to shakes and vibration... it records in 3 minute loops and some videos will play and some won't and there are delays between files. The only reason I didn't give it one star is because it looks kind of cool mounted to my windshield. Bottom line- Don't buy it, find a better product.	2013-05-18
US	46803926	R2I2KHBBI1GVVR	B004ZF3R6K	834022007	DLO PowerPack Wall and Car Charger for iPods and iPhones (Bulk packaging)	Mobile_Electronics	5.0	0.0	0.0	N	Y	Good value for money	Very happy with this product. I bought it primarily for my car, use it almost on a daily basis. The dual feature (wall as well as car charger) makes it indispensable.	2011-11-12
US	15815707	R2OHSFLF8CILSL	B0040HEFQY	89621149	Apple iPod touch 8 GB (4th Generation - Newest Model) - REFURBISHED + 6 Pc iESSENTIALS KIT	Mobile_Electronics	3.0	2.0	5.0	N	Y	eh	i dont think i got the right ipod i think mine might be a 2nd gen cause i doownloaded the rhapsody app and it said i can play with my other apps whie listening to music but it only works for the 3 gen or 4 and i cant listen outside the rhapsody app but even if its not 3G i still liked the price and condition just wish i did get a 3G	2010-10-16
US	38324163	R3BW5D7JSWGDX1	B003U0G2P4	54300791	4gb Mp3 / Mp4 Player with 1.8 Inch Color Screen	Mobile_Electronics	5.0	0.0	0.0	N	Y	My mp3 players	I love these mp3 players! Sound is outstanding! My daughter has an ipod, and loves my mp3 player more! Delivery was fast. Will recommend to anyone!	2010-09-13
US	23078793	R2IFJ6D4QOJ8YU	B003E4RNRC	634554260	Leather Black Case w/ Lanyard & Kick Stand Compatible With Apple® iPod touch® 2nd / 3rd Gen	Mobile_Electronics	4.0	0.0	0.0	N	Y	Great case for the price	Great case - not real leather, I'm pretty sure, but the lanyard is nice and long, the case closes nicely, the back clip works well, and it gives great protection to your ipod.  I only take off one star since it's hard to type with the case on (it doesn't cover the screen but comes right up to the edge).  Otherwise, you can't beat it for the price.	2010-05-28
US	50368503	R25ES1HFB3924A	B00208PJ0Q	503512332	Kindle 2: Amazon's Wireless Reading Device Stylish Crossbody/Messenger Bag with Multi Pockets	Mobile_Electronics	4.0	0.0	0.0	N	Y	Nice Kindle 2 bag, but no padding	I'm very happy with the overall design of this bag. My Kindle fits well within the main compartment and my charger and book light can be stored within the outer pockets. However, because this bag is advertised as a Kindle bag, I was expecting some protective padding within the main compartment where the Kindle is stored. There's no padding of any kind. While I was disappointed by this, it was easy to add my own. So I'm still satisfied with this purchase.	2010-02-13
US	44448535	R39FAK98FAFDA8	B000P80S9K	47553825	6 in 1 Car Kit for Ipod (Black) Car Charger / Fm Transmitter / Holder Full Range Frequency / USB port / Remote Control for iPod, Touch 1G/2G	Mobile_Electronics	4.0	2.0	2.0	N	Y	pleased, a good purchase	Product shipped quickly, easy set up and quality sound.  Very little static if any at all.  Overall pleased with my purchase.  Price was reasonable!	2009-10-08
US	15430134	R2S8BF9SR8TNFI	B002FA3R08	120061985	15-Item Accessory Bundle for Apple iPod Touch 2G and 3G	Mobile_Electronics	3.0	0.0	0.0	N	Y	You get what you pay for!	The charger that came with this package takes almost a full day to charge my iPod touch 2G (from dead battery) AND it gives off a very high frequency sound (like an old tv, not everyone can hear it, but I can and it drives me crazy). Having said that, I shouldn't have expected top quality products in a package of 15 accessories. For the price, this is a great deal and I would recommend it to anyone who doesn't use their iPod every day. The cases are great, headphones are just ok... Overall I'm pretty happy with my purchase though.	2011-06-13
US	27605344	R35PKFUIDXGEOB	B006PK6HY2	664809821	EMPIRE Barnes and Noble Nook Color Pink Plaid Stealth Rubberized Design Hard Case Cover [EMPIRE Packaging]	Mobile_Electronics	5.0	0.0	0.0	N	Y	So Nice!	I love this cover. It is actually hard plastic with what feels like a silicone coating. It is sturdy, soft and fits perfectly. I have a pre-schooler who thinks it is her Nook not mine and she has not put a scratch on it, nor has she taken it off like she has the skins I used before. I love it!	2013-01-29
US	36901505	R7DF9D5ZI3VNV	B001Q5DQOU	340841840	Sirius Radio Dot Micro Car Antenna	Mobile_Electronics	5.0	0.0	0.0	N	Y	Always great products from this seller	I've bought from TSS in the past and have never had any issues.  The antenna is easy to install inside the car.  The only thing is, I have to position the wire where it's not touch my back windshield, otherwise when my rear defrost is on, the satellite signal is all messed up!	2013-02-28
US	16602719	RWJEGR1Z3V02U	B005SZA4US	71624801	Universal Hidden AM FM Car Radio Windshield Antenna	Mobile_Electronics	5.0	1.0	1.0	N	Y	Radio Winshield Antenna Works	If your car does not have an antenna or for some reason does not work, this is the way to go. It works for my car and get good reception	2013-03-07
US	13598280	R9RJVECL9PQ8X	B002D4IHYM	698394784	New Trent Easypak 7000mAh Portable Triple USB Port External Battery Charger/Power Pack for Smartphones, Tablets and more (w/built-in USB cable)	Mobile_Electronics	4.0	0.0	0.0	N	Y	Very useful product.	There were no usage instructions provided along with the product. Its left to the user to figure it out for himself. Didn't like this. Regarding the Battery Pack itself, I find it very useful for the times when my Android phone runs out of battery juice and there is no charging point available.	2013-03-18
US	31334588	R2I40X9JZZYG5X	B001TMU1LQ	620923072	Whistler XTR-475 Laser Radar Detector	Mobile_Electronics	5.0	0.0	0.0	N	Y	Great detector for the price	I left for an extended trip across country and this detector has done the job for me - no tickets and alerted me for smokey everytime. Highly recommend for anyone.	2011-09-10
US	10367730	R13BU2R2BGR8PR	B004Z4MDGG	639050774	Griffin Dual USB Car Charger PowerJolt	Mobile_Electronics	2.0	1.0	1.0	N	Y	Crapped out...	The good: Fit and finish - it looks good.  Size - it's compact.<br /><br />The Bad: It only works for a couple months.<br /><br />Save your money.	2013-01-07
US	16812034	R2CG2AP7VTYXX1	B00A6TWMDS	558219421	E LV Full Protection Armor Defender Series Case shell with belt clip holster for iPod Touch 5 5th Generation (White/Black, Ipod Touch 5)	Mobile_Electronics	4.0	0.0	0.0	N	Y	good case, bad screen cover	I like the case and it seems like it will do a good job on protecting my ipod, but the screen cover came all wrinkled and scrunched looking and it kind of makes my screen less sensitive to my touch. So overall, I love the case, but the screen protector part could use some work. I'm most likely just going to cut that part out.	2013-03-11
US	14636222	R3123H8MRJJ3QS	B003WR7BVE	819197114	GSI Super Quality In-Car Wireless Hands-Free FM Modulator-Transmitter for MP3/MP4/iPod/iPhone/CD/DVD Players - SD/Memory Card/Flash Slot - Line-In Function - LCD Display - Cigarette Lighter Plug - Includes Remote Control - Blue	Mobile_Electronics	4.0	2.0	2.0	N	Y	Good Quality / Good Price	I was surprised at the quality of this item.  The sound is excellent for going through the airwaves.  The only complaint is the battery life on the remote. I use a piece of paper inserted between the battery and a contact and pull out when I am going to use it, then reinstall it when I am done.  Otherwise the battery will last about a week just sitting.	2012-01-17
US	24687561	R1JNC64016BHH1	B0033CRDMK	365191444	Ram Mount Plastic Yoke Clamp Mount for Garmin Approach G5	Mobile_Electronics	5.0	0.0	0.0	N	Y	Great Product!	I oredred this to mount my Oregon GOS to my 2011 Polaris Ranger Crew.  The thing is pretty ugly but I tell you this is a great mount.  It works really well, and keeps my GPS safe.  I highyly recommned this mount and all of RAMs products.	2011-04-28
US	16275064	R2ZDWRXI38DZQX	B000GE26S4	485937226	Uniden Replacement GMR1088-2CK 2-Way Radio battery	Mobile_Electronics	5.0	0.0	0.0	N	Y	Battery	Fast Shipment.  Batteries were new, charged well, and work perfectly in my two way radios.  Now my sons can enjoy use of the two way radios for hours instead of minutes.  Shipment was fast, communication was great.  Thanks!	2011-02-15
US	42907494	RCJUU84YSHC7V	B002LTQFUM	474157700	DBTech 175 Watt Portable Micro Power Inverter With USB Port - 12v AC to 110v DC Car Plug Converter For Your Ipod, iPad, iPhone, Tablet, PSP, DVD Players Laptops Netbooks And cellphones	Mobile_Electronics	4.0	0.0	0.0	N	Y	works but tight fit	This works fine but for some reason it was a tight fit to put it into my cigarette lighter.  I keep it in all the time now.	2013-05-09
US	16635561	R2G59HP12FS8BJ	B004DXZ5WI	290021231	GN047+BKT200: i.Trek Removable Swivel Air Vent Mount and Bracket for Garmin Nuvi 200 Series (Fits 200, 200W, 250, 250W, 260, 260W, 270, 205, 205W, 255, 255W, 265T, 265WT, 275T)	Mobile_Electronics	1.0	0.0	0.0	N	Y	Re-reviewed product after a few weeks of use.	I initially gave this product a high review but after just a few weeks this has turned out to be a poor product. The clips that fit over the vents do not have a spring clip (like a clothes pin would have) and as a result the plastic clips quickly expand and won't hold the GPS in. Mine is constantly falling out of the vents and crashing on my center console.<br /><br />I'm going to get one of the friction mount units that sit on the dashboard.	2013-05-30
US	13022745	R31GW6XF74XR22	B0067XVNTG	563475445	"Generic Car Dashboard Video Camera Vehicle Video Accident Recorder (2.0"" 1080P)"	Mobile_Electronics	1.0	1.0	2.0	N	Y	Junk	This camera is junk it worked for about a week then it starts flashing something in chinese and goes off.  The manual is all in Chinese,therefore there is no way to determine what could be wrong.  I am not sure if it is even set up correctly because we can not read the instructions.  I am sure someone other than Chinese make this a camera and maybe Amazon should check that out.	2013-02-16
US	24103886	R2DYFMZXX9ZJXH	B004CTJ6FA	576211097	BLACK for Sinjimoru iPhone 4 3GS Charger Dock Holder	Mobile_Electronics	4.0	0.0	0.0	N	N	Newest Version has a Data Cable included.	"Every since Sinjimoru introduce this gorgeous stand I've been in love with the asthetics and functionality.  It's true that the biggest drawback has been the lack of an included data cable that would have made it a true docking station.    Good News! Sinjimoru just introduced a new version that includes the data cable.  You can find it by searching Amazon \\""Sinjimoru SJ-04\\"" [[ASIN:B004VXT3I2 Sinjimoru Sync and Charge Dock Stand **With DATA CABLE** for iPhone 4, 3G, 3GS, and iPod (BLACK+CABLE: SJ-04)]]    Now it's perfect!"	2011-04-28
US	39812171	R17MIOEZKSHSLD	B005YRKE82	552589273	XM Radio 5 Volt Car Power Charger Adapter Cord XM Radio Belkin	Mobile_Electronics	5.0	1.0	1.0	N	Y	Works great	My XM radio auto adapter broke and I found this company on Amazon and took a chance.  It was well worth it.  it was an exact match.	2013-01-05
US	46781818	RKNT72CVF84KE	B005B1OU7W	800202625	Red & Black Hybrid 2 in 1 Gel Rubber Skin Cover and Molded Premium Hard Plastic Case for Apple iPod Touch 4G 4th Generation	Mobile_Electronics	5.0	4.0	4.0	N	Y	I like it.	this is a very good case for the ipod touch. It is the closest thing you can get to an otter box without having to pay a ridiculous amount of money. I like it.	2012-05-19
US	18739730	RV4KM7SGM0TL2	B009D8ZCYO	906572526	i-Blason Dalmation Series Polka Dot Design Slim Fit Hard Shell Case for Apple New iPod Touch 5G 5 5th Generation iTouch 5G Retail Packaging (Multi-Color Available)	Mobile_Electronics	5.0	0.0	0.0	N	Y	Fits nicely	The case is a plastic slim case and it does fit the ipod perfectly , though covering the wifi antenna at the back . It doesnt add a lot of noticeable thickness to the ipod and the ipod with the case is still quite thin .<br /><br />Great case .	2012-12-08
US	33925159	R1N81PB4PIDK5C	B003JTRQP6	911677596	Forerunner 110 by Garmin	Mobile_Electronics	1.0	17.0	25.0	N	N	The Forerunner 110 does not perform as advertised	I purchased the Forerunner 110 with the intention of obtaining consistently accurate (or near accurate) readings of the mileage I completed while working out in the city, on a quarter of a mile track as well as in the mountains where I hike. I know my workout pace and the precise distances of the paths I workout on. Although Garmin's website advertises this model to provide accurate readings of mileage completed near tall buildings and under the cover of trees, based on my experiences and a friends, it doesn't, and the readings are off at times up to twenty percent! In fact,I have contacted Garmin regarding this problem on several occasions and although they had me download an updated program for this GPS watch it did not help whatsoever. I even exchanged this model due to the possibility that it was damaged and obtained a new one, but the same issue was immediately apparent; it failed to calibrate accurate mileage completed by a significant amount, at least twenty percent on the measured quarter of a mile track,in the city near tall buildings as well as on mountain hikes under the cover of trees. I returned this second watch and got my money back.    It should also be noted that when encountering any problems with Garmin watches the wait time to speak with a technician is inordinate,at times up to thirty minutes, which is grossly unacceptable.     Based on my experience as well as that of a friend,I would not recommend this product because it does not provide the level of accuracy it is advertised to provide.	2010-08-05
US	40058649	R1R144SE0P2LU8	B00AW1VGNM	397382092	Designed by Gadget Town - (Color: PINK ) Cute Pig Princess Silicone Back Case For Apple iPod Touch 5th Generation ( Bonus - Gadget Town Cable Tie )	Mobile_Electronics	5.0	0.0	0.0	N	Y	Good value, good service	This case is so cute! It fits my iPod 5 wonderfully, and is nice to the touch. The quality of the product was less than perfect, but overall I am happy with the product, and it is a good value. I actually ordered it on accident, so I contacted the seller to return it. They responded promptly, and were very helpful. The item came in the mail a day or two early, and when I opened it, I just couldn't return it! It was too cute! I definitely recommend this case and seller :)	2013-04-22
US	14675902	R18W0OYCMPYPY3	B00BUFBQWU	904426906	iPod Touch 5 case,ULAK&reg; Hybrid Pink Hard Aztec Tribal Pattern + Blue Silicon Case Cover For Apple iPod Touch (Generation 5) +Screen Protector +Stylus	Mobile_Electronics	4.0	9.0	10.0	N	Y	Really nice case!	After my daughter's iPod 4 got broken by the neighbors when she had no screen on it, we wanted to get a protective case. We thought about OtterBoxes but she claimed they were ugly. We came across this one and she said how she loved the colors and we liked the extras and the sale price it had so we bought it! She put it on her new iPod 5 as soon as it came and has loved it and doesn't want to take it off! The only problem is that a tiny little part broke on the side on the front but it's because she wasn't paying attention when she was taking it off. Other than that it's great, and highly recommended!	2013-06-17
US	49787511	R1IKTNZ3PFQQU5	B00871XEUW	667630230	Pink Glitter Diamond Leather Flip Open Case Cover for iPod Touch 4, 4G (4th Generation) 8gb, 16gb, 32gb, 64gb - With The Friendly Swede Packaging	Mobile_Electronics	5.0	1.0	1.0	N	Y	Very elegant	This is a very elegant and beautiful case, I love it.  Keep your devices very clean and safe in your purse..	2013-03-19
US	19211583	RXYVAXJA2X34I	B0030LSFPS	64387683	Premium Rapid Rapid Automobile Car Charger FM Radio Adapter Transmitter For Apple iPod / iPhone / iTouch / Nano	Mobile_Electronics	5.0	8.0	9.0	N	Y	Excellent product	I brought this fm transmitter for my iPhone so I can play it in my car instead of using CDs and I just love it the sound is clear and the best thing about it is it charges my iPhone while I listen to my music excellent product	2011-12-20
US	15845204	R123QJ6YWJQEEE	B0029S40Z2	178838866	RED TEXTURE Silicone Case Skin Protector Cover for Apple iPod Touch 2 2G 2nd Generation 8GB 16GB 32GB, LCD Screen Protector (Many Colors Available)	Mobile_Electronics	3.0	0.0	0.0	N	Y	Positives and negatives	Well I must say overall I am happy about this product because it does it's job.<br /><br />Postives: It fits perfectly on my ipod. It feels durable and tough<br /><br />Negatives: The color is not exactly red but more like red/orange. There look to be still some silicone stubble surrounding the case. Maybe becuase they forgot to clean up their product when they cut this silicone into this shape.<br /><br />I still prefer my old Belkin Clear Silicone case.	2012-07-30
US	15835573	R1P3BA6XS213MC	B008YBNG4Y	136612780	Pandamimi For Asus Google Nexus 7 Tablet Accessories - White -Black Polka Dot Pattern Smart Cover Auto Sleep PU Leather Case, Screen Protector, Cleaning Cloth, Headphone & head Caps, USB Cable, Car Charger, Touch Stylus, Earphone splitter cable (1 in 2 out), Fishbone Shape Earphone Cord Winder Newest 10 in 1	Mobile_Electronics	5.0	0.0	0.0	N	Y	Nice	Love it! Great price for what you pay for! Quality is decent but again you get what you pay for.	2013-03-21
US	13404799	R1UEFJB7C8JMVX	B003AUZNHM	382378584	Zebra Print Decorative Skin Decal Sticker for Apple iPod Touch 1G (1st Gen) MP3 Player	Mobile_Electronics	5.0	0.0	0.0	N	Y	For the Ipod Generation 1	It is so hard to find any accessory for the G1. I was glad to find this decal for the G1 that I gave to my mom. It is easy to apply, and looks exactly like it does in the picture.	2011-11-07
US	34096797	R1KJOUTVLC58AX	B004LYMXFG	32236917	Plan-B High-End Portable Bluetooth LCD Car Kit With FM Transmitter And SD Card Reader MP3 Player - Mounts On Steering Wheel - For iPhone 4, 3Gs & 3G, iPod Touch 4G, BlackBerry, HTC HD 2, 7, EVO, DROID, Samsung Epic, Galaxy S Etc.	Mobile_Electronics	2.0	0.0	0.0	N	Y	Free is too much	Like other reviewers have stated, the sound quality on this transmitter is very poor.  My callers couldn't hear me and I found it difficult to hear them  even with my car's radio volume turned all the way up.  The placement on the steering wheel seemed like a good idea at the time of purchase but after using it in the car, having it on the wheel is just awkward.  It's in the way.  I also found out that it won't connect to my iPhone automatically when I get in the car.  Very annoying.	2013-01-05
US	13311296	R15E3FXCZD159I	B00362L8WI	340264229	CaseCrown Metallic Glider Case (Silver) for Apple iPod Touch 2G / 3G	Mobile_Electronics	5.0	0.0	0.0	N	Y	A Fantastic Case!	I really like this case, it looks great, fits well, and protects my ipod well. The inside has felt type material and the case fits very snugly so that it won't get dirt stuck between the ipod and the case and thus scratch it up. I love the purple color. It has a velvety feel to it which is nice too. Can't beat getting it for 22 cents either!	2010-10-20
US	17761111	R3JCCDUFVBNTSC	B003SH571E	816208213	BlueAnt S4 Bluetooth Car Speakerphone Kit [USEN-BAW-S4]	Mobile_Electronics	1.0	7.0	10.0	N	Y	Worst bluetooth device EVER! Don't buy if you're looking for hands free in the car.	"This is the worst bluetooth device I've ever tried to work with. Pairing the device is easy enough, and it looks great; the design itself is actually quite slick. The functionality of this \\""true handsfree\\"" device is anything but.     You say \\""Blueant, speak to me\\"" and that turns it on, ready for a voice prompt. You'd think at that point you could add someone's name and their phone number to the memory of this device (I don't think it actually has any memory at all) so that you can then say \\""call Chuck\\"" or even \\""dial 650-255-5939\\"". Nope. Not even close. You can do nothing even close to that.      What it does allow you to do is use your phone's voice recognition functionality to make voice activated calls. So basically, this just allows you to use your phone's speakerphone function over the bluetooth function. Useless. Why on earth would you buy a second device in order to use your phone's speakerphone? It doesn't make any sense.     If you only need to receive calls in your car and never need to dial anyone else, or you only want your text messages read out loud to you when they arrive, then this device might be ok for you. But please make sure that you never need to dial someone else, because this device will be totally useless to you.     For something that was almost $100, claims to be specifically designed for use in the car, and claims to be true handfree and voice controlled, I can not even begin to describe how disappointed I am.     After 4 days of trying to use this with an iPhone 3GS and an Android Nexsus S I'll be returning it and choosing another option.     TL;DR - don't waste your money, this thing is a piece of junk that doesn't function as described."	2011-03-08
US	12263544	R2NB99CUUI742S	B0050MW0Z6	876834101	LCD Display and Touch Digitizer Screen Assembly for ipod touch 4th Generation	Mobile_Electronics	5.0	0.0	0.0	N	Y	Replacement Screen	Works like a charm.  This has the digitizer and all you do is replace the screen and its like a new phone.	2013-06-21
US	46804627	R3FEB4BUTCLJOP	B007OXLK82	64608314	GOgroove SMARTmini BT ADVANCED Wireless In-Car Bluetooth FM Transmitter with Charging, Music Control and Hands-Free Calling for ANDROID, iPhone, Blackberry and Windows Smartphones	Mobile_Electronics	4.0	0.0	0.0	N	Y	Well worth it!	This is a great little device.  Smaller than I anticipated, very unobtrusive.  Sound volume is more than adequate.  Quality is good, not excellent, but probably about as good as it gets through an FM transmitter.  No problem holding a signal.  Very easy interface, simple yet complete.  I like being able to pause the music to make and receive phone calls.  All in all, I'm very pleased with this purchase.	2013-02-27
US	23038456	R29MB9Y4WHQNRW	B00AN5QD30	882822437	C.Skins 6-Pack Premium Clear Screen Protector for Samsung Galaxy Player 5.0 Invisible LCD Guard Cover	Mobile_Electronics	5.0	0.0	0.0	N	Y	Samsung Galaxy 5 Screen Protector	I have looked in many stores to find screen protectors for my Galaxy 5inch player with no luck in finding them.  I did find some protectors but they had to be cut to size and were very costly.<br /><br />The screen protectors that I received from Amazon fit perfectly and the cost was under $3.00.  The protectors were easy to install.<br /><br />I would recommend them.	2013-01-28
US	32607220	R2DPX91I516AC6	B000MRUUQU	582611027	"Kicker CompVR 07CVR104 10"" subwoofer with dual 4-ohm voice coils"	Mobile_Electronics	5.0	0.0	1.0	N	Y	Very Nice Sub	I blew out my kicker comp. I decided to get the compvr. A little upgrade why not. This is definitely much better then the regular kicker comp sub. Spend a few extra dollars and get this one instead. I have a kicker dx.250.1 amp, at a 2 ohm load this sucker thumps hard and clean. Very nice clean hard hitting bass. I got one, but two will sound much louder. I really like this sub. great price and great product.	2012-10-01
US	50666316	R321DIO0H960CJ	B0041NPYYE	783127024	4G Touch White Leather Slip Case & Screen Protector Kit for New Apple iPod touch 4 4th Gen 8GB 32GB 64GB (4th Generation)	Mobile_Electronics	5.0	0.0	0.0	N	Y	Great for iPhone 4S	I bought this for my iPhone 4S a few months ago, it fits iPhones very well. It can fit iPhone 4 and 4S, and maybe 3GS. And also all iPod touch 4G models. It can prevent damage on your iPod touch, iPhone very well. And it also comes with a screen protector for the iPod touch 4G models. I would recommend this product to a friend. :)	2012-04-29
US	45070599	R9KWN8EJBTXGU	B002HU5UR4	383443108	Naxa NPB-250 Portable MP3/CD Player with Text Display, AM/FM Stereo Radio, USB Input &amp; SD/MMC Card Slot	Mobile_Electronics	5.0	1.0	2.0	N	N	simpley best boombox EVER!	NAXA 250 is best price and best features for me I use for work the usb in put is good to just punch in your music sounds nice and clear price is good is shipping is free with prime I recommended this item to anyone	2011-09-26
US	30802947	R3FHXKZW1HBCD4	B004NZHHNQ	425815807	Blue Silicone Skin Case Cover + Light Blue Fishbone Style Keychain for Barnes and Noble Nook Color and Nook Tablet	Mobile_Electronics	5.0	0.0	0.0	N	Y	Fits perfect !!!!	I love this cover fits great looks good and easy to hold on to would defiantly recommend this product to anyone	2013-01-01
US	13625472	R21FV08O40HJ47	B0044UXVPS	877879458	Carrying Case for the Apple iPad + Determination Hand Strap + Screen Protector + HD Earbuds (3.5mm Jack)	Mobile_Electronics	3.0	0.0	0.0	N	Y	More for your money	I received the product earlier than expected. All the items worked well. I purchased for my sister and she is hard on bags, so the bag did not last long enough, but I was happy with my purchase(;	2011-11-09
US	50805588	R16Q4JKHSJ3UWQ	B007A2SNSC	288143261	GSI Super Quality In-Car Wireless Hands-Free FM Modulator-Transmitter for MP3/MP4/CD/DVD Players - SD/Memory Card/Flash Slot/USB Port - LCD Display - Cigarette Lighter Plug - Includes Remote Control	Mobile_Electronics	1.0	0.0	0.0	N	Y	looks can be deceiving	"looks pretty nifty and has a nice big screen, however, its junk!  the screen is barely visible in even low light, can't see it at all in daylight.  when using the SD card and USB slot the player plays 2 songs then shows \\""format error\\""and turns off.  it seems to play ok if I plug in my MP3 player, but then it's only being a transmitter. also all the pivot joint is real sloppy and allows the whole unit to wobble going down the road."	2012-05-12
US	45782192	R3N6ITVGC52NZ7	B006TEHS4M	86750088	Garmin nuMaps Lifetime North America Map Updates	Mobile_Electronics	4.0	0.0	0.0	N	Y	worked as advertised	Installed on my Garmin 855 without problems…took less than 4 hours….did not have to have extra microSD card…I gave it one star short because it doesn't have complete data for Maui, HI albeit better than what I had before…Tried to use with  Basecamp but that' software is useless. I thought it would update data in Basecamp  but it didn't although I loaded the latest Basecamp…glad I did the lifetime updates	2013-01-28
US	49897330	R35SRBP0P8W83D	B008FDTICA	210401663	iKross 3.5mm white and Pink Rabbit Portable Mini Stereo Speaker for iphone 6, Blackberry, iPhone, iPod, iPad, Smartphone, Tablets, Cell Phone	Mobile_Electronics	5.0	1.0	2.0	N	Y	Adorable!	There's nothing I don't like about this cute little bunny!<br /><br />It is truly adorable and I think it is loud enough, what can you expect from a speaker that can fit in the palm of your hand? I really love how cute and round it is!<br /><br />I know some people say the cord(s) are too short for their liking, but I actually like that the (headphone jack) cord wraps once around the bunny which attaches to the iPod, it's perfect to keep from tangling. When it comes to plugging it into my laptop though, the rabbit can only reach to a little bit behind and in front of the laptop, you couldn't reach to put the rabbit on the opposite of the laptop from where the headphone jack is, just to give you a better idea of the length.<br /><br />The cord that plugs into the USB port (alternative power to batteries) is maybe(?) 18 inches long (I'm just guessing) which I also think is fine, I plugged it into my laptop to test it out and it works great for powering the rabbit!<br /><br />I admit I have not tried using batteries yet (It takes 3 AAAs), so I don't know how long they may last, but I mostly plan on using the power cord, and batteries just for small amounts of time.<br />Since I didn't see it in the specs, the frequency response is listed as 160Hz-20kHz<br />Dimensions are listed as 94 X 94 X 106 mm (approx. 3.7 X 3.7 X 4.2 inches)<br /><br />I feel it's definitely worth the money, it was just too cute for me to pass up and I'm very pleased with how it is working!	2013-03-16
US	37977489	R3NSDNNI198SKO	B002D4IHYM	698394784	New Trent Easypak 7000mAh Portable Triple USB Port External Battery Charger/Power Pack for Smartphones, Tablets and more (w/built-in USB cable)	Mobile_Electronics	5.0	2.0	3.0	N	N	IMP500 - Great Product and Great Customer Support	I purchased this many months ago for myself, and now for my Dad and sister.  What a great product.  I used to be out of power in 2 or 3 hours, now I can go all day long on my phone with one IMP500.  This product can't be beat in my opinion for the price.	2010-05-07
US	37244649	R39N597OCVMBWS	B000NHWM06	323640784	iPod® Video Silicone Case for 30gb, Black	Mobile_Electronics	5.0	0.0	0.0	N	Y	Good cheap product	Bought this for my iPod because it slips out of pocket at the gym    The silicone case protects it and makes it stay In my pocket, so I'm happy    It does collect lint but who cares    Fits good!	2010-12-08
US	35648358	RGWEHZ3CLGEHJ	B0057QBTAC	742765981	Trident Aegis Case for Apple iPod touch 4th gen - Pink in OEM packaging	Mobile_Electronics	5.0	0.0	0.0	N	Y	Great protection	Well worth the money to protect my Ipod. I ordered the blue & pink and the colors are true to what's on the site.	2012-01-20
US	47369271	R2DLQ75QZ1M46D	B000I030F4	124822707	iPlug 3.5mm Earbud Splitter Cable for iPod White	Mobile_Electronics	1.0	0.0	0.0	N	Y	It doesn't really work.	I've never written a review before because I'm really not that picky about the items that I purchase, but this was ridiculous. I put my headphone jacks in completely into the dual stereo female jacks until it clicked and the splitter completely split the sound quality entirely as well as the volume. The sound quality was that of a really low quality youtube video - robotic, static and entirely inaudible. Not only is it really bad quality, but it's also extremely inconsistent in its horrible quality too. Sometimes it only plays the instrumental in really bad quality and other times the instruments are completely mute and it's only the roboticized vocals of the track. I'm extremely disappointed because I expected this product to be trustworthy based on the great reviews. I'm currently in the process of returning it in hopes that this problem is only applicable to just this splitter only and that all the others from eTECH are perfectly fine.	2013-01-26
US	36439504	R37J3K1ZY4ZVC4	B003UCESP8	204055479	FiiO L3 Line Out Dock (LOD) Cable For iPod and iPhone	Mobile_Electronics	5.0	0.0	0.0	N	Y	LOD	Works great.  The signal out of the iPod is much stronger therefore the volume of the radio is greater.	2011-04-05
US	9445364	RVS80UMZ5ULO7	B004GVNUZG	970344163	CaseCrown Horizontal Neoprene Sleeve (Black) for Coby Kyros Internet 7 Inch Touchscreen Tablet	Mobile_Electronics	4.0	0.0	0.0	N	N	Case	I like the case I just wished it was a little bit bigger. other than that the service was great and got here right in between the deadline. they ship fast and it gets to you! wonderful products!	2013-01-16
US	34697722	R4EENFTGMDTDO	B005KELVDG	631601175	Belkin Verve Folio for Kindle Fire BK Notebook Cases	Mobile_Electronics	5.0	2.0	2.0	N	Y	A must have for Kindle	Great fit, also keeps clean and some protection if dropped.  Great for watching movies since you can fold open and have it stand on its own.  Also has a sleeve to put things in like a cleaning cloth and you can put your hand in it to hold the Kindle, this makes it easier when moving and trying to hold the Kindle!  I give it 4 out of 5 stars!  Would give it 5 stars if price goes down since I paid almost $40 and think $25 would be a more reasonable price	2012-01-29
US	19821901	R195SFXR532VV8	B007OXLK82	64608314	GOgroove SMARTmini BT ADVANCED Wireless In-Car Bluetooth FM Transmitter with Charging, Music Control and Hands-Free Calling for ANDROID, iPhone, Blackberry and Windows Smartphones	Mobile_Electronics	4.0	0.0	5.0	N	Y	Works great! Thanks	This Works as it says! Thanks. This item came quick! New and working! No issues or problems! Thanks thanks thanks!!!;)awesome!	2012-07-05
US	40004417	R298WME7HB0C6N	B004N8PICA	527975112	Bundle Monster Barnes & Noble Nook Color Nook Tablet Synthetic Leather Case Cover Jacket , Skin Art Decal Sticker , Screen Protector Ereader Accessories Combo	Mobile_Electronics	4.0	0.0	0.0	N	Y	Works great	My nook is super stylish with this, the only reason I gave it a 4 is because it has rubber slings in each corner to hold the nook in place but the top right one sticks on the volume button and constantly adjusts it up and down while you are reading so I don't ever have that one on. I never take it out of the case now which makes the pretty back piece pretty non-essential but nice to have. Also had screen protector and cleaner which I didn't realize came with the kit. Hooray!	2011-09-09
US	19924756	RNUFTD5577P78	B00201UOLM	194356127	Thought Out PED3-FORM iPhone iPod touch Stand	Mobile_Electronics	5.0	0.0	0.0	N	Y	Love It!	Great holder, stable base, no complaints.<br /><br />Solid made product, not cheap plastic like so many of them. I like how it cradles the phone without gripping it and making it hard to remove.	2012-06-06
US	6071077	R1PZZ08VC70XG0	B0052WEV6A	49240238	ATC LCD STEREO CAR FM TRANSMITTER FOR MP3 Player iPod Touch iphone 4 3GS 3G	Mobile_Electronics	1.0	0.0	0.0	N	N	Freezes	The equipment freezes and is a cheap price for a cheap piece. Recommend paying more for one if u intend on using it for listening to your music. It's not very loud. Wouldn't trust the alarm clock because of the freezing either.	2013-02-25
US	41384074	R3FMT7S571KDG3	B003JUMK3S	660324548	GSI Super Quality Two-Way Radio Headset Kit for Full-Face Motorcycle Helmets - Noise Cancellation Plug-In-Helmet Dual-Sided Earphones with Boom Microphone - Handlebar PTT (Push-To-Talk) Control Button - Compatible with Motorola, Icom, Uniden, Kenwood and All Standard 2-Way Radios	Mobile_Electronics	1.0	6.0	6.0	N	Y	GSI Super Quality Two way radio head set	It is not what's in the picture. The picture shows jacks for quick disconnect. They are actually 6 little prongs that break off super easy. I have owned similar just like it. I thought I was getting jacks just like the pic	2010-09-07
US	33967236	RDZ0XEQQPJTE5	B006QF22HM	493478489	Excelvan FM Transmitter + Car Charger + Remote Control Compatible with iPhone 4S/4/3GS/3G iPOD	Mobile_Electronics	4.0	0.0	0.0	N	Y	Works as described	It works as said. However, the transmitter needs to be carefully inserted in the iPhone port. It looses connection even with slight movement sometimes.	2012-12-20
US	51753032	R2KFAD2SCCSVNC	B009ZIINMU	410683217	Protective Travel Carrying Case For Big Jawbone® Jambox® Wireless Bluetooth Speaker - Black	Mobile_Electronics	5.0	5.0	6.0	N	Y	This Case ROX	Absolutely love this case. Great design and very functional. Well made(it's made in the good ole USA!!!) and is padded all around to protect the Big Jambox. If you own the Big Jambox you NEED one of these if you plan to take it anywhere.	2012-12-11
US	15815550	R28VHCY72IXBQS	B004911E9M	423996186	Wall AC Charger USB Sync Data Cable for iPhone 4, 3GS, and iPod	Mobile_Electronics	1.0	0.0	1.0	N	Y	NEGATIVE STARSSSSS	"Seriously do not buy. Waste of money because the product is a horrible make. It is not made by apple and not the right wattage or whatever. It doesn't charge right and your phone will be unusable as it is \\""charging.\\"" Wish I read reviews before I bought it."	2011-05-17
US	10509790	R1BAQJOCEBD2FX	B0058LWZPY	485549488	High-definition Waterproof Car Rear View Camera Night Vision CMOS 170 degree viewing angle	Mobile_Electronics	4.0	8.0	8.0	N	Y	Clear Image under Good Conditions	I installed this camera on the back of my car and wired it to the backup lights along with this monitor [[ASIN:B005CFLMNC 4.3 Inch LCD TFT Rearview Monitor screen for Car Backup Camera]]. The picture is very nice when the sun is overhead, although if the sun is in front of the camera or not shining at all the picture is too dark to see. [I don't know whether the camera or the monitor is supposed to adjust for light levels.] UPDATE: If the sun shines toward the camera the rest of the images will be washed out, but at night, under street lights, the image is still bright enough to see.<br /><br />The angle of view is nowhere close to 170 degrees. The box it comes in says the angle is between 120-170 degrees measured diagonally. I measured the angle as shown horizontally on the monitor and was only a tiny bit more than 90 degrees. Even so, it is plenty wide enough for a general view behind the car and too wide to easily judge the distance to nearby objects.<br /><br />The image is reversed, for use as a backup cam, and has green grid lines superimposed as a reference. I'm not sure whether they help or not. The camera has a heavy metal body with a glossy gray finish and looks like it will last a while, although the mounting bracket is thin steel. UPDATE: After a year, the bracket shows some rust, but the camera itself is in good shape and working well. I've added a star to my rating.<br /><br />Allow yourself several full days to install a backup camera system if you want to hide the wires and do minimum damage to your car. It is very labor intensive to remove and replace body trim panels and thread wires.	2012-01-05
US	33420406	R33HDWDUZYGX95	B008R68DFS	423148551	Patazon Black Extension Dock Extender 30pin Adapter for iPod iPhone 4 4S	Mobile_Electronics	5.0	0.0	0.0	N	Y	Great product	I got this so that I could put my iphone on my loading dock speaker without having to take off the protective case. It works great and would probably work even with a thick case like an otter-box. Would highly recommend it.	2013-05-07
US	26771	R8XV396I0KWES	B00AXVG0P0	4866835	6.2 Inch 2 Din Car DVD Player for NISSAN PATHFINDER (2005-2010),DVD+GPS+RDS+IPOD+BT+Analog TV+Remote Control+Rear Reviewing Function	Mobile_Electronics	5.0	2.0	2.0	N	Y	great	dvd was gud and plays far better than known branded tapes. I love but I wonder why the analog tv was missing. the steering wheel control was awesome. there was no hustle about it. navigation excellent, like any other navigation sometimes thinks it knows too much. you wil love. why waste time go get yours	2013-06-13
US	15731904	R1W8D3BKF4ZL4L	B004DM6F14	333659312	PocketBook 701B 701 Blue	Mobile_Electronics	5.0	4.0	4.0	N	Y	It is a very good reader and Tablet.	I am happy with my Pocketbook 701 IQ. It is that I need: a good reader and a low level Tablet. Only I would like more battery life.	2011-03-31
US	41810705	R20WN2CBAI75V0	B0052RMI2Y	423996186	USB Power Wall Charger + Syn Data Cable for Apple iPod Touch iPhone 4 4S 3G 3GS	Mobile_Electronics	1.0	1.0	2.0	N	Y	Don't Buy	Received 2 in the mail yesterday, neither work. You can tell it is a knock off, don't waste your money.	2012-05-20
US	15426440	R39P2U2LYVKQP5	B00166G81M	776321291	2-Port USB Car Charger Adapter	Mobile_Electronics	1.0	0.0	0.0	N	Y	haven't received	its been five 5 weeks and i still haven't recived this product from this company. How am i to review a product that i haven't received.  This is taking longer than anything that i have purchased.	2012-02-20
US	46167077	R245BC75XTENUK	B0075875OE	568230473	RA200 Rugged Air Aviation Pilot Headset	Mobile_Electronics	4.0	12.0	12.0	N	Y	Student Pilot	The product is great for the price.  It is just as comfortable has my david clarks which cost a little more.	2013-02-20
US	5170209	R3S1IIOP0GBHQ1	B008AGK92K	641830574	MS 509 Autel MaxiScan OBD-II/EOBD CAN Scanner Auto Diagnostic Tool -with Plays back live sensor data	Mobile_Electronics	5.0	0.0	0.0	N	Y	price and product are great	This is a great product. Very helpful tool in the garage.I would have expected to pay far more for something like this, and would pay twice as much as I did if not more. Thank you for not disappointing!! Only thing that upset me was the United States Postal Service, I paid extra for 1-3 day shipping and didn't receive it for over a week!!!! No suprize they are bankrupt and doomed. Not impressed at all, but that's our government for you, and a different subject all together:)	2013-03-21
US	25482166	R2MSB8CLVUZA5C	B001MKTV9S	663850829	5 in 1 Apple iPod Touch 8GB, 16GB, 32GB Silicone Case Package Includes , , , Armband, and Screen Protector	Mobile_Electronics	5.0	0.0	0.0	N	Y	Exactly What I Wanted	Once I received this product in the mail, it went on my IPOD and hasn't come off. Great product.	2010-03-18
US	44797374	R2O7ET7OVDGEPH	B003VZ19VK	537941748	Magnasonic MAG-MS857 CD Player Stereo Speaker Micro System with Alarm Clock, AM/FM Radio and Auxiliary Input for MP3 Players	Mobile_Electronics	1.0	29.0	33.0	N	N	Nice sound at first	"The unit (Magnasonic MAG-MS857 CD Player Stereo) produced a reasonably nice sound at first (sound was absent at the lower frequencies), however, the CD player in the unit died in 1.5 months, upon the second time the CD player was used.  I unplugged the unit and plugged it back in the first time.  This allowed us to use it one more time.  The second time the CD player stopped working, nothing that we did would \\""reset\\"" the unit or fix the problem.  Contacted Amazon and they sent me an RMA for the item.    -Good service on Amazon's part.  -If I was only using this as an MP3 amplifier, it might have worked for a while.  -CD dead in 6 weeks.    bad unit."	2011-02-19
US	50549944	R1RC34QUH862JQ	B007OXLK82	64608314	GOgroove SMARTmini BT ADVANCED Wireless In-Car Bluetooth FM Transmitter with Charging, Music Control and Hands-Free Calling for ANDROID, iPhone, Blackberry and Windows Smartphones	Mobile_Electronics	4.0	1.0	1.0	N	Y	Good but not perfect	I would recommend this item to others, but it isn't without faults.<br /><br />First, I can't imagine buying the full size version of this.  I find this thing bigger than it needs to be.  I can't comment on the charging ability as I only use it for the FM transmitter and Bluetooth abilities in my company vehicle ('06 F150). I also haven't used any of the call features (and don't plan to) so again that's not reviewed here.<br /><br />Con's:<br />- Doesn't fit tight enough in the 12V socket.  I have had it come loose and lose power a couple of different times.<br /><br />- It's feature to find an FM frequency is about as bad as it can get.  Instead of picking a frequency that is clear it instead picks a frequency that is on a radio station with the strongest transmitter of any station in Central Ohio (WNCI).  Needless to say that doesn't work out well.  Luckily, you can manually tune to whatever frequency you want<br /><br />- No power button<br /><br />- Only auto-pairs to my iPhone 5 about 25% of the time.  Luckily, a quick push on the blinking phone button quickly pairs it.  I almost put this in the Pro category, but it is a negative since it doesn't consistently do it one way or the other.<br /><br />Pro's:<br />- Once a good frequency is picked, the sound quality is pretty decent.<br /><br />- Good Bluetooth range<br /><br />- Decent volume.  Not as loud as my Sirius unit hardwired via an FM Direct connection, but close enough.<br /><br />For my uses (streaming music/Sirius online) in my company vehicle on the crappy OEM head unit, it does its job well enough.  For many people, I would suggest upgrading to something with a hardwired connection; either a PAC adapter for your OEM head unit or an aftermarket head unit.  An FM transmitter will always give up sound quality - I knew this going in, and purchased this ONLY because my portable Sirius unit died again (not a shocker) and didn't want to be without my Howard while I waited on a replacement.	2012-11-29
US	52706424	R3L5QOX9NKI0M9	B005G0PEH8	916171651	5 Pair Large Black Triple Flange Sleeve Earbuds Tips for Shure Audio-Technica Skullcandy Monster Sony Ultimate Ears Sharp Sennheiser Plantronics TDK Phillips Panasonic Denon Griffin JVC + free Bluecell Cable Tie	Mobile_Electronics	1.0	0.0	0.0	N	Y	Not comfortable	These are not confortable to me. I even tried cutting off the bottom piece and he was still not comfortable.	2011-09-07
US	11490812	R2TAW8V47EXWOL	B00862OHS0	595473593	Everydaysource For Apple iPod touch 4th Generation, 6-pieces Reusable Anti-Glare Screen Protector	Mobile_Electronics	3.0	0.0	0.0	N	Y	Not what I expected	They aren't crystal clear screen protectors. They have a weird film over them, which I've never had before. I was expecting a totally clear protector but I guess I was wrong. They do what they're supposed to do, nonetheless.	2013-04-20
US	48210610	R3S249DLGJ38UR	B007H4QJA2	997776258	eForCity Leather Case for Barnes and Noble Nook / Nook Color, Pink	Mobile_Electronics	4.0	0.0	0.0	N	Y	great product	well worth the price; color as shown  was as is; need a place to store a stylus pen only issue.	2013-03-27
US	24237440	R3MWTY3ZM81FRL	B008LOGODY	10892490	KIQ ™ Purple Portfolio Leather Case Cover for Acer Iconia Tab A100 + Screen Protector	Mobile_Electronics	5.0	0.0	0.0	N	Y	I love it	it´s perfect !! absolutely useful , thanks !!<br />it arrived at time and suits the tablet really very well<br />very comfortable	2013-01-07
US	23259464	RC5X7H6Q14YRK	B0049GI3CI	178645093	XAM8-R Speaker System - Red	Mobile_Electronics	4.0	0.0	0.0	N	Y	NICE LITTLE SPEAKER!!	Really like this little speaker & it does just what I hoped it would do... increases the volume on my computer so I can hear!!!!  It also works gr8 on my little digital Sony recorder.  I love the beautiful red color (& it matches my Gateway computer)!!!  The fliptop directional lid really does help to bounce the sound in ur direction as well as protecting the speaker when closed.  I love everything about this little gem....ALMOST!!  The only reason I didn't give this 5 stars is that if u try listening to any type of music that's got any amount of bass & turn the volume up, the bass makes the speaker bounce all over the place...actually making a banging sound on the table it's on.  The volume & sound quality is very good for the size of this little thing, other than the fact of the bouncing when listening to music...it's perfect.  I would definitely recommend it to others especially for computers & digital recorders.	2013-05-21
US	44570046	R3ULMDQI3SCGU	B00AB8AS1W	179875152	2 Packs of iRulu 4GB USB MP3 WMA Music Player Built-in FM Radio Voice Recorder Powered by AAA Battery (Blue and Red) for Couples , Sisters , Brothers and Friends	Mobile_Electronics	3.0	0.0	0.0	N	Y	good for the price	Good for what you pay. Work best as mp3 player. Great gifts for your kids. IF battery lasted longer, I would give it a 4 stars.	2013-01-12
US	13697846	R2BI4A7YHKAJI9	B004S0DQXG	273000973	"Visonik VB12A 800 Watt 12"" Car Subwoofer Box/Amplifier/Amp Kit Package"	Mobile_Electronics	4.0	0.0	1.0	N	Y	Cheap and good	It's a cheap sub package and sounds great, I installed in my fathers truck and it's great, it saves you money but not just that it also saves you space because of it's size.	2011-11-09
US	51241945	RA43RSTIV863Y	B004911E9M	423996186	Wall AC Charger USB Sync Data Cable for iPhone 4, 3GS, and iPod	Mobile_Electronics	5.0	0.0	0.0	N	Y	Wife loves it.	Profile is so slim, you can hardly tell it eve has a case, yet it does offer protection, and looks good.	2012-09-12
US	12912451	R96SWWB6OHQVQ	B003O3QSG0	716147291	"Visonik V212BS Car Audio 1500 Watt Dual 12"" Sub Enclosure Amp Combo"	Mobile_Electronics	4.0	0.0	0.0	N	Y	Amazing sound, and Great beat	First of all I must say, amazing rich sound for it's price. Second of all, with a bit of tweaking it can kick crazy hard and still hold its sound. It also fit perfect in the back of my car (96' Ford Probe GT) which is an added bonus.  The only thing thats a drawback is on a few songs the bass hits so hard on itself the make a slight rattling sound. All in all I'm love this product and love my decision on purchasing it as well.	2011-04-19
US	19535311	R3ABSLYCM6R8CW	B002X5O4M0	869792803	Blue Hard Case / Cover / Shell & Car Charger for Apple iPod Touch 2nd (2G) & 3rd (3G) Generation	Mobile_Electronics	5.0	0.0	0.0	N	Y	Great Product!	The items were shipped quickly and I was pleased when they arrived! Nothing broken and I like the case. It's quite a bit darker blue than it looks in the picture, but i still like it. It feels really durable and I'm sure it will protect my Ipod when I drop it. Which i do frequently. I haven't tried the car charger yet but it looks like it will work just fine and it comes in a real plastic package, not a little clear plastic bag that some other chargers I have bought on Amazon have come in. All looks great.	2010-09-04
US	32405833	R1OZAVWZ6WXSV6	B005OUKLYQ	641240433	"Pair Kicker DS65.2 6.5"" 2-Way Component Car Speakers"	Mobile_Electronics	5.0	0.0	0.0	N	Y	Enoyed working with this company.	Kickers are worth the effort of putting them in.  We got them for our son's car and he was overjoyed by the quality.	2013-02-18
US	38545491	RK4ALO4UEFIW4	B0030BBWHQ	148516705	"eForCity 4.3"" EVA Case Compatible with Garmin Nuvi 265WT 1300 1350 1370T GPS"	Mobile_Electronics	4.0	0.0	0.0	N	Y	Basic Case - Good Fit	This is a basic case that is a good fit for my Garmin Nuvi 1350 LMT.  Just enough padding to protect the screen.  A little gimmicky to have it listed at 1 cent with $3 shipping, but a fair price overall.	2012-01-04
US	44174474	R8EN0C1YM3VRZ	B00748XH38	13605832	Apple iPOD TOUCH ITOUCH BLACK TIRE TRACKS SOFT SILICONE 2nd 3rd GEN 2 3 Case Cover Skins iPod Model #A1288 A1318	Mobile_Electronics	5.0	1.0	1.0	N	Y	great service	firt time that I buy on amazon.  I ordered an Ipod touch black tire case and I received a wrong one, so i contacted the seller My COOL FACE who answered me and told me that they will replace the case and I will keep the wrong one for free,  of course the sent me the wright one, free shipping also.  So, I'm very please with my case and with the service.  five stars no doubt.	2012-04-18
US	50715234	R1KI9LDDKQS4OR	B002V1OZHA	51752755	(9 Colors available) Apple iPod Touch 3rd Generation Silicone skin case cover for iPod Touch 2G 3G, iTouch 8GB, 16GB, 32GB, 64GB + LCD protector, Nike Pouch	Mobile_Electronics	5.0	0.0	0.0	N	Y	I pod cover	This is a great item. Easy to put on and take off. Great all the way around.	2009-12-05
US	52047580	R2DKFSBJZKTGOY	B007WDQG74	479206384	i-BLASON Barnes & Noble NOOK Simple Touch and Simple Touch with GlowLight eReader Leather Case Cover	Mobile_Electronics	5.0	0.0	0.0	N	Y	as advertised	Great little cover for the Nook.  Slipped right on, worked as advertised, and was substantially cheaper than virtually identical products on sale for 2-3 times the cash. Recommend.	2013-03-07
US	25481353	RA10I787V4ZFU	B004GVNUZG	970344163	CaseCrown Horizontal Neoprene Sleeve (Black) for Coby Kyros Internet 7 Inch Touchscreen Tablet	Mobile_Electronics	2.0	0.0	0.0	N	Y	wouldnt fiy	my tablet would not fit in it!! an im unable to see if I like it or not so I was not happy!!	2013-02-11
US	32649790	RU5P8X8LCS1SM	B00527X2RO	70191127	CaseCrown Hard Cover Case (Black) for Garmin Nuvi 5 Inch GPS Navigator	Mobile_Electronics	5.0	1.0	1.0	N	Y	great!	Just as described.  Great for keeping Garmin protected in the car. I also like that there's a little space to keep the USB cord.	2012-02-12
US	17911630	R1KAWM74AO7NPM	B0030BBWHQ	148516705	"eForCity 4.3"" EVA Case Compatible with Garmin Nuvi 265WT 1300 1350 1370T GPS"	Mobile_Electronics	4.0	1.0	1.0	N	Y	Fits like a glove and protects well	This is a decently well made protective case. The zipper was a little notchy, but some wax fixed that. I would expect that it will protect my Nuvi from the simple wear and tear of storage in my car or even the occaisional drop on pavement. Well worth it.	2012-01-30
US	17175904	RJGDCNDAPKU15	B007MQ0J7O	392858748	Refurbished Creative ZEN Mozaic EZ100 MP3 Player 8GB (Black)	Mobile_Electronics	4.0	2.0	3.0	N	Y	Is still Good	I bought the Zen Mosaic EZ100 8 GB. (Black) refurbished.  I also have a EZ300.  This product is basically the same, (Lacks radio) I gave it 4 stars, because I was expecting the product to have a speaker, like the EZ300, but I didn't read well and realized later on that it doesn't come with a speaker,  Nevertheless the product is good, I use it for my music and mostly to record lectures,  I love the fact that it's small and I find it handy.  The volume is good,  I can place my album covers, the sound is great, and I also like the fact that not everybody has it, so it's unique in its own way. I also bought another one for one of my best friends and she is very happy with it.	2012-06-17
US	22819014	R31E0CYNCOONSE	B00069QVIK	752014529	Nakamichi MB-70 6-disc In-dash Musicbank CD Changer	Mobile_Electronics	5.0	1.0	1.0	N	Y	MB-70	This cd player sounds really good and loks good. Had it for two months and no problems. Easy to install. It was delivered the day they said it would be delivered. Box and contents were in good shape upon arival.	2010-05-03
US	17975781	R1OGTHWFKP6M9T	B0013TQ6FK	222990507	MRP-M500 - Alpine Monoblock 500 Watt RMS Power Amplifier	Mobile_Electronics	3.0	2.0	6.0	N	Y	Review	"Very clean amplifier, but not very powerful.  But this is Alpine's value line so that's understandable.  Great for two 10\\""s or one 12\\"" sub.  Can run 2 12\\""s but preferably for the rock genre and not R&B or Hip hop because the power just isn't there.  I wish shipping was faster and more efficient.  It took over a week to arrive and one of the side covers were completely destroyed.  Had borrowed a measly crunch amp before this purchase and the crunch was way more powerful(I know, weird).  I would recommend this product to those wanting clean quality, but for those wanting crushing power look elsewhere."	2010-04-18
US	52581008	R43H3T64HMHLD	B004X68M0W	697416240	iHome iA91 App-Enhanced Dual Alarm Clock Radio for iPhone/iPod with AM/FM Presets (Black)	Mobile_Electronics	1.0	4.0	9.0	N	Y	No warning that it won't work with an iPhone in a sleeve	What are they thinking, how many iPhone users don't use a sleeve? Furthermore, why is there a power brick? There is plenty of room in the case for the power supply, there is no reason to have to deal with a brick. A poor design all the way around.	2011-12-27
US	25986825	R3UTOS7E1E7F0U	B002DU2EZ4	921130566	Refurbished Creative ZEN Mp3 Player 8GB (Black)	Mobile_Electronics	5.0	1.0	1.0	N	Y	A Zen Master	This little gem lets you store music, photos, & more and intuitively replay or view them.  With 8 GB, there is room for my entire digital library of music, plus hundreds of photographs.  Music played back through my Koss headphones is crisp & clear.  At low volume you can add bass boost to hear all the lows.  The large high resolution screen faithfully reproduces my pictures, and even lets me zoom in on them.  As an amateur photographer, I always like to carry a hundred or so of my latest shots.    The unit plays back either Windows format or Realplay, as well as others.  You can search by artist, genre, song title, etc.  You can set it on random play, or just listen to your favorites, or to songs you haven't heard in awhile.    My kids all have Ipods, which are equally nice, but much more expensive.  Also, my son has had to replace his Ipod twice over the past 4 years.  My Zen was still going strong when I decided to upgrade from my old 2 GB with smaller screen to this 8 GB large screen.	2010-03-08
US	6942526	R1J6ZSN3E78MNV	B00AIAS2U2	305424982	MYBAT Playful Cat Skin Cover for APPLE iPod touch (5th generation)	Mobile_Electronics	5.0	2.0	2.0	N	N	Love it!	I love my case I got for my new ipod 5! Its a soft case, and it fits me perfectly! It looks like exactly what it looks like in the picture but more cute in person!	2013-01-26
US	39226079	R379QYWVW81JW5	B005EO5INQ	448160063	KIQ Silicone Skin Case Cover for Microsoft Zune 80GB 120 GB - 7 COLOR BUNDLE SET	Mobile_Electronics	5.0	1.0	1.0	N	Y	A steal for the price	Though the cases might attract lint, they keep your Zune snug and fit. If you don't like one, switch to another of your 7 total. Heck, you can change it around if you're into that, maybe not quite one for everyday of the week, but it'll give you some eye-candy for your otherwise solid black Zune. They even come in their own individual packages so you can store them easily or maybe give some to a friend without it getting it all dusted up. In any case, for the price you can't beat this.	2012-07-26
US	46335224	R2O9NI5CVT9VMO	B005S1CYO6	459926372	Kindle Fire anti-glare Screen Protector	Mobile_Electronics	5.0	0.0	1.0	N	Y	This is the best Kindle yet!	I love this kindle and it's my 3rd Kindle. I can do everything I want on it, especially read books in bed without a book light.  I also love to play Angry Birds and it's so much better than on my phone. Amazon offers so many apps which is great.	2011-12-11
US	52973561	R2SU7986O6F181	B005ZT2162	680721066	New - Quicken 2012 Deluxe Retail by Intuit - 431325	Mobile_Electronics	5.0	0.0	0.0	N	Y	does what it is supposed to do	I bought it to keep the maintenance current. I've been using Quicken for about 10 years. I'm a satisfied user.	2013-04-04
US	44239655	R1L71UQZ4YFIJM	B00BKQ62Y6	33165680	Kenwood KDC-4022 CD Receiver- Sirius Satellite Stereo with Satellite Tuner	Mobile_Electronics	1.0	0.0	0.0	N	Y	this product seller have fake advertisement	this add is suppose to be for a complete car stereo. after completing my order and receiving the item, all i received was the face of a car stereo. this add is a complete miss representation of what the seller is actually selling. i was very disappointed with the product. i then contacted the seller to find out what the problem was and why i only received the front of s stereo and not the entire stereo. his reply was that the description for the item said face plate only. now where in this add does it say face plate only? i read the add very carefully and i did not see any thing that say face plate only. this add is a misrepresentation of what this seller is selling.	2013-06-14
US	16956521	RO7XB5STWN5CO	B004911E9M	423996186	Wall AC Charger USB Sync Data Cable for iPhone 4, 3GS, and iPod	Mobile_Electronics	1.0	0.0	0.0	N	Y	it stopped working after 3 days	Received the item on time, but it has never worked properly.  Worked for a few minutes and now it is completely dead.	2011-10-04
US	15443547	R2THHAA2ECM31O	B007OZ2UZC	720623732	XTOOL U581 CAN OBDII/EOBDII Scan Tool Atuo Car Code Reader Scanner Diagnostic Tool Live Data	Mobile_Electronics	2.0	0.0	0.0	N	Y	Doesn't work on 2000 Dakota	This tool doesn't read my Dakota-it recognizes a module and gets stuck.  It read my '13 Mazda 3 and my neighbors Camry just fine.  Other posts I have seen regarding the lousy on-line update procedure & complete lack of response from the manufacturer are valid.  I'm keeping it as it isn't useless, but I was able to read the Dakota codes with an $18 one my neighbor owns....I don't recommend this unit.	2013-03-26
US	48657982	R2E4M2KMS2YPDC	B000VS52ZY	513442723	Sounds Like This	Mobile_Electronics	5.0	0.0	0.0	N	N	Singer-songwriter on the rise	"I love this album; Eric Hutchinson is definitely a showman (can't wait to see him live someday). I would classify this album more as a sampler of Hutchinson's work rather than a cohesive whole. That's not a negative, I enjoy all the songs individually, but I don't personally hear a single thread going through the entire album. Some songs, like \\""OK, It's Alright With Me\\"" and \\""Rock & Roll,\\"" are very radio-friendly, others (\\""Outside Villanova,\\"" \\""Food Chain,\\"" \\""Oh!\\"") are very singer-songwritery, and still others are a beast of their own. Hutchinson is indeed a growing singer-songwriter and I look forward to what his next album brings."	2009-09-28
US	31563133	R22ZMXBN5VZXMP	B002D4IHYM	698394784	New Trent Easypak 7000mAh Portable Triple USB Port External Battery Charger/Power Pack for Smartphones, Tablets and more (w/built-in USB cable)	Mobile_Electronics	5.0	0.0	0.0	N	Y	A+ across the board	I spent a couple of hours researching options for a rechargeable battery pack for my aging iPhone that has been clocking out with increasing frequency (I'm holding out for an iPhone 5). I settled on New Trent products based on overwhelmingly positive user reviews. I ended up buying the IMP70D because of its compact form, high capacity, dual ports and overall value. I have been using it for only a couple of weeks but am very, very pleased with it. The high capacity of the unit has allowed me to keep my iPhone alive away from my vehicle charger or a wall outlet. But the IMP70D packs so much juice the dual port design also allows for charging my new iPad, something I didn't think about originally. I can even charge my Kindle on it, too. The 4-level blue charge status lights keep me informed of remaining charge level in the battery - a nice touch. I most often tuck the IMP70D in the Scottevest that I wear to conveniently carry my iPad and iPhone in. The flat battery fits comfortably in an interior pocket just below where the iPhone pocket is, the two connected by the iPhone's USB cord. I am no longer concerned about a dead iPhone away from an outlet. The flat form factor of the IMP70D makes this possible. With the port end facing up in the zippered pocket, the ON button is easily accessed being on the side of the unit next to the USB ports at one corner of the unit - I don't have to unzip a pocket to press it or fumble around trying to access it. If I had to, I could simultaneously charge the iPad and the iPhone while both rested in my vest.<br /><br />With all the electronic devices, wiring and battery I now wear in my vest, I might have to start being concerned that someone will mistake me for a suicide bomber!	2012-06-04
US	12920721	R1TX8XCXZC173D	B005Y4NGM6	262061102	Mini Handheld GPS Navigation For Outdoor Sport Travel	Mobile_Electronics	2.0	3.0	4.0	N	Y	disappointed	Current position would change, depending on the temperature of the gps unit.  It is unreliable because of this reason.  If you can't trust it to tell you where you are, while standing still - how can you trust it to direct you somewhere?	2012-01-03
US	11173464	R267ZTAP3Z996Z	B0021WWYE0	852262749	New Griffin Technology PowerJolt Dual Universal Black	Mobile_Electronics	5.0	1.0	2.0	N	Y	Power Jolt Dual is Cool	Received the product in the expected time and it works just fine.  It's great to have a charger that can charge two USB devices at once rather than locking up the charger slot for only a single USB device.	2010-02-08
US	25355045	R2STO5JC8CY9MO	B004911E9M	423996186	Wall AC Charger USB Sync Data Cable for iPhone 4, 3GS, and iPod	Mobile_Electronics	1.0	0.0	0.0	N	Y	STILL WAITING	I CANNOT COMMENT ON THIS ITEM.i AM STILL WAITING FOR THE PRODUCT.I WOULD HAVE THOUGHT IT WOULD BE HERE MY NOW.I ORDRED IT ON 01-17-2012.TODAY IS 02-20-2012.  THANKS  J.G.LOPEZ	2012-02-20
US	50602738	R1Z58GPO1LXRPN	B007WO4ENG	567489042	Alpatronix AX200 X-tra Strong Portable Mini Capsule Dual Stereo Speaker for iPhone / iPad / Samsung Galaxy / iPod / Smartphone / MP3 or MP4 player / Laptop or Notebook / Desktop / or Tablet PC	Mobile_Electronics	5.0	0.0	0.0	N	Y	Wow!	I lost a previous pair of mini speakers and ordered these to replace them.  Glad I did, there are great speakers at a great price!  Fast delivery, too.	2013-02-07
US	13635805	R23NXTL8Y5L2PS	B001OIKM9G	886503590	Plexon® Pair of TAN Headrest 7-Inch LCD Car Monitors with Region Free DVD player USB SD Inc- Wireless Headhones and 32 Bit Games	Mobile_Electronics	5.0	17.0	20.0	N	N	Great price - high quality product	"The headrests arrived about 3 days after I had placed the order. They were brand new in original packaging with no brand name of any kind on the factory box. They are well-made, sturdy and attractive. The metal posts have adjustable widths so that they would fit in a variety of seats. The instructions are very vague, but we installed them ourselves after finding out that a local car audio shop would charge $200 for professional installation. It only took us about 2 hours to install and that includes unhooking the car battery, and tucking all of the extra wires under the seats.    We removed the plastic backing off of the backs of our front seats in our Chrysler Town/Country minivan. We fed the long wires down through the seat backs and under the seat so that they came out from under the front of each seat. We removed the plastic cover off of the front console and wired both headrests into one of the power outlets in the console. Before touching any wires, we disconnected the negative terminal of the car battery. We wired the blue wire from the power outlet to both red wires from the headrests. Then we wired the black wire from the power outlet to both black wires from the headrests. We reattached the car battery and both DVD players were fully operational. We also hooked the a/v out cables from one headrest into the a/v in cables from the other headrest so that both kids can watch the same DVD. Even though there is no brand name anywhere on the headrest or unit, there is a part inside the DVD player that reads \\""Sony\\"". We are very pleased with the high quality picture and overall product."	2009-06-28
US	16068398	R2PV4QK2E99NDB	B004FOEVFW	26452537	splash SIGNATURE Leather Cover fits the Amazon Kindle Keyboard (BLACK)	Mobile_Electronics	1.0	0.0	1.0	N	Y	hobo's armpits wouldn't smell as bad as this	Pros: nice case. doesn't look trashy or cheap.   Cons: smells toxic. It would give your cancer cancer.   I noted the same comments with other reviews and honestly thought it couldn't be so bad smelling or that it can't be affecting all their products. but i was wrong.   The smell was bad the first day and i immediately placed it outside for some fresh air. maybe the smell would leave after, but it didn't. i decided to maybe just deal with it and placed it in my bag. After that day, my bag also reeked. the smell was so deep that it was contagious.  Seriously, do not buy this crap. If you do, then u are asking for some noxious smelling piece of crap to infect your lungs and make you vomit.	2011-10-30
US	50719769	RXDQVLVCQT13S	B001N4Q07E	610027050	BIRUGEAR Premium Purple Folio Wallet Leather Cover Case for Apple Ipod Touch Itouch 8GB 32GB 64GB 4G 4th Generation 4	Mobile_Electronics	1.0	0.0	1.0	N	Y	It's waaaay to small for an iPod 4th generation	"I love the look of the case and I guess I don't have to worry about it ever slipping out as it did in some cases I've tested at local stores. I almost broke the iPod trying to wrestle it into the case. I thought that any case advertised to fit my standard 4th generation iPod would fit like...well a glove. I can't use the 1, 4, or 7 keys because the side strip of fabric is in the way. I can't use the \\""in your face\\"" camera without seeing a vignette around my face again because of the  case being offset to the left.<br /><br />not at all happy with it. So I'm looking for a local retailer so I can continue testing them BEFORE I buy."	2012-03-01
US	19823425	RAANSGKESA3QA	B003SH571E	816208213	BlueAnt S4 Bluetooth Car Speakerphone Kit [USEN-BAW-S4]	Mobile_Electronics	3.0	0.0	0.0	N	Y	ok	the item works well but depending on the phone you have if the inbuilt voice activation has a low volume then you will find it hard to hear  the opions	2013-01-17
US	50999866	R2OSB8OA59WZZE	B005634RL4	751382526	KHOMO AUX 6 feet 3.5mm to Apple iPod/iPhone Dock Connector for Car, Speakers, Audio	Mobile_Electronics	5.0	6.0	7.0	N	N	Worked Exactly as Advertised ...	After having the headphone jack go loose on my last iPhone, I was in the market for an alternative for listening to music in the car -- this plug worked FANTASTICALLY.  The sound quality is better than a conventional AUX to AUX cable, and it's always consistent.  It works with the built-in iPhone Music app AND Spotify (thank God!) and the quality of the cable itself is much higher than I expected for the price.  Only disadvantages are 1. you cannot charge your device while playing (duh) 2. the connector to the iPhone/iPod is for older gen models, so most cases will have to be removed before playing ... but this is the same as most of my AUX cables ...	2012-02-02
US	10545747	R1QNGXLQIFZITZ	B007JVNE9W	761744845	Angry Bird Cute Green Bird Mini MP3 Player Supports 8GB Micro SD Card (MEMORY NOT INCLUDED,BULK PACKAGE)	Mobile_Electronics	5.0	1.0	1.0	N	Y	Great for simple music playing	Pros:<br />-cute (I am very pleased that the input and output slots are as discrete as possible)<br />-lightweight<br />-micro SD fits snug and doesn't stick out much<br />-easy to use (simple fuctions like on/off, volume, pause, play, skip)<br />-plays songs well<br /><br />Cons:<br />-doesn't come with memory (but it is stated in the title)<br />-cannot add songs indirectly to mp3 player<br />-no speaker<br /><br />I was planning on giving this item a four star rating, but after thinking it through, this product deserves five stars because of the intention I had for it. This mp3 player is perfect for someone who wants an affordable simple handheld music player.<br /><br />Looks:<br />It is smaller than a regular plum and is so lightweight that when I plug in my earphones, I can just let the device dangle without it detaching. It does look like a plastic toy but I wouldn't say the look is disappointing or cheap. The pieces (eyes, hair, tail) are put together well. They're not painted on so the colors don't look smeared. The look is very fitting to the Angry Birds theme. I like how the functions button is hidden when you have the bird set on a surface. The tail has a small hole in it. I'm assuming this is for putting a string through it to use as a necklace or keychain.<br /><br />Use:<br />I've bought other cheap mp3 players that were complete waste of my money mainly because of how annoying they were to use. The fuctions of this mp3 player are so dummy-proof. It has a simple on/off switch rather than holding some key down. It has two volume buttons and two skip buttons. I cannot stress how pleased I am with the simplicity of the fuctions. It is a little disappointing that this does not come with memory installed, however you can buy a 4 GB micro SD for $4 which isn't that big of a deal. But another problem along side with the micro SD is that I can't just connect the mp3 player to the laptop and indirectly transfer songs to the chip. I have insert the chip to thelaptop and transfer songs to the chip. Some laptops do not read SD cards or micro SD cards. So check your computer or laptop if it has a slot for micro SD cards. If not, you'll have to also purchase a micro SD adapter. They come in USB or SD chip form. I purchased one for $00.85 with free shipping. I do not consider this a fault of the device, but rather the fault of my own laptop. It does not have a built-in speaker so you will have to use headphones (which is included with the mp3 player) or an auxillery cable to connect to a speaker.<br /><br />Overall, I am very pleased with this product. I definately recommend it if you need an mp3 player that is simple to use (doesn't need a camera, a calendar, or anything fancy), cute, lightweight. The reason I didn't count off for the speaker is because many other mp3 players do not come with built in speakers, and with this price, it's not too much of a let down.<br /><br />I will update again if any problem arises.	2012-10-09
US	15679292	R3O4O69UKSL2PD	B001N4TWME	283230992	6 in 1 iPod Classic 80GB / 160GB Silicone Case Deluxe Package, Classic Skin + Car + Home / Travel Charger + USB Cable + Armband + Screen Protector + Gift	Mobile_Electronics	5.0	4.0	4.0	N	N	Love this case!	I don't think you can beat this deal. I needed a case for Ipod because I am rather clumsy and scratch things a lot without much effort. The majority of the cases I found were $30+ and I didn't want to spend that much. This case provides exactly what I need. It snuggly fits my 80G Ipod. The armband works great for when I am cleaning, heck it makes me want to start running. It also came with 2 chargers, I hated having to plug my Ipod into my computer overnight to charge it, now I don't have to. I also want to praise the screen protector it came with! I recently moved and learned a valuable lesson, Ipods and a set of wrenches should never be stored in the same purse! The damage on the screen looked horrible. I thought I had lost use of half the screen, but when I removed the screen protector there was only the tiniest bit of a nick on the actual screen. I would HIGHLY recommend this product.	2009-07-01
US	47700175	R214VO0DN4F76	B004SORQTW	663957402	OBCON R/T - 12 Volt Amplifier Cooling Fan	Mobile_Electronics	5.0	0.0	1.0	N	Y	Does the job	It does the job. Very small and slick. Need at least 2.  Very chep as well. Arrived on time to my destination	2012-07-06
US	42753713	R2GI799MUCAF6V	B004WEMYHM	39736357	Nanotch Protective Wrist Watch Strap for Apple iPod Nano (6th Gen.)	Mobile_Electronics	5.0	0.0	0.0	N	Y	It came before the expected ...	It came before the expected time,product ok,box is nice.Good product,service and transaction.cool<br /><br />  The payee is satisfied and his daughter too,it was a trade in and out from an old i-pod.Apple proposed to replace by a new one,reason of the purchase.	2012-03-06
US	41612872	RPZ0F20BWJVT2	B00362L8WI	340264229	CaseCrown Metallic Glider Case (Silver) for Apple iPod Touch 2G / 3G	Mobile_Electronics	5.0	0.0	0.0	N	Y	Best $5 Ive ever spent!	This case is seriously the greatest thing I have ever purchased, I liked the hard, silky texture it has.  I dont worry as much when I drop my IPOD touch, because I can count on this case to protect it.  I have received many compliments.  It is cheap, fits snuggly, and never falls off.  This is a steal compared to the price of cases like this in the store.	2010-12-14
US	17202263	R2OV7FSGLQE0GU	B004S89ZK6	419466164	5 inch GPS Gun Metal Carrying Case for TomTom XXL 540TM 550TM TomTom GO 2505TM 5-Inch Widescreen Portable GPS Navigator (Lifetime Traffic & Maps Edition) + SumacLife TM Wisdom*Courage Wristband	Mobile_Electronics	5.0	0.0	0.0	N	Y	Great for a Large GPS	I have a TomTom XL and it fits in here like a glove with it's cord. If you want to put the little window attachment in there as well, it will fit, but you will have to make some adjustments. I'll be the first person to say that I am hard on my electronics; especially those used in the car. But this case has been a lifesaver more than once. If you purchase this, you will not regret it.	2013-04-11
US	11153229	R3VRDZN4WRVY9J	B00308O75S	336598006	Case HD 16GB 32GB Accessories	Mobile_Electronics	4.0	0.0	0.0	N	Y	Great value, especially for the price.	My original Zune cord would only charge in one position, and ordering a new one from the company would have been $20+  The cords are a bit more flimsy than the original cords, but they work well. The price way amazing for the quality. Reading the reviews, I assumed that it would break easily, but I leave my wall charger plugged in all day, and ocassionally mistreat it... and its still working well. The fact that there are three ways to charge it is definately a plus, because if one were to break, you'd have a backup.	2011-08-06
US	11026108	RDOGOQC73EHPB	B00166G81M	776321291	2-Port USB Car Charger Adapter	Mobile_Electronics	1.0	0.0	1.0	N	Y	Terrible, doesn't work with ipod touch even though coloring would imply that it can be.	This product was very cheap, and I'm sure it works for other products, but for any i product, it seems to (as indicated by my usage, and the usage of others). Do not purchase if you intend to use it with an ipod, or iphone, because it appears not to work.	2012-01-20
US	29938491	RC1L3C8KJEB2R	B009AJIU1S	495287430	GOgroove BlueSYNC BR2 Bluetooth Speaker w/ Rechargeable Battery, Hands-free Microphone & Travel Friendly Design	Mobile_Electronics	5.0	3.0	4.0	N	N	exceptional value	Arrived very quickly!  Extremely happy with my purchase.  This BOOMbar has very clear sound, no static at all and is easy to use :)  Proud of this purchase and would HIGHLY recommend this product to all!	2013-03-26
US	53094194	RQ74GBHKLNBHT	B008JGR44W	663734548	The OontZ Ultra-Portable Wireless Bluetooth Speaker by Cambridge SoundWorks	Mobile_Electronics	4.0	87.0	93.0	N	N	Great sound for size and price	"A few small negatives drop this from five stars but it pretty much nails the important item, which is sound quality. For its size (which is smaller than the pictures suggested to me) and price, it's remarkable.<br /><br />SOUND<br /><br />- Beautifully balanced sound. The bass is particularly impressive for its size. You're not going to hear sizzling highs and body thumping bass, and that's a good thing. Many small speakers over emphasize the highs and lows which sounds impressive at first but becomes tiring. The sound is full and clean. I'll update the review after I have listened for a few hours, as that's the real test.<br /><br />- At high volumes, it pleasantly fills the room. Most important is that the sound is very clean at full volume, with no audible distortion. One of my tests is that I crank it up and walk across the house to see if it's still clean. Small speakers will often achieve high volume at the expense of distortion -- the OontZ maintains quality at all levels. It's not loud enough to be a head-banging party speaker but very loud for its size and more than enough for any normal use.<br /><br />- A key test for a sound system is low levels, especially important for systems that don't have a way to compensate for the natural fall-off of the highs and lows. The OontZ works very well at background levels. Sound remains clear and nicely balanced.<br /><br />OPERATION<br /><br />- Works very well. Bluetooth controls from my phone (iPhone 4s) all work as expected.<br /><br />- Pairs easily but sometimes takes a couple of tries to switch between devices (in my case, a Mac or the iPhone). I wish it would support multiple devices better (you have to switch off one device's Bluetooth to use another) but that's not unusual.<br /><br />- Speakerphone: Sound is very good on my end and when I called my audio geek friend, he said it sounded good on his end too.<br /><br />- Charging: Uses USB (and doesn't even come with a charger). Holds a charge for many hours. Only down side is that while it charges, that blue light blinks distractingly, and there is no indication when charging is complete.<br /><br />MINOR ISSUES<br /><br />There are a number of little issues.<br /><br />- The biggest negative, and the only one of any real significance is that the blue light flashes whenever it's charging. If the device is in front of you, or within peripheral vision, it's pretty distracting. A piece of black tape fixes this \\""issue\\"" but since the light is behind the speaker grill, needs a biggish patch of tape.<br /><br />- If the unit is off, the battery doesn't charge.<br /><br />- There are pops and clicks when changing modes such as changing to AUX IN, power on and off. Minor.<br /><br />- The OontZ logo on top of the unit is big, tacky, and not removable. The device is nicely designed but the logo is amateurish and big.<br /><br />- The manual is pretty poorly written and full of typos. But not a big deal, you won't refer to the manual much since the device is easy to use.Only down side is that while it charges, that blue light blinks distractingly, and there is no indication when charging is complete.<br /><br />MINOR ISSUES<br /><br />There are a number of little issues.<br /><br />- The biggest negative, and the only one of any real significance is that the blue light flashes whenever it's charging. If the device is in front of you, or within peripheral vision, it's pretty distracting. A piece of black tape fixes this \\""issue\\"" but since the light is behind the speaker grill, needs a biggish patch of tape.<br /><br />- If the unit is off, the battery doesn't charge.<br /><br />- There are pops and clicks when changing modes such as changing to AUX IN, power on and off. Minor.<br /><br />- The OontZ logo on top of the unit is big, tacky, and not removable. The device is nicely designed but the logo is amateurish and big.<br /><br />- The manual is pretty poorly written and full of typos. But not a big deal, you won't refer to the manual much since the device is easy to use."	2012-10-25
US	35476325	R1F3W1KTYP8V4Z	B003ZWPYJM	981473150	Premium Car Charger For Garmin GPS Nuvi 1350T	Mobile_Electronics	1.0	0.0	0.0	N	Y	JUNK	Fell apart second time I used it, you get what you pay for! Would not buy another one, at least it was cheap!	2011-09-05
US	5399241	RBYILJMQOP244	B000BQOVLW	195469841	ENERGIZER 6 LED HEAD PERP LIGHT	Mobile_Electronics	5.0	0.0	0.0	N	Y	Great for Land Nav	They fit nicely on standard Army ACH with a baseplate, not bulky at all.<br /><br />I just recently used this during a night land navigation lane and it works wonders, you can flip the light downward to help cross dangerous terrain with white light without being blatantly obvious from far away. They didn't malfunction in light rain, didn't slid off, and is very light.  The button is easy to press with gloves on.<br /><br />The only thing I wish it had was a separate switch for red light instead of having to toggle between all the modes.<br /><br />Overall, a really good deal for 16 dollars.  If you're still using a L-handle, invest in this.	2013-02-28
US	44482535	R1TLM8OZ84T0L0	B007OXLK82	64608314	GOgroove SMARTmini BT ADVANCED Wireless In-Car Bluetooth FM Transmitter with Charging, Music Control and Hands-Free Calling for ANDROID, iPhone, Blackberry and Windows Smartphones	Mobile_Electronics	4.0	0.0	0.0	N	Y	Much more than I expected	I have used FM transmitters before, never once have I had a good experience with one, so I naturally did not expect much from this. After reading through several reviews, I decided to give the FM transmitter one last shot. Cringing my teeth I pressed the buy now button, 2 days later the item was delivered to my home. I unpacked it, quickly put together the simple 2 piece assembly and plugged it into my car port. It was a simple installation and worked exactly as expected. At first the sound was awful, but after toying around with it a bit I found that the default sound for whatever reason was set to 30 (maximum) and distorted everything. When I changed the sound to 25 it sounded perfect, extremely clear! The buttons are all simple and easy to use, no problems interpreting directions from the manual, and a quick simple, easy installation.<br /><br />I do have one problem with it though. Why the clunky design? The power bar has no motion to it besides clockwise rotation. What I mean by that us the bar is stiff, it cannot be moved, why not go with a movable neck power bar? It slightly gets in the way of my gear shifter.<br /><br />The actual blue tooth piece (blue part) is clunky as well. Although having the ability to rotate clockwise is nice, when you rotate it, the buttons become uncomfortably far from the driver seat and it looks awkward when you have to read the numbers upside-down in the event you ever have to change your station.<br /><br />Besides aesthetic changes, this product is absolutely phenomenal and I would definitely recommend this to anyone even slightly interested.	2012-12-06
US	10764086	R26QXIQXXS3BG0	B002AO9J4C	227517211	iPod Touch 2nd Gen LCD	Mobile_Electronics	1.0	0.0	0.0	N	Y	Arrived cracked and not functioning!	Went through all the trouble of taking the iPod apart and installing the new LCD screen just to find out that it had obviously been damaged and the screen had multiple cracks all from one point on the top edge of the screen.  Then to add insult to injury, when the screen did come on it was all white except for gray areas all along the top and throughout the cracks.  The Digitizer arrived in this nice cardboard box with padding and inside of a padded envelope.  The LCD arrived in a regular padded envelope that in no way could protect a sensitive item like a small LCD screen.  So sad, now I have to return it and the itouch remains broken.  What a shame.  Not much point in having fast shipping when you have to ship things back.	2012-01-11
US	9802331	R36NO78Y5S9R8J	B006BIUP96	567306487	Lowrance Elite-4x Sonar w/XDR 83/200kHz	Mobile_Electronics	2.0	2.0	4.0	N	Y	difficult to operate and innacurate	Tried setting up in all sorts of ways but it still remains very innacurate .doesn't work as well as the standard fit depth sounder on my boat.	2013-01-13
US	30129808	R114E50QATUBHC	B002KCX0XK	214106007	Accessory Bundle for Zune 30GB: quality skin case + sporty armband + usb car charger + usb wall charger + usb retractable cable + screen protector + premium earphone	Mobile_Electronics	5.0	1.0	1.0	N	Y	Necessary Items for us abandoned Zune owners	"Yes, I have a Zune. But hold your laughter; I have an ORIGINAL 30GB Zune from 2006!!! But, I'm having the LAST LAUGH because it still works flawlessly and I've had the same battery for 5 years! Just had to replace it last year from years of use. Finding accessories for the Zune is getting harder and my adapter cord finally frayed to the point of uselessness. This company offered a great package; I haven't owned a car charger in years! Everything worked flawlessly and was brand new! Since my Zune has lasted so long, I should probably buy another one of these bundles as I'll probably wear it out before the Zune wears out! LOL<br /><br />And the \\""abandoned\\"" refers to Microsoft dumping the Zune when it worked flawlessly!"	2012-08-21
US	52006736	RPL9HVF5PRL5F	B001K0OIAW	25126301	Westclox Travelmate Folding Travel Alarm Clock, Black 47508	Mobile_Electronics	2.0	0.0	0.0	N	Y	Returned it .	I bought it for use at night, but the light was so dim seeing the time in the darkened room was impossible.	2012-12-23
US	52819003	REP9F99ME90IH	B004EGRTWI	596060032	Mini Speaker SD Card TF Slot	Mobile_Electronics	2.0	0.0	1.0	N	Y	Disappointed!	The description of this product on Amazon is completely inadequate.  The only things it will do is serve as an external speaker or play .mp3 files already loaded on the micro SD card.  The so-called USB connection is only for battery charging and provides no computer communication.  I need a player that allows me to transfer files between the SD card and the computer through the USB interface.  Also I need to play .wma files as well as .mp3 files.  I'm sending this one back.	2012-07-30
US	12629384	R3OC8FQDPZJHOA	B003TPQBJW	409283898	splash Masque Clear Screen Protector for iPhone 4 4G  4S AT&T and Verizon (3-Pack + 2 Bonus Back Films)	Mobile_Electronics	5.0	0.0	0.0	N	Y	Great !!	I have tried many screen protectors and have  Ended up wasting my money. This is by far the best  Screen protector you can get. It does not distort the quality   At all. Fits perfect on my iPhone 4 with Verizon.   Worth every penny.	2011-05-02
US	37139925	R2DN0YCKU06KOM	B0007WXPSU	975587579	Sony S2 Sports Walkman Armband Radio -SRFM85V	Mobile_Electronics	1.0	0.0	0.0	N	N	AM reception - non-existent	Not only is the AM reception horrible but the FM reception is spotty at best.  Not a good radio.  Period.	2010-07-28
US	36360610	R32NB78TKWM7LT	B001JJN3FK	270925363	Stylophone Retro Pocket Synth	Mobile_Electronics	5.0	48.0	52.0	N	Y	Lovely Piece of nostalgia	This is something I bought for just because I needed a portable keyboard on the go. I have fallen in love with this piece of equipment. Not only was it cheap , but it can play in three octaves using a switch and it can bend pitch almost up an octave. It also works as a portable speaker (sadly its Mono). You can also use it with earphones or a Amplifier. Overall this stylophone synthesizer is loads of fun.	2009-10-22
US	20067863	R164HQEA8J05C6	B001NN84D8	995921358	Shades Case/Cover for iPod nano 5G (5th Generation) w/ camera (8, 16GB) - Sunrise Orange	Mobile_Electronics	3.0	1.0	1.0	N	Y	Great product made my strached ipod look new :o)	I had my ipod for a year and never bought a case because never seemed to like them i was searching on amazon and found this nice colors made by shades. I got one and my ipod has semi starches and it looks like new and the orange is just lovely.	2011-06-28
US	11718259	R31A2T34LWM08A	B00166G81M	776321291	2-Port USB Car Charger Adapter	Mobile_Electronics	4.0	0.0	0.0	N	Y	Both will not work at the same time	"When I plug my iphone charger in, it works fine.. but if I plug in another phone too it says \\""Charging is not supported with this device\\"" and will charge the other phone... not both."	2012-07-23
US	41998620	R2DY8G42UBEGGJ	B005671W4U	1122584	MacBook Air 13-Inch Lock and Security Case Bundle	Mobile_Electronics	1.0	12.0	12.0	N	N	Never Buy Anything from this Company!!!	This is absolutely the worst company I have ever dealt with in my entire life! Our library bought an ipad enclosure from them that was an incorrect size. We returned it for the correct size. Our credit card was charged for both enclosures. It is now 10 months later, and I can't begin to say how many e-mails and phone calls have passed between two of our staff members and various Maclocks people, and we have still not received the credit for the returned enclosure.<br /><br />It has been a horrible waste of time on the part of our staff.<br /><br />The e-mails continued to promise that our e-mail addresses would be credited with the amount owed to us, and various other nonsense.<br /><br />The Maclocks website gives no indication of where the company is located, and it is almost impossible to find a phone number to call. This should clue any potential customer in to the fact that, should there be any issue, they will have no recourse.<br /><br />If you should be so fortunate as to get a phone number, any attempt to speak with the powers that be will always be met with the answer that they are busy and they will call you back, which, of course, they never do.<br /><br />DO NOT DO BUSINESS WITH THESE PEOPLE!!!	2013-02-08
US	23828712	R24IW9RIUY4PM4	B003JW0C7C	607532850	Sennheiser HMEC 250 NoiseGard Pilot Headset	Mobile_Electronics	2.0	4.0	5.0	N	N	Disappointing headset compared to other ANRs	I have this model of headset since about one year. Pro's: very light, good working ANR. Con's: very light plastic. How long will this survive when compared to a (heavier) solid headset? The ANR is placed in the earcup wherein your auricle (flap of the ear) comes. In other words it is added. This set is just the adapted version of an older model. This limits the space for your auricle (outside part of the ear). After two hours of flight I feel the pressure on my auricles. Not nice. The buttons on the headset to adjust 'Talk Through' or 'ANR' or 'TT volume' are very small. You can't handle these buttons in flight (unless you have very small sensitive fingers which are also usefull to insert the batteries).  Another problem is the soft case. Unless you are specialised in packaging things it's always difficult to get the headset back in the small soft case. Each time I have to puzzle and spend time on getting this set back in its case. Also, with my older headset I can disconnect the headphone cable (already replaced it once) but on this set the headset cable is fixed to the headset. If the cable is damaged or there's a problem with the 'operating control' (which is part of the cable) you can't buy a replacement cable. You have to bring the whole set to a repair technician. And last but not least: I don't like the earpads. Gel earpads are better fitting to your head.  For this comment I compared the set with my older more robust and heavier set with ANR and gelpads (from another brand). I regret I bought the HMEC 250.  When buying a headset, ANR is preferable. But, ask yourself if you need a mobile phone connection (for which you have to order a compatible cell phone cord).  Do you need a connection for an audio player? I don't use these gadgets.	2011-10-18
US	30295030	R1PUZ1JNR745DB	B00563CA04	997242110	CaseCrown Epic Standby Case (Red) for Barnes & Noble Nook Simple Touch / Nook Simple Touch with Glow Light	Mobile_Electronics	4.0	0.0	0.0	N	Y	Nice for the money.	It's very attractive and works fine.  I have no complaints on this purchase.  I would recommend this item, although I'm still going to real books.	2013-01-13
US	21191480	R1ARGC95LADM6E	B005671W4U	1122584	MacBook Air 13-Inch Lock and Security Case Bundle	Mobile_Electronics	2.0	15.0	15.0	N	Y	Bad Quality But Best Option Out There?	Many many problems.  We also dealt directly with the manufacturer or their agent.<br /><br />Examples:<br />1: they refused to send replacement screws<br />2: we called many times and emailed.  They finally called back but did nothing to help.<br />3: the base plastic from one model cracked<br />4: the cover keeps coming off<br /><br />Buy this as last option?  Maybe this is why Amazon was not even selling this except thru a reseller selling their used product they didn't want either?<br /><br />It has been many months and problem still not resolved.<br /><br />Want a call?  Call about buying the product not a return?<br /><br />Why two stars?  They are the best security we could find for apple airs.<br /><br />Electronic Innovation Institute	2012-05-15
US	11379691	R3ES4QHM7WPAWC	B00ABJIBWE	112824062	Tuff-Luv 'Embrace Plus' case cover & Stand for Nook 2 / Simple Touch Nook - Pink	Mobile_Electronics	5.0	0.0	0.0	N	Y	Love it!	I love this case. It has everything I wanted in a case all in 1. I would recommend this to anyone who likes to read both while holding it in your hand as well as standing it upright in front of you.	2013-02-25
US	14026323	R1BJT2GSUBKDRH	B002UR1XMK	790672759	2-Tone Stand Alone apple ipod Cover Case Protector for Apple iPod Touch 8GB 16GB 32GB 64GB 3rd Generation iTouch MP3 Player-Black	Mobile_Electronics	3.0	1.0	3.0	N	Y	Decent case, but doesn't protect front & wrist cord useless	"This case gives good protection to the back of an iPod touch, but gives no protection whatsoever to the front face of the device. Had I realized that, I would probably not have ordered it. Luckily, I also purchased some film to protect the front glass against damage. If you buy this case be sure to do that!    The \\""free\\"" wrist strap is useless. There's no place on the case, or on the iPod itself where it can be attached."	2010-02-12
US	40166741	R2DM5UQU82N2DA	B0078XKTTY	339779605	Mivizu Universal Windshield/Dashboard Car Holder Cradle for iPhone 5, Samsung Galaxy S3, S2, Note 2, Motorola Droid Razr HD Maxx, iPhone 4s & Vent Mount	Mobile_Electronics	4.0	0.0	0.0	N	Y	COOL!	Muy buen Holder! lo uso para mi galaxy note 2 y me encanta como se ve puesto!! facil de poner y quitar!! comodo. Me encanto!! so COOL	2012-11-29
US	46333227	R1D3EAAHKA89QN	B002FA3R08	120061985	15-Item Accessory Bundle for Apple iPod Touch 2G and 3G	Mobile_Electronics	3.0	0.0	0.0	N	Y	Things Missing	When I received the package, it had a hole in it and a few things were missing.  The house charger and the cable for use in the car were not there.  I tried to find a place on Amazon to get a message to the company that sent it but it was impossible. I finally had to go out and purchase the items at a retail store.	2010-04-24
US	32783910	R2NGT7N5I9PWHU	B002DUA67C	657031823	Refurbished Creative Zen Mozaic Mp3 Player Mp3 Player 2GB	Mobile_Electronics	5.0	0.0	0.0	N	Y	Zen keeps getting better	This is my most recent Zen player, and a replacement for the one that died after five years of use. The original player I had was great, and this just improves on every feature. The battery life is extended, the sound quality is exceptional, navigation is simple, and the built in speaker isn't the loudest, but it is a real speaker if you want to use it that way. Zen hasn't lost sight of the idea that they are producing music players, and they continue to excel in that.	2011-08-25
US	41781356	R19ISQNTF6QRB2	B00421GUS4	412663099	USB Car Charger + USB Home Wall Travel AC Charger for Coby MP800	Mobile_Electronics	4.0	0.0	0.0	N	Y	Wall & Car Charger for Zen Mp3	Product arrived in a timley fashion ..it was just as described in add..it works..I'm pleased with this tranaction and will use supplyer again	2013-03-03
US	46968914	R3NAM4YNSZP2LQ	B009A7EOY2	149296295	BinnBox Hot Sale Elemetal Watch Wrist Strap for iPod Nano 6G - (Stainless Steel, Silver)	Mobile_Electronics	1.0	0.0	0.0	N	Y	so disappointed	it was fine for the first few days, then the band started falling apart. i wouldn't recommend this to anyone	2012-12-30
US	30711463	RKZ7W1E553RA5	B004E9C90C	637000200	Blue White Daisy Flower Design Fabric Leather Padfolio Cover Case for Barnes & Noble Barnes and Noble Nook Ebook Reader (Will Not Fit Nook Color)	Mobile_Electronics	4.0	1.0	1.0	N	Y	Nook Cover	My daughter is very happy with this cover. The Nook is very secure in this case, it is well made, and worth the cost. The only thing is that it is not blue.  I was surprised to see that it is actually green.  Good thing my daughter likes green.	2011-04-23
US	17680353	R2CL778QCKTH5S	B003ZFOXVY	765215424	Cellphone-Mate Lightning Protector	Mobile_Electronics	5.0	1.0	1.0	N	Y	Cellphone-Mate Lightning Protector	I purchased this on Amazon for a recently purchased an amplified antenna system for my home. This was exactly the same part and was cheaper through Amazon than at company where system was purchased. Delivery was fast; actually received it a few days before getting the system. ;)	2012-02-19
US	12478892	R2CQWRC1BFE87W	B0050L87P4	167991394	Rock Star Skull Design Crystal Hard Skin Case Cover for Apple Ipod Touch iTouch 4th Generation Gen 4g 4 8gb 32gb 64gb New By Electromaster	Mobile_Electronics	2.0	0.0	0.0	N	Y	Wasn't Pleased	Cool design but it was cracked when I received it. It was also hard to put on and take off.	2013-01-03
US	37867336	R26B5LDDOLFSX2	B000XCK00K	681941607	BoxWave True Bamboo Apple iPad 3 Case, 100% Authentic Premium Grade Genuine Bamboo Wood iPad 3 Cover Shell Case - iPad 3 Cases and Covers (Onyx)	Mobile_Electronics	1.0	0.0	0.0	N	Y	Doesn't look like picture	It doesn't look anything like the picture, it's solid black. It may be bamboo, but it looks and feels like plastic.	2012-10-17
US	33434201	R2VXJ3O4Q9ESYK	B002WAMA3Q	3803387	Hard Carrying Case Cover for Garmin Oregon Portable/Handheld GPS Navigator 200 300 400c 400i 400t 550 550t	Mobile_Electronics	1.0	6.0	6.0	N	Y	Horrible zipper; buyer beware	I buy just about everything online and this is the very first review I have ever done. I ordered this case for my Oregon 400c primarily based on price. It was a gamble and unfortunately I lost. The product is of very poor quality and the zipper is worthless. I am now in the process of trying to return it and get my money back. Spare yourself the trouble and purchase another case.    Update: I have sent numerous e-mails to the vendor requesting an RMA or refund and 3 days later I have yet to receive a reply or acknowledgement from anyone. Going from bad to worse...	2009-12-21
US	23605152	R1MLG3ZJMH3LC4	B001RU0IU4	822336404	Memorex Mi1003-BLK Speaker System for iPod (Black)	Mobile_Electronics	4.0	0.0	0.0	N	Y	Low cost	I did not want to pay $200 for a device to play my nanopod.  That kind of money used to get me a good component stero.  I've used this item on my boat all summer.  And it works fine.  Not high fidelity but for low cost it is great.  Considering it is in a marine enviroment, I'm surprized it still works.	2010-10-07
US	5485566	R28STMCM5KMM20	B009ZI23XU	19558339	New 8-Pin - Lightning USB Data / Sync Charging Cable + Cube Wall Charger Adapter + Car Charger Combo for Apple iPhone 5 iPod Touch 5G 5th Gen iPod Nano 7th Gen iPad Mini iPad 4 iPad 4G 4th Generation	Mobile_Electronics	3.0	0.0	0.0	N	Y	Mixed feelings	I bought this for my I pad mini ( I lost my cord and car charger in one tragic day )  any way the cord works fine but it doesn't seem to fit the. Wall charger .. Rather the USB end is not flush with the  wall unit like my  apple  store model is , same deal with the car charger  ( the charger works but it bugs me that its not flush and only lights up on bottom) in any case my mini doesn't seem to hold  Its charge  as well . So I'm going to have to return them :(	2013-04-22
US	42629651	R2VUTOM3X0VV5B	B0080AAX04	635630349	Lime Green/Blue Case for Apple iPod Touch 2G, 3G 2nd and 3rd Generation	Mobile_Electronics	4.0	0.0	0.0	N	Y	Good Case	It is a good fitting case and my kids love it.  Wish it had a screen cover for fingerprints with it.	2012-11-30
US	26570950	R16WHYMIPISMH7	B006QF22HM	493478489	Excelvan FM Transmitter + Car Charger + Remote Control Compatible with iPhone 4S/4/3GS/3G iPOD	Mobile_Electronics	1.0	0.0	0.0	N	Y	Transmitter	Did not receive most of the parts. It's okay though because I bought one that works. :) Not a biggie. This was cheap anyway	2013-06-07
US	28682399	RCPMZC3OVIKSX	B003SH571E	816208213	BlueAnt S4 Bluetooth Car Speakerphone Kit [USEN-BAW-S4]	Mobile_Electronics	4.0	0.0	0.0	N	Y	Excellent handsfree speaker	I checked the reviews on this speaker kit before buying. It was rated number 2, but the price on the number one rated product was 3 times as much, and this was top-rated for it's price range. The voice is clear and has a good volume range, the people I speak to say they can hear me well, and I can hear them perfectly. It works with your phone's voice command system, so make sure you have voice command ability on your phone. One downside is that it doesn't come with a complete users manual, so my son found it difficult to start using. (I purchased 3 for my family) I went online and there was a decent manual, so it made it easier to set-up (it only responds to certain commands, so you have to know the commands to start using it!) This was a minor bump in the road, and it works well with my phone. The unit is compact and sleek and slides onto the visor very securely. The actual unit attaches to a clip using a strong magnet, and the magnet is excellent. I have forgotten to turn it off when I left the car overnight and the battery was still strong. The seller was prompt in shipping,unit was brand new, in a generic box and I was able to get it in time for Christmas by using priority shipping. I would definitely recommend this to anyone looking for a good handsfree speaker kit.<br />UPDATE: I loved this handsfree speaker but it stopped charging as it reached the one year mark. I am considering buying it again because it worked so well. Disappointed that it only lasted the year, not sure if that is par for this product.	2013-02-02
US	39711782	RQGLNK93RT2OD	B00166G81M	776321291	2-Port USB Car Charger Adapter	Mobile_Electronics	1.0	0.0	0.0	N	Y	Mistake	Buy the real thing. I bought this and 4 hours into my ride i realized it wasn't charging my phone.	2013-01-20
US	24282700	RVT3WTGAQ1I5B	B003XIAJ2A	407104479	FM Transmitter for Apple iPhone 4 Car Charger HANDS-FREE	Mobile_Electronics	1.0	1.0	1.0	N	Y	BUYER BEWARE	"I bought this product in March of 2011 and it worked well...it worked for about 3 months.  Then the it stopped charging the phone when it was plugged in and shortly after that one of the side \\""handles\\"" that holds the phone in snapped off.  I contacted the seller not even asking for a refund - but just to replace the product with a new one.  I figured since it was only 4 months old that seemed reasonable enough - But i was told that they don't offer replacements and my time frame for a refund and already passed.  So unfortunatly my only course of action left is to leave an honest review of a bad product.  THere are a million other transmitters out there - not saying they are any better or worse - but hopefully if you get one from a decent company they will at least honor their product."	2011-10-20
US	40065863	RWTD4XOVBWYW9	B002IBAMFM	276375152	USB Sync and Charging Cable Compatible with Apple iPhone (White)	Mobile_Electronics	3.0	39.0	44.0	N	Y	Decent for charging, but not for data	I purchased a total of 6 (4 on their own, and 2 with power adapters) of these so I wouldn't have to carry one cable with me everywhere I went. When I got them they were all in plastic bag packages with MOBI in a black header at the top. At first I tried to use one to do a sync on my iPhone 3Gs but it errored out. After that I decided to test all the cables for data transfer ability. I used SharePod to transfer 1.8Gb of music(3 audio books) from my pc to my phone. First I did it with the Apple OEM Cable that came with my phone. It transfered all the files in 4min 12sec (SharePod shows how long it took). Then I tested each of the cables. Of the 6 only 1 was actually able to do the file transfer, the other 5 couldn't even transfer one of the files to my phone. They all gave the same error (Sorry I don't remember exactly what it was). However all these cables do seem to work for USB charging. I have noticed that occasionally they do disconnect and immediately reconnect.    In short they are fine for USB charing, but I wouldn't use them for data transfer.	2010-03-13
US	47816256	R1DF5D20S1ZQA1	B003O3QSG0	716147291	"Visonik V212BS Car Audio 1500 Watt Dual 12"" Sub Enclosure Amp Combo"	Mobile_Electronics	5.0	0.0	0.0	N	Y	Amazing	These things are great! For any type of music. Hits and pounds hard and u can still hear the song clearly! It's great! Only gonna have them a month in my car but I'm gonna put it in my moms car. I went to Walmart and set car alarms off! Does need a higher watt amp. But its still good. Never really messed with visonik but i regret it. Anyways, they are a wonderful 1st system, if u don't know what to look for. I've had around 8 different systems in my truck and this is in the top 5. It's above MTX. But yea, great product, thanks visonik.<br /><br />  -Josh	2012-03-22
US	6396889	R1975JJE0IHAZB	B008TUEMVG	532163668	POLYGON MP3 PLAYER 1.8'' TOUCH SCREEN 4GB SILVER	Mobile_Electronics	3.0	0.0	0.0	N	N	Polygon mp3 player, OK	This mp3 player was OK. The touch screen was really hard to even slide to the next page. I would suggest to get some other iPod unless and you just want something temporary cause it was cheap.<br />Pros:<br />Cheap<br />Fast shipping<br /><br />Cons:<br />Bad screen<br />Bad battery	2013-03-14
US	45417170	R1FEHY9Z6E474Y	B004MU66Q6	72822056	iShoppingdeals - for Barnes and Noble NOOK COLOR eBook Reader Tablet WiFi- USB Auto Car Charger	Mobile_Electronics	5.0	2.0	3.0	N	Y	great little gadget	This works great!  You just plug the cable that came with your Nook color into it and you have power to it in the car.  Using this I was able to entertain my grandchildren on a very long car ride.  A great bargain.	2011-08-26
US	51655289	R402GMQE6PS5S	B00B2CFCR6	543429396	Maxboost iPhone 5S Case / iPhone 5 Case [Fusion Snap-On Case Series] Premium Coated Protective Hard Case for iPhone 5S / iPhone 5 (Fits All Versions of iPhone 5S & iPhone 5, AT&T, Verizon, Sprint)	Mobile_Electronics	2.0	0.0	0.0	N	Y	Great looks and concept, all else bad - avoid	"Really wanted to like this product, it looks great and I love the idea of just connecting when I need to. Unfortunately it's not well made. The first unit arrived with a big gap in the case and the seller replaced quickly for me. The second case also had immediate problems, it only charged once and when it did work it was giving me the \\""Accessory Not Supported\\"" message. From then on plugging it in did nothing unless you put a lot of pressure on the male plug. This was a brand new unit mind you, not something that had a few years to wear down. Disappointing to say the least."	2013-06-08
US	41865488	R61RHZJU3SWS2	B003BLFT74	657494886	Samsung Black WEP490 Bluetooth Headset with Wind Noise Reduction Technology	Mobile_Electronics	3.0	1.0	1.0	N	Y	Not good for noise reduction	Good product for the price; clear voice when speaking unless there is noise around you (i.e. wind, traffic, someone is ruffling papers, etc.) There is also short static before and after speaking. The description and packaging says noise/wind reduction but there is no button to press to activate (like other brands) and as mentioned there is alot of background noise.	2012-06-10
US	51459404	R337XTTYT5MGXW	B009XZJOAA	863904601	FORDIGI - Microsoft Surface Windows RT Crystal Clear Screen Protector Shield [2-Pack]. Lifetime Replacement Warranty	Mobile_Electronics	5.0	0.0	0.0	N	Y	good product	haven't had a long time but, it went on easy, and seems to be doing a good job. Evertyhing I expected	2013-01-16
US	20332889	RQTKZELQKS2H7	B004ELFH0O	336018761	1998-2002 Silverado Aux Adapter for GPS, XM & Sirius Satellite Radio, iPod & MP3 Players	Mobile_Electronics	1.0	0.0	0.0	N	Y	a lot to be desired	Not what I expected. The radio clock resets to 1:00 without doing anything to the radio. and to set the radio to aux. input you have to go through a process that takes to much time. I thought I had the solution for fixing the radio in my truck only to realize that the item I bought cost to much (150.00) and gave the inpression it was the solution. BAD.	2011-07-12
US	18176318	R33AU6L2WJOA9W	B009DRD6P2	373254478	Garmin BlueChart - Knysna, SA to Beira, MZ, JUL 08 (AF452S), Garmin Data 010-C0667-00	Mobile_Electronics	5.0	1.0	2.0	N	Y	Good service	Because the service was fast ,I needed the Product. To my friends ! So that the can buy there own one.	2012-12-23
US	10610567	R2HFWBQCUEHY8L	B004J1OEOE	753014701	"PC Miler Navigator 750 7"" All-In-One Truck GPS"	Mobile_Electronics	1.0	4.0	4.0	N	N	Pc miler 750 update	"This is not my first Gps.my first one was a garmin 2610 that cost $750.00 back in 2004.That garmin saved my bacon more times then I can remember.The Industry has come along ways.having said that lets move on.The 750 is a good unit for the money.Well Built pretty much all around Software works good,little trouble hooking up the software from ALK couple of BSOD's when hooking the unit to my laptop.I had to hook it up AFTER MY COMPUTER WAS ON. Not a deal breaker.No live traffic updates Like the Rand Mcnally units.Still not bad..Except the part where ALK Management is supposed to look at the way the software was written and use some common sense.Before Kicking the unit out the Door to the Public...When your Looking at some of your Routes(favorites) that you have saved and you go to do a Preview of that Route.<br />You have only TWO OPTIONS you can either hit the GO BUTTON or TURN THE UNIT OFF THERE IS NO OTHER OPTIONS AVAILABLE!!!!!<br />This is TOTALLY UNACCEPTABLE!!!!  A company the size of ALK with all there software Engineers Couldn't see this was a Bad Idea????<br />That's way I gave this unit only 3 stars other than this Little? quirk This is a fine Unit.Raymond Harasik....Since I originally bought this gps a while ago alk has never updated it,the software that was supposed to update this gps has \\""never\\""  worked tech support will not answer any of my e-mails.They claim now that you have to send back the unit to be upgraded by the factory.but,no one will tell me how to do it..ALK IS A BAD COMPANY.DO NOT BUY FROM THEM YOU HAVE BEEN WARNED!!!!!!"	2012-03-31
US	48453591	R2ZCZO5LKH26D6	B003Y3N19W	245601413	Earphone Headphone with Mic Compatible with iPod iPhone 4G OS 4 4th iPhone 4S AT&T, Sprint, Version 16GB 32GB 64GB	Mobile_Electronics	3.0	0.0	0.0	N	Y	the headphones work decently	these are not for anyone looking to have amazing quality i mostly use these when i go to the gym so that i don't get my nice expensive headphones wet. For the price it is worth it because it has served its purpose well and i think it is worth the money for anyone listening to music just because they want to. it is not bad quality and will work for many devices.	2012-08-10
US	17402901	R29XJ585YYSFZ	B004QY55QU	382358696	TsirTech 14-Item Accessory Bundle for New Apple iPod Nano 6th Gen Generation 8GB 16GB	Mobile_Electronics	5.0	0.0	0.0	N	Y	good buy	This was a very good price for all the accessories you would really need, god quality and assortment come in the package	2013-04-10
US	34078552	R18UI5VYELWUT1	B00445V9FC	961987466	Viper 350 Plus 1-Way Security System 3105V,old package	Mobile_Electronics	1.0	7.0	12.0	N	Y	stay away from VIPER products...check their website...warranty void	"I bought this product and received it in a timely manner; HOWEVER, some of the wires were not crimped properly making the product useless. No problem right? I'll just return it. NO YOU WON'T. My helper tore up the box for recycling and the only way to get an amazon refund is to return it in the original box and wait two days for them to process the return. STRIKE ONE. No problem, I'll contact the manufacturer. NO YOU WON'T!! Go to viper.com and you will be greeted with a warning stating buying their product from an \\""unauthorized dealer\\"" voids the warranty. YES, Amazon is NOT an authorized dealer. I will never buy a viper product again.  One star rating is too good!!!"	2013-02-14
US	40014717	R17Y4NX6LTWYWU	B001MLV1SG	189830285	Mini-FM Transmitter + Charger with LED Display for Apple iPhone (1G & 3G) and iPod Nano (3G & 4G), Touch (1 & 2G), Video, Classic (3rd, 4th, 5th Gen)	Mobile_Electronics	1.0	1.0	1.0	N	Y	Poor signal	Sound had heavy static unless within 1 foot of antenna. Tried in 2 different cars with different stereos; however the results were the same.    Send the product back to manufacturer for a refund. Two months later - still no money.	2009-06-07
US	12923277	R1A3J76D5MQDKX	B004XJFH2A	193679879	ALPINE CDE-123 CD Receiver	Mobile_Electronics	5.0	0.0	0.0	N	Y	GREAT radio	The radio is better than I thought it would be.It has all the goodies that I wanted and then some. Should have gotten it a long time ago.	2012-07-15
US	51758938	R3CA4MSU0366Z5	B004X6B1Q4	538074889	Speck Products SmartShell Lightweight Ultra-Thin Case for iPad 2 - Clear (SPK-A0427)	Mobile_Electronics	5.0	0.0	2.0	N	Y	just what i ordered	what i ordered. arrived on time and in great shape.   dear amazon, i don't think we should be required to submit a written review. it takes time to even take the extra step to give a review, so if we just want to star it, that should be enough! love amazon, because everything is so easy and reasonable - having to write a review is not easy and not reasonable. please don't print this. I hope I am in the recommended word count.	2011-12-07
US	50485638	R1OKVWZPXKZ842	B001N1ZM5S	116678709	Garmin Nuvi GPS Cradle Fits 200, 200W, 250, 250W, 260, 260W, 270, 205, 205W, 255, 255W, 265T, 265WT, 275T	Mobile_Electronics	5.0	10.0	10.0	N	Y	Does it's job.	The Bracket Cradle fits my Nuvi 255W perfectly.  The configuration of the ball is a little different from the one that came with the GPS, but this doesn't make any difference that I can see.  Snug enough to hold the Nuvi in place while in use.  I think it's a little expensive for a stamped out piece of plastic, but it won't break the bank, and gives me the confidence of knowing I have a back-up should the original get lost and I couldn't use the 255.  I'm not rating the price, just the item - and the item does it's job quite well.  As good as the original.	2010-01-23
US	31443287	R2A8KIU9D8GEGT	B00AM4E0D2	630119261	Blue Skull Snap-On Hard Skin Case Cover for Apple iPod Touch 5th Generation 5G 5	Mobile_Electronics	3.0	0.0	0.0	N	Y	Kinda cheap	This was what was expected. I have bought cases for $1.97 on Amazon and they were very nicely made, this was not bad. Son liked it.	2013-06-06
US	26721272	RA30PE0QL74TD	B005S2XQLU	133023814	2 X Grey Innovatek IN-56HR 5.6in Car Headrest TFT LCD Monitor	Mobile_Electronics	5.0	0.0	0.0	N	Y	excellent product	Very nice product , good LCD car .. producto muy bonito se ve muy bien , lo recomiendo 100% BUENO ...	2012-04-08
US	38944891	R2KCAZMOQNPBS6	B008A84G6S	934364270	QQ-Tech® 4GB Waterproof Mp3 Player With FM Radio for Swimming Surfing SPA IPX8	Mobile_Electronics	4.0	0.0	0.0	N	Y	Pretty Good	The player comes with more stuff to use it both in the water as well as on dry land.  While it doesn't have all the bells and whistles of an iPod, it does a pretty good job and includes an FM tuner.	2012-07-22
US	39348751	R1X44E3Q1DKRUP	B0069ZFYCY	627022964	eForCity Leather Case for Barnes and Noble Nook Color, Purple	Mobile_Electronics	3.0	0.0	0.0	N	Y	PROBLEMS WITH COVER	The things I think could be better are:<br />1) A better variety of colors<br />2) A more secure closure<br />3) A stronger spine	2013-04-28
US	49186420	R249RGC0RPBA2X	B009OUFXIG	623715291	Light Pink 3-Piece Deluxe Hybrid Premium Rugged Hard Soft Case Skin Cover for iPod Touch 4th Generation 4G 4	Mobile_Electronics	3.0	0.0	1.0	N	Y	General use	The adage of you get what you pay for applies. I wish I'd ordered an Otterbox . The screen protector was scratched up when I received it . It was cheaper to buy another than ship it back for replacement .	2013-01-19
US	5306670	R3M5J55QSBN3D0	B0096R31IQ	494240455	Logitech S715i REFURBISHED Rechargeable Speaker for iPod and iPhone	Mobile_Electronics	4.0	0.0	0.0	N	Y	Great sound, but doesn't charge all iPods/iPhones.	Great sound, but doesn't charge all iPods/iPhones.  Would recommend, but secondary charger required to juice up the battery.  Volume is awesome.	2013-04-16
US	26820271	R3G1PZEMAFGL1R	B0052RIBVQ	153165223	Philips Saa2050h/17 Cassette Adapter	Mobile_Electronics	5.0	4.0	4.0	N	Y	cassette adapter	this is the second one I owned, the first one was a different make but this one made a better sound quality for my ipod	2013-02-05
US	15127646	R1U6BH2GB374GI	B002PK57VA	806372579	Snapon Cover Shield Protector Case for New Ipod Nano 5th Generation 8g 16g + Screen Protector Kit	Mobile_Electronics	5.0	2.0	2.0	N	N	Nice little case	This is one nice little case for your Nano. One good feature is no need to take it out to charge. Good for carry your nano wherever you go!!	2010-01-10
US	36268961	R2XO45EZCGUFWW	B00487R5N6	414933343	Sony Portable AM/FM Radio Black (ICF-38)	Mobile_Electronics	3.0	1.0	1.0	N	Y	Just what you'd expect for the price	...and therefore perfect for my minimal needs.  Not everything needs to be Bose.  I am entirely and completely satisfied.  Yeah. (Minimum word requirement met, whew!)	2013-03-13
US	15898408	R12VCXO09T5HF8	B001JJN3FK	270925363	Stylophone Retro Pocket Synth	Mobile_Electronics	5.0	40.0	47.0	N	Y	the perfect toy!!	just got this in today, and  i love it, it has that now antique synth sound, like out of a fellini movie, response is excellent considering the price,  nice and loud, with three dif  octaves and  a pitch knob on the bottom, i love it, you cant get sounds from scary movie to church organ,and to beat all that, very very cool design,  it looks like a anacronism embedded in the dashboard of a 57 chevy,  or imagine a furturistic 350 style top panel on a fender tube amp, ok thats silly, but this things cool	2009-08-17
US	52477635	R1U3MQ2BKZADWD	B008ZZHPGO	205203791	The Friendly Swede 5 x Penguin Silicone Cases Skins Covers - Hot Pink Purple Green Black Blue - Microfiber Cloth and Retail Packaging	Mobile_Electronics	5.0	0.0	0.0	N	Y	Penguin Silicone cases for Itouch	My daughter found these and I ordered them for her. She loves them and has a lot of fun with them showing them off to friends. They fit very well. The Friendly Swede did a great job and had the cases delivered very quickly in perfect condition. Very pleased with the purchase.	2012-11-07
US	10469618	R1IKBJAE4LLI4T	B002ZVT8QO	514721726	XM XDNX1V1 Onyx Dock-and-Play Radio with Car Kit (Black) + Home Kit Bundle	Mobile_Electronics	4.0	2.0	2.0	N	N	Tough Little Unit!	"This is a tough little unit.  I'm a farmer, and I use it in the pickup, tractor and combine.  These are not the best environments for electronic equipment, but I've had this for just over a year now, and it has never failed me yet.      Yes, there are a lot of wires to contend with.  Deal with it.  First off, there is the cradle for the radio.  Then there is a power wire to the cradle, an insanely long antenna wire, and if needed, a direct input wire.  Take the time and get a little creative and you can make most of them almost disappear.  My pickup has an \\""aux\\"" jack so I can just plug the radio into the pickup stereo.  The tractor and combine don't have the \\""aux\\"" jack so I use the FM broadcast feature of the radio.  You have to find a vacant spot on your FM dial, but when you live out in the middle of nowhere like I do, that isn't hard to do.  Set the Onyx to broadcast at that vacant frequency, and it works!  I've noticed that the sound quality does suffer just a bit when in the FM broadcast mode as opposed to the direct input.  But, tractors and combines are not concert halls, so I don't mind.      It is a bit of a pain to move the radio and mounting kit from one vehicle to another, so I would recommend purchasing a vehicle mounting kit for each vehicle you plan to use it in.  I have the home docking kit attached to the stereo amp in my shop and with my old Klipsch speakers, I can really \\""rock out\\"".      I have only minor complaints on the unit.  First of all, the anntenna wire in the vehicle mounting kit is too long.  I can't imagine a situation where anyone would need all that wire.  Even on my tractor, I ended up coiling several extra feet of wire and trying to hide it.  Also, there are only ten presets on the radio.  While this may be enough for many people, I have about 15 channels that I listen to on a regular basis.  Extra presets would be nice."	2011-05-31
US	12384780	R36Y3KO5TJQ11A	B009XUNO88	323449751	Soundstorm Ssl Dg41600 1600w 4 Ch Car Audio Amplifier Amp 4 Channel	Mobile_Electronics	4.0	0.0	0.0	N	Y	recomended	good amp<br /> perfect fit to 12D&#34; jbl sub and 6&#34; art audio speakers<br /><br />sound is amazing in my pick up , hell yea ¡¡¡	2013-01-02
US	45826311	R16NCP05WDR9PA	B0058FZQ7Y	435871352	"3.5"" TFT LCD Car Color Monitor for Car Reverse Camera GPS"	Mobile_Electronics	4.0	0.0	0.0	N	Y	good monitor	works good and does what it needs to. very clear pic. The stick on part was not that great so i went and got something from local store	2011-10-29
US	48129991	R29RRN6OLON8QF	B0010DAPB0	206044203	USB Connector Cable Compatible with Apple iPhone / iPod (White)	Mobile_Electronics	2.0	0.0	0.0	N	Y	USB CABLE FOR IPOD	The description is not clear. This cable does not transfer data between Itunes app and the computer. It is strictly a power cable.	2010-10-22
US	49793285	R1VNF9O3YWOKG8	B001UGAX82	856324740	6279Q595 Replacement Battery 1600mah for Apple iphone 3G	Mobile_Electronics	5.0	2.0	3.0	N	Y	Turned a brick into a gem!	Without going into a great deal of detail. If you are comfortable with taking things apart and putting things back together, this product will be something you can use.    I would have given it five stars on ease of use if it had worked the first time I put it together. This event was not the products fault at all. I merely was not paying attention and one of the connections came loose when I closed the phone and powered it on. Unfortunately, I could not figure a way to power the unit back off without the use of the screen. This apparently was necessary in order to get the screen to work. I eventually had to disassemble and disconnect the battery lead, which does not require the complete removal of the battery (just a screw and lifting of the circuit board). I am sure that is not advisable so be careful not to allow your connections to come loose as you close the phone.    I was quite pleased to see my brick display my crisp little apple finally. I would happily do business again with these vendors.    I would also like to see better video on ribbon 3. Most videos tend to skip that part for some reason. Hopefully, Apples engineers will change that design anyway.	2010-04-06
US	14875671	R3TJOIPR2D7IRU	B009WYJF06	589771670	Poetic Lawman Case for iPod Touch 5 Black/Gray	Mobile_Electronics	1.0	0.0	1.0	N	Y	Does NOT fit iPod 5!!	This case does NOT fit the new iPod Touch 5th Gen, the button covers keep the iPod buttons permanently pressed in... USELESS! I returned it no problem with Amazon, but there was a very disappointed 12 year old on xmas. I would not buy this brand again, it's obvious that they manufactured this case without the proper specs.	2013-01-18
US	33347603	RLJYZRFYG7QK5	B004A83PE6	683281404	6-Pack Mirror Screen Protector for Apple iPod Touch 4th Gen	Mobile_Electronics	1.0	0.0	0.0	N	Y	Covers	These do not work they do not hold to the screen total waste of money.  They do not protect from anything	2013-05-24
US	49371585	R2AGPWPIP40TV9	B003RYP3Q2	826583662	iGg iPod Nano 5th Generation (5G NanWallet) Leather Case - Red (Free Screen Protector)	Mobile_Electronics	5.0	0.0	0.0	N	Y	"Great little ""gadget"""	I was heartbroken when my iPod Nano took an unexpected dip in the pedicure chair sink.  I was so happy to have been able to purchase a replacement on Amazon, since the 5th gen iPod had been discontinued.	2013-05-04
US	32821955	R2K4BRTBIPINUH	B002UFIY88	625929024	"Apple iPod Nano 5 (5th Generation) Snap-On Hard Case Protector ""Red Hearts"" Design"	Mobile_Electronics	5.0	0.0	0.0	N	Y	IPod nano case	Great protective case with beauty as well.  I got this case to protect my new iPod nano and it is just what I needed.	2010-06-17
US	20780996	RAONFA6TNK9W5	B0067XVNTG	563475445	"Generic Car Dashboard Video Camera Vehicle Video Accident Recorder (2.0"" 1080P)"	Mobile_Electronics	4.0	0.0	0.0	N	Y	Good little camera	I bought this camera based off the reviews from this, I looked into other cheaper dash cams but had mixed reviews.  It seems japanese made so it seems to be good quality. Bought a $10 16GB mini SD card from walmart and started recording right away.  1080P records pretty good, although I noticed its a bit laggy, perhaps because it records @ 15fps ... I set to 720p and quality is still great and 30fps so quality is really smooth. Was easy to setup, did not need to change language as it was already preset to english.  Easy to turn on, hit power and it starts recording, hit the okay button to stop recording and press again to start recording.  Another button allows you to select between picture, video, and playback, and you can view the previews easily by using the left,right buttons.  Comes with a HDMI cable that I actually kept to use for a tablet :D.<br /><br />Overall this camera is definitely worth purchasing and is great for the price.	2012-09-26
US	34376373	R3FRDSVDOTL783	B0045DIQ9K	85008981	HTC EVO 4G compatible Integrated 12v DC Car Charger and FM Transmitter – Uses Gomadic TipExchange to play music on the FM radio	Mobile_Electronics	5.0	0.0	0.0	N	Y	The product works as expected.	I have had this product for some time now and it still works as expected. No complains so far. I would recommend.	2012-12-27
US	12133400	R2UGL7Y9OLS0BU	B002WB09VU	349102719	Lux Premium Designer Hard Crystal Snap-on Case for iPod Touch 2, 8GB, 32GB, 64GB (Cool White Autum Flower Floral Print)	Mobile_Electronics	5.0	0.0	0.0	N	Y	Colorful, Durable & Artistic Ipod Touch Snap On Case.	This iPod Touch case with beautiful artwork is absolutely perfect. It not only is colorful and artistic but fits perfectly snug and has saved my ipod when I have dropped it.  It is so pretty - like an original piece or artwork that fits over my iPod touch. Love it, love it, love it.	2011-01-08
US	46378247	R2F6U40HIF39CZ	B004X71GCM	708166392	Motorcycle Fat Handlebar Mount & Cradle for Garmin Nuvi 1100 1200 1250 1260T 1300 1350 1350T 1350LMT 1370T 1390T 1390LMT GPS	Mobile_Electronics	5.0	0.0	0.0	N	Y	gps mount	Outstanding.  Easy to mount and out of the way.  Can be mounted anywhere on the handle bar.  Well worth the small price.	2012-03-31
US	10962760	R399OBKPHTYHTJ	B004XKZ1UC	265423475	eForCity Leather Case for Barnes and Noble Nook / Nook Color, Black	Mobile_Electronics	4.0	0.0	0.0	N	Y	arrived quickly	I bought this for as a gift for my son with a Nook Color. He seemed to like it. It was a good product for the price.	2013-05-27
US	43941466	R39Q2AVBYYC1IX	B002WC58GK	487061669	Apple iPod Touch 3G Accessories. Premium Accessory Kit for iPod Touch 3rd Generation: Blue Silicone Skin Case Cover Protection + USB Car Auto DC Charger + USB Travel Home AC Charger + Full body Screen Protector	Mobile_Electronics	5.0	0.0	1.0	N	Y	Apple iPod Touch 3G Accessories work great on my 64G Touch 3rd Generation	I almost did not purchase this accessory kit but am very glad I did.  It arrived in about a week.  Everything works great.  I have used the charger from the wall as well as the car and both worked great.  I bought the kit mostly for the charger for my car but the other items are very nice and fit well.  I am buying another kit to have a spare ready for a trip.  This is an incredible bargain.	2010-07-06
US	38060618	R3H55JVN7SH782	B0069ZFYCY	627022964	eForCity Leather Case for Barnes and Noble Nook Color, Purple	Mobile_Electronics	5.0	0.0	0.0	N	Y	Great product!	This is a beautiful case! Rich purple color, easy to work with  and helps to make the Nook easily transportable.  Love it!	2013-03-12
US	34463318	R2HJ0DVG0443F	B000LU9ROE	179787286	PACIFIC ACC CORP. Auxiliary Audio Input for 2005+ Chrysler Vehicles	Mobile_Electronics	5.0	0.0	0.0	N	N	Great Product	straight foward install works great no problems. I'm sure there is better products out there but this one worked great for me	2013-01-08
US	12969109	RTGVUDGKGVXE5	B003X88UMQ	265593825	GPS Real Time Tracking by Spy Matrix Micro GPS Tracker	Mobile_Electronics	1.0	2.0	4.0	N	Y	very bad service	do not by from this provider       i have order for this device after 30 fay i revived it    they are very very bad service    so please do not by from this provider	2011-04-26
US	15313680	R2IUXSYFQ817F0	B00AQPHWBE	596819269	HHI Silicone Skin Case for iPod Nano 7th Generation - Brown Bear (Package include a HandHelditems Sketch Stylus Pen)	Mobile_Electronics	5.0	7.0	8.0	N	Y	Awesome!!	This is the cutest iPod case ever! I keep showing it off to everyone cause it's just too cool. I got the light blue one. I like the texture of it and it seems squishy enough that you could drop your iPod and it'd probably be ok. The case isn't much bigger than the iPod itself, and I was really worried about it being big and bulky. The best part about it is that you can still press the power and volume buttons through the case! It has bumps on the outside where the buttons are, and if you look inside the case, it has plastic that comes off the top and reaches the button. It works pretty well, too, but there's no plastic part for the pause button and the lower volume button is right where the head and arms connect so it's occasionally a little insubordinate.<br />The only thing I worry about is my iPod falling out of the case. It's the easiest thing ever to put it in and take it out, it just only covers the colored part of the iPod, which is a very small portion. I feel like they could have made it go over the white part just a bit to make it more secure. I think if you have your headphones in, you shouldn't have an issue, otherwise I'd just be aware that it could slip out. It hasn't been an issue for me yet but I do worry. Also, the headphone hole is the perfect size for regular ear headphones, but speaker jacks tend to be a bit bigger and don't fit as well.<br />Other than that one concern, the case is absolutely perfect and I'd highly suggest getting one!!	2013-03-22
US	49659664	R3RXT2B0AH6W49	B004FOEVFW	26452537	splash SIGNATURE Leather Cover fits the Amazon Kindle Keyboard (BLACK)	Mobile_Electronics	2.0	10.0	14.0	N	Y	THIS IS NOT LEATHER AND ANYONE WHO SAYS IT IS, IS LYING	I read almost every review and am shocked that this was actually the same item.  1.  The packaging.  A plastic bag with a sticker on it.  2.  Craftsmanship.  It's plastic.  Seeing that it is plastic, I struggle with the term being applied to this.  3.  The smell.  My hands have had the unmistakable scent of plastic on them for the last hour.    I am really bothered by this product.  I feel like I have been scammed and cheated.  First, the reviews that rave about the packaging and stating that they expected a plastic bag only to open the box from amazon and there is the package, a plastic bag.  Second, the NAPA leather is clearly plastic.  I have shoes made from Napa leather.  I have 2 wallets made of Napa leather.  After this purchase, what I dont have is a folio case for my kindle made from Napa leather.  Do you know how I know my shoes and wallets are made from leather?  They say they are made from leather, feel like leather, smell like leather, and look like leather..      This aint leather.	2011-02-24
US	36801773	R154XTEJMEROOZ	B005CJOVSG	492705462	GSI Quality Mini Boom-Box - Weather Resistant Transparent Case With Built In Stereo Speaker And Volume Control, For Apple iPhone, iPod And Mp3 Players - Play Music Outdoors On Patio, Beaches Etc. - Black	Mobile_Electronics	1.0	1.0	1.0	N	Y	Very Poor Quality	I wouldn't recommend this product. I got it for my Apple Ipod and the first time I connected it I could hardly hear it even on max output. The connection kept cutting out and sound was intermittent. Don't buy this item!!!! Not the sellers fault, just a real cheap product.	2013-01-28
US	49753753	R1L9FAZ14O3TIE	B005S1CYO6	459926372	Kindle Fire anti-glare Screen Protector	Mobile_Electronics	4.0	0.0	1.0	N	Y	How about better instructions?	The protectors are wonderful. I really wish that for first-time users, however, they either included better instructions or pointed you to an instructional videoclip. It took me way longer than necessary to apply!	2011-11-18
US	33737779	R3UJNDZCHONGLL	B0055VGTW2	203774639	CaseCrown Regal Flip Case Brown for Barnes and Noble Nook Simple Touch and Nook Simple Touch with Glow Light	Mobile_Electronics	5.0	1.0	1.0	N	Y	Helpful holder	Very good product. Simple and workable. All of the Nook buttons are accessible with the case. The case is sturdy and durable.	2011-12-30
US	48888641	R9QP0X83JZQD3	B004N8THJ0	895900726	Bundle Monster Barnes and Noble Nook Color - Nook Tablet - Synthetic Leather Case Cover Jacket, Skin Art Decal Sticker and Screen Protector	Mobile_Electronics	5.0	0.0	0.0	N	Y	Great Product	I really like this product. It is just what I was looking for in a case and the skin is just a plus. It looks good, protects my nook, and is all I could have asked for.	2013-01-31
US	51278683	R3QTUBN5AS7CNQ	B002QCGLHQ	841673674	SquareTrade One-Year Open-Box Electronics Extended Warranty - Items $200-2000	Mobile_Electronics	5.0	0.0	0.0	N	N	SquareTrade Claims	My Canon printer head died 3 months before my SquareTrade warranty expired. I submitted the claim and shipped the printerback; two days later I had my refund no questions asked. I am really glad that I had purchased the warranty this time around.	2013-06-20
US	38075609	RTTGHNG9C7DLQ	B000HHERSC	812750009	AC to DC Car Cigarette Lighter Socket Adapter	Mobile_Electronics	1.0	0.0	0.0	N	Y	Doesn't work!	It didn't work. Adapter shows it's getting power, but it's not sending it to what I connected it to (a ski boot warmer)	2013-01-19
US	25758702	RCF29TJIIWLNJ	B005G4VXFG	350015389	Premium Leather Case for Latte ICE Smart	Mobile_Electronics	5.0	1.0	1.0	N	Y	Wonderful	I love this product! Thanks!The packaging was very well sealed and came unharmed. It was brand new and actually works great for the Latte Ice Smart.	2011-11-26
US	36869872	R3SZ50KGYIY492	B005S1CYO6	459926372	Kindle Fire anti-glare Screen Protector	Mobile_Electronics	1.0	0.0	0.0	N	Y	Horrible	I've applied plenty of screen protectors and these were the worst.  The bubbles wouldn't smooth out and I had to throw them both in the trash.	2011-12-19
US	44261802	R2NEJ0ZWMWLVW2	B002QT5WP6	202210026	Car iPhone + iPod 12V Cigarette Lighter Charger. Compatible with all iPod’s and iPhones with standard dock connector!	Mobile_Electronics	2.0	0.0	2.0	N	N	Worked for 1 day	It worked fine last Friday.  I tried to use it again today. The blue light is on but iphone is not being charged.	2012-01-24
US	42970989	RBPB8I2Q9TNOV	B000HZ48OM	581493493	2GB VPOD Nano MP3 MP4 Video Player 1.8in LCD	Mobile_Electronics	3.0	3.0	4.0	N	N	Advertised as V-POD NANO, *I POD knock off.* NANO still means Apple I-POD. Trade Marked by APPLE.	All I can say is you get what you pay for. I wasn't paying attention. The MP4 player was *Misrepresented* as a *V POD NANO*. My *assumtion* was V for Video. The owners Manual is in broken english. I learned more playing with it. I have Only had it 2 weeks. After figuring things out, Almost perfect.     I unfortunately lost the software/driver due to my own neglegance and so far, they have been very accomodating. I couldn't ask for better customer service. I'm not pleased with the Misrepresentation, Red Tags response was V-POD NANO(LIKE) 3 weeks later, still being advertised as a V-POD NANO. I am pleased with the unit and the E-mail customer support.	2007-07-07
US	19699124	R14UB8QWCKH69U	B000UZFV68	92682392	Sock Cases for iPod Video Photo Mini Nano 6 Color Set	Mobile_Electronics	5.0	1.0	1.0	N	Y	Phone Socks	We received exactly what we expected to receive...multiple colored socks that fit any standard cell phone or iPod.  Good material, doesn't stretch anymore that you'd expect it to.  Worth the price.	2008-07-17
US	48952726	R3EAH4V8R2MOU4	B000ZH5CZG	992655491	new! TKO BH-1818 Car DVD VCD CD MP3 WMA Player	Mobile_Electronics	2.0	0.0	0.0	N	Y	Skips a lot	I purchased this as a replacement to a dvd player in a conversion van. While it seems well designed and easy to install, it seems to have a serious flaw. It will stop whenever you hit a bump or go around a curve. It will start again if you hit play, but it is extremely frustrating to do so. I would not buy this again.	2008-11-30
US	33731940	R3DJTBVMUEW6MV	B00005OTZQ	554527960	Royal SE 2800 Hand-Held Spot Cleaner	Mobile_Electronics	2.0	0.0	0.0	N	N	forget it!	I returned the item the next day I bought it, it did very little for the soil stain on the carpet, in fact, it made a bigger mess, the water is evry where BUt the stain it selef. The vac doesnt have enough power to pick up the excess water. Who cn blame them, this only cost 40 buck...	2003-02-16
US	43840829	R1BNMJR5MKEGLF	B000HDJSNA	678334935	Holux GPSlim240 - GPS receiver module	Mobile_Electronics	1.0	0.0	0.0	N	N	good design but quality way too bad	it is really a great product when it is brand new. BUt problems come out after a period of time. The cigarette charger was defective at the time it arrived. The batter died after 11 months so you have to connect it to either the computer or a outlet for power for it to be working.     I rarely used it, only about 10 times in the 11 months. The worst thing is tha its warranty worthes nothing. Not even an address is provided for your to get it fixed. And its manufacturer's website lists address out of US, no response to email request. You are then in the desert, hopeless.    think about it before you buy products from Holux. You'd better get one from a local manufacturer.	2008-08-18
US	43656207	R1REN624HI6VKS	B00140Q9KK	449111924	GelaSkins Protective Skin with Screen Protector for 80/120/160 GB iPod classic 6G (Bookshelf)	Mobile_Electronics	5.0	5.0	5.0	N	Y	Totally glams up my ipod classic 160 GB	I bought this skin because many protective cases for ipods don't offer protection for you click wheel or screen. This works because you can still use it with other bulkier cases if you need protection from dropping your ipod (this skin is NOT going to protect your ipod from anything except for scratches if you drop it.) My ipod looks so nice in this skin, I don't have to worry about it getting fingerprints or smudges on it. It's much prettier than just the plain black. Very easy to apply. Reapplies easily if you put in on crooked at first. Worth the money.	2008-12-02
US	41406848	R1LR7PSIFG2A4V	B000GAAS5G	727028194	Lanzar MAX MXA282 - Amplifier - 2-channel - 4000 Watts x 2	Mobile_Electronics	1.0	7.0	9.0	N	N	Amps power is greatly over rated	Amps real rms power is nowhere near whats stated. If you are looking for 1000 watts rms or greater, this will not get you there.	2008-04-07
US	41870903	R69MTGQEBICPJ	B000E3YOT6	927720411	9V Emergency Charger for Apple iPod	Mobile_Electronics	1.0	6.0	6.0	N	N	Doesn't work with my 60g video iPod	It doesn't work; the LED comes on with a fresh battery, but my Ipod simply doesn't charge or show any sign of being connected to this device.	2006-06-01
US	16982883	R31WVJAYNNJVGP	B000IM6L58	471109218	HUKE USB 2.0 MP3 Player with SD& MMC Memory Slot ( Silver & Black )	Mobile_Electronics	5.0	7.0	7.0	N	N	i'm impressed.......	bought this for my granddaughter as a Christmas present...originally wanted to buy an Ipod, but my daughter felt that she was too young for that...was blown away by the clarity of the unit...also instructions in the manual were straight to the point...i highly recommend this keeper...only caveat was that this unit normally doesn't contain the flash memory(this vendor, J & R Music,included a 512 SD card as a promotion)...you can purchase this unit for half the price i paid at Computer Geeks sans card.....	2006-12-06
US	17573757	RPR9MXITTK1IG	B000M5FJNG	214918091	Aluminum Case 2nd Gen Nano Onyx Black -	Mobile_Electronics	4.0	0.0	0.0	N	N	Good product	I'm happy with this case. Although protector film came with it was not in great quality, case itself is reliable and now I can play music with my Nano in my pocket of jeans. The latch mechanism they claim it is unique is a bit loose and top cover sometimes slide off. Beauty of this product is compatibility with Nike+ adapter. With case, my Nano is still same size of Mini.	2007-03-24
US	14172044	RTEAIAT1BWVYF	B000GSKTK2	259076811	Teac SRLXi Hi Fi Table Radio	Mobile_Electronics	5.0	1.0	2.0	N	Y	OUTSTANDING!!!	This is a wonderful product.  It looks great on my desk at work!	2007-05-29
US	20901811	RDM3XZRMEQXEU	B000O80HJM	753545770	inspiretech Retractable iPod Dock Connector to 3.5MM Auxillary Cable support: nano, classic, touch 1st gen	Mobile_Electronics	5.0	0.0	0.0	N	Y	Great iPod Audio Cord	I was a little worried about this product because of some of the other reviews I had seen, but once I got the product in hand I stopped worrying. The cord works great, I've used it in my car to connect to my car stereo and while I was camping to connect to my portable stereo. This cord provides great sounding audio from my iPod and I love the fact that the volume is controlled from the stereo and not on the iPod as the cord I had before would allow for both to be controlled and I was always adjusting the volume. I highly recommend this cord for anyone looking for one of these aux cables. Worked like a charm.	2008-07-01
US	20153316	RGFJFWXF7JIBQ	B000VYWRQA	130169484	Apple Ipod Touch Carrying Case with Straps. Apple iPod iTouch carrying case suitable for Apple 8 GB iPod Touch Apple 16 GB iPod Touch	Mobile_Electronics	2.0	0.0	0.0	N	N	Good product, bad merchant!	I ordered this item as a case for my new iPod Touch and it finally arrived today! The product itself was good (nothing spectacular, just fine) - elegant looking, nice material, very simple, does its job well. In fact, it is just what I expected it to be (nothing more, nothing less). HOWEVER, the only problem with my purchase is the merchant itself (Bestpricecenter)! This seller ships so very slowly!     I ordered this item at the same time as two other products from Amazon, and the other two products arrived almost a week earlier than this one (because they didn't come from Bestpricecenter). ALSO, they did provide me with a tracking number from USPS which was useless (because we all know that the USPS is not even close from being efficient with their tracking system). I tracked the item on 11/30/07 and the system said the item was processed as of 11/27/07. Duh! They only updated the item in their tracking system at the time it arrived at my door, so what use is that?    Now, my wife bought her own iPod Touch yesterday and we are currently looking for a case for her unit. Will I order this same item? Probably, but only if we can find another merchant and definitely not from Bestpricecenter!    --------------------    I have this addendum to my review... after venting my ire on the USPS for not being able to track my package, this I found out from them: the number given to me by Bestpriceseller is not a tracking number but rather an Electronic Delivery Confirmation! Thus, this number is not useful as it does not tell me where my parcel is and when I can expect it. What a cheap trick!	2007-11-30
US	27373251	RY5U10RDPUHIV	B0006MXP7W	605987546	NAXEL KF-2010 Radar/ Laser Detector	Mobile_Electronics	5.0	5.0	5.0	N	N	Low noise, high performance	Although the company had KF-2010 specs out open to the public on their web site, I was concerned about the sensitivity as it is very quite(close to my experience with Escort's or Beltronic's products). However, KF-2010's receiver sensitivity turn out to be super and saved me few tickets on my trip to Key-west.     On-dash mount is really cool and can't complain about the price.	2004-11-17
US	23319823	R2JCSGZ7AY63WK	B0008F64HU	88645796	Sony Network Walkman NW-E107 - Digital player - flash 1 GB - WMA, MP3	Mobile_Electronics	1.0	0.0	0.0	N	N	Player is great... but don't count on finding armband	I have loved the unit itself.  I had a minor issue in which I had to send it off for warranty work a few months after the purchase.  It has worked great & I have enjoyed the quality of the MP3 player itself.  The problem is that after less than 2 years of it being out, it is no longer possible to find the armband to carry it in.  I have looked all over the Sony website & called their Sales department.  It is not available anywhere.  I have used the Google search engine looking for any place that might sell it.  Amazon has a listing for it, but does not have any to sell anymore.	2007-02-15
US	52328206	R1V3M012T671PG	B001MKX626	663850829	5 in 1 Apple iPod Touch 8GB, 16GB, 32GB Silicone Case Package Includes , , , Armband, and Screen Protector	Mobile_Electronics	4.0	1.0	2.0	N	N	iTouch Accesories	I really like to silicone case and the chargers a cables.  The screen protector is useless.  However, the car charger fried a different mp3 player which had been previously charged with that charger.	2009-02-09
US	16211012	R3OU0A86OHOBAF	B0013YRW12	94425449	i-nique Topcoat CRYSTAL CLEAR Enhanced Screen Protector kit (Garmin Nuvi 660 700 710 750 760 770 780 850 880)	Mobile_Electronics	4.0	1.0	1.0	N	Y	does the job	purchased this item to cover the screen of my garmin 760 gps. item arrived in time frame specified. application was fairly straight forward. slightly smaller than screen opening, but covers almost completely. nothing negative to report as for ware and tear thus far as i have only owned and used the item one mth. If product stands up to job, it will be worth expensive, given the value of the gps it is made to protect, however feel initial cost and shipping were high for a piece of plastic.	2008-07-28
US	20501768	R2LGCS7JZNC1VA	B000M698PU	39580797	Car MP3 Player with Remote Control and FM Transmitter	Mobile_Electronics	1.0	0.0	0.0	N	Y	A clunker	This device did not work properly from the get-go.  It fails to hold a channel for more than a minute before the audio dissolves to noise.  Sending it to the next station meets with the same result.  It was a total waste of money.	2008-06-21
US	17765037	R2YNUSGVZ84OYP	B001QYVWCO	990768267	Sandisk 2GB Sansa Fuze MP3 Black Bundle (SDMX14R-002GK-A57/A70) w/ Sandisk 8GB ULTRA microSDHC Card	Mobile_Electronics	5.0	6.0	6.0	N	Y	Great Deal!	I don't understand why BlueProton has this at $41.95 with a 1gb memory card when they charge $52.95 at the Sandisk Sansa 2gb page, but hey, it's a great deal. The item was brand new and in original packaging. I lost my Ipod Shuffle so I decided to go for a Sansa since it had good reviews and it was at a great price. So far, it has been awesome. Only downside is the clickwheel feels a little cheap but the rest of the unit is comparable if not better than the Ipod Nano. I definitely recommend this product and this seller for anyone looking for a great deal.	2009-02-06
US	51307999	R36AH1NLP6IJ2M	B0006TJ7OU	795092548	Gembird Rechargable MP3 +FM Radio w/ Voice Recording 256MB	Mobile_Electronics	3.0	1.0	1.0	N	N	Windows-Only (Propietary Format when Recording Voice)	The gadget looks cute (the interface is kind of cheesy, but  <br />it's a minor problem), but I couldn't really test it. It uses  <br />its own propietary format (ACT) to record voice, instead of  <br />MP3. The software seems to include a Windows-only ACT->MP3  <br />converter. Linux/FreeBSD fans should look for something else.	2005-03-03
US	44043389	RY5ETM72WXRPU	B0002P3Z32	98755453	Polyconcept 841.634 RCA&#174; Victor Toaster CD Player With AM/FM Digital Radio	Mobile_Electronics	5.0	1.0	1.0	N	N	A VERY COOL & GREAT SOUNDING CD PLAYER.	I had been wanting to get a CD player in the kitchen so that I could listen to my favorite CD's while preparing meals, etc.  Well, this little CD player looks so cute on my counter!!  And when I looked at that little speaker, I thought it would probably sound like a squawk box.  But it sounds great!  And it has a remote control!!  I just LOVE this CD player and AM/FM radio.  I just got this yesterday, but I think I'll get another one for my sister-in-law for her birthday, 'cause I KNOW she'll want one when she sees mine.  If you're in the market for an AM/FM radio with a CD player, this could very well be the one for you.  It DOES have a sleep function, but it doesn't have an alarm.	2006-01-27
US	24602987	R298QYSSUS3U8N	B000C6URMI	120803706	Sharper Image SR288 ZipConnect 900MHz Wireless Outdoor Speakers with Docking Station	Mobile_Electronics	5.0	0.0	0.0	N	Y	Great Speakers!	These were purchased as a gift for my son-in-law's lake house, to put on the deck.  He loved them so much, I bought another set for my other son-in-law.  These have great sound, and the wireless feature makes them so fun for parties, or just relaxing outside.	2007-12-25
US	15618038	RX4YPYN6VWVTQ	B000F36H5O	942764137	Gpx GPXBCS2006 Boombox Playr/recorder	Mobile_Electronics	1.0	0.0	0.0	N	Y	horrible	I should have known when you cant find these anymore this price was too good to be true. And it was. This is a piece of junk.......No sound when tape was played.    ON the great side, the company is awesome to work with and readily agreed to take it back for a full refund. They did make me pay for shipping however, which on this was more then I would have liked.    I have had gx before and never have I seen anything this bad. The company is great to work with however, so dont let the product deter you from them.	2009-04-18
US	50031585	R2JN06UYAKIGOV	B000FUMN28	876623913	Visual Land 2 GB MP4/MP3 Player Slim and Wide Screen VL-558A Sliver	Mobile_Electronics	1.0	0.0	0.0	N	N	Don't believe J. Palanca	Interesting that J. Palanca has reviewed so many different Visual Land products and always says the same thing. He's easy to please, I guess.    Aside from this device feeling cheap and cheesy and having a pretty sub-standard battery life, it put some kind of pirate software on my PC that killed about 5 hours of work time for me. Fortunately, I was able to remove it with new anti-virus software.    Also fortunately, the Visual Land people were very nice, helpful and accessible and although they denied there could be any such virus in their product, they did promptly and with no hesitation refund my money. But they need to work harder to ensure their products are suitable for the US market.    The VL-558A is priced cheaply and has lots of features, but don't waste your time and money; buy an iPod or a product from a distributor that sells a product designed for American consumers, unless you speak Chinese, enjoy flimsy, poorly-made things and are a software engineer.	2007-09-18
US	28859001	RFG7MEYA4ZRO9	B000HZ48OM	581493493	2GB VPOD Nano MP3 MP4 Video Player 1.8in LCD	Mobile_Electronics	1.0	6.0	7.0	N	N	play button stopped working	the mp4 worked fine for like a week, but then the play button stopped working...	2007-03-19
US	32297837	R153LMBT1B1F9A	B00005OTZQ	554527960	Royal SE 2800 Hand-Held Spot Cleaner	Mobile_Electronics	1.0	8.0	8.0	N	N	Save yourself the trouble and DO NOT buy this product	"My carpet was only put in a year ago, and I figured with regular cleanings and spot checking we could get away with renting a deep cleaner every few years.  All of the handheld deep cleaners seemed to be rated about the same, so I just got the cheap one that was available at my local Bed Bath and Beyond. <br />BIG MISTAKE! <br />This thing is seriously a piece of junk.  First of all, it holds about enough liquid to spray on one or two spots, so if it did work at all one would have to be refilling it constantly.  That being said, after spraying the solution on and \\""scrubbing\\"" it with the scrub brush (which works about as good as vigorously blotting with a rag) one is supposed to suction the liquid out.  This function was so poor I wondered if my unit was defective.  Maybe it's the fact that the area which goes over the carpet to suction the liquid is microscopic, maybe it's just because it's a little, inexpensive and powerless machine, but whatever it was I ended up with several soaking wet spots on my carpet.  <br />I re-packaged the machine and returned it to the store.  SAVE yourself the time - this spot cleaner does not work!  I'm going to save up now and purchase a full size one; if you do decide to go for the handheld take my advice (and the advice of some of the other reveiwers): this machine is a waste of time and money!"	2005-11-01
US	11195148	R2LOLA1B1T37WY	B000F5CDOG	53267771	MP3 PLAYER, MP121/BLRB512C BLUE 512C	Mobile_Electronics	5.0	0.0	0.0	N	Y	Good product	This product works really well. I love the sound and the features are very good.	2007-10-21
US	37504494	R5IFQXPG9WXLI	B000EZKZMY	747341394	Samson Multi-pattern Condenser Mic	Mobile_Electronics	5.0	2.0	3.0	N	N	Stop reading this and buy one	Let's get this straight right from the beginning: I don't do reviews. Period.<br /><br />That said, I do recordings and screencasts for a living. You will not find a better microphone for podcasting, screencasting or recording interviews anywhere.<br /><br />End of non-review.<br /><br />Mark Miller<br />Founder and Editor<br />[...]	2009-01-21
US	11905713	R370X0AZ3NGASX	B000HEJM7G	242616269	Car Vent Mount for Garmin Nuvi 370 360 350 310 300 GPS	Mobile_Electronics	4.0	1.0	2.0	N	N	Garmin Nuvi 360 Car Vent Mount	This is the best mount option available in the market today for atleast Garmin Nuvi 360 ... I have installed this in my toyota corolla 2009 ... It is just a foot away from the driving position ... I can operate my GPS easily and without any risks ... The only issue I found is to remove the mount from the vent ... But again ... we don't do it often ... 4 cheers for this product ...	2008-11-11
US	41929810	R1TTGB0RNM00HV	B000GAUN5G	857085813	Huke USB 2.0 MP3 Player w/SD-MMC Card Reader	Mobile_Electronics	2.0	0.0	0.0	N	N	inexpensive as promised	Not great, but it works.  Can't beat the price.  It feels like it may fall apart at any moment.	2007-01-30
US	32678994	R28F4U1MPJIGYX	B001AH5KQQ	654392596	Pyrus Electronics 8GB MP3 Multi Media Player with Touch Screen and Digital Camera	Mobile_Electronics	5.0	1.0	1.0	N	N	awesome 10 stars out of 5 stars	this is awesome!!! i love it!!! 10 out of 5 stars. i cant figure out why my computer says it does not support it though HELP please	2009-02-05
US	40511099	RPW0FI3VLGBQ5	B000MRM4VY	787684886	Creative Zen V and V Plus Univseral USB Charger Kit - Retractable Sync Charge Cable - Home Travel Wall AC Adapter - 12v Car Charger	Mobile_Electronics	4.0	0.0	1.0	N	Y	creative charger adaptors	transaction was smoothe and fast once again.  I haven't had a chance to use them yet but I'm sure they are going to be great space savers and come in very handy when I can't charge from my computer.	2008-08-28
US	37486712	R15JF9TMDRR4X1	B001EZ4056	793231119	Silicone Skin Pouch For Nike/ iPod and Nike Plus Nike/ SportBand - Compatible with all Shoes- Clear	Mobile_Electronics	4.0	0.0	2.0	N	Y	Simple solution for any shoes	The nice thing about this is you can use it with any shoes, not just special Nikes.	2009-01-07
US	39237474	REXZZ3RJ3W36C	B0002J6GLG	439778283	Creative Zen 20 GB Portable Media Center	Mobile_Electronics	4.0	19.0	23.0	N	N	Mobile multimedia whizzardary!!	I have only had this PMC for one week (bought it in S'pore at their launch in COMEX Exhibition); and it's just really grown on me - amazing that it has now stored practically all my video files (on my PC nearly 70 GB!) and on the Zen taken only 5 GB hard disc space and I am in the process of loading my pics collection of nearly 2000. The quality is superb on the TFT screen despite the compression but when you project the video files via the AV connection to the TV be prepared for the loss of resolution (I expected it but it is still watchable). The sound quality is second to none (5 stars to Creative Technology). I travel a fair bit and keeping occupied with music, movies, (and books!) will be no doubt provided by the PMC (the battery pack lasts 8 hours!). I have successfully recorded one TV documentary programme which awaits me in my next flight abroad! We just had our holiday in the Far East and the photos loaded had been shared with friends at work.  <br />However I am a bit puzzled why the Windows Media Player 10 does not store on the PMC itself as it would add functionality & versatility to this mobile player and a cradle with the USB lead (like those that comes with PDA) would also help when one is synchronising with the PC. I am trying to find out whether it would store and project my powerpoint presentations. Otherwise so far I am happy with it and would recommend it if you are into multimedia whizzardary!!	2004-09-06
US	50102007	R1I09TURLTYSH1	B000IM6L58	471109218	HUKE USB 2.0 MP3 Player with SD& MMC Memory Slot ( Silver & Black )	Mobile_Electronics	4.0	0.0	0.0	N	N	great sound, but not much else	The sound is great... better than MP3 players I have costing $100, and better than my Toshiba pocket pc, which is very good. The problem is there's no indication of what track you're playing since you move only through clicking up and down. It does play continuously and there is a pause feature, which lasts less than a minute before turning off, but it goes back to the beginning of the last track you were playing when you restart it. Other than that, when you turn it off it goes back to the same 1st track all the time. So if you have more than a dozen tracks good luck finding what you want. Also, I couldn't get it to play WMA files.  <br />For this price it might be OK if you just put on 12 or so tracks you're focussing on. Battery life is only a couple of hours, and be sure you have a good battery. But again, the sound is great.	2007-02-04
US	52831031	R3VROK6OY87573	B001BFN35C	688833143	TTGO520-014+HD2: TomTom GO 520/530, 720/730, 920/930 Friction Mount V2 with Removable Winshield Pedestal	Mobile_Electronics	5.0	1.0	1.0	N	N	Excellent solution for Tomtom Go 720	Reviews for other products note the Tomtom Go 720 comes with a short arm that doesn't lift the GPS high enough to work with those products, but this mount includes a longer arm, so it work perfectly with the 720. The arm is highly adjustable, so you can find an angle perfect for you and your car. The weighted base is heavy enough, and the silicon bottom provides plenty of friction, so the unit stays put.	2009-01-29
US	52556627	R1JGR94KIE88S1	B00005OTZQ	554527960	Royal SE 2800 Hand-Held Spot Cleaner	Mobile_Electronics	4.0	56.0	56.0	N	N	Great, misunderstood machine	Looking at a number of previous reviews, I'd like to clarify a few points:<br />* It's not a carpet cleaner, it's a _spot scrubber_. Anyone purchasing a machine with a single brush who expects to clean whole sections of carpet deserves all the self-inflicted frustration they've expressed here. My father-in-law tried to use our scrubber to clean his entire entryway. His verdict: &quot;The thing is worthless.&quot; My wife and I just roll our eyes.<BR>* The spray nozzle shoots out lots of solution in a narrow, focused pattern, perfect for treating _spots_. It takes only a few pumps. The image of someone stalking around a room trying to spray anything more than about 20 inches square (again, anything more than a _spot_) is just painful.<BR>* The thing sucks strongly enough to fill the dirty water reservoir. I suspect that some folks haven't cracked the manual or noticed the yellow knob to switch between scrubbing and suction.<br />All that said, I hate to think of living without this machine. We've used it suck up spills and to erase the stains left by our cats and by our son with a permanent &quot;Sharpie&quot; marker. You can actually watch the cat puke (or worse) get sucked up. I always felt a little uncertain when attacking stains like this with a towel or sponge. How can anyone armed with a squirt bottle and a brush believe they're doing anything more than just smearing the stain into the carpet?<br />I like the extra-long cord. The rotating brush may seem a little weak, but stains really do disappear under it.<br />What I don't like so much is that the unit can be difficult to clean, leaving ugly stuff in the intake and waste reservoir. All the reservoirs and caps and switches can get a bit fiddly as well. And it does sound more like a jet engine than a vacuum.<br />The Spot Scrubber isn't perfect (4 out of 5 stars), but it's small, works very well for us, and has exceeded my (realistic) expectations.	2004-03-30
US	12440511	R1GTMCZ9H1A1ED	B000Q328UQ	614559865	Rockford Fosgate T5001bd 500 Watt Mono Amplifier	Mobile_Electronics	5.0	0.0	2.0	N	Y	Serious Power	"This amp is very clean and solid.  The output is rich and smooth.  Despite the power rating, mine came with a testing certificate that bench tested it and rated it at 1016watts RMS at 2ohm.  It destroyed my 150w, 10\\"" cheepo subs in about 2 minutes, lol."	2008-04-08
US	11906300	R1J1FKBGJ6Y0YT	B000CS8R46	258568234	DHF8V7058APLBLK APL Auto Kit for iPod	Mobile_Electronics	1.0	1.0	1.0	N	Y	Dead out of the Box	This item arrive in good condition, but out of the box it failed to work in my car.<br /><br />Belkin wouldn't handle replacing it, and I ended up just tossing the item rather than going through the hassle of refunding through Amazon.  Belkin makes a lot of iPod accessories, and it's clear that they spend more on packaging than the products.  Finally, I have to ask why Belkin insists on the blister packaging they use?  I know it helps reduce theft in stores, but couldn't they use a different packaging for Amazon and other major online retailers, so that returns aren't an ordeal?	2008-08-24
US	42956448	R3OB3RNWDWSQMB	B000EZYOSU	737811794	Creative Lab Zen Vision M Video 30GB Hi-Grade Leather Cases - 5 Color Options - with Video Viewing Kickstand Belt Clip	Mobile_Electronics	4.0	4.0	5.0	N	Y	Ok with a caveat	This case is TOO SMALL for the Zen Vison M.  I recently bought two of these and they both are too small to allow navigation on the player.  Essentually, all the buttons seem to be pressed while in the case.  So, here is how I fixed it: <br /> <br />1. Put your player in a sandwich sized ziplock bag with the zip towards the top of the player.  Snug the player into the corner and fold the excess bag around the back so that the bag conforms to the player's shape. <br />2. Wrap 3 turns of duct tape around the the bottom of the player completely covering the controls.  The idea is to make that portion of the player bigger so that the case won't be so snug as to inhibit the buttons from working correctly. <br />3. Get a pot of water heating on the stove.  It should be hot to the touch but not boiling. <br />4. Dip the case (NOT WITH THE PLAYER IN IT!!!) into the water.  Do not submerge the plastic window as it will melt very easily.  Keep the window about 1/4 inch above the hot water. <br />5. After about 2 minutes, remove the case and quickly dry the case off. <br />6. Insert the player (in its protective baggie and duct tape) into the case.  It will not want to go in easily but press hard, it will go. <br />7. Fasten the snap.  Yeah, it will be hard to snap. <br />8. Let sit for a couple of hours. <br /> <br />After you do this, the player should be very easy take in/out of the case and the buttons should work as they do outside of the case.    My player will fall out of the case if I turn it upside down. <br /> <br />After I did this, I like this case just fine.	2006-12-29
US	39196354	RQFUXXQK04MPA	B001HDXEBQ	702704388	"8GB 1.8"" MP3/MP4 versatile multifunction 10-in-1 Multimedia Player"	Mobile_Electronics	4.0	0.0	0.0	N	N	Works great for the price!!	"I just received this product today so I'm still getting to know it and become acquainted with it.  So far I am very pleased though.  I was a bit worried when ordering the product, I was looking for a cheap player that still had quality to back it up, and this was one of the only products I found that had decent reviews backing it.    It is very easy to work and load music files onto, I have not tried to upload any movies yet.  It also has good sound quality.  Over all it is a great product and worth the $40.      The only con I really have at this point is that its not really that easy to navigate through your music quickly.  The only way I have found so far is to go through the entire list of songs, which isn't exactly \\""just a couple\\"" when your talking about 8GB of music.  Does anyone know if there is some sort of way to get to an \\""Artist List\\"" to make getting to songs you wanna hear a little bit quicker?     ***I did end up finding a way on my own, and that is after adding the mp3 files to the device, you can go back in and organize the songs however you would like....artist, genre, etc.  This is more or less just doing what an ipod does automatically manually.  I found that this makes going through and finding what you would like to listen to much quicker and a heck of a lot easier!!  Hope this review helps!!"	2009-01-26
US	44101909	R8T69517H2UDL	B0017Z6O2A	490996757	"Hard Shell 4.3"" (Wide Screen) GPS Carrying Case with Strap for Select Garmin Nuvi Models"	Mobile_Electronics	3.0	5.0	7.0	N	Y	Too Big.	After just recently purchasing a wide screen Garmin GPS, I decided on purchasing this unit to protect our new toy. After receiving this, I immediately noticed the size of the case and its almost deep enough to hold two units in it. Its not big enough to hold any of the accessories and just seems like wasted space. It would be perfect if it was a little smaller. It protects the GPS unit like intended.	2008-11-16
US	26346578	R3NAZ2PHFXRRLS	B0007P0UQ2	473109187	Sony CDX-F5510 Xplod CD/MP3 Receiver	Mobile_Electronics	5.0	0.0	3.0	N	N	Product Manual	Hi, does anybody here have a product manual for the Sony Xplod CDX F5710 - radio / CD / MP3 player? I bought a car that came with the radio. The product works great but I have no manual to take full advantage of it! Thanks.	2006-09-12
US	11602404	R2NR3F94W6QBFS	B0009PTNQ8	159321027	"Infinity Kappa 42.7i 4"" 2-way car speakers"	Mobile_Electronics	5.0	3.0	3.0	N	N	The Kappa Legacy	"I have been upgrading my cars stereo systems for the past twenty years. If you are looking for the best speakers money can buy--- Infinity Kappa is not it!  However, if you are an everyman's audiophile on a budget looking for accurate reproduction and durability out of a speaker, you need to look at the Kappa series. I have tried a potpourri of top brands over the years and keep coming down to two names for the application I am looking for. For accurate full range on a budget it's infinity Kappa. For accurate vocal reproduction it's Focal. Focal is a bit pricier but for that special clean vocal performance they are a quantum leap better. I am upgrading my old Jaguar now with these 4\\"" Infinities Kappa mainly because they are 2 ohm high efficiency speakers and can keep up with the superfluous bass the factory built in bass chamber produces.   Kappa 2-ohm high efficiency speakers are perfect to upgrade the original system in your car especial if you don't plan additional amplification. They require less power to produce sound and the result is very accurate reproduction at low to the upper mid ranges of volume--on a budget."	2008-04-06
US	42525092	R3TY1JKRBN0TRE	B001PIKKA6	816293918	Baby Pink Custom Case for Apple iPod Touch 3rd generation + Live*Laugh*Love WristBand!!!	Mobile_Electronics	4.0	0.0	0.0	N	N	Birthday gift	My pink freak daughter loved this case.  The little leg came in handy for her	2009-04-16
US	35294947	RLGEZABW4KC95	B000FL8ZXS	815732728	3 in 1 Car Kit for Ipod (White): Car Charger / Fm Transmitter / Holder	Mobile_Electronics	4.0	0.0	0.0	N	N	this is second time~!	it is very useful product!! while i am driving i have to have~~!!!   just i have to buy again, cuz connection part was broken, after year.	2007-10-14
US	14434129	R20OMG65DUKMCF	B000JINWV2	757472578	MP-833-332	Mobile_Electronics	5.0	0.0	0.0	N	N	Cool sturdy little media player!	"Well, this one is a solid good piece of technology. Awesome compatibility and features for PC (not designed for Mac / Apple computers). Although it does work even with Apples for mp3 files and photo albums. FM radio playback, FM radio recorder and Voice Recorder are working perfect regardless of your platform.    If you are using PC like myself you will find KEO very impressive. It does deliver all as promised. Great mp3 playback with various equalizer options to optimize the audio output of the music you are listening to. I find \\""Rock\\"" setting to be the most powerful for my collection.  Various replay modes are also useful: as sometimes you want just one file over and over again, or just one folder.    Now again - it is not a MAC system. It in fact reminds more of the PC architecture and logics. No sorting by Artist or playlists here, but you can resolve it same way you did on the PC - by putting music files in certain folders.    If you put 120 files in the same directory - yes, scrolling may be lengthy, as it is not a quick-scroll touchscreen. But within 30+ files in each folder - you are fine. This is a convenient gym / sports / jogging system, not an 80-gig portable file depot.    FM radio works better if you leave the earbuds in the player. Their cord works just fine as an extended antennae. Regarding the earbud quality - mine sound just the same as a set from Shure. Seriously - when you close your eyes - you can't tell a difference.    And all these advanced features are bundled in a cool sturdy high-tech casing. Plus it comes with necklace and an armband - very thoughtful of iceTECH guys and saves you time for looking \\""how to attach it\\"".    Bundled CD has tools to grab songs from your CDs to mp3s along with memory reformatting software and firmware backup. AC charger and USB cord for data transfer and charging from PC are also included in the package."	2008-10-03
US	41201034	R1HK9NDQBYK0H9	B000XJU9FY	362457442	Hard Shell EVA GPS Carrying Case for TomTom GO 720 / GO 920 / TomTom ONE XL and other to 4.3 inch TomTom GPS Devices	Mobile_Electronics	5.0	2.0	2.0	N	Y	Nice Case	I use this over the original case, just because its more rugged and zips up. The 350 fits perfect inside it.<br />Had no problems at all with it.	2008-04-06
US	47938316	RG5DT4NBIEF5A	B0011MR4AK	836337757	"2.8"" Touchscreen MP3/MP4 Player with Digital Still & Video Camera, FM Receiver, Recorder, JPG Viewer - 2 GB"	Mobile_Electronics	3.0	1.0	1.0	N	Y	get what you pay for	This mp4 has some really cool features that even some of the more popular brands do not have, especially for the price. But there is one problem that I have with this unit. When using the video, it often locks up and will not allow you to exit/turn off/etc. Unit has to be reset which results into losing your previous settings.	2009-03-05
