marketplace	customer_id	review_id	product_id	product_parent	product_title	product_category	star_rating	helpful_votes	total_votes	vine	verified_purchase	review_headline	review_body	review_date
US	49541798	R3S1BQR7FG0ZZT	B00IY7BNUW	874236579	Avalon Bay Portable Ice Maker	Major Appliances	5	0	0	N	Y	Cranking out the ice cubes.	This replaced an ice maker that looked just like it.  This one makes ice faster, and the low water sensor even works, unlike the previous one.  If it lasts as long as the other one did, and I see no reason why it wouldn't, this is an excellent buy.	2014-11-04
US	1858388	R40CU75MG9ZDZ	B00KRWDJMC	267638230	"34"" Electric Stainless Steel Built-in Kitchen NG/LPG 5 Burner Gas Cooktop"	Major Appliances	5	6	7	N	N	I love it!	The gas burner looks great and installing it was easier than I thought. It features 5 burners which makes your daily life easier and it's also compatible with LPG and NG.	2015-06-13
US	9819925	R2H8JS5E74N7IO	B00DHTYC3W	726221951	"AKDY New 36"" Euro Style AZ-SG-10B7-36-BK Wall Mount Range Hood Stove Vent Unique Black Nickel Finish Stainless Steel/W Full Front Blk Tempered Glass Touch Panel Remote Control"	Major Appliances	5	0	0	N	Y	I love it! Very quiet	It's a masterpiece of the kitchen, I love it !  Very quiet, nice look, good lights and a remote !  What can you ask more ?	2015-08-30
US	26943398	R2MY6MMZ1T28TK	B00KJ07SEM	313983847	GE MWF SmartWater Compatible Water Filter Cartridge - Refrigerator	Major Appliances	5	0	0	N	Y	water tastes good.	Quick shipping, water tastes good.	2015-05-16
US	20231388	R2O82KNRL1JA8U	B00KJ07SEM	313983847	GE MWF SmartWater Compatible Water Filter Cartridge - Refrigerator	Major Appliances	5	1	1	N	Y	Five Stars	Great filter!! It matches the GE filter that I used to buy.	2014-09-06
US	50180846	R2JZHQIZCT83	B00L1JT4YM	839318065	Samsung DA29-00020B Compatible Water Filter - Refrigerator	Major Appliances	5	0	0	N	Y	Seems to be working ok as a replacement for the ...	Seems to be working ok as a replacement for the twice as expensive OEM filter.  Have not tasted any difference.  Price is right.	2014-08-05
US	27957248	RIZ37AXX67DC4	B00B8YSQOE	593694423	Sonya Portable Compact Cloths Dryer Apartment Size 110v Stainless Steel Drum	Major Appliances	1	13	15	N	Y	This was one of the worst purchases I have ever made	We purchased one of these dryers about 18 months ago for a rental unit and have had numerous problems.  The renters have said it does not dry properly.  I needed a new belt and it took me over 2 months to finally get one, after I tracked down a phone number to call, then get the proper people to call me back and get the right parts shipped out.  It was a pain.  Now it is having more problems and I can't find anyone to service it.  Unfortunately I am going to purchase a new dryer from a local reputable dealer so I can get parts and service when needed.  This was one of the worst purchases I have ever made.	2015-06-01
US	22103376	R3K5DMB5PORMNJ	B00CEZ8MW2	40080906	Keystone KSTRC26BBU Energy Star Mini-Fridge with Wipe-Off Board Front, Black with Blue Trim	Major Appliances	1	5	7	N	Y	Horrible	I understand shipping can cause problems, but two damaged refrigerators causes me to put one star for I have no desire to keep mine at all. Very upset. Little protecting around refrigerator. Not worth it.	2014-05-12
US	51307358	R2NCCH5FE3N0SS	B00IQ9VKV0	482607302	Whirlpool 3977767 OEM Replacement Dryer Thermostat	Major Appliances	2	0	0	N	Y	One thermostat DOA	One of the thermostats was dead on arrival, although the others are working fine.	2015-07-29
US	10525426	R3J68OPVNPEM9Q	B00I9N36X8	460533678	"FIREBIRD VANTAGE 36"" Wall Mount Stainless Steel Range Hood With Gas Sensor & Remote FBGV-10Z-36"	Major Appliances	5	0	0	N	Y	Five Stars	Exelent	2014-09-30
US	1253055	R170MXOBG2S3WG	B0019D9CGK	318191351	"Broan SP420108 42"" White/Almond Range Hood Backsplash"	Major Appliances	4	0	0	N	Y	Four Stars	it was fine, the only thing was it did not come with the 4 screws! REALLY!	2014-08-01
US	48136504	R2XYM4JUDZ989T	B002QUAPSO	835944606	Breathing Mobile Washer Classic - Portable Clothes Washing Machine - Handheld - Manual - Mobile Hand Powered Laundry Solution - Superior Materials and Construction	Major Appliances	5	1	2	N	Y	which for me has worked out great since my wrist strength is limited	I ordered this &#34;Rapid Washer&#34; along with the &#34;Splash Guard Mop Bucket/Wringer GJO60466&#34; to save on trips to the laundry and the two items together has saved me plenty already.  This Rapid Washer does exactly what it claims, getting my clothes even cleaner than I hoped.  I didn't want a regular roll type clothes wringer since I didn't want to deal with popped buttons and who knows what.  A few web sites suggested a press wringer, which for me has worked out great since my wrist strength is limited.  The press wringer doesn't get the clothes damp dry, like maybe a roll wringer would but does remove the majority of water, and I'm not rolling wrinkles into my clothes either.  All in all I am extremely pleased with the choices I made and would recommend these two items to anyone.	2014-09-13
US	27018590	R2BIDPEXZUBXGT	B00ITPALES	973134074	Whynter BWR-171DS Elite 17-Bottle Seamless Stainless Steel Door Dual Zone Built-in Wine Refrigerator	Major Appliances	1	5	8	N	Y	It's just unfortunate that it didn't work as it had the perfect dimensions for my built in place	Disappointing for a unit that worth 600$. Compressor never worked and temperature was only going up and the bottom fan never got to work neither, and finally one of the screws was stripped for one of the shelves front panel, and the same panel was scratch. It's just unfortunate that it didn't work as it had the perfect dimensions for my built in place. Another thing that is disappointing for an expensive unit like that is that it should have a locking door with small children around.	2015-07-12
US	19782795	R2UQD7BE15AI59	B000UVYAZU	80495021	"GE JGP940BEKBB Profile 30"" Black Gas Sealed Burner Cooktop"	Major Appliances	3	1	1	N	N	works but....	I have this cooktop for 4 years and all was working great until the clicker would not turn off, we had to unplug the unit from the outlet and we light the gas with a bbq lighter.	2015-08-20
US	37641054	R1R643DESU9ZIB	B00ITPAL48	735478724	Whynter BWR-401DS Elite 40-Bottle Seamless Stainless Steel Door Dual Zone Built-in Wine Refrigerator	Major Appliances	2	2	4	N	Y	LOOKS COOL BUT ARRIVES DAMAGED MOST LIKELY I PERSONALLY ORDERED 2 AND BOTH DAMAGED	I ordered 1st one arrived damaged with hole on bottom 2nd one arrives all tossed shelves with no packaging also dented at bottom not enough packaging wasted 2 days	2015-03-20
US	37805661	R26JU5W7MUUA6P	B002MPLYEW	183067183	Danby 120 Can Beverage Center, Stainless Steel DBC120BLS	Major Appliances	1	2	3	N	Y	... this fridge during our kitchen remodel and for some dumb reason we didn't test it	We purchased this fridge during our kitchen remodel and for some dumb reason we didn't test it. We just left it in the box till we were ready to install it in our island. Well wouldn't you know it the pile of crap doesn't work, doesn't get cold whatsoever and yup got screwed by the return policy time frame. Do yourselves a favor and spend a little extra for quality. This thing is not worth the risk. You get what you pay for shoulda been smarter than to waste our money on this. Thanks a lot Amazon! TEST THIS FRIDGE ASAP IF YOU DECIDE TO TAKE THE GAMBLE!	2014-12-17
US	14094347	RECA2WP00L84P	B00JG8B42K	672722354	OnePurify RFC0800A Water Filter Replacement Cartridge, 2 Pack	Major Appliances	5	0	0	N	Y	This is my pick for the future too.	One of the reviewers thought it was harder to fit than stock but that's not the case.  Fits great and works great.  I intend to stick with the generic from now on.	2015-04-19
US	12462360	R29FLYPLEKGMBM	B002S88NTC	596063130	Haier HVTM12DABB 12-Bottle Dual Zone Mirrored Glass Door Wine Cellar	Major Appliances	2	0	0	N	Y	we absolutely loved it. (And our thanks go out to the ...	We ordered this wine cellar in March 2013.  Until about one month ago, we absolutely loved it.  (And our thanks go out to the many reviews we read before we purchased it -- those reviews were not only helpful, but definitive in helping us make our choice.)  I'll start my review with the positives, because our problems might be unique to our model; others might find the positives worth looking at.<br /><br />Arrival:  When it first arrived, we were impressed with the build - compact, hefty, and even cute.<br /><br />Storage:  We loved the fact that we could store open bottles of wine in the fridge, even though our re-usable corks are quite long.  The fridge accommodated those long corks with no problem.  (Of course, we had to make sure that the corks were placed snugly in the bottles; otherwise, we risked wine spilling out of the bottles as they lay on their sides.)<br /><br />Temps: The fridge kept temperatures fairly well, even though we live in the desert, where outside temps can go as high as 45° C. The temps did sometimes creep up a bit when it was hot *and* humid outside, but that seemed reasonable for an inexpensive product.<br /><br />Noise:  Most frequently the fridge was quiet. Sometimes on Sunday mornings, we could hear some whirring from rooms other than where we keep the fridge, but that's when neighborhood noise and other ambient noise was at its lowest point.  And the whirring wasn't unbearable - just a bit noticeable.<br /><br />Bottom line for fridge, until September 2014:  For 18 months, we loved our little wine fridge.<br /><br />Current evaluation:  Unusable.  About one month ago, the fridge started making horrible noises that we could hear throughout the house.  Indeed, the noises woke us up sometimes at night.  In response, we unplugged the fridge to let it &#34;rest&#34; (and to give us some peace for a bit); we left it unplugged for a couple of days. After plugging it back in, we got a few more days of quiet usage. But then the fridge startedshrieking and grinding again.  We repeated the unplug-replug cycle over the course of the last month (which isn't very good for the stored wines), and we've finally given up.  We're really sad, because we loved our little wine fridge.	2014-10-27
US	12697133	R2DF7ANQ4A2S6W	B00EZ2C4T4	852432901	GE PZS25KSESS Profile 24.6 Cu. Ft. Stainless Steel Counter Depth Side-By-Side Refrigerator	Major Appliances	5	1	1	N	Y	Reliable fridge that's not over designed	Back to basics. Simple. Effective. No extra or complicated (electronic flashy vs mechanically reliable) system. It works, where the new electronic redesigned units have more things that can go wrong.	2015-05-15
US	13050822	R13KEV23GIY7X8	B00QMALVFA	995727753	Wine Enthusiast 272 03 18 05 Silent 18 Bottle Dual Zone Wine Cooler with Upright Bottle Storage, Black	Major Appliances	5	68	71	N	Y	Really Great product!	The packaging was awesome, well protected! It's more than I expected! It's quite silent. It comes with the upright stand for the top part along with additional traditional shelves to lay the bottles. The shelves are easily removable. I refrigerate liquor bottles in the bottom half and removed all the shelves. I was able to stand 8 unusual and variety type of size bottles. It's easy to set up and use. Great for any kind of home or apartment living. Well worth it.	2015-05-19
US	2376998	R6H9SHDECETQV	B00ESL4Z9Y	731474598	DA29-00020B, DA29-00020A, HAF-CIN Alternative Replacement Refrigerator Water Filter Cartridge	Major Appliances	1	0	1	N	Y	One Star	we were told this was the filter to buy and it does not work.We bought 2 of them	2015-07-13
US	20248972	RTCYJ810HTJO5	B00G4CV606	309267414	JX7227SFSS - Deluxe Built-In Trim Kit For 2.2 Microwave Ovens/ Compatible With PEB7226SF Models/ Stainless Steel Finish	Major Appliances	5	0	0	N	Y	this worked out great!	For having such an old built-in spot in our kitchen, this worked out great!	2015-04-12
US	129109	R2ZE0Z13Z3OPAD	B00FE7UZUE	922276389	Nendoroid Hatsune Miku selection MEIKO Meiko single item	Major Appliances	5	0	0	N	Y	Five Stars	it look awesome since this is my first nendoroid I ever got it really cool :)	2015-08-24
US	44147586	R1YOP6ZX5MG63S	B00ENOTSYI	469657498	GE PVM9215SFSS Profile 2.1 Cu. Ft. Stainless Steel Over-the-Range Microwave	Major Appliances	2	4	7	N	Y	Luckily I had purchased a little $30 microwave from Sears to use whilst my kitchen was being built and it works great. Cant faul	Microwave was installed into my brand new kitchen and went to warm some coffee. Made all the sounds, the plate turned but coffee was not warm. Called GE and they sent someone out first thing Monday (called on a Friday). The GE rep didn't have the parts needed so i have to wait another week without my Microwave, Luckily I had purchased a little $30 microwave from Sears to use whilst my kitchen was being built and it works great. Cant fault GE service but very disappointed in their QA since they sent out a faulty microwave.	2015-04-20
US	44472457	R2Z7KV6G6MHEB2	B00O2N3JDG	960251524	Danby products	Major Appliances	1	2	2	N	N	Didn't even last one year.	At first I really liked this little fridge.  I liked the no freezer part so I didn't have to worry about defrosting.  I bought this in August.  It is now May and the fridge blew out the compressor about 2 weeks ago.  Went to get a cold item out and it was WARM!  It's not worth the money to have the thing repaired, so had to  e-waste it.  NOT happy about the short life of this.	2015-05-06
US	39857840	RC53GGXP7VJE	B0058ENV2W	673085264	Midea White/Black/Stainless Steel Compact Refrigerator Mini Fridge 1.7 CF/ 2.4 CF/ 3.1 CF	Major Appliances	5	0	1	N	Y	Five Stars	was just like it says	2015-01-10
US	22716955	R3EZO51H0D46IS	B001DI5ALW	892941206	NewAir AW-121E 12-Bottle Thermoelectric Wine Cooler	Major Appliances	5	0	0	N	N	Simple, Stylish, Doing It's Job.	Unit arrived well packed.  Be aware thermoelectric per the mfgs web site typically only cools to 20 degrees below ambient temp. and I found this to be true.  It has a low fan noise but not an issue.  It's only been a couple of weeks but I have the cooler full and the temp has not varied by more then 1 degree.	2014-08-11
US	32634380	RWGZ7TH0DK2Z1	B00HTNJA70	32657351	PS1491676 - FACTORY OEM GENUINE WHIRLPOOL KENMORE DRYER LINT SCREEN ( THIS IS NOT A GENERIC AFTERMARKET PART) THIS IS THE HIGHEST QUALITY MANUFACTURER ORIGINAL PART	Major Appliances	5	0	0	N	Y	Five Stars	Great seller, very satisfied....	2014-12-09
US	1988758	R2GLSQN93J0MF5	B002ZV0OJO	892941206	NewAir AW-121E 12-Bottle Thermoelectric Wine Cooler	Major Appliances	4	0	0	N	N	the interior lighting is spectacular and I like that it doesn't interfere with the internal temperature	Just received our new wine chiller.  It's just the right size; the interior lighting is spectacular and I like that it doesn't interfere with the internal temperature.  The stainless steel front matches our stainless steel kitchen appliances.  The price was an added bonus other units were as much as $100.00 more.	2014-09-28
US	10084714	R10LAUKX28SWJR	B00ESJNX4Y	667120727	LT500P, 5231JA2002A, 47-234210 Alternative Replacement Refrigerator Water Filter Cartridge	Major Appliances	5	0	0	N	N	Mom approved.	Great filter!. Fits and works the same as the original name brand at 1/2 the cost. This is the filter we use in our home.Try it its a great value at an excellent price.  It has taken care of all of our  guests, pets and even babies. The water comes out tasteless, peerless and safe.	2014-11-10
US	11562612	R35K1M8YHDK6K8	B0050KJX3K	8120227	PS373014 DRYER HEAT ELEMENT REPAIR PART FOR WHIRLPOOL, AMANA, MAYTAG, KENMORE AND MORE	Major Appliances	5	0	0	N	Y	Five Stars	Worked great. Shipped fast. Came with all the necessary parts for installation.	2014-10-05
US	26998309	R4B4PWU1Y0HGC	B00KJ07SEM	313983847	GE MWF SmartWater Compatible Water Filter Cartridge - Refrigerator	Major Appliances	3	2	3	N	Y	This is really RFC0600A in a different box.	I was curious what the difference is between this product and the cheaper RFC0600A so I ordered both. Turns out the only difference is the box. The items in the boxes are both labeled RFC0600A, so they're exactly the same.	2015-02-01
US	43611535	R1PTQ78QDT61OV	B003O4QDWS	543777005	Speed Queen AWN412 3.3 Cu. Ft. White Top Load Washer	Major Appliances	5	5	5	N	N	Best Washers and Dryers money can buy	Think about it...if these machines are good enough for the constant wear and tear of a laundromat, think of how great they'll be in your home! An old Kenmore washer and dryer (they were both so old they were gold colored) came with the house I bought and I saw no need to purchase new machines since those were still working.  What I hated about the Kenmore washer was the constant need to re-balance the load every so often. I hated hearing that buzz ringing throughout the house whenever the load would un-balance.  In the midst of an extensive remodeling project, I found out that the old Kenmore washer was leaking oil and I decided it was high time to get a new set.  I read all the reviews and did in  depth research on top loaders and front loaders.  From everything I've read, people honestly hate those front loaders.  They are cheaply made with lots of electronics that only break down.  If you're like me, you just need the basics.. a few cycles (regular, delicate, heavy duty wash) and a reliable washer.  You get it with the Speed Queen.  I called a local mom and pop appliance store in my neighborhood and asked about their Speed Queens (SQ does not sell their products to the big box stores!) and they had a washer and dryer floor model in stock that they were looking to move for a sweet discount.  They had newer SQ models coming in and they needed the floor space to display the new models.  I got the top of the line washer and dryer with all the bells and whistles (NO ELECTRONIC TOUCH PAD but a variety of wash cycles) for about $300 less than the normal retail price.  Here's what I love best about the Speed Queens (SQ)<br /><br />1.  You can add clothes to the machine after you've already started the cycle<br /><br />2.  The machine is well built from real steel and built right here in America<br /><br />3.  It's a heavy machine so it won't dance all over your floor while washing.<br /><br />4.  It runs through each wash cycle very quickly<br /><br />5.  I can choose how much water I want to add to each load depending on how dirty I THINK the clothes are!<br /><br />6.  NO NEED TO RE-BALANCE THE CLOTHES.  THIS MACHINE NEVER GETS OFF BALANCE!<br /><br />7.  The spin cycle gets every drop of water out of your clothes so they spend less time in the dryer.<br /><br />8.  No fancy electronic touch screens and wild colors. It's a washing machine.  I need it to work, not make a fashion statement.  Besides, all the repairmen I've talked to say electronic touch controls are nothing more than job security features for them.  The SQ have sturdy knobs and old fashion  dials that work the way they are supposed to.  Turn the knob, choose your wash and cycle, choose your water level, push the knob in and let her go!<br /><br />Overall, I LOVE THIS MACHINE and I'm happy with my discounted, floor model purchase of both the washer and dryer.  By the way, if you're able to find a mom and pop appliance store in your are, check them out.  Don't hesitate to purchase a floor model unit since (as the sales lady reminded me), it's not like anyone can plug it in and run a load.  It simply sits on display and people will open it up and look inside.  My floor models looked as brand new as the ones fresh out of the box and it came with all the connecting hoses for free.  I think I was blessed with a great deal and I love my Speed Queens!w much water I want to add to each load depending on how dirty I THINK the clothes are!<br /><br />6.  NO NEED TO RE-BALANCE THE CLOTHES.  THIS MACHINE NEVER GETS OFF BALANCE!<br /><br />7.  The spin cycle gets every drop of water out of your clothes so they spend less time in the dryer.<br /><br />8.  No fancy electronic touch screens and wild colors. It's a washing machine.  I need it to work, not make a fashion statement.  Besides, all the repairmen I've talked to say electronic touch controls are nothing more than job security features for them.  The SQ have sturdy knobs and old fashion  dials that work the way they are supposed to.  Turn the knob, choose your wash and cycle, choose your water level, push the knob in and let her go!<br /><br />Overall, I LOVE THIS MACHINE and I'm happy with my discounted, floor model purchase of both the washer and dryer.  By the way, if you're able to find a mom and pop appliance store in your are, check them out.  Don't hesitate to purchase a floor model unit since (as the sales lady reminded me), it's not like anyone can plug it in and run a load.  It simply sits on display and people will open it up and look inside.  My floor models looked as brand new as the ones fresh out of the box and it came with all the connecting hoses for free.  I think I was blessed with a great deal and I love my Speed Queens!	2015-07-18
US	1588932	R3I1CS1U3HIOV4	B005R597HA	183784715	Avanti 110-Volt Automatic Portable Compact Dryer with Stainless Drum and See-Thru Window	Major Appliances	5	0	0	N	Y	More than I expected	Drys fast low energy use for a 110 dryer clothes come out almost wrinkle free, after 7 months now couldn't be happier.	2015-07-31
US	11427945	RN31UIHY7RX8D	B000KKO4ZM	598262608	Duct Aluminum Periscope 0-18in	Major Appliances	3	5	6	N	Y	It works fine and does what it's supposed to do	Installation was a real bear.  The dryer sits in a corner of the room and it was very difficult to reach and attach the periscope.  After about 45 minutes and lots of swearing, the unit was finally attached.  It works fine and does what it's supposed to do.  My wife likes the extra space in front of the dryer, especially since our laundry room is quite small.<br /><br />I'd give it a higher rating, but as I stated at the beginning, installation was a real bear.  Although, maybe if I had longer arms...	2014-09-15
US	17069422	RI9XX7DO0KQLE	B007ZS4SF8	380915019	HOMEIMAGE 16 Bottle Thermo Electric Wine Cooler - HI-16R	Major Appliances	5	0	0	N	Y	Five Stars	Work extremely well.	2015-02-26
US	12899044	R25OBID01ZYJ52	B0015YQV8K	448600570	"Wave-Touch Series EWDW6505GS 24"" Fully Integrated Built In Dishwasher With 9 Cycles 45 dB 16 Place Settings Wave-Touch Control Nylon Racks Energy Star Rated In Stainless"	Major Appliances	1	5	5	N	N	9 repairs in 3 years.......	We bought this 3 years ago and it has stopped working 9 times so far.  We thankfully bought the extended warrantee which covers all the repairs.  The computer board has been replaced 3 times plus lots of other parts were also replaced.  The average down time was about 3 weeks because of waiting for parts.  It's been close to 6 months of hand washing dishes since we've owned this one.  I would never buy another Electrolux dishwasher again.  We had 15 years of repairs free with our last dishwasher which was an Askov.  My sister bought a BOSH the same year we bought this Electrolux and has had no problems.	2014-05-07
US	25367710	R10CZLH4C62LKJ	B00CGW43RQ	913563938	Whirlpool 8171413 Compatible Refrigerator Water and Ice Filter by Zuma Water Filters (OPFW2)	Major Appliances	5	0	0	N	Y	No complaints... fit and works well. ...	No complaints. ..fit and works well. It came a day or two earlier than it said it would.	2014-08-09
US	13931965	R375OEZKKK19NY	B002NFOVOG	729965049	"GE PS905SPSS Profile 30"" Stainless Steel Electric Slide-In Smoothtop Range"	Major Appliances	3	0	0	N	Y	Works OK for the price	This is pretty much a bare bones slide in stove.  Quality is ok, but stove is a bit hard to level to counter when first installing, and we were afraid we would crack the glass top.  You get what you pay for.	2014-06-11
US	45458768	R14QCCXZNFAZ8V	B004N4MSPO	451436203	SPT Countertop Dishwasher	Major Appliances	5	10	10	N	Y	Glad we purchased!	This little gem has been awesome!  Cleans very well using Cascade Complete ActionPacs and hot water from the sink. Setup was a breeze and was ready for use within minutes of arrival.	2015-05-30
US	25593246	R1SROQUEJZSJFT	B008H5MAJE	549671001	Allavino MWR-541-BR 51 Bottle Wine Cellar Refrigerator - Black Door	Major Appliances	4	0	0	N	Y	Very well made	I have been looking for a wine cellar for long time.  Finally I decided to purchase two of Allavino MWR 541-BR with right and left door hinges.  The package delivered with no damage.  These units are very sturdy and heavy.  So far I am very happy with the purchase<br /><br />Pros. Very well made, looks good<br />Cons. A bit noisy (especially I put together two of them side by side), it doesn't hold 51 bottles	2014-08-17
US	47680923	RKLDQLLK6FTTS	B0050W1WMS	369096018	GE Panasonic Refrigerator Fan Motor 197D2039P007	Major Appliances	5	0	0	N	Y	Five Stars	SUPER ET ENVOI RAPIDE OK	2015-02-19
US	47403158	R3AAO1WWMVVJYV	B0084IY1ZU	661731685	Samsung 4.2 cu. ft. High-Efficiency Top-Load Washer - White	Major Appliances	1	0	0	N	N	These products are garbage and should not be bought by anyone	This washing machine is a piece of trash. The drainage housing cracked and leaked water all over our basement. Other reviewers have noted this same issue, so it is a common problem. These products are garbage and should not be bought by anyone. It is a complete waste of money, and ultimately time and energy, as you'll end up having to deal with repairs and long calls with customer service.	2015-06-13
US	32279094	R31ES945H0141K	B00BBJIWVS	296044644	Emerson Portable Ice Maker	Major Appliances	1	1	2	N	N	i an having the same results as another owoner is ...	i an having the same results as another owoner is having<br /><br />0<br /><br />I am having the same problem as others are having (ONE AND TWO CUB#S PER CYCLE)<br />a one star unit..	2014-09-16
US	47960397	R18QQCM0E7T8AW	B005HF61ZQ	183898547	"GE Cafe CGP650SETSS 36"" Built-In Gas Cooktop"	Major Appliances	5	0	0	N	Y	Five Stars	Good	2014-12-08
US	8224942	R2QO7SSTAJ4GRT	B00DFVV0NW	107861731	Sonya Compact Portable Apartment Small Washing Machine Washer 1.9cuft./15.4lbs/free Casters Included	Major Appliances	5	6	6	N	Y	NO LAUNDROMATS!!!	NO MORE FREAKIN LAUNDROMATS!!! I love this machine I've wash my blankets, Towels, Comforters,  Nursing Scrubs, everything at moderation. It really washes great and rinses and actually rings garments unbelievable well.  Am so happy with my Washer Machine!!!	2014-08-19
US	33225369	RFHNDFBQG88VA	B0050KLL8U	49092511	Flat Oven Ignitor	Major Appliances	1	1	1	N	Y	One Star	I didn't like it I wasted money on this item it didn't make my stove work again	2015-04-24
US	15823045	R2FKV1OL03U2CR	B000HZTN24	393006119	Broan 30-Inch Quiet Hood Convertible Range Hood	Major Appliances	5	0	1	N	Y	AWESOME!!!!!	This item is the best! I replaced it yesterday and works perfectly. I would like to recommend it to everyone who needs to buy a great one.<br />Thanks	2015-01-11
US	46751290	ROH3W9X4ZH1GS	B00570RKTW	586441756	1 X NEW Replacement Part - Whirpool Dryer Thermistat Kit Part# 3977393	Major Appliances	5	0	0	N	Y	GREAT PRODUCT. BUT NOW I' STUCK WITH A NEW ...	I PURCHASED A NEW DRYER DUE TO THE PROBLEMS THAT I WAS HAVING WITH OLD ONE, BUT AFTER INSTALLING THIS KIT MY OLD DRYER HAS CONTINUE TO RUN NO PROBLEMS. GREAT PRODUCT. BUT NOW I' STUCK WITH A NEW DRYER THAT I NO LONGER NEED.	2014-12-29
US	23704812	R25SIRB4V8WY1E	B00308PVIK	324725543	Whirlpool Part Number W10219462: Control Board	Major Appliances	5	0	0	N	Y	Five Stars	Worked great	2015-03-29
US	51718974	RQ4RON1LST2V1	B00MMNNB2C	301121324	Stove Top Cover Oven Seam Protector Set of 2 - Heat Resistant Silicone Strip Protects Covers Guards Space Between Oven Top and Counter - Gap Stuffing Reduces Mess Stops Spills by Perfect Life Ideas	Major Appliances	4	0	0	N	Y	I like these, they definitely stops all those crumbs/spills from ...	I like these, they definitely stops all those crumbs/spills from going between the oven and the counter.  I wish they had more colors as I have a black oven and charcoal counters.	2015-01-26
US	21944541	R1HCAITL3EG1F0	B0044YUQ98	613066730	279838 DRYER HEATING ELEMENT FOR WHIRLPOOL KENMORE MAYTAG	Major Appliances	5	0	0	N	Y	Five Stars	It worked, enough said about a dryer element!	2014-08-27
US	10017126	R3KQJ8QOXO1WHJ	B00KO90H6Y	767299626	Whynter Stainless Steel Cigar Cooler Humidor	Major Appliances	2	5	7	N	Y	DON'T BUY!!! unless your into MODIFICATION!!!! POOR air circulation when filled up!!	Any review that says this works GOOD out of the box hasn't done any testing! At least in a similar environment as I am in. I live in the desert with evaporative cooling. That means good luck keeping your cigar under 70 F in the summer. I've measured Temp and Humidity on all shelves simultaneously even at the bottom with NIST (National Institute of Standards and Technology) traceable calibrated devices. Although when empty temp and humidity are more constant. The purpose of the device is to fill it up with cigars and create a micro climate suitable for storage of cigars. If the humidor is full there is little to no circulation of air. Temp differences of up to 10 degrees F and humidity up to 20% from top to bottom when humidor is full.  Humidor needs air circulation even if it is satisfied temperature wise. There are no allowances for this. When the thermo electric devices is activated (transferring heat) it acts as a dehumidifier. This product was made with out any thought. It's just a thermo electric wine cooler with cedar shelves. Guess what? Wine is in a sealed bottle (It's own micro climate) cigars are not!!! You are supposed to be creating a micro climate for the cigars. I am currently modifying mine with extra fans an a controller (AC Infinity AI-ATC, Fan Thermostat and Speed Controller with two sets of AI-MPF80A2 Quiet Dual 80mm). I hope this will work but I still have to overcome the lack of space (when full) around the shelves for air movement. I will update this post to let people know how the modification turns out.  Here is a list of some items I'm using to modify this product: [[ASIN:B00JWYXCKA Cigar Oasis Plus Electronic Cigar Humidifier]] [[ASIN:B00KGC1VBE Cigar Oasis Black WiFi Attachment Module]] [[ASIN:B00NG9TSG4 AC Infinity AI-ATC, Fan Thermostat and Speed Controller, for Home Theater AV Media Cabinet Cooling]] [[ASIN:B00IJ2J2K0 AC Infinity AI-MPF80A2 Quiet Dual 80mm USB Fan for Receiver DVR Playstation Xbox Computer Cabinet Cooling]] [[ASIN:B00B9234HE Spanish Cedar Cigar Tray]]	2015-08-01
US	52048239	R33GHTRU6OPIRA	B004132GZE	214174437	KitchenAid Superba Architect II KUDS35FXSS Fully Integrated Dishwasher - Stainless Steel	Major Appliances	1	2	2	N	N	Junk	Junk!  Cleaning issues, broken racks, streaks stainless steel.  Ready for the landfill after 2 years!	2014-08-31
US	10150050	R1QW733VMX1XC6	B0055UBB4O	423421857	Danby 0.7 cu.ft. Countertop Microwave	Major Appliances	5	0	0	N	Y	Five Stars	Still working well	2015-04-19
US	14343816	R2DQG39F2DF6UY	B0050KKS5C	758706493	316075103 BAKE ELEMENT REPAIR PART FOR FRIGIDAIRE, ELECTROLUX, KENMORE AND MORE	Major Appliances	5	0	0	N	Y	No complaints thus far	Installation was easy, no trouble, anyone on the fence about this, go for it.  I'm sure it was manufactured in the same factory @ oem, if not, I'm sure it's at least to spec.  The first thing I did was some torture testing, cranked it to 450-475 let it heat up and sit for a half hour, did that like 5 times.  Trying to make it fail.  I've been baking with it 3-5 times a week for a month now without issue.  I am going to buy another one for backup.	2014-05-18
US	49593218	R3TWX56YU0VY9W	B009ZYZBZQ	362145637	AKDY Freestanding Wine Cooler	Major Appliances	2	0	0	N	Y	Going strong after a year	Getting near a year with this and works great. Only minor issue is the top runs a little warmer than the bottom.	2014-12-10
US	41160824	R3WZ6PGVNYVG5	B00ET48ZMI	779239563	Stovetop Spill Guard No-Spill Strip	Major Appliances	1	0	0	N	N	One Star	This product I don't like to much, because is moving to much.	2014-07-04
US	13186065	R1Q8VF0DCRF1VB	B002Z7OEDK	991673442	Front load steam washer, Wave-touch controls, White	Major Appliances	1	1	1	N	N	I just got an Electrolux washer. It won't work ...	I just got an Electrolux washer. It won't work.  It starts to pump water in and then gives a No Water error and pumps the water out.  Electrolux said they would charge to send someone out.  I think it may be low water pressure due to having a well but Electrolux won't even answer that question. I have never had this problem with a washer before.  I think I will have to return it.	2014-07-26
US	4942155	R2IYG66JCOEA05	B0059707R0	171654780	NewAir AI-500SS Under Counter Ice Maker	Major Appliances	5	0	0	N	N	Five Stars	though the ice maker is great. I never received the warranty.	2015-03-31
US	1943004	R3R0DG03CEKADX	B00MPZQR4Q	793009811	Keystone KSTRC24CBP Compact Refrigerator with Wipe-Off Board Front, 2.4 Cubic Feet, Black	Major Appliances	4	8	8	N	Y	But love the color	Had a few scratches when I got it. But love the color. Temp works great. More room than I thought. Which is good. Even comes with a cute little tray. Very easy to install. Comes out of the box no problem. Cold in like half a day.	2015-07-23
US	48648210	R303BAPGEBGHM8	B00CKY68O6	29490290	Whirlpool WL-8531964 Dryer Lint Filter Replacement	Major Appliances	5	0	0	N	Y	It fit as a replacement for my dryer. I ...	It fit as a replacement for my dryer. I purchased it together with the lint screen.[[ASIN:B00CKY68O6 Whirlpool WL-8531964 Dryer Lint Filter Replacement]]	2015-08-25
US	10367743	R1747QAPG7722C	B003JN38PO	677741592	Whirlpool WTW5550XW Cabrio 3.6 Cu. Ft. White Top Load Washer - Energy Star	Major Appliances	1	1	1	N	N	It's a lemon.	Nothing good to say about this thing. If it won't spin,  heck the belt and nut on the bottom. Remove the cotton &#34;sound shield&#34; and plastic cover. Repaired twice for electronic problems, fixed the bolt and belt 3x,all in 3 years. This thing is built like crap.	2015-02-12
US	31995956	RRTN14FZ0A8L8	B007PKOMWU	294467812	Danby  Freestanding Wine Cooler	Major Appliances	4	12	13	N	Y	I Feel the Need to Rate This Item...	Mine works fine and runs quietly, so it really must depend on the unit that you get. The first one I ordered did not work when it arrived, so I packed it back up and returned it (a surprisingly easy process with Amazon online returns) and had them send a replacement. When the UPS driver arrived with the replacement, she told me that she had heard that you should let things like this sit for 24 hrs before you turned them on. I did that and everything was just fine. I have no idea whether that was the problem with the first one or this is just coincidence, but something to keep in mind. It does run pretty much with a dual temperature zone without having paid for that feature. The difference between the temp at the top and the bottom is about 6 or 7 degrees. While it does run a little cooler than I would like, I am happy with it.	2014-10-23
US	45259170	R3A4P7K697BQU2	B00D8G49D2	86682805	OEM Genuine Factory Whirlpool Kenmore Sears Roper Estate Maytag Clothes Dryer Heating Element 279838	Major Appliances	5	0	0	N	Y	Five Stars	Wonderful OEM part!	2014-09-28
US	11552677	R38EZ5TQGZX4W4	B008Q25O5U	766243354	Samsung NE595R0ABSR 30 In. Freestanding Electric Range with Ceramic Cooktop and 5.9 Cu. Ft. True Convection Oven, Stainless Steel	Major Appliances	1	0	0	N	N	slave to my stove	This is my second smooth top and samsungs top is terrible.  Every time I cook I have to take a razor blade to.  I feel I am a slave to this stove. I never took a razor to my first one which was a different brand.  I will never by another of Samungs	2015-03-04
US	15974874	R32T4JQWMLY7X5	B00D8G49D2	86682805	OEM Genuine Factory Whirlpool Kenmore Sears Roper Estate Maytag Clothes Dryer Heating Element 279838	Major Appliances	5	0	0	N	Y	great product	works better than original	2015-04-19
US	34178894	R2H57EMZ20XUW9	B00ESL4Z9Y	731474598	DA29-00020B, DA29-00020A, HAF-CIN Alternative Replacement Refrigerator Water Filter Cartridge	Major Appliances	5	0	0	N	Y	good clean drinking water from my fridge again	Yumm, good clean drinking water from my fridge again.  These came in a 3 pack, these should last awhile	2015-02-17
US	14129252	R13CZECE5CO1QE	B00LADZAEM	371617683	GE Replacement Filter for MWF GWF HWF 46-9991 WSG-1 WF287 EFF-6013A By Royal Pure Filters 1 Pack	Major Appliances	5	0	0	N	N	Five Stars	just as described	2014-08-05
US	24896820	R1RGJXLPHMXA3O	B0051OKX2U	541805727	The pureWash Professional-Grade Ionic Laundry Purifier (High-Efficiency Washers)	Major Appliances	5	11	11	N	Y	GET IT NOW!	OMG! this is fabulous! TRUTH! this works.  I put it to the test!  I washed kennel towels and NO URINE SMELL or any stink!  I washed multiple items, including mats and mini rugs, and IN COLD WATER, and it is just amazing, it cleans great AND removes odors and it's just a normal fresh scent afterwards. I really think it's better for the septic tank too. Not purchasing anymore laundry pods, for a full household, is terrific savings!!  I do not have any negatives.  The installation was also simple!  Do it! Get it!	2014-06-24
US	21751955	R3UDZAFE8REE8J	B007QD8PV0	476535049	Ariston Platinum Line AWD129NA 24 Washer/Dryer Combo	Major Appliances	1	3	3	N	N	Terrible. Do not buy	Terrible. Do not buy. I fixed it 4 times.The machine had worked 4 years and now it broke down to a total loss....garbage.	2015-05-23
US	47028041	R261EWDAQ6N5V3	B005GSZB7I	827502283	Whirlpool Stainless Look Countertop Microwave, 0.5 Cu. Feet, WMC20005YD	Major Appliances	4	3	3	N	Y	Love the simple controls	Have been using this microwave for a year and it does everything I need it to.  Love the simple controls. I live in a small condo with little countertop space and this is perfect.	2015-03-19
US	34198930	R3QW0CQ7CDGP34	B0085ZJ346	328950327	AquaFresh Repl Filter for Whirlpool 8171413/NL200, 2-Pk	Major Appliances	3	0	0	N	Y	Water's fine but took forever to stop leaking	It seems to fit but for the first 20-30 minutes it somehow allowed a slow leak to come out of the water spout in the fridge.  Tried re-inserting it several times and it finally stopped.  Not sure if it was how I installed the filter but I hadn't had that happen with other types of filters before	2014-05-29
US	48159861	R25CK3XOGWL615	B00CFUH560	245941040	Samsung Neat White 5.0 Cu Ft Top Load Washer and 7.4 Cu Ft Steam Electric Dryer WA50F9A6DSW DV50F9A6EVW	Major Appliances	1	7	10	N	N	SAMSUNG customer service works for Samsung, not you.  Know what to look for in a bad unit - read this review.	ALERT ALERT ALERT - BEFORE YOU BUY A SAMSUNG READ THIS - ALERT ALERT ALERT<br />Hi folks - I hate to be an alarmist, but I have information you NEED TO KNOW about Samsung and other washing machines of this general manufacture.  I bought the 50 version of this washer (WA50) and after 2 years it failed.  It wasn't anything we did, it was a KNOWN issue with the manufacture of the machine.  You see, when it's ready to drain there's a pump that pushes the water out the exhaust tube into your drain pipe.<br />THAT PUMP can easily crack, break, and fail - causing the machine to dump all it's water onto the ground.<br />Until that happened this was a perfect washing machine for our family, worked flawlessly, saved water and energy, we were happy.<br />How can you know if you got a model with the crappy drain pump?  In general the crappy pump is attached to the tub itself, right on the drum.  You simply tilt your machine up and look.  Follow the water exhaust/discharge hose from the outside of your machine to a cylindrical device that's (hopefully) attached to a hose that goes to the drum.  If the pump is on the drum, you got a bad one!<br />The Samsung repair guy came out to repair mine and told me all about this issue.  I asked what makes the decision whether you repair one out of warranty (I was at 2 years the machine has a 1 year warranty - because the pump isn't part of the DRIVE TRAIN 10 year warranty.)  His response: whether the customer complains enough.<br />Yes, my machine got fixed - but the customer service gave me a serious run around (over 4 hours on the phone).  One of the managers even had the audacity to call me, and left me the wrong return phone number THREE TIMES!!!  (*or does Samsung market time shares?)<br />Their stellar lack of customer service and desire not to stand by their defective merchandise has earned Samsung this negative review and my warning.  Be sure your pump is mounted to the machine frame at the base of the unit NOT THE DRUM.  It makessense if you think about it.  The drum sees a lot of vibration, a plastic pump mounted to that vibrating behemoth is bound to fail.	2015-01-07
US	34836594	R25KZZI49GYU75	B00IZ5HL3G	874236579	Avalon Bay Portable Ice Maker	Major Appliances	5	0	0	N	Y	Good investment	A great investment for helping with keeping the cooler filled up during the summer days instead of buying bags of ice every day! Takes about three rounds before the machine is up to full duty with hard ice as the first few rounds work to get coils to peak chilling.	2014-07-21
US	14979889	R3CRPAO7MWWQX9	B0017Y3GGI	425600013	NewAir AI-100R 28-Pound Portable Icemaker, Red	Major Appliances	5	0	0	N	Y	Excellent portable Ice Maker	This little ice maker can make ice faster then my fridge ice maker.. you can't go wrong with it.  I can't wait to take it camping.	2014-06-13
US	12186370	R3MS6XCTDQ7TK6	B003K5FPRU	392967251	Frigidaire FFMV164L 1.6 Cubic Foot Over-The-Range Microwave with Fits-More Capacity, 1,550 Watts and,	Major Appliances	1	3	3	N	N	Worthless product/worthless warranty	I have a Frigidaire microwave model CFMV 164LS, a former version of this model installed in my RV.  It quit working after 3 months of use.  After weeks of trying to get it replaced under warranty, Frigidaire has finally found someone to do the replacement with this model but Frigidaire has now refused to pay the service fee for doing the replacement where the unit is located.	2014-11-19
US	35916348	R3CJIW6EDSLLR5	B00DYJNNWQ	779409171	Luma Comfort IM200SS Portable Clear Ice Maker, 28-Pound	Major Appliances	2	0	2	N	Y	plastic looks like its coming off	ice maker arrived today, received it in just two days however somebody should have looked over the ice maker as it has scratches on both sides, plastic looks like its coming off.  looks like it's four years old.	2015-08-11
US	19661080	R1KB7ETQKSDEI9	B00BJBBIR8	764245452	Danby Designer DAR044A1BDD Compact All Refrigerator, 4.4 Cubic Feet	Major Appliances	1	0	0	N	Y	This is a horrible product, buy something else and save your money	I bought this product for my dorm room. I made sure I followed all the instructions and treated it with extreme care since I wanted it to last. Less than 3 months after the purchase it stopped working all together. The light turns on but it doesnt get cold, actually it is quite warm. This is a horrible product, buy something else and save your money. Being in college I can't even take it in to a service depot to get it repaired.<br />This product was a total waste of money.	2015-03-26
US	2092860	R21SMYT8CPS6NR	B00KC8Y2ZE	31000039	Igloo Ice Makers.	Major Appliances	2	0	0	N	Y	Two Stars	Doesn't make ice cubes like we thought very small and don't last long melt fast	2015-06-23
US	51123705	RSGKNZBE27WN	B005DJ7CFE	855609675	Appliance Art Instant Stainless Large Magnet Dishwasher Cover	Major Appliances	5	1	1	N	Y	Great product!!	This magnet was very impressive. Great price and so easy to put on. It gave my dishwasher a whole new look.	2015-04-20
US	50929416	R2I31H3VC1L64T	B00VFT53Y8	489820897	Topro Soldering Stand Workbench LED Lighting Magnifying Glass Kit	Major Appliances	2	1	1	N	N	This works fine as a magnifying lamp with a place to store ...	This works fine as a magnifying lamp with a place to store your hot soldering iron, but the arm extension came missing a piece to attach it.  I could have returned it for a replacement, but didn't want to.  The light is ok, but not the greatest but that is because it is only operated on a battery.  Not a bad product if all the pieces were included.	2015-05-05
US	46298811	R2VLDOETH6XI22	B00HZRJVCO	195557176	Electric Small Mini Portable Compact Washer Washing Machine 110V, 9LB Capacity	Major Appliances	4	2	4	N	Y	This machine is a good value for folks who want to do laundry in ...	This machine is a good value for folks who want to do laundry in a small space without hauling it out to a laundromat.  It is a bit leaky if you overfill it, but it really works the clothes you put in it if you don't overload it.  It has a GRAVITY DRAIN and NO spin cycle, so your clothes will finish soggy.  Drain and refill part way and run a bit for rinse cycles.  Wring the clothes before putting them in your spinner.  Get a compact clothes spinner to whip your clothes to near-dryness so you can hang dry them.  Uses only a tiny amount of soap and whitener.  Actually, it is fun to run some clothes without soap to see how much is left in your clothes from other equipment.  This is perfect for RV-ers.	2014-12-04
US	31297039	RO287HRZ3QE16	B00CDWTQKI	855136348	The Laundry Alternative Nina Soft Spin Dryer, Ventless Portable Electric Dryer. 3 Year Warranty, 127V, 60 Hz	Major Appliances	5	0	2	N	Y	Five Stars	gift	2014-12-06
US	22817759	R3S3MJV2CTNVU1	B00AMFLZLG	12811331	Koldfront Bottle Free Standing Dual Zone Wine Cooler	Major Appliances	2	25	25	N	Y	The shelves on this unit are built cheaply and don't ...	The shelves on this unit are built cheaply and don't fit properly. There are grooves in the sides that hold the shelves, however the shelves are not wide enough and when you pull them out far enough to read the bottle labels one side or the other will slip out of the grooves and the whole shelf will fall onto the shelf below.	2014-10-09
US	43896277	RSJQ5R231L42L	B00JTOJNGA	48329961	midea WHD-113F Double Reversible Door Refrigerator and Freezer, 3.1 Cubic Feet, Black	Major Appliances	5	18	18	N	N	Let me tell you, this little unit is THE ONE.	You can find this model at a big-box store for less, and they offer free shipping as well. But I came to Amazon first to read reviews and browse before looking up the model number online for the best price once I found which one I liked.<br /><br />I had first narrowed my search of MINI fridges down to ones with a separate freezer. I find the built-in freezer section on other units always freezes up and intrudes on the fridge space, and isn't all that big to begin with. I also wanted something usable for more than just left-over-lunch and a gatorade - something around 3 cubic feet.<br /><br />I looked at a bunch of units and I'm pretty sure they are almost all the same design made in China, with minor differences. I'm almost certain that the same factory makes all of these units and sells them to other companies that slap their name on the front. I saw one with a cute through-door water-dispenser, so if a major use would be using the fridge for ice-cold water that unit would be nice. The other difference I noted was in the fridge door - some have room for a 5-can stack and a full width tray at the top of the door, and some have room for a 6-can stack and a half-width tray at the top of the door.  I thought 6 cans would be better than 5, since that tray is so small not fits there anyway.<br /><br />Midea offers three versions of this same unit - all white, all black, and black with the door panels covered in stainless steel. I opted for all black, since its cheaper and blends in better. This unit isn't quite small enough to fit under my counter, but sits next to my desk and I can use the top of him as additional horizontal storage for a coffee maker, toaster oven, or what-have-you.<br /><br />Let me summarize the rest of this review<br /><br />PROS :<br />Super low energy usage. Some of the other mini-fridges in this class use ~$36/yr, this one uses only $29/yr.<br /><br />Runs (down to) very cold. On Max the fridge is @ 38° and the freezer is at 25° when the ambient temp is 88°.<br /><br />Separate freezer space. The freezer stays ice-cold and no frost in the fridge area. The freezer space is about 15 inches deep, 7 inches high, and 18 inches wide. The door takes away about 3 inches of depth for the shelf on the door.<br /><br />Spacious. You can actually fit quite a bit in the fridge section. If you take out the middle glass shelf, you can fit larger objects like pots of chili and opened wine bottles.<br /><br />Quiet. This is about as silent as a low-energy fridge can be. It is similar to a small aquarium air-pump, or a desktop computer. Fifteen feet away from it and I can only _just_ hear it. This mini-fridge doesn't have an evaporator with a fan blowing over it to remove heat, thereby reducing power consumption and noise, it simply radiates the heat out of the side panels which act as a giant heat-sink.<br /><br />Door organizer. Holds a 6-pack of cans plus a half gallon of milk and a 2L bottle all at once with a tiny shelf space to spare.<br /><br />Features. The vegetable crisper will keep loose wilty food in a higher humidity environment so they last longer. Built-in light is a nice touch. Glass shelves instead of wire racks. Comes with a small plastic ice scraper when you need to manually defrost the freezer, and a small ice-cube rack (6x2 mini cubes). Nice long power cord - about 36 inches. Plastic drip tray over the compressor for catching condensation from the auto-defrost of the fridge.<br /><br />Packaging. This was shipped by FedEx to my home, and although the box is big and about 60lbs, it surprisingly wasn't crushed or looked damaged. The packing is  a hard-plastic bottom tray lined in styrofoam that the fridge sits on. Over that was a one-piece 5-sided double-wall of cardboard that had a styrofoam liner inside protecting the fridge. The bottom was strapped to the top with bands. All the pieces of the fridge (door, shelves, etc) were taped up and packed with cardboard spacers around them. The item arrived inperfect condition (no marks), and worked on plugging it in.<br /><br />CONS<br /><br />The crisper doesn't have any humidity control, so don't put food that ripens in it as trapped ethylene gas will accelerate the ripening. If you like cold fruit like bananas and pears, buy some &#34;blue apples&#34; to absorb ethylene gas.<br /><br />Manual thermostat control feels dated, although it does the job, and no digital temperature display or humidity display. I bought a separate digital unit by Andoer.<br /><br />Doors held shut by magnets, not by latches. Magnets are not rare-earth, and are not the strongest. If your fridge is usually bursting with food, the light-weight doors might have trouble staying shut. You might need something like XtraGuard latches, Safety 1st appliance lock or fridge latch.<br /><br />The soda-can holder is a nice feature, but if you don't drink canned drinks its a total waste of space. Also, this model chooses to hold 6 cans instead of 5, which means the shelf at the top of the door is only half-width, making it mostly useless. I keep a block of cream cheese on it for some bagels, and that's about all that will fit there. You'll have to choose what you will do with that space - besides a stick of butter, a block of cream cheese, or maybe a bag of candy or pair of jello dessert cups not much fits that tiny tray space.<br /><br />----<br /><br />The unit itself is not designed to be a built-in. You can feel the heat given off on the sides, and the compressor at the bottom/back needs ventilation. Understand that a compressor-driven refrigerator doesn't just &#34;make&#34; cold, it simply moves heat out of the box making the inside cold and therefore venting heat to the outside. Make sure there is room on the sides of the fridge to vent that heat, or else the heat will stay in the box and try to warm up the fridge and then the compressor will be fighting against itself. If you keep the sides vented it should prolong the life of the unit. Also, notrunning the fridge on high will extend the life of the compressor. The compressor has a 5-year MTBF rating, and I would think that would be normal to expect for the life of this unit. These are sealed system units with no way to service them, and unfortunately, a new compressor is about the cost of the unit. Adding in labor and such makes it cheaper to dispose of these units than to fix them.	2014-08-06
US	40926530	R36U2CCW43AR49	B00HX3ZJKS	532005123	PAIR SPECIAL- LG Turbo Series Ultra Capacity Laundry System With Steam Technology (WM3470HVA,DLEX3470V,WDP4V x2)	Major Appliances	5	4	5	N	Y	Love this set!	Great set at a significant discount over what we could find locally.  Worth the effort if you have someone who knows how to install.	2014-10-02
US	18048616	R179TNAIFKDSX1	B0087PJE20	347678754	Kenmore Dishwasher Silverware Basket 8562080 White	Major Appliances	5	0	0	N	Y	Meets the need!	It works just great.  You can easily remove the side baskets if you don't need them both.  The slots for the silverware are a good feature, so that your silverware stays separated during the wash cycle and gets cleaner.  Glad we made the purchase!	2014-06-02
US	41632344	R3CABUG6UFW2ZJ	B00DNCM55K	797255324	ERP ER2187172 Refrigerator Bin (Please see item detail in description)	Major Appliances	5	0	0	N	Y	Five Stars	Works great	2014-12-18
US	50585005	R2NST2431YRHB2	B00LOVVE9A	386722389	SPT UF-304SS Energy Star Upright Freezer, 3.0 Cubic Feet, Stainless Steel	Major Appliances	4	11	12	N	Y	Good freezer, meets the need	Good freezer, extremely quiet, definitely keeps things frozen. I followEd the advice of some other reviewer's and moved the freezer into position and let it sit for a couple of days before I plugged it in. When I did plug it in I thought it wasn't working. I heard the click of the thermostat but couldn't hear the compressor running unless I put my ear right down next to the freezer! I followed the directions and set the thermostat at 6 for about four hours and then loaded some already frozen food into the freezer. I left the thermostat at 6 until the following day and then I changed the setting to somewhere between 4 and 5 (can't see it clearly). I have a digital thermometer that I put in the freezer and every time I have checked it since adjusting the thermostat it has read LL.L, which means the temperature inside the freezer is below the low range limit of the thermometer (-4°F). I didn't find the baskets that useful, they kept falling out when I would slide them out to add food so I just removed them. That's one reason for the four star review, the others are that the shelves are not adjustable and because it's made in China. Given all the hazardous and toxic substances that are being found in products coming from China I'm really not comfortable with Chinese products having any contact with food or liquid I intend to consume. In this case I'm taking SOME comfort in the fact that there will always be at least one protective layer of packaging between my food and the freezer.	2015-07-17
US	52025956	ROKS94QWWURW	B00BXPEWDC	496426482	Waring Pro Snow Cone Maker	Major Appliances	5	0	0	N	Y	Perfect!	Works great, used it for a backyard movie night and quickly made snow cones for about 20 kids...no lines no waiting.. (well a little waiting, it is sno cones after all!)	2015-07-14
US	37802806	R2CBI1864JWXSD	B00BXPEWDC	496426482	Waring Pro Snow Cone Maker	Major Appliances	5	21	23	N	Y	Good buy	Well worth the money. Simple to use and takes regular ice cubes.Works quickly and shaves the ice finely. Would recommend for purchase.	2014-06-04
US	23514422	R2VVZ6QEPNF1W0	B00SNKU7VQ	197365398	Whirlpool W10295370A Compatible Water Filter - Refrigerator	Major Appliances	5	1	1	N	Y	Great results - lower price!	Great replacement for a lower price!	2015-08-17
US	51407383	R3NLDBXOGJU0P6	B004SUXZ5U	682359522	Avanti 12-Bottle Thermoelectric Counter Top Wine Cooler	Major Appliances	5	0	0	N	Y	Versatile	I am really impressed with this unit. I especially like the fact that you can store three open bottles on one side. All the other coolers I looked at allowed only sealed bottles to be stored. It's also reasonably priced. I have used it for about six months, and the temperature as stayed spot on. It is a great design, seems well made.	2015-01-02
US	17125307	R2PD6CNAQMGWSI	B006L8Q2XY	286104903	"Fisher Paykel DD24SCX7 DishDrawer 24"" Stainless Steel Semi-Integrated Dishwasher - Energy Star"	Major Appliances	5	4	5	N	Y	Make sure your cabinet maker knows the height you are getting	This is about the only option you can get if you want a dishwasher (or a dishDrawer as they call it) in a media room bar area. Anything else looks just too big and wrong. There are 2 styles of these --  a model number DD24S  (what I have and am reviewing) and a model DD24D. That last D/S deals with the product depth, I believe. Mine is 16&#34; tall.  The guy making cabinets for me used the wrong dimensions and made an 18&#34; opening (I think for the D model) -- but that has turned out to be better.  I put a 2&#34; spacer inbetween the lower drawer and the dishdrawer and that has the right visual appeal. Go for this model, a 9&#34; tall drawer underneath, and 3-4&#34; of dead space between the 2 to define it. It just looks right.<br /><br />As far as the washing goes -- a bit quirky.  There is a small space to put your dish tablet / powder in, but it has these funny prongs in it and you can't pierce your tablet, so you have to put the tablet in the utensil rack. Also it is slow like a regular dishwasher.  A normal load with heated dry takes 120 minutes.	2015-04-04
US	33249410	R2B33BCFFCQ4DW	B0052G14E8	423421857	Danby 0.7 cu.ft. Countertop Microwave	Major Appliances	4	0	1	N	Y	Good value for price	Low power but gets the job done, and good value for the money. As a den microwave or as a small office microwave, this is perfect and an excellent value. Takes a bit longer than larger units due to lower power, but works well.	2015-07-31
US	5135850	R10LE8PJWYYVVJ	B00GYB63NC	928389632	279311 Igniter for Whirlpool Dryer	Major Appliances	5	0	0	N	Y	Five Stars	great	2014-09-27
US	26461296	R2UZYOG2DIJSN1	B00A3H2GNO	989068275	Smart+ Products SPP15AIM Portable Stainless Steel Ice Maker	Major Appliances	5	0	0	N	Y	Product worked great, awesome Customer Service support from Smart+ Products (Now ...	Product worked great, awesome Customer Service support from Smart+ Products (Now Versonel - Thak you Kristine).<br /><br />Cranks out 3 sizes of  cubes, even outside in July.	2015-01-23
US	42754037	R25ESKQXTHZVLV	B00EOK5GKQ	534829383	"GE GDF570SGFCC 24"" Bisque Full Console Dishwasher - Energy Star"	Major Appliances	1	4	4	N	N	WORST DISHWASHER EVER	I have had this dishwasher for less than a year and it doesn't work. The soap dispenser does not always open or it opens but the soap is not dispensed and just dribbles down the inside of the door. I have called in multiple trouble tickets. They have replaced the computer and the dispenser and have ordered another new computer and dispenser because the problem hasn't stopped. When I called GE to complain that I have had the unit repaired too many times and would like a replacement, they said if it is reparable, they will not replace it. I explained that it is not reparable if they fix it and it breaks again. This past Saturday, the tech told me that I need to run my hot water for ten minutes prior to running the dishwasher and that I should move the silverware caddy from it's current location in the front (where it is supposed to go) to the back, taking up space in the rather small tub so I have less room for dishes, which, by the way have to be thoroughly rinsed before washing them. I explained to GE that if I have to jerry-rig the unit to make it work, then it is not reparable. Would they say it was okay if the latch didn't stay closed and I could just put duct tape on it to make it stay shut? If the product does not work as designed, and when the instructions that are provided with the dishwasher are followed and it does not work, it is not reparable. They refuse to replace it and while they did extend my warranty, there will come a time when that warranty is up and it will start to cost us money for all the repairs. It is costing GE more money to keep sending out techs and re-replacing parts than it would to just replace the relatively inexpensive dishwasher. Would I recommend this dishwasher to a friend? I would not recommend this dishwasher to an enemy! DO NOT BUY THIS DISHWASHER!!!!!!!!!	2015-04-14
US	49299721	R291N95CG74LF2	B00064NH6E	693601862	341241 Whirlpool/Kenmore Dryer Belt	Major Appliances	2	0	0	N	Y	Lasted 10 months. Not looking to perform annual maintenance ...	Lasted 10 months.  Not looking to perform annual maintenance on my dryer.	2014-12-14
US	21261012	RPSTBDHJ6V5Z4	B00K1LRDXK	660631122	OnePurify MWF Water Filter Replacement Cartridge for Kenmore, GE, Aqua Fresh, Swift Green, Water Sentinel, Brita, Hotpoint	Major Appliances	5	0	0	N	Y	Five Stars	Exactly what I need, and cheaper than Lowes.  These replace the manufacturers brand label, same filter - less $$	2015-06-04
US	14227868	R3AF452FYQW5GX	B000JLNBW4	582305048	Koolatron Coke Personal Mini Fridge	Major Appliances	5	1	1	N	Y	It was great, because it was not expected	Just what I wanted for my grandson!  He put it right by his bed!  It was great, because it was not expected!	2015-01-16
US	23819521	R2X2LY10MQ34XN	B0073M7M0E	737368851	"Whirlpool WOS92EC0AS 30"" Stainless Steel Electric Single Wall Oven - Convection"	Major Appliances	4	2	2	N	N	Nice oven so far but pretty loud when fan is running.	I recently purchased this wall oven to replace one we had when the house was built. I have to say it takes longer to cook most items than the last one we had, and it is pretty noisy when the fan is running. I saw comments from previous buyers about the noise being annoying but bought it anyway and it is pretty loud. Have not used the self-cleaning feature yet.	2014-12-19
US	22472091	R1HWM3W1N86044	B00BJBBIR8	764245452	Danby Designer DAR044A1BDD Compact All Refrigerator, 4.4 Cubic Feet	Major Appliances	1	0	1	N	N	Broke So Quickly!	Bought this compact fridge as a beverage holder in my house. However, upon purchasing the fridge never seemed to close correctly. On top of that, the fridge just totally stopped working about 2 months later. Tried unplugging, and replugging...nothing.<br /><br />Naturally I bought another fridge for about the same price. I have had it for almost a year now and have had no problems with it what so ever. Here is the link to the fridge. STAY AWAY FROM THIS ONE! http://www.amazon.com/gp/product/B008BBAR5I/ref=as_li_tl?ie=UTF8&camp=1789&creative=9325&creativeASIN=B008BBAR5I&linkCode=as2&tag=jrsqe-20&linkId=HA3VAETMYZOU3WGI	2014-10-04
US	51131846	R1BBSZ51HXHCFL	B00AUILLM8	337218527	Supco Replacement for Samsung DA29-00003G Filter	Major Appliances	5	0	0	N	Y	clean,feash water	this is the exact replacement for the water filter in my Samsung Refrigerator. The price was right and it was shipped quickly. What more can you ask when you buy online? I'll be back in 6 months when I need another.	2014-09-07
US	11859770	R265IYQSASSER9	B007OK6ASK	518114347	Appliance Art Fall / Spring Seasons Flower Floral Dishwasher Cover Art Decoration	Major Appliances	5	0	0	N	Y	Bright and Happy	Really happy and bright item.  Like the way the flowers are done. How nicely this items brightens up the kitchen. It may be for dishwashers but I used for behind my stove and it perked up the area. Was just what I needed. Perfect item.	2014-10-14
US	10093597	R1E2EF89LQL0HR	B0087PJE20	347678754	Kenmore Dishwasher Silverware Basket 8562080 White	Major Appliances	5	0	0	N	Y	Five Stars	Product as described.	2014-12-29
US	24715941	R3PK29JBZVJ2D6	B0051QJ478	903476892	LG LSC27925ST26.5 Cu. Ft. Stainless Steel Side-By-Side Refrigerator - Energy Star	Major Appliances	1	3	3	N	N	When they heard that may be condenser or any of the cooling HW was bad - all except one REFUSED to repair the refrigerators	I wish I could no star or zero star.  Do not buy any LG refrigerators AT ALL.  Go and buy either Whirpool or Kenmore.  I spend $2300 in 2011 and I am still paying on it.  The door hinge in the middle was showing problem on day 1.  I eventually called a few days after a year one and I had go through hoops to get that fixed for free as they kept on telling me about 1 year warranty.  Then February this month, the refrigerator and freezer stopped cooling.  Even if it is worldwide company, they are of course close on Sat-Sun which meant my food started rotting.  I was lucky enough to have a small refrigerator in the garage which came to use.  I called the 1-800 number and it gave me 5 - so called authorized local repair houses.  When they heard that may be condenser or any of the cooling HW was bad - all except one REFUSED to repair the refrigerators.  And by the way this is LP authorized person!!  One guy came out charged $130 for a visit and told me that these refrigerators are extremely hard to repair.  LG uses to foam to cover everything and finding leaks is a major hassle.  This Portland OR guy who is LG authorized dealer tells me that it could 2-3 trips if the parts are not available or if he cannot find the problem and has to keep on testing.  Mind you the condenser and other parts have a 7 year warranty with labor extra.  BUT, even if that is true, no one - and I tried repair shops in OR and WA, would every want to repair LG refrigerators.  So, there is warranty but no repairman wants to come and repair.  The only shop that wanted to come told me that repairs would run $1000-$1200 on top of his first visit charge.  That is half of the cost of the refrigerator.  I called LG 7-8 times.  I was always on hold.  When I could talk to a person, they told me that they could not do anything.  I told them about the episodes with repair shops and requested that they send LG representative and they would not.  I told them I wanted to talk to the supervisor, and they would tell me that I could not to them (they were busy).  When I insisted, they put me (90-120 min hold each time) and the supervisor gave the same - this is our policy and we cannot help.  I told her that my last refrigerator worked (Kenmore) for 22 years and the only reason I bought a new one was for energy efficiency and because the some of shelves were broken and damaged and spares were hard to come by.  In total, I must have spent close 15-18 hours on the phone mostly on hold.  it is quite irritating that when the phone was answered they say LG - LIfe is Good and life has not been good.  LG is Korean company and they do not give two hoots about satisfying the customer.  If spares + labor takes half of refrigerator, there is something wrong with the car.  LG DOES NOT STAND BY ITS CUSTOMERS.  There is no intention of helping.  They have no authorized LG refrigerator repair people and if there are none of the OR and WA people wanted to come.  They told me these refrigerator are piece of garbage.  They told me even they have problems working with LG to get parts which takes for ever and that's the reason for 2-3 visits because first part does not fix it they have come again and again as their computer does not even pin point where the cause is.  It has to be serial process one by one - process of cause elimination.  In Summary, I wasted $2300 on LG 3 door French refrigerator.  If you want to be in the same situation, go ahead and spend your money.  My suggestion is get an American built - Frigidaire, or Kenmore, and Whirlpool and not even entertain the idea of LG.  I am not pissed and I am just sad when a company that says &#34;life is Good&#34; treats it customers so poorly.  They will throw some policy in your face while the real policy should be to delight customers.  I will never go again near LG and will strongly suggest any of my friends to do the same.	2015-03-25
US	37834353	R21K3N0L22YQKR	B0044WWC7O	538694487	KRUPS and HEINEKEN B100 BeerTender with Heineken Draught Keg Technology,Black	Major Appliances	5	0	0	N	N	Krups better design than Edgestar	I recently replaced my Edgestar mini-keg with the Krups and am liking the Krups much better. Note Newcastle is one of my favorite beers - if you don't like Newcastle or Heineken don't buy either of them.<br /><br />Edgestar advantages: can use any minikeg with the conversion kit, in theory. I have the conversion kit, and found it leaked CO2 as the parts are cheaply made. A single CO2 cartridge lasted only a day or two then needed to be replaced. Even with the kit the beer selection isn't great. My Edgestar did last over 3.5 years, so not bad.<br />Edgestar disadvantages: you have to clean the lines, thoroughly with vinegar, every time you change the keg, or it will plug (and your beer will taste lousy). The cleaning bottle is a piece of junk and cracks after a few uses, then you have to improvise. It's really a pain. The plastic taps are prone to breakage; replacements are hard to find and expensive - I had to call/email Edgestar customer support repeatedly after the news ones I ordered were all defective (they did send me replacements). Fairly loud, like a mini-fridge. Tap doesn't lock open and pours slowly resulting in foamy beers. Changing the tap sometimes helps.<br /><br />Krups advantages: pours faster, tap locks open, resulting in less foam. Costs $50 less (everywhere but Amazon). Quiet - makes no noise. As you replace the tap/line with each keg you don't have to clean the lines. Many people feel this is a disadvantage, but unless you're really strapped for cash this is a huge advantage. For one, less cleaning. Second, the line is always new and clean. I will gladly pay a dollar and change to NOT have to clean the lines after each keg. Spill tray is larger and higher quality. Design is more modern.<br />Krups disadvantages: many reviews complain it only lasts a year+, so I bought mine at Best Buy and shelled out the $15 for the two year protection plan. You do have to replace the line with each keg (or clean it), but the new tubes are so cheap I probably spent more on replacement parts for my Egdestar.<br /><br />Krups is a better designed minikeg. Only question I have is life of unit.	2014-12-31
US	1970944	R3SY8HDM96A7DI	B000JLNBW4	582305048	Koolatron Coke Personal Mini Fridge	Major Appliances	5	1	1	N	Y	Amazing	Ive never been more pleased with something I have bought online. A lot of reviews say that it's noisy, but I have no complaints about this product.	2015-06-29
US	682547	RDSUOXEU6JDBQ	B00C9YTN08	847036208	Frigidaire FGHB2866 Frigidaire Gallery 27.8 Cu. Ft. French Door Refrigerator,	Major Appliances	5	0	2	N	Y	Five Stars	On time and good price.	2015-01-31
US	6670981	R2Q0LYPS2NE05T	B00CEZBIPK	605751000	Danby 3.3 cu.ft. Compact Refrigerator, White	Major Appliances	5	0	1	N	Y	Five Stars	Is silent and good for the price, I have it in my dorm	2014-11-10
US	70265	RW56IC36QZTDJ	B000DZDPI6	956200918	Dryer Venting. Offset Elbow, Dryer	Major Appliances	5	2	2	N	Y	Best thing since indoor plumbing!	The 'plumber' installing my appliances didn't know about these.  He wanted to use stovepipe vent elbows. Leave my drier a foot from the wall.  NO!  I bought this, got it in 2 days and gave it to him to use behind my drier.  Now he thinks they're the best thing since indoor plumbing!  Well made product,  proper sizing makes it easier to install than some others.	2014-10-14
US	42990722	R2EDI7B6XXXOGV	B005JAVD3Y	542731946	IMAGE® Mini USB-Powered Fridge Cooler for Beverage Drink Cans in Cubicle and Home office (Black)	Major Appliances	3	0	3	N	Y	Not working as expected	Not working as expected	2014-09-28
US	45752407	R1KZX8RE2THTR5	B00E68LFC4	66776076	Assurant 3-Year Kitchen Appliance Protection Plan ($75-$99.99)	Major Appliances	4	0	1	N	Y	Sounds a good plan for me	I want to verify with my eyes how well will until this plan ends.<br /><br />Of course Ill recommend this plan	2014-06-18
US	12112273	RZ31TTZSQFWA	B003XEUEPQ	768882843	Frigidaire 131763202 Door Latch and Switch Assembly for Front Loading Frigidaire & Kenmore Washers	Major Appliances	5	0	0	N	Y	very fast delivery	the part worked just fine thanks for the great service<br />i would recommend your site to anyone who needs a part fast!	2014-06-22
US	50553170	R28292IBI0YH8J	B00D1SZQJ8	177330416	Whirlpool EV200NZBQ: 20 cu. ft. Upright Freezer with Frost-free Defrost	Major Appliances	1	0	0	N	N	One Star	compressor failed after 8 months of use.	2015-06-10
US	8558278	R3TI9XTMTSN3EK	B002DZ3SPY	140261380	U-Line : BI95B-00 14 Ice Maker - Black	Major Appliances	4	1	1	N	Y	Four Stars	good ice maker.  Just like the one that I replaced it with.  The new one is, hopefully, longer lasting.	2014-09-12
US	12055262	R1YHIAVRUGU3FK	B001ENR6XQ	653309947	EdgeStar Undercounter Clear Ice Maker - Stainless Steel	Major Appliances	5	0	0	N	N	We love it!	Great ice maker for the price!  Yes, it does make wet ice, as that's what it's supposed to do.  Also, the container that holds the ice is NOT a freezer, it's a refrigerator, so the ice does slowly melt...that's what these types of ice makers do!  Yes, the ice does come out in sheets, but we have not problem breaking it up into cubes with our scoop.  I'm not sure why others find it to be a big deal.  Works great!	2015-01-27
US	34213250	R15T5D37T91YAZ	B001HOF8TG	738958840	GE Part Number WB44K10009 ELEMENT BAKE	Major Appliances	5	1	1	N	Y	Five Stars	The part works great.	2014-07-22
US	45065865	R19V3CZY2FQO7	B001DHINGC	274629911	Frigidaire Refrigerator Right Rail Support 240530701	Major Appliances	5	0	0	N	Y	Five Stars	Fit like a glove	2014-11-22
US	44401375	R2OMMM954X3B47	B001FCMOCY	484194617	Electrolux : EIFLW55HIW 27 Washer Island White	Major Appliances	1	3	3	N	N	Poor Design	Other people have said the same thing - the detergent drawer does not stay shut - the spring failed. I also purchased a replacement drawer for $100 and it did not fix the problem. Electrolux was totally unhelpful. Additionally, this washer does not drain water properly, so standing water in the washer causes Mildew buildup. This occurs not only in the tub, but also in the detergent drawer! I have to periodically run an empty load with high bleach content to try to wipe out the mildew, but it is not totally effective. I hate having mildew in my clothes washer! I am replacing the unit at great expense! very unhappy.	2015-07-04
US	51020207	R3IG46NK1UEBHP	B008F07MPS	168181302	Whirlpool WMC30516AS 1.6 Cu. Ft. Stainless Steel Countertop Microwave	Major Appliances	1	39	47	N	N	After 15 months of moderate use, the touch panel has deteriorated so badly and the sound is hardly audible.	The oven comes with my new Standard Pacific Home.<br />It performs OK and it is definitely not stainless steel. It's just plastic panel with stainless coated.<br />On the second week of use, the plastic film on the door control button has small bubble patches. We thought it just protective film but it is not. The bubbles kept surfacing and broke after another week of use. I called customer service and they told me it's just a cosmetic issues. They just document it and they are not going to repair or replace it. No more Whirlpool for me.	2014-11-03
US	30962898	R2ZRFPJ5A80E2N	B00AW04ZMM	962476921	Panda Small Compact Portable Washing Machine 7.9-15lbs with Spin Cycle …	Major Appliances	5	3	3	N	Y	what a nice piece of equipment	I received this two days ago.  After washing a big load of clothing. WoW, what a nice piece of equipment. If it last for more than 2 years, it is well worth the money.<br /><br />I am using it with water I collected. Loaded the less dirty ones, washed, took out, put the more dirty ones in. Keep on doing that ( well actually only repeat twice) everything wash so clean.  I have never been able to wash clothes this clean with much more powerful ones and the flexibility is amazing. You do need to do some work manually. (in my case I had to store the water in container and empty them).<br /><br />It is just the way I think a washer and spinner should be.  I live in a house, but I have never been able to get the city water hook up properly.  With my elderly mother ( DLB), I need to have her dirty clothes washes often esp in winter.  This is a life saver to me.Oh, I also got a sneezing cat, cute but sneeze all the time with mucous spread all over esp the sheet. Now I can wash the sheets (hopefully). The towel ( white mostly) and the socks clean so well ( well I wash it over and over with different loads).<br /><br />I am pretty sure it does not use much electricity. I was born in Asia, they always have the cheap looking washer and those work great surprisingly ( much better design, flexible mainly), also not bulky.  That's what prompt me to look for alternative solution instead of order the regular washer/dryer from costco etc...<br /><br />This is exactly what I need.  Beautiful.	2014-12-13
US	24715941	R1JOBI8VPV31WG	B008I6TZRM	552749851	LG LFX31945 Super Capacity 3-Door French Door Refrigerator with Door-in-Door,	Major Appliances	1	6	7	N	N	When they heard that may be condenser or any of the cooling HW was bad - all except one REFUSED to repair the refrigerators	I wish I could no star or zero star.  Do not buy any LG refrigerators AT ALL.  Go and buy either Whirpool or Kenmore.  I spend $2300 in 2011 and I am still paying on it.  The door hinge in the middle was showing problem on day 1.  I eventually called a few days after a year one and I had go through hoops to get that fixed for free as they kept on telling me about 1 year warranty.  Then February this month, the refrigerator and freezer stopped cooling.  Even if it is worldwide company, they are of course close on Sat-Sun which meant my food started rotting.  I was lucky enough to have a small refrigerator in the garage which came to use.  I called the 1-800 number and it gave me 5 - so called authorized local repair houses.  When they heard that may be condenser or any of the cooling HW was bad - all except one REFUSED to repair the refrigerators.  And by the way this is LP authorized person!!  One guy came out charged $130 for a visit and told me that these refrigerators are extremely hard to repair.  LG uses to foam to cover everything and finding leaks is a major hassle.  This Portland OR guy who is LG authorized dealer tells me that it could 2-3 trips if the parts are not available or if he cannot find the problem and has to keep on testing.  Mind you the condenser and other parts have a 7 year warranty with labor extra.  BUT, even if that is true, no one - and I tried repair shops in OR and WA, would every want to repair LG refrigerators.  So, there is warranty but no repairman wants to come and repair.  The only shop that wanted to come told me that repairs would run $1000-$1200 on top of his first visit charge.  That is half of the cost of the refrigerator.  I called LG 7-8 times.  I was always on hold.  When I could talk to a person, they told me that they could not do anything.  I told them about the episodes with repair shops and requested that they send LG representative and they would not.  I told them I wanted to talk to the supervisor, and they would tell me that I could not to them (they were busy).  When I insisted, they put me (90-120 min hold each time) and the supervisor gave the same - this is our policy and we cannot help.  I told her that my last refrigerator worked (Kenmore) for 22 years and the only reason I bought a new one was for energy efficiency and because the some of shelves were broken and damaged and spares were hard to come by.  In total, I must have spent close 15-18 hours on the phone mostly on hold.  it is quite irritating that when the phone was answered they say LG - LIfe is Good and life has not been good.  LG is Korean company and they do not give two hoots about satisfying the customer.  If spares + labor takes half of refrigerator, there is something wrong with the car.  LG DOES NOT STAND BY ITS CUSTOMERS.  There is no intention of helping.  They have no authorized LG refrigerator repair people and if there are none of the OR and WA people wanted to come.  They told me these refrigerator are piece of garbage.  They told me even they have problems working with LG to get parts which takes for ever and that's the reason for 2-3 visits because first part does not fix it they have come again and again as their computer does not even pin point where the cause is.  It has to be serial process one by one - process of cause elimination.  In Summary, I wasted $2300 on LG 3 door French refrigerator.  If you want to be in the same situation, go ahead and spend your money.  My suggestion is get an American built - Frigidaire, or Kenmore, and Whirlpool and not even entertain the idea of LG.  I am not pissed and I am just sad when a company that says &#34;life is Good&#34; treats it customers so poorly.  They will throw some policy in your face while the real policy should be to delight customers.  I will never go again near LG and will strongly suggest any of my friends to do the same.	2015-03-25
US	17416306	R37HSN1EQ7IR06	B002C8HR9A	713534827	The Laundry Alternative Wonderwash Non-electric Portable Compact Mini Washing Machine	Major Appliances	5	0	0	N	Y	We live off the grid with solar power only which ...	We live off the grid with solar power only which makes life a little more complicated. This washer is handy for small loads and had made laundry a little easier.	2015-02-19
US	42603836	R34U0R6RGBN1HJ	B00JEWNKR0	871039556	"Estone Waterproof Plastic Electronic Project Box Enclosure Case 3.94"" x 2.68"" x 1.97"""	Major Appliances	5	0	0	N	Y	great	Worked perfectly. Would recommend	2015-05-06
US	21505522	RLML56L3EV0LX	B00DWG9PSC	505752392	"G.E. Microwave Glass Turntable Plate / Tray 14 1/8"" WB49X10193"	Major Appliances	3	0	1	N	N	Three Stars	Good	2014-08-01
US	38267776	R2A3YTY6FYN65T	B007PNX1AG	660663055	EdgeStar 24 Inch 148 Can Built-in Beverage Cooler	Major Appliances	1	2	2	N	N	"Still won't keep a good chill. It's basically a very expensive beverage ""closet"" ..."	Worked for the first 6 months at 38 degrees. Now it won't go below 46 (with nothing in it). Most of the time it's 49 - 51. We had it professionally looked at, cleaned and cleared of any obstruction. Still won't keep a good chill. It's basically a very expensive beverage &#34;closet&#34; that slightly chills a soda.	2014-10-05
US	21020900	R7HPNX7X36DYU	B00VUT1SVU	388421244	Syeer Electric Cigarette Rolling Making Machine DIY Maker Roller EU Plug Adapter Black	Major Appliances	1	0	0	N	Y	Not right plug for USA!	It would be nice I guess if it would of come with a plug that we could use in the USA!!!	2015-06-14
US	10289462	R3APYAFB1OB2QD	B00K1LRDXK	660631122	OnePurify MWF Water Filter Replacement Cartridge for Kenmore, GE, Aqua Fresh, Swift Green, Water Sentinel, Brita, Hotpoint	Major Appliances	1	15	16	N	Y	Left black particles in water - bad taste	I decided to try a replacement MWF filter to save some money - I will not do so again. Maybe I received a bad pack or something, but the filter from this pack left small, black specs floating in the water and had a charcoal like taste to it. We ran it for a few days to see if it would improve, but it did not. When I went to try a 2nd filter from the same pack there were large black particles on the underside of the seal when I pealed it back. Amazon refunded it without question, but hopefully the manufacturer can improve on the quality control to prevent this from happening to someone else.	2015-05-06
US	13160632	R10564CTCOO0XA	B002MPLYEW	183067183	Danby 120 Can Beverage Center, Stainless Steel DBC120BLS	Major Appliances	3	0	0	N	Y	Three Stars	Fair. Light won't turn off and doesn't have adjustment legs so hard to level.	2015-07-08
US	10007868	R15OSQMBRNXQJN	B00KJ07SEM	313983847	GE MWF SmartWater Compatible Water Filter Cartridge - Refrigerator	Major Appliances	5	1	1	N	Y	5 stars	Arrived on time and works perfectly! Received nice emails from the company with common Q & As. I would definitely recommend.	2015-04-15
US	27402774	RX1CD9P2HN53E	B0041Q6XWI	812220576	Orien FSR 240D Outdoor Stainless Steel Refrigerator	Major Appliances	3	19	20	N	N	Dimensions provided are inaccurate!	the dimensions on this product say 23Width, 23 depth, and 33.5 height; Received it today and the actual dimensions are 23 3/4 wide, 20.5 depth, and 32 high but with the caster wheels on the bottom, the height goes up to 35 in.  Was disappointed because my outdoor kitchen installers prepared for a space of 23.5 wide and now the fridge won't fit.  Disappointed that these were wrong.	2014-07-17
US	42133396	R3PNU2ALJMGAT2	B0011YJE7E	642425071	"GE PHP900DMBB Profile 30"" Black Electric Induction Cooktop"	Major Appliances	5	1	1	N	Y	Incredibly easy to install -40 amp required	Bought this from Amazon and the cooktop was cracked in shipping. Amazon returned it with no issues. I then purchased this cooktop from home depot. Incredibly easy to install -40 amp required.  Drop in wire up and you are on your way.  Truly does heat water quickly. The slim design looks great in my counter top. Easy to clean as well.	2014-11-30
US	14076863	R3B0V06T4R2MQJ	B00GIR6PBM	130714648	Gap Cap for Stovetops	Major Appliances	5	1	1	N	Y	Fits and matches beautifully. Will order another one for other side	Fits and matches beautifully.  Will order another one for other side.	2015-08-10
US	40290681	RJ2VKYM5CECD6	B00LMJGAMU	292630915	Kenmore Elite Microhood Over-the-Range Microwave 1.8 cu.ft. 80372	Major Appliances	5	0	0	N	Y	It's the Best.	It's the best, what a pleasure, it does everything. I'm still learning all the features. The price was the lowest.  It was delivered quickly for less than $6.00 for shipping.	2014-09-17
US	23003905	R27BV44ESQIGYI	B00535RZ2I	586075651	MAYTAG MICROWAVE GLASS TRAY 53001352	Major Appliances	1	0	0	N	Y	One Star	Wrong size	2014-12-14
US	14604116	R2UVMILAHJRX1N	B009VXX7KC	515532037	Viking VGCC5304BSS 30 Professional Custom Series Gas Range - Stainless Steel	Major Appliances	4	0	1	N	N	I have one from 1996	"I am writing this review one from 1996.   Everything still works although I replaced many parts related to all the ignitors including the one for the infrared oven.  Also some little gadgets in the control knobs to prevent ignitors from firing in error.  Karl Schaedel Co in PA helps you diagnose the problems and sells the repair part.  If I had to pay for repairs I would have thrown the whole thing out years ago.  I like the high BTU top burners and particularly the infrared oven that acts like the barbecue grill.  The infrared broiler has lasted nearly 20 years now and makes it possible to grill meat and fish during  the winter without going outside, although sometimes the flames inside the over get too exciting.  The weakness from the beginning has been the while enamel shell that I have sanded and repainted repeatedly and has I now gotten to the point of having to look for a new 30 inch wide gas range.  The Wolf infrared broiler's configuration seems to have mainly \\""dead spots\\"" so I will  have to go with Viking again for the infrared broiler.  Apparently the new broilers can cycle on and off because of more conservative thermostat control but if you leave the door a little open, it will keep it cool enough to keep the broiler on.  Of course \\""stainless steel\\"" can also rust depending upon the quality.\\"""	2014-06-07
US	36511353	R1KY2X4LB7769I	B003UR2D8W	277569520	Danby Silhouette French Door Design 60 Can/27 Bottle Beverage Center	Major Appliances	5	2	4	N	Y	Love the blue light for ambiance lighting	Built-in model fit perfectly within our new kitchen remodel. Keeps red wind at our set point of 56 deg F and sodas, juice etc. at 38 deg F in the other compartment consistently.  Keeps the main refrigerator can and bottle free. Love the blue light for ambiance lighting. No issues yet in terms of operability but used Discover CC to extend the warranty by one year free of charge just in case.	2014-08-11
US	11960593	R3QWWL5EGH8WZC	B002ZV0OJO	892941206	NewAir AW-121E 12-Bottle Thermoelectric Wine Cooler	Major Appliances	5	0	0	N	N	The sliding drawers come out easily and the wine bottles fit in nicely	A very compact, low-noise chiller, that works efficiently and keeps my wines chilled to the right temperature.  The sliding drawers come out easily and the wine bottles fit in nicely.  Priced well - especially n sale - I'm very satisfied that I have a well-built product that will last me for many years to come.  A great buy!	2014-10-06
US	12851747	R1VQ0CJBLBDBWJ	B0050KJRY0	758678150	Whirlpool Part Number 2220398: P.C. Board Emitter	Major Appliances	5	0	0	N	Y	Five Stars	Now my refrigerator makes ice!  :)	2015-07-12
US	50641879	R31ZDXE1T58SW5	B00KY5V4M4	873314434	Panda Small Compact Portable Washing Machine with Spin Dryer	Major Appliances	5	1	2	N	Y	Five Stars	Love it works great	2015-07-18
US	24818643	R8E9351PNSSLZ	B0002YTM0I	539049610	Broan 412402 ADA Capable Non-Ducted Under-Cabinet Range Hood	Major Appliances	5	0	0	N	Y	Five Stars	Was just as described and fast delivery	2015-07-30
US	43650001	R2ZYSLUPQKVVU8	B003XEF7DK	870197073	10 Washing Machine Lint Traps Aluminum Mesh With Clamps	Major Appliances	4	0	0	N	Y	Four Stars	Arrrrrrrrived safely. Now to wwwwwash!	2015-05-12
US	33940600	R16QFKJWDJPKZ	B0017Y3GGI	425600013	NewAir AI-100R 28-Pound Portable Icemaker, Red	Major Appliances	4	1	1	N	Y	Going to make this simple and sweet. My refrigerator's ice maker broke and I didn't ...	Going to make this simple and sweet. My refrigerator's ice maker broke and I didn't want to spend $100's to get someone to fix it at the time. Also, the ice in fridge comes from my sink and the water is terrible, so the ice isn't great. Even with the fridge filter, the ice still tasted funny. So I decided to buy this NewAir 28LB Icemaker machine. I've had it for 8 months now and I've only had one problem with it once. One time I turned it on and I noticed the fan wasn't running. The unit was on and water had sucked up into the machine, but I wasn't sure if it would make any ice if the fan wasn't running. I turned it off and put it back on and the same thing happened. It still produced ice though. After about 30 mins, I turned it off and pulled the plug out on it. Let is sit for 15 mins. Then plugged it in and turned it back on. After about 5 mins the fan came back on and it's been working fine since. It constantly makes ice and only takes about an 45-60 mins to fill the tray. So in about 3-4 hrs my fridge is filled with ice and I don't have to worry about it for 4-5 days. I did get an extended warranty on it. So after a year is over, my extended warranty kicks in and if it breaks I can get it replaced or repaired for free. I'm hoping it never breaks though. Many reviewers have said theirs started to break 12-18 month after steady use. So we'll see. I'll update my review in about 6-8 months from now.	2015-02-21
US	31540900	RLIBKJ41MN24K	B008D7KGIS	94655275	American Aldes Dryer Lint Trap	Major Appliances	4	0	0	N	Y	Just as described - a great product	Very well constructed, exactly as advertised.  A one page instruction sheet regarding the door/filter removal would have been helpful.  Nevertheless, this is a great unit and well manufactured.  I recommend it.	2014-08-20
US	14989352	R3L4AUGZXA9B1L	B00XYVE4B8	665261008	ARKSEN Portable Mini Washing Machine 8 - 9LBS Dorm Camping RV Compact Laundry Washer	Major Appliances	3	7	9	N	Y	The washing part is excellent, however	You will need to buy a faucet adapter for this because it does not come with one.  The washing part is excellent, however, the spinning portion makes the entire machine move uncontrollably and you will have to hold it down.  Also, the machine has to be placed on the counter next to the faucet because the tube is not long enough to reach if the machine is placed on the floor.	2015-07-12
US	10502922	R2NBKMH03M0FA2	B00HP39ZHO	765893056	R410A Refrigerant Refill Kit (Includes Canister, Hose for 5/16 in Connection and Gauge)	Major Appliances	3	0	2	N	Y	Three Stars	No comment.	2015-08-01
US	5568045	R1I1ZFJPINPU27	B00CEZBHYC	943632095	Danby Designer 3.3 cu.ft. Compact Refrigerator, Black/ Spotless Steel	Major Appliances	5	0	1	N	Y	Five Stars	I admire its work.	2014-10-19
US	4537355	R474OHP5JJQU	B003LU90G6	475190525	Danby DCF401W1 3.6 cu.ft. Chest Freezer - White	Major Appliances	3	2	2	N	Y	Damaged Items, Still functional	We had to return our first one, It had a fist sized dent near the opening of the freezer (It still worked perfectly.) We got the 2nd freezer and it was still damaged but less visible. It also works perfectly	2014-08-29
US	10493411	R3TSRWK0DGB1BG	B00ECPIDZ8	272441774	Nostalgia Electrics RRF300SDDRED Retro Series Compact Dispensing Refrigerator, 3 Cubic Feet	Major Appliances	2	7	7	N	Y	Disappointed!	I read reviews about this item and thought, this was a good buy. However, the item was packaged with no protection, so it arrived with a noticeable dent on the side and broken bracket for the water reservoir which rendered the reservoir useless. I've requested a partial refund and have yet to hear anything back.	2014-09-08
US	35138568	R3CAENAOBNBJC6	B002UYSHMM	429051224	Haier HLP21N Pulsator 1-Cubic-Foot Portable Washer	Major Appliances	5	2	2	N	Y	I love, love this machine	I love, love this machine. I live in a second floor apartment - no elevator. This beats the heck out of hauling stuff up and down steps especially in bad weather. I live alone so it is the perfect size for my small loads of clothes. Only go to laundry mat to wash really big stuff like my comforter.	2015-07-12
US	48792995	R1C3U2V4JDDGL3	B00AF7U2VA	293680113	LG Refrigerator Water Filter (5231JA2002A, LT500P)	Major Appliances	5	0	0	N	Y	Just what I ordered	Works perfectly.	2014-10-02
US	48410360	R5B0FJP9A4FGY	B00ASVHRSY	406502808	Samsung DA29-00003G DA29-00003B DA29-00003F DA29-00003A and HAFCU1 replacement waterf filter by Ecofresca EFW-DA2903	Major Appliances	5	1	1	N	Y	Great Product=Great Price=Fast Delivery=Thank You	Great Product=Great Price=Fast Delivery=Thank You	2014-08-02
US	23035434	R2CAGSJMZA5SMK	B00H4ATAJG	71427797	Zappbo® - MORE FOR LESS 8 Huge Perfect Ice Balls Value For Money Best Silicone Ice Sphere Maker and Ice Ball Mold for Cocktail,Bourbon,Block,Bottle,Bullets,Candle,Diamond,Punch,Bowl,Scotch,Fred,Guitar,Gun,Luge,Plane,Plastic,Rectangle,Ring,Shot,Skull,Square,Trek,Wars,Swan,Titanic,Cooler,Woman,Stones,Rocks,Chiller,Sculpture,Stick,Coaster,Stainless,Steel,Soapstone,Beer	Major Appliances	5	1	1	N	Y	Best Buy for your money	This product provided 8 balls vs other products of same price that only have 4. More for your money. Best buy and good quality	2014-05-29
US	14045369	R2UEDDF9PA740S	B004SUXZ5U	682359522	Avanti 12-Bottle Thermoelectric Counter Top Wine Cooler	Major Appliances	5	0	0	N	Y	It maintains the proper temp all the time and is very easy to program	Outstanding product.  It maintains the proper temp all the time and is very easy to program.	2015-04-23
US	25557473	RG1ZZD2LP939I	B008MD2OW4	746281706	Danby Designer DAR044A1WDD Compact All Refrigerator, 4.4 Cubic Feet	Major Appliances	5	0	0	N	Y	Five Stars	Great	2014-12-09
US	3279409	R31ENM0MY84B5A	B00MZH0OPC	394118467	( 2 PACK ) 3392519 - DRYER THERMAL FUSE for Whirlpool Kenmore Sears Maytag Roper KitchenAid Amana Admiral and others - Thermofuse located on Blower wheel cover area	Major Appliances	4	0	0	N	Y	Four Stars	worked great good deal	2015-06-18
US	49082776	R72XSDTGYKAGX	B00KJ07SEM	313983847	GE MWF SmartWater Compatible Water Filter Cartridge - Refrigerator	Major Appliances	5	0	0	N	Y	A good replacement for the original filter.	This was a replacement for the original GE filter. It fit and works fine. It took less than a minute to replace the original. I'm very satisfied.	2015-07-14
US	52199657	R25ZOR0X3JVR5T	B009PC2UBQ	362145637	AKDY Freestanding Wine Cooler	Major Appliances	5	1	1	N	N	Dandy!	I have had this unit for about a month and it does exactly what it is supposed to: keep 32 bottles of wine at 55 F. It was easy to unpack and locate in our kitchen and it handles all sizes of 750 ml bottles without an problem. It is not designed to accept large format bottles like magnums, though. It is quiet and vibration free.	2014-07-03
US	41697283	R21N35DRPCWCM0	B00DNSO2BO	316513931	Haier  Wine Cellar with Electronic Controls	Major Appliances	5	0	0	N	Y	very nice!	works just as expected. very nice!	2015-04-19
US	46735199	R31HGS058LAZE9	B007PKOMWU	294467812	Danby  Freestanding Wine Cooler	Major Appliances	4	1	1	N	Y	You can't just slide it in and plug it in	Too new to report on durability, but a item to note is that there are plastic extenders (not shown in the pictures) on the bottom of the door that prevent it from opening and closing on carpet. I had to put a sheet of 1/4 inch plywood under the 4 feet to raise it up. This probably will allow better airflow over the compressor from the bottom, maybe prolonging durability.<br /><br />Capacity is less than rated with larger red wine bottles, which only fit 4 per shelf. You cannot put some bottles in neck in to increase storage.	2014-07-11
US	27724763	R1PDIJOHHF7J81	B003HRAFHQ	71524991	Frigidaire FFHT1715LB 17 Cu. Ft. Black Top Freezer Refrigerator - Energy Star	Major Appliances	1	0	0	N	N	Terrible quality, compressor blew after 2 years	Had this as a backup fridge that got infrequent use. The compressor blew at 2 yrs and 1 week. Frigidaire's response was to offer the replacement part at 50% discount, but nothing toward labor for repair (estimated at $500). What a piece of junk.	2015-01-09
US	21845869	R1D550AFLX1JGT	B00EXS57C6	476280245	Maytag Maxima XL Front Load Steam Washer and Steam Dryer SET (Electric Dryer) in Graphite	Major Appliances	5	2	3	N	Y	Five Stars	Best washer ever and never have to use anything g but detergent	2015-07-14
US	32016880	R35LDTLCUTF5HH	B00DEQCZCS	339436792	LG LDG3036ST Freestanding Gas Range, 30-Inch, Stainless Steel	Major Appliances	5	0	0	N	Y	Five Stars	Works great! Powerful and sturd.	2015-06-27
US	23219538	RL1Z0FYV2149T	B00I3QLGO2	522109239	"GOLDEN VANTAGE 30"" Wall Mount Stainless Steel Range Hood With Remote GVW30-B02"	Major Appliances	4	1	1	N	Y	It looks great	It looks great, WOW effect. Powerful 3-speed fan. it starts trembling, fan noise coming after a few (3) months...	2014-11-19
US	20844141	R2M8AJXGAMTLWF	B004BE2H20	240748269	LG LMX25964ST 36 24.7 cu. ft. 4 Door French Door Refrigerator - Stainless Steel	Major Appliances	1	0	0	N	N	LG has no place in my kitchen	Fridge looked great in my new kitchen but looks don't count when it comes to having a good working fridge.<br />Within 6 months the light went out, try finding a replacement when you live on a Island in the Pacific, 2 months later the ice box dispenser switch<br />went out, 14 months later the fridge is good for keeping things warm, compressor needs replacing.<br />No more LG for me	2015-07-14
US	28777767	R2AV2TFND2FW38	B00O2N3JDG	960251524	Danby products	Major Appliances	5	0	0	N	Y	Just the right size for my office.	This little fridge is perfect for holding canned sodas in my office.	2015-02-20
US	32162789	R5FRTAYE3S1RA	B00SNLLYXK	83930072	GE MSWF Compatible Water Filter - Refrigerator	Major Appliances	5	1	1	N	Y	Five Stars	Works like original filter, great service. Will order again.	2015-08-09
US	23288147	R4ELJZBJQRMQG	B0002YTM0I	539049610	Broan 412402 ADA Capable Non-Ducted Under-Cabinet Range Hood	Major Appliances	4	0	0	N	Y	great product	it does it job well for the price of this product. look good and simple to installed and it's a-plus for being stainless steel too.	2014-08-06
US	53096363	RA203QH60ENZH	B00O2MB7BS	960251524	Danby products	Major Appliances	5	2	3	N	Y	4.4CF Steel - Excellent quality, very flexible. Beware of misleading Amazon photos.	We wanted a small refrigerator for beer and wine, and have had very good luck with past Danby products. The Amazon product page for this model is a bit confusing as the picture with the door open shows slots for the shelves, and then below it talks about a different model, the DAR044A4WDD showing shelves that snap into rear tracks! In reality, it is the 044A5 that has the tracks and the 044A4 with the slots. If you don't mind the slots, the 044A4 is available for $100 less at Costco and is otherwise identical, but my wife was adamant she wanted the tracks.  Setting up the refrigerator was pretty easy - I did choose to reverse the door swing and had difficulty following the tiny diagram in the manual, but I got it done. There is one leveling leg which is really inadequate - I found I needed a shim under another leg.  The flexibility of the shelves is really quite nice, but the door bins are a bit of a puzzle, as one of them leaves almost no room to put anything in. I did like the can storage on the door.  The Danby holds its temperature steady, which is good, though as is often the case things toward the bottom get colder.	2015-07-15
US	14368147	R24RQVPLWLN1X4	B007HDDMNK	699721961	Danby DDW1899WP 8 Place Setting Portable Dishwasher - White	Major Appliances	4	0	0	N	N	Unit started turning off midway in wash cycle in less than a year of daily use.	Purchased from walmart and worked great for almost a year then starting turning itself off midway through the cycle and sometimes not turn back on. Giggling the electrical cord it would turn on briefly. Upon further investigation by removing the back cover where the hose/plug routes through their was scorch marks on the 3-wire coupling plug going from the power cord to the internal wiring (about 14 inches from the top of the machine). Disconnecting the coupling the internal male end crimp was not seated all the way, pushing the connectors in the coupling all the way and taping the wires in place solved all power issues with unit shutting off/no power. Will say this happens if you pull the cord too far out and the turns the cord takes inside the back of the machine causes the inside wire to pull out of the coupling connector.	2015-04-17
US	10030033	R1OU7F968T4MIG	B000UW20OM	539049610	Broan 412402 ADA Capable Non-Ducted Under-Cabinet Range Hood	Major Appliances	4	0	1	N	Y	Four Stars	Pretty much what I expected.	2014-12-14
US	36821161	RWRZP8BBGYBA5	B00KJ07SEM	313983847	GE MWF SmartWater Compatible Water Filter Cartridge - Refrigerator	Major Appliances	5	2	2	N	Y	Works great -- flow rate is same as GE's for us	We decided to try this before springing for the official GE version. It works perfectly in our side-by-side fridge. The flow rate is the same as with the GE part (which was my main concern), and the water tastes great. Good stuff!	2014-09-06
US	18423763	R2VGUB15G6UL6R	B00IY7BNUW	874236579	Avalon Bay Portable Ice Maker	Major Appliances	3	0	0	N	Y	Three Stars	large cub is small and hollow. Takes a bit longer to make cubs than stated.	2015-08-29
US	29716231	R275TOKV40U353	B004ZU09QQ	423421857	Danby 0.7 cu.ft. Countertop Microwave	Major Appliances	4	0	0	N	Y	HAVE HAD THE MICROWAVE FOR ABOUT A MONTH NICE SIZE AND WORKS VERY WELL AND QUIET SHIPPING WAS ...	HAVE HAD THE MICROWAVE FOR ABOUT A MONTH NICE SIZE AND WORKS VERY WELL AND  QUIET  SHIPPING WAS A LITTLE SLOW DUE  TO BEING OUT OF STOCK BUT SEEMS TO BE A GOOD PRODUCT MADE HER IN  USA  FROM WHAT THEY SAY ....	2015-04-02
US	7753792	R1ZXP97V80RP2Y	B009TDJFN2	612721547	"Golden Vantage Stainless Steel 36"" Euro Style Wall Mount Range Hood GV-198KZ2-36"	Major Appliances	5	0	0	N	Y	Five Stars	Works great and looks wonderful... The best for the money	2014-12-02
US	14447999	R3TLCOF4QIURH6	B008H79FYU	482827748	"Whirlpool GY397LXUQ Gold 30"" White Electric Slide-In Smoothtop Range"	Major Appliances	2	2	2	N	N	Whirlpool removed my review!	http://www.youtube.com/watch?v=4RP4A3_7ZGE&sns=em  When I first set up the range I had to remove all the card board and plastic and turn on the oven to burn off all of the assembly residue. This had to happen three time before is didn't smell like plastic burning. The glass top is hard to keep clean, I have owned glass tops before and with a little glass top cleaner the look great. The burners act like they don't want to stay on and take forever to boil a pot of water about 10-12 minutes. I tried using the self clean feature for the first time, I have had several ovens with this feature before and I know they put off a little smoke, so I turned on the fan and opened a window. Within 20 minutes smoke was pouring out of the door, the top on all sides and since it is a range that slides in between cabinets in my island, I thought my cabinets were on fire. All of my smoke detectors were going off, my house smelled like it could be wood burning. I looked into the living room and my dog had run out side and my living room was full of smoke. I was so panic stricken, I turned off the range and I called the fire dept. I could no longer tell if it was the burnt popcorn smell or my wood cabinets burning. The timer is horrible to operate as well. You cannot turn it off with out turning off the range	2015-04-30
US	34178894	R29CHBX5CE2GEQ	B00AE6QA36	324587653	Koldfront TWR327ESS Bottle Free Standing Dual Zone Wine Cooler	Major Appliances	5	1	1	N	Y	Nice wine fridge	Works well, does what it says.  The temperature gauge seems to be accurate and the blue LED light looks cool.  Although, I don't keep the light on or anything.	2015-02-21
US	7015056	R2C97CRLLVKYJX	B006ROXKJG	463613780	5.0 cu.ft. Chest Freezer	Major Appliances	5	0	0	N	Y	Five Stars	Very Happy with it.	2015-02-19
US	51127446	R1FNI1AVAQR6XZ	B00KJ07SEM	313983847	GE MWF SmartWater Compatible Water Filter Cartridge - Refrigerator	Major Appliances	5	1	1	N	Y	Great deal!	Was very easy to install and is working perfectly!	2015-04-02
US	13567547	RZJMIRBIJFCOH	B00MJDRXRE	135828035	"PS869294 - OEM FACTORY ORIGINAL WHIRLPOOL KENMORE MAYTAG CRISPER PAN DRAWER (Factory Dimensions Are 16.4"" X 14.9"" )"	Major Appliances	5	0	0	N	Y	Original mfg replacement	Fit was perfect.  Came in a box marked original equipment.	2015-06-19
US	287151	RG3YQPCPX0262	B00HBRAMB2	581503394	Napco 8544771 Dryer Heating Element for Kenmore Whirlpool Dryers New!	Major Appliances	5	0	0	N	Y	works great.	got here early. works great.	2015-04-13
US	52126146	R32QPT5E9OM4IJ	B00JF7ZUQS	210381684	Kenmore 46 9991, 469996, GE MWF compatible water filter	Major Appliances	5	0	0	N	Y	Five Stars	Worked great fits great	2015-08-10
US	20769848	R3JAEP349E7O2X	B005SPDJRI	640210258	Electrolux EI28BS65KS 36&quot; IQ-Touch Energy Star Rated French-Door Refrigerator with 27 cu. ft. Capacity Luxury-Glide Cool Zone Drawer Dual Makers and Luxury-Glide Freezer Drawers in Stainless	Major Appliances	1	0	1	N	N	DO NOT BUY ELECTROLUX!!!!	DO NOT BUY ELECTROLUX!!!!! This was the worst experience I've had with any appliance I've ever bought.  I spent $3500 for a 28 cu ft. Electrolux fridge with a 5yr warranty that just ended.  I've had over 20 service calls with nearly every internal part of the refrigerator replaced not to mention countless issues with the ice dispenser. Every time someone came to fix the issue, we would have another issue within a few months.  The technician that came to my house got to the point where he was demanding I insist on a replacement. However despite all the issues, the repairs and replacement of nearly every part in the fridge, I was constantly refused to get a replacement. Just recently, about a month after my warranty expired, we had ANOTHER issue where black grease, charcoal from the filter, or something foul turned our ice black and stunk up our ice and whole fridge.  I'm done with Electrolux -- going this weekend to buy a new fridge and dump the garbage product.	2015-03-24
US	51535345	R15T9KQLF0NSNL	B005GM942C	788261054	Panda Small Mini Counter Top Portable Compact Washer Washing Machine 5.5-10lbs	Major Appliances	5	0	0	N	Y	Saves you on the quarter hunt	I live in an apartment and coins are something that are easily found.  This is a huge time saver and is easy on the cloths.  Wish the drain hose was a little longer.  Aside from that it is worth the purchase.	2014-05-03
US	32200234	R1592ISQ1MCQG9	B007OWOK7Q	274523657	DISPOSABLE FOIL BURNER LINERS - ELECTRIC STOVES SET OF 18 BY JUMBL	Major Appliances	3	0	0	N	Y	Need to have.	Good product but unfortunately was damaged in shipping.	2015-03-30
US	44723614	R3LTVPNDE46NPM	B001HJWZGK	686726330	Nutone IS67D	Major Appliances	5	0	0	N	Y	Five Stars	Great	2015-02-19
US	50232755	R1T5GB276KNHV3	B00ASVHRSY	406502808	Samsung DA29-00003G DA29-00003B DA29-00003F DA29-00003A and HAFCU1 replacement waterf filter by Ecofresca EFW-DA2903	Major Appliances	5	1	1	N	N	It's a water filter...	That filters water.  What do you say about water filters?  It screwed on nicely to the fridge.  Each time I hit the water dispenser button I get cool, seemingly clean and filtered water.	2014-06-30
US	20940533	R2EYIJN2SB1TT7	B001E6DM2M	111384955	Broan 893004 Contemporary Under-Cabinet Range Hood	Major Appliances	5	0	0	N	Y	Thing really sucks!  I this context, that's good.	This thing will suck smoke out of my fireplace!!  I have to open a window when it is running above half speed.<br />I don't think it is any louder than my old vent that moved about 25% of the air.	2015-02-07
US	14486297	R2FK8DF0PTR7EO	B000IJV8ZY	170787156	Broan 30W in. Four Way Flat Under Cabinet Range Hood	Major Appliances	3	1	2	N	Y	Three Stars	WHEN I TURN THE FAN ON BLOWS OUT THE FRONT EVEN THOUGH VENTED THROUGH DUCT WORK	2014-07-09
US	33287310	R3319MJ2GYQI1A	B00KJ07SEM	313983847	GE MWF SmartWater Compatible Water Filter Cartridge - Refrigerator	Major Appliances	4	0	0	N	Y	Other wise so far so good, plus the price is a lot less than ...	sorry, I had a bit of a problem, only because I did not have an arrow pointing to where I should align the filter to the adapter in the frig and you do have to slightly push up. Other wise so far so good, plus the price is a lot less than the original.	2014-08-29
US	52881044	R1BYE6ZW3TQ854	B0017Y3GGI	425600013	NewAir AI-100R 28-Pound Portable Icemaker, Red	Major Appliances	3	1	1	N	Y	Works like a champ	We ordered this little ice maker to support an office staff that drinks a lot of water.  No one has a lot of time so we were not prepared to do a lot of maintenance.  This ice maker exceeded our expectations.  You just need to keep it filled with water and it does the rest.  The front panel lets you know when it's full of ice or when it needs more water.  We love it.<br /><br />Update:  Unfortunately, it punked out at one year which changes my perception of the buy...	2015-06-11
US	28040332	R263GW18TVL0UM	B005FD7ZC8	621018381	The Laundry POD, Green	Major Appliances	3	2	2	N	Y	"Wish it had larger fins in the bottom to help the laundry agitate better - the ones it has are about 1/2"" tall ..."	It's decent.  Wish it had larger fins in the bottom to help the laundry agitate better - the ones it has are about 1/2&#34; tall (the thickness of a finger)... though I will admit, the white shirts came out clean.  They had stains that the regular laundry hadn't gotten out.  I pre-treated them, then washed the shirts with VERY hot water and Oxy-Clean.  There are four rubber feet on the bottom that did not stay on even thru the first use.  I use it in the tub, so I can stabilize it against the side, but it's not that easy as it does want to &#34;walk&#34; everywhere as you are spinning it.	2014-07-31
US	14960104	R3IIEB0QZ4Q5KC	B001BADJCE	341847986	Whirlpool Motor / Pump Drive Coupler 285753	Major Appliances	5	0	0	N	Y	Exactly what I needed at a price that can't be beaten	Per the part number, this is the original design without the metal inserts. As such, this inexpensive part is the sacrificial weak link, failing before expensive damage can happen like a fuse in an electrical circuit. When you buy one, you get both halves of it but when you break one you only break one half, so you practically get two out of each.<br /><br />I bought from seller DeepDiscountsco and had a perfect transaction with quick shipping.	2014-09-21
US	32221770	R3IHX62S3LKZX7	B008UEJS7Y	683935537	"Golden Vantage 30"" Under Cabinet Stainless Steel Range Hood GV-R01-75 With Baffle Filter"	Major Appliances	1	2	2	N	Y	Service is terrible, as they only send parts	Absolutely abysmal. Within one year, I bought two of these for two properties, and in both cases they have failed within one year. Service is terrible, as they only send parts, which you must install yourself, with no guarantee that this will fix the problem. I have replaced every part in the machine in my home, and it is making me crazy. It is prone to malfunctions, the front control panel is unresponsive, and the sensors do not work. It looks pretty, but works horribly. I finally switched to another brand, which works wonderfully.	2015-01-12
US	14962431	R3KNLT6UE0KHIK	B00BMZS8WE	414294069	Air King AX130 160 CFM 30 Inch Wide Under Cabinet Range Hood with 2 Speeds and A,	Major Appliances	5	0	0	N	Y	but the price and quality is great.	I have to buy a piece for vertical pipe, but the price and quality is great.	2014-07-05
US	15700002	R1228NLP8HHFOP	B0087PJE20	347678754	Kenmore Dishwasher Silverware Basket 8562080 White	Major Appliances	5	0	0	N	Y	Five Stars	Fits perfectly in our dishwasher !	2015-02-27
US	13607726	R2RSC29TR4M6UJ	B002ZHVLWW	95434611	Whirlpool Part Number 279393: Terminal Block Kit (For Terminal Block)	Major Appliances	3	0	0	N	N	Worked in my whirlpool dryer.	This is exactly what I needed for my whirlpool dryer.  I wish the price was better for 3 screws and nuts, but it did the trick.	2014-08-22
US	2905469	R22QLIPB0NLVE	B00KVMEFMQ	881981253	SPT SD-2202S Countertop Dishwasher with Delay Start, Silver	Major Appliances	5	0	2	N	Y	it is larger then expected but we love it. Now to talk the landoors into it	It is Quiet, it is larger then expected but we love it. Now to talk the landoors into it lol	2015-02-18
US	41432694	R1QLLOSUPKVXPL	B004RPQ4MM	264260443	"Kitchen Bath Collection HA75-LED Stainless Steel Wall-Mounted Kitchen Range Hood with Tempered Glass Canopy and Touch Screen Panel, 30"""	Major Appliances	5	0	0	N	Y	Five Stars	It was great	2015-01-30
US	48622380	RPGNE61AAEPQI	B001ASF10U	474687737	Broan 30-Inch Allure Range Hood	Major Appliances	5	1	1	N	Y	Great replacement hood vent	Love this hood vent - no open and exposed nooks and crannies to try to clean.  The only drawback is the bulbs recommended are expensive and get hot very quickly. I returned the bulbs and morning using regular small appliance bulbs - they do &#34;stick out of the housing&#34; a little bit, but like them much better as they do not put off so much heat	2014-10-21
US	6438475	RF3IZ2OMZ9925	B00CDWTQKI	855136348	The Laundry Alternative Nina Soft Spin Dryer, Ventless Portable Electric Dryer. 3 Year Warranty, 127V, 60 Hz	Major Appliances	5	1	1	N	Y	spins dry	Love this machine comes in handy .I live in a apartment I don't have a washer and dryer hook up.Also I can save money.I tried everything I wear in this machine works perfectly.I recommend anyone its worth it.	2014-05-27
US	15809486	R26UHFKC0CSIW7	B005XUGCI6	89179148	Broan 403001 ADA Capable Under-Cabinet Range Hood	Major Appliances	5	0	0	N	Y	Just what I wanted	Very pleased with my order.  Size, color, ease of installation, and FAST delivery!	2014-09-15
US	51956068	R2A5UQCXAS73CR	B000JLNBW4	582305048	Koolatron Coke Personal Mini Fridge	Major Appliances	5	1	2	N	Y	looks and works great; my son keeps it next to his computer	looks and works great; my son keeps it next to his computer, now he only has to get up to refill his little fridge	2014-11-23
US	9646403	RDGUXIGDCXB00	B00O2N3JDG	960251524	Danby products	Major Appliances	5	2	3	N	Y	No complaints, great quality!	I don't have much to say, it maintains a nice 39-41°F without going outside that range(that's exactly what I want)<br /><br />This thing can really get cold! Putting it on the highest setting for an hour and it was already 2° below freezing.<br /><br />When you get it, make sure you let it sit for at least four hourto not ruin the compressor!	2015-06-28
US	31767566	RQ839EI9DAXUA	B002XVWC7S	381533207	Heineken BT06 BeerTender Tubes, 6-Pack	Major Appliances	5	0	0	N	Y	beer tenderntubes	The Heineken bt06 beer tender tubes was a  gift for my son.<br />He said it is the only kind he will use.	2014-06-26
US	49209536	R1U4MOA666M34Q	B002MPLYEW	183067183	Danby 120 Can Beverage Center, Stainless Steel DBC120BLS	Major Appliances	3	1	1	N	Y	The light located at the top is useless for viewing items on the bottom	Arrived with a dent on the top corner.  The light located at the top is useless for viewing items on the bottom.  It runs almost continuously even though the door isn't opened and the fridge is totally stocked with beverages.	2014-07-26
US	29645384	R1YCXG72EAG7CS	B00M7E1I8K	926633104	Dryer Thermostat and Thermal Fuse Kit for 279816 Whirlpool Kenmore Maytag Roper	Major Appliances	5	0	0	N	Y	Five Stars	Worked like a charm!!	2015-01-12
US	49715221	R3VJYKOU3VGCKA	B004C3U0MY	425669124	1 Inch Rusco Spin-Down Sand Separator Replacement Filter Screen FS1-RE	Major Appliances	5	0	0	N	N	Five Stars	Seems to need less cleaning than the original one that came with my sediment filter	2014-07-22
US	28078661	R1VZZZ4XHK879I	B0051OKX2U	541805727	The pureWash Professional-Grade Ionic Laundry Purifier (High-Efficiency Washers)	Major Appliances	4	6	6	N	N	Decent product, based on my experience	I've been using the PureWash in my front-loader for three or four months now, with mostly good results.<br /><br />The main positives in my experience:<br /><br />1) It's easy to install, so long as you can get at the cold water line that feeds your washer, and so long as you can get by without installing a prefilter on the water line. (More about that, below.)<br /><br />2) It takes only about 60 watts to operate, and it operates only while the machine fills, so the energy costs are minimal.<br /><br />3) The washer runs on just cold water, avoiding the cost of heating water for laundry. This is a major money saver, depending on the volume of water involved.<br /><br />4) No more detergent and fabric softener resides in the clothing or in the machine. My machine had begun to build up a brownish film in certain areas, but after using the PureWash for a while, that gradually disappeared. In fact, after the first couple of uses, there was some of this crud collecting in the tub, and I needed to wipe it out -- it probably came from the inner parts of the washer. It did take several washings of old towels in the PureWash water before they stopped being crispy from old detergent residues left in them from earlier days. (I haven't used fabric softener for a long time, since the residues mess with my skin, and I don't use dryer sheets for the same reason, so old towels were getting crispy in the drier.)<br /><br />5) After multiple washings in PureWash water, some of the brownish stains from body oils on older whites disappeared. I had never been able to get those out before with detergent and clorine-free bleach. Underarm odors are also pretty well removed -- much better than with unscented detergent.<br /><br />6) It's great not to have more detergent gunk sent off to my septic system to muck up the works there. Septic systems are very expensive to fix once they get plugged up with hardened chemical residues. We're talking about real money here.<br /><br />7) After they've been washed several times with PureWash, stuff comes out of the dryer soft, without using any dryer sheets. (If you look into the chemical composition of dryer sheets, you'll not want to keep using them on anything you put next to your skin.)<br /><br />8) If for some reason you want to wash something without using the PureWash system, you can just unplug it from the electrical supply to turn it off.<br /><br />However, there are some negatives as well:<br /><br />1) The PureWash generates ozone in the wash and rinse water. Ozone is great as an odor-remover and cleaner, just as PureWash advertises, but it is not going to stay just inside the washer, since washers are not air tight. Ozone is toxic to breathe, in high concentrations. My laundry room is about 100 square feet, with poor air circulation, and I could definitely smell the ozone in the air, and it was not the nice, fresh smell of the outdoors after a rainstorm, because it was much stronger. So, I set up a professional ozone meter and found that the ozone levels never exceeded the &#34;short term&#34; limits set by the feds for worker exposure, but did exceed the limits for 8-hour exposure by 50% toward the end of washing the first load. I found the levels irritating. Running the dryer quickly solves the problem, by sucking air out of the room, so it is possible to do one load after another by timing things right.<br /><br />2) Whites do not get as white as washing with regular chlorine bleach (if you can stand to use that dangerous clothing-eating stuff). Perhaps that is due to the chemical composition of my water.<br /><br />3) Buyers need to be aware that the hydroxyl and ozone produced by the PureWash will react negatively with certain chemicals in the water supply coming into the washer. PureWash recommends installing a prefilter, but I did not install one, since my wash water is free of sediment, free of chlorine, and free of rust and dissolved metals. (I have a well, and my water is all treated asit comes into the house.)  I think the successful use of the PureWash depends on getting interfering chemicals out of the water. Since my water is highly softened, I think I'm getting some interaction between the softening ions and the PureWash water, since there is a tendency to get a little goo building up in the washer. This problem seems to be solved by rinsing the clothes an extra time with the PureWash unplugged, before they go off to the dryer.<br /><br />4) Initial PureWash washings of items that have been washed repeatedly in detergents in the past may not be entirely good, since there are likely to be some undesireable byproducts produced when the PureWash water reacts with detergent residues. I'm not talking about damage to the washed items, but rather things like odd smells, or a little slippery-feeling residue that might irritate sensitive skin a little. This is a fairly minor issue for me, that gradually went away as the items were washed again.<br /><br />I know some people say they put a little detergent into their wash water even when using the PureWash. That seems to me to be a bad idea. If there is some reason you want to use detergent, then use it in a separate washing with the PureWash unplugged.<br /><br />The bottom line: using PureWash takes some adjusting of old habits, might take some effort, but the end result is well worth it, to me. Of course, if the PureWash machine were to break down in the first year, I'd change my mind, but so far, so good.	2014-05-09
US	17065281	R2RFS8FBBLE7GW	B00N142VRW	304900351	Haier HC32SA42SW 3.2 Cubic Feet Refrigerator, White	Major Appliances	5	81	89	N	Y	A very good buy!	This product is quiet and works great! The only issue I had was that the unit I received was black, instead of white. But no complaining here. Just keep that in mind if you are looking for white. You might get a black version.<br />Packaged great! Easy to move the door to the other side. Fits everything that we had in our old mini fridge.	2015-03-19
US	51107357	R24EXCJA9JWIK0	B00IY7B5CS	874236579	Avalon Bay Portable Ice Maker	Major Appliances	5	1	1	N	N	great product, love it!	great item! very low profile, fits perfectly on the bar downstairs, and plenty of room all around for blender and other bar equipment. very easy to set up, and not very noisy at all. i would recommend this to anyone looking for some quick ice at a home bar, or kitchen even.	2014-08-01
US	40995590	R3RD99DUK289W0	B001DHKBXU	759893791	Whirlpool Washer Lid Switch 3949238	Major Appliances	5	0	0	N	N	Five Stars	Perfect	2014-10-03
US	10719277	R3DHNY6QZU76V4	B00KM58DRU	945172669	279711 Whirlpool Dryer Blower Wheel for 694089 343939 AP2997251 299678 DE601	Major Appliances	5	0	0	N	Y	Five Stars	Exactly what I needed at a fraction of the price of other retailers.	2014-07-28
US	51053856	R1R48INTS7CEJU	B00NN15XVO	284734211	Frigidaire FFFW5000QW 27&quot; Front Load Washer with 3.9 cu. ft. Capacity Stainless Steel Drum Delay Start Antimicrobial Seal Automatic Water Level Control and Energy Star Rated in	Major Appliances	1	4	8	N	Y	Updated Review. Broke after a year with NO warranty. Previous: Online order for washer/dryer made easy, priced right!	Update: This washer made my clothes small like mold. I had to add additives, the crystals. plus boosters to my darks so my clothes didnt smell moldy. Then a year after purchase, the washer began to not drain, kept water in cycle, twice, then stopped working altogether. After having a repairmen come out because THERE IS NO WARRANTY PEOPLE!!!!!!!! (30 DAYS BUT SERIOUSLY FOR $1500 WORTH OF PRODUCT!)<br />and the repairman said that this was typical of Frigidaire (mental note never to buy again!)<br /><br />So my review is that if you are reading this, or any ad to purchase on Amazon, they contract out these sales and the warranty depends on the company and if this is a 1 Stop product, no warranty. The fact that the washer broke down after a year says a lot!<br />In July, I ordered a new washer and dryer online.I would never have thought of ordering online, but as I did my research, the pricing to purchase through home care was so much better than Lowe's or home depot. I got my order in a little less than a week too!	2015-07-31
US	28371926	R3J0QJ3AZ7E9EU	B0002Z1GQ0	22234952	Universal Metal Industries Range Hood Grease Filter with Lens - 10-7/8x11-7/8x3/8	Major Appliances	5	0	0	N	Y	Five Stars	Perfect fit - quick delivery. Couldn't find this anywhere and this fit exactly as original, actually better. Thanks.	2014-11-26
US	35673200	R21N8SEISY69O8	B00KJ07SEM	313983847	GE MWF SmartWater Compatible Water Filter Cartridge - Refrigerator	Major Appliances	5	0	0	N	Y	Five Stars	easy to install, works great.	2015-01-09
US	39644927	RXQL4MJOBKKL6	B001TIURAA	598277208	"Panasonic Microwave Glass Turntable Plate / Tray 16 1/2"" # F06014M00AP"	Major Appliances	5	0	0	N	Y	Five Stars	It is exactly what I needed.	2015-02-04
US	38474086	R3W4LJPGEYAQ3S	B00FNAWG6I	588471803	"AKDY New 30"" European Style Wall Mount Stainless Steel Range Hood Vent Push Button Control AZ-SG-10D1 30"""	Major Appliances	1	0	7	N	Y	One Star	it is a wall mount and not an island mount	2015-01-10
US	49514149	R3RMH5S2NIK1NX	B00GYB63NC	928389632	279311 Igniter for Whirlpool Dryer	Major Appliances	5	0	0	N	Y	Works just like original	Perfect replacement for the original. Turns out I needed more than this part, but once I installed a thermal fuse, this came up and has been flawless since installation (about a month so far).	2014-07-04
US	51617957	R2Z96P44GZI8VV	B0014DZ2YG	999410322	Emerson IM90 Portable Ice Maker	Major Appliances	1	1	1	N	N	Worked great for 3 weeks, now nothing.	I was very impressed with this machine for the first few days, it worked fast and relatively quietly. Then after a week, the &#34;add water&#34; light was constantly on regardless of the amount of water inside. I researched the problem and found it's quite common, and a work-around is to open the back and bypass the water sensor, splicing the two wires together. That worked for another 2 weeks until something else went wrong and there is no water getting up to the freezing rods at all now.<br /><br />I am not interested in dealing with repairs on a $150~ machine, so into the trash it goes. Waste of money.	2014-05-28
US	44145908	R1PT2KL36V0DEY	B004Y3C9J4	765789095	Avanti 1.7 Cu. Ft. Superconductor Compact Refrigerator, Black	Major Appliances	5	0	0	N	Y	truck driver good choice	I really recommend this refrigerator I bought five one for me and the other for my friends.<br />We are very happy with the product.	2015-03-21
US	52083890	R2A1Y1GACWCLB8	B001TIZKIY	59523683	Whirlpool WHIRLPOOL P# 6-918873 / W10224675 SILVERWARE BASKET	Major Appliances	5	0	0	N	Y	Five Stars	Excellant product	2014-10-01
US	30605559	R34LXO7QT3YBM1	B0015YQTS2	901366293	"Whirlpool WTW6700TW 28"" Cabrio Series Top Loader Washer (Metallic/White)"	Major Appliances	1	1	1	N	N	... Whirlpool Cabrio he for several years it is the worst purchase I have ever made in my entire life ...	I have had a Whirlpool Cabrio he for several years it is the worst purchase I have ever made in my entire life it is a total piece of junk. I paid so much for it I keep trying to use it but it doesn't even wash the clothes makes terrible noises I can put a pair of jeans im that are folded when I get them out they will still be folded and even sometimes have dry spots on them this junk piece of metal should not even be called a washing machine	2015-01-08
US	2608007	R1IK9E3HEOED42	B0050KKS5C	758706493	316075103 BAKE ELEMENT REPAIR PART FOR FRIGIDAIRE, ELECTROLUX, KENMORE AND MORE	Major Appliances	5	0	0	N	Y	Great service, good product	Priced right, works great and arrived earlier than estimated. Very satisfied.	2014-08-11
US	41757724	R1BPR27WPFSIZ3	B005R597HA	183784715	Avanti 110-Volt Automatic Portable Compact Dryer with Stainless Drum and See-Thru Window	Major Appliances	5	0	1	N	Y	Five Stars	Love it, drys more clothe then expected.	2015-04-29
US	31215606	R25PA6CRR0OYRX	B00KJ07SEM	313983847	GE MWF SmartWater Compatible Water Filter Cartridge - Refrigerator	Major Appliances	5	0	0	N	Y	Pleased	Delivered fast, installs fast.  Works great!	2015-08-02
US	34077860	R1EZ9X0T4V6ZKW	B000RHYLIS	245384944	Summit WEL03 Electric Cooktop, White	Major Appliances	4	0	0	N	Y	Four Stars	Stove work's good, I just wish it came in other color's. Like black or chrome.	2015-06-27
US	15474353	R367PM4MA80Y3N	B00NY7KDD0	264925670	Monster MP PR400-4R PowerRange 400 - 50 Amp 4 Prong Power Cord for Electric Ranges	Major Appliances	5	0	0	N	Y	Good cord, works like it should plus bonuses.	Range cord works as advertised.  It even came with a strain relief which was nice.  The led on the plug is nice so you can see at a glance if the breaker was tripped.	2015-07-14
US	6244761	R38A472L1GOXE4	B004N4MSPO	451436203	SPT Countertop Dishwasher	Major Appliances	3	1	1	N	Y	Do Not recommend.	Doesn't clean very well, but it could be because I don't have a water softener at my house. It is also very bulky considering what it holds. My large dinner plates wouldn't even fit in the rack, but it took up most of my counter space.	2015-02-11
US	48162152	R68OR2FE1Y9N3	B00KNL855I	425600013	NewAir AI-100R 28-Pound Portable Icemaker, Red	Major Appliances	5	0	0	N	Y	NewAir Ice Maker, Blue	Love my portable ice maker.  This is my second unit after totally wearing out my first one.  This unit matches my Kitchenaid mixer, love it.  So much easier to make a daily batch of ice over spending to $6 to $8 weekly on ice.  Ice is also much cleaner vs store bought.	2014-10-15
US	46640710	R2QUNUUJLYHMSM	B002MPLYEW	183067183	Danby 120 Can Beverage Center, Stainless Steel DBC120BLS	Major Appliances	4	0	0	N	Y	Nice beer cave!	Very impressed with this fridge. I use it exclusively as a beer cave and it keeps everything nice and cold. It is tall enough for cans at the top, bottles on a middle shelf, and bombers at the bottom. I am deducting one star because I am having a hard time switching the door hinges to the other side. There is a plastic plug on the door that needs removed, but I don't want to break it or damage it as I try to pry it off. So I am holding off and living with the hinge direction that it shipped with.	2014-05-08
US	15040428	R354AFKRZGFSYF	B000JLNBW4	582305048	Koolatron Coke Personal Mini Fridge	Major Appliances	3	0	0	N	Y	Three Stars	It was really great - nicely kept items cool to cold inside.  but died after five months.	2015-07-24
US	47524282	R14UU52HK5GI7G	B00DNSO2UK	316513931	Haier  Wine Cellar with Electronic Controls	Major Appliances	4	8	9	N	Y	Decent small unit for the price	Good unit for the price. I have only had it for a couple weeks now, but so far pleased with it.  It does make a little noise in complete silence, but nothing too bad.  Will be moving to San Francisco soon and might need to keep it in my bedroom so we will see how loud it will be in that environment.  I will update when I do.<br /><br />As for functionality, I do wish there was a light for the bottom zone as well.  Otherwise the two zones are great for whites and reds.  The dimensions make it great for fitting in little nooks when you don't have a lot of space.	2014-08-15
US	28467019	R272SWKS7GGXP9	B00F4LL6DU	388981316	PART # 33001003 GENUINE FACTORY OEM DRYER LINT SCREEN FILTER FOR MAYTAG, AMANA, AND WHIRLPOOL	Major Appliances	1	0	0	N	Y	One Star	Piece of junk has already begun to unravel.	2015-05-21
US	3921790	R28HDLD1NLSENS	B0002KXMT4	316014543	Haier HLP21N 6.6-Pound Pulsator Wash with Stainless Steel Tub	Major Appliances	5	0	0	N	Y	Five Stars	LOVE IT!!!! WORKS GREAT AND DOES A VERY GREAT JOB FOR ITS SIZE	2014-08-19
US	29672067	R3GYJCTKLCOOCF	B004N4MSPO	451436203	SPT Countertop Dishwasher	Major Appliances	4	1	1	N	Y	Four Stars	It fit my needs and will work well for my camper.	2015-06-12
US	19662903	R1WJ4D1XOP57FW	B002ZD5I16	476878110	Whirlpool Part Number 4388736: DRUM	Major Appliances	5	0	0	N	N	Five Stars	works fine	2014-07-16
US	42557784	R2KK8P5PIWBSIO	B000SB4O8U	251630444	Avanti WD31EC Table Top Thermoelectric Water Cooler	Major Appliances	5	0	0	N	Y	Great water cooler	Great water cooler, keeps water cold and works perfect.	2014-10-29
US	19029476	R16EU7BKX9N2JA	B005J2HTQC	795567369	"GE Cafe CGS990SETSS 30"" Freestanding Gas Range with 5 Sealed Burners, Convection Self-Clean Double Oven and Griddle, in Stainless Steel"	Major Appliances	1	4	5	N	Y	The upper oven inner glass literally shattered into a million ...	The upper oven inner glass literally shattered into a million tiny pieces after only two weeks of owning the new appliance :(	2015-01-03
US	7478179	R1I5XFCUCFI6OV	B001BADJCE	341847986	Whirlpool Motor / Pump Drive Coupler 285753	Major Appliances	5	0	0	N	Y	Five Stars	excellent	2014-11-30
US	47449755	R3UE09EIO9LI0M	B00CL4SAPA	817906772	Frigidaire FGHS2655PF Gallery 26.0 Cu. Ft. Stainless Steel Side-By-Side Refrigerator - Energy Star …	Major Appliances	3	1	1	N	N	Bad Ice Maker	The only complaint is that the ice maker is badly designed. We had to have a service man twice during the warranty period, and it the ice maker had to be replaced each time. We had to have it replaced a third time, but the warranty had run out, so we decided to just leave it alone and get the ice manually, but the water dispenser is fine.	2015-02-25
US	27850359	R1A7KJJJQWAQ38	B007V7G5TU	423421857	Danby 0.7 cu.ft. Countertop Microwave	Major Appliances	5	0	0	N	Y	Good for college kids	Bought this for my son's college apartment.  It looks very nice and it appears to work as advertised.	2015-08-20
US	25488404	R260R3LZMJ0FWV	B001BADJCE	341847986	Whirlpool Motor / Pump Drive Coupler 285753	Major Appliances	5	0	0	N	Y	Five Stars	as expected.	2014-09-17
US	14126514	R6894BCV4HRM4	B000UW20OM	539049610	Broan 412402 ADA Capable Non-Ducted Under-Cabinet Range Hood	Major Appliances	5	0	0	N	Y	Five Stars	exactly as described......met my expectations	2014-09-24
US	11142712	RPLXHN1IJEFIZ	B0052QXY5K	138500275	LG LFX31925ST Super Capacity 3 French Door Refrigerator,	Major Appliances	1	1	1	N	N	This is the worst Fridge you can buy--AVOID IT!!!	I bought this Fridge in 2012.  AVOID THIS FRIDGE LIKE THE PLAGUE!! DO NOT BUY IT.  HERE'S WHY: The fridge and freezer have stopped working 4 times.  compressor has gone out twice and a different problem another time.  Tonight everything began to melt and sure enough the fridge and freezer are not cooling.  We've delt with awful sounds that have needed repair.  The problems seem endless in less than 2 years.  For principle I'm going to smash this fridge tomorrow with a basebal bat in my front yard.  Biggest waste of time and money and worst purchase I have ever made.  Didn't buy the warrently because I didn't think I'd need it on such an expensive and qualitly appearing appliance (my bad there).  At the same time I bought an expensive LG stove and after 1 year a burner does not light.  I will never buy LG again and neither should anyone.  Just look at the reviews and problems, they're all basically identical.  Actually seems criminal to me that they're still selling these Fridges for $3000.  Wish I would have read reviews before but the salesman was convincing and the fridge looked nice and complimented our remodel well so we bought it without reading a single review.  I can assure you that if you buy this fridge you will be dealing with  one of the following in the first year: compressor problem, noise issues, electrical problem, ice maker issue and list is lengthy.	2014-08-12
US	13160023	R3TNWFPUJNSSMI	B00DQCK0EU	364350586	OEM Factory Original FSP Whirlpool Dryer Kit Part # 4392065, with Belt 341241, Idler 691366, Rollers 349241t	Major Appliances	5	0	0	N	Y	recommend	Exactly as advertised, manufacturers product replacement, worked perfect.	2015-02-28
US	36555497	R3MZ619MRBHYW5	B000DZFTEO	252473721	"Builder's Best 100017 4""X8´ CLEAR DUCT"	Major Appliances	5	0	0	N	Y	Ferret toy!	My ferrets think this is the best thing since plastic grocery bags.	2015-04-23
US	45473463	R2RAQZJYDR850Y	B00KJ07SEM	313983847	GE MWF SmartWater Compatible Water Filter Cartridge - Refrigerator	Major Appliances	5	0	0	N	Y	Works great. Best bang for the buck	Fits perfectly. Works great. Best bang for the buck!	2015-01-10
US	9990333	R132ZSXKQ1VTPW	B0052G51AQ	423421857	Danby 0.7 cu.ft. Countertop Microwave	Major Appliances	2	0	1	N	Y	Do Not Like but Using It	This is a terrible machine.  The numbers on the keyboard are difficult to see.  (I solved this problem by writing the numbers in dark ink on white pieces of paper and pasting the numbered papers to each appropriate number on the keyboard; a nuisance but it works well.)  Next it is very difficult to program the machine!  The numbers and choices are not touch sensitive—this makes it very difficult to enter your commands.  Every time you want to make an entry it is a contest between your finger and the machine.  If you expect a light finger touch to the keypad this machine is going to knock you out.  Which brings me to the lever that opens the door?  It is not touch sensitive either.  Difficult to push it in, takes a good solid hard push; not a gentle push that a genteel person would like to use.  (This microwave machine has replaced one exactly opposite to all the above remarks.)<br /><br />Then there is the noise.  I am referring to the binging that happens each time the time clock reaches zero.  It cannot be turned off; I found if the machine is stopped manually one second before zero there is no binging.  Then give a hard push to the ‘stop’ button and there is no need to listen to that raucous noise.<br /><br />With a lot of practice I have learned to program the keypad so it is not as difficult to use as it was initially, but it will always be unpleasant to touch/push those numbers/choices.  However, the machine only cost about a hundred dollars (not much for an important kitchen appliance) and does well the two basic jobs given it by me -- defrost food that comes directly from the freezer, heat food and water up. It also fits precisely in the small space that I have available for a microwave.	2015-07-07
US	42229364	R1B3BH7LR91IE4	B007K1NTVE	223137649	LG WT5070 4.7 Cu. Ft. Ultra-Large Capacity High Efficiency Top Load Washer with WaveForce,	Major Appliances	3	0	0	N	N	Not thrilled fir the price	We purchased a top load LG washer and a front load dryer.  I was skeptical about not having an agitator in the washer but, of course, the salesman assured us this was the newest thing on most of the high end washers.. I checjed some other brands and they had no agitator either.  Well, didn't listen to myself again!  Luckily, we haven't had some of the issues others mention, have had no problems with odors. We have gotten unbalanced loads.  When I wash sheets, one often ends up on top looking like a large mushroom. I have no idea how that happens.  Agree the cycles take forever and not enough water in the tub.  My clothes just do not seem as clean.  We have hard water but my towels now seem even stiffer and I stopped using fabric softener.  Happy with the front load dryer but often have to stop it and separate sheets that end up in tight balls.  If I could afford it, I would definitely go back to a washer with an agitator.	2015-06-15
US	18105796	R21BN08F2OOJ6O	B004NXUJ60	523301568	MICROWAVE CAVITY PAINT 98QBP0302	Major Appliances	5	2	2	N	Y	I recommend it !	I recommend this product because it works. Rarely do you find a product that works as well as it says. Read the instructions carefully and it will do the job.	2014-05-30
US	20299949	R1UK6G6FMSZENX	B00H9HS3BK	318894136	LP 280187 8181684 285998 Whirlpool Kenmore Washer Drain Pump & Filter Assm	Major Appliances	4	0	0	N	Y	Great replacement part that got us back to washing.	Great replacement part that was very easy to install. Have not noticed this part operating any louder, as some reviews note.<br />Only reason for four stars is it is slightly different looking as far as mounting, but fits right in to place.	2015-07-19
US	15580365	R12U272I1HZ3D6	B00I1IDGPE	84868329	1195967 - FACTORY OEM GENUINE WHIRLPOOL KENMORE DIRECT DRIVE WASHER MOTOR COUPLING (This is not a generic aftermarket part)	Major Appliances	5	0	0	N	Y	Five Stars	thank you	2015-07-06
US	1030290	R2KWL8B1LZ11LH	B008SCVL6E	507589010	"G.E. Microwave Glass Turntable Plate / Tray 12 1/2 "" WB39X10003"	Major Appliances	5	0	0	N	Y	Great price and received quickly	Exactly what I ordered.  Great price and received quickly.  Very pleased!	2015-02-04
US	2714185	R301M5F0KZRVEP	B0050KJOQ6	389591298	1 X 3949247 WASHING MACHINE LID SWITCH REPAIR PART FOR WHIRLPOOL, AMANA, MAYTAG, KENMORE AND MORE	Major Appliances	1	1	1	N	Y	this part have a very poor quality. Plastic used in it is too weak	this part have a very poor quality. Plastic used in it is too weak. I placed one and only last for two months.	2014-11-16
US	43881175	RGFRL05MRIVZE	B00I9F063O	13064968	"Golden Vantage Stainless Steel 36"" Euro Style Island Mount Range Hood LCD Screen GV-GL-9002-36"	Major Appliances	4	10	10	N	N	It's SUPER quiet on the low setting which is enough power ...	This hood is available under a few brand names from a few different places.  I purchased mine elsewhere yet it is identical to this one.  It's SUPER quiet on the low setting which is enough power for average cooking, even on medium it is on the quiet site.  On high it is definitely audible but on par with what some hoods sound like on low.  This is far quieter than the $1000 Ikea units or the high end hoods costing a couple grand.<br /><br />Install was relatively straight forward and the unit is actually very well engineered inside.<br /><br />I have two gripes with the unit; however.  I installed it in a kitchen with a 8ft ceiling.  I had to cut a large chuck of the internal frame to get 29in of clearance above my range.  I ran out of factory holes then to attach it to the frame piece which attaches to the ceiling; I had to drill my own.  The chimney covers worked just fine, on the other hand.<br /><br />Finally, the operation is a little odd as you have to press the clock button to power on the hood to then use the + and - symbols to turn the fan up and down.  If you hold the clock for just a little too long it will go into time set mode.  It's not the end of the world but that part is not it's strength.<br /><br />All in all, this is a very good hood for the price and if you shop around you can get it for quite a bargain.	2014-10-06
US	46068675	R3AFR70XC0DHVL	B00IY7BNUW	874236579	Avalon Bay Portable Ice Maker	Major Appliances	1	1	2	N	Y	DO NOT PURCHASE THIS PRODUCT!!!	wish I could give it 0 stars! Worked great for 90 days and then it just quit - amazon will not accept returns after 30 days on this product and after multiple requests to the manufacturer for a label to return item for repair or replacement, we have waited over a month and still no label or address. DO NOT purchase this item! It works GREAT for awhile and then it quits... was SO pleased and hoping to write a really nice review, however now all I can do is encourage anyone in the market to find another machine.<br /><br />UPDATE1 - finally rec'd label - after 4 calls.<br /><br />UPDATE - It cost us $68 to mail this back to Avalon and we were billed when they sent it back! That is the cost of another system! When returned we thought it was a new machine since the box was not the one we used, but a newly sealed box. However we are now positive this was a re-issue on another machine returned because it didn't work, and after less than two weeks, this one quit working too! We cannot afford to send it back again - so are 'stuck' with a 2nd broken ice maker and purchasing ice the rest of the summer - or longer - and it will still cost less to purchase ice than to send it back AGAIN!	2015-06-01
US	11185977	R1AE7PH2D33WTJ	B00CXNB434	860923477	LG KSTK1 27-Inch Laundry Stacking Kit	Major Appliances	5	0	0	N	Y	Great solution to a lack of space problem	Works great for what we needed.	2015-05-18
US	12293475	R361L8I0CNXMLU	B005NRDWAK	73149002	Samsung Ice Maker Assembly DA97-00258C	Major Appliances	5	0	0	N	Y	Easy install	I was very satisfied with this replacement part.  It was easy to install and the directions were easy to follow.  all in all I'm very pleased with the part.	2014-05-30
US	7885291	RLM7ZQVRW8AQ	B004I9Y5X2	628906542	"Electric Range 8"" Top Burner Element Replaces General Electric, Hotpoint, WB30M2"	Major Appliances	5	0	0	N	Y	Five Stars	I love it and I will order it next time, again.	2014-08-05
US	42918604	R2G63O5FQ6J79J	B00AE6Q9SC	897349256	Koldfront 18 Bottle Free Standing Dual Zone Wine Cooler	Major Appliances	4	1	2	N	Y	Kitchen Renovation	The wine cooler was installed during my kitchen renovation under a counter with plenty of &#34;air space&#34; around it.  The contractor made it look built in and it looks great.  Larger bottles do not fit but the unit still works for my needs.  It is VERY quiet and very attractive.  Love the blue digital and interior lighting!	2014-12-19
US	1330452	R133G5F9R6TTVJ	B0052F5O54	690397092	Danby DCR122BLDD 4.3 Cu. Ft. Designer Compact Refrigerator - Black	Major Appliances	2	0	1	N	Y	Bad delivery service	The fridge itself it fine, as fridges go - but the delivery service used was awful. The delivery man literally dropped the fridge off the truck, resulting in a huge dent on top. We kept the item, but are reminded every time we look at it that people can be careless.	2014-07-17
US	16973902	R1COXTIGH9JVAG	B00KJ07SEM	313983847	GE MWF SmartWater Compatible Water Filter Cartridge - Refrigerator	Major Appliances	5	0	0	N	Y	Perfect as far as I can see	Of course, I haven't torn the filter apart to see what's inside, nor have I the ability to test the purity of the water. But the filter fits like it's supposed to fit and the water tastes good after being filtered, so that's 5 stars in my book.	2015-04-28
US	40669989	R2RLCOP826CEKC	B001EYGDCU	695065395	Whirlpool Part Number 777180: Spring, Container	Major Appliances	5	0	0	N	Y	Five Stars	Easy install. Works perfectly	2014-09-18
US	40202597	R3C6JTZ2BYZNFN	B00E3MFO70	673506545	New OEM Genuine Factory Original GE Refrigerator Ice Maker Kit Assembly - Part # WR30X10093	Major Appliances	4	0	0	N	Y	not exactly the same as what I removed from my ...	not exactly the same as what I removed from my fridge. but after further review at the local appliance store it works great	2015-07-22
US	5092330	R29OWPN6ADQFTQ	B00GXH8QDW	114997886	LG H/E Ultra Large Capacity H/E Top Load Laundry Pair with WaveForce Technology WT5070CW DLEX5170W (ELECTRIC Dryer)	Major Appliances	5	0	1	N	Y	Five Stars	best washer and dryer on the market	2015-02-02
US	20245822	R3DNCSP2VCM9V1	B002GZND6U	493877304	Supco RIM597 Universal Icemaker	Major Appliances	4	2	2	N	Y	I would recommend this unit	This ice maker replacement was easy to install and works well but I noticed that it does not put out the amount of ice cubes that the unit that came with the refrigerator. I would highly recommend this ice maker with regard to the price. Many other retailers were selling this unit for $75.00 more than Amazon.	2014-05-23
US	34727266	R1C1W5SB2LMJTF	B008EK6N0E	974552977	FreshFlow Ice Cube & Freezer Deodorizer	Major Appliances	5	0	0	N	N	Five Stars	Eliminates that offensive stale freezer/ice cube smell and taste!	2015-03-26
US	17539277	R3LSXWYAIE6WBG	B00413662I	801135043	Amana 1.5 cu. ft. Over-the-Range Microwave, AMV1150VAW, White	Major Appliances	1	0	2	N	Y	One Star	Package and product were both broken when I receive them	2015-08-22
US	53013621	RGSOKOJOXEWOS	B00KJ07SEM	313983847	GE MWF SmartWater Compatible Water Filter Cartridge - Refrigerator	Major Appliances	5	0	0	N	Y	was easy to install	Arrived when promised, was easy to install, and works as it should.  Good deal all around!	2015-05-28
US	46159024	R2FQKANARGVHN1	B000UVHMVO	490149966	Bosch : HBL5750UC 30 Combination Oven - Stainless Steel	Major Appliances	1	2	2	N	N	Don't Buy!	Our microwave stopped working one week after the 1 year warranty. Service repair is minimum of $247. Don't buy this microwave. Anyone know of another brand we can buy that would fit in the space above the oven?	2014-12-05
US	15207466	R3UYC4MZGN5YD	B00D0H1FYK	560715808	OEM Frigidaire Refrigerator Compressor Relay Part 5303007173, WR07X10051 4357156	Major Appliances	5	3	4	N	Y	I am so glad we found this	I am so glad we found this.  The minute we replaced our burnt out one, our freezer worked.  Plus this was way cheaper then getting the part from Sears.  I saved $70 by going through Amazon and it was delivered on time.	2014-07-09
US	13422564	R1R8ZG90Q2146L	B0073YCGK8	542519500	Whirlpool WMH31017FS 1.7 Cu. Ft. Over-The-Range, Combination Microwave Oven, Stainless Steel, 1000 Watt	Major Appliances	1	2	5	N	N	Poorly Written User Guide - Poor Service from Whirlpool	Cooling fan vents out of the front of unit.  Only vent fan opens exhaust louver.  Vent fan is manual only unlike implied in user guide.  If manual vent not operated in conjunction with any cooking then possibility exists of damaging cabinets.  Strongly recommend getting a normal exhaust / vent fan and a countertop microwave.	2014-06-02
US	48051182	R34KU4S3K5T2A5	B0014DZ2YG	999410322	Emerson IM90 Portable Ice Maker	Major Appliances	5	0	0	N	Y	i love my ice maker	i love my ice maker , just one thing . I was cleaning and lost plug that I drain the water out wondering how I can get a replacement plug. but my machine is great.	2014-08-02
US	10604506	R5ZSKSZYP5K4B	B00GHIJO10	729791323	"Avanti Model GR2011CW - 20"" Gas Range"	Major Appliances	1	40	41	N	N	Poorly made gas range	worst stove I have ever used in my life. (I am a chef and know all kinds of stoves)<br />The knobs do not light properly no matter how you adjust them. They also get dangerously hot when oven is used.<br />The oven is difficult to light: you see the flame, turn it to temperature and then it mysteriously turns off in middle of cooking.<br />The oven temperature is no where near the real temperature (have tested it with oven temperatures)<br />This is a cheap, poorly made product.	2015-04-15
US	882892	R2PPAJHZHH6ZUZ	B009HB2RKY	971479950	Whirlpool In-Line Ultra-Ease Plus Refrigerator Water Filter Item# 56867 Model# WHKF-IMPLUS UPC#6928448338339	Major Appliances	5	0	2	N	Y	delivery and product went well. I do not mind ...	delivery and product went well. I do not mind providing feedback if there is something that needs changing but time is too important to spend this long on EVERY item we purchase. please give us a break here	2015-08-16
US	16186335	RVHSPTOSWKSJJ	B00FAOY3MC	414143265	Bud Light 5 Qt. Beer Bucket	Major Appliances	5	1	2	N	Y	Five Stars	Great.....	2015-08-30
US	18839317	R1TYHC6XG0X3A5	B00FIHTEX4	990076192	PART # 3387223 GENUINE OEM ORIGINAL DRYER MOISTURE SENSOR BAR FOR KENMORE ROPER AND WHIRLPOOL	Major Appliances	5	0	0	N	Y	Five Stars	Did the job..	2014-12-14
US	47932608	R3FMKANOV3ZP4S	B0002YTLZY	539049610	Broan 412402 ADA Capable Non-Ducted Under-Cabinet Range Hood	Major Appliances	5	2	2	N	Y	Looks great and works good	Nice replacement oven fan. But the mounting holes don't line up with the ones you remove. Maybe it was just mine because it was so old. So get out your drill and have some one help you hold it in place. It's a two person job if the old holes don't line up.	2015-08-06
US	11974393	R1PMCVLKKZ67Y1	B00CEZAT32	898929996	Keystone KSTRC43BW Energy Star Compact Refrigerator with Freezer Compartment, 4.4 Cubic Feet, White	Major Appliances	5	0	0	N	N	Five Stars	Gets items really cold. Quiet unit.	2014-07-25
US	30966951	R3HC4S203MR0H9	B006C58HES	395186501	Samsung RB215ACPN 20.0 Cu. Ft. Stainless Platinum Bottom Freezer Refrigerator - Energy Star	Major Appliances	1	0	0	N	N	Bad news, run away	I've had this thing for almost two years. After a few months I noticed water pooling in the refrigerator. After three trips from service it was determined it was a design flaw on a small sheet metal guide that was supposed to help funnel water into the evaporation pan. It was replaced and all was fine for a time. Now the refrigerator is freezing up and consequently can not cool. 50 degrees is not a safe operating temperature for a refrigerator. I called the same repair place but they are so busy repairing new Samsung appliances that are still under warranty they will not even take work that is not under warrantee. Samsung customer service, after keeping me on line for 25 minutes, suggested I call someone to come fix what ever was wrong with it. I never got the list of approved vendors. Poorly designed and engineered.   All shelving is fairly flimsy plastic. After just two years I am faced with buying another new refrigerator. It won't be a Samsung.	2015-08-12
US	36285704	R2J7YOY3S6NC05	B00JG8B42K	672722354	OnePurify RFC0800A Water Filter Replacement Cartridge, 2 Pack	Major Appliances	5	0	0	N	Y	Five Stars	good price and quality product.	2014-11-25
US	28884915	R3F0SQ1M4BFOUU	B001EY66CM	906039203	SAMSUNG DC64-00519B DOOR-LOCK S/W GW-PJT OEM Original Part	Major Appliances	5	0	1	N	Y	Easy replacement, fit great.	Videos on You-tube made installation very straightforward.  Saved me a repair call!	2014-08-06
US	11927455	R31YOQAP2KELCN	B00AW04ZMM	962476921	Panda Small Compact Portable Washing Machine 7.9-15lbs with Spin Cycle …	Major Appliances	4	1	1	N	N	This machine has saved me money within the first month ...	This machine has saved me money within the first month of purchase. However, this is not a machine to use forever. It has it's kinks, and the constant filling, draining, refilling, then spin drying and holding the machine down so it doesn't rattle itself to pieces...this physically is unpleasant, and takes a lot of time. If you have body pains, this is not something to do. It does the basic job. :)	2014-07-30
US	11168608	R2W43BCC7M1ZTM	B001DPVVJK	252992948	Frigidaire FRIGIDAIRE 5303013588 UNIVERSAL RANGE CHROME DRIP PAN	Major Appliances	5	0	0	N	Y	What I needed.	Perfect. Landlord got me a used oven with the wrong large splatter pans. These fit perfect!	2014-07-11
US	14033862	RNSLGSMWYE23H	B00AW04ZMM	962476921	Panda Small Compact Portable Washing Machine 7.9-15lbs with Spin Cycle …	Major Appliances	5	1	1	N	Y	OMG! The best thing for an appartment!	This product is the best thing for a small apartment! I have had my panda for approx. 2 months now, showing it off to friends and family with nothing but wide eye wonderment. The only thing I can tell people &#34;wrong&#34; or annoying about it is that when you go to empty the water after a wash you must place the panda on a higher surface, then turn it to the drain. All and all, this is the best thing I ever bought on amazon and is very happy with the results.	2014-06-21
US	24112248	R2VEFSVJO8TV8O	B001EYGY5Q	140878144	GE Part Number WR24X437 GASKET O/D	Major Appliances	5	0	0	N	Y	Worked like it should.	You do have it give it a day before the magnetic seal fully sets around the door. After that the old fridge is cooling like a new one.	2014-05-23
US	34512698	R10P36V11CD1A0	B001DPHPPE	118151337	Whirlpool Part Number 77001038: ELEMENT- D	Major Appliances	5	0	0	N	Y	It was easy to switch out the old burner for the new ...	I have an old Amana glass top stove.  The dual burner quit working so I have been using the other 3 burners for over a year until I finally found this part listed.  The stove is about 16 years old.  I really didn't want to get a new stove, so I bought this part.  It was easy to switch out the old burner for the new one.  Works like a charm!  A $50 part saved me from having to buy a new stove.	2014-10-04
US	44891553	R3NVX4DMIO0JJ7	B00GUTFVSG	647984292	Kenmore 9002, 469002, 46-9002, 9002P, 04609002000 Compatible Refrigerator Filters by KleenWater (2)	Major Appliances	5	0	0	N	Y	Five Stars	Works great and a great value.	2015-06-04
US	28570510	R3H0E2KZ1OQP35	B0050KJR90	318266653	154373301 DISHWASHER FILL VALVE REPAIR PART FOR FRIGIDAIRE, ELECTROLUX, KENMORE AND MORE	Major Appliances	5	0	0	N	Y	Five Stars	Worked great!	2015-06-28
US	15807553	R2EYSJ4LAKBLFS	B0098CKRUY	696704118	"Summit SWC1535B 15"" Built-In Undercounter Glass Door Wine Cellar with Lock and Digital Controls, Glass/Black"	Major Appliances	5	1	5	N	Y	The Perfect Wine Cooler	This wine cooler was perfect in every way.  The size, the looks and how it cools our wine.	2015-07-03
US	16114304	R3N58VIL9AEVRX	B001DPRZUO	525337075	Whirlpool Part Number 326033923: Overlay	Major Appliances	5	0	0	N	Y	Five Stars	very good, and easy to install.	2015-07-10
US	22167279	RVJIRX8GUZ83J	B008L3GA3Y	723594685	Fisher Paykel DD24DCHTX7 24 Drawer Dishwasher, Built-In Water Softener - Stainless Steel	Major Appliances	1	8	10	N	N	No Customer Service	Customer service is NON Existent.<br /><br />I have a F&P two drawer dishwasher.  Generally speaking it is a good appliance, but if you need any parts, forget it.  The agitator tends to wear out.  It only costs about $100 to get a new one and it is dead easy to replace, BUT in my case F&P shipped the WRONG part under the right part number sticker, so the part didn't quite fit, or work.  I engaged a professional, who took the very same part number out of her truck and put it in .. and everything worked.  Cost me an extra $300... but here's the thing.  F&P said &#34;tough&#34; we don't accept returns  even if we made the mistake!... four times<br /><br />And after talking to some appliance service people, this is apparently pretty common that what is in the box doesn't match the number printed on the box.<br /><br />So beware.	2014-10-29
US	49755518	R3B6UEHOBMXYKU	B003JN530M	378490877	Samsung DV330AEW 7.3 Cu. Ft. Neat White Stackable Electric Dryer - DV330AEW	Major Appliances	1	2	2	N	N	The drum cracked on my dryer after only 3 years ...	The drum cracked on my dryer after only 3 years.  Samsung service will not claim this is a manufacturer defect.  I am left to pay for service of a little over $300.	2015-05-14
US	53044488	R1VK22CDNTLLM0	B00AMFM7KO	534635934	EdgeStar Deluxe Mini Kegerator & Conversion Kit	Major Appliances	2	0	0	N	Y	... bought this with the conversion kit because it seemed like a killer deal	I bought this with the conversion kit because it seemed like a killer deal. So far it's working fine, and I'm excited to have my homebrew on tap. But the conversion kit didn't include the cleaner bottle or the 12-volt plug, and the whole thing looks used. I was expecting brand new, not repackaged (&#34;refurbished&#34; would be a compliment).	2015-07-06
US	22478725	R1915V0BX3JGC3	B00KN0ZB1K	700386730	"GOLDEN VANTAGE New 30"" European Style Wall Mount Stainless Steel Range Hood Vent Touch Sensor Control"	Major Appliances	5	1	2	N	Y	Great hood, great price!	This hood is beautiful. We get so many compliments and most people say they want one but hoods like that cost a fortune... Thanks Amazon for the great price! The only thing I don't like: the beep when the buttons are pushed is very loud!	2014-12-30
US	29178911	R36JBJZJRRIB86	B00EU7C20A	786195523	Whirlpool WRF535SMBM 24.8 Cu. Ft. Stainless Steel French Door Refrigerator - Energy Star	Major Appliances	4	2	12	N	Y	Four Stars	Arrived after some delay. I will update on how well it works after a few months, God's willing	2014-09-24
US	52886113	R3948QW8RB21Z0	B000N6302Q	425600013	NewAir AI-100R 28-Pound Portable Icemaker, Red	Major Appliances	5	0	0	N	Y	GREAT Ice Machine!	This is an excellent ice machine. I bought it to replace an old Haier I had for several years.  It makes the same igloo-shaped ice cubes, which I really love.  There is so much cooling surface on each cube they do a bang-up job of cooling beverages and lasting longer than crescent or cube-shaped ice.  This machine is so light-weight it can be set on your countertop to empty the water after you've finished your ice making.  Love it!	2014-09-06
US	522609	R37I85L85GL59N	B000KKMFB2	89179148	Broan 403001 ADA Capable Under-Cabinet Range Hood	Major Appliances	5	0	0	N	Y	Good home improvement	This is great, it was light, easy to put up, quiet enough, and a great improvement over a microwave that was hard to reach. and hard to keep clean.	2015-08-07
US	38947484	R1OPC4TLMU8IIO	B00SNKU7VQ	197365398	Whirlpool W10295370A Compatible Water Filter - Refrigerator	Major Appliances	1	2	3	N	Y	I suppose as a filter it probably works but it ...	I suppose as a filter it probably works but it doesn't properly fit the refrig I installed it in.  The door will not close (which locks the filter in place) so I will have to replace it after one week.  Not worth the savings.	2015-08-18
US	16103359	RSMD3UJ1CP9YX	B00LV02NUS	105388436	"Rusco / Vu-Flow 3/4"" 250 Mesh Spin Down Filter 3/4-250-F"	Major Appliances	5	1	2	N	Y	Great product!	We bought this to filter our washing machine water line from sand/sediments.  We have had it a few months now and it is working great. My husband says it was an easy install, too.	2015-06-18
US	25180802	RMMCGBFEGE7C	B00GIR1Z4Y	130714648	Gap Cap for Stovetops	Major Appliances	5	0	0	N	Y	Four Stars	I like this product, it is easier to keep the stove clean.	2014-09-24
US	36222985	R18ILVVRIK46L6	B000HZXBAE	371887595	Broan 36W in. QT Under Cabinet Range Hood	Major Appliances	3	4	4	N	N	More work down the road	Bought to replace &#34;lesser&#34; brand.  Not an easy install if you don't have tools and &#34;imagination&#34;.  Very nice appearance (after returning first due to damage during shipping).  Item was shipped in showroom type box, not protected at all. We really like the dual lights with two brightness settings. Great air flow but droning of motor is bothersome at all speeds.  AFTER 6 months the motor began to seize up. Replacement motor is about $45 (rather steep).  Decided to disassemble original. Found motor shaft coated with sticky (cooking) residue. Cleaned and reassembled; worked fine for a week. Same problem. Experimented with motor out of housing but with fan. Unit gets VERY hot and will boil water drops or oils.  Found that other users had similar problems with motor sticking.  I chose to remove motor, extend duct work outside and install an inline duct fan there. Works great and is much quieter.  A shame such a costly (to me), brand name unit has a badly engineered motor (noted that the motor is China made.).	2015-05-11
US	20731596	R37L6GC25I19MG	B00KDPI8Z6	14128349	SPT UF-214W Upright Freezer, 2.1 Cubic Feet, Energy Star, White	Major Appliances	5	4	6	N	Y	Bought for husband to use in his truck. Says ...	Bought for husband to use in his truck. Says it works perfectly. Wish we would have bought this one first.	2015-02-08
US	395542	RAKUOQ0Q17L5S	B00LH13UGM	40349156	LG LMXS30776S 30.0 Cu. Ft. Stainless Steel French Door Refrigerator - Energy Star	Major Appliances	5	4	7	N	Y	Five Stars	Ordered the refrigerator and it was shipped fast. No problems when it arrived no damage.	2015-04-14
US	18748225	RK0GC0EBVC2FM	B009TEM3OE	957729895	"AKDY 36"" Kitchen Wall Mount Stainless Steel Range Hood AZ-62790PS2 w/Baffle Filters"	Major Appliances	1	0	1	N	Y	damaged	Unit arrived badly damaged (dented), had to be returned.	2014-07-23
US	26239747	R26PW68KXR7434	B002ZD6MJS	701490476	GE Stove / Oven / Range Bake Element WB44X5019	Major Appliances	5	0	0	N	Y	Sometimes older is better	I am so lucky to have a Hotpoint oven from the early 60s, which lets me simply plug in my baking and broiling elements. No really, I just plug it in like a power cord. I was all set up for a nightmare of cutting the power and pulling wires out of the wall to somehow remove the old element and attach to the new one while being super careful not to let the wires slip back behind the oven (which would force me to remove the whole oven from the wall), but that is how NEW ovens work. I have an OLD oven, so it took me all of 30 seconds to unplug the burnt out element and plug in the new one. I am never getting rid of this oven if I can help it. I also bought a second element for future use since GE and Sears have stopped carrying them.	2015-07-30
US	22885655	R3QVDT4LRFOUVI	B00I9F063O	13064968	"Golden Vantage Stainless Steel 36"" Euro Style Island Mount Range Hood LCD Screen GV-GL-9002-36"	Major Appliances	4	0	0	N	Y	Our Range now sports a Hoodie.	This is a good product for the price. Instructions are a bit sketchy but helpful.	2015-08-27
US	18999794	RSG4XNAQPBTAK	B00GUTFVSG	647984292	Kenmore 9002, 469002, 46-9002, 9002P, 04609002000 Compatible Refrigerator Filters by KleenWater (2)	Major Appliances	3	0	1	N	Y	Three Stars	As advertised so far.	2015-07-11
US	36658239	R3STZQPYKZJZX5	B005GSZB3M	109226352	Whirlpool WMC20005YB 0.5 Cu. Ft. Black Countertop Microwave	Major Appliances	5	3	3	N	N	Best microwave I've ever owned or used.	This is by far the best microwave I've ever owned, of any size or price, for two reasons: (1) form factor and (2) simplicity of controls. I use a microwave to heat leftovers, cook frozen meals, make popcorn, melt butter or cheese, thaw frozen meat, reheat cold coffee, freshen stale bread of make it into croutons, cook sausages and hot dogs etc. I use this microwave several times per day.  I think my microwave usage is pretty typical.  The only thing I don't do in the microwave is prepare entrees from scratch (like cooking a roast or casserole). I've cooked all sizes of frozen entrees with no issues. Note, my review refers to an earlier model of this machine, which seems identical to this one that has replaced it.<br /><br />(1) Form factor. Because the guts of the machine are under the cooking chamber, this has the smallest possible footprint.  And because of the rounded back, I have it tucked into a corner of the countertop. This means I lose only 1' of countertop, and furthermore it's an awkward part of the countertop I wouldn't use for prep work etc because my elbow would bang into the fridge. Every other microwave I've ever owned took up 2' of prime, useable countertop. This makes such a huge difference in the usability and appearance of the kitchen that I'd give it five stars for this reason alone.<br /><br />The interior size of this machine is bigger than you'd think because it's round and all the space is useable. The round turntable entirely fills the rounded shape of the interior. An advantage of this is that nothing falls off into the corners as it cooks. I've occasionally thawed something bigger then the turntable (the sides and front of the microwave are square so this is possible) and it wasn't a problem.<br /><br />(2) Controls. I love love love the simplicity of the controls. It does exactly everything I need it to do in a way that is completely intuitive and simple. I should mention I own an Emerson microwave in my office that I have never yet beenable to figure out how to operate (and I'm of at least normal intelligence). The hated Emerson has lots of buttons and I'm sure it does a lot of things I don't need, but none of that matters because I'm not willing to learn a complex and counterintuitive interface to cook a frozen lunch entree. This Whirlpool, however, is amazing.  It has Power, Defrost, Reheat and Popcorn buttons, as well as a Plus (+) and Minus (-) and a Start and a Stop. I accomplish everything with the Plus, Minus. Start and Stop, and occasionally Power.<br /><br />To operate, you can just press the Plus until you reach the time you want, then press Start. Bam. You can't get any easier than that. The time increments get larger as you increase time, and this is absolutely not a problem. It uses 5 second increments up to 2 minutes, then 15 second increments to 3 minutes, then 30 second increments up to six minutes, then one minute increments from there. This is fine; I've never had an issue where using 6 or 7 minutes instead of 6.5 minutes caused a meal to fail (my pot pies call for 6.5 minutes at 50% power, and they're fine at either 6 or 7.  When I make popcorn, I always listen to the popping and stop it when it slows. That's because popping times depend much more on the freshness and moisture content of the kernels than the power of the microwave; this is true of every microwave. Similarly, when I'm thawing something I pay attention to the progress of it because again, the fat content of the food and how hard it's frozen makes all the difference in timing. I suspect there are fancy convention microwaves with thermal probes that allow completely mindless use, but that kind of ultra high-end microwave isn't what I want or need.<br /><br />I've been using an earlier model of this microwave for three years with absolutely no problem. I can't speak to specific reliability of the model here, but mine is the same in layout of controls, form factor, etc, so I would not hesitate to buy this one. In factI'm very tempted to buy one of these for the office and get rid of that annoying Emerson once and for all.	2014-12-14
US	45022783	R18UYT7J7JPE3	B0075WD256	382996417	Koldfront 6 Place Setting Portable Countertop Dishwasher - Black	Major Appliances	5	1	1	N	Y	What can I say about this other than I love it. I was able to hook it up ...	What can I say about this other than I love it. I was able to hook it up by myself (no hubby assistance). It was larger and heavier than I thought it would be (needed hubby assistance). So far it is running great. It does take a bit for a cycle to complete, but who cares I am not washing anymore dishes.	2015-02-28
US	48267856	R2DX1L6RM44JQU	B008UEJS7Y	683935537	"Golden Vantage 30"" Under Cabinet Stainless Steel Range Hood GV-R01-75 With Baffle Filter"	Major Appliances	2	1	1	N	Y	physically it looks nice, stainless steel	physically it looks nice, stainless steel, remote function, soft touch etc.<br />BIG problem is once you are going to cook for a long time the machine starts to put stress on the electrical board than causes it to malfunction-- the solution &#34;unplugged it then plug back in&#34; if you're lucky it might function again.  hope they will resolve the issue.<br />honestly I can't recommend it	2015-07-12
US	3610901	R1NLBL521K9IXD	B006LZQZPW	485798707	Defrost Heater for General Electric Hotpoint Wr51x10055 (1, Defrost)	Major Appliances	5	0	0	N	Y	Five Stars	Good job	2014-11-21
US	1711697	RVKA23EWLLHAC	B002BBDHR4	512583087	Broan 422401D Under-Cabinet Range Hood with Damper	Major Appliances	5	6	6	N	Y	Budget, but looks nice	For the price, you cannot beat the appearance of this range hood. It is a very basic range hood with a light switch on/off button, and a high/off/low fan speed switch. What I do not understand is how this range hood can be sold at such a low price and yet have such a nice brushed stainless finish. I am a well pleased customer.	2015-05-11
US	25336180	R26IYY0SAKWOH3	B001TIZKIY	59523683	Whirlpool WHIRLPOOL P# 6-918873 / W10224675 SILVERWARE BASKET	Major Appliances	5	0	0	N	Y	It has several dividers and works great. I really like it	This silverware basket does just what I need. It has several dividers and works great. I really like it.	2014-08-07
US	48733754	RHLAM66C8VOB3	B007OK6PQ2	896088372	Winter Day Custom Dishwasher Cover	Major Appliances	5	0	0	N	Y	Five Stars	It's a great cover...beautiful scene!	2014-09-11
US	33897201	R3L7YB0OXYHVZR	B004Q0SUVQ	263907579	"Broan S99010271 Aluminum Filter Washable for use with 10"" utility ventilators"	Major Appliances	5	1	1	N	Y	this is a great addition to the broan exhaust fan I purchased-I recently ...	this is a great addition to the broan exhaust fan I purchased-I recently cleaned it all it took was a bit of dawn and all the grease came right out. I definitely recommend this as a add on to the broan fan if you plan on using it in your kitchen	2015-08-29
US	51339538	R2CKN2R0DH5M4W	B00CVF5ZM0	908835640	Panasonic U905265C Stainless Steel Microwave Oven, 1.2 cu. ft., 1200W, Silver	Major Appliances	2	2	3	N	N	Stay away	Piece of crap. Worked for less than two years. Warranty good for only one year. I recommend you steer clear of this item.	2015-06-27
US	40009248	RMWEP2VMCRQ9J	B00HT39KVQ	387329429	4 Pack Tier1 Whirlpool 8171413, Kenmore 9002, EDR8D1, 469002, 8171414 Replacement Fridge Filter	Major Appliances	5	0	0	N	Y	Five Stars	Works like a dream ..... at a fraction of the cost .... THANKS	2015-06-03
US	20078634	R3C6EO9V073X5P	B00DNSO41M	316513931	Haier  Wine Cellar with Electronic Controls	Major Appliances	4	0	0	N	Y	it works as advertised and I'm happy with the product	This works very well, I just wish the feet were adjustible and there was a light on the bottom portion of the unit. Other than that, it works as advertised and I'm happy with the product.	2015-03-19
US	26125181	R3V0DTFDLYX3NX	B004407R58	281105543	GE Profile PT960SRSS	Major Appliances	5	0	0	N	N	This oven is amazing. It's so easy to use and cooks great	This oven is amazing. It's so easy to use and cooks great. The racks slide out easily. The oven is easy to clean both inside and out.	2015-02-02
US	17192378	R1BZBO6RPXXC8U	B001CWDZYI	334904569	Danby DCF700W1 7.0 cu.ft. Chest Freezer - White	Major Appliances	5	0	0	N	Y	great buy	Have had this for a year now. No issues. Freezes food. Great buy for the cost. Would recommend.  Still can't figure out how to organize it properly though.	2014-11-05
US	12499133	R1JAM7LPMURGK1	B00CM6J45M	133221726	"Bosch SHE53TL5UC 300 Series 24"" Wide Built In Dishwasher With Recessed Handle 46 dBA SpeedPerfect RackMatic On The Upper Rack Ergonomic Electronic Controls AquaStop and Energy Star Rating in Stainless"	Major Appliances	5	1	2	N	N	Love it	We bought this dishwasher on the recommendation of our local appliance store.  So far, we're thrilled with it.  It is so quiet, and our dishes come out sparkling clean.  The stainless steel construction makes this a really solid machine, and our dishes are SO much dryer than our old plastic-tub GE.  It does take 2 hours to complete a clean cycle, but it's so quiet that it doesn't matter.  We are in a very small apartment and we can run it and still watch TV comfortably.  In fact, we don't even notice it's on.  We do use the recommended Finish detergent tabs and rinse aid - turns out, sticking with these products will actually make a big difference in how well the machine cleans.  I guess Cascade changed their formula years back and many dishwasher manufacturers don't recommend that product any longer.  After 2 other dishwashers in 5 years, I'm happy to do whatever to keep this one working well for the long haul!	2015-05-06
US	51238890	RGYAWYID5MFUO	B00DEAL854	270240841	Newstone Sodium Polyacrylate - Superabsorbent Diaper Polymer (White, 0.38mm granulars, 50g,1.76oz.)	Major Appliances	3	0	2	N	Y	not for off-label use	Not really what i was hoping for, as i formulate cosmetic products and was looking for something to create a clear smooth gel. The actual gel was a little clumpy, difficult to get rid of a slight graininess, but in all fairness, that wasn't what it was advertised for. It DEFINITELY absorbed tons of water, tho - pretty amazing.	2014-11-24
US	19377611	R1BCQSHGMGQANO	B00009W3HD	570720507	Deflecto Dryer Lint Trap Kit, Supurr-Flex Flexible Metallic Duct	Major Appliances	1	1	1	N	Y	"The issue is the very poor quality of the plastic ""box"""	The issue is the very poor quality of the plastic &#34;box&#34;. The plastic is so thin and flimsy that the lid does not easily fit in place - putting it on while there is water inside is nearly impossible and very inconvenient. There is so much flash to be removed that you should plan to spend an hour or more with an Xacto knife to fix it. I've had products similar to this before and found them useful, but the poor quality makes this model unacceptable.	2015-02-05
US	23190899	R1ZFASYWE1571Z	B00CQ1O3NG	601997392	Whynter 20 Bottle Thermoelectric Wine Cooler with Black Tinted Mirror Glass Door	Major Appliances	5	1	1	N	Y	What a nice wine fridge	What a nice wine fridge! We got this for a fundraiser and were very surprised at how nice this looked.	2015-06-03
US	16362791	R7QPXWSKVMIJ6	B004Y264RI	167042936	KitchenAid KBFS25EWMS Architect Series II 24.8 cu. ft. French Door Refrigerator - Stainless Steel	Major Appliances	1	0	0	N	N	Don't Buy	Don/'t buy this thing has more bugs then the Amazon, really, say away.  Freezer leaks constantly, ice maker is hit or miss, other than that it looks really great.	2015-07-09
US	22608246	R3T4TXY06GRMVP	B00KC8Y2ZE	31000039	Igloo Ice Makers.	Major Appliances	5	8	10	N	Y	I purchased this for our summer home and we love it. Just plug it in	I purchased this for our summer home and we love it. Just plug it in, fill up the reservoir with water and press start. It gives us all the drinking ice that we need. Quiet operation. Would definitely recommend.	2014-07-08
US	22735632	R1L4OFTQC88AJM	B001PGV8KO	112791101	"GE PP989DNBB Profile 30"" Black Electric Smoothtop Cooktop - Downdraft"	Major Appliances	5	0	1	N	Y	Five Stars	Just like we expected.	2014-08-17
US	20367076	R3U0ES3N3OXM9	B008493LD2	290591097	31.6 cu. ft. French Door Refrigerator With High-Efficiency LED Lighting Twin Cooling Plus System Surround Air Flow CoolTight Door Water Filter & In Stainless	Major Appliances	1	8	8	N	N	Huge mistake	Purchased Samsung RF323TEDBSR in June 2013.<br /><br />On November 21, 2013, under the 1 year warranty. Called Samsung about a cracking noise and<br />air leakage at door.<br /><br />They approved and sent out a 3rd party company called United State Appliance.<br />After United State Appliance attempts to call 3 times to make an appointment, you must call Samsung again to request a service order!<br /><br />He replaced the left door seal that became damaged or a manufactures defect. Samsung said the loud cracking noise is normal expansion and contracting noise.<br /><br />There was and still is a very loud squealing noise when opening the freezing drawer. It’s from the upper tray in the freezer. Called Samsung and they said it’s normal and can’t be repaired.<br /><br />There's 2 ice cube making machines. 1 on the door and 1 inside the bottom freezer. The one on the bottom freezer is really loud when the ice cubes dump into the plastic tray.<br />The nice thing is this refrigerator is huge with lots of space and nice LED lighting. They shouldn't have wasted space on the water filter when it could be install outside of the refrigerator behind in the drywall pocket cutout or at the reverse osmosis filtration system. I'm not into drinking tap water or just using a 1 stage filter from Samsung.<br /><br />In August 2014, I noticed the freezer door was really crooked, about ¼” gap at the top of the pull out freezer drawer while the bottom part had no gap when the door is fully closed.<br />And the now the right-side refrigerator door seal was leaking air.<br /><br />On September 17, 2014 I called Samsung customer service. They said it’s out of warranty and will have to transfer me to Executive customer service department.<br />There they approved a one time warranty extension. Service transaction number: 4126641969<br /><br />This time a 3rd party appliance company called<br />Service Quick, Inc<br />18655 Bishop Ave Carson, CA 90746<br />(310) 747-1360<br /><br/>On October 3, 2014 a repairman Raymond (senior tech) from Service Quick came out and found an error code regarding the defroster sensor. Oh that’s why some of the food in the refrigerator had ice on it!<br /><br />He replaced the damaged refrigerator right seal.<br /><br />About the bottom freezer door being crooked and leaking air. Raymond said it can’t be repaired and it’s not a problem. Unbelievable really!<br /><br />Called Samsung Executive customer service department about the leaking bottom freezer door. First lady said it’s normal and not a big issue and will not do anything about it. She was mean and rude.<br /><br />A minute later, I talked to a different guy from the Executive customer service department. He was really nice and concerned. He said Service Quick didn’t put in their report that the bottom door leakage was “non-repairable”.<br /><br />So I called Service Quick and they said they will not put “non-repairable” in their report. Cold air is leaking, there’s a gap of about ¼”!<br />Their reason? They said it’s not an issue and to call Samsung and request another repair company.<br /><br />It looks like Samsung and the 3rd party repair companies have some agreement to cut Samsung expenses?<br /><br />The refrigerator is new with so many problems. It wasn’t cheap! $2500! I can see if it was a cheap refrigerator but it wasn’t.<br />You only have 1 year to find any problems. After that there’s a possible one time extension.<br /><br />I thought Samsung being the largest tech company in Korea and heard good things about Samsung TV and cell phones that the refrigerators would be quality also. I thought wrong. Best to stick with quality American made (getting difficult to find but they’re out there), Japanese or German.	2014-12-31
US	33224073	R1QJVNDARZR0P3	B0052G14E8	423421857	Danby 0.7 cu.ft. Countertop Microwave	Major Appliances	2	0	0	N	Y	It's tinny.	It's kind of tinny.  Probably just too small . The latch for closing the door sticks so you need to slam the it,  and the whole thing shakes.  I'm already prepared for itt o die, and I will buy a larger and more expensive one.	2015-06-01
US	7452015	R1WN8VROHJFATC	B00H9HS3BK	318894136	LP 280187 8181684 285998 Whirlpool Kenmore Washer Drain Pump & Filter Assm	Major Appliances	5	0	0	N	Y	Perfect fit!	Ordered for my Kenmore HE3t washer and it worked great! Perfect fit!	2014-09-18
US	24486106	RQNQ3Y59GCUDX	B00HYHHU2S	228540892	GE Washer and Dryer White Touch-Up Pen	Major Appliances	5	1	1	N	Y	Five Stars	COVER RUSTY METAL VERY GOOD INDEED.	2015-05-23
US	17143651	R3KL04QUP4QN68	B00NN136NQ	464779766	Samsung MC11H6033CT Countertop Convection Microwave with 1.1 cu. ft. Capacity, SLIM FRY Technology, Grilling Element, Ceramic Enamel Interior, Drop Down Door, and Eco Mode in Stainless Steel	Major Appliances	5	0	1	Y	N	Does the job.	Samsung Counter Top Convection Microwave, 1.1 Cubic Feet, Stainless Steel<br />by Samsung<br /><br />I like this. It has several very practical aspects to it and is easy to use. The only thing I would not expect out of it is a &#34;fresh fry&#34; like super crispy McDonalds fry. I suggest this more for a decent reheat use on fried foods. It came packaged nicely and arrived in great shape. Its functional. Nice looking and does the job.	2015-01-03
US	30676945	RLQA1NDZI7UUV	B00MPZRZCE	829473772	Keystone KSTRC312CW Compact 2-Door Refrigerator/Freezer, 3.1 Cubic Feet, White	Major Appliances	1	1	3	N	Y	damaged	came with a big dent in it	2015-02-21
US	37610419	R2SO1BLOKVGBR7	B000R8EK92	849580658	Emerson FR24SL 8 Bottles Wine Cooler with Thermal Glass Door, Stainless Steel	Major Appliances	5	0	0	N	Y	Five Stars	Excellent product, great transaction	2014-10-29
US	39665571	R30L2C1V41RZMN	B00GRSR5FM	16760731	Jarden Home Brands 1440082100 Plastic Freezer Jar, 8-oz., 3-Pk.	Major Appliances	5	0	0	N	Y	Versatile!	I bought these for putting homemade yogurt into. It was the perfect size. These containers are very versatile!	2015-02-12
US	18501927	R2R6VZKDE5LC88	B0092JSGXI	567327660	Panda Portable Compact Cloths Dryer Apartment Size 110v Stainless Steel Drum	Major Appliances	5	42	45	N	Y	Five Stars	Very good for apartment, small and easy to clean.	2015-06-25
US	19660035	RVBOKWNV3YM7Y	B005M2F07E	550337824	Avanti 3.1 Cubic Foot Beverage Cooler / Sylish Black Cabinet With Stainess Steel Framed Double-Pane Tempered Glass Door	Major Appliances	5	0	0	N	Y	I love this.	Center piece of my bar. I mounted this in the wall with plenty of space around it to vent. It's not designed to be under the counter or in the wall without venting<br /><br />It has a cool LED light in the top that you have to switch on and off inside the frig.<br /><br />It cools a little slow but also not a power hog.	2014-07-29
US	29412998	R2G2AOFQPE7LLL	B004ZUWBVW	423421857	Danby 0.7 cu.ft. Countertop Microwave	Major Appliances	5	0	0	N	Y	Great product!	Great little microwave!  Perfect for small spaces.	2015-04-24
US	11415081	RPFATT7PKBNDE	B000I00SEU	865297325	Broan 36W in. Ventless Under Cabinet Range Hood	Major Appliances	5	0	0	N	Y	Works great for me!	Does what it said it would do.  Not real noisy, pretty quiet.	2015-04-17
US	15231885	R3CQGLLP3A50PH	B004ZH8G7I	105682503	Samsung RSG307 30 Cubic Foot Side by Side Refrigerator with 2 Doors and Integrated Water & Ice,	Major Appliances	2	1	1	N	N	Doors will not stay closed	Do not buy a Samsung refrigerator! Worked great the first year and now nothing but trouble! The doors will not stay closed. It is hard to get the ice bucket back on. This is the worst purchase we ever made and I regret we can't trade it in for something more reliable.	2014-09-28
US	13215668	R23EMP2WUXN8Z4	B00JG7JKZE	72365437	Pack of 2 Dishwasher End Cap for Upper Rack Rail (Dish Rack Stop Clip) New OEM GE, Kenmore, Hotpoint	Major Appliances	5	1	1	N	Y	perfect fit for my 12 year old GE Profile	package came quickly, perfect fit for my 12 year old GE Profile dishwasher	2014-12-22
US	12994502	R2IH1Z49RO3537	B0055UBB4O	423421857	Danby 0.7 cu.ft. Countertop Microwave	Major Appliances	3	1	1	N	Y	Tiny Panel	Tiny numbers and letters on panel buttons. It was the size I wanted but couldn't read the panel!	2015-08-07
US	15388234	R1J6FW438JIRZN	B009L42J8M	734313255	NewAir AW-320ED 32-Bottle Dual Zone Thermoelectric Wine Cooler	Major Appliances	4	0	0	N	Y	... wish it went a little cooler (46 is as cool as it goes) but then I do like my ...	I wish it went a little cooler (46 is as cool as it goes) but then I do like my wine chilled and not just coolish.  It can be loud sometimes as well.	2015-08-25
US	8941427	R98XAVJS05A25	B00KJ07SEM	313983847	GE MWF SmartWater Compatible Water Filter Cartridge - Refrigerator	Major Appliances	5	0	0	N	Y	perfect water	seems to work as good as the GE brand . crystal clear , no chlorine odor, now i have had this filter on for 1 whole month and still perfect water pressure. i am very satisfied with this product and will purchase again. Hey..... who doesnt want to save $15-$20 these days!	2014-09-16
US	32431962	RNSVY7ZPH8H8V	B005HF61ZQ	183898547	"GE Cafe CGP650SETSS 36"" Built-In Gas Cooktop"	Major Appliances	4	0	0	N	Y	Stiff knobs	Would be 5 stars but some of the knobs are harder to turn than others.	2015-02-08
US	31277108	R2L55Z10QBUIU5	B00F57WGK0	160924062	Best Rated Portable Single Tub Washing Machine EZYWASH by BaseCamp Mr. Heater F235883 (better value than Panda Small Compact Portable Washing Machine) + FREE BREO Skin Watch	Major Appliances	5	5	6	N	N	Excellent Quality	We use this washer in our apartment and it i wonderful. You can see how much dirt it gets out when you release the hose into the sink. You can rinse as many times as you need to until you feel the water is clear enough to indicate the soil has gotten out. This is especially easy for washing baby/toddler clothes and women's shirts.	2015-01-10
US	43317527	R1SJMA16VRIXGH	B00MM1R0MQ	836383881	LG LT600P and 5231JA2006A Compatible Water Filter - Refrigerator	Major Appliances	5	1	2	N	Y	So I will know more when I use them / I just put in a LG LT600P filter and I loved the price for the waterfall Filters	I put these up for future use . So I will know more when I use them / I just put in a LG LT600P filter and I loved the price for the waterfall Filters.	2015-06-22
US	42203303	R324AQQ8PWCOK6	B00LIAP2ZY	545041103	LG WM3997HWA Ventless 4.3 Cu. Ft. Capacity Steam Washer/Dryer Combination with TurboWash, TrueBalance Anti-Vibration System, NeveRust Stainless Steel Drum, Allergiene Cycle in White	Major Appliances	5	2	2	N	N	Great machine!	This machine is great. It has so many washing features from hand wash to bulky and everything in between. The dryer is a great as well. Sure it might take a little longer than a 220v dryer, but that is expected. I always fill the tub about 2/3 full with clothing and wash on the normal steam cycle. I found that setting the dryer to one hour is more than enough for me. However, it took me a little time to mess around and find the perfect balance. I found that if I come back to the clothes once every 20 minutes or so and shake the clothing and then reload it, it dries much quicker. I also use wool dryer balls that help reduce drying time.  FYI- to set to dry only, hit the dry button and move the spin button to &#34;no spin&#34;.	2015-07-12
US	26619948	RJXLYMNSWGXY7	B009AK62U8	563187213	Broan QML30SS Under-Cabinet Range Hood, 30-Inch 200 CFM, Stainless Steel	Major Appliances	5	19	21	N	Y	Great upgraded look and easy installatiion	Got this hood to update a townhouse I'm selling. Was happy to remove the 20 yearold bisque hood that was there and replace with this, which looks great with the new stainless steel appliances. Because the the hood electrics are on the right hand side and the oriiginal had it on the left I had to open up more of the drywall and drill through a stud to get the wires in the right location, but that is not Broan's fault. The hood looks clean and modern. Very nice. And I like that the bottom is closed in and the two halogens provide good amount of light or can be used as a night light in one of the switch positions. Amazon had it for a few bucks less than the big box store and i would have had to order it online at the big box store anyway, so its all good. Very happy overall. Thanks Amazon and Broan!	2014-06-30
US	2605563	RI20VYVCGSAUP	B0044R3LD8	734313255	NewAir AW-320ED 32-Bottle Dual Zone Thermoelectric Wine Cooler	Major Appliances	5	0	1	N	Y	Very pleased with this wine cooler	Very happy with this purchase..temperatures are consistently remaining 47 degrees for white and 50 for red. Sleek design..blue lighting look great. I waited about 3 hours before filling the cooler.  So far, so good.	2014-09-07
US	20222657	R1MJK4L3AGI7X7	B0052G51AQ	423421857	Danby 0.7 cu.ft. Countertop Microwave	Major Appliances	5	0	0	N	Y	Great value	I am on my second Danby microwave oven. The first was defective (it kept tripping my 20 amp circuit breaker), so I returned it for an exchange. The second one is working with no issues.<br />A few things: both microwaves were a bit noisy as the turntable rotated. I thought at first this might be a defect, but is doesn't seem that is the case.<br />Second, (and this is nit-picking), if you open the door immediately after the timer shuts the oven off, you still get 5 beeps, telling you that the cooking is complete. I hate that kind of beeping, so I typically shut the oven off with one or 2 seconds left on the timer.<br />The construction seems solid, the packaging is wonderful ( beautiful padding and double-boxing). For the price, I don't see how you could possibly go wrong.	2015-04-08
US	1125078	R30IGO5LJIPVK9	B00K1STQ1U	330864876	The pureWash Professional-Grade Ionic Laundry Purifier (Standard-Efficiency Washers) High Flow For Top Loading Washer units Ozone	Major Appliances	5	0	0	N	Y	We have been more than pleased with the pureWash-Grade Ionic Laundry Purifier	We have been more than pleased with the pureWash-Grade Ionic Laundry Purifier.  We actually purchased the High Efficiency product for our High Efficiency washer.  I have used 0 soap from load one and my cloths are looking cleaner with each wash.<br /><br />The one thing they could do better is:  In their installation instructions, inform the installer how to remove the front of the unit from the back of the unit.  This has to be done in order to secure the screw heads in the notches provided in the back of the unit.  After securing the screws in the provided slots, tighten the screws securely until the unit is snug against the wall.<br /><br />They infer this in the instructions but fail to tell you that the front must be removed or how to remove it.  Otherwise, we are very satisfied.  Thanks for a great product!	2014-10-28
US	31089804	R38D7B8358HPI	B00CDWTQKI	855136348	The Laundry Alternative Nina Soft Spin Dryer, Ventless Portable Electric Dryer. 3 Year Warranty, 127V, 60 Hz	Major Appliances	5	1	1	N	Y	I love this little thing	I love this little thing! It spins your clothes practically dry and without heat! Great for someone who washes garments by hand or for small loads. I also bought the Panda mini washer. They are perfect together!	2015-07-29
US	31253421	RSOHT1A1746SY	B00G9EHGDK	120993774	Panda Small Compact Portable Washing Machine Pan30 Drain By Gravity	Major Appliances	3	3	3	N	Y	Flawed but functional	The machine gets clothes clean and is not a complete fail but does have a few flaws, the first being odor.  The plastic smells VERY bad and makes my small home smell like a tire showroom. So glad I purchased during summer so the windows can stay open!  The machine leaks quite a lot during washing/rinsing - water runs down the back and also from where the drain hose is connected. Not a big issue for me as I set it in the bathtub to use it. I've seen other reviewers write that they are using a tablespoonful of detergent.  I use a HALF TEASPOON and still end up needing to do multiple rinses. The rinse water is so soapy it can be used to wash another load before draining the machine. Use caution washing those favorite old t-shirts with a small hole or a frayed collar - they will be shredded if you don't put them in a laundry bag.  I have yet to find bags that will stay closed, or hold up for more than a couple of washes. The lint trap is for decoration only. The little spin dryer is terrific and clothes finish drying quickly after hanging.	2015-07-15
US	2239817	R110BGB2Y055BA	B00146IJDY	356481955	Broan F402401 Two-Speed Four-Way Convertible Range Hood	Major Appliances	4	0	0	N	Y	pretty straight forward	Fit right in. No problemo. Then we moved, no complaints from new tenants.	2015-05-13
US	48410107	R2HSK3RX29ITI	B00JDS9Q3C	96800029	Cloth Dryer Exhaust Filter for Sonya/Panda/Avant	Major Appliances	5	0	0	N	Y	Exactly what I needed for my Magic Chef portable dryer	Exactly what I needed for my Magic Chef portable dryer. Could not find these on their website so these are exactly the same as the one that came with the dryer.	2015-08-14
US	23137710	RS66WA0YZ1YD	B00KJ07SEM	313983847	GE MWF SmartWater Compatible Water Filter Cartridge - Refrigerator	Major Appliances	5	0	0	N	Y	Five Stars	installed easily and have had no issue with it.	2015-05-19
US	39375918	R135VCA1U1ETSC	B00KREVBI4	63905728	LG LSC22991ST Counter Depth Side-by-Side Refrigerator, 21.6 Cubic Feet, Stainless Steel	Major Appliances	5	9	15	N	Y	Love it! Although this unit is too delicate to ...	Love it! Although this unit is too delicate to be handed by kids or careless teens. Otherwise it is beautiful and spacious.	2014-11-24
US	14297006	RRGZGBQ2QGH7	B00FRJ5EWS	137548022	2016 Life Water Ionizer Next Generation M9 Counter-top	Major Appliances	5	0	0	N	N	Great machine	Great machine! Very happy with it and my family and i have been using for years. Even our pets drink the water and we couldn't imagine drinking anything else! Customer service at the life center is very good as well and there to help when you need it. The water has made a huge improvement on our overall health and I cannot speak highly enough about the power of alkaline water for great overall well being!	2015-03-13
US	11715684	R3C08LPTIBOSBK	B0044FTUW6	114061933	"Deflect-O Ultra Seal Dryer Vent 4 "" Dia White"	Major Appliances	5	0	0	N	Y	Five Stars	works well	2014-09-21
US	25631929	R1EXMVB9L7WAAG	B009RPGPVW	514080592	Dryer Belt for Whirlpool 8183101 PS1486209 AP3964466 416001601	Major Appliances	5	0	0	N	Y	Five Stars	Worked great. Dryer back in business same day shipped. Pretty quick to put back in too.	2014-07-29
US	19120625	R20CNPX4HVNX7Y	B001EY66CM	906039203	SAMSUNG DC64-00519B DOOR-LOCK S/W GW-PJT OEM Original Part	Major Appliances	5	0	0	N	Y	The Right Part	This is the right replacement part, it's heavier construction and less likely to break than the OEM part.  Arrived reasonably fast and was installed in a few minutes. Thank goodness for YouTube video descriptions on the install.	2015-06-19
US	42256100	R1NB4B61V5G36Y	B00AF7U2VA	293680113	LG Refrigerator Water Filter (5231JA2002A, LT500P)	Major Appliances	5	0	0	N	Y	Five Stars	Easy way to get new filters.	2014-12-21
US	35109853	R20PL4CWFL34RM	B00LMVFIP8	29253752	SAMSUNG NX58H9950WS Slide-In Gas Range with 5 Sealed Burners, 30-Inch, Stainless Steel	Major Appliances	5	5	55	N	Y	I just bought this thing so I can use the interface as my teleporter panel...	It used take me like 3hrs to cook some eggs, now I just throw em in there and this stove cooks the s*** out them... in like 5mins mmm, mmm,mmm!	2015-01-29
US	28231123	RIO4A9CVPFAE8	B002ZNNDHC	429716189	Whirlpool WHIRLPOOL 2202807W REFRIGERATOR DOOR HANDLE	Major Appliances	4	0	0	N	Y	Just exactly like the original	I just feel that thirty five bucks is a lot to pay for a little piece of plastic.  But they had it and I didn't.  I guess that the basis for all economics.	2014-06-02
US	17496871	R1X2WOTF5QFWLE	B00GPA0ZEU	172688453	PART # 349533, 6602-001655, LB279 CLOTHES DRYER BELT FOR SAMSUNG AND KENMORE	Major Appliances	5	0	0	N	Y	Five Stars	Works great. Easy to install.	2015-07-03
US	48416043	R28Z1PY49BQIWZ	B00GXHLJ3Q	344333803	LG H/E Ultra Large Capacity H/E Top Load Laundry Pair *In Granite Steel Finish* with WaveForce Technology WT5170HV DLEX5170V (ELECTRIC Dryer)	Major Appliances	5	1	4	N	Y	latest technology...great price!!!	I bought this set of washer and dryer for my wife. We have had our current set for many years, so we were ready for a new set. This set was perfect for our new.	2015-06-15
US	18321220	R1AZ5N6BXENQQ5	B00570RKTW	586441756	1 X NEW Replacement Part - Whirpool Dryer Thermistat Kit Part# 3977393	Major Appliances	4	0	0	N	N	wow it worked	Wow it worked as advertised. One of the few times I haven't had to fix it before I used it	2015-01-07
US	14264479	RPKA0Z7JF5MIL	B008B7X1TQ	356286951	"GE Aluminum Range Hood Filter - 6-1/8"" X 23-3/8"" X 3/2"" - WB2X8379"	Major Appliances	5	0	0	N	Y	good part	Same as original. Good buy.	2015-01-03
US	19187454	R37CV45NTNGNPS	B00NQFSSWS	692404913	Samsung Counter Top Microwave	Major Appliances	5	0	2	N	Y	Great Buy!	I gotta say... This microwave looks slick in my kitchen. Nice LED display... Sleek metal Samsung look... Goes nice with my new Samsung Washer and Dryer set ;) Also works great and the controls are laid out intuitively!	2015-02-16
US	12764186	R3V6BYXPZ9F1CR	B005DNT7L2	676407672	Samsung Assembly Pump Drain Bigb Part # Dc96-01585D	Major Appliances	5	2	2	N	Y	Replaced 4 year old drain pump	Needed to replace my drain pump in 4 year old washing machine because of water not being pumped out of drum (getting &#34;nd&#34; error). Installed this myself and started my washer and everything has been working great since. Much cheaper solution than calling a repair person.	2014-07-08
US	28050498	R3BQNVDEQ9620L	B001F8KUVK	140961810	Whirlpool Part Number 8268866: Basket, Silverware	Major Appliances	5	0	0	N	Y	She loves it and said it fit great! The price was cheaper than any we could ...	I bought this for my mom's dishwasher as someone took it when they moved out.  She loves it and said it fit great!  The price was cheaper than any we could find locally also.	2014-07-05
US	18066939	R3GN9EEKCWD85M	B00FBJC2J2	940587602	SquareTrade 3-Year Large Appliance Protection Plan ($500 - 600)	Major Appliances	2	3	3	N	Y	THE FREEZER COMES WITH A 18 MONTH WARRANTY, I ...	THE FREEZER COMES WITH A 18 MONTH WARRANTY, I CALLED SQ. TRADE ABOUT STARTING THE WARRANTY AFTER THE MANUFACTURER'S WARRANTY RUNS OUT & THEY SAID THEY COULDN'T DO IT SO I CANCELLED THE 3 YR. WARRANTY, WHY SHOULD I PAY THE MANUFACTURER FOR THE 18 MO. WARRANTY & THEM TO. IT JUST DOESN'T SEEM WRIGHT!	2014-12-16
US	52258881	R216291P1L5YCW	B0041432M4	250320118	Fisher Paykel DE62T27DW2 AeroSmart 6.2 Cu. Ft. White Electric Top Load Dryer	Major Appliances	4	0	0	N	N	This dryer is great.	My wife and I really like this dryer.  We have owned one for several years without any problems.  We recently purchased a new home that came with a regular front loading gas dryer - we hate it.  We plan to replace both the washer and dryer with Fisher & Paykel units.  The only minor inconvenience with this dryer is waiting for the drum to return to the correct position before opening if something is to be added or removed mid-cycle.  I like the fact the drum changes directions.  Sheets and other larger items don't twist together.	2014-06-27
US	28277237	R1WD4TEFETEDGJ	B00MVVI1B6	732029374	Midea WHS-87LB1 Compact Single Reversible Door Refrigerator and Freezer, 2.4 Cubic Feet, Black	Major Appliances	4	10	11	N	Y	What I like about this refrigerator is that it is very quiet ...	I purchased this product a month ago for my office because it met my size and cost demands.  What I like about this refrigerator is that it is very quiet (almost undetectably quiet) and does not disturb conversations I am having with clients.  Also, because it is black and not very deep, is fits well under my desk and is relatively unnoticeable. The materials used to build this product are not of great quality, but they serve their purpose.  The refrigerator came slightly damaged (the back had a small crack due to shipping).  Overall, I would recommend this product.	2015-06-01
US	35749150	R1TRQDJ1YRBAFG	B004C3U0MY	425669124	1 Inch Rusco Spin-Down Sand Separator Replacement Filter Screen FS1-RE	Major Appliances	3	0	1	N	Y	Wish it filtered better.	We have nothing to judge it against but we have to keep rinsing the sand from it.  Wish it filtered better.	2015-02-27
US	21389234	R35RE54ZPHIKJ6	B008B80FYY	368913644	"Aluminum Round Dome Range Hood Filter -10 1/2"" Round x 3 1/4"" Rise"	Major Appliances	4	0	0	N	Y	It could have also been packed better, since there was no extra support to keep ...	It arrived a bit crushed, but that could have just been the lack of care from the delivery service. It could have also been packed better, since there was no extra support to keep the domed shape from getting flattened. I was able to reshape it and it for perfectly.	2014-12-10
US	2720122	R3KEX7P63QKDY1	B00XYVEA2Q	926385357	ARKSEN Portable Mini Small Washing Machine Spin Dryer Laundry, 11LBS, White	Major Appliances	4	0	0	N	Y	Four Stars	I love it	2015-07-20
US	48855610	RVMNNODVXP71B	B00EU7AMX4	991090482	GE PVM9179SFSS Profile 1.7 Cu. Ft. Stainless Steel Over-the-Range Microwave - Convection	Major Appliances	1	8	9	N	N	Failed after 2 years..	It lasted 2 year.  I thought I would pay more and get a better product - wrong.  The microwave wont heat and just runs and runs and runs.  $300 and someone will try to fix it - Thanks GE for a product that fails!  I will not buy from GE again..what a waste of money, time and a relatively new microwave now is garbage..	2015-08-26
US	30665302	R2IAQIMS03ULT0	B004C3Z6CI	682466751	"Rusco 2"" Spin Down Water Filter 100 Mesh"	Major Appliances	4	0	0	N	Y	Four Stars	great	2014-11-08
US	6076474	R5P9Y1RWN3LZV	B00IY7BNUW	874236579	Avalon Bay Portable Ice Maker	Major Appliances	4	0	0	N	Y	Took it to the Bahamas where where ice is expensive ...	Took it to the Bahamas where where ice is expensive.  Made our money back in the month long trip.  May go the next size bigger as this unit could not keep up with our drinking!	2015-07-15
US	49723258	R3D7NJUI4PF2BP	B00D8G49D2	86682805	OEM Genuine Factory Whirlpool Kenmore Sears Roper Estate Maytag Clothes Dryer Heating Element 279838	Major Appliances	5	0	0	N	Y	worked great	This product is just what I needed and works great. Easy to install and got a great price. Super fast shipping made this purchase great!	2014-05-22
US	50777990	R2JKF3OHU4DQ8T	B00NO64P5I	312696907	EdgeStar Large Capacity Portable Countertop Ice Maker	Major Appliances	4	2	4	N	Y	The only draw back is the led reading panel is not as bright as to make it easily read.	So far this ice maker has performed as indicated and I am very pleased with the output of ice. The only draw back is the led reading panel is not as bright as to make it easily read.	2015-02-12
US	39519473	R1ZRQHBE9QOTYR	B003RCBW64	100118510	Samsung RFG293 29 Cubic Foot French Door Refrigerator with 3 Doors and Integrated Water & Ice,	Major Appliances	1	2	2	N	N	DONT BUY! The ice maker has been replaced twice ...	DONT BUY!<br />The ice maker has been replaced twice in one year, and has just stopped working again.  It is also very loud.  Shame on you Samsung	2014-12-21
US	3108657	RN2V4DT1TEMRT	B00HC3785I	412515333	Outdoor Picnic Basket Portable Cooler Bag 46*25*33Cm	Major Appliances	5	0	0	N	N	Great!	Great! It held lots of things and kept everything cool. It looks so much like an old time picnic basket but it's very modern.	2014-06-19
US	5575227	R3C78QHZSSHDCM	B00DNGR6JQ	86014196	Kenmore Gas Range Oven Stove Ignitor Igniter 316489401	Major Appliances	5	0	0	N	Y	Kenmore Ignitor	The ignitor was used for my Kenmore Gas Stove and worked perfectly.  Easy to install and 1/4th the cost than the ignitor offered by Sears!	2015-01-09
US	24084241	R2YM4AQNYM13Q3	B00SP2K370	773355966	Swash Express Clothing Care System	Major Appliances	5	3	6	N	N	Great item	I have had this machine for around six months. It works as advertised. It saves me a lot of trips to the cleaners. Once you learn how to hang your clothes in the machine correctly, its easy to use. It's not a cheap piece, but I didn't buy it to save money. I bought it to save me from the hassle of packing up all my clothes and traveling to the cleaners and back every week. It accomplishes this perfectly. I would recommend it.	2015-06-11
US	50352187	R3HE0AS493SHK3	B0052F5O54	690397092	Danby DCR122BLDD 4.3 Cu. Ft. Designer Compact Refrigerator - Black	Major Appliances	5	1	3	N	Y	Nice deal	I recently moved to a different office that didn't have a fridge, and there were too many convenient stores and fast food places around. I decided to invest in this so I could eat healthier. The other people at the office appreciate that, too. It was easy to set up (take off all the tape and plug it in). It cooled very quickly, and keeps everything nicely chilled. I don't work in the same room with it, but when I go in there, I don't notice any detectable noise. I'm very happy with this purchase.	2014-05-11
US	20271311	R34PULOTMWWWDH	B004OLUEZ2	590076955	"Whirlpool W5CE3024XB 30"" Black Electric Smoothtop Cooktop"	Major Appliances	5	1	1	N	Y	An Excellent Cook Top	It is fast, easily adjustable&#62; I had earlier considered an induction unit, but most of my cookware is copper, which precluded non iron cookware. Also, the radiant elements do not burn food at the bottom like induction. The low heat settings are nice.<br /><br />I actually prefer the knobs over touch buttons, because they are much faster, however, I wish the knobs were recessed, so the top was completely smooth,	2014-11-17
US	46205457	RF1LZ0NZTM5UT	B008DK5QNU	543208421	Whirlpool Part Number 7432P136-60: IGNITER (BAKE)	Major Appliances	5	0	0	N	Y	I disconnected the old one and connected this one easily. Job required a Phillips Head screwdriver and about ...	This item is exactly as shown in the picture and an exact replacement for my Maytag range.  I disconnected the old one and connected this one easily.  Job required a Phillips Head screwdriver and about 15 minutes.	2015-01-13
US	37587778	RWUIQU52AXE9F	B008L3CB8W	233573275	Kitchenaid KSC24C8EYY 35 1/2-Inch, 24 Cu. Ft. Counter-Depth Side-by-Side Refrigerator	Major Appliances	1	0	0	N	N	Beware	Beware beware. Read the reviews before you buy. Our ice maker sucks and destroyed our kitchen floor just after the warranty expired. Repairs don't work. Can't wait to get rid of it. Will never buy Kitchen Aid again.	2015-05-24
US	49512379	R105FFC8ZHSYCE	B0044R3LD8	734313255	NewAir AW-320ED 32-Bottle Dual Zone Thermoelectric Wine Cooler	Major Appliances	5	1	1	N	N	This is really awesome. We had a smaller one and it didn't ...	This is really awesome. We had a smaller one and it didn't last a year and it started making noise and we threw it out. This one is quiet and the look is very elegant, holds alot of wine and looks good in the family room. Also, customer service was great. I couldn't find my order number or tracking number or anything over the holidays (which is usually a real mess) and Christine, from customer service, tracked it all down for me and told me when it would arrive. It was there right on time. Thank you again.<br /><br />Yes, I would highly recommend them.	2015-01-04
US	517938	R1NMJ00HJEIJMM	B00EDS29GI	218830887	Versonel SPP155BDSS Smart+ Freestand Full Keg Kegerator Beer-Meister	Major Appliances	1	2	2	N	N	JUNK	If I could give this product negative stars I would, first issue is I can get fridge to go below 45 degrees. Second issue is if you leave it sit for a few days without tapping a beer the handle locks up extremely tight, to the point where if feels like it's gonna break when trying to get it to release.	2015-03-21
US	49250684	RPEXSFQ6XJP3B	B0034JD3XU	457700225	Whirlpool Part Number 2206671B: Grille, Overflow (Black)	Major Appliances	5	0	0	N	Y	works great	my old tray was disgusting. no washing could have fixed it.  this new one fits perfect and i have no issues with it.	2014-05-12
US	41307387	RA7XJFBG15XEM	B0052G51AQ	423421857	Danby 0.7 cu.ft. Countertop Microwave	Major Appliances	5	0	0	N	Y	Five Stars	one of the best micro-waves I ever had	2015-02-22
US	1225420	R2SC2QPLJ1P0JT	B00F23X8DQ	847660077	PART # 3387134 AND 3392519 GENUINE REPLACEMENT CLOTHES DRYER THERMOSTAT & BLOWER FUSE KIT FOR WHIRLPOOL, KENMORE, SEARS, ROPER, KITCHENAID, ESTATE, AND ADMIRAL	Major Appliances	5	0	0	N	Y	Very easy, with a great price.	What a great buy, both parts come together for a great price.  Super easy to install, and worked great.  Fantastic!	2015-01-15
US	30052219	R29WF73CT30AS6	B005EY11GO	503316029	InterDesign 255 00 Clean & Dirty Dishwasher Indicator	Major Appliances	5	0	0	N	Y	Five Stars	Love this thing,it really sticks on there,never falls off	2014-08-18
US	18094218	R192GF7O5IWOWY	B00JG8B42K	672722354	OnePurify RFC0800A Water Filter Replacement Cartridge, 2 Pack	Major Appliances	5	0	0	N	Y	Five Stars	Works wonderfully well. I almost immediately tasted the difference in my water/ice after it was installed.	2015-07-24
US	10328731	R3F2E4U6Q5NEHU	B001DHKBXU	759893791	Whirlpool Washer Lid Switch 3949238	Major Appliances	5	0	0	N	Y	The switch looks like OEM, no problem with installation	Got it on time. The switch looks like OEM, no problem with installation, so far works fine.<br />Great buy, highly recommend.	2014-10-18
US	41312740	R3149Q2E3ICX7L	B00GEED2VK	112238452	"LG ""Wild Cherry Red"" Steam Laundry Pair with Matching Pedestals and ELECTRIC Dryer (WM2650HRA, DLEX2650R, WDP4R)"	Major Appliances	1	2	2	N	Y	LG appliance and HC Cost apparently do not believe in ...	LG appliance and HC Cost apparently do not believe in customer service. Dryer did not work from day one and three service calls later still is in pieces in my laundry room. LG has not been cooperative and refuses to replace the defective unit in a timely manner, after more than a month of waiting they expect me to wait another ten days for a replacement. If you value your time, money and most of all sanity, do not buy LG	2014-12-31
US	17131890	R3N7U8XS3YDJ0O	B00KNL7RG6	872567548	NewAir WCD-200W Hot and Cold Water Cooler, White	Major Appliances	1	5	5	N	Y	Leaks!  Complete waste of money.  Do not buy.	Worst product EVER received from Amazon.  Do not buy.  It immediately leaked.  We tried a different bottle.  It leaked again.  They would not accept it back.  As engineers, we simply removed the back cover to see if it could be fixed.  Note to vendor:  duct tape will NOT hold water for very long.  This is a poorly constructed, cheaply manufactured product.  The plastic tubes inside were too thin, crinkled and poorly connected.  Do not waste your money or ruin your kitchen floor.  Do not believe the &#34;good&#34; reviews.  Do not buy.  We have to throw it away.  It was a complete waste of money.	2015-07-15
US	16228442	R1BCJSYCJNRX24	B000JLNBW4	582305048	Koolatron Coke Personal Mini Fridge	Major Appliances	5	0	0	N	Y	This little fridge is perfect. We fit a small regular creamer and a ...	Bought this to use as a tiny fridge for creamers next to the Kuerig at work.  Wanted something big enough to store creamer in, but not so big that it 1) would make too much noise for the people sitting around it,  2) would  take to much power to run and 3) MOST IMPORTANTLY-wasn't so big that people would put their stinky lunches in it.  This little fridge is perfect.  We fit a small regular creamer and a small almond milk creamer in it and that's about all that will fit.  Works great...keeps it really cold.  I'd recommend for this purpose.	2015-03-26
US	12209938	R2IPRH92T5A1EN	B00MMNNB2C	301121324	Stove Top Cover Oven Seam Protector Set of 2 - Heat Resistant Silicone Strip Protects Covers Guards Space Between Oven Top and Counter - Gap Stuffing Reduces Mess Stops Spills by Perfect Life Ideas	Major Appliances	2	0	0	N	Y	Two Stars	Didn't look good	2014-10-28
US	12160293	R1VNSGXJZR3QEV	B00409LEU2	393061890	Spt Dual-Zone Thermo-Electric Wine Cooler with Heating, 21-Bottles	Major Appliances	1	0	0	N	N	One Star	Looks nice, doesn't work.  Lasted about 10 months now the readings are 99 degrees.  Disappointed	2015-06-27
US	41612124	R2M94OSS0YJXIM	B00P819GK6	3603781	"WT5680HVA 27"" Top Load Washer with 5 cu. ft. Capacity, in Stainless Steel"	Major Appliances	5	17	23	N	Y	I'm very pleased and would recommend.	I've had this unit for about 4 months and absolutely love it!  It typically takes longer to do a load of clothes than my old front loader but I bought this for the capacity and the features.  It seems to do a better job cleaning than my old HE front loader and it is definitely a larger opening for the placement and removal of clothes.  The tub is huge/deep[ which can make it a challenge to get the clothes out if you have a height issue but you certainly can wash comforters and the like without a trip to the commercial machine at the Laundromat.  I have had no error codes or balance problems or failure to fully empty the water as others have noted.  From my experience I'd recommend it.	2015-04-12
US	26374359	R117SCFRKXS4AT	B0092JSGXI	567327660	Panda Portable Compact Cloths Dryer Apartment Size 110v Stainless Steel Drum	Major Appliances	5	0	0	N	Y	Five Stars	worked great	2014-12-26
US	17535580	R5NED15S03ERR	B00JG8B42K	672722354	OnePurify RFC0800A Water Filter Replacement Cartridge, 2 Pack	Major Appliances	5	0	0	N	Y	Five Stars	Perfect	2015-05-20
US	45351550	R31M9R1L3WZF3C	B00DYEBN82	722088639	GE JVM3150RFSS 1.5 Cu. Ft. Stainless Steel Over-the-Range Microwave	Major Appliances	4	0	0	N	N	It's actually quite good!	I am a little shocked by some of the, shall we say, less than flattering reviews here.  I've had this microwave for several months now and aside from a couple of things I'm pretty satisfied with it.<br /><br />My first nit is in installation.  On the top of the microwave are two bolts that are intended to attach through the beams of the cabinet that's over the stove.  OK so far.  The spacing between these two beams is pretty much standard, since the overhead space is standard to match the width of the stove.  OK again.  However, the bolts on the microwave are not symmetrical...they don't match the beam location.  If your setup is like mine and most houses out there (and my job was a simple replacement of an existing microwave), you will need to attach another support beam under that cabinet to hold the left side of the microwave.<br /><br />Another item, though this isn't unique to this microwave, is the power cord.  It's a standard power cable, so if you want the nice seamless look you'll need to install an outlet somewhere out of sight.<br /><br />Next nit is the operation.  I'm old school - I like to just punch in how many minutes or seconds and hit start.  This has a &#34;time saving&#34; interface, in that when you hit &#34;1&#34; it reads as one minute, &#34;2&#34; is two minutes, and so on.  But sometimes I want 45 seconds.  Sometimes I want 5 minutes and 37 seconds.  I'm weird like that.  But in order to punch in your own time you have to take an extra step of hitting &#34;cook time&#34; and then key in the time.  It's a first world problem, sure, but it's still kind of a pain.<br /><br />It does a good job of heating things up, the door is wide enough to allow for easy cleaning, and I will say that I've not had any issues with the thing turning on by itself or anything like that.  I'm happy with this microwave and I really do think it's a solid product.	2015-03-06
US	26618376	RZ3M7S6NKURU6	B0091W65AM	633425417	Koldfront Built-In 15 Inch Wide Clear Ice Maker	Major Appliances	1	12	13	N	N	Like others said the sheets don't break up as intended ...	Ok at first.  A little noisy compared to our old Scotsman.  Came with no instructions what so ever. Just a drain hose and a few clamps in a bag.  Installed unit ok and turned it on.  Ice was made fairly quick and dropped into bin.  Like others said the sheets don't break up as intended so be prepared to stab at the pile of ice to break it into smaller pieces.  Clear restaurant quality ice... not really.  Maybe at first but as the weeks go by the lower quality ice you get.  Hollow cubes with frost like finish.  Certainly not clear.  But who really cares up to this point because ice is ice and it goes in my glass.  The problems started after a month or two when I realized my nice built in under the cabinet installation was in fact leaking even though I had been very careful with the installation and check all connections the first few weeks. Turned out to be a poorly made connection at the factory between the water tray and tube.  I repaired the leak and dried out all the wet wood and floor.  A few months later a loud hum could be heard times.  It was making ice but at a slower pace.  I took it out and checked what I could and finally called repairman.  He changed the start run device and apologized saying the real problem was the cheap compressor and it would probably fail shortly.  Very prophetic young man.  When he returned for another appliance I told him the ice maker quit all together.  He did a quick check and verified the compressor failed.  Wasn't worth the cost to replace.  So there you go it's a 800$ boat anchor slash pile of cheap junk.  I hated to spend another 1800$ on Scotsman but then again the old one lasted for 12 years and did in fact make clear cubes.  Edgestar and Koldfront products appear to be made with the cheapest parts and out together quickly.  I could not recommend this product to anyone.	2015-04-26
US	36780378	R1YXAMBJC6C7NB	B00IY7B5CS	874236579	Avalon Bay Portable Ice Maker	Major Appliances	2	1	1	N	Y	The iceman cometh squealing and banging	Bought this unit in October 2014 and has up to this point worked flawlessly.  Four months later, it sounds like it is in its death throes.  From experience, I know these ice makers do not last long, but 4 months?  C'mon!  This is the least reliable machine I have owned; generally they last a year or so.	2015-02-28
US	31505467	R2M99QAX975OJC	B002ZWR194	892941206	NewAir AW-121E 12-Bottle Thermoelectric Wine Cooler	Major Appliances	5	2	2	N	N	Five Stars	Super quiet. Hold temp.  Have had this a few months so far. Very happy thus far.	2014-09-25
US	18948483	R5KV3KE7IVMMK	B002QV83RI	41205049	Wine Enthusiast Silent 18 Bottle Two-Temp Touchscreen Wine Refrigerator	Major Appliances	1	9	11	N	Y	Not a good product	I bought this product in April of 2013, and well within the first year, one of the fans malfunctioned.  I contacted Wine Enthusiast, and it sent me a replacement fan, although it now claims it had no obligation to do so, since I purchased this item from Amazon.  The replacement fan just died after only a few months.	2014-07-22
US	26024413	R1ZFKDAJLPBUR6	B002UYSHMM	429051224	Haier HLP21N Pulsator 1-Cubic-Foot Portable Washer	Major Appliances	5	1	1	N	N	An almost perfect alternative to the traditional washing machine!	I have had this washer for a year now and am finally ready to make my judgement.<br /><br />This is a great lil washer! I got this in a moment of desperation when I moved into my 3rd floor walkup that has no laundry facilities on site. The convenience has really made my life easier! I shudder at the idea of lugging all my and my boyfriends clothes to the nearest laundromat.<br /><br />It doesn't fit a lot but it's perfect for the basic laundering needs of a couple people. I do a couple loads a week, washing everything from clothes to linens, and hang everything to dry. It can't handle more than two bath towels at a time, but it's totally workable and in fact helps me not slack on consistently washing laundry!<br /><br />Large items do tend to make it go off balance easier, which can be a bit annoying because you have to adjust the items in there, sometimes multiple times in the same cycle. This mainly happens with full size sheets and duvets. However, it's not hard to do and it's SUCH a small price to pay for the convenience.<br /><br />Also, I am SO pleased about how clean it gets clothes! I was skeptical it could clean clothes properly (I am extremely picky about this), but honestly I see no difference compared to a normal washer. I love this thing!<br /><br />Lastly, the price is fair (think how much you'd spend at the laundromat- it paid for itself in about a year for me), it is easy to use and it had a very small footprint. I just leave it in my bathroom next to the sink and use whenever I want!	2014-05-26
US	23391350	RRSCOOOTVLCDS	B003SQ7I5S	835944606	MobileWasher - Hand Operating Washing Machine - Perfect for Camping, Dorms, Emergencies and more	Major Appliances	4	0	0	N	Y	Handy Mobile Washer	Handy mobile washer, but I've noticed that the head appears to unscrew easily. I've attempted to remedy this with plumber's tape, but still struggle to get the pieces to stay tight while in use. Also, the stick is somewhat short if you plan on using a bucket and standing. The length of the stick is intended for &#34;Sink&#34; washing. Otherwise, it appears to work and does seem to make hand-washing a bit more fun (albeit, I'm new to this whole experience and haven't gotten the correct detergent to water ratio to get my clothes clean AND soft). Please note: I use a spin dryer to dry my clothes.	2014-10-07
US	28756135	R1DKOLILOM3L0Z	B00GR4TH70	719407620	Smart+ Products SPP1500SBH Portable Electric 3-Element Quartz Infrared Heater	Major Appliances	5	1	1	N	Y	Five Stars	this little heater is a powerhouse in disguise.	2015-02-26
US	19487253	R1PX62SHI6HG8	B00JM0L3RI	554141561	81073 Kenmore Elite 9.0 cu. ft. Electric Dryer	Major Appliances	1	2	8	N	N	Don't buy a Kenmore Dryer	Don't buy a Kenmore Dryer. I've got a similar model to this one.  1. The gap between the drum and the housing is too big, clothes get caught there, buttons are pulled off. It's been doing this since the beginning. 2. After about 4-5 years it began beeping, and it WILL NOT STOP. Hit cancel, all the lights go out, walk away, then it turns itself on, beep-beep, 24 hours a day, 7 days a week. This seems to be a chronic Kenmore Dryer problem.<br />Now I have to either open it up and cut the wires to the beeper, or install a power strip so I can cut off all the power.  I will never buy another Kenmore appliance again.	2015-06-12
US	49703189	R6V2EDZ08HO0R	B00MM1R0MQ	836383881	LG LT600P and 5231JA2006A Compatible Water Filter - Refrigerator	Major Appliances	5	1	1	N	Y	Great filter and very fast delivery	Filter is easy to install and seems as though it won't leak (been 1 week so far). Water tastes great, though I have yet to formally test.	2014-11-14
US	645513	RK2KSHYK1211L	B005FD7Z82	434035580	The Laundry POD, White	Major Appliances	3	3	3	N	Y	hoping and having positive thoughts	Got it and tried it out right away. Really is for undies and socks or two items, possibly just a pair of jeans. My major concern is the same thing I have heard in my research. Plastic shavings occurring from friction when turning the top	2015-05-20
US	49622107	R1VB33NYIJ6KST	B004132GZE	214174437	KitchenAid Superba Architect II KUDS35FXSS Fully Integrated Dishwasher - Stainless Steel	Major Appliances	1	0	0	N	N	It has been the worst dishwasher we have ever owned	We purchased this dishwasher in July 2012.  It has been the worst dishwasher we have ever owned.  It periodically leaked; eventually we purchased a new door gasket.  Other items broke, such as the return clips.  The metal runs that hold the top shelf have what appears to be rust on them.  Most recently the top shelf was not being cleared.  Today the repair person told us that the chopper broke off to the shift.  The repair person said he had never seen anything like it.  We called Whirlpool--who is the actual manufacturer--the person basically said the warranty had expired.  To make the matters worst, this was the most expensive dishwasher we have ever owned.	2015-02-06
US	25521160	R5RPQ4NP6NYWO	B00HT39QDI	992475314	3 Pack Tier1 MSWF GE SmartWater Replacement Refrigerator Water Filter	Major Appliances	4	0	0	N	Y	Four Stars	It works, nothing overly exciting	2015-06-26
US	50319149	RR0Q28CK2L48K	B00EOLGZBO	808924631	midea HS-87L Compact Single Reversible Door Refrigerator with Freezer, 2.4 Cubic Feet, Black	Major Appliances	4	3	3	N	N	Perfect Secondary Refrigerator Storge	Fits our needs perfectly...sits under sink in &#34;mudroom&#34; so very handy for beverages on side porch...fits 3 12 packs of sodas, . 6 beers, water bottles, etc....just don't let cans touch small freeser unit...one can exploded!!!	2014-06-21
US	21470084	R1QJ1665UCLHVE	B00M7GMEYK	350114849	Whynter	Major Appliances	5	2	2	N	Y	Good small freezer	I needed a freezer and this one is just fine and not expensive.	2015-04-08
US	51735781	R6ZNY95DPUIBD	B00IY7B5CS	874236579	Avalon Bay Portable Ice Maker	Major Appliances	5	1	1	N	Y	Five Stars	Excellent ice maker for a small office setting!	2014-07-06
US	42341709	R2H5WY0YQFIAUY	B004L44EVC	341157884	"AKDY 30"" Under Cabinet Stainless Steel LED Display Touch Control Panel Kitchen Vent Fan Range Hood & Remote Control"	Major Appliances	1	2	2	N	Y	Loud! But looks great except for LED clock	First, this sucker is loud.  And it doesn't even suck that much air out.  For heavy cooking, I drop the baffles to clear out more air.<br /><br />Build wise, they definitely need to use some damping matter on the large pieces of stainless steel.  There is a lot of noise coming from metal panels due to vibration of the fans.<br /><br />LED clock, is only in 24 hr time.  And I have no idea how to adjust the minutes on the clock.  Best thing to do is unplug the machine, and plug back in when the hour comes.<br /><br />IF you actually cook and need something effective and quiet, look somewhere eles.  But if you want something pretty to match all your SS appliances, this is perfect.	2014-10-23
US	45536377	R2HZNSMUKXH9PL	B00CQ1O3NG	601997392	Whynter 20 Bottle Thermoelectric Wine Cooler with Black Tinted Mirror Glass Door	Major Appliances	5	0	0	N	Y	My fourth cooler and this one is the best. I have had it about two months	My fourth cooler and this one is the best.  I have had it about two months.  Quiet and maintains the set temperature.	2015-06-29
US	15208256	R3W51M9M9ST02D	B00RL014P2	6980707	The Laundry Alternative Super Compact 5.5 Lb. Capacity Full Automatic Washer with 3 Year Full Warranty	Major Appliances	5	2	2	N	Y	Wheels for washer.	Was wondering if wheels could be attached to the washer?  It would make it easier to move.<br />  Lucille Schnabel	2015-05-04
US	51750007	R21GSY3I09097O	B008OJ0S9W	412734891	Emerson Microwave Glass Turntable Plate / Tray 10 in 203600	Major Appliances	5	0	0	N	Y	Perfect	Fits perfectly.	2014-09-22
US	43015955	R1KO8SKTLRRMJF	B0052G14E8	423421857	Danby 0.7 cu.ft. Countertop Microwave	Major Appliances	5	0	1	N	Y	Five Stars	Great	2015-01-09
US	38796150	R26UXEKGMK2ZUO	B00CDR091S	613949698	Samsung OEM Original Part: DC97-16742A Dryer Case Lint Filter Assembly	Major Appliances	5	0	1	N	Y	Five Stars	exactly as pictured and described.. OEM dryer part that broke on our 1 year old dryer	2015-05-08
US	9954246	RS603WSTAE0HV	B00B2NPKRM	454581724	"Dishwaser Stainless Steel Film 26"" X 3'"	Major Appliances	5	0	1	N	Y	Five Stars	Very fast shipping. Just as advertised.	2015-03-24
US	44914335	R2P7VV4WK5B6F1	B00EAY540S	310042055	Panda Portable Compact Laundry Dryer Apartment Size 110v Stainless Steel Tumble	Major Appliances	5	8	9	N	Y	Panda Dryer	LOVE IT! Perfect for my camper. Does everything a dryer is supposed to do in a tiny, compact form. If you're questioning buying this, DON'T! This is the one	2014-06-04
US	11314334	R2J1Q0PDJ1B4X8	B000XB28HO	716535923	Danby DWC350BLPA 35 Bottle Wine Cooler - Platinum	Major Appliances	4	0	0	N	N	So far so good!	I was concerned about the mixed reviews but truth be told, all of the units that I reviewed had mixed reviews. Took a chance on this unit due to the capacity and price point. Left it sitting upright for 6+ hours like another reviewer instructed then plugged it in. The temperature dial takes a bit of tinkering. I dialed it up till I heard the compressor turn on, then turned it down a bit. It became apparent that the unit had turned off so I ever so slightly turned it up till I heard the compressor again (barely on = quarter turn of the dial). Used a humidifier/temperature gauge to check the temperatures between the rows. The top of the unit stayed stable around 59-61 degrees F, the middle of the unit around 55 degrees and the bottom of the unit about 52 degrees. Reds on top, whites in the middle, aging craft beers on the bottom. Temperature has stayed consistent for the past 2 weeks....so fingers crossed that it keeps up. Being in the Hawaiian heat and humidity we really needed to keep temp control on our liquid loves, so far so good!	2014-08-04
US	13706318	R1IV4R6ZQVZ9B7	B00AMFM7KO	534635934	EdgeStar Deluxe Mini Kegerator & Conversion Kit	Major Appliances	3	0	0	N	Y	Three Stars	Kind of a pain keeping the CO2 consistent.	2015-07-30
US	9895078	RWL8F8XOKDT5U	B00J5OXPX6	898031836	WaterSentinel Replacement for GE RPWF Filter Cartridge, 3-Pack	Major Appliances	1	2	3	N	Y	Filter leaked	I have a GE with the French doors and I was disappointed the filter leaked. I read the reviews and checked for a leak but didn't see anything.  My filter lays on its side.  About a week later I saw some water.  The filter began to slowly drip. The connection at the top of the filter was slightly different than my GE filter and enough to cause a leak.  I returned the product.	2015-04-09
US	11607729	R16HO4G3YYLTIZ	B001AT2ALM	364403440	Koldfront Ultra Compact Portable Ice Maker - White	Major Appliances	3	2	2	N	Y	Good price but...	It's like the air ice that melts fast in ur drink if u take it rite from the ice maker. And the reviews weren't wrong, when u put the ice in the freezer it's almost impossible to break the ice up. FYI I put the ice in a double plastic grocery bag & when I need ice I slam the bag on the cement ground to break it up.	2015-08-22
US	50106887	R3E72MSCKAW742	B0039D34IK	240765298	"AKDY 30"" Wall Mount Range Hood AZ-D05-75 Stainless Steel Vent Hood W/Remote"	Major Appliances	5	0	1	N	Y	Awesome product!	I love this product.  The looks is sleek and I use this as ductless so I did not have to cut holes in the ceiling.  The noise in high mode is loud but the overall functionality makes up for that.	2015-06-07
US	49037722	R3JRS700EG7C8L	B004SUXZ5U	682359522	Avanti 12-Bottle Thermoelectric Counter Top Wine Cooler	Major Appliances	2	1	1	N	Y	Didn't work.	Didn't work and had to return it.  None of these things seem to work regardless of which manufacturer you buy.	2015-05-27
US	47523166	R2DV3D0GCH79AS	B003XEUEPQ	768882843	Frigidaire 131763202 Door Latch and Switch Assembly for Front Loading Frigidaire & Kenmore Washers	Major Appliances	4	0	0	N	Y	Saved me a lot of money	Odd that a door latch is so vital to a washer but if clothes are coming out wet and tub won't drain this is what you need.	2014-11-15
US	17759730	R1P2K5P8AU6U5Z	B0011YNH2W	719224200	GE FCM7SUWW 7.0 Cu. Ft. White Chest Freezer	Major Appliances	1	6	17	N	N	Priced much too high!	Actually,  it's great.  The low rating is because of the high price.  You can get it for just under $200 on homedepot.com	2014-06-29
US	34538834	RR9TYQ85UREF3	B0056IYUPM	968578456	LG LMH2016SB2.0 Cu. Ft. Black Over-the-Range Microwave	Major Appliances	4	0	2	N	Y	Four Stars	good	2015-01-20
US	29903729	R3V4RVR4H4HECO	B00IQAC0C2	738176334	Samsung RF28HFEDBSR Energy Star 28 Cu. Ft. French Door Refrigerator with Cool Select Pantry and Freezer Drawer, Stainless Steel	Major Appliances	1	16	17	N	N	Done with samsung.	Freezer Fan stopped operating at 15 months- 3 months out of warranty.  No consideration from Samsung.  A $2000 refrigerator should last longer than this without huge repair bills.	2015-07-08
US	51114115	R1OM3V0I76NRN7	B00EXS57C6	476280245	Maytag Maxima XL Front Load Steam Washer and Steam Dryer SET (Electric Dryer) in Graphite	Major Appliances	3	14	20	N	Y	Machines work fine, but the Maytag service is HORRIBLE	Machines work fine, but the Maytag service is HORRIBLE!!!!  Apparently only one company to do warranty service in Portland metro area (3 million people).  Couldn't get an appt for over a week, then parts took another week.  Trying doing laundry for a family of 5 without a dryer for two weeks.  Hate Maytag, will not buy another one.	2014-10-23
US	12653261	R1I4BRLG0F4D4V	B00MO6V9CQ	960251524	Danby products	Major Appliances	4	0	0	N	Y	Definitely recommend	A little hard to open the door. Could be worse, could be too loose. Freezer works which is huge. Some don't in mini fridges.	2015-08-23
US	46567212	R14Y2VV03FEAHJ	B002LK2SKW	656845444	Frigidaire MWV150KW 1.5 Cu. Ft. Over-The-Range Microwave Oven - White	Major Appliances	2	4	4	N	N	Stay away from this microwave	We bought this to replace a 10 year old unit that had a good life. Eleven months later this unit wouldn't heat at all. We called the big box store where we bought it and they pointed us to a website which pointed us to a nearby repair shop. They replaced the magnetron and called it fixed. We noticed immediately that the microwave just did not cook as well as it did when it was new but two months later it died again. Frigidaire told us it only has a  twelve month warranty and too bad. I took it apart and tested the switches, fuses... but it comes down to throwing parts at it, calling a repair person, or replacing it. A new magnetron is over $150 with me doing the work.<br /><br />Like most people we use the basic features, defrost, popcorn, and reheating food. It did those things OK, not great or good but just OK. The front door closed loudly. You have to give it a push because the latches ensure it is locked into place. That is where the noise comes from. You feel like you slammed the door shut.<br /><br />Boy I miss having a working microwave! Well we are back to reviewing replacement microwaves and we will not consider Frigidaire again. For those who are still considering this unit, good luck to you.	2015-02-14
US	15049823	R1CFILOYCD5R3R	B00HT39QDI	992475314	3 Pack Tier1 MSWF GE SmartWater Replacement Refrigerator Water Filter	Major Appliances	1	0	0	N	Y	Installed the filter and nothing. No water would flow ...	Installed the filter and nothing. No water would flow through it. Threads matched and it screwed in ok, just didn't work. Sent it back without any hassle other than a trip to the post office.	2015-05-23
US	49342410	R4CV9OLQ69CQN	B00CXNC6XG	103971508	LG LDE3037ST Freestanding Electric Double-Oven Range, 30-Inch, Stainless Steel	Major Appliances	5	34	35	N	N	Worth every penny!	Want to be clear that this review is for the OVEN and the company I bought it from, however ASK WHO will be delivering it. If it's A&M Trucking (&#34;AJ Madison&#34;) in the San Francisco/San Jose bay area, READ MY WARNING BELOW.<br /><br />I am a baker. I'm a stay-at-home-dad and because I like to eat yummy stuff I've had to learn to bake great treats (cooking - not so fun for me; I'm terrible at tracking more than one item at a time; timing). I bought this primarily for the baking functionality - the double oven, the digital panel, and the ability to both set &#34;Cook time&#34; and &#34;Delay start&#34; times. If I could I'd have an oven I could use an app on my phone to activate & control, but that doesn't exist (yet, though I do know for a fact it's being tested). This range is amazing. Just this morning I was standing over it with my coffee in hand wonder what the heck I was ever going to use the warming zone for? I have two kids who are yanking on my clothes anytime I'm preparing food - there's never a need for me to keep food warm, it's one the plates the moment it's done.<br /><br />Suddenly I had to step outside for a moment and without much thought I turned the warming zone on &#34;Hi&#34; and placed my ceramic mug down on it. When I came back (nearly an hour and 1/2 later... got side tracked) my coffee was nice and hot. Not &#34;burn the roof of your mouth or tongue&#34; hot, but pleasantly hot where you can take a nice sip or small gulp and tolerate the heat. It was awesome.<br /><br />I had this experience after having the oven for nearly a month already! I was already in love with this oven/range. Like most of my purchases, the wife thought I was insane wanting to spend $1200+ on a range, when we rent an apartment!  However it's been very very much worth it. This oven will go anywhere we do - and it's not typical to own your own appliances in the SF bay area when you're a renter.<br /><br />Worth EVERY PENNY.  (FYI - I recommend you get the SquareTrade warranty that comes up as an option upon checkout/cart adding. On-site service for 4 years? Amazing!)<br /><br />Now, for the shippers. A&M Trucking (&#34;AJ Madison&#34;) tried to extort money (cash) out of me upon delivery. I bought from HCcost here on Amazon and THOROUGHLY reviewed all shipping polices and charges PRIOR to purchasing. Knowing we live in an upstairs apartment I scrutinized the HCcost's shipping policies for ANYTHING to do with additional charges for stairs.  Nothing. The email they sent me acknowledging my order and delivery status even read, &#34;When your appliance is delivered it will be brought into your room of choice and all packing materials will be collected and removed, if you choose.&#34;<br /><br />When A&M pulled up they informed me there was a charge for stairs. Being no dummy I happily said, &#34;okay, just let me know how much I owe.&#34; They pulled the oven off the truck and opened it up so I could inspect - they informed me this was so they didn't carry it all the way up to my place only to have me discover a defect. They then carried the oven up and placed it in my kitchen. After removing a little more packing material from it they took it upon themselves to proclaim they don't normally remove the packing materials but they could for a fee. I explained the policies from where I bought the oven said all packing materials would be removed but said if I needed to return the oven for any reason it might be advisable to keep them just in case. I told them to just leave them downstairs (where they removed 98% of it) and I'd put it in the recycle bin/trash. Then when I walked downstairs with them they said I owed for 47 stairs. They said the first two &#34;flights&#34; were free. I asked what constituted a &#34;flight&#34; and they said 7 stairs is a flight. (Most places recognize 16-18 steps in a flight). I had counted the steps on my way up, 35. Big difference. I told them I had no cash, which they insisted on. I offered to pay bycredit card, but they said, &#34;cash only.&#34;  This seemed VERY fishy. I told them I never carry cash (I don't, I'm all plastic, all the time). They actually said to me, &#34;Well I wish you would have told us that before we started because we would have never carried the appliance up then.&#34; I told them to have their company bill me for anything they believed I owed, as I didn't not contract them for delivery, I simply purchased it from a company who contracted them.<br /><br />20 minutes later I got a call from someone claiming to be from A&M trucking asking for my credit card number. If the company had any authorization to charge me for anything additional they would already have this information so I told the man I would happily pay anything they felt I owed AFTER I inquired with the company I bought the appliance from. The man got very belligerent all of a sudden. He told me I owed for 47 stairs. I told him they guys who delivered said I got the first two flights free AND that there were only 35 stairs. He told me there 47. I offered to video myself walking up the steps and counting them and to put it on YouTube for him so he could verify. He cursed at me and hung up.  After emailing HCcost the details of my problems with A&M Trucking the apologized and confirmed there was not supposed to be any additional shipping or delivery charges.	2014-10-11
US	36379199	R1IUUHYJQ7S590	B004MX8XO6	451436203	SPT Countertop Dishwasher	Major Appliances	5	2	2	N	Y	Tired of doing dishes? Check out this life changing machine!	The cleaning power of this dishwasher is amazing! The size of the dishwasher is small but the results are great. You can fit a lot more dishes in this washer than you think in the picture. Although because of the small size it has a problem handling large dinner plates that are curved. They fit in the dishwasher and get sparkling clean but you have to hold them in place while you slide the tray into the washer.<br /><br />I've put crusty oatmeal bowls inside this washer and it got it all off. Coffee stains on the bottom of cups that never came off before are now sparkling white and clean like never before. Silverware comes out cleaner than it was when it was brand new out of the box.<br /><br />The operation is very quite and it has a cleaner setting for whatever you want to wash and how long you want it to wash. There are eight cleaner cycles. For everyday cleaning I use the speed cleaning cycles because it uses the least amount of water, doesn't use the heater but still cleans the dishes great and the heat from the water dries them. Setup is easy. Plug it in, attach the hot and cold water hoses to the machine, attach the quick-connect to your faucet, attach the machine, turn the cold water on (the water heats the water to the appropriate cleaning temperature), chose your cleaning cycle, push start and there you go.<br /><br />The one thing I do wish this model had is a button to turn off the heater on every cycle. Only the speed cycle doesn't use the drying cycle. One thing to note is that there are three filters on this dishwasher and all of them are easy to get to, clean out and replace in 5 minutes. If you have a couple of hundred bucks, have a couple of people in an apartment and are tired of doing dishes this thing is a life changer.	2015-04-26
US	40377141	R2COANP1X6KXN8	B009AKB19U	994529251	FFLE2022MW Electric Washer/Dryer Laundry Center With Immersion Care Wash Action DrySense Technology Fresh Water Rinse Vibration Control System Quick Wash Energy Saver Option &amp; In	Major Appliances	1	7	8	N	N	Frigidaire does NOT stand by their products. Bought one ...	Frigidaire does NOT stand by their products.  Bought one of their combo washer/dryers.  From the day of purchase, the dryer knob was<br />difficult to turn.  They knew about this and yet refuse to consider to repair it without charging.  When you talk to one of their reps, they<br />keep repeating &#34;I understand your frustration&#34; and then proceed to say, there is nothing to do as the warranty is up.  It started from the<br />day of purchase and the knob finally broke.  It is from a faulty electrical switch, so beware of buying from Frigidaire.	2015-01-22
US	52181375	R1QI2PVLEN5CCL	B008493CZE	594142668	Samsung WA456DRHDWR 4.5 Cu. Ft. White Top Load Washer - Energy Star	Major Appliances	1	0	0	N	N	Do NOT buy!	THIS WASHER SUCKS!!! DO NOT BUY ONE! I have owned my washer almost a year and totally agree with all bad comments about it. Clothes don't come out clean, they smell ,  It will take 3 to 5 hrs. to finish the cycle if it doesn't throw a 3E code! Repair technicians have been out 4 times! Replaced the clutch, motor, basket assembly, horrible design and I've lost more money meeting the technicians than going to work to deal with this POS!!!! You have been warned!	2015-03-03
US	45042511	R137LMJYT1Q3T4	B00EE89QEA	627825730	LG WT1701CWTurboWash 4.9 Cu. Ft. White Top Load Washer - Energy Star	Major Appliances	5	8	11	N	N	Five Stars	Works great, very quiet and holds a ton.	2015-07-24
US	52232029	R3LA7933C8GZU2	B001EY7WDY	77336569	Frigidaire 316428600 FRIGIDAIRE 318177710 OVEN BURNER IGNITER	Major Appliances	5	1	1	N	Y	Excellent Value	Worked perfectly and fixed my Electrolux oven, which had been taking FOREVER to come up to temp.  It has now been in my oven for many months and still works perfectly.  I'm totally pleased as it was a fraction of the price of a genuine Frigidaire element.	2015-06-17
US	36860231	R1DBQWP375L8OH	B0050KL17G	902142668	Whirlpool Part Number 3352632: Switch, Lid	Major Appliances	5	0	0	N	Y	Five Stars	a lifesaver.	2014-05-08
US	13062584	RA7WVU3DBQLO5	B002W8GV8S	506287550	Whynter FM-85G 85-Quart Portable Refrigerator/Freezer, Platinum	Major Appliances	5	2	2	N	N	Every fishermans must have!	This is an awesome piece of equipment for a successful fishing trip!<br />Every fisherman's must have!<br />After a month in the keys and over 100 lbs of filets, it's the best way in the world to transport without worries.<br />TH	2015-02-24
US	22248022	R2IQKQ7HH4Z6BI	B006E7TUAE	748100646	Supco CH44T10010 Range Stove Oven Bake Element WB44T10010	Major Appliances	4	0	0	N	Y	Fast and worth it $	A bargain!	2014-12-08
US	44856800	R14Q5QINNXPEXH	B0080LN1PC	212096849	GE MWF Refrigerator Water Filter Replacement SGF-G9 3-Pack by Swift Green Filters	Major Appliances	4	1	1	N	Y	NO ISSUES	As far as I can tell, these filters are just as good as the brand name $40.00 ones in Lowes and Home Depot.  No issues and they come with a reminder sticker for when you need to change it out (the name brands do not).	2014-06-12
US	29986746	R3SY69E2AMGUMP	B005HFRZKQ	414319004	Sunpentown UF-150SS Freezer Stainless, 1.1 Cubic Feet	Major Appliances	2	1	1	N	Y	Two Stars	Sounds like a woodpecker lives inside of it a third of the time.	2015-08-22
US	21387136	R55Z7PZB3YKIX	B007OWOK7Q	274523657	DISPOSABLE FOIL BURNER LINERS - ELECTRIC STOVES SET OF 18 BY JUMBL	Major Appliances	5	0	0	N	Y	Excellent	Will reorder, did not from food going underneath my stove.	2015-01-25
US	51213467	R3G0A7X9VGTTUN	B001ASD77O	622908429	Broan PM390 Power Pack Range Hood Insert, Silver	Major Appliances	5	0	0	N	Y	Great Fan Great Price	Got this to replace the fan in our &#34;custom&#34; hood. Works great, not too noisy and installed easily. Agree with other reviewers about the lightbulbs being a pain to change.	2015-02-26
US	2600076	RAI680F43GFSL	B001ICXUQU	348415764	SAMSUNG DC61-01521A CASE-FILTER DV736E4/ OEM Original Part	Major Appliances	5	0	0	N	Y	Five Stars	It is what it is. Not a lit I can say besides it fits amd it works.	2015-08-03
US	45422680	R64YBQTANM1YA	B00E8KC36M	754165796	"Kitchen Bath Collection STL75-LED Stainless Steel Wall-Mounted Kitchen Range Hood with High-End LED Lights, 30"""	Major Appliances	4	0	0	N	Y	Love the looks of this exhaust fan	Love the looks of this exhaust fan..so I bought another for my guest cottage.  My only negative is the noise level of the fan but it definitely does the job.	2015-05-26
US	23588767	R2A0NVUWKHZMSV	B002GZND6U	493877304	Supco RIM597 Universal Icemaker	Major Appliances	5	0	0	N	Y	Five Stars	Quite the bargain	2015-07-27
US	10958960	R3J8763GTI7I0D	B00IU2HFSK	672373459	Samsung WF42H5200AP Energy Star 4.2 Cu. Ft. Front-Load Steam Washer with SelfClean, Platinum	Major Appliances	1	36	40	N	N	My wife and I really like it for the most part	I bought this 4 months ago. My wife and I really like it for the most part. We have them stacked with the dryer on top.  It has good features, but that is where it stops. I now regret purchasing it.<br /><br />It died on us after only 4 months. I hit the power button and it lit up and then the lights went off and never came back on again. Dead. Turns out the main and secondary control board is broken. This is not even a wear item!<br /><br /> 2 chat sessions and 3 phone calls. Honestly, I will never buy a Samsung appliance again. They customer service is awful. They are really bad at training their employees, every time I called I received a different answer.<br /><br />After the first phone call they said they were going to file a repair claim. Then they called an hour later, which I missed and they sent me an email. The email had a link to check to make sure it was plugged in and it had power. At the bottom of the email it said the claim was being closed. Are you serious! They were going to close the claim without even knowing if it fixed.<br /><br />Every time I called I gave them the claim number, and they never read any of the notes from the previous discussions. I had to repeat myself every time. I have spent about 2 hours on the phone with them. At the end of the last phone call the had written down the wrong issue, the wrote that it wouldn't turn off.<br /><br />Finally I got a service company to contact me, and they were rude. They told me I would have to unstack the washer and dryer or they wouldn't come out. So they expect me to lift a dryer off the washer and do their job. When they installed it they stacked it.  I was then told to hire a moving company to do it. WOW.<br /><br />So as of right now I am waiting for different repair company to call me to schedule a repair and we are running out of cloths and having to line dry everything.  I will try to update if it gets repaired.<br /><br />The first company that was going to perform the repairs was a D rated company by the BBB. The 2nd company has 14 reviews and 75% of them are terrible.<br /><br />I am a contractor and I am telling all my clients and friends to avoid Samsung appliances. They should stick to TVs and phones. We are renovating our kitchen soon and will not be buying and Samsung appliances and my friend is now canceling his order for his new kitchen.ated company by the BBB. The 2nd company has 14 reviews and 75% of them are terrible.<br /><br />I am a contractor and I am telling all my clients and friends to avoid Samsung appliances. They should stick to TVs and phones. We are renovating our kitchen soon and will not be buying and Samsung appliances and my friend is now canceling his order for his new kitchen.	2015-06-10
US	2756792	R2EZ4HBRVOICAW	B00EQGNI4Y	168000057	KOBE Range Hoods CH9130SQB-1 Under Cabinet Hood 6-Speed	Major Appliances	5	1	1	N	Y	Great Exhaust Fan	Great exhaust fan.  Quiet and sleek design.  The rounded corners soften the look of the fan.  Only exception is that once the light is on high, one has to press the off button three times to turn it off.  Delivery was as stated.	2014-06-09
US	48690488	RVXICWNMIBBEN	B00E9A5O30	137564727	Magic Chef MCSCDRY1S 2.6 Cubic-ft Compact Dryer	Major Appliances	1	13	15	N	N	It worked wonderfully while it worked	I didn't buy this dryer from Amazon.  Very hard to find.  It worked wonderfully while it worked.  Contacted Magic Chef and they wouldn't honor the warranty.  Hard to find a way to call them, but I did.  From what I know right now, the fan belt broke, and you can't find a replacement.  Many little screws to open up the back.  And you have to buy a special nex key to really get the back off.  Very simple machine, but based on my experience, better to try another manufacturer.	2015-07-08
US	29587985	R1SGL1GZVT5E0R	B007ID2FTQ	588704833	Refrigerant System Flush, RX11, 1 Lb	Major Appliances	5	1	1	N	Y	Works as Expected	Followed the manufactures instructions and it did the job! Is enough for 2 - 5 ton units use entire can.	2014-05-17
US	34798263	R20L6JNQU2MFMI	B00DNSO2BO	316513931	Haier  Wine Cellar with Electronic Controls	Major Appliances	5	0	0	N	Y	Good for cigars	Bought this to use for cigars. It maintains temp and humidity well. I wish that it had a way to circulate air without cooling.	2015-03-30
US	39108718	RDICSOLC4Y0Z8	B00BJBBIR8	764245452	Danby Designer DAR044A1BDD Compact All Refrigerator, 4.4 Cubic Feet	Major Appliances	5	0	0	N	Y	Perfect beverage fridge for the basement or garage	Perfect beverage fridge for the basement or garage. No wasted space of a freezer you can't use anyway and lots of useful storage solutions. Can holder in the door, tall bottle holder down low, and shelves that can be adjusted easily.	2014-10-01
US	13233397	R181KMWI2DJL5S	B001AT2ALM	364403440	Koldfront Ultra Compact Portable Ice Maker - White	Major Appliances	4	0	0	N	Y	Really like the ice maker	Really like the ice maker. Bought it for our motor home since there is no ice maker in our freezer. The only thing I don't like is the vibrating noise it makes when operating.	2015-05-07
US	52079835	R1I7B1E6V0W9EN	B00BCOHOTS	215140249	Avanti Model RM4516B - 4.5 CF Counterhigh Refrigerator - Black	Major Appliances	5	0	0	N	Y	Five Stars	Very quiet motor. Received exactly as described.	2014-11-17
US	41448230	RLBFS6RM93UUX	B0052G14E8	423421857	Danby 0.7 cu.ft. Countertop Microwave	Major Appliances	4	0	1	N	Y	Gets the job done at a great price	Gets the job done and it was a great price!	2014-08-08
US	30151573	R4QVQAZF7NF75	B00064NX68	240781307	Whirlpool Washer Motor Coupling # 285753A	Major Appliances	5	0	0	N	Y	Five Stars	Works as advertised	2014-07-03
US	16157533	RV4LXE3XWH0CR	B0002YTM0I	539049610	Broan 412402 ADA Capable Non-Ducted Under-Cabinet Range Hood	Major Appliances	4	1	2	N	Y	Good Value	Works well.  Looks good.  Reasonably priced.	2015-05-25
US	31511809	R3POIBSK6QB1B	B00N9DLM1Q	577531013	"LG LFXS30766S 36"" French Door Refrigerator with 30 Cu. Ft. Capacity in Stainless Steel"	Major Appliances	1	36	47	N	N	No refrigerator for 5 weeks now!! You decide!	Here is my story/timeline:<br />Bought LG - lfx31925sw<br />1 year later bottom freezer stops working - called lg support<br />3 days later lg repair comes out and resets motherboard<br />4 days later lg repair comes out replaces motherboard<br />4 days later lg repair comes out replaces compressor - soldering inside our house creating a fowl odor and exposes my whole family to who knows what.<br />1 week later tries to fix clog in some line<br />1 week later tears apart freezer to get to something in the back<br /><br />Finally fridge completely dies - service man never comes back<br /><br />LG customer service seems to orphan us completely and we have to keep calling them back for resolution. Finally they lg starts a &#34;buyback&#34; process which we have to jump through some more hoops.<br /><br />Problem started July 7th - its now August 15 supposedly check is in the mail.<br /><br />No refrigerator for 5 weeks now!! You decide!	2015-08-15
US	10873872	R3RERQF4Q0ZNW0	B00GIR6HE2	130714648	Gap Cap for Stovetops	Major Appliances	4	0	0	N	Y	... but I glued it back in and product works awesome. No more spills down the inside of my ...	Magnet fell off one one side but I glued it back in and product works awesome. No more spills down the inside of my cupboard and stove	2015-08-06
US	14395242	R1CKSVLKYT01JG	B001AT2ALM	364403440	Koldfront Ultra Compact Portable Ice Maker - White	Major Appliances	5	0	0	N	N	I love this ice machine	I love this ice machine. It's not super fast, but we can make ice over a few days for the weekend. I did get the extended warranty because many reviews say it doesn't last. (just in case) We have had it for about a month and a half. Looking forward to taking it camping with us.	2014-07-14
US	36161301	R20F7HJA2BR2SU	B00OHQ8G6I	423168163	Kenmore 469990 46-9990 9990 9990P Compatible Filter, KleenWater KWL-2 Replacement Refrigerator Water Filter	Major Appliances	5	0	1	N	Y	Great Product !!	Works great and for the price you cannot beat it.Word of advice, soak it for at least 15 minutes before installing it. It does not say this in the packaging and if you do not soak it there will be too much air in the unit upon installation.	2015-03-17
US	17591864	R1BE0LEW5AXTRZ	B00N142WLC	368742951	Haier HC27SF22RB 2.7 Cubic Feet Refrigerator/Freezer, Black	Major Appliances	4	3	4	N	Y	some sublties	works very well---the shelf below the little freezer totally freezes things also= okay.  Looks great also.  The interior support on the door to hold drinks in not well thought out as it's low and drinks invariably fall out.  Tape doesn't work inside a frig= moisture, so I don't know how I'm going to solve this. When you see the ice cube tray ---please know it is about 1/4 the size of a real tray---laughed when I saw it.	2015-04-29
US	28378230	R3J661XQ47AZNF	B00I5SC5KW	73877099	Whirlpool 883149, Rangeaire 610046, RLP1102, LGC-7316	Major Appliances	5	1	1	N	N	great price!	Fits perfectly, great price!	2014-08-25
US	22169178	R3UNLOOTXJYOBP	B0002Z1F2A	127947784	Broan 99020272 Range Hood Ducted Motor Fan Blade	Major Appliances	4	1	1	N	Y	Fits (Kind of)	Fits* the old NuTone show ventilators with the 70s type silver / white round grill.<br /><br />* You need to drill out the hole to make it work =/	2015-01-22
US	11156562	R270CYFFPKGLOO	B002UYSHMM	429051224	Haier HLP21N Pulsator 1-Cubic-Foot Portable Washer	Major Appliances	5	2	2	N	N	Love it, I live in a small apartment and ...	i have had one of this for almost 6yrs now. Love it, I live in a small apartment and got one of these to have my baby (now a kid) clothes washed. Clothes for my little one cleaned for 6 yrs and still working. Good small appliance!	2015-08-17
US	37118760	R37Z4Q15G0SGGZ	B000KL0MKM	292136947	Koldfront 28 Bottle Ultra Capacity Thermoelectric Wine Cooler - Platinum	Major Appliances	3	0	0	N	Y	Keeps bottles cool, but hard to fit them all in	I like that it keeps the wine cool, at the right temp! But the shelves are built so close together I can't actually fit 28 bottles in, it's not build for the fatter Burgundy (ie Pinot Noir, Chardonnay etc...) bottles, more built for slender Bordeaux bottles (Cab, Zin etc..), not ideal for my collection but may work well for others. Also, the light inside is not automatic so you have to reach into the back of the fridge when you want to turn it on, not convenient when there is wine in there!	2014-07-17
US	44266568	R1M3FFNIF8JNI1	B00IY7BNUW	874236579	Avalon Bay Portable Ice Maker	Major Appliances	3	1	2	N	Y	"You'll need to make the ice while you're around too - put it into a freezer bag to store and ""harden"" - then this product is a g"	Produces ice quickly but you only get about 12 cubes for each batch.  I'm going to keep this product, but just bear in mind that you need to be on top of the ice production.  I bought this for a large house party and realized that I should have been making ice for several days prior to the guests arriving so that I had enough.  You'll need to make the ice while you're around too - put it into a freezer bag to store and &#34;harden&#34; - then this product is a good idea.  If you anticipate that the ice maker will keep up with ice needs as you need ice, you'll be frustrated.	2015-07-07
US	2686218	RGHWGPMGS2OJ1	B000KKMFB2	89179148	Broan 403001 ADA Capable Under-Cabinet Range Hood	Major Appliances	5	0	0	N	Y	Five Stars	WONDERFUL PURCHASE !!! GREAT ITEM AT A GREAT PRICE&#62;&#62;&#62;	2015-05-14
US	22913965	R34VBGDFJAIGXM	B000KKISE0	609975496	"Handi-Foil 20301.010 Round Gas Burner Bib Liners, 5"" Height, 2"" Width, 5"" Length, 5 count"	Major Appliances	5	0	0	N	N	Great bib for the burners	This is great for my stove.  I highly recommend for anyone who is looking for something economical for their stove.	2014-09-23
US	823235	R661WWS2OPIT7	B000JLNBW4	582305048	Koolatron Coke Personal Mini Fridge	Major Appliances	4	0	0	N	N	I want me the coke!	This works really well, keeps all my drinks COLD and does not let ice melt, even if I leave it in the refrigerator. Sometimes, to put in my bigger 2L drinks, I have to remove the removable shelves, but other than that, there are no complications. It is also really cute for my office and I love using my personal refrigerator- so great! It's sometimes loud but I haven't had too much of a hassle with that. I think it's the fan though, but I believe you would need to call someone to replace it. Use it at work, in your office room, wherever you want. It'll do the job, even better than you expected!	2015-07-13
US	46302523	R20N9I22ZG911Q	B00AW04ZMM	962476921	Panda Small Compact Portable Washing Machine 7.9-15lbs with Spin Cycle …	Major Appliances	4	0	0	N	N	Very handy. but it will wear down the material ...	Very handy .but it will wear down the material of your clothing quickly the the heavy agitation action.	2014-09-08
US	28136409	R1KW8KBSGW085A	B0011YNB6E	114374844	KitchenAid Architect Series II : KGSK901SSS 30 Slide-In Gas Range, 4 Sealed Burners, Self-Clean	Major Appliances	2	1	1	N	N	Electronics die randomly	My range is just over 2 years old and it started acting weird. The oven would sometimes not light, or would light and would turn off. The briler was getting weaker, and thens topped working. Eventually, the oven stopped lighting completely (the burners still work).<br /><br />I was told by two repair folks that the &#34;DSI&#34; (a part of the electronics) needed to be replaced. A fuse had blown too. $400+ later, and it's working better, but it's still not really useable. The oven works now, but it still doesn't always light and the fan is now permanently on.<br /><br />I called Whirlpool and they said that because it's been over two years (just barely), there's nothing they can do. This last repair guy said these units are notorious for these problems, and that the electronics are always going out. The circuit boards aren't protected in any way - they are exposed to a lot of heat and moisture, and that seems to be a big problem.<br /><br />Now I'm left with a stove that I used to love, but now seems ready for the landfill. I will call Whirlpool again and explain to them and see if they can help. I'll update my review if the situation improves.<br /><br />Gets 2 stars instead of 1 because I really did love this thing before it went completely wacko.	2015-06-03
US	17310093	R1QPKTQ34JQGCV	B00BJBBIR8	764245452	Danby Designer DAR044A1BDD Compact All Refrigerator, 4.4 Cubic Feet	Major Appliances	4	0	0	N	Y	I used to sell appliances and never saw a return ...	I used to sell appliances and never saw a return on these. I bought one for work as we had an under counter space that was in a small area no larger unit would fit. We keep bottled water in it . It has been in place for 6 months with no problems. I bought a second unit for upstairs at my home and have it in a bedroom also stocked with bottled water, which is convenient as my computers are also on the same level.	2014-11-30
US	11905521	RRLL1ATB7ZCRE	B00N18DUPA	979074821	Ice Boss Pro Stainless Steel Portable Ice Maker Machine High Output Ice Maker	Major Appliances	1	7	12	N	Y	We'll never got a chance to use it, apparently ...	We'll never got a chance to use it, apparently this unit can not be placed upside down for periods of time, we opened this and the inside box was covered with an oil based substance as well as the unit itself, went ahead and let it sit for a wile as instruction instructed to, plugged it in, appeared to start up as normal, but hour later no ice.. Returning!!!	2014-12-19
US	21806170	R2OGOHPI0BDU22	B004W29A2Q	715225741	KitchenAid Architect Series II KFXS25RYMS 36 25.0 cu. ft. French Door Refrigerator	Major Appliances	5	1	1	N	N	WOW - the fridge I dreamed of!	Didn't buy the fridge through Amazon but I have this model and I can tell you it is a great appliance. Strong, sturdy and have had no issues with it. Quiet running and even the door chimes and control panel bells are pleasant to hear as they don't sound like a semi backing up in your kitchen. I have seen complaints about the ice bucket being too small. I find it just right as there are only two of us in the household but I have never ran out of ice even with guests. If you want a party size ice bucket then go buy an Esky cooler and a bag of ice from your local supermarket!  When I first purchased the fridge I was expecting the usual plastic shelves etc... Not here, they are mostly metal and glass and sturdy. You may pay a little more for this fridge but you are getting quality. I have learnt from past experience with these appliances that it pays to get an extended warranty ... I didn't with the previous fridge and the continuous issues I had with the thermostat breaking down every year and having to defrost it every 4 month ... Never again!! That fridge was not a Kitchenaid (Whirlpool) appliance.  Right now this model is discontinued so you can pick it up at a bargain price ... You won't regret this purchase!	2015-06-06
US	48015319	R2U9J9KVB8S140	B00T89KY5K	936811250	Kenmore 316557116 Range Oven Control Board and Clock	Major Appliances	5	1	1	N	Y	Five Stars	Extremely satisfied!! Can cook on my stove again :-)	2015-08-29
US	36115702	R3FKOBEPUG4D57	B004NXUJ60	523301568	MICROWAVE CAVITY PAINT 98QBP0302	Major Appliances	4	0	0	N	Y	Not snow white but off white color	The color description on the can is &#34;snow white&#34;, the reality is this paint is an off white color.  My GE microwave is a bright white color and this paint did not match.  I still used the product and it worked well.  If the directions are followed, the spray applies evenly and covers well with several coats.  For my needs I liked this product better than the touch up paint with brush application.  You also get more paint with the spray can.	2015-05-26
US	49821493	R1ZO4NAMYOQHYU	B001HSX1QE	295667540	Whirlpool Part Number 359507: KNOB	Major Appliances	5	0	0	N	Y	Five Stars	Worked great all summer	2014-12-03
US	3502102	RAYZA2Q41UU0D	B000JLNBW4	582305048	Koolatron Coke Personal Mini Fridge	Major Appliances	5	3	3	N	N	Five Stars	Go to home depot, you can buy this same one for 29.99 have a lovely day	2014-12-13
US	10104787	R1D6TQWMN0SEV7	B00JG8B42K	672722354	OnePurify RFC0800A Water Filter Replacement Cartridge, 2 Pack	Major Appliances	5	0	1	N	Y	Five Stars	Just what I needed.	2015-01-01
US	13019581	R2FUGCVZLC7IIH	B000PL1ZJ4	962201933	Whirlpool : WFW9400SW 27 Front Load Washer with 4.0 cu. ft. Capacity White/Chrome	Major Appliances	1	1	1	N	N	Don't buy Whirlpool	Don't buy Whirlpool. I purchased a Whirlpool Duet Washer little more than one year ago. Already, the drum baffles have broken off. When I contacted Whirlpool about this, they did not care. The drum baffles should not break after a year of service. It's too bad, because otherwise this was a good unit. But, if I have to spend $100 every year to replace the drum baffles, it's not worth it.	2011-05-15
US	12478207	R3JDYHHM2WWGZL	B007PKOMWU	294467812	Danby  Freestanding Wine Cooler	Major Appliances	4	1	1	N	Y	Very good design but light doesn't work as described.	Nice design and it really does fit 36 bottles.  The description indicates that you can set the light to either stay on altogether or only come on when the door opens, but mine doesn't do both.  It either days on all the time, or it stays dark open and closed.  Overall happy with my purchase for the price.	2014-03-16
US	46097749	R3BYT58326NLG5	B0052FXC9Y	102972272	Danby DDW611WLED Countertop Dishwasher - White	Major Appliances	1	20	25	N	Y	DOA	"I read the other reviews about receiving damaged units, and I thought I'd take a chance since there were more good than bad reviews.<br /><br />The blame does not lie with UPS, the box came in relatively good shape and the unit is well packaged. That being said, when my roommate and I oped the box, the first thing I saw was a crack on the corner.  I didn't mind as long as it worked. He cared about it much more than I. But then I reminded him that he didn't pay for it, I did, and he should shut up.<br /><br />Then to my mild annoyance, the plastic housing for the door was only 50% secured while the other 50% was completely broken.  The fasteners on the inside of the door that are screwed together are cheap and brittle. I thought, \\""Fine, I'll fix it with white duct tape, whatever.\\""<br /><br />Then I loaded the dishwasher after checking for leaks, and it completed the wash cycle. As I was unloading the washer, I noticed the detergent dispenser was still closed. So I thought, \\""Hey, I'm a dummy sometimes, maybe a fork was pressing against it.\\"" So I ran another cycle, with and empty washer. Still didn't open. Tried it one last time, just for verification. Nada.<br /><br />Basically, you run the risk of buying broken merchandise. Amazon, as always was cool about returning it, and I just ordered one from EdgeStar instead and I'm happy with it."	2013-07-10
US	13551175	R1ZWLX63XKNY4	B007RWOUSM	47483136	GE GTW485ASJWS Energy Star 4.2 Cu.Ft. Top Load Washing Machine with 16 Cycles, White	Major Appliances	1	16	22	N	N	The Worst Washing Machine Every Designed.	"My machine was purchased from Lowes on December 14, 2012.  Lowes finally delivered it on January 4, 2013.  The following comments are offered after using it for the past 2.5 months.<br /><br />1.  No matter what load setting is used on initial start, the machine will not put in more than a few inches of water.  It requires either filling with a bucket or recycling through another start cycle.  If you recycle by pushing the \\""Stop\\"" knob, it will beat the clothes with inadequate water resulting in torn clothes. It is best to unplug the machine instead of pushing the \\""Stop\\"" knob.<br /><br />2. If using the hot water setting, the water comes in VERY slowly (water pressure is sufficient and screens are clear) and will not fill to the required setting.  Again, either unplug it and fill with a bucket or cycle the timer through the start cycle about 3 times until sufficient water level is assured.  The GE repairman came and stated the machine is designed to assure low hot water flow during filling.  Someone should inform the designers of their incompetence.<br /><br />3.  Any time the machine is turned off, the agitator will whip the clothes violently.  If no one is watching to assure an adequate water level is present, damage to clothes is highly likely.  DON'T EVERY LEAVE THIS MACHINE UNATTENDED!<br /><br />4.  When water empties at the end of the wash cycle, it does not spin out the dirty water and soap.  This results in retaining a large portion of the soap and dirty water.  Therefore, the rinse cycle is immediately contaminated by an unnecessary amount of dirty water.<br /><br />5.  When the rinse cycle begins, the tub will only fill to about 20% of the required rinse water.  If left unattended, this results in more clothes damaged due to agitation with very little water.  The rinse cycle, again, requires either filling with a bucket or cycling the timer enough times to assure there is sufficient water in the machine.<br /><br />6.  Since the machine failed to spin outthe dirty wash water, it is necessary to start another wash cycle in order to properly rinse the clothes.  Without this step, the clothes remain dirty because they were never rinsed in clean water.  This extra wash cycle requires the same monitoring and manual addition of extra water to prevent destruction of clothes.<br /><br />The process of washing a load of clothes takes about 1.5 hours and the machine must be constantly monitored.  If the above was the intent of the GE design team, they need to seek other employment.<br /><br />A positive comment:  The machine looks like a normal top-loading washer."	2013-03-11
US	50027179	R2LHRQDJJ9Z771	B00CUTFOZ0	825544744	Bosch 24' Bar Handle Dishwasher 800 Plus Series- Stainless Steel SHX7PT55UC	Major Appliances	5	36	38	N	N	Silent	The Bosch 800 Plus Series dishwasher is better than I ever imagined. I can barely hear this thing run, the water draining into the garbage disposal makes more noise than the dishwasher (by the way, plumbing the water outlet on a dishwasher into a garbage disposal is no longer the right way to hook one of these up). This thing has to be twice the size of our old dishwasher. And oh my goodness does it clean dishes, they come out spotless and perfectly clean.<br /><br />I finally had it with the dishwasher I've hated since the day we moved in, an over 20 year old GE that was a Consumer Reports best buy at the time. I decided it was time for a new dishwasher and refrigerator. I'll cut to the chase - Consumer Reports loves the Bosch Ascenta line, it is their number one best buy recommended dishwashers (there are other brands that tested higher, but were not best buys). The Bosch 800 Plus series finished very well in the rankings, followed by Miele. Consumer Reports says it is not worth the extra money for a stainless steel interior. Given that they loved the GE with a plastic interior, they have held this view for a long time. After looking at each of the models recommended, it became clear that the Bosch 800 Plus was well worth the extra money.<br /><br />Once I stopped chocking over the price, I narrowed the search down to two dishwashers, the Miele and this Bosch. Compared side by side, there really is no comparison; the Bosch wins in the details. Miele pretty much sets all the rack heights and configuration the way they think you should load the dishwasher. Bosch gives you a ton of flexibility, and after using this machine for a while, I like that flexibility. Bosch also paid more attention to details.<br /><br />OK, the coolest factor with this dishwasher - frankly one of the reasons I bought it - the cycle time is projected on the floor. I know that sounds really stupid - but it is the coolest thing. The front of this dishwasher has no buttons, no lights, nothing. At the bottom left side there is a yellow LED projector focused on the floor that alternates between a digital clock for the amount of time left in the cycle over a bar graph of progress, and the Bosch logo. There's never a question about how much time is left in the cycle.<br /><br />This thing holds more dishes than I have ever seen in my life. It used to be a wrestling match to load the old dishwasher, and I could rarely wash colanders or pots. Now I can wash all that stuff along with the regular dishes. I really thought the flappable tines would be stupid, I'd flip them one time and then be done with that. Instead, I find that I use that all the time. It makes it so much easier to load big things or a ton of plates.<br /><br />There are two top racks in this dishwasher. The top or third rack is for utensils, knives, forks, spoons and other thin things. The grid on the top rack is perfect for lining up utensils so they get perfectly clean. I can get rid of that silly silverware basket that takes up space in the bottom. If you love that basket, Bosch's is brilliant. They made the basket in two parts - it can either be one long basket or the halves can be snapped back to back for a square version. The top rack has two settings, high and low. It's easy to change the height with the two levers on the side of the rack. Setting that rack lower makes room for tea or espresso cups.<br /><br />The middle rack has three height settings. This is the one for glasses and bowls. Bosch added a flip down shelf on the left side to hold stemware in place, or put cups on the rack. They also include three clips to hold light things in place (it took me a long time to figure out how to snap those clips on).<br /><br />The bottom rack is super flexible. You can use the silverware basket, or not. There are two rows of tines that can be folded down to put pots on that rack. There is a tall Vee shaped attachment that works for vases or other big things. The middle rack can be removed anda special spray attachment added that will wash really tall things. I can't think of how I would ever use that, but it is an option.<br /><br />I really like the big hefty handles they put on all the shelves. The racks roll out with an expensive solid feel. The dishwasher detergent and rinse aid dispenser is on the door in the middle. It is very easy to use. The machine will automatically give a message when the rinse aid is low.<br /><br />You can use any type of dishwasher detergent, power, gel, or tablets. I use the Finish Quantum detergent with great results. With the old machine I stopped using rinse aid with this detergent. The Bosch manual recommends using a rinse aid (the good news, you can adjust how much is used for each wash - more on that in a minute).<br /><br />The door is kind of amazing. At first I didn't like it very much; I'm used to a door that just falls all the way open once I pull on it. This one takes a little tug to open it and then as you pull it down, the door has some resistance and it stays exactly where you leave it. Because the buttons are all hidden on the top of the door, this is really handy. I can pull the door open a little bit to get at the buttons and don't have to hold the door. The door feels heavy and solid - honestly, it feels expensive and great quality. When the door is pushed all the way up it closes with a satisfying solid click.<br /><br />It is easy to run this machine. Basically, set it to Auto and be done with it. The only option you might want to use is Sanitize - this will really heat up the rinse water and meets NSF dish sanitation standards. Your dishes will be super-hot when the cycle is finished - so be warned. The Auto wash cycle is long - it starts out at two hours and nine minutes. If the load is light and dishes are relatively clean, it will finish faster. There is a great Rinse mode that takes 9 minutes and uses around a gallon of hot water to rinse the dishes if you are going to delay a wash load. The machine can be set to delay start, you press in the number of hours to delay start. There are a bunch of other cycles like glass, heavy, express, half load, etc. I just use Auto, it works.<br /><br />Once you've chosen the cycle (the machine remembers the last one chosen) - touch the On / Off button (the buttons are all touch sensitive, they are not true press buttons), press Start for a second until the machine beeps, and then close the door. If everything is good, the timer will light up on the floor. The machine beeps subtly twice when the cycle is done. If you aren't in the room with the machine, you won't hear it.<br /><br />Now that you've decided to buy one of these, there are some oddities. Installation is really sweet - Bosch gives you most everything you need and uses high quality parts. The electrical junction box is plastic with a sealed electric cord. That cord plugs into the back of the machine. The water connection is a black nylon covered rubber hose that looks like a washing machine hose. The connections are standard compression fittings (if you have a dishwasher already, this hose should work). The drain hose is a little odd; the garbage disposal connection end is the OD as the OD of the garbage disposal hook up. You'll need to lubricate the fitting and wrestle with it a lot to get it connected. The machine has three legs, two in front and one in back. At the front panel there is a flat blade screw slot to raise or lower the rear leg. You'll need to use a wrench on the front two legs. There is a rubber flap that goes behind the front kick plate area. Bosch includes a black metal kick plate panel - you probably won't use that. They did a great thing with the cabinet attachment - you have a choice of attaching the unit with screws on top or the sides. For granite counters this is brilliant.<br /><br />The dishwasher has a water softener built in. By default it is turned off. The dishwasher comes with a water hardness test strip. I was an analytical chemist for many years; I've never seen a test strip that is worse than this one. Apparently, if a square changes color (or gets dark) that is a positive square. The instructions make it look like the squares will be black and the other will be white. That doesn't happen. I'd strongly encourage you to buy a real set of test strips or have your water tested for hardness (some municipalities will publish hardness - it isn't a required test so you could get lucky).<br /><br />I determined that my water is slightly hard. I decided to fire up the water softener. You have to purchase salt for dishwashers. This is critical - do not use table salt, rock salt for melting ice, or salt for a home water softener - you will ruin the softener with these things. A bag of salt is $19 at Amazon (Bosch Finish SGZ9091UC Dishwasher Salt). Three quarters of that bag filled the salt reservoir - just enough salt left over that when the salt runs out, I can get by until a fresh bag arrives. I have no idea how long a bag will last - it depends on how hard your water is, how many loads of dishes you wash, and which cycle you use.<br /><br />In general, the owner's manual is good. Loading options, explanation of the cycles, and tips on how to use it were all very clear.<br /><br />Now here's the first thing that irritated me about this machine - programming the machine for the water softener and amount of rinse aid to use. Granted, I'm going to do this one time, maybe twice. But darn it the instruction manual is just wrong and confusing for this. Depending on your water hardness, you have to set the softener to the correct number. In order to enter programming mode - hold the Normal button, then press and hold the Start button until the display changes to a letter:00. You will need to cycle through the different modes to set the rinse and softener. Press the Normal button until the correct letter shows up: R is for rinse, H is for the softener (the instructions are actually wrong, they say the setting is with d:00). Now to change the setting for the function, press the Rinse or Express button until the desired number is displayed. Press the Start button or remember the setting.<br /><br />There's an easy way to think of programming the machine - the Normal button is essentially the Mode button, the Start button is the Enter, and the Rinse and Express are arrow up and down. If Bosch would just put those words in small type on these buttons life would be a lot easier. To enter the programming mode, press and hold down the Normal and Start button.<br /><br />There are a few other options in that programming menu: r = rinse, h = softener, b = the sound for cycle completion, p = auto power off, s = turn the projector off or on, and d = intensive drying. I've seen some posts on the internet where people are confused by this setting, or can't find it. If your dishes aren't getting dry with the normal settings, enable d, or intensive drying and the final rinse will end up hotter to dry dishes faster.<br /><br />There is a manual filter in the bottom of the dishwasher. If you see food on that screen, it is really easy to pull out and rinse. An eighth twist of the handle releases it.<br /><br />I love this dishwasher. At first it is a little complicated to use. I can't believe how quiet this thing is and how many dishes I can load into it. The wash cycle might be long, but it doesn't really matter since I only need to run one load (there are cycle settings to get a faster wash if dishes aren't as soiled). It is also water friendly - the Auto cycle uses between 3.5 and 6.5 gallons of water. That is less than I would use hand washing dishes. A Half Load only uses 2.7 - 4.4 gallons of water. And the machine looks great. It also played to my technology side with that projector.hine can be set to delay start, you press in the number of hours to delay start. There are a bunch of other cycles like glass, heavy, express, half load, etc. I just use Auto, it works.<br /><br />Once you've chosen the cycle (the machine remembers the last one chosen) - touch the On / Off button (the buttons are all touch sensitive, they are not true press buttons), press Start for a second until the machine beeps, and then close the door. If everything is good, the timer will light up on the floor. The machine beeps subtly twice when the cycle is done. If you aren't in the room with the machine, you won't hear it.<br /><br />Now that you've decided to buy one of these, there are some oddities. Installation is really sweet - Bosch gives you most everything you need and uses high quality parts. The electrical junction box is plastic with a sealed electric cord. That cord plugs into the back of the machine. The water connection is a black nylon covered rubber hose that looks like a washing machine hose. The connections are standard compression fittings (if you have a dishwasher already, this hose should work). The drain hose is a little odd; the garbage disposal connection end is the OD as the OD of the garbage disposal hook up. You'll need to lubricate the fitting and wrestle with it a lot to get it connected. The machine has three legs, two in front and one in back. At the front panel there is a flat blade screw slot to raise or lower the rear leg. You'll need to use a wrench on the front two legs. There is a rubber flap that goes behind the front kick plate area. Bosch includes a black metal kick plate panel - you probably won't use that. They did a great thing with the cabinet attachment - you have a choice of attaching the unit with screws on top or the sides. For granite counters this is brilliant.<br /><br />The dishwasher has a water softener built in. By default it is turned off. The dishwasher comes with a water hardness test strip. I was an analytical chemist for many years; I've never seen a test strip that is worse than this one. Apparently, if a square changes color (or gets dark) that is a positive square. The instructions make it look like the squares will be black and the other will be white. That doesn't happen. I'd strongly encourage you to buy a real set of test strips or have your water tested for hardness (some municipalities will publish hardness - it isn't a required test so you could get lucky).<br /><br />I determined that my water is slightly hard. I decided to fire up the water softener. You have to purchase salt for dishwashers. This is critical - do not use table salt, rock salt for melting ice, or salt for a home water softener - you will ruin the softener with these things. A bag of salt is $19 at Amazon (Bosch Finish SGZ9091UC Dishwasher Salt). Three quarters of that bag filled the salt reservoir - just enough salt left over that when the salt runs out, I can get by until a fresh bag arrives. I have no idea how long a bag will last - it depends on how hard your water is, how many loads of dishes you wash, and which cycle you use.<br /><br />In general, the owner's manual is good. Loading options, explanation of the cycles, and tips on how to use it were all very clear.<br /><br />Now here's the first thing that irritated me about this machine - programming the machine for the water softener and amount of rinse aid to use. Granted, I'm going to do this one time, maybe twice. But darn it the instruction manual is just wrong and confusing for this. Depending on your water hardness, you have to set the softener to the correct number. In order to enter programming mode - hold the Normal button, then press and hold the Start button until the display changes to a letter:00. You will need to cycle through the different modes to set the rinse and softener. Press the Normal button until the correct letter shows up: R is for rinse, H is for the softener (the instructions are actually wrong, they say the setting is with d:00). Now to change the setting for the function, press the Rinse or Express button until the desired number is displayed. Press the Start button or remember the setting.<br /><br />There's an easy way to think of programming the machine - the Normal button is essentially the Mode button, the Start button is the Enter, and the Rinse and Express are arrow up and down. If Bosch would just put those words in small type on these buttons life would be a lot easier. To enter the programming mode, press and hold down the Normal and Start button.<br /><br />There are a few other options in that programming menu: r = rinse, h = softener, b = the sound for cycle completion, p = auto power off, s = turn the projector off or on, and d = intensive drying. I've seen some posts on the internet where people are confused by this setting, or can't find it. If your dishes aren't getting dry with the normal settings, enable d, or intensive drying and the final rinse will end up hotter to dry dishes faster.<br /><br />There is a manual filter in the bottom of the dishwasher. If you see food on that screen, it is really easy to pull out and rinse. An eighth twist of the handle releases it.<br /><br />I love this dishwasher. At first it is a little complicated to use. I can't believe how quiet this thing is and how many dishes I can load into it. The wash cycle might be long, but it doesn't really matter since I only need to run one load (there are cycle settings to get a faster wash if dishes aren't as soiled). It is also water friendly - the Auto cycle uses between 3.5 and 6.5 gallons of water. That is less than I would use hand washing dishes. A Half Load only uses 2.7 - 4.4 gallons of water. And the machine looks great. It also played to my technology side with that projector.	2014-02-20
US	52485560	R28PH0RCLN4RF	B004132GZE	214174437	KitchenAid Superba Architect II KUDS35FXSS Fully Integrated Dishwasher - Stainless Steel	Major Appliances	1	6	7	N	N	3rd Kitchenaid fails after 3-4 years	This review regards this line of dishwashers (we've had 3 in the series).  We built our house 10 years ago.  In that time, we've replaced our Kitchenaid dishwasher 3 times.  All last about 3-4 years.  We always pay more than $1000 for the high-end model.  The build quality on these is pretty poor.  Even with 3 replacements, we've had each of them repaired once or twice.  Pumps, motors, rails, leaks, door counterweights, you name it.  We've spent over $5000 in the 10 years we've wrestled with these.  Don't ask me why we've been so loyal.  I think it's because each time we replace one, the Kitchenaid is on sale, or it has the best user experience, or whatever.  At this point, I'm not just unlucky.  These machines are designed to fail in 4-5 years.  Or, they are designed with incompetence.	2012-12-11
US	20155397	R1JXGRKN4ECAFM	B002UQ107O	396066896	Granite Grabbers Dishwasher Mounting Brackets	Major Appliances	2	0	0	N	Y	It last two weeks	I followed the instructions and it lasted only two weeks, I guess I will have to try something else to hold my dishwasher in.	2013-10-17
US	15372587	R1ORCY25P7YBWZ	B001DHGJ9K	496154335	Norge Dryer Lint Screen / Filter / Trap 33001808 Home Improvement	Major Appliances	4	0	0	N	Y	Good Replacement	As mentioned in a previous review the screen is a tight fit until it is used a few times. It isn't the same quality of materials as the original from Maytag, but at that price you can buy several replacements.	2013-01-02
US	15924850	R10CCK8IXKA1FP	B003DA62VA	380393589	Whirlpool 4396841T PUR Push Button Side-by-Side Refrigerator Water Filter, 3-Pack	Major Appliances	5	0	0	N	Y	great deal	I was hesitant to order through the net such a precise item but when I got it I found out that it was perfect and original. From now on I will always enjoy the savings I got on these filters.	2010-09-12
US	35558101	R2EWJZVXO723VW	B003TVPE7G	222136659	U-Line 2275DWRCS00	Major Appliances	1	0	0	N	N	Terrible products	I own three of them. They are expensive, and after 3 years, 2 are broken. It was made with bad quality. My hand got cut twice inside the drawers since the edge is so sharp.	2014-03-23
US	47473726	R353OIE7YNXPTW	B008DJ4PQK	481019244	HALEY'S CORKER® 5-In-1 Corker	Major Appliances	5	0	0	N	Y	Greatest Gift Ever	Tried it at a vineyard in Virginia and had to buy as many as possible.  Love giving it to wine loving friends and hearing how much they enjoy using it.	2013-03-20
US	19938998	R1I4NZ1VED642	B0050KL2DY	801119928	1 X 28QBP0497 MICROWAVE SWITCH 16 AMP 2 TERMINAL FOR Multiple Brands and Models REPAIR PART FOR AMANA, ELECTROLUX, GE, KENMORE, MAYTAG AND WHIRLPOOL	Major Appliances	5	0	0	N	Y	Cheap but reliable	This is a good price for this switch. Beware, this isn't the easiest job depending on your model of microwave.	2014-03-21
US	29374547	R2K8F5MNS8UW4J	B008DJRFVW	428549635	Whirlpool Part Number W10350376: ADJUSTER	Major Appliances	4	0	0	N	Y	Whirlpool W10350376 Rack Adjuster	A pricey chunk of plastic. Had to have it tho since the top rack was falling out of the tracks. Fit perfectly. Easy to install.	2013-09-27
US	8997232	R1PAELVWDX860	B001E0LJRS	409142437	Whirlpool Dryer Door Switch / Latch 279347	Major Appliances	5	0	0	N	Y	dryer door switch	The dryer door switch was sent promptly.  After installing the part my dryer is now working again, saving me hundreds of dollars.  I did not have to buy a new dryer.	2013-10-16
US	50568727	R2EPABD0MQFD9O	B002ZV0OJO	892941206	NewAir AW-121E 12-Bottle Thermoelectric Wine Cooler	Major Appliances	3	0	0	N	Y	Adequate, but not the best for the $$	It works fine, but it is not quiet, and it doesn't hold the amount of bottles that it claims to (none of them do).  It does look nice.  We later bought a different, less expensive fridge, which holds more bottles.	2014-03-19
US	34704596	R2A5AMTMWA3L3W	B003JN39O4	636155346	Whirlpool WFW9050XW 27 4 cu. Ft. Front-Load Washer - White	Major Appliances	1	14	17	N	N	Read this before you buy	"We had the washer for year and a half. First, 4 months after the purchase we had to call the service department to replace the dispenser unit. That was for free and you kinda say \\""well, whatever\\"". A week ago the error F 71 appeared and the machine stopped working. I was able to run it for couple more cycles, and than it died. The cost of repair of the Electronic control board was estimated as $700. Needless to say, it's as much as buying the new machine. Called Whirlpool customer service, but they won't stand behind their product if you did not buy an extended warranty. We used to use other brands and good washer machine can last decades with good maintenance. Decades! not 19 month! Beware of the Whirlpool service and their products."	2011-06-30
US	44406386	R3VTPLH9YYAAP6	B000UWGLGU	187873777	Haier HLP140E 2-3/5-Cubic-Foot Compact Tumble Vented Dryer	Major Appliances	5	2	2	N	Y	Haier Compact Dryer! YaY...it's a blessing. I love it!	I purchased the Haier portable washer first because I wanted to see how Haier products were as far as quality goes. I really was impressed with the washer so I purchase the dryer from Amazon about 3 weeks ago. The dryer arrived very quickly and was packed extremely well. (Thank-you Amazon) It was very easy to set up and comes with hardware for wall mounting. I am not able to mount this and don't want to so be aware that you will need a sturdy utility shelf or something to put it on. The controls are below the door so you have to bend down to turn it on. The dryer has an excellent lint vent inside and filters lint well but you will need an indoor vent kit for sure as the fine lint escapes. Even with the indoor venting kit I still get fine lint but its not terrible. The moisture that comes from the dryer depends on what you are drying and how big of a load you put in it. I use a combination contractable clothes line strung across my apartment and this dryer. Open a window when drying if weather allows to let out the humidity. I recommend venting to the outside if its possible. The drying times are longer than a standard size dryer but the settings are wonderful and easy to use. Combined with the Haier washer this was the best purchase I have made in a long time and my clothes are super clean and nice.	2011-04-08
US	51125892	R2JRUWIIX3LVA2	B0002VLTK2	242479852	Danby DWC612BLP 75 Bottle Wine Cooler - Platinum	Major Appliances	1	12	14	N	Y	DO NOT BUY THIS	For 5 months this has been an adequate, if not somewhat loud wine fridge.  This week it has been very loud and today I noticed that, although the temp is set at 56, my wine had frozen and several bottles (of very nice wine) had exploded.  The damage/cost of the lost wine is hard to estimate or think about.<br /><br />I contacted Danby earlier this week about the noise, but they haven't felt it necessary to respond to my service request.  BEWARE.	2013-01-20
US	39941682	R2453SRABQFFJR	B002ROS27U	461806580	Whynter UIM-155 Stainless Steel Built-In Ice Maker	Major Appliances	5	7	8	N	Y	Ice Maker	this product makes ice constantly if needed. It is very quiet. We bought it for my Mom and she loves it. It does stop when full. I may buy a second one for my home.	2012-10-26
US	15378802	R1YKO1MQ0L8B3	B00CCILHEG	225834289	Keystone KSTRC312BB Energy Star Compact 2-Door Refrigerator/Freezer, 3.1 Cubic Feet, Black	Major Appliances	1	9	9	N	Y	Didn't work	The lights turned on (so we knew it was getting ample power), but the temperate controls didn't work at all.	2014-02-12
US	44997636	R3AINJOVGCVM5R	B002ZNP8SY	252724248	Frigidaire Refrigerator Water Actuator Arm 241685703	Major Appliances	3	1	3	N	Y	Stock part	It appears to be the stock part. Hopefully it holds out longer than the original, which broke when kids pushed too hard on it.	2012-01-11
US	35715380	R3P3MVLWQ2SBPN	B003TW0Q28	679023702	"LG LRG3093 29-15/16"" Wide Freestanding Gas Range with Flat Broil Heater,"	Major Appliances	5	7	12	N	Y	Awesome Gas Range	We saw this range in Home Depot, checked with Amazon, and found that it was $100 cheaper. It came within days. It works perfectly and looks amazing in our kitchen.	2011-03-03
US	17026211	R2XGJXGAE3SRAY	B002KPM7L8	522487135	Frigidaire FGMV174K 1.7 Cubic Foot Over-The-Range Microwave Oven with Effortless Reheat and SpaceWis,	Major Appliances	3	2	3	N	N	Fan malfunctions at random times	The fan will come on by itself at random times and will not turn off until I unplug the microwave.  This happened several times over a period of a couple months then again occasionally.  This started happening about 2 years into using it.  It hasn't happened recently, probably not for the last 9 months or more.  Hopefully, it will not return.  The fan is also fairly loud to the point you have to elevate your voice to carry on a conversation.  Everything else is average but it sure looks nice and that is why I was foolish enough to buy it. I would have given it one star if not for the fact you can work around the problem by unplugging it and plugging it back in to get the fan to turn off and I can live with the noise it makes.	2014-02-09
US	30379312	R120GVLQFUK5DV	B002QUAPSO	835944606	Breathing Mobile Washer Classic - Portable Clothes Washing Machine - Handheld - Manual - Mobile Hand Powered Laundry Solution - Superior Materials and Construction	Major Appliances	3	3	7	N	Y	Better than using your hands	I'm not really all that crazy about doing hand washing when we go to Africa, so this will be a &#34;simpler&#34; way to do our laundry - at least I won't have to squat on the floor. We will see how this &#34;advanced technology&#34; will affect the locals who come to watch this new gadget that the white lady uses. Will it open up a market?<br />I thought it would have some kind of inner pumping mechanism, which it doesn't. But it seemed to work pretty well as is. The handle does unscrew too easily so I may wrap some nylon (stocking) on the threads, and I will be getting a longer handle. That should make it almost &#34;perfect&#34;.	2014-04-10
US	47557778	R2UAI4DMKT6QG7	B004W7K3JA	856617815	Frigidaire Oven Bake Element 316075104	Major Appliances	5	0	0	N	Y	Great bargain	WE priced these at a appliance store and they were asking 3 times as much it was fast shipping and arrived undamaged in just a few days.  Works great easy to install would def recommend	2012-08-04
US	29369919	R24MUT9CQ3B8TZ	B00064NX68	240781307	Whirlpool Washer Motor Coupling # 285753A	Major Appliances	5	4	6	N	Y	Saved $175 by spending $4.98	"Priced repair for my Whirlpool washer at $175 (potentially even more if technician had \\""found\\"" any additional repairs \\""needed\\"") Went on-line, diagnosed problem and part needed. Watched several on-line videos and \\""Amazoned\\"" part for best price. Priced from $19 at Sears parts, $11 from several appliance sites to $4.98 (w/free shipping) from this discount site.  Ordered on Sunday and received item on Wednesday and repaired washer next day (on Thanksgiving - how appropiate!) Great!"	2011-11-27
US	52511841	R3AA8D2MVS0Z0T	B00006LABV	98157048	Haier HVDO24E Designer 24-Bottle Capacity Wine Cellar	Major Appliances	2	25	26	N	N	Fine if you're not too fussy	Becoming interested in wine ?  Have some better bottles that need to last through 90 degree plus summers ?  This may be the product for you.  It's inexpensive compared to many similar products and nice-looking.  However if you are approaching &quot;wine geek&quot; status this may not be for you.  First of all, when we assembled the door there was a 1/8 inch gap between the door and the unit leaving just enough air space to let summer humidity in.  Fortunately we were able to adjust the door, but no thanks to the instruction manual. <br />Also, the temperature setting fluctuates on a daily basis probably too much for someone who is very concerned about a constant and exact temperature.  There is also no humidity setting.<BR>  <BR>One other caution: to actually hold 24 bottles, you'll have to do some creative bottle arranging.  Many wine experts say one should buy the largest capacity one should afford.  With that said, you might want to spring for at least a 30 bottle capacity if you think you'll be collecting in the future.<br />For us, the unit is fine.  If this model at this price had been unavailable, I probably would not have bought one at all.   So, as an entry level wine cellar it is OK.	2003-09-11
US	52925599	R2635A4LCHK5TE	B001NFSXKK	931099014	Danby DDW497W 23 Countertop Dishwasher - White	Major Appliances	5	13	14	N	N	A serious appliance	I find most non-paid reviews either come from those who, for their own reasons, choose to identify themselves as reviewers and, as such review many products - or the frustrated populace who feels screwed by the vendor/product that is in their crosshairs. On occasion, maybe you'll get somebody like me...I don't generally review because most purchased items fall within a median of the superb thing the manufacturer and PR agency says they are, and the devil's joke the poor souls who feel gypped and powerless believe them to be.<br /><br />I'm only inclined to review this because it fell entirely out of that median. I have abodes on both the east and west coasts. West is my house, new built-in dishwasher always ready to perform. East is a loft in Brooklyn that I've had to furnish on the fly. It came with stove/oven, fridge, sink, counters, cabinets and that's about it. In time an automatic dishwasher seemed like a good idea...nothing permanent, nothing built in. Years ago I bought a vintage hose-to-sink dishwasher from the 1950s at a yard sale. It had a great look but it was worthless in terms of utility.<br /><br />It was with this in mind when I began to seek out a new  hose-to-sink dishwasher for the loft. All the PR trumpeting technological advances in these units got me even more interested, but seriously....I expected an appliance that was marginally better than the '50s model. When I encountered the Danby DDW497W, I liked the approach....green by way of using less electricity, water, and soap than the real built-ins. Its size seemed like a good fit for the loft too, so I bought it.<br /><br />Nothing in the literature or review prepared me for what I got: the VERY BEST dishwasher of ANY variety I've ever encountered. It's better than any of the many built-ins I've used, including the Whirlpool unit in my West Coast house. I don't believe even Danby expected this....the manual was full of caveats to offset the obvious extrapolations of disappointment. What's so great about this unit? First, all the green stuff is true. It costs a pittance to run. The internal heating element used to up the the hot water temp from the faucet also struck me as a great idea.<br /><br />When I first hooked it up I was quite nervous about leaks...there were none. The quick-fit faucet adapter worked perfectly as did the basic functionality of the appliance in general. Still, initially I selected the heavy duty wash mode to give the Danby every chance to do the best it could. In that mode, the thing ran for quite a while but when it was finally done, I opened the door, turned the power off, detached it from from the sink, and unplugged it. I'd done the normal dish pre-rinse I always did before running my plates, bowls, implements, etc. through the cycle. I was, nevertheless, surprised to encounter squeaky-clean dishes, silverware, and glassware minus even the hint of a streak. Leap forward to 6 months later: I've stopped cleaning off my dishes at all. I've downgraded the cycle to the lowest (P3) the machine offered - which was considerably faster. I've used the unit once or twice a week since I got it. And no matter what I did, everything I've ever put in this dishwasher came out pristine squeaky clean for a tenth of the cost used to run my dishwasher out west. That would be the end of it but for one thing: because the water pressure was lower than that of the big units, I found I could be very 'creative' with my loading. I was able to nestle things together which in a built-in would surely foretell eventual breakage. Items could touch, lie atop one another...basically break every rule of dishwasher loading and still come out - no hyperbole - SQUEAKY clean. I want the Danby folks to know just HOW satisfied I am because these days underperformance is the norm.<br /><br />UPDATE: It is now 10/09/12. I've had this dishwasher since 4/12/11. Everything I wrote above still holds...ALL of it. The only thing that seems to have changed is that it appears Danby has discontinued the model. How rare it is in this world that the best example of something is the one that survives, but Danby, why? If the plastic on the door came loose, use another method of attachment. If items fall through, add another strut to the basket. If Ms. Consumer wants a bigger fork basket, just have one made...these are small problems, and me?...well I haven't encountered ANY of them. This Danby dishwasher is still the finest automated dish washing machine I've ever encountered, almost two years after its first use. Hint, if you make those tiny changes, you can change the model number to something new! new! new!<br /><br />Oh, it just occurred to me...one thing HAS changed. My deluxe, expensive, big-name brand West Coast dishwasher has failed and was replaced while little Danby is still Dandy!	2011-08-07
US	22429899	R1GA536N0X45AN	B000UWGLGU	187873777	Haier HLP140E 2-3/5-Cubic-Foot Compact Tumble Vented Dryer	Major Appliances	5	2	2	N	Y	serious little thing	I was sceptical when I saw this dryer because of the size and I thought it won't dry clothes well, but when I tried it I was shocked, it dries clothes just like a dryer at the laundromat. It takes the same amount of time that a large dryer takes, but when I read comments about how long it takes and how hot the house gets, I was thinking I shouldn't buy this dryer, but I was wrong it's a good dryer. The lint filter in the back is easy to take out, clean and put back in, and my apartment doesn't get hot when it's on. It's so quiet if it wasn't for the beep at the end of the cycle I wouldn't know it was on, great machine.	2011-09-05
US	13515546	RD8T0S367YD5N	B003XEUEPQ	768882843	Frigidaire 131763202 Door Latch and Switch Assembly for Front Loading Frigidaire & Kenmore Washers	Major Appliances	5	0	0	N	Y	Worked perfectly	I, like many,  had issues with the final spin. After taking the Affinity washer apart, I found something in the drain catch. That turned out to not be the issue, so after researching I found this. I ordered it, it arrived, and 30 minutes later I finally had a working washer once again. Glad I didn't have to buy a new washer!	2014-03-13
US	53074513	R18XY1W72MQHEP	B0052EVQZC	416611321	Danby DCR88BSLDD 3.2 cu.ft. Compact Refrigerator - Spotless Steel	Major Appliances	5	1	3	N	N	Great compact refrigerator for spare room or elsewhere	The design of this compact refrigerator was very well thought out and provides for maximum amount of storage in a relatively small design. We use it in a spare room in our house, as the refrigerator in our kitchen is too small. What I especially like about this unit is that unlike our regular stainless steel refrigerator, this one doesn't display fingerprints when touched. This would make a perfect refrigerator for a small RV or for a college dorm room. While it does comes with a freezer section, it's very small and wouldn't provide much room for items other than ice. It comes with a nice beverage dispenser, essential for college use, and it keeps items at an accurate temperature level. It's a nice refrigerator in a small compact design and the price is right.	2012-12-22
US	12104951	R3QHLZW58877T9	B002R9EYB8	782968484	Primo Products 900143 Top-Loading Bottled Water Dispenser - Quantity 1	Major Appliances	1	4	5	N	Y	Don't Buy, forced to rate one star, would have selected 0 stars	Received the cooler and found that when installing the pedestal, that only two holes lined up to screw on the base.  Water tasted like plastic, followed the cleaning instructions, which helped, but still had a plastic taste.  Then the unit started tripping my GFI circuit in the kitchen.  Instructions in unit says, don't call amazon and don't call the amazon vendor, but call Black & Decker.  Reading between the lines, I doubt that I'm going to have any luck on a refund.  Went with a local company and a cooler which uses a stainless steel tank.	2011-01-29
US	33305163	R8N05PVMA29B	B0025ZI07I	200942491	Sunpentown UF-311W Energy Star 2.8 Cubic-Foot Upright Freezer, White	Major Appliances	1	12	13	N	Y	Dead after 4 months!!	Worked for 4 months during the summer. Turned off during the winter. When started back this year IT DOES NOT GET COLD anymore! IT is 13 months old and ready to hit the dumpster because it costs more to repair it than get a new one! Never again SPT!	2012-05-24
US	47062462	R2VXZS1OLD9HPS	B00H1S7GTC	628889913	"Frigidaire FGES3065PF Gallery 30"" Stainless Steel Electric Slide-In Smoothtop Range - Convection"	Major Appliances	1	8	14	N	N	Do not buy this stove	It vents out the front.  Blows cold air on the cook every time you turn on a burner to cook.  Wish I had never bought it.	2014-03-05
US	17271028	R1AK92ELXY7778	B0035M77ME	779351429	WE01X10160 GE Dryer Timer Control Knob NEW	Major Appliances	5	0	0	N	Y	It Fits	Replace meant part fit perfectly. Saved some cash and time by not going to a B&M store for this part.	2014-03-17
US	18831775	R11P9Z4IV1IHDO	B002TG8HEE	656283532	LG 4.2CF STEAMWASHER FRONT CONTROL G STL	Major Appliances	1	0	0	N	N	Does not clean well, customer service is bad	"If anyone has had this machine eight months they will hate it!  It does not clean clothes.  You are instructed to use longer cycles (1 hour 46 minutes for towels) plus extra rinse and only load the washer 1/2 full.  This is not energy efficient, it should not even be rated as energy star.  After higher temps, 1/2 loads, extra rinse and cleaning products to clean tub, you are right at the price of a top load agitator for energy cost.  However, a top load is much less expensive.  LG only reads off scripts provided by company to answer questions.  A \\""factory trained technician\\"" told me this machine was so advanced it was able to split molecules when you use the steam option.  Really????  That would be a real blast!!!!  If I pay $1200.00 for a washer it should work well not turn my whites grey and smelly!"	2012-06-26
US	44161060	R3FZS9OWS1ZFKC	B001DPRG8U	958803424	LG Washer Drain Hose 5215ER2002G	Major Appliances	5	1	1	N	Y	Appliance parts	I wanted to repair my front loading washing machine myself. After diagnosing what the problem was, through observation and a YouTube video, that showed me how to take apart my Washing machine, I tried ordering it through a Website, Not amazon. The customer service person sent me a diagram of the parts, which I could not understand at all. Therefore I went to Amazon and located the product at almost half the price, for OEM part, and saw a clear diagram of exactly the part and the number I needed. I was pleased with the quickness of the delivery and receiving exactly the right part.	2013-01-08
US	51074987	R2PQHBNNKVMTAW	B0019MP4QS	117158837	ED30SCH 30&quot; Built-in Dishwasher with 4 Wash Cycles Smart Cycles Sensor Technology Condensatio	Major Appliances	1	2	2	N	N	not good	our experience with decor and this dishwasher in particular would have me not recommend it in the strongest of terms.	2013-02-18
US	1937415	RTOSIOEZY3JLA	B00067YLL6	269352095	Frigidaire(R) Refrigerator Icemaker Kit (Color: White)	Major Appliances	5	0	0	N	Y	thank you	Its works great, it was very easy to install ,it started to make ice with in the hour  thank you	2014-04-23
US	43588324	R15WJME39L09EM	B003VVG20C	840070585	Maytag MVWX500XW Bravos X 3.6 Cu. Ft. White Top Load Washer - Energy Star	Major Appliances	2	0	1	N	N	Returned it after 4 weeks	I really wanted to like this washer but for all the negative reviews it got I can attest they are mostly true. The biggest problem with it for me and the deal breaker was  my clothes were not getting clean. Antiperspirant white marks, undies not coming clean. Whites very gray. For anyone looking to occasionally hang out your laundry to dry this machine is NOT for you. It wrings the clothes so much that they are twisted and scrunched. You would have to iron everything after drying. I had a HE front loader for the last 12 years and it tumbles the laundry after the cycle to loosen everything up again so it is easy to transfer to the dryer or hang. I did buy the set and was not impressed with the dryer either. This machine wrings so much water out one would think that it would be less drying time but no, it was a minimum of 60 minutes or more on HIGH to get anything dry. Went back and got stack-able front loaders.	2013-10-08
US	35556833	R2Y55J81MHBGVQ	B002LSO9WE	45101517	Maytag Bravos Series MVWB850WL 28 5 cu. Ft. Top-Loader Washer - Lunar Silver	Major Appliances	1	0	0	N	N	"It""s so pretty but it should be yellow, not silver (it's a big lemon!)"	3 years and 1 month and the washer is toast!  Too bad so many things aren't made well anymore.  This is a supposed to be a higher end washer with lots of features but it is junk - don't buy it!  So why does the Maytag repairman on tv stand around with nothing to do?  Because the product is junk and not worth fixing. (I think he died any way - RIP)	2014-02-04
US	38662589	R29QSIRO16OO0J	B000GZ8MFO	69205750	Maytag Gemini Series : MGR6875ADS 30 Freestanding Gas Double Oven Range - Stainless Steel	Major Appliances	5	18	19	N	N	Excellent!	We purchased this oven before the holidays - Love it!  The top portion, which serves as a smaller oven, is perfect for cooking just about anything.  I've broiled steaks and chops, and baked cookies and cakes, everything has been fantastic!  It is absolutely wonderful to have 2 ovens in 1 appliance.  How often do you have potatoes going and the rest of your meal needs to be in the oven as well.  This solves all the problems!  We cooked our turkey and everything else with no conflicts this season!     The smaller oven on top makes it perfect for those of us with really bad backs!  I can barely bend over many days, but the top oven is at the perfect height to comfortably take whatever is in - out of the oven.       The burner controls along the side are great - gives the oven a much more streamlined look.  The oven lights go on when the either door is opened.  The entire appliance is very easy to keep clean.  Overall I am thrilled with this purchase, I love the oven and would recommend it to anyone - it's really a plus for a busy kitchen.	2010-01-02
US	30231465	R21PJYYZ5CYEC	B005EH0CFC	64516752	Tuscany Vineyard Wine Theme Kitchen Dishwasher Cover	Major Appliances	5	1	1	N	Y	Love!!!	This is perfect for covering up my white dishwasher.  Really makes my kitchen look nice.  Matches the wine/grape decor I have and my oak cabinetry.	2013-04-24
US	29669128	RE8VY8GF3HV40	B001F559LE	958537736	Avanti VM301W Upright Freezer with Manual Defrost - White	Major Appliances	4	0	0	N	Y	just the right size	I needed space in my garage and had a huge old freezer that was always half-filled.  I replaced it with this little gem and now have reclaimed plenty of storage space, not to mention cut down on electricity usage.  It came a little banged up so I guess they could work on improving packaging a bit.  But it seems to work great and I am pleased with the purchase so far!	2011-02-26
US	50807921	R3IGEL7QRQ5OIW	B000GZ2IJA	28994983	LG : LSC27910ST 26.5 cu. ft. Side by Side Refrigerator - Stainless Steel	Major Appliances	4	0	0	N	N	10 years old, serviced once	I've had this side by side now for 10 years.  I had the fan assembly replaced once by a repairman about  7 years ago.  It has worked flawlessly since.  I watched what he did to remove the fan.  I'll know what to do next time it fails.  It makes ice with no problems and is the original ice maker.  4 stars for the fan problem.  Other than that, great product.	2012-10-01
US	34633160	R17Z3U8M85KMSE	B00BB4IOY8	662083201	Whirlpool WRS325FDAW 25.4 Cu. Ft. White Side-By-Side Refrigerator - Energy Star	Major Appliances	5	21	23	N	N	Quiet with LOTS of Features - Read for Detailed Review	Decided to purchase a new side by side fridge and since I have always been happy with Whirlpool in the past, I selected this model.<br /><br />PROS:<br /><br />1) Very quiet - It is hard to hear when it runs.<br />2) Keeps my cold items in fridge very, very cold. My ice water is very cold even with the ones in plastic bottles!<br />3) The freezer quickly freezes my meats, veggie etc with NO FREEZER BURN. I just tightly wrap my meat, veggies and let the air out of the bags and this freezer keeps the items almost like fresh.<br />4) Love the icemaker/water in the door feature. Outside there is a combo water/ice and dispenser. The ice is a great size for any size glasses.<br />5) Easy to clean this model.<br /><br />CONS:<br />None that I have found.	2013-07-06
US	13472492	RJZLST0BPPL7L	B0049OXU1O	618770050	GE Profile PVM1790 Stainless Steel Over-The-Range Microwave Oven	Major Appliances	1	5	7	N	N	Poor upgrade	I bought this GE OTR 1.7 microwave because my old one of 15 years had a non-replacable broken handle. The salesman said this was an upgrade with better sensor options. Liar. Popcorn still needs extra time added to it.But the real reason I'm writing a review is about the poor placement of the hood lights. My old GE had the lights on either side of the exhaust fan and lit up my entire range top. This one has the light BEHIND the exhaust fan and lights up my back wall. The 2 level lights are very low as it is... and now basically non-functional.	2013-05-28
US	38755738	R17FY3LCRD3ESK	B001DHKCNY	425697259	Whirlpool Part Number W10130695: LATCH	Major Appliances	5	0	0	N	Y	Perfect fit.	Perfect fit, just like the original part.  It's nice to not have to yank on the door to open it anymore...	2013-02-15
US	28475080	R3BFJEXKT08V4C	B002UYSHMM	429051224	Haier HLP21N Pulsator 1-Cubic-Foot Portable Washer	Major Appliances	5	0	0	N	N	Very good washer	It takes up small space, but big enough to holds normal load. The clothes become very clean after wash. It easily hooks up to the normal faucet. The only drawback is that it produce loud noise when spinning to dry.	2013-02-11
US	21266424	RXCQWPHXM79S5	B0047W7RPS	22177474	Gas Range Oven Ignitor for Viking Range replacement for PB040001	Major Appliances	4	0	0	N	Y	Works as described	Item was shipped as promised and works as described.  The mounting bracket fit without any adjustment.  The only thing better would have been to ship screws with it.	2013-10-25
US	48905723	RTZFO39V192XF	B000PI460C	377336510	Haier HNCM070E Chest Freezer	Major Appliances	3	9	10	N	Y	Works Great, but what's with all the dings	This Freezer came pretty dinged up.  It works great but there are dings all over the freezer. I do not know if it is because UPS doesn't take care of anything, of if the supplier Amazon has doesn't take care of it in their warehouse, but there is no reason for as many dings as I got on my Freezer.  Fortunately, everything works and I have it filled up now.	2008-07-07
US	10148537	R3J0MB36B5005Z	B003JRI04O	140400920	Frigidaire cooktop	Major Appliances	4	10	12	N	Y	New Cooktop is great!	Our new cooktop, the Frigidaire FFEC3024LB, fit all of our needs. The best part was the installation process. The instructions were very clear and concise. Not being very familiar in installing a cook top before I began by dismantling the old one in order to disconnect the electrical connections. Don't bother. The new Frigidaire comes with the connections already connected leaving you the only task of connecting the unit to the home's electrical source. Save some time and effort by just disconnecting the old from the wall source and connecting the new in its place. Total time for installation by a do-it-yourselfer was about 45 minutes to and hour. Also, the old cook top fit in the new cook top's packing. Easy for disposal at curbside on garbage pick up day.<br /><br />In addition I had to trim the opening slightly for the new cook top to fit. It replaced a same size cook top but the dimensions needed were 1/16th of an inch more. A hand sander did the trick and the new stove top fit nicely.<br /><br />The stove top has performed as expected. The larger controls are nice and are easily removable for cleaning. The controls each have very clear temperature selection stops and a delineated simmer selection that is very handy.<br /><br />We had considered getting the white model but settled for the black model due to concerns with keeping it looking nice. So far cleaning is a snap and we only use hot water, soft cleaning rag and an occasional small application of dish soap followed by a water only based wipe. Very satisfied.	2013-10-25
US	52150149	R1LFRCXPUF0WFJ	B00132J8RA	726159599	BeerTender from Heineken and Krups B95 Home Beer-Tap System	Major Appliances	5	91	95	N	Y	Works great , easy to use fun to pour	"If you love draft beer but don't drink enough to need a full keg this is for you!<br /><br />I like my beer ice cold poured in a SMALL frozen glass .... I dont drink enough to warrant a full size type draft keg machine with all the hassles that come with it (like Co2) this unit is simple: just drop the draughtkeg in and your done. This unit has a thermostat setting that lets you set it to 36 degrees , the other unit will not allow you to lower the setting so this alone makes it worth the extra $20.<br /><br />With the draughtkeg and beertender you get a nice little fridge who's sole job is to keep that keg ice cold and easy to pour... since it has a bottom drip tray you can pour your draught \\"" english \\"" style by letting the first half second just pour out to clear the foam then quickly put your glass in to get a nice pour with little foam - you cant do that when pulling from the big fridge....<br /><br />What makes it nice is you can pour as much or more importantly as little as you want... like I said I like a small beer glass  that gives me nice cold gulps of beer then just pour more - no wasted warm beer just nice and cold PLUS its fun to pour ! Lets face it this is a luxury item because you could just keep it in the big fridge and pour from there but thats no fun! Plus the big fridge is not going to maintain that keg at a constant 36 degrees!<br /><br />The unit itself is pretty small and very light - it uses some induction type cooling so there is no typical fridge motor its a small fan - now this fan will work hard at first to get that keg down to temp but once its done it gets quieter - its loud enough that you should not put it in an area that is normally quiet .. also since it does not use a fridge type motor it will not work outdoors! It uses the ambient air to help cool the unit - anything over 85 degrees and it will not be able to maintain the temp - so indoor use only.<br /><br />So to sum up - if you like the Heineken draghtkegs you will enjoy this item - is it necessary ? No , but you will get a much more enjoyable feeling when pouring that perfectly chilled draught. I hope Heineken adds more to the draughtkeg line up like they have in Europe... remember it only works with Heineken so if you dont like Heineken then this item will not work for you...<br /><br />B95 or B90 ? Spend a little more and get the fancy lcd screen and temp control - especially if you like the cold beer because the other unit is preprogrammed at 39 or 40 deg ... but some people like a warmer draught but the price difference is so little you might as well ' go all the way ' ....<br /><br />Cheers!get a much more enjoyable feeling when pouring that perfectly chilled draught. I hope Heineken adds more to the draughtkeg line up like they have in Europe... remember it only works with Heineken so if you dont like Heineken then this item will not work for you...     B95 or B90 ? Spend a little more and get the fancy lcd screen and temp control - especially if you like the cold beer because the other unit is preprogrammed at 39 or 40 deg ... but some people like a warmer draught but the price difference is so little you might as well ' go all the way ' ....    Cheers!"	2008-04-04
US	37853517	R3M6DMJKIRHFZ3	B007K1NPX6	50800709	LG DLEX5170 7.3 Cu. Ft. Ultra-Large Capacity Electric Steam Dryer,	Major Appliances	2	9	14	N	N	LG HAS VERY UNRESPONSIVE SERVICE.	My wife and I bought a new LG 5170W dryer last fall. One of the major reasons we bought it was because they advertise it can be vented down through the floor. The manual that comes with the dryer also states it can be vented downward. After purchasing it, we discovered that  it did not have a knockout on the bottom, like it did on the sides and the back. As a result, we had to hire an installer to literally cut out a hole on the bottom to properly vent the unit. We called LG several times about the problem, and wrote an email and 2 letters, the last one addressing the President of LG USA, Kyu-Yu Moon, and never received a written response at any time. I only hope we don't experience any other problems with this LG dryer in the future.	2013-01-20
US	15041864	R392RJ8SX701AQ	B000WTWZPC	496738249	Broan QS330AA QS3 Series Range Hood	Major Appliances	5	0	0	N	Y	Great	The low setting is whisper quiet. the Boost setting is loud but works really fast in the event of stinky food or (gasp!) burnt food. These filters are dishwasher safe, so they are easy to maintain.	2014-01-07
US	11959203	R3DY5G7ET5ZWSQ	B0014DZ2YG	999410322	Emerson IM90 Portable Ice Maker	Major Appliances	5	0	0	N	Y	This thing is a party life saver!	"I bought this as a gift for a friend.  We are always at their house in Palm Desert, which means a lot of poolside drinks and usually a lot of people.  It seems we're always making an ice run as their refrigerator cannot keep up with the demand.  So, this was a gift to \\""the house\\"" so to speak.  Plug it in and within 10 minutes you have a batch.  Then about every 4 or 5 minutes a fresh batch.  The cubes are big and last a good amount of time in your drink.  It is foolproof and super easy to use.  When you leave you simply unplug it, pull the drain plug and let it drain.  I love this thing.  I'm buying one for my house too!!  It's great for stockpiling ice ahead of time for a big party as well!!"	2010-09-30
US	10624347	R16ARQIOGP41BK	B0000CFE32	294467812	Danby  Freestanding Wine Cooler	Major Appliances	5	2	3	N	Y	Great price for the money.  Looks great!	So far it is working to my satisfaction.  Great price and look.  Hopefully it will keep running the way it has been for years to come.  It is also quiet compared to my old one.  Would recommend it.	2013-09-06
US	32344918	RMSPOG9J2DJDZ	B001FDV410	522688965	Haier HLP23E Electronic 1-1/2-Cubic-Foot Touch Pulsator Top-Loading Portable Washing Machine	Major Appliances	5	1	1	N	Y	I received my Haier Portable washer today.	Hello all,<br /><br />I have looked at the Portable haier washer for three year's and just now took the plung to buy it.  I was in fear that it would come all dented and part of the parts would fall apart when i used it.<br /><br />Folk's, let me tell you the washer was packed in sooooo much buble wrap they could have thrown it to me and it would not have been dented. all parts were in the box and had no problems with assembly.<br /><br />I'm sooo happy i bought the washer and can't wait till i get the haier dryer too.  I washed 6 cannon towel it worked fine but next time i will wash 4 towels and wash cloths due to the fact the towles were a little to wet.<br /><br />buy the set you'll not regret it.<br /><br />Vivian	2012-08-18
US	30951463	R361FAESC87FO4	B0017SHTTO	36982789	"Whirlpool GW397LXUQ Gold 30"" White Gas Slide-In Sealed Burner Range"	Major Appliances	2	8	8	N	N	Front Panel stops working	"I really wanted to like this stove.  It is pretty with clean lines, it is easy to clean and it has a nice bottom storage drawer.  But, I have many gripes with it:  1. Front electronic panel has \\""burned out\\"" twice!  2. The grates are too high above the burners, so it take FOREVER to boil water!  3. The oven takes over 10 minutes to preheat to just 350 degrees F  4. Occasionally (and I can't figure out why) the oven temp will spike, burning whatever is in the oven by the time you realize it.  4. I don't like all the positions that the racks have - I would rather have just 2 evenly spaced racks.  As this is set up, to have    use the two racks, they are either too close to each other, or the top is too high and the bottom is to low and you have to switch them    half way through baking.  I've learned to work around most of the problems, but the front panel just burned out again. . . so, I am looking for a new stove!"	2012-01-23
US	34655578	RX0KZKVOM1YR0	B003EAE6V2	13266801	Magic Chef Stove / Oven / Range Bake Element 74003019	Major Appliances	5	0	0	N	Y	OEM direct replacement	Ordered this as my coil went out in my oven.  Direct replacement, works like it came with the oven.  NOTE: BE SURE TO UNPLUG YOUR OVEN PRIOR TO PULLING THIS COIL OUT.  I made a rookie mistake on this one.	2012-10-05
US	52118031	R3FIEAXOMGZLL8	B002HDPU0S	132397362	Thermador : BICM24CS 24 Built-in Fully Automated Coffee Machine - Brushed Stainless Steel	Major Appliances	4	17	20	N	N	Love this coffee maker	As someone who has owned the Miele coffeemaker, this thermador BICM24cs 24  is way better due to its straightforward design, and ease of use.  I will note that the only negative is that it is a bigger unit than the miele, but if you have the space, you will enjoy the Thermador.   I would have given it 5 stars but as we just got it,  I do not want to jinx myself.  However, I am very happy with this coffeemaker so far.	2011-04-11
US	27159042	R4HMG75OE6WBS	B002AC705O	490680981	GE REFRIGERATOR WATER LINE TUBE CONNECTOR 5/16X5/16 WR02X11330	Major Appliances	5	0	0	N	Y	Don't Buy Anywhere Else	Boy did they save me, after having to go under the house to the crawl space to install the water line, leaking water line, which had to be repaired, located in the CRAWL space UNDERNEATH the house patching walls because of tight fridge removal, getting all that resolved to find the line tube connector was damaged by incorrectly removing it.  Went to Home Depot (forget about it, rare do they ever have what I need), searching two to four days on line, came to my trusty Amazon.com, and there it was, right part, right size and of course the right price. I was also amazed at the fast shipping. Instructions was not included, but the net had all the information needed to install...wow, I am so pleased to be drinking my ice cold water in these hot days we are having in Calli. Thanks to all!!	2012-08-07
US	48653202	RTYD2O6YQ4S86	B0011YLUNU	103805672	Dacor PCOR30S Discovery 30&quot; 1.1 Cu. Ft. 850 Watt Over-the-Range Convection Microwave Oven with Digital Touchscreen Display and 2-Level Cooking Rack: Stainless	Major Appliances	5	4	23	N	N	The best microwave popcorn you will ever have!	"I picked up the PCOR30S because it is a work of art. What is not to love? the smooth shiny stainless steel and best of all, it does not require waxing. Another great feature is the adorable push button that I just cannot resist to push after the lovely \\""DING\\"" noise is heard from down the hall and I rush to get that freshly microwaved popcorn. I have never been so happy.<br /><br />This review is making me hungry, time for some pop corn!"	2013-05-13
US	29366917	R4U8C03IH6PWX	B0034C40WA	700501631	Whirlpool Part Number 3186491: Igniter, Bake/Broil	Major Appliances	5	0	0	N	Y	Great Fit and Deal	Better than expected and worked like a charm. Installed and baking within a 1/2 hour.  Would have been faster but I dropped a screw.	2014-04-16
US	58402	R2CZI0G65L5VM5	B005GM942C	788261054	Panda Small Mini Counter Top Portable Compact Washer Washing Machine 5.5-10lbs	Major Appliances	5	1	1	N	Y	Ideal clothes washer for RV and boat!!	I'm impressed with this compact but powerful clothes washing machine.  I received it less than a month ago and tried it out that night.  I was instantly impressed with the washing action (so much better than hand washing and rivals a regular washer's action).  It will get things twisted together though, as do many large washers.  As others have pointed out, do NOT overfill or water will spurt out through the drain hose.  This machine is a washer only and has NO spinner (I purchased a countertop spinner to go with it.)  This compact washing machine is perfect for my RV and future boat!	2012-11-18
US	13181263	R2XHNVPWW7CLDA	B001DPR7OI	494664226	Whirlpool Electric Dryer Heating Element 3387747	Major Appliances	1	0	0	N	Y	Failed after 3 months	Like several of the other reviews, my heating element failed after 4 months. Very frustrating! I should have suspected something was wrong that it was so cheap. I am ordering original equipment replacement part for the heating element and thermostat and see how it goes. If there are an occasional bad reviews of a  product, I sometimes dismiss it, but when I see multiple...beware of this product! Just don't do it!	2011-12-05
US	21449844	R1XTP9X8Y7IFQN	B00570QTB2	833726644	NEW Replacement Part - Kenmore Electric Dryer Heating Element Part# PS344597	Major Appliances	5	4	4	N	Y	Surprised! UPDATE!	UPDATE: I have had it for a week now and several loads of laundry, working fine!<br /><br />I have a Kenmore 80 series dryer. I noticed it stopped producing heat. i  YouTube to find the problem (this element) and found the part number at the Sears site. They wanted $60 for this product. I put the product number into Google and this came up on Amazon. I  did not know if it would work or not but, I figured it was worth a shot. It does seam a little lighter that the original but, I put it all together and turned the dryer on. It heated up right away and I had not issues whatsoever. However, I have only had it installed for 3 days now (5 loads of laundry). I will check back later and update. Also, I used the cheap shipping (free) and it estimated my delivery to be a week. I RECEIVED IT FROM THE OTHER SIDE OF THE Country ON Tuesday. i ordered it Thursday night and Monday was Labor Day (way less than a week), not too shabby. Even if it does not last forever, it was well worth 1/3 the price! Would Definitely buy again!	2013-09-05
US	16990281	R18UB3QGSAT0FO	B00009W3HD	570720507	Deflecto Dryer Lint Trap Kit, Supurr-Flex Flexible Metallic Duct	Major Appliances	5	45	47	N	Y	Great if you don't have outside venting	I live in a 1899 brownstone in N.Y. and I purchased my first dryer in early October this year after hanging clothes on a indoor clothesline in my basement for years. I had no outdoor vents or a window near my washer or new dryer. Therefore nowhere to vent the dryer. This Lint Trap Kit is amazing. it's easy to install all you need is to make sure you keep water in the kit and you're set. I check the water level after each dry cycle but the water level is good for at least 5 to 6 drying cycles. It's good to clean out the lint and dump the dirty water for clean water in the kit every 5 to 6 drying cycles. This is a must for anyone without outside venting. This is a fantastic product I love it.	2009-12-11
US	11427286	R1K5F5GK4VX22R	B005NK3JYQ	382996417	Koldfront 6 Place Setting Portable Countertop Dishwasher - Black	Major Appliances	4	4	4	N	N	new but tested?	After reading several reviews on several similar products I was fully aware when I load the dishwasher not to put more than 4 plates though it might say 6...etc. keeping that in mind it works great, easy to hook up, and the noise is low. I was concerned when I first opened the box, it had in fact been hooked up to water before it shipped to me. But, everything else was still it its new wrappings despite all the water. It is 2 months later and I am happy with my purchase.	2013-04-22
US	44036372	R36IH1MPQ26VVZ	B001F5FDKG	597388944	Sanyo Mid-Size, 2.4 Cu. Ft. Office Refrigerator, Adjustable Thermostat Dial	Major Appliances	4	3	3	N	Y	Great Cubicle Fridge!	"This fridge apparently does not ship well. The top rear corner of my fridge was dented during shipping and the box it came in showed the damage. I thought about returning it but instead decided to avoid the hassle and put it to work immediately. It is a compact fridge. It can't freeze things very well. Do not put a Ben & Jerry's pint in the freezer tray and not expect it to melt or soften. It is quiet and keeps drinks cold. It has removable trays that allow you to customize what kinds of things you keep in it. It is a compact fridge. Do not expect too much of it and you will not be disappointed. I hooked it up to my Kill-A-Watt for a few months and it appears to use about $30/yr of electricity at the \\""5\\"" (almost coldest) setting."	2010-10-15
US	27407804	R24V5W2RWWQFDI	B000NJBMXC	309357434	Koolatron VF02 Vending Fridge 10 (12-Ounce) Cans, Red	Major Appliances	1	4	6	N	Y	dispense button broke first two weeks we had it	I am extremely upset! this was a Christmas present to my children for the game room they are older and did not misuse this fridge. the dispense button has stuck and keeps dispensing soda after two weeks of use REALLY!!!	2012-01-22
US	24302702	R1GSDYKWCIXA8A	B0052FXC9Y	102972272	Danby DDW611WLED Countertop Dishwasher - White	Major Appliances	5	3	3	N	Y	I love this product!	This product is simple, it is very easy to use and it is absolutely perfect for my one bedroom apartment!	2013-10-16
US	50039219	RSMOF8KAQT6S6	B006OBA1OE	585623556	Avanti 18 Bottle Dual Zone Thermoelectric Wine Cooler W/Glass Door / Stainless Steel Handle	Major Appliances	1	1	1	N	N	Junk	A little over a year ago we received this as a gift.  Since then, we've experienced the following problems:<br />1) Keypad unresponsive - Not only is it not intuitive how to change the temperature settings, the keypad is often unresponsive to holding down the keys as instructed.  Some days it works, some days it doesn't.<br />2) Loud - The fan on this can get really loud and for an extended period of time<br />3) Bottom section heats instead of cools - The temperature of my apartment is in the high 60s.  Despite having set the bottom section temperature in the 50s, it has been holding steady at 77 degrees and nothing I do seems to get it to work.  I've removed all bottles from the bottom section, which makes it near useless and taking up lots of room<br /><br />I've contacted the manufacturer but they won't do anything about it because it's been over a year (I should've contacted them a few months ago).  I will be throwing this thing out and purchasing another, non-Avanti wine fridge.	2014-01-07
US	13481108	R279BN2W4EU87X	B00064NX68	240781307	Whirlpool Washer Motor Coupling # 285753A	Major Appliances	3	0	0	N	Y	It Worked...	I had a small issue with the product. The white portion did not fit my Kenmore Washing Machine. I landed up using the old parts, but the black ring did fit, and it did fix my Washing Machine. The White piece has a metal inner, but my old one did not have that, hence I could not force it into the Motor for fear of damaging the motor. But int he end it worked. Paid $0.50 + shipping	2011-07-18
US	31400508	R36UJI8C9LSABT	B006E7ZVFC	221234573	SAMSUNG Microwave Filter Replacement - Part Number: DE63-00367E	Major Appliances	5	3	4	N	Y	it fits perfect on my microwave..	product fits perfect on my microwave.. it came as it was supposed to, very glad it came perfectly in the packaging	2013-07-11
US	10658513	R2Y26YDN9Q8JXB	B0085ZITEQ	97572811	Whirlpool Genuine OEM Refrigerator Ice & Water Filter 4396710 (2-Pack Special)	Major Appliances	4	1	1	N	Y	Not cheap	These filters are not inexpensive.  They last about 3 months.  They are easy to install and remove.  I wish they were cheaper than roughly $25 each.	2013-07-12
US	14971011	R17MLYNJL3F7JH	B0017Y3GGI	425600013	NewAir AI-100R 28-Pound Portable Icemaker, Red	Major Appliances	5	0	2	N	Y	Very handy.	Since I don't have an icemaker on my fridge this is the best thing since sliced bread. I love the ice.	2010-07-25
US	43039683	RRGZB6S7T9CGB	B002YG1E94	859552801	Amana 25-Cubic-Foot Side-by-Side Refrigerator, ASD2522WRB, Black	Major Appliances	5	2	2	N	Y	Wonderful refrigerator	After having an old freezer on top, fridge on bottom style, my husband and I broke down and bought this, and I am so glad we did! We have had it for 3 months now and it is still great. No complaints here! I definitely recommend this refrigerator.	2012-02-28
US	22348561	RHF05P6KQTKXO	B001DI4LEO	455062034	NewAir AW-210ED Streamline 21 Bottle Dual Zone Thermoelectric Wine Cooler, Black	Major Appliances	2	1	1	N	Y	Temperature does not adjust to settings.	At first it seemed great.  We had it a few months and the only problem was that the section for my whites which I tried to set at 54-55 would not go below 56.  Okay, not a big deal.  But about a month ago, the section for my reds randomly dropped to 54 and no matter how often we try to adjust or open the door to raise the temperature, it just won't rise.  I hope they are not ruined by the low temperature.  I am just not impressed!	2014-04-02
US	40117437	R2QZ6KKA8MNCNQ	B00204SC8G	781555936	Zephyr 30W in. Tamburo Under Cabinet Range Hood	Major Appliances	4	5	6	N	N	Pleased with function and looks but have concerns	"Installed to vent directly outside thru the wall, 4 inches from back of vent to outside air.  Not having to vent thru cabinet above is a huge plus if hung on outside wall.<br /><br />Pros:  Even this smaller (290 cfm) unit throws out a LOT of air!  Glad we did not bother with the more powerful 400 cfm version but had to buy the less powerful one to avoid city code requirement for additional makeup air contraption in basement.  So far using on the lowest of 4 settings and happy with the quantity of air removed from house.  Looks great!  Lots of light but remember halogen bulbs throw heat so using the low setting to avoid that.<br /><br />Cons:  Entire vent hoot arrives wrapped in tape to protect stainless surface-- but removing it is like taking off duct tape well burnished on!  Unexpectedly hard to remove, and since it was fabricated with the tape applied to all the surfaces before assembly we still can't get into the crevasses to remove the tapelike covering and the ragged remainders show to tall people.  Consider not tearing off the tape at seams and using a razor blade to cut it off cleaner.  I'm also concerned about winter drafts.  This is on a north facing wall and the flap provided with the vent hood doesn't seal off more than 60% of the opening when shut.  There is an outside piece (owner provided) that seals completely but it's thin and I'm worried about winter drafts.  May have to craft some kind of insert to seal the inside opening (where the air leaves the range hood) better.  Also, grills are very flimsy and easy to crease so definitely remove before installing.<br /><br />Neither pro nor con:  noise is average in volume, but definitely not \\""noisy\\"""	2013-07-02
US	10702737	RLUCV5SH2N06U	B005BHT1BG	56782742	"Whirlpool WDT710PAYM Gold 24"" Stainless Steel Fully Integrated Dishwasher - Energy Star"	Major Appliances	1	21	34	N	N	gold garbage	I have had five auto dishwasher s in my life ..all were inexpensive machines .All of these diswashers were not great at  cleaning dishes so when I purchased this Whirlpool Gold I would be getting a good piece of machinery that would clean the dishes without wipeing them down before ..was I mistaken ..this dishwasher is a piece of junk .I still have to wipe the dishes down before they are washed and this still doesn't get them clean ..do not waste your money on this garbage ..	2012-06-02
US	27559391	R2VYDJVL28XZ70	B008OJ0S9W	412734891	Emerson Microwave Glass Turntable Plate / Tray 10 in 203600	Major Appliances	5	1	1	N	Y	Great Replacement Tray	When ours fell out of our microwave and broke in our travel trailer I thought for sure we wouldn't be able to get a replacement. Seeing this on amazon we decided to give it a try. It was a exact replacement and for some reason it even worked better as far as rotating than the original which came with the microwave. I would recommend buying this replacement,  just make sure you measure the diameter and check your microwave model number for exact fit like this one was. Shipping was very fast and it was cheaper on Amazon than buying on Ebay.	2013-11-17
US	15607395	R11U6OARZSUNNS	B00CHWV3YG	703015547	Refrigerator Door Lock Kit - NO PADLOCK	Major Appliances	5	14	16	N	Y	Works Great	I have an autistic child on meds that make her eat nonstop.  She eats in her sleep.  She is finally sleeping through the night now that the fridge is successfully locked and she has lost 3 pounds.  This little devise has changed our lives!!!! (Along with the lock on the pantry) It works great on a big fridge.  THANK YOU!!!!	2013-10-16
US	15980645	R347AB8ZHQBV06	B002OBTC20	774848494	Electrolux : EI28BS56IS 27.8 cu. ft. French-Door Refrigerator - Stainless Steel	Major Appliances	1	5	5	N	N	I would pick zero stars if I could	After 3 totally different refirgerators in 18 months and 16 services call I have had it.  One more problem and I will replace it with a different brand.  I thought buying Eloctrlux I was getting top of the line, I only paid top of the line price to get a really bad product.	2011-08-17
US	50934326	R1P4EGK4KTRIYU	B004I01ZOS	558649576	GE JVM1752DPBB 1.7 Cu. Ft. Black Over-the-Range Microwave	Major Appliances	2	5	12	N	N	Replacement microwave	I bought this as a replacement for the GE jvm1740dm1bb reluctantly. I wanted a different one because the one I had only lasted two years.  I ended up getting this one because it had the same footprint as the other one and was easier to install. I still have not gotten it installed because I have to buy a charcoal filter that was NOT included. And was not told that I had to buy it extra by the store or by the installation manual.  It was in the owner manual that it stated that it needed to be purchased.  This is after we searched through the box and then looked at the included materials and discovered it was not included.  I just have to say this is a very frustrating process.	2011-05-24
US	52503177	RQ895M82YSJ0J	B002MPLYEW	183067183	Danby 120 Can Beverage Center, Stainless Steel DBC120BLS	Major Appliances	3	1	1	N	Y	Great while is works. Six month lifespan not so good.	Great when it works. Came home today everything inside is warm. Still under warranty so will try and get it fixed or replaced. 6 months operational time for a refrigerator is not a good sign.	2013-11-18
US	35405556	R1OSGA8UGYT3JG	B0052XNPX4	665962499	GE GSHS6NGBSS	Major Appliances	1	0	0	N	N	way to high cost	I just looked at one of these today at our local appliance dealer.  $1059 delivered, set up and take your old one away. The price listed is way out of range	2014-01-21
US	20594159	R2J18AM4MP4M0	B004Q0C0NA	326047505	"Bosch DHZDHR6 Transition 6"" Downdraft Remote"	Major Appliances	4	0	0	N	N	Well built	Quick shipment.  Product was as described.  A little pricey for what is essentially just a metal chute, but it is made well.	2012-12-24
US	40431500	R2R4IK6KIHXME9	B0010HE15W	752001412	Bosch SHX33M05UC Dishwasher W/ 3 Wash Cycles Stainless Steel 300 SERIES	Major Appliances	1	1	1	N	N	Can't wait for it to die	"Our Bosch dishwasher came with our new condo, along with Fisher Paykel fridge and Wolf range -- sure looked like we had high class appliances.  Ha.  The only good thing to say about the dishwasher is that it runs quietly.  The racks have little loading capacity or flexibility:   fine for plates or glasses and mugs, I guess, but anything else is challenging, and the capacity is very limited to small loads.    It features three settings:  Rinse and Hold, Regular Wash, or Power Wash Plus-- but we only use the Power Wash and only after rinsing off any food or the dishes will not come out clean.   With the Regular Wash, the \\""power saver\\"" feature leaves everything with a heavy wet film that requires hand drying.   If it wasn't brand new, I'd dump it and buy new but I'm too cheap.   Heck,  I'm thinking of replacing it anyway."	2010-10-26
US	36734444	R2F98G3RYZ7AMO	B003JOUJIC	478166775	"Frigidaire FFGF3053L 30"" Freestanding Gas Range with Ready-Select Controls and Large Capacity,"	Major Appliances	5	9	16	N	Y	Frigidaire FFGF3053LS 30 Freestanding Gas Range - Stainless Steel	Very pleased with quality!<br />professional delivery<br />Yes, I would recommend this to a friend<br />Does what it is supposed to do & looks great	2012-04-29
US	48654367	R3K1H0OM9LAUKT	B003ZVE0DY	923823823	Kitchenaid KUDS30IXSS Superba Series Dishwasher	Major Appliances	1	3	3	N	N	Very disappointed	Very flimsy, plastic parts on the interior, particularly connecting the rack to the rails that slide in an out.  The rack is connected with thin, plastic parts that snap off in short order, making the rack unusable.  Kitchen Aid promotes a 5 year warranty on the racks, but when these flimsy parts fail, Kitchen Aid says they are not part of the rack, but rather part of the arm, and therefore not covered by the warranty.  Kitchen Aid used to have a reputation for quality and reliability.  This product is a piece of junk.  Stay away.	2014-01-22
US	13571587	R11B435V4L83Q2	B001JCRX6W	523162347	Avanti 4.8 cubic ft. Built-In All Refrigerator-Glass Door with Stainless Steel Frame	Major Appliances	1	3	3	N	N	Very Disappointing	Pros:  When it worked, the beverages are ice cold  Cons:  2 control boards and 1 compressor have gone out in 2 years, customer service is terrible  Would not recommend.	2011-12-20
US	28442604	RX7I1ZN1S5OYN	B009EGOQHE	613311765	LG WT4870 4.5 Cu. Ft. Ultra Large Capacity Top Load Washer Featuring Powerful StainCare Te,	Major Appliances	4	1	1	N	N	Update: It's been 18 months or so... still runs well. Cleans, agitates, spins, pumps. So far so good.	I've had this model for about a month. I had some installation issues that needed to be fixed. And the spin does vibrate more than my previous washer. Other than these, it does a very good job.  Why did I buy this washer? My old fisher and paykel was needing repairs a bit too frequently... I wanted to replace it with the same kind of technology... the direct drive inverter. F and P have it, samsung too. I was pleased to see lg also has direct drive. This is why this machine is more powerful and efficient than standard washers like whirlpool,etc. Notice in the reviews a lack of any mechanical issues? Bingo! Most of the issues have to do with load settings.  How well does it clean? Very well. It is doing all cycles like I expect. I don't normally use detergents (gasp!... I have a device that oxygenates the water before reaching the washer). I spot clean when needed. Laundry is still a choir... There's no magic. Unicorns and rainbows don't return with each load. Now if the could make a washer that could load itself, that would be something.	2014-02-04
US	38748159	R7QPKKLJ35RRB	B005MLBAQK	303590121	SPT Under Counter Wine/Beverage Cooler, 32 Bottles	Major Appliances	1	2	2	N	Y	Touch Controls for Unit were Dead on Arrival	After reviewing a number of these products (most of which have fairly negative reviews), I decided to give this a try anyhow since I have two SPT portable AC units that have worked well for me over the past 5 years.  I should not have ignored the negative reviews and let my past good experience with SPT bias this purchase - on arrival, the product touch controls were completely non-functional (and hence the unit was completely useless).  Fortunately, I hadn't discarded the shipping material and Amazon kindly had the UPS driver stop back the next business day and rid me of my mistake (although I am still waiting to see the credit). I do not suggest purchasing this product.	2013-11-26
US	31235033	R340TCNXG0IA71	B003JN379G	793437537	LG WM3455HS 24 Front Load Compact Washer/Dryer Combo , 2.7 cu. ft. Capacity - Silver	Major Appliances	2	9	12	N	N	Wrinkles, wrinkles and more wrinkles.  (Did I mention wrinkles?)	"Wrinkles badly!  I'm a guy, and generally don't care much about a few wrinkles.  But we find this machine unacceptable.  I really wanted to like this machine, too- thought it would be perfect for our needs.<br /><br />We bought this combo unit (actually the white one) to put in our dental office to wash our poly/cotton smocks.  We've washed them at home for the last 15 years and never had a wrinkling problem, even washing 16-20 at a time.  (My home washer is 3.1 cu. ft. capacity, so not much bigger than this machine, but to be fair our dryer has a much bigger capacity.)  The washer part of this LG unit works great.  But no matter how we set up the dryer, our smocks wrinkled unacceptably.  We tried every setting there is.  We tried drying 3 smocks at a time.  We tried adding a small towel to the smocks.  We tried with and without fabric softener.  We washed on permanent press and tried lower spin speeds.  We tried pulling the smocks out and shaking them before drying.  We tried stopping the machine as soon as it said \\""CD\\"".  We tried letting them go until it beeped after 4 hours.  Of course some of the settings and methods caused less wrinkling than others, but all of them were worse than hang drying.  And even hang drying them leaves more wrinkles than my unsophisticated male taste would like.<br /><br />I called LG- they sent a service person out who told me that the unit is working fine and the wrinkling is what you get with condensation drying in a relatively small drum.  AC won't take the unit back or exchange it since it is not \\""defective\\"".  LG won't take it back.  We're stuck with a very expensive washing machine.  Bottom line is- if you don't mind really wrinkled clothes, or if you don't mind ironing, then this is a good little space saving unit, especially if you don't have a dryer vent.  But if you want clothes that aren't so wrinkled that even a guy would notice, then look elsewhere.  (BTW- if you want just a washer, LG makes the same unit without the dryerfor $600 less.  I would recommend that if you need a washer and have space issues.)"	2012-10-05
US	37124206	RZY4D6VMXU684	B002YEIBBA	905583081	EdgeStar Countertop Portable Dishwasher for 6 Place Settings - Silver	Major Appliances	5	6	6	N	N	Great little Dishwasher	Ok First and foremost anyone complaining about how the dishes aren't always clean or dry has obviously not used a dishwasher before. Yes if you don't rinse the dishes they don't get clean but I've had full size dishwashers that thisis also true. you do need to use Jet dry or something similar with this one or else the dishes are still wet.   In general I've had this washer for 3 weeks and I'm in love with it, it does a great job and once you learn the washing settings it doens't take a rally long time.the noise other people complain about....well it's called the noise a dishwasher makes.....If you are short on space and have 1 or 2 ppl in the house this is the perfect dishwasher for you!!!	2010-06-23
US	22156821	R2E8Q3FJEFYKZ	B001DPUYJI	389202869	Maytag Dryer Tumbler Seal 33001807	Major Appliances	2	1	2	N	Y	WRONG PRODUCT	Wrong product, but I fixed the dryer anyway using YouTube video to show me how to stop squeaking in the drum.	2012-12-12
US	26563112	R226B5K5BBCFI8	B0002ATFJ0	665323579	Sharp R-2120JK Smart Carousel Over-the-Range Sensor Microwave, Black	Major Appliances	5	6	6	N	N	Sharp R2120 Over-the-Range Microwave Oven	". <br />25-December-2006 <br />. <br />I have owned this since July of 2005. {Mine is White - #R2120jW.} <br />. <br />I have NO signifacant complaints, and a couple of real \\""pro's\\"". <br />. <br />1. The continuous power levels - allowed by the \\""inverter technology\\""  <br />in this one Sharp and most Panasonic MicroWave Ovens - ranging  <br />from \\""10\\"" (full power) down thru \\""3\\"" (30% power)-  <br />are a REAL ADVANTAGE.   <br />. <br />.     Warming food at 30% is a gradual heating which  <br />allow the heat to spread thruout the food fairly evenly, and  <br />avoids most hot-spots and re-cooking -  <br />especially advantageous for all meats. <br />. <br />Power levels 20% and 10% do cycle On & Off, I am told - probably at the 30% level. <br />. <br />2. The plain smooth oven bottom is easy to use and to clean. <br />Sharp claims that the microwaves electronically rotate -  <br />which certainly is technically feasable - and thus  <br />NO Turntable is necessary.  <br />.    Food does heat more evenly  <br />than I have experienced in my many prior microwaves,  <br />but it is not perfect. <br />. <br />and <br />. <br />3. The \\""features\\"" - such as the \\""lunch\\"" heating/cooking menu, <br />are worthwhile. <br />. <br />4. The under-oven lights are not what I have enjoyed before.   <br />Instead of dimmng the lights, the switch simply  <br />turns off one of the bulbs.   <br />NOT a good idea - the bulbs last much longer with a simple diode switch <br />(changing bulbs is a pain - and you need very special bulbs) and  <br />the quality of \\""dim\\"" light is better with a simple diode-switch for dimming. <br />. <br />5. The \\""Minute-Plus\\"" feature is great. <br />. <br />6. The power level must be set my multiple touches of the power button; <br />use of the numeric keypad would have been much better. <br />. <br />Note: I mounted the oven two 2-by-4 thicknesses (3\\"") out from the wall, <br />and 16\\"" above the stove top; the cabinet above is mounted with its doors <br />flush with the face of the oven.  This both the microwave oven and  <br />the top wall cabinet more easily reachable and usable. <br />. <br />Bottom Line: I would buy the same oven again for over-range use. <br />I would buy ONLY an inverter-technology  <br />( continuous reduced power as versus cycling on & off ) unit  <br />for ANY style/size of Microwave oven. <br />. <br />Reviewed by: Jim A.in PierPort, Michigan <br />. <br />"	2006-12-26
US	13652764	R3QLAJKFHN5T5V	B00FMZK3IC	509307242	Haier America 2.6 Cu Ft Electric Vented Portable Compact Dryer HLP140E (REMANUFACTURED)	Major Appliances	5	2	3	N	Y	Little workhorse!	"This dryer was purchased to replace an ailing \\""apartment size\\"" dryer for my daughter in law.  The older one was larger, took up more room in their small house, and made a lot of noise.  This Haier is just a perfect size, does a much better job of drying clothes and is very quiet!  I would highly endorse this product.  It came a day early, which was a bonus.  Great people to deal with, an all around good experience!"	2013-11-11
US	47198349	R3C1X4R7CZ9WIK	B005DA85YK	122715341	"Frigidaire FGGF3054M 30"" Freestanding Gas Range with Quick Preheat and True Convection,"	Major Appliances	5	4	5	N	Y	It's great very satisfied	I had the same stove but an older version and decided to stick with the brand. Was nervous about purchasing an appliance online from Amazon but am very happy with it!	2014-03-13
US	12191714	R17XBHDU07DSP4	B001TIZKIY	59523683	Whirlpool WHIRLPOOL P# 6-918873 / W10224675 SILVERWARE BASKET	Major Appliances	5	0	0	N	Y	Great buy!	I purchased this item when my old basked wore out. This one is made of heavier plastic. I didn't like the flaps on the top, so I took them off. The only thing I don't like is that the two sides separate and sometimes come apart when you pick the basket up, but that is only a minor annoyance.	2014-01-07
US	44677329	R3U5EW1F652S9	B001FCMODS	268636030	Electrolux EIFLW55HMB Front Load Washer with IQ-Touch Controls Mediterranean Bluea	Major Appliances	5	26	26	N	N	Perfect washer - great purchase!	"This washer basin is huge - 4.7 holds everything and we have a family of 5.  We almost bought the Kenmore Elite HE5T with steam but found out the regular units are 4.4 but the sale unit only available in \\""barolo red\\"" was only 4.0 - big enough for most but size was our major factor in a new washer.  So we gave up the steam and went with Electrolux.  Electrolux does not make a steam washer, the steam dryer is in the wave touch model ($300 more apiece than the IQ touch).  The main reason to me for steam is stain removal; not so much wrinkle removal, so IQ touch was fine.  Apparently Electrolux and Bosch don't think steam in a washer is necessary; neither offer it.  This washer/dryer is fantastic.  I was concerned about the doors (as many are) but they are incredibly sturdy and you should have no trouble with them, I got used to the 'push' feature immediately.  The tops of the units do scratch - we lined them with the rubber foam liners so we can use the surface area (you can get the wide at Lowe's in the tool section).  Both are very quiet - washer spins so fast you won't believe it.  I was also concerned about the extended wash time with front loaders but with the size of the bin I can almost double my loads.  Also, Electrolux offers an 18 minute fast wash cycle.  Dryer time is incredibly fast because clothes are almost dry when they come out of the washer - 20 minutes for drying in most cases.<br /><br />UPDATE 6/3/11 - I checked back and saw the comments and Electrolux began offering a steam washer shortly after our purchase.  Our Electrolux IQ Touch Washer and Dryer are still going strong and we love them.  No issues whatsoever, and my teenagers do their own laundry all the time."	2009-06-15
US	43506213	RFF65MCRC4N34	B005FD7ZG4	642020337	The Laundry POD, Silver	Major Appliances	1	7	12	N	N	Small and Cheap	This is an un-environmental bad product.<br />Made from plastic in china.<br />The spinner was broken.<br />It just swished the water around and left the clothes dirty. It was a big hassle.<br />I wouldn't waste money on this.<br />I could do better with a bucket where I could scrub.<br />This is just a step up from hand washing.<br />But only for very tiny items.	2012-07-13
US	33294372	RSNU4W3RIL5J8	B0002DUUL4	858064077	"Samsung Microwave Glass Cooking Tray - 12.5"""	Major Appliances	5	29	35	N	Y	It is Round and It Fits	My life has greatly improved since I replaced the old turn table. It turns nicely, makes very little noise, and it seems that since I replaced it, food tastes better, my bunions don't hurt as much, my teeth are whiter and brighter, and my friends and family call me much more often. The gray in my hair is disappearing. I look and feel six months younger!    Fast ship.	2010-02-27
US	26941494	R34A9EMW3JTC	B002XVWC7S	381533207	Heineken BT06 BeerTender Tubes, 6-Pack	Major Appliances	5	0	0	N	Y	Love it!	Needed to get replacement tubes for my beer tender.  Got a three pack for the cheapest that I could find around.  This supply should last for awhile but when I need to get more I will buy for here again.	2013-10-06
US	24450226	R3OVGJ0C2IEJ13	B000R9GCO2	482086687	Broan Allure 36-Inch Under Cabinet Mount Range Hood	Major Appliances	4	6	6	N	Y	Pretty decent for my first amazon purchase of a kitchen item.	"This unit is very well made.  It does exactly what I wanted it to do.  The 50w lights can be a bit warm so keep it at the minimum setting which is PLENTY of light.<br /><br />You do need another hand to hold it while you mount it, so I would not recommend trying to hold it while you are trying to drill the mounting screws in.<br /><br />My ONLY complaint is that Broan does not include nor suggest a power cord.  It is set up for hard wiring, but I have an outlet and I did not want to go through the hassle of running electrical line.  Broan DOES make a power cord but you need to search for it.  Here it is:  \\""Broan HCK44 Power Cord Kit\\""<br /><br />Amazon does sell it so I would suggest buying the cord the same time you get this unit.<br /><br />All in all, I am VERY pleased with my purchase.  The only reason I did not give it five stars was because the owners manual does not even suggest it."	2012-01-16
US	19236282	R2PPVGQMN95CWS	B001YQGDS2	492617532	Koolatron Coca Cola 10-Can Retro Vending Fridge	Major Appliances	5	68	80	N	Y	Great gift!	"I bought this for my husband for his birthday to keep in his \\""man cave.\\""  He loves it!  He has an ice-cold soda at his fingertips whenever he wants it.  Plus it's a fun addition to his room."	2010-03-25
US	13078105	R1OINYN502MDWA	B001AH3K72	967013174	"Dundas Jafine UD48S 4""/90 Inlet, Straight Outlet"	Major Appliances	4	0	0	N	Y	Does what it is suppose to	Had a tight spot for a dryer and needed space.  Purchased this product to get a little bit more room.  As one review stated, one you get it on, and sealed with tape for the gaps, slide the dryer back and do not move it again.<br /><br />It was a little difficult using a clamp for the part that connects to the dryer.  This was more due to a tight space that I had.	2013-03-23
US	50547514	RORWW05DYCQVO	B008XM3CAW	593694423	Sonya Portable Compact Cloths Dryer Apartment Size 110v Stainless Steel Drum	Major Appliances	5	1	2	N	Y	My wife loves it!	My wife loves this dryer. It is quite, dries clothes very well. It does take a little longer than a large dryer, but it weighs less than 50 lbs.<br />Very easy to install and compact.	2013-12-05
US	46761542	R1B09SHUXVI6X3	B0010HA41C	266462642	Bosch Nexxt 500 Plus Series : WFMC5301UC 27 Front Load Washer	Major Appliances	5	23	25	N	N	Fabulous	Washer is great!      We got ours in April 2009, so we have had it over six months now.   - Water bill has been cut by approximately 1/3 ($720 down to $480 per year).    - Water savings alone mean it will pay for itself in less than four years.  - Machine uses about half the amount of laundry detergent per load than our old machine.  - Capacity is enormous.  We do about half the loads we used to.  You will be surprised how much you can fit in one load.  - I'm sure the hot water bill is less also, but I can't quantify those savings since we got a new furnace around the same time.    - Clothes take much less time to dry because they are so much drier when they come out of the washer.  - Quiet.  Quality machine, no problems.       The new high-efficiency washers are very different from your old top loader.  Most of the complaints that you will read about are caused by improper installation or use.    - The washer *must* be adjusted to be level in order to work properly. The clothes will not be spun properly if it's not level.  - Don't use too much soap - if you do, you will have electrical and other problems  - You *must* use high efficiency laundry detergent  - If you leave the door closed all the time, you will get mold.  You have to leave the door ajar when not in use.  - The wash cycle does take longer than a traditional top loader, but you make up for it in the dry cycle.  - It will look like there is almost no water in the machine when it is running.  It is designed to work this way.  The clothes do get clean!    It's true that the clothes are often twisted when you pull them out.  I give each item a quick shake to straighten them out, then toss them in the dryer.      Unless your dryer is broken, don't bother getting a new one.  You won't need it.    The only negative: you can't do small, heavy loads very well.   When I need to wash the bath rug, I have to wash it with other items (like old towels) or the washer won't run properly (because of how it needs to spin).	2009-11-29
US	18645353	RZ5TGQ8PMBODX	B00076ODTG	537602724	Avanti Thermo Electronic Cold and Room Temperature Water Dispenser, Countertop	Major Appliances	1	0	0	N	Y	You get what you pay for	A whole lot of plastic, I put a 5 gallon jug on it and it felt like it might collapse at any minute. It gets the water cool, but not really cold, and even then, the 2nd glass you fill will be warm. The plastic water tank inside was leaky because the mounting screws go right into the tank. Very cheaply built. I refill 16oz bottles and keep them in the fridge, so didn't really care about the cooling part, just needed a dispenser. I took it apart, removed the leaky tank and now I just use the room temperature nozzle. **EDIT** I changed this to a one star. Because even after removing the leaky tank, putting together a sturdy wooden body to replace the shakey plastic one and just using the original top piece that holds the jug, I come home a few weeks later and find my 5 gallon jug empty and a very wet kitchen. Trust me, don't buy this. Not a single part in this machine is functional.	2013-07-21
US	52504756	ROT9ROVY4GZDD	B006WOBNX6	180688127	1 X Dishwasher Rack Roller for Frigidaire, Electrolux 154174501	Major Appliances	5	0	0	N	Y	Exactly what was needed	What else can I say? I ordered the correct part and it was just what I needed. A fine replacement.	2013-03-05
US	49908662	R3Q3H66EIS04SI	B00511RL64	515422163	Amana 19 cu. ft. Top-Freezer Refrigerator, A9RXNGFYW, White	Major Appliances	4	1	2	Y	N	Nice Amana Product for Moderate Size Needs	This 19 cubic foot fridge is a fine additional to our home.  Easy to slide in and install.  There are no accessory, water and ice, bells and whistles to deal with- simply unpack, wipe it down and plug it in and use.<br /><br />Our main unit is a large Amana with ice maker which is still ticking without problems after 15+ years of extensive use, and we love it.  Overall, our experience with Amana is that they seem to produce a better product, although, at times, more expensive; however, this unit is comparable to those I've priced at Home Depot and other appliance brands.<br /><br />We're a family of four, and we fill it up fast.  With a constant flow of visiters and stayers, we've found this additional Amana a godsend.  This size could work for a family of four with some tight planning.  It has a clean slick appearance, although I would say the surface is smooth, and I would also say scratchable; it has a slight rounded contour to the doors, which I like; obviously the required reversible door, a few adjustable shelf levels, runs quietly and more or less efficiently for the listed energy expenditure; however, it is listed near the more expensive energy use level, still only ~$55/year.  There are just a few temperature settings, but that hasn't been an issue.<br /><br />I installed it myself since it weighs less than 200# with the use of a dolly, no problems for its size.<br /><br />We're not crazy about the freezer door shelves, a bit narrow.  The main door is fine along with the beverage storage and the vege drawers.  No complaints, seems solid enough.  Easy to wipe down and clean up.  Overall, a good moderate sized unit for small family at a reasonable price.	2012-04-17
US	49562289	RU5L0DLDLV8AG	B00005O64S	222987122	Haier HDT18PA Space Saver Compact Countertop Dishwasher	Major Appliances	4	1	2	N	N	lasted for 5 years; just bought another	I bought this product in 2003 and never had a problem with it until 5 years later when the heating mechanism fried.  I just bought another one and hope that lasts just as long or longer.  When used with a powerful soap you don't even need to rinse the dishes first and you don't have to rewash after the cycle is over.	2008-07-25
US	10067944	R1AKKNW0BYY9K3	B005BHT1BG	56782742	"Whirlpool WDT710PAYM Gold 24"" Stainless Steel Fully Integrated Dishwasher - Energy Star"	Major Appliances	3	11	15	N	N	Whirlpool WDT710PAYM - Updated Review	My first review was only 2 stars.  I am now giving 3 stars because the dishes do wash well but the drying is poor....unless you use the Cascade rinse aid that Whirlpool advertises with their dishwashers. The fact that the dishes and flatware did not dry on the dry cycle, I decided I would use the Cascade rinse aid that came with the dish washer. The inside of door was dripping wet after the dishes were washed and supposedly dry even with the rinse aid. According to some reading I have done on the web, I am supposed to use a rinse ad to help dry the dishes.  I did not like this because my last Whirlpool never needed any drying agents or any other product for rinsing since I am on soft water.  I added the Cascade Rinse Aid (another chemical), and when the dishes were done after a wash and dry I found the dishes and flatware were much dryer than without the rinse aid. I still don't leave my flatware in the door rack but move the rack to the bottom slide out rack where the dishes are placed due to the inside of the door is still wet, and the rinse aid does not totally take care of that issue. The reason we purchased a Whirlpool again is only based on past experience with this brand.<br /><br />*******************************************************************<br /><br />I purchased this dishwasher a few hundred dollars less at Lowes when the had a sale and with a 10% discount coupon.  I already had a Whirlpool that worked great but thought it was time to update the kitchen.  Stainless is nice but it does smudge, unless you purchase one of of the knew smudge-free stainless appliances, which we will do with our refrigerator when it comes time to buy.  This Whirlpool does not dry flatware that is in the rack which hangs on the inside of door, which can be pain to remove since water is dripping all over with the flatware not drying.  I now place the flatware rack in the dish basket and they dry better. You will notice the inside of door is wet when you open it.  The dryingelement is rated a 50% with me.  The dishes are okay, and the glasses and cups we have to tilt so the water can run off.  I will say our unit is quiet and so far seem run well.  The drying is the flatware and the inside of door is a pain.  It is recommended to use JetDry to help in drying.  We have soft water so the glasses come clean and clear without JetDry - but why does it help in drying?  I would think that Whirlpool would not depend on some chemical agent to help in drying their dishes.  I would rather pay a bit extra for the electric and have my dishes dry.  JetDry does not help the environment, so if they think saving electric is helping the environment, they should not suggest JetDry which is a chemical added to our rinse water that eventually we end of drinking one way or the other.  In fact, Whirlpool has added a sticker for Cascade where the function touch keys are located.  When it comes to my laundry and my dishes, I want what works and not what takes more time, effort, and sometimes have to double dry or wash to get the needed results.  Double duty does not help the environment.  I will live with this dishwasher for now since we just purchased it...but the next one, and may sooner than later, will be one that most folks say drys very well.	2013-06-21
US	15488910	R3QEJ3A734HHZ0	B002C8HR9A	713534827	The Laundry Alternative Wonderwash Non-electric Portable Compact Mini Washing Machine	Major Appliances	5	2	2	N	Y	WonderWasher is WONDERFUL ! ! !	Got one for my daughter in college and SHE ABSOLUTELY LOVES IT!!!  Great deal at great price saves water and hand washing....you will love it too!<br /><br />UPDATE:  It's 2 years later, her WW still works great.  In fact, she had a job for 2 years which required her to wash her uniform daily as well as some of her other delicates.  The WW did a great job on every load. We couldn't be more impressed.  She has just started grad school at Duke and since she doesn't have a car, will be using her WW even more.  We know we can count on it.  We chose this model instead of the electric model because 1) No electric parts - if they break the whole thing is useless, 2) Easier to drain than the blue model, 3)Much more portable, can be used anywhere in any room, or on a deck at beach or campsite on long camping trips, etc.  This happy (and very proud) mom just can't say enough good things about the WONDERFUL WonderWasher!  :)	2010-12-15
US	13484133	R3I1PFZO97OKMF	B004MX8XO6	451436203	SPT Countertop Dishwasher	Major Appliances	5	0	0	N	Y	Worth it	This might be the best investment I've made for my apartment.  Doing dishes kills my back and I hate seeing dishes pile up in the sink.  Now I just run this thing twice a week and I'm golden.  The manual is dreadful with the installation instructions at the very back.  Thankfully the faucet adapter is a universal fit and the rest is cake.  Going on 3 weeks now and it works perfectly.	2014-02-07
US	28651374	RCYGNRQWO9U9B	B0018YOO86	449140667	GE Profile : PSHS6RGXSS Refrigerator	Major Appliances	1	1	1	N	N	GE - Poor Quality of GE appliances	GE is in the business of selling appliances that are Extremely Poor Quality.<br /><br />We purchased a new GE side by side refrigerator in 2010.  Because of problems that could not be fixed with 11 service calls - GE offered to replace the appliance.<br />Now 2 years later - the refrigerator is not cooling to proper temps.<br />In calling their service line - I'm told that they cannot come for 5 days - but they will put me on a list - where a service man will call prior to coming and if I don't receive that call the appointment is for the 5th day between 8 a.m. and 5 p.m. (the entire day).  I asked for their consumer relations dept., was given another number that directed me directly back to the area I was speaking - this person was nice enough to transfer the call - which took 32 minutes for them to understand (the recording indicated a 3 minute wait).<br />Apparently GE is so busy fixing their JUNK refrigerators that they cannot service ours for a week.<br /><br />We were also offered - if we wanted - a gift certificate for $100. if we choose not to repair the refrigerator but to replace with another GE.  Yeah Sure........just what we want, another $3500. refrigerator that breaks in the first year - that we need to be home for their servicemen 11 times, for them to replace it - and for that one to break down - I'm finished with GE.  Will NEVER purchase another one of their appliances.	2013-10-07
US	51211443	R87F25SNFBW1D	B002GEDBIG	89010701	Centrifugal Clothes Portable Spin Dryer	Major Appliances	5	2	2	N	Y	Works Great	Dryer works great, clothes come out pretty dry (depending on material) not to noisy once up to speed able to hear the TV	2012-12-30
US	49311397	R3IUMZ7GE1KDIN	B000HZVBVU	98268864	Broan Under Cabinet Range Hood, Stainless Steel, 42-Inch	Major Appliances	3	4	4	N	Y	Somewhat cheap, would get quieter and stronger next time	Got this as a replacement for the original I had in my home.  It is OK but noisy at higher speeds.  For the price it works out.	2010-11-19
US	37622369	R1H0OQ85C27OGF	B0002YTM0I	539049610	Broan 412402 ADA Capable Non-Ducted Under-Cabinet Range Hood	Major Appliances	5	1	1	N	Y	Perfect	Just as advertised...very easy to install. takes no time at all. The price can't be beat. Do not hesitate looks perfect	2014-03-07
US	52649601	ROFEHPUQRIJ0Y	B005GSZB7I	827502283	Whirlpool Stainless Look Countertop Microwave, 0.5 Cu. Feet, WMC20005YD	Major Appliances	4	1	1	N	Y	Great style and size	but it is a little deep for where I have it. Beautiful and stylish. Easy to use, with sensitive touch screen.	2013-09-25
US	24837022	R2ZVK79A8FURTX	B004WP4CV2	362237554	Samsung WA5451ANW 27 Top-Load Washer 4.7 cu. ft. Capacity, 1,100 RPM Stainless Steel Diamond Drum	Major Appliances	1	15	15	N	Y	RUST, RUST, RUST.....	Bought this in December 2011. Rust around the bleach cup was obvious 13 months in. The metal underneath the porcelain is bubbled and cracking and is as orange as it can get. I keep trying to clean the rust and treat it but it is getting really bad now.<br />The machine never puts enough water in to clean or especially rinse the clothes. I have found the only setting that puts enough water in is the &#34;Towels&#34; setting. Second rinse is a must or the clothes have soapy water residue left behind.	2014-02-02
US	13249828	R20D526V4RDJQJ	B002ZNL90U	317229245	Frigidaire 240323001 FRIGIDAIRE REFRIGERATOR LOWER DOOR BIN - WHITE	Major Appliances	1	0	0	N	Y	Defective/Does not work properly	Bin does not fit in refrigerator door. Merchant wants to charge 20 % Recovery Fee / Loss of Freight charge applies for return.  Considering I'd have to pay for return shipping, product is not worth the return.  I guess you get what you pay for, NOTHING!	2013-06-22
US	44124968	R39PZ9UPNLAVH6	B004MUTB9A	275865278	LG WM2240CW 27 Front-Load Washer 3.7 cu. ft. Capacity Energy Star Qualified	Major Appliances	1	3	8	N	N	LG washer worst for me, not working after 2 years	I bought LG Washer & Dryer front loads for my new home. After 2 years washer is not working. I did not buy any extended warranty, but I did not expect LG washer will be dead within two years. I will never buy any LG products in my life time.	2012-03-26
US	30134122	R2OSF6MW8PZSX4	B009T1JX1S	312666367	"Golden Vantage Stainless Steel 36"" Euro Style Island Mount Range Hood LCD Screen GV-GL-9002-36"	Major Appliances	5	3	3	N	Y	A little noisey.	From reading the reviews I thought the motor would be quieter, but still love it and I think the instructions need to be a little better, kinda hard to read and understand, it took a little bit of guessing.	2013-09-07
US	42463151	R3V0CZ47VTFB65	B00472MN7A	775476535	Nostalgia Electrics Stainless Steel Double Kegorator Twin Tap Beer Keg Fridge	Major Appliances	4	54	55	N	Y	A decent residential Kegerator	"This replaced an old 3 tap Beverage Aire Commercial kegerator I had go out on me. I didn't want to spend $1500.00+ for a new commercial quality one, so I opted for this unit. I'll list the Pros and Cons as I see them.<br /><br />First the Pros...<br />1) Has (2) taps.<br />2) Looks good.<br />3) Good range of temperatures (approx. 33-40 degrees F.)<br />4) Uses half the power of my old kegerator.<br />5) Actually hold (3) home brew kegs (5 gallon).<br />6) Good quality dual gauge regulator.<br />7) So far seems to be reliable.<br /><br />Now the Cons...<br />1) Co2 tank is too small (2.5 lb). It should come with a 5 lb. tank. (I have a couple of 15 lb. tanks so not a big deal for me)<br />2) Cheap quality beer lines. (I recommend you replace them w/ 5-6 feet of 3/16\\"" I.D. high quality beer line)<br />3) Cheap quality gas line.<br />4) Standard brass faucets. (I replaced w/ my S.S. Perlick forward seal faucets)<br />5) Black plastic top seems cheap.<br />6) Drip tray does not fit properly around the beer tower. And it just sits movable, not fixed on top.<br />7) Casters are too small and don't rotate well.<br /><br />Of course these are just my opinions and going from a commercial quality kegerator to a residential type, I have lots of nit pick things about it.<br />All in all, I would recommend this to people who would like a little variety instead of the single tap single beer at a time."	2011-10-04
US	14032007	R3HC2NE0AJAW89	B005HYW5BG	240739555	Frigidaire FFHS2622M Energy Star 26 Cubic Foot Side-By-Side Refrigerator with Store-More Capacity and,	Major Appliances	1	19	25	N	N	Don't waste your money!	We've had the fridge for a little over two years, within that time, we've had to replace the motherboard twice! Not to mention that the ice maker arm never gets high enough to stop making the ice so I have to manually lift it up so our freezer isn't full of ice cubes. The crush/cubed option, good luck with that. It will just randomly decide if it will change over. As a side note, don't even bother calling Frigidaire if you have problems, they don't back this product at all.	2014-01-09
US	42904761	R2YQCZX9USGIE5	B0047W7RPS	22177474	Gas Range Oven Ignitor for Viking Range replacement for PB040001	Major Appliances	5	0	0	N	Y	Direct fit	No hassles putting them in. all holes lined up. I was worried about the fact I ordered 2 and they were different side by side but they worked fine.	2014-01-03
US	48935868	RWQ9H6T4KOQQ3	B00H8CKMG0	753515575	Handle This Appliance Handle Covers	Major Appliances	5	1	1	N	N	GREAT PRODUCT!	I use my handle-this for everything! All of the handles in my kitchen are always spotless and ready for company.	2014-02-19
US	37969681	RQW7QT5J54JX9	B00630PSP8	849825891	12 Bottle Wine Cooler	Major Appliances	4	0	1	N	Y	nice cooler!	quiet operation and fits on my bar without any issue.  Only thing I find odd is the blue lighting in the cooler is in the upper right hand corner (inside).  When you put a bottle in of standard size it most times toggle the switch on or off when bringing a bottle in or out.  Seems like a not well thought out place for it.	2012-12-09
US	17816834	R2E10V6PYGI0ZM	B000UW017A	849464333	Maytag MEW6530DDS 30 Electric Single Wall Oven - Stainless Steel	Major Appliances	1	3	3	N	N	Control Panel Problems	We replaced the control panel once after owning for 3 years ($400) and it has malfunctioned again (Almost exactly 3 years later).  So now it will cost us another $400.  This is a known problem with this model, do your homework.  Unfortunately, we didn't.  Maytag knows about this faulty panel and will do nothing to stand by it.  Stay away.	2011-05-09
US	27648646	R1ZOBOC5M630J	B002Z9G5SA	69159511	EdgeStar 84 Soda Can Beverage Cooler Fridge	Major Appliances	1	0	1	N	Y	Regular defrosting required to get good performance	MUST DEFROST MONTHLY. looks good and cools well at first, but after a few weeks, frost will accumulate at the inside rear of the unit. over a few weeks, this will increase to the point to where it fails to cool well. also, you can't fill the fridge like it's shown in the picture. if you do, it won't hardly cool at all. all the experience i'm writing about is with a fridge that's barely stocked (maybe i keep a twelve or so in the fridge at any one  time).  overall, it only works for a week or two at a time, the time after you've defrosted it. it looks nice but is junk. Defrost, really? What is this the 1970s?	2014-03-03
US	49597656	R2BKTBR6V607YY	B0011YLNRS	890315560	Dacor Millennia Series MDW24S Fully Integrated Dishwasher with 5 Cycles, 3 Wash Options, Stainless Steel Interior and Soil Sensor Technology: Stainless Steel	Major Appliances	1	2	2	N	N	Terrible Longevity	We have had this dishwasher for 2 years now.  It is one of the most amazing dishwashers when it works.  Effecient and quiet.  The main issue is the controller board.  On our second and that one is failing.  Always thinks that the latch is open when closed.  Stops the cycle.  This is a common problem if you google the issue.  Amazing for a 2k dishwasher.  Dacor only provides a 1 year warranty, after that you are on your own.	2009-05-13
US	52654063	R30JN38Y9NJMA1	B000UNADHM	116404034	HES7052U Evolution 700 Series 30&quot; Freestanding Electric Range with Genuine European 3rd Element Convection Concealed Bake Element &amp; Bridge Element Burner: Stainless Steel w/ Stainless	Major Appliances	5	14	14	N	N	Excellent Range...Love It!	We replaced a JenAir range with this Bosch model. We did not have any experience with the Bosch brand but after extensive research we went with this Bosch model and we are glad we did.  The performance is fabulous, it looks great in our kitchen, and we love all of the features.  I had never used convection before but now I use it quite often, usually to bake cookies or to cook frozen pizzas for the kids. I have only used the warming drawer once to keep appetizers warm during a party. It was great to be able to whip out a plate of hot apps half way through the party.  I would highly recommend this oven. Based on this purchase we will replace our dishwasher with a Bosch in the near future.	2009-01-02
US	47134781	RPBKXJAU0UX2Q	B00D8N23N8	997525513	Avanti AR4596SS Counter High Refrigerator	Major Appliances	1	1	1	N	Y	Doesn't work.	Refrigerator that I received didn't work.  Contacted Avanti 3 times already with no help.  Customer service for Avanti is horrible.	2014-02-07
US	31784529	R24EYEMNW5K9U0	B008RNDD2E	444978808	"Sharp Microwave Glass Turntable Plate / Tray 14 1/8 "" NTNT-A108"	Major Appliances	5	0	0	N	Y	Perfect	It was just what I wanted at a decent price. I would definitely look for something that I needed here again!	2013-02-25
US	3248488	R2DBBCJ8CK1AEY	B005XD59IC	805030075	Advent MW912BK Black Built-in Microwave Oven with Trim Kit specially built for RV Recreational Vehicle, Trailer, Camper, Motor Home, Boat etc., 0.9 cu.ft. capacity, 900 watts of cooking power and 10 adjustable power levels let you boil, reheat, defrost and more, 6 pre-programmed one-touch digital cook seetings let you easily prepare popcorn, pizza, frozen entrees or beverages at the touch of a but	Major Appliances	1	10	11	N	Y	Not again	The item was very poorly made it only workes for 1 day and then burnt too not working the next. we only used it for 15 min total in two days.	2014-02-24
US	19393868	R1V1MO35UTLQ22	B0016JKJUA	529799853	Whirlpool Duet Steam : WFW9500TC 27 Front-Load Steam Washer (Tuscan Chestnut)	Major Appliances	5	3	3	N	N	Task Reducer	This is the first review I have ever posted. But, I had to let everyone know how great these appliances are. We have had our set since the summer of last year. We have 3 teenagers, my husband is a fabricator who loves ATV's and Side by Sides and we live in the woods with a gravel driveway. So we have a lot of laundry and a lot of dirt. This washer has cut my detergent use and work load in half, litterally! It gets everything clean. And when the cycle is done the clothes are damp, not wet, so it takes less time to dry. I love the Whitest Whites cycle...it does keep the whites that almost new white. And the Deep Clean cycle is amazing...I have put a few things in there that I thought were not that dirty and to see the how dirty the water comes out is testament as to how well the washer cleans. When it is spinning, you dont even here it. Make sure you level the washer properly...otherwise you will have noise and vibration.    The dryer is awsome also. You can run the washer through a quick wash and throw them into the dryer on quick dry and your done in 30! My girls love the quick refresh cycle on the dryer...You know teenagers they change every couple of hours. So if they have something they want to wear and its not so fresh or a little stretched out they just toss it in and its ready to go in a few minutes. It also has a setting so that if you cant get to the dryer right away, it will tumble it every so often at the end of the cycle so you dont get those nasty wrinkles.    I think its well worth the investment...after all you use it all the time for years. You may as well invest in something that is going to make your life simpler and enjoy it.	2010-01-29
US	48252492	RU22FLEDX1T4N	B002LGSHMO	103224437	Range kleen Kleen Seam Silicone	Major Appliances	4	0	0	N	Y	Item works well	This item works well and keeps spills and other &#34;stuff&#34; from running down the crack between stove and counter top.  So far it hasn't burned.  Must remove and clean under it from time to time.	2013-03-20
US	37702772	R3DB9U7EY27I4X	B00DW1QC88	929535630	Clothes Fabric Lint Fuzz Pill Remover Sweater Shaver LB-288	Major Appliances	2	0	0	N	Y	clothes fabric lint fuzz remover sweater shaver	This is a very poor quality shaver. I could not get it to work at all. The information sheet is only in Chinese.	2014-01-07
US	16340279	R6AZH7Z4PF5WF	B002GPG7UO	64936082	Maytag Dryer Tumbler Bearing Front Glide and Pad 306508	Major Appliances	4	0	1	N	Y	best price	After about 10 years my Maytag dryer was making a terrible noise! I wasnt sure if it was worth repairing, but when we got it apart and saw it was this little part that wore out, I looked online and found this site to have the best price!  I mistakenly ordered &#34;one&#34; because is said &#34;set&#34;.... in actuality, you need 2 sets!  Once I ordered and received the second one, the repair man put them on, and voila! for about $70 bucks, ($60 labor and $11 parts) a perfect working dryer again! Totally recommend this site, fast shipping, worked perfectly.	2013-09-03
US	33518834	R14PYZI1CQ30IM	B001RNNREA	678983909	Cuisinart CWC-3200 32-Bottle Private Reserve Wine Cellar	Major Appliances	4	18	19	N	Y	Excellent buy for new wine collectors	This is a very quiet unit; when it comes on there is only a small murmur.  The shelves are adjustable, which is nice.  I feel confident buying a Cuisinart product too.  The only draw back is that if it is to hold 32 bottles, they have to be pretty skinny.  Regular bottles and the wine bottles from my wine club take up more room so it only holds 24.  Also, if you store champagne it will take up 3 places.  But at least they are adjustable and good quality shelves.	2010-05-16
US	13843477	RAUF9N3OQMKKM	B0000AYKNT	118445563	Haier XQBM22-C Portable 4.9-Pound-Capacity Pulsator Washing System with Stainless-Steel Tub	Major Appliances	5	2	2	N	N	Excellent little washer	I got this washer a few weeks ago and has used it 3 times so far.  It works real well and here are my observations and things I did: <br />-  Download the pdf file from the amazon.com site.  It is more detailed than the one that comes with the unit.  And most important of all, it has a table for how much detergent to use.  I'm using 2 tbsp (about 25 mL) for the high load. <br />-  Set up is real easy.  You can have the drain hose run either to the right or left side of the washer.  It comes on the right side,  so if you want make it run on the left side, do that first before screwing in the bottom panel. <br />-  Remove the aerator from your tap by turning it clockwise.  If it doesn't move using your fingers, wrap some rubber bands around it and turn it using a pair of pliers.  It should move with just one twist and then, just use your fingers to turn it loose.  Attach half of the easy adapter to the water inlet hose and the other to the faucet.  The half attached to the hose should pop right into the other half that's attached to the faucet by pressing or pulling back the flat surface. <br />-  Set at the high water level, I was able to put in 2 pairs of jeans, a set of sweats and 3 blouses.   The clothes came out smelling real nice. <br />-  After using, although the inside drum looks dry, there is still some water in the hose so, I drained it by lifting and laying down the hose to floor level a few times and letting the water drain into a pan/basin. <br />I really lke this washer.  It looks tiny but it does have good capacity and most important of all, no more worrying about germs in public washers.	2006-02-05
US	43612802	R1IDYI1X5ZNZCX	B008I6TZRM	552749851	LG LFX31945 Super Capacity 3-Door French Door Refrigerator with Door-in-Door,	Major Appliances	5	5	6	N	Y	AWSOME !!!!	When I was searching for a new refrigerator, my wife and I went to local stores to find which refrigerator suited our needs. My wife fell in love with this LG 30.5 cubic foot refrigerator. She likes the drawers and how they are positioned. Plenty of room. The freezer compartment is also huge. Lighting is bright, and the water filter and air filter also added to the selling point. The ice maker inside the door is stylish. The door within a door caught my eye, and I like the concept. It is very quiet and the temperature settings on the door are also nice and rather stylish. I have bought a lot from Amazon, but I must admit I was a little nervous ordering a refrigerator online. Because of the success I have had with Amazon, I took the chance, and I am glad I did. From the order date to delivery was less than two weeks. The people who delivered the unit were very professional. They took it off the truck, unboxed  outside the front door. We both inspected it, then he took off the door handles and brought it inside. They put it where we wanted it, installed the door handles, hooked it up. I SAVED over $1600 buying it through Amazon. In short, we have had this unit for over two weeks, and so far we are very satisfied. Great price, professional delivery and setup, and a great refrigerator. We just love it!!!	2014-01-28
US	20245740	RWZQN0BROW1P5	B005ITW3J4	706774563	Kissing Santa Christmas Kitchen Dishwasher Cover	Major Appliances	5	0	0	N	Y	Cute Cute Cute	This makes a perfect addition to the kitchen without being in the way. It fits true to size and looks great. Highly recommend if you are looking to add a little pop of Christmas!	2013-12-14
US	39533153	R1VS3IGZXVK09R	B001SAFQ8C	723530067	The Dishwasher Filtration System	Major Appliances	5	0	0	N	N	It works very well	I was skeptical that our glassware would go from cloudy to clear with the easy install of the product.  I was so pleased that the product produced sparkling clear glasses upon first wash.  I hear that the company is out of business.  Not a problem, because you can either recharge the beads that you have, or buy resin in bulk and buy a refillable cartridge and renew the system every 6 months or so.	2013-04-22
US	47531941	R2Q7P57FBMR4WL	B004DJDIMG	607511549	EdgeStar 62-Can Beverage Cooler - Stainless Steel	Major Appliances	5	3	6	N	Y	Great gift	This item was a Christmas gift for my in-laws & they loved the item! Perfect size for their new bar. Makes no noise. Fits beer glass bottles & wine bottles. They couldn't be any happier. I'm glad I went with this choice.	2012-12-23
US	51221455	R24EL9UFQSFUHA	B002ZD8KIO	16706824	Whirlpool Part Number 8201756: ICE DOR KT	Major Appliances	5	17	18	N	Y	Problem solved	"The flap that normally covers the ice dispenser chute on my Whirlpool refrigerator stopped working. It would not seal properly, which caused moisture to freeze up the mechanism that crushes and dispenses ice--which meant no ice could be dispensed at all. It was \\""reach into the bucket and get some ice\\"" for a while until I found this kit. While any repair kit that uses some type of super-adhesive to mount additional hardware (not visible after installation, by the way, which is good) and requires you to take needle-nose pliers and break off the little plastic things that originally supported the flap can cause some apprehension in someone with little confidence in their repair skills (me), it worked perfectly. Some aspects of the replacement directions did have me scratching my head for a few minutes, but the end result was a complete success."	2010-12-25
US	37795919	R4Z4NRAJZNI7J	B004BVRAHK	493069513	COMBO 279838 and 3977767 Dryer Heating Heater Element and Thermostat for Whirlpool and Kenmore	Major Appliances	2	0	0	N	Y	The last one I purchased only lasted from 6-2011 to 5-2013	I am replacing this element for the second time.  The original element lasted about 6 years.  The last one lasted less then 2 years. Hopefully this new one will last longer.	2013-07-08
US	15986062	R1WAWGS57WRV6S	B008F07MPS	168181302	Whirlpool WMC30516AS 1.6 Cu. Ft. Stainless Steel Countertop Microwave	Major Appliances	5	6	7	N	Y	Looks Beautiful	Went back and forth over which microwave to purchase.  Having had Whirlpool products in the past, I knew that this was the brand I wanted.  The color of the stainless steel matches perfectly with my other Whirlpool brand appliances and the blue display panel adds a feeling of special-ness that a standard green display lacks.	2013-08-30
US	20632537	R3TOFRCHNYX3NY	B003ZDE6SQ	490383951	Whirlpool Gold GGG388LXS 30 Freestanding Gas Range, 4 Sealed Burners, Stainless Steel	Major Appliances	5	28	28	N	N	Great Oven for the Price	We wanted a dual oven stove without loosing our shirts, and since we already had whirlpool appliances elsewhere, this was a logical choice. I'm glad we went with this version instead of the 5 burner/convection because we dont miss not having those extra features. We both love how the knobs are turned up and away from our kid's little eyeballs, and the best part of the oven is that when you hold the light button down (3 sec's) it locks the gas completely, so even if they did turn the burner knobs no gas can come out! We didnt know it did that when we bought it but we use it all the time. Also we use the little oven daily, but whats really cool is the keep warm feature, because our meals are never timed right so we can keep one thing warm in one oven while the other is finishing the other part of the meal. We got this oven on sale at sear's for 1100, and then got another 100 off by opening a credit card. So for about a grand it was a great deal! FYI - we replaced a slide in oven with this freestanding model and it fits and looks fine.	2011-02-04
US	37692328	R2264U05MO3J30	B002JZVWMO	317767642	Whirlpool : GI7FVCXWB 27 cu. ft. Bottom Mount Refrigerator - Black	Major Appliances	5	12	12	N	N	Whirlpool Gold Latitude GI7FVCXWB is a great buy!	We've had our black Whirlpool Gold Latitude (model GI7FVCXWB) refrigerator for three months.  We purchased it in February of 2010.  We give this refrigerator a five star rating.      This refrigerator is everything we wanted.  We love that we no longer need measuring cups for adding water to a recipe. The door shelves are wide enough for gallon bottles.  Both the refrigerator and freezer are huge.  We had a second freezer because the top freezer on our previous refrigerator was so small.  I have unplugged the second freezer because it is no longer needed.    The ability of the ice maker to dispense cubes or crushed ice is great.  Although I've seen some complaints regarding the noise level of the ice maker, it is no louder than any other refrigerator ice maker.  The noise level does not draw your attention to it nor does it drown out conversations or cause any other distress.    My only complaint is with the Owner's Manual.  The refrigerator has a door ajar alarm.  Unfortunately, the Owner's Manual does not provide good instructions for turning the alarm on.  Once, I figure out how to set the door ajar alarm, we will have no concerns with our black Whirlpool Gold Latitude.	2010-05-21
US	28598982	R2EC53B4HSWF5B	B008O5BR8C	222302627	"Emerson P23 Microwave Glass Turntable Plate/Tray, 10.5"" L"	Major Appliances	5	2	2	N	Y	Perfect fit!	My husband broke our plate in our small hamilton beach mic from walmart in his man cave. Looked everywhere and I guess they sell these in stores anymore. Saw this and wahlah! it fits perfect!	2013-01-20
US	52819426	R2B09TTILP2BBR	B00146GIKA	356481955	Broan F402401 Two-Speed Four-Way Convertible Range Hood	Major Appliances	4	1	1	N	Y	Easy to install	I bought it for my cousin.  They installed it in their tenants apt.  They said it was easy to install and a great fit.	2013-10-02
US	35225415	R21EWS1LG0ZRYI	B000BQU3BE	629057163	Koolatron Coke Can Cooler	Major Appliances	4	0	0	N	N	My son loves it	Looks great. My son loves it.<br />Keeps cans pretty cold - not quite as cold as a normal fridge.<br />Makes a noise like a small fan running.	2012-11-22
US	12356216	R3QH1YJ3V5NXRU	B000N66I8O	808198703	Newair AI-210SS Stainless Steel Portable Ice Maker with 35 Lbs. Daily Capacity	Major Appliances	5	0	0	N	N	Great little ice maker!	Have never owned a portable ice maker before. Didn't really know what to expect. Just received my newair ice maker and it<br />works perfectly. Only time will tell as to the life expectancy.	2014-04-01
US	52810226	RRZEM58OB84A3	B0015YK6CC	612347998	Bosch WAS20160UCAxxis 2.2 Cu. Ft. White Stackable Front Load Washer - Energy Star	Major Appliances	4	10	14	N	N	Better than the other reviews would have you believe!	We have has the Bosch under counter washer and dryer for 10 years.  The motor just burned out on the washer and we are replacing it with another Bosch.<br /><br />All of the complaints about the smell are due to user ignorance.  We had the same problem.  I tried every method and product to eliminate it and could not.  Then I came across one suggestion on the Internet that worked 100%.  We switched fom liquid Tide HE to powdered Tide HE and within two weeks the smell was completely gone and never returned.<br /><br />I agree it does not clean as well as a full size machine.....find me one that is better!	2013-02-05
US	23748764	R1HJUXTZ62USXE	B001EY8GNO	82567510	"BTHRM 3"" WHT HOOD ASSEMBLED"	Major Appliances	4	0	0	N	Y	Great fit.	This product was just what we needed. Everything local was too large to fit in the hole made by the first vent.	2013-12-20
US	3319116	R31FU9GDK5CK1K	B000W3LJ8C	467999236	PEM31DMBB%2D Profile Spacemaker II %2D1%2E0 Cu%2E Ft%2E Countertop Microwave Oven %2D Black	Major Appliances	5	0	0	N	Y	ge microwave	we replaced our old ones with these in our breakroom. they look and work great. very easy to keep clean!	2013-08-19
US	35304672	R35K7HMW6DQYMF	B00076WO10	738073599	Knot-A-Bag, Dispenser Refills (Standard Style)	Major Appliances	5	0	0	N	Y	great idea	Really like to be able to pick my own size for the bag I need.	2008-05-13
US	12226325	R3IRR2KDKJ5W7	B008DJRFVW	428549635	Whirlpool Part Number W10350376: ADJUSTER	Major Appliances	3	0	0	N	Y	Does the job.	As long as it doesn't break right away (this is my 2nd replacement of this part in 3 years), I will keep the rating at 3 starts.	2013-05-09
US	49700112	R1DNZBC1X550BT	B003AVE14W	256628047	Wall Clock Spy Camera with Remote Controller	Major Appliances	1	1	1	N	Y	hair regrowth	bad ,awful very watery,came in a plastic small bottle,cheap dont know if your evan putting something that really works.so I would go head and purchase the perfect image minoxidil,its way much better and you really do feel it working on your scalp.	2012-06-30
US	49162639	R3CP2P9OGF96BD	B00064NX68	240781307	Whirlpool Washer Motor Coupling # 285753A	Major Appliances	5	0	0	N	Y	Drive coupling update.	The replacement coupling has been improved. It now has a metal inner sleeve that makes it stronger. This should help keep it from cracking at the center hub. Amazon has become a good source for appliance parts for my business.	2012-09-25
US	38989052	RYFMEEDX1KM2F	B00487AUXI	246241039	Replacement Jenn Air Infinite Switch (top burner switch) 700855K	Major Appliances	5	2	2	N	Y	as description	product works, deliver is fast, and email response quick. I have a old model of Jenn-air where the switch handle is one long piece without the screwing top so I had to take it off from the switch. That is done without much trouble.	2012-01-04
US	15230265	RDCJEPKJCYSFM	B0026T0RDS	574964710	NuTone NS130BL Under-Cabinet Range Hood	Major Appliances	1	0	0	N	Y	Loud	This fan is super loud on high speed!<br />The finish on the front of the unit is blistered and cannot be easily repaired. Maybe that's why it is so cheap!	2013-05-29
US	17023024	R1ZFGYFMLG4GIK	B000TLWA5I	228913016	Vinotemp Thermo-Electric Digital 18-Bottle Wine Chiller	Major Appliances	2	21	22	N	Y	Looks good, runs fine...for 9 months.	Purchased this wine cooler in November '10, stopped working in July '11. When i first began using it, it took awhile to get down the to proper temperature - something like 3 days. But once it did, it was fine.  However, when summer came along the unit couldn't get the temp below 65 degrees, sometimes struggling at 68-69 degrees. After about a week in the high sixties, the temp shot up to 80 degrees, even though the temperature of the room was in the mid 70s. Warranty is 90 days, so I now have to purchase a replacement cooling system for $50 - i hope the service instructions are good.    Poor quality, I would look elsewhere.  They sent the wrong cooling system first, then when the correct unit came, it did not work. This whole experience from the product to the service has been a joke.	2011-08-22
US	18999070	R2EBISNPNP2YL5	B0033Y0VZ4	922025525	Danby DDW1899BLS 18-Inch Built-In Dishwasher - Stainless Steel	Major Appliances	5	3	3	N	Y	I love me this dishwasher.	I just bought this dishwasher thru Amazon.  Delivery was prompt and careful.  I did not have it installed for a week or so because the carpenter had to cut out all the drawers, etc., in order to fit it in.  So, I have used it only three times, but I am soooo happy with it.  I live alone, it's the perfect size, and unless I am going deaf at my age, I don't think it is noisy.  I would highly recommend it.  Just think, no more dishes to wash by hand.	2012-08-29
US	15899344	R2WONFF0Z4CHMO	B001SUDJIQ	183784715	Avanti D110 Compact Electric Dryer- White	Major Appliances	1	0	1	N	N	Avanti dryer the worst.	Air drying is faster compare to this. Don't buy this at all, not suitable for the price. Had I known what I know now I would have invested a little more money on something bigger and better.	2013-06-11
US	52665071	R1Z7W63DHROKEE	B002Z9G5SA	69159511	EdgeStar 84 Soda Can Beverage Cooler Fridge	Major Appliances	4	0	1	N	N	HELP	Please help, my new My fridge came with a black part that i dont know where to put it??  It is the EdgeStar Beverage Cooler BWC90SSLT	2013-06-25
US	50852564	R3NSFFXYM1CRS2	B002AC705O	490680981	GE REFRIGERATOR WATER LINE TUBE CONNECTOR 5/16X5/16 WR02X11330	Major Appliances	5	0	0	N	Y	Great fit	After moving, my ice maker needed one of these before I could turn on the water.  A few stores didn't even know what I was looking for, so Amazon came through.  Popped it on the water line, and within 2 minutes had water.	2013-07-23
US	16702877	R1KZF9VH4P4D2V	B000260JRG	798219392	Sanyo SR-3770S Counter-High Refrigerator, Black and Stainless-Steel	Major Appliances	4	5	5	N	N	Good Value	i got my frige today and like others, there were a few dents on one side; nothing major enough to return it. this is still a great value though, combined with the $25 dollars off, and free super saver shipping. the free shipping was overnight by the way, so dont pay extra to have it done. i assume amazon acknowledges the problem. i'm yet to see how great it works but im slightly dissapointed that there is no light.	2006-09-13
US	47305410	R1BCK70A0JJF1J	B0050KKHRQ	535077772	Whirlpool Part Number 8268572: Fill Valve Assembly	Major Appliances	5	1	1	N	Y	Kenmore dishwasher is back in business!	Old part became clogged and did not allow the water level to reach its proper amount so dishes never came out clean.  The replacement part has corrected this problem.	2013-10-28
US	21626328	R33KNL5PV9RPQJ	B00BEGSPBU	914086190	Windscreen S2-c Stainless	Major Appliances	5	0	0	N	Y	perfect	This windscreen, the clickstand and my old exponent cookset (that looks identical the the olicamp pot and  fry pan-lid) is a marriage made in heaven.	2013-07-22
US	15426883	R1ODIC3ZKCPGHV	B001DPTNCM	705959161	Whirlpool Part Number W10074580: Cap, Barrier	Major Appliances	5	0	0	N	Y	Just like the original one.	It fit perfectly. The seal is very tight so no water will get in. This cap fits most older Maytag washers.	2013-06-29
US	51935069	RQPW061Z4P6TM	B0000CFE32	294467812	Danby  Freestanding Wine Cooler	Major Appliances	4	22	26	N	Y	So far, so good	This reasonably priced, sturdy refrigerator seems to be doing the job it advertised.  A great value for this discounted price, it is also an attractive item for your kitchen, bar or pantry.  I don't know if they had Houdini doing the counting, though...I cannot possibly imagine how one could configure it into holding SEVENTEEN (!) bottles of wine!	2006-03-25
US	27132277	R20EZMLDUU07UH	B0002DUUL4	858064077	"Samsung Microwave Glass Cooking Tray - 12.5"""	Major Appliances	5	1	2	N	Y	Excellent fit	I ordered the microwave glass tray for my brother because his broke.  It arrived in a timely manner and fit perfectly in his microwave.  I would DEFINITELY order this product again.	2010-12-21
US	42195987	R261OQ6P4P63BG	B002MFJRYG	878007361	Whirlpool Part Number 67005903: Door, Pantry Drawer	Major Appliances	3	1	1	N	Y	pantry door	Item was wrong size. After I sent model # I have not heard back. Was hoping I would get right part!	2014-02-15
US	9921923	R3OGL6NCGM4SE9	B0011YFLXU	423533660	"Electrolux Icon E30SO75ESS Designer 30"" Stainless Steel Electric Single Wall Oven - Convection"	Major Appliances	5	0	0	N	N	Just perfect !!	This units is just what everyone need in the day to day. Its compact, its fast, its cook perfectly foods. Also over my electrolux wall oven , it create a wow effect !! One of my friend also have one (i purchased mine bc of him) and also love it. I would recommend it to anyone that dont need a big oven oftenly like me.	2014-03-27
US	28335852	R1QS02LACJ7ACL	B001NQJEMA	916671835	Sunpentown WC-1271 12-Bottle Thermo-Electric Slim Wine Cooler	Major Appliances	3	8	8	N	Y	Will not cool?	We just received our wine cooler, but can't get the temperature to stay at the coolest setting.  Any advice?  It did not come with an instruction manual.	2011-11-10
US	10858915	R24YG9Y7I9FHMM	B0073YCH16	228389675	Whirlpool WMH32517AW 1.7 Cu. Ft. White Over-the-Range Microwave	Major Appliances	1	3	5	N	N	noisy and another problem	this microwave is really noisy if someone starts talking while it is running i have to stop the microwave to be able to hear the person also from the day that i started using it keeps flashing 'door', when the door was securely closed. i am returning it today.	2013-09-19
US	52530638	R9KLNHRXOX5SL	B002UQ107O	396066896	Granite Grabbers Dishwasher Mounting Brackets	Major Appliances	5	0	0	N	Y	Why aren't these in every home improvement store?	It's such a simple idea it's a wonder these aren't in every home improvement store.  Installation is easy (I used some clamps to hold the brackets in place so I didn't have to) and once they're installed they're nearly invisible.  Clever idea and a reasonable price.	2012-02-29
US	14747512	RYNTLVMIATEZ2	B001TIYFIU	73083719	Magic Chef Dryer Lint Screen Filter 53-0918	Major Appliances	5	0	0	N	Y	Perfect for my Maytag Dryer	This is exactly what I needed and it fits perfectly in my Maytag dryer.  It took a lot of searching to find what I needed since we couldn't find the manual.  I totally recommend looking at the picture and comparing.	2013-01-18
US	15433851	R1B3UJKIEPDTP2	B00BW73A8O	238207960	HOMEIMAGE 27 Bottle DUAL ZONE Thermoelectric Wine Cooler with Wooden Rack HI-27C	Major Appliances	5	1	2	N	Y	Elm Grove, LA	The unit arrived in a timely manner, there was a small dent on corner of the door.  The dent was not a big deal was very minor.  Overall the unit looks nice and does the job.  Very quite and I have no complaints.<br />Pattie	2013-06-15
US	31282482	R21C33TPPFZYJH	B000Y8ZYAO	475309756	"Whirlpool DU1055XTSQ 24"" Under Counter Dishwasher (White)"	Major Appliances	3	15	19	N	N	Good value. But must wash water ALWAYS be pre-heated?	"Not 4 to 5 stars because:    -No push/pull/turn knob for turning it on and off like our old Frigidaire. A 2-year-old granddaughter lives with us, & she might push the \\""Cancel/Drain\\"" button, or a \\""Cycles\\"" or \\""Options\\"", button, without our knowing, & cause a real inconvenience. The old unit didn't have lighted buttons which would attract her attention, and the big knob wasn't easy for her to push/pull/turn;  -If we forget to run hot water into the sink before starting a wash, we might have trouble (see below).    This model is a \\""Consumer Reports\\"" Best Buy.\\"" We paid $388 at Lowe's, & paid $79 for delivery. They charge $99 for installation.    Another Amazon review tipped us off to the importance of keeping the silverware/flatware basket from our old Frigidaire dishwasher, because this model's silverware rack is less convenient to use.    The installer asked whether we bought the extended warranty (for up to 4 years). He seemed to believe we might need it because this model of dishwasher sometimes stops working and can't be restarted by the user/owner, after a wash cycle is started with water which isn't hot enough! He said something about a function light flashing 7 times to signal a problem with the wash water's temperature. The \\""Troubleshooting\\"" section says that if the \\""Clean\\"" light is flashing  you must call a service technician. But it also says the dishwasher \\""runs longer while heating water\\"", and \\""a delay automatically occurs in some wash & rinse cycles until the water reaches the proper temperature.\\"" HE WARNED THAT BEFORE EVER RUNNING THIS DISHWASHER WE SHOULD RUN THE NEAREST HOT WATER TAP UNTIL THE WATER IS HOT. In other words, he believes that before every/any load is washed, the water running into the kitchen sink should be hot. I hope he's wrong, because we won't always remember to run hot water just before starting a wash cycle!   (We'd prefer to not always have to use the \\""High-Temp Wash\\"" option in order to ensure that the wash water is hot enough, because of the added cost for electricity.)    Read all of the \\""Important User Information\\"" and the \\""Dishwasher Use\\"" instructions, to be sure of good results. There are 1-1/2 pages of \\""Troubleshooting\\"" help.     The installer recommended using Cascade liquid detergent, and he recommended using a rinse aid. He said to avoid using Electrasol detergent tablets, because they give poor results. But maybe they work fine with softer water than we have here in Utah.     \\""Consumer Reports\\"" August 2008 rated 3 brands of liquid and powder detergents: Cascade, Wal-Mart's brand, and Target's brand. Cascade brand is rated much higher than the other 2 brands. We hope to get adequate results using Costco's private brand.       The owner manual gets 3 stars: It's brief, but written well enough to understand.    This dishwasher is quieter than the 19-year-old unit we removed yesterday. Overall, we're pleased with it so far.    Apparently failure to use a rinse aid results in poor drying performance."	2008-11-27
US	50248247	RLZPU90CGB7NR	B00461F1G2	346921349	Danby DCF550W1 5.5 cu.ft. Chest Freezer - White	Major Appliances	5	0	0	N	Y	Great freezer, great price	I'm very happy with the chest freezer.  It has a large capacity, is quiet and was reasonably priced.  I recommend this freezer.	2014-04-26
US	50861948	R22OZA7OIG7GOQ	B007XIFJ62	843427125	Luma Comfort IMPC-2800S Portable Clear Ice Maker	Major Appliances	3	14	18	N	N	First Generation Machine	"After two weeks with this machine, here's the skinny on clear ice and the Luma Comfort clear ice cube maker. For what it's worth, I'd consider this machine a moderate success.<br /><br />You can call it a number of things - bar ice, clear ice, restaurant quality ice, or winter icicles, but the bottom line is that you typically have to leave home to get perfectly clear ice. The ugliest (worst?) ice you consume is the cloudy ice you make at home in a typical refrigerator ice maker. Once you leave the house, every business that serves cold drinks will have better looking (perhaps better quality) ice than you have at home. That includes McDonald's, 7-Eleven and your local diner at 2 AM. It's really a shame, and if this fact bothers you then this machine may be of interest. You shouldn't have to leave your house to get quality looking and tasting ice that is free of trapped air and stale freezer odors.<br /><br />You can kid yourself and try to boil water a number of times before freezing it to make clear ice but the success rate is hit or miss (at best). The way to achieve clear ice 100% of the time is to buy a commercial ice maker that runs a continuous stream of water over a cold cube making surface, or in this case a lower cost home version of a commercial ice maker. Ask anyone in the restaurant business and they'll tell you that commercial ice makers frequently need service. Every restaurant has a service contract with an appliance repair company, just as every office has a service contract for their unreliable Xerox copier. Whether or not these home clear ice machines will work long term repair-free remains to be seen.<br /><br />Some of the sales claims for clear ice don't hold water (sorry for the pun). Clear ice does not melt five times slower than cloudy homemade ice. You easily can prove that by weighing clear ice cubes versus cloudy ice cubes and putting the equal competitors side-by-side in identical glasses on your kitchen counter. Since ice cubes come in wildly different sizes and cloudy ice has more trapped air than solid clear ice, a kitchen cooking scale is the only way to make sure the ice cubes being tested are the same volume of frozen water.<br /><br />Watching ice melt is not the most exciting activity imaginable, but what you'll find is that your typical cloudy ice will melt at the exact same rate as clear ice. No difference whatsoever.<br /><br />It has also been said that carbonated drinks don't fizz as wildly when poured into clear ice as they do with regular home ice cubes. Again, it's easy to do a side-by-side test in your kitchen which proves they react exactly the same with carbonated beverages. The difference is simply in the clarity of the ice and the presentation of it when serving it to your family or guests at a party. For purists, since this clear ice is made outside of your refrigerator/freezer and the resulting ice doesn't have air channels throughout the cube (as usual ice maker ice does) it resists taking on the odors inside your freezer cavity, even after you transfer the clear ice into your freezer for long term storage. From that moment on you can relish the fact that 7-Eleven and Hardee's don't have better ice than you do at home.<br />￼￼<br />￼￼It's unfortunate to see a number of these machines arriving in an inoperable state (based on earlier buyer reviews). Since my machine has worked flawlessly over the last two weeks I would chalk it up to basic quality control issues. As far as operating the machine, the power button has multiple confusing modes and the user manual is a glaring example of offshore production. Since the operating manual is the cheapest part of the package and most easily corrected, it's most disappointing to find it is written in an unprofessional if not childish manner. It sets a bad tone from the start. Even less reassuring is the fact that Luma Comfort has the identical embarrassing manual online to download from their site. The manual could be rewrittenin 15 minutes and the corrected version posted as a PDF on their site. At least fix it on your website product sales/support page!<br /><br />The Power button and bright power indicator light seem to have been designed by a creature from another planet. The bright green light pulses on and off without really indicating much of anything. Using trial and error, pressing the power button for two second turns the machine on and ice making starts. The power button ignores quick presses. Holding the power button down for five seconds or more does not turn off the unit but rather sets the machine to make thicker ice cubes. The thicker ice cube mode really does work, as it lengthens the time interval of ice cube building. With the machine running, holding the power button down for two seconds turns the machine off - sort of. If you put your ear to the machine you can still hear it humming when \\""off\\"" so there is more going on electronically than just the flashing indicator light. Maybe holding the button down in other ways can completely shut down the machine, but who the hell knows as the manual is cryptic at best and the power light continues to brightly pulse on and off as if it's ready to engage again after you leave the room. It's downright wacky. I can think of no other home appliance that has a bright pulsating light after you power it down. Hopefully the next generation machine will give us:<br /><br />A) A user manual that clearly explains what the single button on the machine can do.<br />B) More than one button.<br /><br />The single button also has a \\""lowest bidder\\"" feel to it that could lead to issues down the road if pressed too hard. The only sure way to turn the unit off is to unplug it from the wall.<br /><br />In the end this machine does exactly what Luma Comfort claims it will do - so I have to give it at least 3 stars. (Minus one star for documentation issues & one star for build quality/reliability concerns) It quickly makes perfectly clear ice cubes and loads of them, although you'll have to empty the small ice collection tray frequently with every ice making session (presumably by dumping the tray into your freezer ice cube tray or ziplock bags). That's the tradeoff for a small, affordable, portable commercial ice maker. But with the mixed reviews ranging from outright pitiful to glowing, at this point it's probably a machine for early adopters who have that yearning desire for clear ice at home.<br />￼￼"	2012-08-31
US	47267117	R3HB8PA7PTMDIM	B002HT0958	387104338	Mini Portable Countertop Spin Dryer	Major Appliances	5	2	3	N	Y	it's SO quiet & SO efficient !!!	this little spin dryer turned out to be way above & beyond anything i expected. it's small. it's light weight...about 7 or 8 pounds. & it's SO easy to use. i've been using it about a month, now, (along with the washer) & have developed a bit of knowledge & a routine with them. my very first load was a nightmare because i put too many items in the spindry & it nearly hopped & bopped right off the counter because the items didn't settle in to a level load. if it had been taped, i could have ended up on AFV. i've learned that putting just 1 item in, turning it on, waiting a few moments for it to settle level & THEN pushing the &#34;open lid&#34; button to stop the spinner to add 1 or 2 more small items works best. for bath  towels & bath sheets, 1 at a time is best. because i'm a fanatic about rinsing all the soap out of my stuff, i return my spin dried items to the washer filled with fresh cold water + maybe a tiny bit of softener, let them swish around for 3 or so minutes, drain, transfer them back to the spindryer, & repeat that process as many times as i think is necessary. i REALLY want the soap out and absolutely believe that 3 rinses with spindrying between each rinse is a MUST to get the ''old'' water & soap out. my clothes are SO close to dry when they finish spinning, i am ALWAYS amazed. & the longer they spin, the dryer they get. definitely use the full 5 minutes. i like to use the professional dryer downstairs in the dreaded laundry room to finish off the process because my clothes end up softer. i always use ''warm'' or ''gentle'' for drying &, now, it does not take more than 30 minutes to dry everything. keeping a bath towel folded in half under the spin dryer is a good idea because it makes it even quieter & stabler & absorbs the small bit of water that can escape from the lid & run down the dryer onto the counter. i'm going to remove the top & re-caulk with silicone because a few little leaks have appeared & water trickles down the outside of the container. no big deal. i like the Panda spin dryer & washer so much that i bought another set for a friend & she has reported back to me that she LOVES them both & having them has made her life incredibly easier which is also true for me. thank you, Panda!	2013-06-25
US	32013715	RIN8AF0YE7X55	B00CG51KNS	287097400	LG Graphite 5.1 Cu Ft Front Load Steam Washer and 9.0 Cu Ft Steam Electric Dryer set with Pedestals WM8000HVA DLEX8000V WDP5V	Major Appliances	5	7	11	N	Y	The washer and dryer are great!	If the washer and dryer are put on the pedestals it makes it easier to install. I am very pleased with the washer and dryer . The clothes come out very clean and it spins the clothes very dry. The dryer does not take long to dry the clothes. I have not had any problem with them and i am pleased.	2014-03-02
US	4534064	RQIBBCE8HTGHX	B002UYSHMM	429051224	Haier HLP21N Pulsator 1-Cubic-Foot Portable Washer	Major Appliances	5	0	0	N	Y	very useful	it's very useful for my husband and me, who don't have a load of cloths to wash.<br /><br />and it's portable, I can just set it at my bathroom.<br /><br />I love it.	2013-04-12
US	47922374	R3BJPLHSSF1QD3	B000UWGLGU	187873777	Haier HLP140E 2-3/5-Cubic-Foot Compact Tumble Vented Dryer	Major Appliances	5	1	1	N	N	No more trips to the laundry!	Independence at last!<br />I bought this beauty and I love it. It does what it's said it does, and it has saved me a lot of $ and a lot of trips to the laundry rooms of my building just for drying clothes. (I own a Haier portable washer where I wash all my clothes and it's also great)<br />Even though it takes quite a long time, (it is a 110-volts machine, what else can we expect?) it dries a good load of clothes very well, it fits perfectly in a small closet in my apartment, right on top of my portable washer, and it beats (at least for me) having to go to the other end of my building, take turns to dry and spend quite a bunch of bucks in order to dry 4 people's clothes.<br />The machine is very quiet, it runs smoothly, and it does the job it is meant to. The filters are very easy to clean, and if needed, replacements are easy to find. Last, but not least, it does not generate that awful lot of dust!<br />Awesome little perfect-for-apartments dryer!<br />Thanks a lot Haier!	2012-06-12
US	52991911	R1YX0KFHXN3PP0	B00064NH6E	693601862	341241 Whirlpool/Kenmore Dryer Belt	Major Appliances	5	0	0	N	Y	Fixed my dryer!	I used this belt to fix my old Whirlpool dryer. I was able to find simple instructions on the Internet. It was very easy to do and took about an hour. No need for an expensive service call and I can squeeze some more life out of it.	2012-05-22
US	1983244	R2SUHM0HWOU0I	B0042NQRI0	582823998	Washer / Dryer Laundry Tower	Major Appliances	5	6	6	N	Y	Excellent Purchase	The Avanti washer/dryer mounting bracket works beautiful with my Midea washer and Summit dryer. My brother put it together for me and was having some difficulty until he figured things out and all of a sudden he had it all put together.....In A Snap<br />Yes, I would highly reccomend this and there are absolutley no Cons......This item works perfect	2014-04-16
US	31746454	R31F73LT621A0Y	B005QCA5U2	468594702	Kalorik Mini Cooler, Red	Major Appliances	5	24	27	N	N	Insanely awesome!!	I've had this machine for about 3 years and it's still going strong. Let me give you the pros and cons of the machine<br /><br />PROS<br /><br />Holds 12 cans of soft drinks. Before I got it, I only expected it to have 6. But it decided to surprise me by adding another space right behind the one visible in the door.<br /><br />It has a built-in refrigerating system to keep all of the drinks nice and cool.<br /><br />The hardware is very sturdy. I weigh a lot and this machine still has enough strength to support me, though I don't do it very often.<br /><br />Nice old-fashioned design. It looks like drink machines did in the 60s.<br /><br />It's small enough to fit in compact places. This can be very useful when you don't have a lot space to spare :)<br /><br />CONS<br /><br />Coolness cannot withstand outdoor heat. I tried selling drinks at a garage sale only to find that the drinks were moderately cold. If you plan on using this machine outdoors during the summer, I don't recommend this machine<br /><br />No money slot. This is more of a gripe than a con, but it would be more convenient if the manufacturer had slapped a money slot into this thing.<br /><br />Overall, great machine. If you plan on buying it for indoor use, go for it.	2012-07-07
US	31726108	RDXSQ0UJ73ZJG	B003XJ5WLW	970914818	Frigidaire Bake Element 5303051519	Major Appliances	5	0	0	N	Y	Parts that worked as advertized	The Stove bake element, I purchased performed just like the a &#34;New&#34; stove. No problems. clear instructions and a help number if needed. We are satisfied and just in time that we cooked the big turkey and ham for a wonderful Thanksgiving.	2013-12-13
US	11498163	R2GBH4K8XXJN92	B00132J8RA	726159599	BeerTender from Heineken and Krups B95 Home Beer-Tap System	Major Appliances	1	7	8	N	Y	$$$ SAVE YOUR MONEY $$$	The beertender I received poured nothing but foam.  I tried multiple kegs, warm, chilled overnight, multiple beer tubes, different glass temps, different poring angles, etc. etc. etc.  The only good thing about the experience was the excellent customer service and REFUND from Amazon.com, although I did loose the money on the package of tubes and shipping.	2008-08-02
US	19885152	R1YXJTLMYQHTDA	B0032HJDHY	529959860	Haier HDC1804TW 4-Place-Setting Tabletop Dishwasher	Major Appliances	5	0	0	N	Y	i love it	i cannot believe how great this product has been.  it is perfect size for our small kitchen.  granted i do have to do about two loads to get the dishes done because of it's size, but i was expecting that.  i just needed something that was small enough for our tiny kitchen.  we have been using this for over a year now and i couldn't be happier.  great product that makes my life a little easier.	2012-06-26
US	21386283	RMGUGOFY78EKZ	B007G3NX1W	371964230	Eco-egg Automatic Mini Washing Machine (Pink & White)	Major Appliances	5	6	7	N	N	I love it	It is a very useful machine for me who do not have laundry in the building. The machine is good for small amount of clothes such as under wears, gym clothes, scrubs, towels, etc.<br />The design is very cute, and I love pink color. I got very soft cute pink color on the bottom part and soft white color on the top. The size of machine is little bit bigger than my expectation, but it is ok with me. This machine is very easy to install and uninstall for the water lines.<br />The machine is working good so far, and I think the result of washing is better than my hand washing.	2012-06-08
US	51024118	RIAP44SA3PAZB	B001DPQR4Y	736547519	Whirlpool Part Number 676453: Vinyl Touch-Up (White)	Major Appliances	1	0	0	N	Y	Waste of money	This vinyl touch up dried up too fast, and it turned into glob of paint before I could finish half of the area I needed to touch up.  Waste of money.  Don't buy it.	2011-04-16
US	13127777	R29S2XBGH0M437	B005NK3JYQ	382996417	Koldfront 6 Place Setting Portable Countertop Dishwasher - Black	Major Appliances	5	11	14	N	Y	can't go wrong for the price!!!	dishes were piling up in the sink for a couple weeks after the new roommate moved in...so i ordered this little number. came quickly and well packaged. super easy to hook up!!! required no tools whatsoever. since we have very hard water bought rinse aid and always fill both soap sections. works great even on the biggest load. glasses come out shiny and clear!! definitely worth the money!!! would recommend it to anyone.	2012-06-24
US	20412101	R32KCMNTV3PHVG	B001DHKBXU	759893791	Whirlpool Washer Lid Switch 3949238	Major Appliances	5	0	0	N	Y	YES	A great deal! Received it after only two days and paid a third of the price I would have from the manufacturer.	2012-11-13
US	22298791	R955HKQG5G5D5	B001DPFOO8	178074522	Whirlpool 63753 FILTER	Major Appliances	4	0	1	N	Y	Service parts sale	Prompt delivery, item as advertised.  Too mundane a purchase to warrant more verbiage.  This part of the purchase is a bit overdone.  Only way to improve it would have been a lower price.	2012-04-13
US	14177008	R1N6B86M6TZL9F	B00CVLGEYM	650560632	"GE PT9550SFSS Profile 30"" Stainless Steel Electric Double Wall Oven - Convection"	Major Appliances	5	7	21	N	Y	Easy Process	They have great customer service, this was an easy and simple process to order these ovens. I can't wait to start using them once they get installed and our kitchen gets finished. Thanks for making this, potentially difficult situation, a lot easier than expected.	2014-01-22
US	52841737	RVYKFG1YEYSKA	B0049OXU1O	618770050	GE Profile PVM1790 Stainless Steel Over-The-Range Microwave Oven	Major Appliances	1	0	0	N	N	Do NOT buy!	I spent hours and hours on the Consumer Reports website looking for a good microwave to replace my old GE Profile Model.  I bought this one in July 2012 from a Warehouse Discounter Website and had problems with it from day 1.  It was tempermental about whether it would start or not.  Over time, it became more and more problematic and finally 15 months later, it stopped working completely.<br /><br />Now I am wondering if I should pay for the $99.95 estimate plus labor/parts, or just ditch the entire microwave.  See other comments about this microwave on other Amazon sales pages.	2014-01-08
US	11982593	R1O2LNER19KQKC	B003JSUNGG	769295856	General Electric GENERAL ELECTRIC WD28X10177 SILVERWARE BASKET	Major Appliances	5	8	8	N	Y	Awesome	Checked measurements to make sure it would fit in my Whirlpool. Works great! The increased size makes it easy to get every piece of silverware with room to spare. By the way, it was a lot cheaper than purchasing the Whirlpool replacement part that was an eighth of the size.	2014-04-18
US	21639446	RAC8SUL2L2JFR	B002ZV0OJO	892941206	NewAir AW-121E 12-Bottle Thermoelectric Wine Cooler	Major Appliances	5	0	0	N	Y	Bought more already	I bought one of these a year ago and it's going strong with no issues. It's incredibly quiet, looks nice, and keeps the wine cool / dry in an attractive display. I recently purchased a second one and plan on buying a few more.	2014-01-06
US	17900045	R2E6C9TPLZ7DYO	B008PI6VHK	109687705	Sample Product Title	Major Appliances	1	0	2	N	N	Stay away from Electrolux!!!	I bought a set of these a year ago. They have been a nightmare from the moment we hooked them up and they haven't worked properly. The repair man Electrolux sent was a joke (although he did get the dryer to run for a few months but the washer hot water inlet never worked after repairman's several visits). And Electrolux support is another joke. Don't waste your time and money with them! Their 1 year manufacturer warrantee is like on Tommy Boy when they talk about the guarantee on brake pads... &#34;Guy puts a fancy guarantee on a box ’cause he wants you to feel all warm and toasty inside.Course it does. Why shouldn’t it? Ya figure you put that little box under your pillow at night, the Guarantee Fairy might come by and leave a quarter, am I right, Ted?The point is, how do you know the fairy isn’t a crazy glue sniffer? “Building model airplanes” says the little fairy; well, we’re not buying it. He sneaks into your house once, that’s all it takes. The next thing you know, there’s money missing off the dresser, and your daughter’s knocked up. I seen it a hundred times..... they know all they sold ya was a guaranteed piece of shi*. That’s all it is, isn’t it? Hey, if you want me to take a dump in a box and mark it guaranteed, I will. I got spare time. But for now, for your customer’s sake, for your daughter’s sake, ya might wanna think about buying a quality product from me.&#34; Oh how these machines make me feel like going on a Tommy Boy rant....Just don't do it people...They are junk. Sad I made such a poor decision.	2013-12-27
US	12416382	R1L2052OG38GRX	B00308NBYQ	144896275	Range Vent Hood Aluminum Round Shaped Grease Filter - RRF0903	Major Appliances	3	0	0	N	Y	does the job	surprised that it fit my older model hood (from the 60's )  it works as well as the older ones easier to clean	2013-01-24
US	11874757	R19UFQR3WWMXHG	B000IJV8ZY	170787156	Broan 30W in. Four Way Flat Under Cabinet Range Hood	Major Appliances	4	0	0	N	Y	Works Good	Works like it should, easy install. Fan is a little more noisey than the one this one replaced. * *	2013-02-21
US	31223125	R34S45GZESTQP8	B005LLS2VC	73440185	Compatible Water Filter for MWF, GWF, GWFA, GWF01, GWF06, MWFA, HWFA, HWF, 469991, 46-9991 made by EcoAqua	Major Appliances	5	0	0	N	Y	Great replacement at a great price!!	This is the first time I have had to replace the filter in my new frig and this was a great product at a great price.  Installed it and it works great!!!  Super fast shipping from seller!	2014-02-27
US	15303007	R1W0NRYX06ZH1P	B000PKYXLC	6469875	Maytag MFI2568AES MFI2568AES Stainless French Door Refrigerator	Major Appliances	1	0	1	N	N	Don't buy it	This is the worst frig ever. Mine caught fire. Called support and they said we will send someone out Tuesday (3 days later).  Front control died just after two months.  This is a real bad product.  Shame on you Sears. Stick to tools.	2012-06-04
US	8981017	R3U3GMA0EG6PHP	B005GM942C	788261054	Panda Small Mini Counter Top Portable Compact Washer Washing Machine 5.5-10lbs	Major Appliances	1	3	7	N	Y	sorry to rate this very low,	but my little panda is liking, and also I can not returned at all. Look very nice and I read lots of good rates, but mine was defective. That's life...	2013-05-22
US	17578446	R3CN7K0X5KS0NA	B0033Y0VZ4	922025525	Danby DDW1899BLS 18-Inch Built-In Dishwasher - Stainless Steel	Major Appliances	5	2	2	N	Y	Great for use in a park model!	This is the first small dishwasher that I have had and I am very pleased with it. We live in a park model and it is just right for our needs.	2013-02-24
US	36204306	RK3UV7CINUWOL	B000N4NO4C	624858020	EdgeStar Portable Stainless Steel Ice Maker	Major Appliances	5	15	16	N	Y	Good for home entertaining	The ice maker is just as they describe. The ice is produced quickly and provides for nice entertaining without worries about running out of ice for drinks. Both times that we have used it, we have not been able to use the ice quicker than it was produced and then at the end of the event, simply drain the remaining water and after wiping down allow the moisture to evaporate. I love this ice maker.	2011-07-25
US	18147722	R3N97RO7LKGGDF	B000UVWGGK	966749782	Broan 403004 30 In. Stainless Steel Ducted Range Hood	Major Appliances	5	0	0	N	Y	worth the price	Easy to install.  Works like it should and looks great. Installed in less than an hour when replacing the previous unit.	2012-11-27
US	16144393	R2ZV3B6O5ZQQJM	B000QFDLKU	814375836	Haier HC125FVS - 125-Can Beverage Center, Black	Major Appliances	2	6	8	N	N	Shipping problem but not sure whos fault	Took a little longer than expected to receive and when it showed up it was upside down.  There were no clear markings on the box to let the shipper know it should not be turned over or which side was up.  Unit never worked from day one.  Not expecting a problem and looking for the easiest way to get the unit out I cut the box and threw it out.  Now I have no way to pack it up and ship it back plus I don't want to pay the shipping which is a third of the cost of the unit.  Lesson learned?  Do not buy products like this on line.	2007-12-31
US	21656545	R23B2SOJQJ32GA	B001P63PJ6	746624305	Samsung : RFG297AAWP 29 cu. ft. French-Door Refrigerator - White Pearl	Major Appliances	5	12	13	N	N	impressed..	I've had the refrigerator for a month now and it's been nothing but fantastic.  There's so many fine touches to this refrigerator you really feel that samsung put a lot into their engineering/design of this fridge.  First of all the fridge is huge.  I really didn't pay much attention to the bottom freezer design until my girlfriend pointed out the convenience of having the refrigerator section on top.  I can't go back to have a top freezer fridge.      The bottom freezer handle has tilt and pull design which I haven't seen in any of the other manufacturers.  This means as you pull the handle towards you it tilts and actually pushes away from the frame of the refrigerator.  You can see this when you play with the handle.  The freezer compartment is intelligently designed to be able to hold whatever you throw at it.  It passed the frozen pizza test with an actual slot for sliding them in.      The ice cube maker is inside the refrigerator rather than the door which is preferable in my opinion.  This keeps the doors light while being able to hold more ice.  You'll also notice that there aren't any rubber seals that rub against each other when you close the french doors.  Rather they designed a unique mechanism which is a bit hard to describe.  Other refrigerators we've seen had rubber seals that rubbed against each other which is bound for tearing in the future.      The interior layout, deli pantry, and shelves all work well.  What's awesome about the refrigerator is the twin cool.  Now, I was told by the sales guy this helps with freezer burns.  I haven't had anything in the fridge long enough to tell, but for certain it's nice to have that funky smell you get in the freezer when you have one cooler driving air to both compartments.  My girlfriend notice her vegetables kept fresh.  She commented how you normally have to chop up green onions to keep them fresh but they stayed fresh for two weeks without chopping them.    Cons.  Well, there are a few of them but I wouldn't consider them cons but you'll notice them and quickly forgive.  The ice maker is a bit loud when it drops the cube.  Other than that the fridge is extremely quiet.  Did I mention you can set temperature from the lcd panel and things stay extremely cool.  Don't open the fridge naked.	2010-06-30
US	23267701	RL9BOLOV5NY0N	B0052F5NB4	494256265	Danby Designer 4.4 cu.ft. Contemporary Compact All Refrigerator	Major Appliances	1	0	2	N	Y	No freezer???	I bought this unit because of the size and that I wanted all refrigeration...no freezer. After 15 hours found that the bottom contents were close to freezing and the top contents were barely cool. What to do! should I try to get a refund or use it as a refrigerator freezer. After reading reviews I am going to try for a refund. Will let you know if all goes well with Amazon...Well, decided to wait 24 hours and check it again. The bottom now reads 42 deg and the top 45 deg so it seems that it takes a long time to stabilize. The manufacturer should have warned purchasers of this fact in the owners papers. gonna keep it.	2013-08-10
US	15818116	R3JPQP9P7R0QSR	B003MM3WMG	6082350	Amana 18-1/2-Cubic Foot Bottom-Freezer Refrigerator, ABB1921WEW, White	Major Appliances	4	4	6	Y	N	Very Nice Bottom-Freezer Refrigerator	This nice, attractive, white bottom-freezer refrigerator is pretty basic.  It does not have an icemaker or water dispenser, but it has performed well so far.  It is quiet.  It has separate digital controls for the refrigerator and freezer sections with settings of 1-7 (7 is coldest; 4 is recommended).    This is the second refrigerator that we have owned.  The first, now in our garage, is a top-freezer model.  While we have only had this for a week, we have had no problems so far.  I like having the refrigerator on top.  It is easier to get to the stuff that we use most often, though I am afraid that it is going to frustrate my young kids, who were used to being able to get into the fridge and get what they wanted (and make huge messes).  Time will tell.  While the manual states that it takes 24 hours for the refrigerator to come to temperature and not to put any food in it until after that 24-hour period, the delivery person stated it only took 15 minutes to get cold.  Luckily, the delivery person was right.  It would be a shame to have to throw out or eat all of your food when you get a new refrigerator.  While it got cold right away, it seemed to take several hours for the temperature to stabilize.  The refrigerator section got down to freezing at one point so I turned the setting up to 2, only to have the temp go up to 45 degrees.  So I turned it back to 4 and the temp stabilized below 40, but above 34, and has stayed in that range since then.  The freezer, while not huge, has adequate storage and seems to hold a surprising amount of stuff.  The freezer door has only one shelf, instead of two as is typical of a top-freezer fridge.  It holds a couple of the incredibly shrinking ice cream containers (at 1.75 qt and falling), a box of frozen novelty treats, a small ice pack, and a can of frozen OJ concentrate.  The freezer section is divided into a pull-out wire basket at the bottom with a stationary shelf just above it.  The stationary shelf of the freezer is setback and somewhat hard to view, but not really any harder than the bottom shelf of a normal refrigerator.  The refrigerator section has a nice layout.  There is not a meat/cheese drawer like on the old top-freezer model, but I don't really miss it.  We just throw all the cheese, deli meat, and hot dogs into a Tupperware and put it on the lower shelf.  There are slide-out fruit and vegetable crispers with sliding humidity controls.  The shelves are adjustable, but they do not slide out for easy cleaning.  The fridge door has four adjustable shelves (one is covered), with one long stationary shelf across the bottom of the door.  This is a very nice refrigerator from Amana, and I highly recommend it based on our experience thus far.	2011-11-15
US	13937688	R1EZOP0OI24SJX	B002C8HR9A	713534827	The Laundry Alternative Wonderwash Non-electric Portable Compact Mini Washing Machine	Major Appliances	4	1	1	N	N	I wish it were even simpler	I just ordered my second.  After 5 years, it's developed a fizzing leak around the drain valve (which I don't use), so time to replace.  I'm already on my second lid; the first one got radial cracks in the center because I was over-tightening it.<br />The frame fell apart long ago, I don't crank.  I just toss it a few times like a medicine ball to agitate enough for some pressure.  I use it with a spin dryer, and it suits me just fine.	2012-11-02
US	23745233	RZV2OHYHB78PT	B0049OXU1O	618770050	GE Profile PVM1790 Stainless Steel Over-The-Range Microwave Oven	Major Appliances	3	2	3	N	N	Be careful on installation. Some SS Steel parts magnetic.	I just installed this item. Be careful with the lag screws provided. They are tin like and do strip out no matter what and cannot be loosened or tightened once the head strips. They require a special flat nose phillips head but that did not help. Buy some quality mounting screws as $ 500.00+ is not enough for GE to include those, and I hope the rest of the unit is not as cheap as the mounting screws. Pollute the planet and make a extra trip to the hardware store. Second, I was leveling the microwave and son of a gun, the magnet on my level stuck to the inside of the unit, which is supposed to be stainless steel. I would still prefer whatever this stuff is to the plastic interior that comes with non-convection. The templates were perfect and put all the screws in the correct locations. You need to order the charcoal filter if you are using the recirculate rather than outside vented feature. To recirculate, you must unscrew 3 screws on top rear and rotate the fan housing 90 degrees before you install the unit. You also need to remove 2 screws on the upper front trim and slide in the filter then replace the trim. My 15 year old did both. You need to butt the top of the unit to the shelf above, or insert trim pieces around the top. If you don't, and let it hang even 1/2 inch, the unit can rise up if hit and fall off the shallow rear flanges that hold it to the back wall bracket and fall onto the new matching GE range. Our cabinets had a wierd from the 1960's lip on one side (I like old school stuff) and I needed to add the trim to prevent falling. The unit powered on and worked once we finished. Will update after a few months of use. I am a licensed electrical and general contractor, so I hope this helps in getting it ready to install. Took my son and I about an hour. The unit looks great in the kitchen. After months of research, it was between this and the Sharp, but this had more power and capacity, and there was not a Sharp in any showroom for QC comparison. Hope itwas the correct choice.	2013-03-19
US	28825693	R39J0285X1PQNR	B002NFM53A	706456759	Bosch : SHE55M15UC 24 Evolution 500 Series Full Console Dishwasher - Stainless Steel	Major Appliances	2	10	10	N	N	Poorly designed door/control panel	Purchased a a dishwasher in this series about 2 years ago.  About 6 months ago, a crack developed in the (cheap) plastic panel you tug on to open the door.  Unfortunately, this panel also contains the controls for the dishwasher.  Although we tried to be careful opening the door, the crack got larger -- what a surprise! One day, about a month ago, I tugged on the door to open it, the thing pretty much cracked in two, and the control panel became almost completely detached from the door.  I hate when than happens.<br /><br />Needless to say, the thing only has a 1 year parts and labor warranty.  $250 out of pocket later, we've got a new control panel.<br /><br />The new panel -- what a surprise! -- is reinforced in a way that clearly suggests BOSCH was, or became, aware of the problem. Here's hoping this one will last a bit longer than the first.<br /><br />I haven't yet taken this up with BOSCH.  Based on what others with the same problem have said, I'm not expecting my complaint to be warmly received.<br /><br />Other than that, though, the dishwasher seems to work pretty well.  It's very quiet.  Usually run it at bedtime, and I've often had to get out of bed to make sure I've actually turned it on.  As others have noted, the design of the dish and cup holders is suboptimal, and they seem pretty fragile.  It also gets nasty/slimy is some of its inner recesses.<br /><br />Would I buy it again?  Meh.	2012-11-24
US	38315995	R22BT39FPC0XP4	B00321BO9U	492099213	WHIRLPOOL KENMORE KITCHENAID 5 CUBE INFRARED SENSOR CONTROLLED ICE MAKER W10190961	Major Appliances	4	0	1	N	Y	Not bad for a non OEM part.	Got it in the mail and the water catcher was broken off. But they sent me a replacement piece for me to install. I had to disassemble the whole thing to install it. It was easy but I do Maintenance for a living and it might not have been to easy for  a novice. But I put it on and within an hour I had my first batch of ice..... Yea!!!	2012-07-04
US	28594971	R1N0M32I0XAUQN	B0050KJYNY	992287867	Whirlpool Part Number 696579: Element, Heater (For 240 Volt Installation) (Alt.)	Major Appliances	5	0	0	N	Y	Works as expected	Heater works as expected, and my clothes come out dry and fluffy. Priced right, what more can you expect from a repair part?	2014-03-19
US	14663439	R3RWJJSR4YMFDW	B005KT4LK6	236627965	Whirlpool WTW8800YW Cabrio 4.6 Cu. Ft. White Top Load Washer - Energy Star	Major Appliances	1	14	16	N	N	Dumpy machine, wanted to rate a zero!!	This machine leaves a white soapy mess on all our dark clothes, I am sure it's on everything but we can only see it on the dark. So then I have to re-rince a lot of items especially if I have to hang the item to dry. Where's the savings in that? I called for a repairman to come and check it out and he told us that it was running fine. Then I contacted Whirlpool and they did nothing, they told us it was just a lint. I don't want anything on the clothes when they come out of the washer!! I use the correct HE detergent and the correct amount. I am honestly looking to buy a new machine and this on is only 2 years old!! Just plain tired of it! My husband is ready to put it on the curb with a &#34;free&#34; sign on it. I just feel bad for the poor sap who picks it up!!	2013-12-24
US	52111503	R3FZOGS9TIIZF5	B0028OZZOM	691297446	Avanti 28 Bottle WineCooler OB	Major Appliances	4	0	0	N	Y	Nice cooler for the price	We have owned this unit for about a year.  Works well, and have had no problems.  The light bulb inside the fridge was out on arrival, but otherwise perfect.	2012-11-17
US	41579938	R2QPXME6IYUFR6	B003ZVE0DY	923823823	Kitchenaid KUDS30IXSS Superba Series Dishwasher	Major Appliances	2	3	3	N	N	Not my 22 year old Kitchenaid	Worked great with no problems for 18 months, then it wouldn't turn on.  Repairman replaced the latch ($158 bill) and 12 days later it broke again.  If it requires repair a 3rd time, I'm replacing it with a different brand.  My 22 year old Kitchenaid dishwasher was very noisy and not as pretty as this one, but it NEVER once broke down.  Wish they still made them like that one.	2012-12-22
US	30728596	RZGAWQHX2XP8S	B000WEH750	802599288	Sunpentown WC-20TL ThermoElectric with Touch Sensitive Controls 20-Bottle Wine Cooler	Major Appliances	4	0	0	N	Y	So far...very pleased	I agree the racks are a little flimsy but I managed to fill each rack (4 per row; managed to sneek in a 5th 375 bottle in the top rack) with 4 bottles of CA reds from my Oct and June visits to Napa and Sonoma.  Not a white wine drinker, the only bottles I had to load neck to back where the 2 (Cakebread and Cuvaison) Syrahs.<br /><br />I've placed it downstairs in my laundry area and I'm still surprised by the hummmm when I open the downstairs door until it hits me:  It's the Wine Cooler.<br /><br />Not sure how energy efficient the unit is but I'll edit my review after a month or so.<br /><br />December 7:  This is just one of the items I lost thanks to Sandy.  The replacement unit is now upstairs inside a funky kitchen cabinet (now sans door) and will be filled tomorrow.  Was looking to replace with a Wine Enthusiant product but their customer service was too slow.	2012-08-30
US	38035526	R2H40Q8GXG281V	B0039V7JFG	184993957	LG 3.6 CF FRONT LOAD WASHER DRYER COMBO	Major Appliances	4	0	0	N	Y	LG 3.6 Front load wash/dry combo	Everything we had hoped for. Past reviews were helpful in preparing us for the long wash time and damp feel at the end of the dry. Hang for a few minutes and its good to go... no static,wrinkles ... we are very pleased ... add the anti walk/vibe feet kit and you have to be standing right next to it to feel it vibrate while spining	2012-11-13
US	42176455	RDYHCCCERBHL1	B002DQAOBE	642975887	Maytag Refrigerator Evaporator Fan Motor Assembly 61005935	Major Appliances	3	0	0	N	Y	correct motor but won't last long	I bought this motor because it was the right one for my Maytag refrigerator so it was the easiest to install.  The problem with this motor is that I do not expect it to last very long, I replaced the original after five years, and the replacement lasted five years.  This is not an acceptable life span for this part (it is mounted in the back of the freezer to circulate the air, without it the freezer and refrigerator warm up).  From other reviews it appears one can buy a cheaper replacement that requires extra work to install.  This one arrived quickly and in good shape and installed easily, I just expect to have to replace it within another five years.	2013-12-25
US	51795838	R2LB5Y79H94MTZ	B003AFVUVU	247064118	Frigidaire Dishwasher Upper Spray Arm 154754502	Major Appliances	5	0	0	N	Y	Better than factory!	This installed quite easily, and works perfectly, even better than the original!  They must have had a design flaw since so many appeared to have failures within 1-2 years.  Shame on the manufacturer for not doing a recall and sending the replacement out to all owners.	2013-04-12
US	21988572	R1ANBIUCUXFFB5	B000XXYUSM	321348828	4392065 DRYER BELT MAINTENANCE KIT REPAIR PART FOR WHIRLPOOL, AMANA, MAYTAG, KENMORE AND MORE	Major Appliances	5	5	6	N	Y	Saved me a dryer	When the dryer belt broke it was easy enough to replace it. When the new belt broke, I ordered this maintenance kit as a last ditch effort to see if I could save the dryer. I replaced all the roller things and the pulley along with the belt and now it works great. Its been a couple of months now and so far so good. I would recommend this maintenance kit, all the parts seemed to be of good quality and fit my Kenmore dryer perfectly.	2010-09-02
US	32477269	R2BFGOFAAJW7PS	B004138F40	3304611	KitchenAid Superba Architect Series II KUDS30FXSS Fully Integrated Dishwasher	Major Appliances	1	9	11	N	N	Worthless	This is hands down the worst dishwasher I've owned. I agree with the other reviews. The top racks are cheap and constantly malfunction. Within months, the dishwasher has started stopping mid cycle. I was informed this is a $500 fix	2012-10-15
US	47088833	R2SUJINYCRQWA6	B005DUT378	105134512	Bravos Series 4.6 Cu. Ft. Capacity XL HE Top Load Washer with PowerWash System 13 Washing Cycles Enhanced IntelliClean Impeller Energy Star Rated: White	Major Appliances	5	8	8	N	N	Doing laundry is no longer a chore!	I am surprised at all of the negative reviews.  Across my extended family in the area, we own 5 of these, and we all love them!  My mom's is 6 years old (older version)and still runs like a champ.  When people complain about the low water levels it is important to realize this is an HE washer after all- and to be energy star certified, you have to meet certain guidelines; water usage is one of them.  With that being said, there are a few reasons why I love my washer:<br /><br />1.) It's made in the USA!! (Ohio)<br />2.) I can wash my king size comforter in it- no more running to the laundromat- ever!<br />3.) With its high spin speeds, my dry time has been cut in 1/2 from my old washer.  The clothes finish the wash cycle just damp, and some loads take less than 30 minutes to dry<br />4.) The capacity is HUGE.  My husband can fill a laundry hamper after one day of work, and his clothes are filthy.  I can put a full laundry basket + his hamper and it all fits.  Amazing<br />5.) The clothes come out clean & very fresh smelling (we use Tide HE with Febreeze)<br /><br />Some suggestions I have after experimenting with hundreds of loads of laundry:<br />1) When loading the washer, load in a circular pattern around the center impeller.  This will keep the washer from going off balance (code UL) and also improve overall wash performance.<br />2) Use the cycles accordingly.  The normal cycle does not use as much water as the other cycles because it is the cycle used for energy qualification.  If you have a comforter, use Bulky.  It will give you more water and tackle the bulky items better during washing.  The settings are created for a reason, and they do actually match what they say I have found.<br />3) Use the setting modifiers...extra rinse for extra nasty loads, fabric softener so that is actually dispenses your liquid softener, etc.<br />*It's good to know that this washer remembers your last cycles.  So, if you the default for sheets is set to warm water but you changed it to cold when you ran, the next time you turn it on and set it to sheets, it will be on the cold setting.  I personally love this because it customizes to what I use the most.  So when I am ready to do sheets, I just toss them in and go.  No extra buttons to push.<br />4) Use HE detergent.  If you use regular it can cause issues with the pump.  And when using HE, you do not need much at all.  Even for full loads, I have never filled the cap more than 1/2 way.  Most time I fill it about 1/4 inch and that is more than enough.<br />5) Do not fill it past the plastic ring on top of the basket.  Doing so will do one of two things: 1) not allow your clothes to get as clean as they would with a less full load or 2) Send your clothes over the plastic ring and lodge them between the basket and tub (not good)<br />6) For whites that you want to come out brighter, use Oxi clean instead of Bleach.  The oxi clean is safe for colors and whites so there is no chance of any remains to accidentally  transfer to your next load of colors, and I think it does a better job than bleach.<br /><br />In summary, if you follow the instructions for using this washer I cannot see how you can be dissatisfied.  I am a person who likes to get new things as they come out due to tech improvements, but I think I will stick with this washer until it dies.  I love it so much, I just can't see replacing it!	2013-03-17
US	12901971	R3E5HNT3P2761Q	B003MNEPYE	940110083	Samsung WF330ANW 3.7 cu. ft. High Efficiency Front-Load Washer - White	Major Appliances	5	3	4	N	N	After 4 years of service, still running strong!	Worked fine for 4 years and just stopped draining one day. I was faced at buying a new washer and just having somebody from Craigslist pick this one up to fix, re-sell, or recycle the parts and metal.<br /><br />I decided to take a crack at fixing it as I have nothing to lose by taking it apart.<br /><br />Long story short, I took the thing apart, and found that the washer wasn't draining due to a Quarter lodged in one of the drain tubes.<br /><br />Removed quarter and now works like new.<br /><br />Not sure why it has sub-par reviews, but I'm happy with my purchase.	2014-01-01
US	15097269	RH09SA8SNUKYL	B002ULA4N0	797255324	Whirlpool Part Number ER2187172 : Door Bin, Deep	Major Appliances	5	0	0	N	Y	Back to new	The replacement bin fits as good as new.  Thanks to Amazon for making this repair easy to find and affordable.	2012-11-08
US	48268897	R1NURVNSJKI7QY	B0044WWC7O	538694487	KRUPS and HEINEKEN B100 BeerTender with Heineken Draught Keg Technology,Black	Major Appliances	1	15	19	N	N	Do not buy unless you are ready to replace it every year or so	This is my second beertender after the first one died...I sent it to an authorized service center which kept it for like 3 months ending with the need for complete replacement.  One year later the second one just died..I love the concept but the quality needs to be improved.  Krups has a good name but not on this item.	2011-08-17
US	14899158	R3GKBR2TTAV44R	B004T6AXDA	868623315	Whynter BR-125SD Beverage Refrigerator, Stainless Steel	Major Appliances	1	50	60	N	Y	Another Terrible Soda Fridge	I'm so happy to write this review being the first one as I had to purchase blindly and on chance.  Unfortunately, I made a mistake and want to prevent others from doing the same.  As with every other beverage fridge on Amazon, this one doesn't get cold enough.<br /><br />PROS<br />- Attractive Design<br /><br />CONS<br />- Poor components quality<br />- No auto defrost<br />- Advertised temperature is not 100% true<br />- Did I mention the temperature?  This is a fridge after all<br /><br />Okay, the main problem is the temperature and circulation in the fridge.  The temp actually did reach 35 degrees F near where the cold air is pumped in, but all the way at the top of the fridge, I got readings of 60 F.  As you go up shelves, it looses temp quickly.<br /><br />Why is it losing temperature?  The problem is two fold.  First, the fridge never shuts off, yet it is still not cold.  That means that cold air is being leaked somewhere.  The door seal is tight and the inside has no holes, so I'm clueless on where it's all going.  Secondly, there is no circulation in the unit.  There needs to be a fan blowing the cold air around since it leaks out faster than it can stay cold.<br /><br />How did I resolve this issue?  I bought a fan and pointed it from the bottom shelf up.  It works...kinda.  I'm getting 45-50 F on the top shelf now, but it's hard to find a small battery powered fan that will run 24/7 and last for more than a week.<br /><br />Another problem is that I had frost building up on the back after only 1 day of use and there is no auto defrost.  Don't confuse that frost for the fridge being cold though.  The frost is only on the back-side and doesn't make the thing any colder.<br /><br />All-in-all, I will most likely be returning this since it's pointless to only have 30 cold cans at a time in the back of the unit.  I want a glass door fridge for my soda so bad and will continue a search.  CAN SOME COMPANY PLEASE MAKE A DECENT BEVERAGE FRIDGE?  I beg you!<br /><br />Before writing this review, I contacted the makers to ask for advice which they offered little.  Do the makers of these things test their product first?  You've got to be kidding me.<br /><br />*UPDATE* I did return this item and purchased a 4.6 cubic ft plain old fridge instead.  It actually makes things cold and works perfectly.  It seems that anything with a glass door on Amazon (or anywhere for that matter) does not get cold enough.  I don't know why that is.  The glass door looks nice, but coldness > looks so I have to recommend everyone to buy a regular mini fridge instead.<br /><br />*UPDATE* I urge anyone reading this to take a look at the reviews and helpfulness ratings.  It is clear that Whynter is coming on here to give false ratings and reviews.  Don't trust them.r />Before writing this review, I contacted the makers to ask for advice which they offered little.  Do the makers of these things test their product first?  You've got to be kidding me.<br /><br />*UPDATE* I did return this item and purchased a 4.6 cubic ft plain old fridge instead.  It actually makes things cold and works perfectly.  It seems that anything with a glass door on Amazon (or anywhere for that matter) does not get cold enough.  I don't know why that is.  The glass door looks nice, but coldness > looks so I have to recommend everyone to buy a regular mini fridge instead.<br /><br />*UPDATE* I urge anyone reading this to take a look at the reviews and helpfulness ratings.  It is clear that Whynter is coming on here to give false ratings and reviews.  Don't trust them.	2011-05-28
US	51916914	R1K904T5CA3J9P	B0017Y8X3O	425600013	NewAir AI-100R 28-Pound Portable Icemaker, Red	Major Appliances	5	0	0	N	Y	Easy setup, fast results	This little wonder made ice very quickly and was very easy to set up.  We used it during a Brownie group event at our cabin and it was awesome.<br /><br />One note, the machine recycles the ice it makes.  That is, it's not a perfectly insulated box.  It makes ice, the ice slowly melts inside the basket and drips to the reservoir, which sends the water back to the icemaking section.  So it will keep making ice periodically to replace what has melted.  Why is this important?<br /><br />#1 it will never stop cycling.  Even if the basket is full, it will probably melt down and every few hours during the night it will make noise as it dumps new ice into the basket.  In a quiet sleeping area, that can startle you.<br /><br />#2 you MUST dump the ice periodically if its not used and drain it between uses (there is a handy drain plug).  Otherwise the water can become dirty/contaminated.	2013-07-02
US	51079919	R3HMUNEBPRP6CO	B001E6DMHW	880725281	Broan  Pro-Style 36-Inch Range Hood	Major Appliances	5	7	8	N	Y	Extremely happy with purchase!	now this is a powerful hood range!  very happy with purchase, was a little bit worried that it would look cheap and out of place in my kitchen, but lo and behold, the build quality of this unit is very high and I absolutely love the fact that it looks very clean and simple with modern styling.  It is more than powerful enough for my regular sized kitchen (30 inch 5 burner gas cooktop) in getting rid of the cooking vapors.  highly recommended and as per my handyman, installation was a breeze.	2011-04-14
US	11046754	RWZ2EE6606MPR	B000RHWT3M	544640649	EdgeStar 1.1 Cu. Ft. Stainless Steel Freezer w/ Lock - Stainless Steel	Major Appliances	3	0	0	N	N	lasted 15 months	Nov'12 - Feb '15. Worked well. Quiet. Temps for fridge or freezer excellent. Does need defrosting. Calling a repair guy is far down my list of things to do. If parts/repair instructions were available I'd give it a shot.  For now it's dried out, left ajar and used as shelf space.	2014-03-06
US	34069729	R72GUQ7LNZJLR	B00005O64S	222987122	Haier HDT18PA Space Saver Compact Countertop Dishwasher	Major Appliances	4	4	4	N	N	Pint sized DW gets the job done, but have run into a nagging problem	"Original Review - 9/5/10    I bought mine on clearance at a local home improvement store about 9 months ago. It's exceeded my expectations in terms of dishwashing. Provided you use top rated dishwasher detergent, the standard cycle gets the dishes clean 99% of the time with minimal pre-rinsing. The heavy duty cycle handles my compact broiler pan with ease. It's quite speedy, completing a standard cycle in about 35 minutes. Don't bother with the \\""drying\\"" option, as it doesn't do much, and adds roughly another 20 minutes (select the cycle you're choosing twice to cancel the drying option). I simply open the door when its done, and let the dishes air dry    At first I had trouble getting my Corelle dinner plates to fit. Turning the basket around 180 degrees took care of the issue. It's a bit on the noisy side, but I didn't expect anything different given the price and the compact size    After a few months of use I noticed water on the counter each morning. I discovered that the spray arm split in two where the two halves are heat sealed together. I looked online for parts, and quickly discovered numerous posts from folks who had terrible experiences dealing with Haier directly, so I decided to order a couple spray arms from a 3rd party source. The second spray arm lasted about the same amount of time before experiencing the same failure, now I'm on my 3rd. So far I haven't figured out any sure fire way to repair the arms, so I suspect I will wind up ordering a couple more    Update - 8/24/14    I ended up buying a supply of the spray arms, along with the little black wear rings. Most of the arms are only partly heat sealed, and fail after 9 months to a year of use. A couple the arms were fully heat sealed, meaning no visible gap between the flanges where the halves meet. I tried one of these arms, and thus far its still going strong    About 2 years in, I started a load, and shortly thereafter heard water pouring out onto the floor. Opening up the unit I found that arubber cap in the bottom had slipped off. Only friction held it on originally, so I added a worm clamp, and have had no more issues    All in all, I'm very happy with my HDT18PA. Its saved me hours of washing dishes by hand, and is the perfect size for a single guy. Is does require a measure of TLC from time to time to keep it running tip top, so it helps to be handy, or have a friend who's willing to lend a hand"	2010-09-06
US	35839148	R3W0QGJYRKG7PR	B00C2T0S36	537856832	LG OEM Original Part: ADQ73214404 Refrigerator Air Cleaner Filter Assembly	Major Appliances	5	1	1	N	N	Half the Price	This filter is the exact same that is required for our LG refrigerator and is half the price that LG charges...but you do pay shipping on this one...	2013-07-21
US	46684524	RIP1NQJD9DHLG	B000FAR33M	650911448	Danby DAR195BL 1.8 cu.ft. All Refrigerator -  Black	Major Appliances	5	0	0	N	N	gret	this mini fridge keeps your drinks cold your food and snacks. this is a great fridge for a bedroom or for college I will be getting one soon but my friends has one and it is great how u can keep it In small places	2012-12-12
US	34057691	R2VFD3YXVM2NYR	B001DHK7B6	193173649	Dishwasher Door Gasket - 902894	Major Appliances	5	0	0	N	Y	Perfect	Works great - Fixed my leaky dishwasyer, installed in mins.  Just soak the material in warm water to loosen it up, then install.	2013-03-08
US	25092351	R2L895BB54JDEZ	B008BBD3D6	452495327	Hamilton Beach 990118500 Foo 990118500 Hamilton Beach Mug	Major Appliances	5	0	0	N	Y	HB TRAVEL MUG 990118500	This mug is the perfect choice for travel or home for those that want to have a double cup of coffee. I recommend this mug for its appearance and insulated features.  It keeps your coffee hot for quite a while.	2014-03-05
US	20848223	R3LZ81F89H7I84	B0002YTM0I	539049610	Broan 412402 ADA Capable Non-Ducted Under-Cabinet Range Hood	Major Appliances	5	0	0	N	Y	Broan range hood review	The Broan non-ducted range hood was exactly what I wanted and ordered. It arrived quickly and looks great. The price was the best I found by far.	2012-11-14
US	27175643	R108PBB3KAK3JX	B000FASRUK	219793434	Danby DAR259BL 2.5-Cu. Ft. Designer Compact All Refrigerator, Black	Major Appliances	3	1	2	N	Y	Arrived with Dent	I received the refrigerator earlier than estimated but unfortunately the front door has a big dent in it.  This unit is definitely louder than the fridge it replaced.  I have it under my desk in my office and it is a perfect fit.	2011-09-30
US	11145281	R2EJK6HRLPBPQM	B002ZNP8SY	252724248	Frigidaire Refrigerator Water Actuator Arm 241685703	Major Appliances	5	0	0	N	Y	Just like the OEM arm worked flawless	Don't know what to say but DO NOT TAKE THE WATER LINE OFF. You can do it without removal. The &#34;tit&#34; on the left side where the &#34;arm goes&#34; just angle it a bit with a sander. all else is good	2013-09-04
US	24500721	R1GHPMYIJV1Z64	B000FFS0V6	396835083	Danby DDW496W Countertop Dishwasher	Major Appliances	2	4	6	N	Y	DDW496W - Don't waste your money	"Got this dishwasher to satisfy the wife until we can get a full sized appliance.  I thought the Danby would be good due to it's small size and water saving features.    Purchased in September, 2007, and everyhting went fine for about 8 months - It was a bit small for normal sized plates, but seemed to do the job oneverything else.  Then, for some reason, the dishwasher got pissed and started barfing all over the place, sort of like my cats.  Apparently, the water shut-off valve broke, and it kept filling with water.  And filling, and filling, and filling...water all over the counter, cabinets, and floor.    I finally found someone to fix it after looking for an \\""authorized\\"" repair center for a week.  At least I thought I did.  He had it in his shop for two months.  Finally got it back, and now it doesn't work at all.  It's now a big paper weight, sitting on my counter.  Does Danby care?  Nope.  Told me to return it where I got it.  Guess what?  Amazon won't take it.  I don't blame them.    Now I'm out $200 for and applicance that worked for 8 months.  If this joke of a company won't honor their warranty period, this junk is going to become a rifle target.    UPDATE:  Different Danby Rep at customer service is going to ship me a new machine!!  WOW!  The first ne was junk...let's see what the replacement machine does.  Thanks, Danby!"	2008-08-19
US	44582574	RE8W02GQ94CKW	B003DA62VA	380393589	Whirlpool 4396841T PUR Push Button Side-by-Side Refrigerator Water Filter, 3-Pack	Major Appliances	5	0	0	N	Y	filters for fridge	I love having good tasting water and ice from fridge.  The filter deals and discounts are helpful, so keep them coming	2013-01-07
US	15100847	R39YNUPQJ5BD1J	B002YG1E94	859552801	Amana 25-Cubic-Foot Side-by-Side Refrigerator, ASD2522WRB, Black	Major Appliances	4	0	1	N	Y	Amana 25 foot refrigerator	Purchased for my Grandson & family of 6.  They say they love it, with 3 young boys the doors are always open.<br />They wanted the side by side and black--seems to be great for them	2012-12-29
US	39127344	R2N1CEPTVDGINE	B000260JRG	798219392	Sanyo SR-3770S Counter-High Refrigerator, Black and Stainless-Steel	Major Appliances	1	2	4	N	Y	Good Looking Product but Bad Delivery	Had purchased this item for a VP in office. I should have read reviews before actual purchase for I too can be a duplicate recording of most other reviews regarding damage due to improper packaging. Item seemed fine from outside except for a few wrinkles on box. Once open, the disappointment set in. While item is somewhat light, there is no way awkward size of item would not experience some type of damage while in transit. There is no corner protection at all and only some foam at top and bottom of box. Again while the refrigerator itself looked good, the damage swept away the anticipation of items arrival for use.	2008-06-13
US	14456062	R22BRLH348IL0R	B002UQ107O	396066896	Granite Grabbers Dishwasher Mounting Brackets	Major Appliances	4	0	0	N	Y	Great but only last 2 Years	These function great. But I did have to replace them after 2 Years. Very easy installation. Our friends ordered some when they saw how well it held our dishwasher in place.  With it being such an affordable option I don't mind replacing it every 2 Years.	2013-12-06
US	43792229	R1WAVB7MMPOI39	B000UW3T60	151369046	HotpointR Built-In Dishwasher	Major Appliances	1	0	0	N	N	Hot point owes me a new ceiling and a dishwasher in my opinion!	It floods the bottom does not drain, and now has leaked onto the floor and is now showing through the ceiling downstairs above the office. This is a horrible machine and does not do dishes. I have to wash my dishes before I put them in there or they come out filthy and baked on. Then it is a 15 min soak and scrub to get them clean. If you value your patience, your time, and your money... Do not buy this machine.	2013-07-18
US	20969197	R2BG8265OXM9HC	B001DPPX58	498616408	Whirlpool Refrigerator Clear Crisper 2188656 NEW OEM	Major Appliances	5	0	0	N	Y	What I expected	It is just like the old one.  This was a great replacement and it fit perfectly.  Hopefully my son won't break this one.	2013-06-11
US	50941989	R1J02M6363YPVR	B0039V7JFG	184993957	LG 3.6 CF FRONT LOAD WASHER DRYER COMBO	Major Appliances	5	45	51	N	N	More Impressive Than Going to Mars -- Really	"Ok, space travel is cool, but this washer/dryer combo is more meaningful in my daily life, and is the single best invention I've had the good fortune to personally own.<br /><br />Laundry?  At home... ?  Ree-dick-u-lussss!!<br /><br />After 20 years, we finally got to bid adieu to the Laundromat.  And believe me, there was no love lost.  No more lugging, no more quarters, no more slimy public machines, and no more weirdos -- my oh, my, how will we ever make this adjustment!?  Until we got our new place, we never thought doing laundry at home was possible for us.  Yet, here it is -- the magical machine from the future that washes and dries our clothes, all in ONE machine -- and ALL AT HOME!<br /><br />Cue Standing Ovation<br /><br />My hubby and I found this LG combo washer dryer by fluke while surfing online one fateful night.  We don't even remember, why, or how, we ended up looking at washers and dryers; probably just wishful thinking while trying to find affordable decor for our new place.  Before that fateful night, we had no idea such an invention even existed -- an all-in-one washer/dryer -- who knew!?!<br /><br />Take The Bad Reviews With A Grain Of Salt<br /><br />Look, nobody wants to spend a bunch of money on something that works better on paper than in reality.  But the reality here is simple:  this thing WORKS AWESOMELY!  With the emphasis on \\""awe!\\""<br /><br />Honestly, I think this is one of those items that's so revolutionary, you really shouldn't buy it unless you're open to redefining your idea of what it means to do laundry.  This is not your mother's washer and dryer.  This is NOT like everything else -- nor should it be, because everything else is just the same ol' same o', and we already know how that works -- you either have a lot of space for a traditional washer and dryer, or you don't; you either have the proper water hookups and ventilation, or you don't -- and if you don't, then you're stuck at a Laundromat for 20 years like we were, with no alternatives.<br /><br />Does It Dry Clothes?<br /><br />Do you honestly think LG could keep selling these if they didn't?  Of course it dries clothes -- quite well actually -- just not via the same method we're all accustomed to.  The negative reviews complaining about how this machine washes great, but dries terribly, frankly, are ridiculous.  If you're expecting this NEW invention to work the same way as every other OLD washer/dryer, then go buy one of those and stay away from technological advancements that make life better.<br /><br />Enter LG - The Future Today<br /><br />Ya-know, \\""Life's Good\\"" really is the best acronym for this \\""LG\\"" washer/dryer combo, and doing laundry at home is truly the pinnacle of luxury for us.  To be able to just do a load of laundry on the spur of the moment, at any time day or night, is convenience at its zenith.<br /><br />Condensation Drying - What The...?!?<br /><br />Yeah, I never heard of it before either, but in our world, it truly is one of the best inventions ever.  Basically, it means the dryer half of this mechanical wonderment doesn't dry using the traditional heat/forced air method; which is why it's a ventless dryer.  There's no exhaust blowing hot air out of the dryer, hence, it uses less electricity, doesn't heat up the house, and yes, does take a little longer than the conventional dryers that we're all used to.  But I'll take cutting-edge over conventional any day.  Honestly, longer drying times is a small trade-off to me for the absolute luxury of having an affordable washer/dryer combo at home tucked into a nice, compact space with no expensive installation required.  Basically, to my understanding, the dryer uses steam to implement its drying process.  A small amount of water is used during the drying process and converted to steam, which in turn, creates heat and dries the clothes.  Water does not reach the clothes during the dry cycle, but is used for the process.  So even during the dry cycle, you'll hear water spraying into, and draining out of, the machine. Because steam is involved, clothes can come out of the dryer feeling a bit damp to the touch.  But once the steam rises, you realize that the clothes are actually dry.  Ingenious!<br /><br />Easy Install<br /><br />We hooked this up to our kitchen sink with ease.  We just bought 2 water line splitters at the local hardware store; one each for hot and cold water, and just cut a hole in the side of our kitchen cabinet.  The LG went right next to that cabinet and kitchen sink, then we ran the water lines from this LG to the water splitters, and voila, the water was hooked up and ready to go.  The drain hose from the washer can just be dropped into the kitchen sink, or you could hook it up to a separate drain of its own.  We ran our drain hose under the sink, and have it coming out the hole just to the right of the faucet (the one usually used for those dish sprayers.)  So all our lines are neatly tucked away and out of sight, and we can do laundry any time with no fuss.  We even got water filters specifically for laundry hookups and are filtering the sediment out before it even reaches our clothes.  It just doesn't make sense to expect your clothes to be clean if the water is packed with hard water mineral deposits, amongst other things.<br /><br />Fully Automated<br /><br />This LG comes with a convenient reference card that's laminated and even has a suction cup attached to it for easy mounting.  We taped ours to the wall just next to the washer/dryer combo, that way, it's always handy if we need it.  The machine isn't difficult to operate at all, and has a wide range of settings to choose from, depending on what your preferences are.  I've been using the pre-wash, extra spin/rinse cycles and extra water features just because that's how I seem to be liking it.  You can even set up a timer to delay the start of your wash.  We've run a few loads on the timer and set the wash to start at bedtime.  That way, everything's washed and dried by the time we get up in the morning.  It works like a charm.<br /><br />Large Loads<br /><br />I fully expected to have to do much smaller loads than I was accustomed to doing with those high-capacity washers at the Laundromat.  But we've been pleasantly surprised with the large capacity of this washer -- it's at least as big as the triple-load washer we've been using at the Laundromat.  On our very first load, we decided to just go for it and loaded the washer up with all the dirty clothes we had.  It was packed full, but not over-filled by any means -- it was a mix of clothing, and the exact same load size that we would have done in the Laundromat's triple loader -- and it all fit into this LG with room to spare.  The dry cycle took about 3 hours, but everything, and I mean everything, came out bone dry and smelling clean and fresh.  Pitch perfect and no complaints.<br /><br />Yes, Towels Take Longer<br /><br />We have extra large bath sheets, and honestly, it always took an hour to dry just 2 of them at the Laundromat, and they still came out a bit damp; so I didn't have delusional expectations when it came to drying them with this LG.  It did take an extra drying cycle to get our towels dry, but that's hardly a big deal for the convenience of doing laundry at home.  On the flipside, however, we washed a large queen sized comforter and it was completely dry in 1 cycle, so it just all depends what you're washing/drying.<br /><br />A Thing of Beauty<br /><br />My hubby and I still can't believe this wonderful machine is sitting here in our home.  We often stop just to admire it.  It certainly is no small purchase.  Yet, for what it is, how it does it, not to mention it's completely cutting edge -- we really feel like we got a bargain.  We love the little LED light too that lets you see everything in the washer with the touch of a button.<br /><br />Bottom Line - Whether you have limited space, want to conserve energy and resources, or simply like the ingenuity of new technology, this LG combo washer/dryer simply can't be beat.  Yes, like most technological advancements, there is a bit of a learning curve, and you do have to change your expectations from what you're accustomed to.  But the trade-off is a technological masterpiece that does exactly what its been designed to do, and does it very well.  Not to mention it's green and eco-friendly.  Our new LG combo easily exceeds all our expectations, and then some.  We are VERY happy with this purchase.  Goodbye Laundromat -- Hello LG.  You truly have helped make Life Good.'s washed and dried by the time we get up in the morning.  It works like a charm.<br /><br />Large Loads<br /><br />I fully expected to have to do much smaller loads than I was accustomed to doing with those high-capacity washers at the Laundromat.  But we've been pleasantly surprised with the large capacity of this washer -- it's at least as big as the triple-load washer we've been using at the Laundromat.  On our very first load, we decided to just go for it and loaded the washer up with all the dirty clothes we had.  It was packed full, but not over-filled by any means -- it was a mix of clothing, and the exact same load size that we would have done in the Laundromat's triple loader -- and it all fit into this LG with room to spare.  The dry cycle took about 3 hours, but everything, and I mean everything, came out bone dry and smelling clean and fresh.  Pitch perfect and no complaints.<br /><br />Yes, Towels Take Longer<br /><br />We have extra large bath sheets, and honestly, it always took an hour to dry just 2 of them at the Laundromat, and they still came out a bit damp; so I didn't have delusional expectations when it came to drying them with this LG.  It did take an extra drying cycle to get our towels dry, but that's hardly a big deal for the convenience of doing laundry at home.  On the flipside, however, we washed a large queen sized comforter and it was completely dry in 1 cycle, so it just all depends what you're washing/drying.<br /><br />A Thing of Beauty<br /><br />My hubby and I still can't believe this wonderful machine is sitting here in our home.  We often stop just to admire it.  It certainly is no small purchase.  Yet, for what it is, how it does it, not to mention it's completely cutting edge -- we really feel like we got a bargain.  We love the little LED light too that lets you see everything in the washer with the touch of a button.<br /><br />Bottom Line - Whether you have limited space, want to conserve energy and resources, or simply like the ingenuity of new technology, this LG combo washer/dryer simply can't be beat.  Yes, like most technological advancements, there is a bit of a learning curve, and you do have to change your expectations from what you're accustomed to.  But the trade-off is a technological masterpiece that does exactly what its been designed to do, and does it very well.  Not to mention it's green and eco-friendly.  Our new LG combo easily exceeds all our expectations, and then some.  We are VERY happy with this purchase.  Goodbye Laundromat -- Hello LG.  You truly have helped make Life Good."	2012-11-23
US	30473121	R31KNUH2P9FI1J	B003O5QARK	975054727	U-Line : 1075BEVS-00 24 Beverage Center	Major Appliances	1	10	10	N	N	TOTAL WASTE OF MONEY	As I sit here writing this review, I'm looking over at my 2 month old U-Line beverage center. Door open, defrosting the frozen sodas and beer that exploded in the back of the cooler. When we first got the cooler, I loaded it up and waited a couple days for the beverages to cool. I had the thermostat set to 35 degrees. A can of soda exploded in the back a day or so later. I figured that it was my mistake for setting it too cold. I upped the temp to 37 degrees.....only to have two more sodas and a beer explode. Keep in mind the beer in the front is cool....not cold while the beverages in back freeze. Another issue is that the door is cut crooked so the wine rack inside appear to be sloping to one side...really tacky. I still can't believe what they charge for these things. Do yourself a favor and don't believe the hype....buy an inexpensive unit. The results may be the same but you'll save a whole lot of money.	2014-02-19
US	34462081	R2ONWO8RFLCBEJ	B0030LXFGW	947046074	SHE55M16UC Evolution 500 Series Full Console Dishwasher with 5 Wash Cycles 19 Hours Delay Start XL Flexible Silverware Basket 2 Cup Shelves and Silence Rating of 48 dBA:	Major Appliances	4	16	16	N	N	So far, so good!	"Like another reviewer, I'm puzzled by the very negative reviews of Bosch washers. I took Consumer Reports' word for it, and bought this one.  So far, I have only done a couple of loads, but I can say:    1. it washes well.  It even got stains out of the bottom of my teapot.  2. it is extremely quiet--useful if your TV is in the room next to your kitchen.  3. it is attractive.  I don't see any part of it looking cheap, as some reviewers do.  4. The stainless steel interior does have a smell, but it's more or less a \\""new car smell,\\"" not a displeasing one.    However,    1. the interior does seem a bit small, and it can be tricky to load because of the angled tines set close together.  2. it's a little narrower (about a half inch) than my old Whirlpool.  It comes with rubber \\""wings\\"" or gaskets on the side that can spread out to fill the opening built into your cupboards, but it would look nicer if it fit perfectly.  3. you must always have rinse agent in it every time you run it.  The dishes turn out beautifully if you do, so I'm not really complaining about that.  4. it has filters that have to be emptied and rinsed regularly (which I haven't done yet).    That's all I can say so far.  I'll update if any other problems emerge."	2011-08-08
US	7444571	R107ADGR1GTVTM	B001DPXO9A	378808888	Whirlpool Washer Door Handle 8181846 Light Gray	Major Appliances	5	0	0	N	Y	Great Value	This was a great value for the price.  It arrived quickly and was easy to install.  I am very happy with this purchase.	2013-07-03
US	37519858	R3T88974FVAXZ4	B004WEH3LO	673424080	Kitchenaid KSC23C8EYY 35 1/2-Inch, 23 Cu. Ft. Counter-Depth Side-by-Side Refrigerator	Major Appliances	5	3	4	N	N	Great fridge!	Have had this for over a year now and have had no issues.  I just replaced water filter from amazon and was surprise to see some negative feedbacks.	2013-11-15
US	37533806	R3H7C71GXPW6WA	B000Q7RR1W	195255865	LG : LDF8812ST Fully Integrated Dishwasher with 6 Wash Cycles - Stainless Steel	Major Appliances	1	3	5	N	N	Choose another brand	The dishwasher is not the easiest to install. The electrical and the water supply has to placed in the special tracks. You will more than likely have to cut the back bottom shelf and the side back of your cabinet under the sink to get the return hose in the recommended location.   If you rinse and scrape your dishes clean before you load them, this dish washer is good for you. If you don't, choose another brand like Maytag.   The dishes dry after the 2 hr cycle is done. However, all the walls inside the washer are all wet. So you have to leave the door open with the lights on to dry the interior.   Oh yeah, if you don't do your dishes daily, you will get a nice stench due to the collection of water and debri from the dishes at the bottom.	2007-09-17
US	35629601	RS9DGFBNI9G3F	B000FFS0V6	396835083	Danby DDW496W Countertop Dishwasher	Major Appliances	4	2	2	N	Y	Just the right size  for me	I have had the dishwasher a few weeks now. It doesn't quite hold all it says it can but I just run it a little more often. I love not seeing dishes in the sink and it fits on my counter just right. The dial is a little hard to tell where it is in the cycle but when I was reading other reviews before I bought it and one of the reviewers suggested that he solved this by just taking a marker and marking it so you could tell. Overall I am very pleased with this product.	2008-04-09
US	24891287	R25A2TPRTLWNX3	B002HORJY2	732980220	Krups C75 BeerTender Home Beer-Tap System with Heineken DraughtKeg Technology	Major Appliances	1	0	0	N	N	Stopped running	Unfortunately my experience was like many others. After the warranty period was up of course, it just stopped working and I babied it and kept the fan and fins clean. Not good for the money it costs. Will stay away from the rest of beertender line.	2013-01-06
US	42639819	RCK775AKU2WCL	B00E4O0ORW	488905011	Z Line 721-34 Stainless Steel Range Hood Insert, 34-Inch	Major Appliances	4	0	0	N	Y	Needs better drawings and documentation but it is an awesome product.	Given that range hood inserts are suppose to be for custom applications you would think they would supply some very detailed drawing about it shape and size. I had a really hard time determining if this unit would fit inside my 1950s Boan hood with the ski slope front.....and it doesn't :( but it is close enough:).<br /><br />This the technical specs for this unit blows away the competition in this price range and so far it has performed like a champ and is quoeter than I expected. Better documetation would get it 5-stars from me.	2014-03-29
US	28325865	R28L4J15VKM8YY	B0011YJIXY	722220393	Thermador : MBES 2.1 cu. ft. Built-in Microwave Oven, 23 7/8 wide - Stainless Steel	Major Appliances	2	2	2	N	N	Faulty after 15 months	Just like prior reviews, the microwave has developed the nasty habit of shutting off after one or two seconds. We figured out that it has to do with the sensor that monitors the door being closed--if we can slam the door just right (!!!) then it runs, which is clearly not a good long-term solution. I got it because with the cooktop and oven, the microwave and the dishwasher came with a big discount. I understand why, neither the microwave not the dishwasher are very good, my old Kenmores were much better. The cooktop and oven are excellent though.	2014-02-25
US	45180228	R2RE6V1DMVWD8W	B001AQI7P8	469206356	Deni 6200 Professional Home Ice Crusher	Major Appliances	1	1	1	N	Y	ITEM IS NOT MADE VERY WELL	Bought this item, when it arrive it the lid was off of it, I had to screw it back on, but hooked it up and it made a tray full of crushed ice. The second time it was used the motor runs, but will not turn the blades. Defective product and not in my opinion very well made.	2013-02-06
US	42002952	RFXQD5FSRA8N2	B0058CLNBU	544821753	Samsung SMH1816S 1.8 Cu. Ft. Stainless Steel Over-the-Range Microwave	Major Appliances	1	2	2	N	N	Another SE code broken microwave	"Add us to the long list of dissatisfied customers.  We already replaced the board once, and now, a year later, it went out again, suddenly, for no specific reason.  We heated up a bowl of chowmein for seven minutes. . . whoopee.  It's amazing that Samsung would not recall these microwaves or at least make the replacement part reasonably priced, but it's not worth buying the part, even to replace it yourself.  If you choose to purchase this microwave, do so with plans to throw it away in a year or so.<br /><br />Also, be aware that you have to specifically insist to the rep that you heard about the \\""special one time repair\\"" that Samsung is supposedly doing, because they are not doing it on OUR models, only specific ones."	2013-08-12
US	48120490	RNL3BM2WDSQEP	B007Y0Z8DS	888100542	Kenmore 46-9010 (3-PACK) - Compatible Refrigerator Water and Ice Filter by Zuma Water Filter (OPFW)	Major Appliances	5	1	1	N	Y	Good	Works as advertised and these are easy to install. I've ordered other filters like these and they seem to work good also.	2012-08-12
US	14733404	R1SZQM7O1GI1PE	B005GM942C	788261054	Panda Small Mini Counter Top Portable Compact Washer Washing Machine 5.5-10lbs	Major Appliances	4	2	3	N	Y	Works great!	I bought this to wash my daughter's cloth diapers because they were taking so long to clean in the regular washer, and our other clothes were getting backed up.  I can fit about 10-12 diaper inserts and wipes with three covers in one load (about a day and a half's worth).  I do a cold soak/wash, a warm wash, and two rinses to get the diapers clean.  I try to rinse out the really messy ones before putting them in, otherwise I might need to do an extra wash cycle.  I also wring out the diapers before throwing them in the dryer.  Each wash/soak takes about 15 minutes, so if i was paying attention I could get them clean and dry in a couple hours.  The only reason I gave it four stars is because the drain hose comes off a little too easily, and I've gotten poop water on the floor a couple times.  Still a good buy and I definitely recommend it.	2013-04-30
US	28343839	R3KH8OFFEUX0S6	B0084IX6RO	966284174	"RF260BEAESR 36"" Energy Star Freestanding French Door Refrigerator with 25.5 cu. ft. Capacity, (Stainless Steel)"	Major Appliances	1	9	13	N	N	not so hot	We have the narrower version of this 'fridge.  It had been in use in our home for 21 months.  Over the last two months we have noticed water accumulating under the produce drawers and freezing there.  We have cleaned it out a couple times, checking to make sure that it wasn't just condensation or something spilled but it keeps coming back.  I called Samsung.  Warranty on everything but the closed compressor system is only 1 year.  They would be glad to sell me a service program to get it fixed, but I maintain that an expensive refrigerator should not have a blocked drain that is apparently expensive to fix (whole back of the fridge needs to be disassembled) after less than 21 months.  Our old SubZero had this problem as well - when it was almost 20 years old and the drain is in a place where I could clean it myself.  Appliance repairs are expensive.  Tread lightly with this product.	2013-12-18
US	35002987	RTY8OYY2F439U	B000FAR33M	650911448	Danby DAR195BL 1.8 cu.ft. All Refrigerator -  Black	Major Appliances	3	1	1	N	Y	Has developed an annoying whine	It looks and feels cheap. But it is cheap! So I guess that's okay. It does the job fine.<br /><br />My only problem with it is about six months after I bought it to all else is extremely annoying high-pitched whine that comes and goes. I wish I knew how to stop it. Yes, I've tried pounding on it...	2013-07-30
US	43775239	RNX6OE56LGZ0R	B0018JMSBG	543626491	Bosch WAS24460UCAxxis 2.2 Cu. Ft. White Stackable Front Load Washer - Energy Star	Major Appliances	1	1	4	N	N	Bosch front load washers have an inherent flawed design	Bosch front load washers have an inherent system control board flaw - generalizable to all models - Bosch stopped producing them	2014-01-04
US	35787237	R3SSX1GXPLN5LA	B001I2WF6G	449742852	Pug Dishwasher Magnet (Fawn)	Major Appliances	5	2	2	N	N	Love it!	We got this for a Christmas gift this year & absolutely love it! It's a great way to indicate whether the dishes are dirty or not & the pug picture is really cute! I would recommend this for any pug lover. It would also make a nice gift!	2011-01-27
US	50673261	R2SO1UT74X939G	B003L4Z57K	407249893	Generic Mini USB Fridge (RED)	Major Appliances	2	16	20	N	N	Looks cool - soda still room temp	Purchased this for a colleague and it looks great sitting on his desk.  Sadlly it doesn't do much to actually cool his drink - it emerges from the mini USB fridge slightly cooler than room temperature.  Disappointing.	2012-05-17
US	27634318	RA9XK80AVCOPN	B003B3ZLCA	634484873	SPT Energy Star 3.2 cu.ft. Double Door Refrigerator in Stainless Steel	Major Appliances	3	3	4	N	Y	works ok	after getting this I see black and decker and a few other brands in wallmart and target stores for $150 with the same exact specs.<br />it showed up with ups, well packed and works, I have it in my office and it isnt loud at all, i keep my munchies and lunch inside, works well, just over priced IMO<br />I paid like $288 in August 2013 with free prime shipping,<br />I would rather have saved the $100 bucks and got it local.	2013-08-28
US	34092539	R39SG8AWGA5QY7	B000SB8EMC	392274705	Avanti AVAMBD5L Mini Pub 5-Liter Beer Tapper	Major Appliances	1	4	7	N	N	Disappointed	Ours was shipped from Target and was damaged in shipping. Basically, most of the plastic on one side was cracked. Seemed to be really cheap.	2008-02-06
US	9473375	R1HGHMYLGQ0PJ7	B003XEUEPQ	768882843	Frigidaire 131763202 Door Latch and Switch Assembly for Front Loading Frigidaire & Kenmore Washers	Major Appliances	5	0	0	N	Y	Makes me scared to ever call a repairman again...	Looks like this is the part that fixes the most common problem with Frigidaire front load washers. As most people attest, the part is super simple to change out, taking less than 5 minutes. Delivery was right on time. I just wonder how the part can be less than $30 on Amazon when most of the internet parts suppliers are charging $70, and if you call a repairman, he would probably pretend he's troubleshooting for a half hour then charge over $200 to fix it. If I ever found out that was the case, I'd never do business with that repair shop again. Thank you Amazon!	2014-03-02
US	53055534	R34WDHONDYVZJO	B00CD73K0A	369440332	HDX 959933 18 Gallon 2.5 Mil Trash Compactor Bags w/ Tie Flaps (30-Count) (Made in USA)	Major Appliances	5	1	1	N	N	Excellent quality, excellent price	These bags are the best all around compactor bags we've used. They are 2.5mm thick unlike lower quality ones that are thinner. Additionally, they fit our compactor. It's always a big effort when switching brands for us as most are slightly smaller than what we need. Additional benefit - the top has four wings/flaps for tying so you don't need a twist tie.<br /><br />Best of all, these are the least expensive we've found in a long time at $9.97 for 30 count - 33 cents a bag.	2014-01-14
US	43216551	RVJIV6Q80ZFB0	B002ZWR194	892941206	NewAir AW-121E 12-Bottle Thermoelectric Wine Cooler	Major Appliances	4	0	5	N	Y	So far, so good	I've only had this cooler for a couple of weeks, but so far, I really like it. The temperature indicator is great, and it seems to be accurate. My wines are nicely chilled. I really like the design, and it looks pretty sexy with the blue light on. The other reviews are correct when they state that the racks only hold standard size bottles. There is no extra room.<br />I must give a hand to the vendor Shoplet, where I got my cooler. It arrived with a couple of small dings in the stainless steel around the window. It has no effect on the operation, and where I keep it, will not effect the look of the cooler. But when I informed Shoplet, they gave me a courtesy $20.00 refund for good will. I didn't ask, or expect anything. This is a solid company that cares about their customers and their reputation. I recommend them.	2013-05-15
US	18366726	R2LWR5FB3UV842	B0019MMJNY	754024718	LG : LBC22520SW 22.4 cu. ft. Bottom-Freezer Refrigerator - White	Major Appliances	2	29	30	N	N	quality problems, weak service	Bought this fridge less than two years ago.  Runs quiet, looks agreeable, keeps things cold, spacious enough inside.  Has this feature where it starts beeping if you leave the top or bottom door open more than 30 seconds.    A few months out from the warranty period, it starts beeping every 30 seconds - except both doors are shut.  Nothing we do can make this stop.  Unplugged it, kicked it, jiggle the switch inside, you name it.  We've had LG authorized service out here to deal with this problem twice already, as we slowly go insane listen to this beeping every 30 seconds...but replacing the parts (as per the advice of LG) nothing helps.  Finally we had the service guy rip out the alarm instead.  Now, every third or fourth time I open the fridge, the light doesn't come on.      On the bright side, for the moment, it's still keeping things cold.    Wish I had googled around before buying this fridge - there is a wealth of forum postings and angry letters on the net from dissatisfied and regretful LG fridge buyers.  I now count myself among them.	2011-01-21
US	33488362	RAOCE288QHRLM	B003CV4SG6	885460104	Liebherr 15.5 Cu. Ft. Freestanding Stainless Steel Counter Depth Bottom Freezer Refrigerator - CS1660	Major Appliances	1	19	20	N	N	Very Disappointing	Three years after purchase, the freezer is no longer reliable.  Every 5 weeks, we have to empty the freezer and turn it off for a day or so.  Apparently, this allows the fan behind freezer to defrost.  Otherwise, it becomes very noisy, starts to beep, and the temperature starts to go up.  Fortunately, we have a Frigidaire upright in the garage.<br /><br />Also, we freeze things, like bread, in the Frigidaire first, before transferring them up to the Liebherr, or the above process seems to be accelerated.  We have had the evaporation sensor replaced, and another service call since, but all this is out of warranty, and no durable fix is offered.<br /><br />The refrigerator door does not stay closed if there is the weight of  milk cartons in the door.<br /><br />The size is nice for a townhouse or apartment, is it is only counter width.  But, for the price of this unit, its performance is very disappointing.	2013-12-06
US	15264364	RXHIQUHYEAR1H	B000MV0OTO	884560131	Haier HSB03BB Compact 2-2/3-Cubic-Foot Refrigerator/Freezer, Black	Major Appliances	3	0	0	N	Y	my refrigerator	I was looking for a refrigerator few weeks ago, and i came across this product on amazon.  I couldnt decide if i should purchase it because after reading all the rest of the reviews, it seems to me that the product will not arrive in good condition. But i decided to give it a try and i'm happy to say that besides the dent on the lower right side of it, the overall was quite okay (if you were to compare it to other customers, mine has the least damage). You totally have to depend on luck, so if you dont mine risking, its quite worth it to buy because it works quite well.	2010-10-21
US	34759130	R2Z8P7PG1O3P80	B001DHLC1K	437122810	Whirlpool Washer Drain Pump W10130913 B	Major Appliances	5	0	0	N	Y	Easy install	Whirlpool drain pump arrived quickly, within 3 or 4 days. it included a better quality house clamp that came with the machine. installed easily. 2 screws on the bottom and 2 hose connections. it has been installed now for over a month and I have had no problems.	2012-07-26
US	41084217	R1NMA2QJSZGZ0Q	B002C8HR9A	713534827	The Laundry Alternative Wonderwash Non-electric Portable Compact Mini Washing Machine	Major Appliances	4	0	0	N	Y	Must have on a boat	This the tool you want when you are on a boat. Add the spinner and you will be perfect for your trip. I test it and it work fantastic.	2013-11-02
US	52475981	RM91HA5R038US	B00074TBCW	474687737	Broan 30-Inch Allure Range Hood	Major Appliances	4	2	2	N	Y	Low energy, the lights are a nice touch	I purchased this range hood for my offgrid house. The fan on lower consumes less than thirty watts of power and is quite silent. The integrated PAR20 lights were a nice touch. Coupled with LED bulbs, they give more than enough light to cook at night and just plain look cool. The light switch has a low setting that doesn't seem to work with a lot of LED bulbs.	2013-05-16
US	36938702	R3VC322ODDOURG	B008SD4QU6	394270423	LG / Goldstar Microwave Glass Turntable Tray / Plate 12 3/4 Inch	Major Appliances	5	0	0	N	Y	surprise	I am pleasantly surprise that I was able to locate one--I was over the moon when I found it on amazon. It is still going well in the microwave. if i need to get another one at least i will know where to get it.	2013-12-23
US	13992329	R172HEFVYUL0WX	B000KKISE0	609975496	"Handi-Foil 20301.010 Round Gas Burner Bib Liners, 5"" Height, 2"" Width, 5"" Length, 5 count"	Major Appliances	5	0	1	N	Y	Gas Burners	I had been looking for some Gas Burner Bibs for my gas stove, but  could not find them locally. Luckily Amazon had them. They came in real handy and keep your burners very clean. Very satisfied with this product.	2013-03-21
US	52576438	R38Y77TQCN0UPS	B00CDWTQKI	855136348	The Laundry Alternative Nina Soft Spin Dryer, Ventless Portable Electric Dryer. 3 Year Warranty, 127V, 60 Hz	Major Appliances	5	2	2	N	N	1975 used throughout Japan	Just a note to let people know these were used throughout Japan in 1975 when I spent three months there. I thought them a great idea and figured they would make their way to the states soon. They haven't. I don't know why because spinners are an excellent way to get water out of clothes before using the dryer. Clothes come out almost dry.	2014-02-11
US	25952659	R3KJOQQHVCELOD	B003XZON0W	13090785	GE Washer Washing Machine Pump Motor WH23X10028	Major Appliances	5	2	2	N	Y	Great Product!!	I was very happy with the product and the price was good. The communication with the vendor was hard though. Slow to get back to my questions but all in all the product has been working great in my washer. I would buy again from them because the price was so competitive.	2011-03-26
US	29292980	RWFXSP7YP6S4N	B009IESWKO	14001111	Kenmore Elite 24'' Built-in Dishwasher w/ 360° Powerwash Technology - Stainless Steel Energy Star	Major Appliances	1	8	9	N	N	Do not buy unless you plan to prewash dishes.	Does not clean dishes. I haven't had a dishwasher that cleaned so poorly in 20 years. Really hate that we let the salesperson talk us into paying so much for so little.	2013-08-19
US	10861026	R21BO331Y2L9C3	B001BADJCE	341847986	Whirlpool Motor / Pump Drive Coupler 285753	Major Appliances	4	0	0	N	Y	Product was as described.	Product arrived on time. Was exactly as described in amazon.com. It did well fit into its mating parts in the washing machine and finally did its desired function. I am very satisfied this product and recommend to who ever has some knowlwdge and inclination to wards fixing small mechanical issues in his/ her appliances.	2013-03-08
US	47020495	R2NV4BZTUJ8NVO	B002S88NTC	596063130	Haier HVTM12DABB 12-Bottle Dual Zone Mirrored Glass Door Wine Cellar	Major Appliances	5	0	1	N	Y	Just what was needed.	It works great, fits right into the space that we needed it for, keeps both red's and whites at the right temp.	2013-03-16
US	52454466	R2Z8E36AJBUAAC	B000YTFI5Y	468347255	Steri-fab® 9-way Protectant (Premixed 1 Gallon)	Major Appliances	5	4	6	N	Y	It does work!	I have used this on fabric, and even on a canvas camera bag. I put the camera bag in a zip lock bag for a week while I was busy to isolate it as it was right by the infested area. Then when I checked it later, a few small bugs had hatched out but died. It had to be the product as another item not sprayed had live bugs in the ziplock bag. So I can recommend this for it worked for me quite well.	2012-07-17
US	49731637	R3S2UDAGHSQ3DG	B003MNRBFO	660179944	Samsung DV210AEW 7.3 Cu. Ft. White Stackable Electric Dryer	Major Appliances	5	1	2	N	N	Samsung DV210AEW White 7.3 Cu Ft Electric Dryer, 1 year and no complaints.	I researched this product and found an excellent price for both the washer & dryer about $800. I use my washer & dryer 3 or 4 times a week. No issues.	2012-12-11
US	52226219	RO6ZIADGYCV8U	B002RB5JVU	255961054	GE Profile : PDWT500RWW 24 Built-In Dishwasher - White	Major Appliances	5	12	12	N	Y	Great Dishwasher	"This unit replaced a KitchenAid that was about 10 years old.  The unit arrived in great condition.  All hookups were standard and the necessary parts easily obtained at a local hardware store (3/8\\"" elbow, compression fittings and/or flexible supply line, thread tape, etc.).      Fit and finish seem great.  The white baked-on enamel seems durable, the interior is large, racks adjustable, and it's nice to have the option of automatic liquid detergent dispensing.  Be sure to follow the directions on that, though.  Apparently if you switch between bleach-based and enzyme-based liquids you will clog the unit, so use one or the other and stick to it.  Plenty of cycle choices as well.  And, of course, you can just use regular powder/pellet/gel pack detergents in the standard dispenser.  It also has several baskets for silverware, utensils, small items, etc. that you can mix/match/remove depending on what you are washing.  Very convenient.  This seemed to be one area at this price point where we made a choice - multiple adjustable baskets vs. a single basket with a large third cutlery tray.  We chose this unit because we wanted the liquid detergent dispenser and cycle options.    The unit is really quiet.  This one comes with an upgraded insulated toe kick, so it's just about inaudible.  The racks adjust for items, and the top rack height adjusts.  Three sprayers arms are present as well.  Dishes come out clean and dry.  We are really pleased with the unit."	2011-02-02
US	2330056	R32BXL4NT8AP4	B002C8HR9A	713534827	The Laundry Alternative Wonderwash Non-electric Portable Compact Mini Washing Machine	Major Appliances	5	0	0	N	Y	perfect for me! (ME!!)	this is not a family washing machine unless you enjoy slaving away at your laundry but i do have alot of nice dress clothes seeing as that's all i literally wear. this machine allows me to take the time to spot treat all my shirts and pants. i am able to ensure every load (6 shirts or 3 pants) is as closely matched color wise as possible which keeps everything brighter and untainted by like but offish colors. i even gentle wash (slow easy cranks) my polyester ties in it!!! you should definitely allow gentle loads to pre soak to minimize the spinning i feel it will prolong the life of my ties doing so. also being winter i just put my wrung out clothes on a rack in front of my heater for free drying!<br /><br />perfect for a bachelor/bachelorette that doesn't like wasting water, electricity and space. the only con i would say is time consumption.	2014-01-26
US	46101125	R35R3JQ3ZE5S4K	B00DNSO2UK	316513931	Haier  Wine Cellar with Electronic Controls	Major Appliances	5	2	2	N	Y	Easy on the ears	Been working for a while. Lasted longer than our old unit that died inside two weeks. Dual zone is a nice feature. Pretty quiet.	2014-04-22
US	33820439	R3QJPJN363LZCE	B001E6HV8S	496738249	Broan QS330AA QS3 Series Range Hood	Major Appliances	5	1	1	N	Y	Broan Range Hood	We recently replaced a built-in microwave with this range hood. The product is wonderful, it looks great, nice quality & the color matches our other appliances perfectly. I love the features, the halogen lights & the delay function on the fan which keeps it going for 10 minutes after you walk away, then shuts off itself. The interior is a removeable teflon liner for easy cleanup. I would definitely buy this product again.	2013-03-19
US	43124428	R34SZGKFS7S8OJ	B002UYSHMM	429051224	Haier HLP21N Pulsator 1-Cubic-Foot Portable Washer	Major Appliances	5	3	3	N	Y	Great Buy and Works Well If Not Overloaded	"I'm very pleased with this product and I'm sure you will be as well providing you don't confuse it with a full-size unit.<br /><br />The main reason I'm writing this is to mention, unlike the company's customer service department claimed, IT WILL work without being directly connected to a water source. Admittedly, it's easier if connected to a water line but not that much trouble to fill manually.<br /><br />Here's how I do it: Fill the tub up with water, add detergent, stir the water to mix, add clothes. Next turn on power, select water height to high, press \\""CYCLE BUTTON\\"" three (3) times for \\""wash only,\\"" then press start. The wash cycle takes about 15 minutes to complete.<br /><br />Once wash cycle is completed press power button turning off machine. Next, push power button again to turn on. Press cycle button five (5) times for \\""rinse only.\\"" then press start, which drains the water out of the tub. After completed turn off machine and repeat the above \\""WASH ONLY\\"" STEPS (listed above) but just fill with water. Let clothes agitate in rinse water for about 5 minutes and push the power button turning the machine off.<br /><br />Repeat \\""rinse only steps\\"" (above). I rinse clothes two or three times this way. When finished push power button off.<br /><br />After rinsing is complete push power on, press \\""cycle button\\"" six (6) times for rinse only, then press start.<br /><br />There you have it. I use a separate spinning unit to drying the clothes as much as possible before hanging them to air-dry. When drying this I use multiple plastic hangers (at least three) so as not to put marks in the clothes.<br /><br />Thanks for reading my review and happy washing!!!"	2013-05-28
US	51065576	R2414OPCWSYGYK	B002ZNE1T6	844186164	Whirlpool Part Number 9743903: Handle, Latch (Black Mdl.)	Major Appliances	5	7	7	N	Y	Perfect fit on my KitchenAid Sculptura Dishwasher Model: KUDR24SE	Our dishwasher handle broke and we were unable to even open the door so I could take apart the bezel to fix it.  After quite a bit of fiddling I was able to finally get the door open so I could access the screws you need to remove the bezel and replace the latching mechanism.  I detailed this repair job on my blog at johnfixesstuff.blogspot.com  Search for KUDR24SE in the search box at the top right to find the page.	2012-12-19
US	48531222	R1G59M50O1FPE4	B0033CV4LG	608881874	GE GFSS2HCYSS 22.2 Cu. Ft. Stainless Steel French Door Refrigerator - Energy Star	Major Appliances	1	5	5	N	N	Awful - do NOT buy this fridge	We have had this fridge for less than 1 year and so far we have had the repairman out 3 times.  This is the most tempermental fridge I have ever owned.  The previous review is right - do not even THINK about buying this without a service plan.  So far it has frozen (and ruined) lots of produce.  Once that got fixed the icemaker overflowed water into the bottom of the freezer (until I shut off the water).  The spicket freezes where you cannot get water out of it (in the fridge) and you have to jack up the temperature just to get it to thaw so that you can get water from it again.   When the guy was out last week he replaced the whole ice maker.  Once he left it started making this horrible sound like it is trying to make ice or dump ice but cannot.  So I'm waiting on them to come out AGAIN to fix that.  HORRIBLE - do NOT buy it.	2011-03-29
US	45457249	R28L3UH2SZRIM9	B000MAJKLI	131665274	Whynter WC-16S SNO 16 Bottle Wine Cooler, Platinum with Lock	Major Appliances	3	1	2	N	Y	Shipping damage	I received the wine cooler and the box was in bad shape. Upon opening it I found the door frame cracked.<br /><br />This wine cooler runs all the time. I had a smaller one and it did not do that.	2013-08-22
US	49474379	R5E3F71AMUUV3	B002C8HR9A	713534827	The Laundry Alternative Wonderwash Non-electric Portable Compact Mini Washing Machine	Major Appliances	4	0	0	N	Y	A fair review	"It shipped fast. No extra packaging or pretty labels. Good products don't need flash. I admit I was initally concerned about how sturdy it was. It serves it's purpose. It's great for washing intimates at home or that \\""one sweater\\"" that's hand wash. It's also great for taking camping. Don't try to overload. Consider the materials it's made out of and don't try to replace a regular size washer with it. If you are going that green you'll want to consider other alternatives."	2012-01-08
US	15438418	R22KPEJ4OZVC77	B000R9GCO2	482086687	Broan Allure 36-Inch Under Cabinet Mount Range Hood	Major Appliances	5	0	0	N	Y	Beautiful Product	Pictures don't do it justice. A great buy. I totally recommend it to anyone looking for a range hood for their kitchen.	2013-07-01
US	22601726	R3C4EAV3KTH29K	B0051OKX2U	541805727	The pureWash Professional-Grade Ionic Laundry Purifier (High-Efficiency Washers)	Major Appliances	5	9	10	N	N	Ahhhhh mazing!	I was SO doubtful when my husband purchased and installed this.  He repairs appliances for a living and had heard many wonderful things about this product.  BOY am I surprised!!  My clothes/linens don't smell anymore!!!  I could NEVER get the workmen's smell out of my linens for almost 25 years, no matter if I bleached them in hot water or used scented detergents which made us sneeze.  This thing works wonders!!!  My sheets LOST the smell in a single washing!!!  I was ready to throw them out and get new ones.  I had given up.  I wash my husband's nasty work pants in cold water and they come out amazingly clean and smell SO FRESH!!  Even my laundry room smells fresh from the unit.<br /><br />All I can say is....BUY IT!!!  You will NOT regret it.	2013-04-17
US	24215108	R1D645VJPHBYKY	B000B2UBJC	226414380	Mr. Freeze Portable Auto Ice Maker MIM15	Major Appliances	1	7	11	N	N	Poor design	"I was really impressed at how quickly this unit made its first batch of ice after plugging it in (approx. 6-8 mins).  The problems are: (1) the ice is wet; therefore when they are dropped into the basket, they all stick together.  In addition, the ice on the bottom of the basket melts, becoming smaller and eventually just becoming water again and dripping into the water reservoir below. (2) the unit gives off a very strong \\"" hot electrical\\"" odor when it's first plugged in.  After several hours this eventually lessened, but the odor transferred to the ice.  I drained and replaced the water and ran the unit through numerous ice cycles, but the ice tasted terrible just like the burning odor! (3) I'm not sure if the unit actually functions as a freezer or refrigerator or if it just depends on the ice and icemaker portion to keep the ice cold.  The inside storage of the unit never seemed that cold.  Since the ice and water are only inches apart, there is lots of condensation that forms inside, and is what probably makes the ice melt.  Just a poorly designed appliance!"	2006-09-23
US	38919781	R1LJYTEDGE9XTN	B0029LKTF4	522656169	LG : DLE2101W 27 Electric Dryer with 7.3 cu. ft. Capacity White	Major Appliances	2	2	4	N	N	Would not recommend	I've had this dryer less than a year, and would definitely not recommend it.  It will dry absolutely NOTHING on one sensor cycle, no matter how small the load or the type of fabric.  And no matter how carefully you put the clothes in - shaking them out first, and laying them carefully in the dryer -- it will wad them up into a tight little ball and wrinkle them beyond belief.  NOTHING comes out wrinkle free, including permanent press.  I'm very disappointed in this dryer.  It's already making noises and just plain doesn't work properly.  I would definitely look elsewhere before buying this.	2011-06-13
US	19091440	R20LZBRLM0FC1C	B000N6302Q	425600013	NewAir AI-100R 28-Pound Portable Icemaker, Red	Major Appliances	4	0	0	N	N	nice box	We recently purchased this product from amazon. It came in to alaska north slope undamaged and packaged really  well. After reviewing reviews cleaned the interior and exterior with mild soap and water. Also soaked and washed the interior as well with vinegar and water. Plugged the unit to power. Added cold water and closed the lid.I was pleasantly surprised how fast this portable unit makes ice. Gave it four stars for its size.Will see how long this lasts.	2010-10-29
US	29578195	R3OF1K6BXPJSML	B009P9US1I	17498614	Gap Cap for Stovetops by Miles Kimball	Major Appliances	4	0	0	N	Y	Serve their purpose.	Bought 2. They do their job but the magnet strip on one, which is attached to the cap with an adhesive because it is aluminum, came loose and had to be reattached with contact cement.	2013-07-10
US	18372249	RLJMDL3I0DHL0	B001LTJSU2	547219189	Mini Kegerator Refrigerator & Draft Beer Dispenser - EdgeStar	Major Appliances	5	0	1	N	Y	Nice Kegerrator,Cold Beer	Nice Mini Kegerator, Great when you want just a small glass instead of opening up a whole can at times or you can drink away.easy set up,very quiet operating.Followed Directions both for the Machine and on the mini Keg and Presto Nice glass of beer. I purchased the accessory kit for NON Pressure Mini Kegs. If you wand a Kegerator at a good price I recommend the Edgestar.This Kegerator takes all Brand 5Liter Kegs as long as you purchase the accessory Kit.	2013-01-05
US	42556758	R2B0OQC5B7471R	B00AEYWWBW	454763901	"AKDY 30"" Island Mount Stainless Steel Range Hood Kitchen Stove Vent AZ-D01(IS)-30"	Major Appliances	3	13	17	N	N	Looks nice but quality problems, found nice solution for ductless	"[[VIDEOID:mo2CRNSCBOUQ49U]]Hello,<br /><br />The video goes through my experience with a range hood from AKDY but not this exact model.  I think the info in the video applies to most of the AKDY ranges (I think this is Proline and other private labeled sellers as well) so hope it is useful to you.  The range hood does look decent for the price but the company does have quality control issues.  I hope the unit lasts after going through the work of getting multiple units, fixing the one new one and installing it.  The install went easy after doing some prep work and I did find a really nice solution for the ductless option (search on this \\""[[ASIN:B007V7AHS0 ProAire Ductless Recirculating Kit for Compass Series Wall Mount Range Hoods]]\\"").  Anyway, first video review so don't hold it against me :)  Cl1ck the \\""helpful\\"" if this is helpful to you...  Good Day!"	2013-10-20
US	40026946	R13NXA6WNQ7VNX	B000UW20OM	539049610	Broan 412402 ADA Capable Non-Ducted Under-Cabinet Range Hood	Major Appliances	5	0	0	N	Y	great for the price	quiet compared to my old one. Looks nice, no sharp corners to catch cloth on when cleaning.  I am happy with it	2013-02-27
US	52823604	R3PDSRGK1Q1H6L	B000QF91YA	228913016	Vinotemp Thermo-Electric Digital 18-Bottle Wine Chiller	Major Appliances	1	1	1	N	N	AGREED. Do not buy!	I purchased this at a charity auction 18 months ago.  Tonight noticed the clicking sound of death! I will get my brother to try the fix set out herein.  Amazing...<br /><br />March 2013 update: For my birthday last July (2012) my brother replaced the electronic doo-hicky as described...worked, and still works!	2011-09-03
US	37120824	R10CRJV1D83CNV	B00074TBC2	474687737	Broan 30-Inch Allure Range Hood	Major Appliances	4	5	5	N	Y	Rangehood review	Rangehood works well, and not too hard to install.  Was greasy inside and so probably not cleaned up well prior to ship.  No information provided (manual, etc), but we were able to figure it out.	2011-01-08
US	11517335	R1HM6S1LYBALBT	B001HOE2CA	864496280	Whirlpool Part Number 8562001: Silverware Basket Asembly	Major Appliances	4	0	0	N	Y	Exactly the same	This was exactly like the original basket from the dishwasher so it's not fabulous but it does the job. Not made very well.	2013-08-01
US	36962002	R1UMGH1T1H33CA	B008B7X1TQ	356286951	"GE Aluminum Range Hood Filter - 6-1/8"" X 23-3/8"" X 3/2"" - WB2X8379"	Major Appliances	4	1	1	N	Y	I finally have a replacement filter.	A replacement grease filter for my range hood is no longer available.  Since this company makes filters to  provided specifications, I decided to try it.  The received filter is thinner than the original and it came with a metal frame around the entire filter, not just on the long sides as shown in the photo.  I was able to modify it by cutting a piece out of the<br />middle of the short sides of the frame.  I was therefore able to bend the filter to enable it to be inserted into the holder. The modification only took a few minutes and I am happy because I finally have a new filter to use.  The next time I need a new filter, I will call the company first to verify what I want to order.  I would recommend the filter to anyone whose replacement part is no longer manufactured.	2014-03-16
US	46258524	R25H084832REBH	B003XMKE5S	437261847	Great Northern 7975 Frosty-Keg, Stainless Steel Kegerator Beer Dispenser Refrigerator	Major Appliances	3	15	18	N	Y	Good product, decent parts - small CO2 tank.	I've only had this running for about a week, and so far, so good. I only really have 2 complaints.  First is the size of the CO2 tank that ships with this model is too small.  It's only a 2.5 lbs. tank, and the standard is 5 lbs.  So when I went to exchange the tank for a new one (since I couldn't find a place to fill it) I had to purchase a new tank for another $100.  Had I know that, I would have spent the money up-front with the purchase of the kegerator.  The second complaint is the directions that came with it.  This is my first kegerator, and I knew nothing going in... the directions were very little help, and the amount of extra parts only confused the issue.  But, it's running, and the beer is cold, so that makes everything all better.	2010-09-10
US	38356794	R3J75AXEC312L0	B002UQ107O	396066896	Granite Grabbers Dishwasher Mounting Brackets	Major Appliances	5	0	0	N	Y	Secures your dishwasher!	This product works perfect!  Must follow the directions carefully to achieve a good bond.  I have had no issues since installing these, my dishwasher is now rock steady.	2013-12-05
US	33903526	R9269MM1FO2HX	B001LF3T2Y	914807942	Koolatron WC04 Compact Thermoelectric 4-Bottle Wine Cooler	Major Appliances	1	0	0	N	Y	Stopped cooling in less than one month.	The lights come on and the fan still runs, but the unit stopped cooling after less than one month.  I should have trusted the other overwhelmingly negative reviews.	2013-07-16
US	51307639	R3MOOMYMDYCASM	B000FAR33M	650911448	Danby DAR195BL 1.8 cu.ft. All Refrigerator -  Black	Major Appliances	3	3	3	N	Y	Noisy, runs constantly -> replaced, and now works well	"Oh sure, this refrigerator keeps things inside cold, but has the following major problems:<br /><br />(1) It's excessively noisy. The first day we plugged it in, it sounded just fine (low hum). By the second day, a slight whine/ringing had developed. On the third night, I had trouble falling asleep because the whine/ringing had grown in such volume that it was annoying laying in bed with the refrigerator in the adjacent (master) bathroom (open doorway... but still, over 40' away in a hallway with a 90 degree bend).<br /><br />(2) It's constantly running. I've observed the compressor running for 1+ hour straight at a setting of 6/10 (10 being coldest) 2 hours after the refrigerator was last opened, when it only had 2 small bottles inside of it. This seems unusual to me.<br /><br />Oh sure, I've read the reviews and it seems like we might have received a \\""bad\\"" unit. We will try to exchange this unit for a \\""good\\"" one... but at the end of the day, this is just a major hassle.<br /><br />UPDATE - 1/8/13 -<br /><br />Received a replacement refrigerator yesterday (Amazon Prime is amazing!). We got this unit set up and running (after the recommended 2-3 hour wait) and 24 hours later, I can safely say that this unit operates significantly differently (i.e. BETTER) than the original unit. This unit runs quieter (no high-pitch ringing... hopefully this isn't something that will start in the future), and the compressor on this unit actually cycles on/off in a reasonable fashion (about 5-10 minutes on every 30-50 minutes).<br /><br />I am now upgrading my review to 3 stars (from 1 star). The refrigerator now works to our satisfaction. However, I don't know if I can recommend this refrigerator, due to the chance of receiving a bad unit, and the hassle of going through the replacement process (although I give Amazon kudos for correcting the issue very quickly)."	2014-01-04
US	24854271	R1MZ2N7JCPNWKH	B00064NX68	240781307	Whirlpool Washer Motor Coupling # 285753A	Major Appliances	5	0	0	N	Y	Perfect	I purchased a used washer and wasn't too shocked when it didn't work. We found out that this part was the problem so we ordered it in hopes of salvaging this machine.<br />The part is a tight fit, but it's supposed to be. You could buy the one with the metal insert, but as hard as this was to slip into place, the metal would have made it impossible.<br />I've had the part on the washer for about 2 weeks now and It's worked flawlessly.	2012-05-13
US	25319642	R22O6MLAOUA6L0	B001I2SI44	780246836	Pug Dishwasher Magnet (Black)	Major Appliances	5	0	1	N	Y	Love Pugs	Terrific little useful magnet.	2013-02-05
US	34682645	R25ZYHYVXH8U7D	B0081AY3VS	523693414	14 Lbs.Top Load Portable Washer Color: Platinum	Major Appliances	3	2	2	N	N	No front wheels!!	I bought this through another dealer. There are very few reviews about this product. The overall machine is decent, but compared to older Avanti models, I am disappointed. I had a smaller washer that actually had wheels in the front and back. Sadly, this machine only has wheels in the back. This makes it extremely difficult to get to the sink. I had to purchase a dolly to put it on to make it easier to move. Not sure what Avanti was thinking.	2012-08-31
US	42209760	R34373GXPSNC42	B003TOFVP8	933602779	Amana 3.5 -Cubic Foot Front Load Washer, NFW7300WW, White	Major Appliances	3	0	0	N	Y	Not impressed...	We've seem to have had issues with this washer ever since we bought it. Almost certainly first to go was the rubber seal on the inside of the door. I should've listened to the negative reviews before I bought it. If the review is often high, I will disregard the lower reviews as a minority of disgruntled customers. Well guess what, I am a part of the minority too now. lol.<br /><br />So basically overall I rated this a 3, I will breakdown why:<br /><br />First for the price, the free delivery, and the free installation, I still can't go wrong with my decision. Add to the fact that this has a high loading capacity versus other similar brands and models and that my issues were resolvable (minus the time wasted on the phone with the warranty people and with service calls), I'd say I can't rate this below a 3.<br /><br />The only thing that I can suggest is to get a big warranty on this. I think that there is good wisdom in that.	2014-04-07
US	10577404	R1DMZEFS356SF	B001VKY8I8	861427832	Koolatron Compressor Fridge - Silver	Major Appliances	1	1	1	N	Y	damaged and too small	This item arrived with several dents in it and the freezer takes up too much space in an already tiny refrigerator.  It is not even nessesary to have a freezer in this because it does not even fit anything anyhow.!!!!!!	2013-02-13
US	51621130	R2444LJX27POY3	B0086A5DTE	430699015	GE PFE29PSDSS Profile 28.6 Cu. Ft. Stainless Steel French Door Refrigerator - Energy Star	Major Appliances	5	28	31	N	N	A fantastic refrigerator!	"I finally gave in and decided to replace the \\""came with the home\\"" GE side by side that was still chugging away since 1998.  Wow! That GE was turn of the century and the ice maker and water dispenser still worked.  There was no question that only brand that could replace that GE was another GE.<br /><br />Going from a side by side to a french door is unbelievable! I love the space in this refrigerator! Even though the ice maker is in the door, there are still three shelves (albeit two of them are rather narrow) placed there to still maximize the space.  This refrigerator was thoughtfully designed and is easily configured to accommodate just about any sized container or item.  The multiple shelves are easily raised or lowered.  One shelf can retract part way to allow for extremely oversized or very tall items to fit.  There are two ample drawers for either veg or fruit.  I also like the temperature controlled drawer that can be used for a variety of items.<br /><br />The controls on this refrigerator are operated through a few buttons and touch screen interaction.  I found the menus rather easy to navigate and it didn't take too much digging to get to key features that need adjusting.  I love the fact that I can place a water bottle, press an auto fill and walk away.  The screen will even display the amount of water dispensed into a container in ml, oz. or cups.  There is also a precise fill feature that will let you select an exact amount of water to be dispensed.  This is a great feature for baking/recipes!<br /><br />After the refrigerator was installed, I enabled the turbo cool for both the refrigerator and the freezer.  A few hours later, the temps were dropping and everything was getting well cooled.<br /><br />The unit is incredibly quiet and I can honestly say that I love this refrigerator.  I am so impressed that I'm writing a review for it! I don't know why I waited so long to replace the old one, but I'm thrilled with this new GE.  The quality and thoughtful design are fantastic!  I can't recommend this unit highly enough!"	2013-07-13
US	52556896	R233DB4SCQ9P9Q	B000R9CFWU	194718792	Frigidaire F30WV16EC 30-Inch Under-Cabinet Range Hood, Stainless Steel	Major Appliances	5	11	11	N	N	Easy to Install, Great Value for the $$	Looked at quite a few stainless range hoods.  You can certainly pay a lot more for a unit than you will for this one - but why?  The quality of the unit is fine, the fan is not loud and it moves enough air to pull out all the cooking fumes we generate.  All in all, a great value for the $$.	2008-05-31
US	49330903	RSJJP8ZQN50KG	B007XIFJ62	843427125	Luma Comfort IMPC-2800S Portable Clear Ice Maker	Major Appliances	1	2	3	N	Y	Right out of the box, does not work!	Did this Chinese made product ever get turned on and checked at the factory? I say NO. Did not make any ice from day one. Tried it at least three times. The damn thing just went through it's cycle and the LED blinked at me. Felt like drop kicking it across the room. Instead, I shipped it back.<br /><br />So, Amazon lost money on this crap. Lesson learned? How about don't sell ANY products that have zero quality control.<br /><br />So, I gotta ask, is there a well built ice maker for home use that is not expensive? (Under $500)	2012-09-07
US	12499175	R200J17OLQDLY9	B0021EROQG	231523545	Supco SUPCO RIM300 ICEMAKER REPLACEMENT KIT	Major Appliances	3	1	1	N	Y	Reasonably priced solution	This icemaker was a reasonably priced replacement to the icemaker in my 90's era GE profile refrigerator.  It is not nearly as substantial as the one it replaced.  The lower bracket did not line up with the screw hole in the refrigerator and could not be used.  The bar which is supposed to raise up as the ice fills the bin gets stuck in the ice; so we just turn it off manually when it is full.  It was a bargain compared to the price of a new refrigerator.<br />Update 2012:  the ice maker worked for about a year.  The refrigerator is old, so I'm not spending any more on repairs.	2010-11-07
US	12397826	R39GEBEGTLR48D	B004XVEQ3O	179846674	"Broan Evolution QP4 Series QP430SS 30"" High Performance Under-Cabinet Range Hood 4 Halogen with Theater-Style Transitions Easy-to-clean Advanced Heat Sentry: Stainless"	Major Appliances	3	7	8	N	Y	It's fairly quiet, but awful to install, and operate	I bought it because it claimed to be quiet. It is fairly quiet, and I do like it now that we managed to install it. It was very difficult to install, and once installed, it slopes down towards the back a bit. The controls are also a bit difficult to figure out, takes repeated looking up in the manual just to figure the lights. If there is a momentary power outage, the lights have to be reset. it seems to default back to the factory settings, which leaves a night light setting on all the time. So, despite the fact that it is quiet, I really can't recommend it.	2013-03-31
US	29431332	R1H5H8CSK2ZXGW	B003JN379G	793437537	LG WM3455HS 24 Front Load Compact Washer/Dryer Combo , 2.7 cu. ft. Capacity - Silver	Major Appliances	1	6	11	N	N	BEWARE!!!	I have one in my rental apartment.  This is the worst product I have ever encountered.  You cannot be serious that someone would invent a washer that does not actually perform a drying function.  It literally takes 4 hours to dry...then I have to iron for another hour.  After a long spin cycle, it hardly takes that long for it to air dry...maybe just a few more hours.  Insane does not describe how terrible this product is.  I feel bad for anyone that actually paid money for this. Crazy that a space saving appliance is actually a waste of space.	2013-05-24
US	46057718	R1CHQOS44BP0EH	B004DD8S22	216558291	Maytag Maxima EcoConserve MHW7000XG 27 Front-Load Steam Washer 4.3 cu. ft. Capacity, Cosmetallic	Major Appliances	1	13	19	N	N	Nice washer with critical design flaw	I've used this new washer for about two months and, initially I was happy, but I'm regretting my purchase.  There is a design flaw where if you're using liquid detergent, it immediately leaks in to the drum by spilling out on the inside part of the door.  This wouldn't be an issue for most clothes but it can stain delicate fabrics. I have some white shirts and bed sheets that now have a faint dark spots where the detergent came in contact directly.     Anyway, I thought it was something wrong with my unit but apparently, repair person has confirmed that it's just the way they are designed.  So unless you like getting your good clothes ruined, don't buy this model.	2011-07-02
US	30426733	RVXLP5Q90Y2SR	B000R9GCO2	482086687	Broan Allure 36-Inch Under Cabinet Mount Range Hood	Major Appliances	5	0	0	N	Y	Nice addition to my newly remodeled kitchen	My husband installed this easily in a couple hours. I love the two light settings, the fan isn't too loud on high, but if you're looking for whisper soft, keep looking. It looks modern, and suits me nicely.	2013-05-09
US	36222978	R2651TCJLTHJY2	B001ASGZ8C	474687737	Broan 30-Inch Allure Range Hood	Major Appliances	1	22	25	N	Y	Poorly constructed	This hood looks good, but the quality control is lacking.  It arrived without the parts bag which entailed a trip to Home Depot for extra parts for installation.  The fan also makes a ting, ting, ting sound on low and a TING, TING, TING  sound on high.  The motor is very quiet but who cares now.  I will try to find where the blade is hitting, but I should not have to do that.	2011-02-01
US	45591336	R135L3GTQ3LUOW	B001KSQ4MO	557146625	SUNFLOWER 3-D Stove / Burner Covers Set of 4 *NEW*	Major Appliances	3	0	0	N	Y	too big an delicate	I love the design but I thought it was more sturdy..it's ceramic and it's delicate ..you cannot put thing on top of it because it will chip	2013-03-16
US	16676917	RE724T589MMTW	B002MPLYEW	183067183	Danby 120 Can Beverage Center, Stainless Steel DBC120BLS	Major Appliances	1	5	7	N	Y	Horrid experience.  Item not at fault.	Horrific experience with vendor, as the item box came very damaged, as was the actual item due to poor care by vendor and potentially shipper, as well.  The item box was so damaged, it could not be used when returned to vendor.  Like many other posters have indicated, the item may be fine but due to the poor care of the vendor and potentially shipper as well, the item was damaged.  The beverage center was ultra noisy at times, as it sounded like it was about to break. It began fairly quiet enough and within 2 days, it began screaming at us (very noisy). The door was damaged (dented).  The actual shipping box was in bad shape as well but the product box was undeniably horrific (pictures were taken for proof just in case).  The vendor also threatened to re-charge my account the full amount of the product, as they could not properly read the UPS tracking system, when in fact they did get their damaged product back within the required time frame (which the UPS tracking showed).  Overall, awful experience. Product very poorly cared for by vendor in my opinion.  Product itself actually looked fine.  I will not use vendor again.  Maybe worst vendor i've dealt with in several years.	2013-04-18
US	16144906	R544IXAZ4A893	B0045DWIVM	741293030	LG WM2140CW 27 Front Load Washer with 3.5 cu. ft. Large Capacity	Major Appliances	5	7	7	N	N	Best Buy for Basic Front Loader	I'm amazed at how this machine can compensate for bulky heavy loads like multiple  bathroom rugs that threw my prior machine totally out of balance.  As for cleaning,  it does a good job with very quiet operation.  As for any musty smell - there isn't any.  However, using too much soap is a common  mistake which could lead to buildup and possible odor issues.  Or a home may simply have  a bad water smell which could be more noticeable in a front loader than a top loader because  it isn't vented as well.  I recall the rotten egg smell (sulpher dioxide) of the water in Florida   when I lived there years ago.  You came out of the shower smelling bad.  Note monthly cleanings are typical for most all front loaders which use little water.  There  simply isn't the same volume of water used in top loaders which tend to flush out both grime, as  well as the overuse of laundry detergents, softners, etc.  Just check out the high ratings this machine has received on other web surveys and professional  publications like Consumer Reports.	2011-11-13
US	14750661	R3TS3G2DP2BU4H	B003DA62VA	380393589	Whirlpool 4396841T PUR Push Button Side-by-Side Refrigerator Water Filter, 3-Pack	Major Appliances	4	0	0	N	Y	Water filter for whirlpool refrigerator	it does what it is supposed to do.  I only have issues with it at the beginning when I put it in.  A lot of fuzzy fluid and air comes through for a couple of days after changing a new one.  Also I think the filter could go longer than the 6 months the refrigerator programs it to go.  But I have not felt risky enough to try it.	2011-12-08
US	8590018	R11NZDRWVL6G3R	B003FVBQ4U	291601727	Whirlpool GSF26C4EXY	Major Appliances	4	0	0	N	Y	Great Buy!!	So far we are happy with our purchase, very roomy inside. The only thing is that plastic inside isn't as durable on the doors. Ice maker is a little too loud when there is no ice in the bin, but after few fills we don't hear it at all. We are happy with our purchase and would recomend it to a friend.	2013-03-30
US	14624401	R1X4I2DQYSCWCU	B000SB4O8U	251630444	Avanti WD31EC Table Top Thermoelectric Water Cooler	Major Appliances	5	0	0	N	Y	it work like a CHAMP great for the prices	need one to sit on top of a table and small, it does the job great, have to read the setup and had no problem at all. just one thing small the machine, it don't hold a alot of water to cool down.	2014-01-15
US	48755050	RX7L79AE1JL5F	B002HT0958	387104338	Mini Portable Countertop Spin Dryer	Major Appliances	5	10	10	N	N	WOW!! Didn't expect to be so awesome!!	I bought this spin dryer and received it today. I didn't expect it to be as big as it was, but i am extremely happy with it's size. It can dry more clothes then i expecedt. I first tested it out my soaking a long sleeve shirt in water, didn't wring it out or anything. And placed it straight in the spin dryer soaking wet for the recommended time which is 1 minute. OH MY GOSH, my shirt is about 95% dry its amazing. I was thinking about purchasing a mini tumble dryer to go with this spin dryer and wonderwash. But glad i didnt. I use the Easy Dry portable clothes dryer, and everything is perfect. I can do my laundry at home and don't need to worry about quarters, or using a public machine.<br />IF ANYONE IS THINKING ABOUT PURCHASING THIS SPIN DRYER GO FOR IT!!<br />100% RECOMMENDED AND WORTH EVERY PENNY!	2011-03-31
US	16703825	R1Q3NZK0HPK8RK	B004MX8XO6	451436203	SPT Countertop Dishwasher	Major Appliances	4	4	5	N	Y	works fine no leaks	shipped in two days, but after opening the box noticed the sick adopter was broken. emailed the company and they sent out a new adoptor with in the week.  hooked it all up and it works great. cycle time is a bit long, but it's super quite.  (tip: turn on hot water and let it run hot before connecting dish washer before each wash.)	2012-11-14
US	37417095	R1ZWU01BSK07AG	B0029LKTF4	522656169	LG : DLE2101W 27 Electric Dryer with 7.3 cu. ft. Capacity White	Major Appliances	1	3	9	N	N	DO NOT BUY AN LG DRYER!	LG IS A NEW COMPANY ON THE MARKET!  I am reporting that you will NOT have any longevity with their dryers!! Had a Maytag or Whirlpool for 15+ years....well you won't have an LG for very long...the drum cracks or seperates (cheap quality metal) and the felt liner will wear and your clothes will be ruined.  We've had ours 5 years and had to replace the drum twice (at 200.00 a pop) and those enegry efficient savings????  Well they are out the window after part bills like that!  DON'T BE FOOLED!!!  YOU WILL NOT SAVE ANY MONEY IN THE LONG RUN....customer service is the pits!!  All you will hear is sorry....you're out a warranty. IT IS A CRYING SHAME!  Disposable washer and dryer for 1500.00 dollars?  Oh my!!	2011-08-16
US	18774337	R1MR4APNV50ZQR	B003JN6NLU	871746372	Frigidaire FGHN2844L 27.8 Cubic Foot French Door Refrigerator with SpaceWise Organization System and,	Major Appliances	2	6	7	N	N	Frost in freezer	Bought this model in May and frost collects on the light fixture in the center  front of freezer and the seal at the same spot. Repair man made an adjustment and problem not fixed. Repairman returns with a new seal and now the freezer and evrything in it is frost covered barely frozen.He suggested i give the seal a couple of weeks the acclamate.I've removed everything because some froze soft and some didn't. Watery, icie and frosty in there.I guess we wait and see.  It's been about a year now since we bought the fridge. It took the repair man another visit to heat the seal on the freezer (this repairman new what he was doing  and the others were idiots) so the seal was complete and its been a great freezer since. although the ice holder will over fill some and when it is opened will drop some icecubes on the bottom of freezer and then you have to fish them out...it's not easy.	2012-08-12
US	10547131	R11EASNDFUBQB9	B0049PMUP0	862451039	WB02T10461 General Electric GE Gas Range Grate Rubber Feet	Major Appliances	5	0	0	N	Y	Worked Great	I bought these to use on my Frigidaire 5 burner range.They work well & were a lot more reasonably priced then the actual ones. They eork great, no difference	2014-03-01
US	5688112	RMHN3J9T57F3S	B000FAR33M	650911448	Danby DAR195BL 1.8 cu.ft. All Refrigerator -  Black	Major Appliances	5	0	0	N	Y	Amazing better than anticipated	This fridge is wonderful in every aspect cold silent with perfect size. Nice look to it has temperature control tested it out it froze a couple sodas not even at the max setting.	2013-09-01
US	20883177	R2ANJHBXAEXF64	B003GF9AZW	12313234	Broan 30W in. QP1 Under Cabinet Range Hood	Major Appliances	4	7	8	N	N	Powerful ducted range hood	This is a replacement for my microwave/hood, which is next to useless when removing greasy air from the kitchen.  This one looks very nice. When the fan is running at high speed, it creats a powerful suction, I can have a napkin to be sucked to the filter, that powerful.  The installation was a bit pain.  Once installed, it works great.  Wish I have done this earlier.	2011-05-28
US	10132561	R1W5JYMZ6TIIJM	B00413662I	801135043	Amana 1.5 cu. ft. Over-the-Range Microwave, AMV1150VAW, White	Major Appliances	5	4	6	N	Y	no brand name on front	There is no brand name of the front of this appliance, which is nice because you can then pair it with your other appliances that may be a different brand. Which in my case was Whirlpool...just a note: Whirpool and Amana are one in the same.<br />I had it installed by a professional. I do not know if it was difficult to install. This is not a direct wire appliance, you will need an outlet in the cupboard above in order to plug it in.<br />So far no complaints. I have not had much time to use it...1 week since installation.	2012-06-22
US	24782130	R1SXJD8WNSOUKX	B0052F5OK4	666527345	Danby 4.3 cu.ft. Compact Refrigerator	Major Appliances	4	5	5	N	Y	danby compact refrigerator.	like the size and versatility of the item. very disapointed of the condition upon arrival. scratches and dinges all over outside of fridge. did not affect operation but sure looks bad.	2013-06-10
US	18409603	R1NFAELPAZ7Z8T	B004Q3ZFKC	107703905	Frigidaire Dishwasher Dispenser 154230104 Was 154230102	Major Appliances	5	0	0	N	Y	Dishwasher Dispenser	Usually when it comes to fixing things I'm better off letting the professionals do it. But, not this time!  I found this product was fairly easy to install. My dishwasher has been performing like a champ ever since!	2013-01-15
US	27513280	R2TD9FA1AM32R7	B000ZIPHM8	494668275	Whirlpool GH7208XRS Gold 2.0 Cu. Ft. Stainless Steel Over-the-Range Microwave	Major Appliances	1	1	1	N	N	F7 HV SMPS Error after TWO years!	"Purchased this microwave a little over two years ago. The microwave is aesthetically pleasing. We didn't use many of the features except for the microwave. The microwave worked great, but after two years we finally received the \\""F7 HV SMPS Error\\"". It appears this is a common problem for this product. Just look it up online. It's very disappointing that such an expensive product fails after two years and for some in less time. I've owned $60 microwaves that lasted ten years or more! That's the last time I will purchase a Whirlpool product."	2011-02-24
US	30273075	RZ0EARQB93OYS	B000DZH7O4	123723642	"Builder's Best 110889 Thru-wall Dryer Vent Hood, 4"", Galvanized"	Major Appliances	5	6	7	N	Y	Quality Dryer Vent Hood	If you need a quality dryer vent hood, look no further. This one is very sturdy and I got it to replace a cheap ACE Hardware aluminum vent. It looks great on the side of my corrugated steel shed.	2010-12-22
US	9080114	R3G60N9O758H6H	B001DHK7B6	193173649	Dishwasher Door Gasket - 902894	Major Appliances	4	0	0	N	Y	Stoped the leak	Almost replaced the old Maytag dishwasher just because to was leaking.<br />I added a temporary gasket over the existing gasket just to make sure it was coming from the door only.<br />Temporary gasket slowed it down to a few drips so I ordered the real gasket replacement from Amazon.<br />Its been on for a few weeks and is working fine.  No leaks.	2013-05-20
US	50500086	ROJNSV5K1XEXM	B005NBRITW	721368544	DCS CDU-365-N 36 Gas Cooktop 5 Sealed Dual Flow Burners, Continuous Grates and Stainless Steel	Major Appliances	5	4	5	N	Y	Awesome cooktop	This cooktop is worth every penny.  Large pots of water boil so fast on the center burner, and there is plenty of room to use all the other burners at the same time.  I love this stove.	2014-02-16
US	53039930	R1ELB2R38NW7ZZ	B001A5CXLI	27193123	LG : LMX25984ST 36 24.7 cu. ft. French Door Refrigerator, Ice/Water Dispenser - Stainless Steel	Major Appliances	2	12	13	N	N	This Refrigerator is LOUD	The day after we got it I complained to store that it was the loudest refrigerator I have encountered in the last 35 years. They swap it out for another one and it has the same problem. I cannot believe that people who gave it a high rating were not disturbed by the whining of the fan motor when the compressor is on, which is 70% of the time. Factory tech is coming out in couple of days and we will see. If he says that this is normal we will return the refrigerator. The sound can be heard from 35 feet away easily.	2010-09-22
US	43882830	R1XXVTQ3YPHRRZ	B006GIUELA	651151355	SPT RF-330SS: 3.3 cu.ft. Compact Refrigerator (Stainless VCM)	Major Appliances	4	0	0	N	Y	Good fridge	Works well for my medical practice. Constant temps. Convenient size. Had it for a couple of months. No problems so far. Roomy on inside for vaccines.	2013-04-08
US	12472526	R347UQOSF5SQ7N	B002QUAPSO	835944606	Breathing Mobile Washer Classic - Portable Clothes Washing Machine - Handheld - Manual - Mobile Hand Powered Laundry Solution - Superior Materials and Construction	Major Appliances	5	2	2	N	Y	Peace Corps Approved	Used this as a volunteer in Tanzania with the Peace Corps. Let me tell you it literally saved my skin (on my knuckles). Yup it takes up space but it saves hours of ridiculous hand scrubbing when you find yourself in a 3rd world country with no running water. Left it to another volunteer who was thrilled to have it. By far one of my best splurges!	2014-02-05
US	47467215	RCHMTAWSOEI82	B002QV2EPU	897590493	Wine Enthusiast Silent 28 Bottle Touchscreen Wine Refrigerator (Mirrored Door)	Major Appliances	4	3	3	N	Y	Great wine fridge/cellar	Very quiet, works very well.  Doesn't hold temperature when loosing power, but since it's more of a cellar than a standard fridge, it resets to its lowest setting (55'), which is perfect.  Only thing keeping it from 5 stars is not having wooden faces for the drawers.	2013-03-08
US	10815532	R1F70EKFGJLIRQ	B0009WQ18E	78434448	Frigidaire : FSC23R5DSB Refrigerator	Major Appliances	1	0	0	N	N	Falling Apart	We purchased this fridge less than 5 years ago. After only 3 years we've had to have the ice machine repaired twice & it still doesn't shut off automatically. The ice over flows all over the place if we do not manually turn it off and then the ice falls down through the back and melts and leaks water all over the floor. The water lever on the outside of the door broke off and 2 of the drawer slides have broken. We are not hard on our appliances & for the $$ we paid for this appliance, I expected it to last a bit longer than it has. I am ready for a new one already & it will not be a Frigidaire. I also have a Frigidaire dishwasher that has been nothing but a pain. Big disappointment!	2012-08-16
US	51776232	R3GLVMD6W7BWAD	B00A8R4I6C	599135166	Maytag MHW8000AG Maxima 4.3 Cu. Ft. Gray Stackable With Steam Cycle Front Load Washer - Energy Star	Major Appliances	2	2	25	N	N	Works well when it works	We purchased the dryer and after about a week it starting making a loud banging noise even when clothes were not in it but they dried nicely.  We exchanged it for a new one.  After the second load it completely failed, it started up with a small humming sound and completely stopped.  We are replacing with a new brand.	2013-07-31
US	16628272	R3W4GOC3G7ZE8V	B00570QTB2	833726644	NEW Replacement Part - Kenmore Electric Dryer Heating Element Part# PS344597	Major Appliances	2	3	3	N	Y	Only lasted 6 months :(	"The part shipped fast and is, so far, working great. EDIT__ The part only lasted 6 months and when I contacted the company I got a very curt email back. Basically said \\""sorry 'bout your luck.\\"""	2011-11-02
US	20246175	R344DT6HC3CFXN	B000JLNBW4	582305048	Koolatron Coke Personal Mini Fridge	Major Appliances	1	0	0	N	N	Short-lived cute plastic box!	This little fridge lasted all of 2 1/2 business days in my office (and the fan vents were not blocked).  It was unplugged at the end of the day for the first two days.  On the third day the fan suddenly stopped running after a few hours and the little green power light went dark.<br /><br />On the plus side, it is an excellent white noise generator for an office environment.  I don't think I'd want it running in my bedroom though.<br /><br />Amazon was quick to send a replacement unit which will hopefully last much longer than the original!	2013-02-08
US	28688568	R2H6SGJQA131SG	B002ZNP81G	471220872	AE-Select 137108100 Washer Drain Pump for Kenmore	Major Appliances	5	1	1	N	Y	Excellent Product--Great Buy	I called a appliance service place and was quoted a price of around $300 to replace this pump and another $200 to replace the belt. The washer quit working and leaked water on the floor. I went on the Internet and learned it could be this pump causing all of the problems. After further research, I found this drain pump could be used instead of the original model pump.<br /><br />Replaced a water pump original number of 131724000 for a Kenmore stack washer/dryer combo model number 417.99812990<br /><br />This pump worked perfectly and maybe even better than the original. It also fits the mounting area perfectly.  It seems to empty the washer faster. I also decided to replace the belt and bought a belt for under $10 on Amazon and it fit perfectly. Needless to say, I am very pleased with Amazon.	2013-06-28
US	35362968	R1F89ZSHYUJ9BC	B00146M6LA	530948814	Frigidaire Gallery Series : GLD2445RFS Full Console Dishwasher - White	Major Appliances	4	10	10	N	N	Excellent buy for the money!	We purchased this exact item at a local store. We are very pleased with the performance. We find the 3 wands do a fantastic job cleaning the dishes. We are also amazed at how much quieter this dishwasher is compared to our Quiet-MayTag we replaced. It really is a quiet machine in our opinion.   We like the interior coating. We like the sanitize option. We like the ONLY top or bottom cycle OPTION. It has many options for dish washing too... light, regular, pots/pans etc.   This dishwasher has many upgrades, and is comparable to a higher priced dishwasher, for a much lower cost. I have heard others who have chosen this model for the same reason--more for the money!  The only drawback we found, is the motor sits rather low. Unless you raise the legs up, it actually sits on the floor. We also noticed that the parts are not superior to the older model we discarded... but what isn't changed more to plastics these days than the expensive metals! Right!   It is made in Canada, and uses only 315 KWHours/year. We are all round pleased with this model.	2008-05-15
US	18530696	R3FCJ1KY575C7K	B00489NRQ8	738187442	Vinotemp 34-Bottle Touch Screen Wine Cooler	Major Appliances	5	1	6	N	N	Excellent cooler	I bought this cooler for house to store wines. I love wines and I also like this stuff. It has a good design and easy to use. The customer care is also so good. This company is trustable!	2013-09-17
US	43174661	R2E8EDNPFDOB9	B00496NPGC	818415669	GE JV347HWW 30 Under Cabinet Range Hood - White	Major Appliances	5	0	2	N	Y	Fast Delivery!	I ordered this GE Under Cabinet Range Hood online and it was shipped pretty fast to me. Item looked brand new, well packaged even though without foam packaging, and it was very to install. Only issue was that the marked screw holes did not match my cabinet wooden frame since my cabinet dimensions are old, so I had to manually punch holes for the screws to align with the cabinet frames. Aside that, product works well and my wife loves it.	2011-04-24
US	16059043	R2A8E9FF1MI2P6	B002MPLYEW	183067183	Danby 120 Can Beverage Center, Stainless Steel DBC120BLS	Major Appliances	5	1	1	N	Y	Great Fridge	I ordered it on Thursday and ended up receiving it on the following Tuesday.  Purchased it to be used as a fridge for sodas and water at the office.<br /><br />The fridge was double boxed, it's own box + an outside box and a half inch layer of styrofoam.  No damage upon removing it from the box.  The door is slightly crooked on the front, but still seals fine, no issues or complaints there.<br /><br />Considering the other reviews say this doesn't get that cold, we cranked it up max and froze a portion of the sodas.  We currently are still playing with the knob to get what we want, but it gets quite cold.<br /><br />As others have said, the spacing between the bars on the shelves are a little goofy, so sometimes the sodas tilt over a bit.  Some of the space is awkward, so it's difficult to keep stuff organized, since we have 9 or 10 different soda types and water in it.  Looks like we're keeping about 80 cans in it now.<br /><br />The light on the inside is essentially useless.  It basically only illuminates the very top shelf and the rest is left in the dark.<br /><br />The sides stay warm to the touch, but the rear compressor is hot to the touch.  Currently still running great though.<br /><br />If you're looking for something to only put soda/beer/water in, this is the best price point glass door fridge.	2013-02-21
US	49653847	R2C7TYITCK4IM	B000FAR33M	650911448	Danby DAR195BL 1.8 cu.ft. All Refrigerator -  Black	Major Appliances	5	0	0	N	Y	Ice Cold Sodas!!	I'm very happy with my Danby Refrigerator (after the first 2 months).  I have it next to my desk in my cubicle and it's so quiet I never hear it.  I use this refrigerator for sodas. Putting the coldness setting near max will freeze the sodas solid.  The temperature setting will take you a few attempts to master.	2012-03-01
US	31986325	R2LNOOCKB4U6Y7	B00304Z3R8	342934678	Frigidaire FPHD2491KF Professional 24 Built-In Dishwasher - Stainless Steel	Major Appliances	1	5	6	N	N	"Rusty, crappy, Dish ""washer"""	"Here is a list of the problems I had with my Frigidaire \\""Proffesional\\"" dishawasher (Electrolux) :<br /><br />1- Both racks went rusty (every metal moving parts went rusty too)<br /><br />2- Water on the floor (crappy exit hose)<br /><br />3- Soap dispenser does not dispense soap (so the dish\\""washer\\"" does not \\""wash\\"" dishes)<br /><br />4-The plastic basket is broken and knifes can now pass trough it and hurt the \\""rotating water thrower\\""<br /><br />5- Plates holder can move too easily , so plates are falling all the time<br /><br />Conclusion : I paid 700 bucks (canadian) for the \\""professional\\"" grade dishwasher thinking I would be at least 10 years whitout worrying, but I had all these troubles on the first year. I am from Quebec so I called \\""Office de protection du consommteur\\"" (gov consumer protection)  ans there is a law for this called \\""garantie legale\\"". So I am going to send them a letter of formal notice. I cannot afford to buy a dishwasher every year."	2013-05-15
US	39427325	RCIBUQIWB232H	B002VUC9V0	918990819	Soleus Air WA2-02-50 New Aqua Sub Water Cooler, with hot and cold settings and Bottom-load design	Major Appliances	5	2	5	N	Y	Soleus Air WA2-02-50	Fabulous!  Very easy to use, hot water at 190 degrees, cold at 43 degrees.	2010-04-19
US	16331194	R18VVYUKHYLUR1	B005GSZB9Q	771401205	Whirlpool WMC20005YW  Countertop Microwave, 0.5 Cu. Ft., White	Major Appliances	4	2	3	N	Y	Very retro	This things looks great! Like something out of a trendy 70's pad. It's also quiet and actually good at heating your food. I think I'd have preferred it to be all black though.	2012-12-19
US	37270131	R2RP5N4ABTKC3V	B001A5G2PG	479421079	Whirlpool : GD5DHAXVY Refrigerator	Major Appliances	5	0	0	N	N	How do you keep the thing clean?	The stainless finish seems to pick up fingerprints like a magnet. Can anyone recommend a cleaner/sealant?	2010-09-05
US	10970269	RE2I3MSYGWIGS	B000K2ZLRA	8681700	Frigidaire PLD4375RFC PLD4375RFC Built-In Dishwasher	Major Appliances	1	0	0	N	N	Dish Washer???	I've had this so called dishwasher for about four years now.  It has always performed at a sub par level.  Lately however, it has come to the point that dishes actually come out messier than they went in.  It should probably be re-categorized as a dish slimer.  One star as is looks pretty (and is obligatory).	2012-12-02
US	10761411	R19MDE0AU8NYR7	B0033X29CI	294467812	Danby  Freestanding Wine Cooler	Major Appliances	1	1	1	N	Y	Very noisy	The fan runs nonstop & is quite loud. Looked great but had to return item. Amazon is a great company & did let me return this product no questions asked	2013-07-10
US	14959372	R3BWSQCXGZAYJ5	B002UJSE1G	455999047	GE GSD3360RSS Full Console Dishwasher - Stainless Steel	Major Appliances	1	0	0	N	N	Save your money	This is the worst dishwasher ever.  Our home is a brand new home, over the median house price here, and we believe the contractor saved money by shoving this dishwasher in the space where a real one would go.  It does not clean anything and leaves food on dishes.  I have taken every glass out of my cupboards and had to rewash them with a 'scrubby' to get the soap residue off.  I have tried everything from unhooking the water supply looking for an air bubble, raising the temperature on my hot water heater, cleaning out the trap, running vinegar etc. through the dishwasher to no avail.  The dishwasher is also very loud and we can't seem to find the dicebel equivalents anywhere if that tells you anything.  We are now looking at finding another dishwasher and not skimping on the budget.  Save your money and don't buy this model.	2012-11-24
US	42766623	R1SQ9G70Q8DFQY	B000FAR33M	650911448	Danby DAR195BL 1.8 cu.ft. All Refrigerator -  Black	Major Appliances	5	2	2	N	N	Dorm room essential	I got this for my daughter who was heading off to college for her dorm room.  It's a nice, low profile and fits nicely in her room.  She hasn't had it for too long yet but it seems to keep food and drinks cold.  It does have an audible hum which can be heard if everything else is quiet but it's not too annoying.  Good little fridge overall.	2012-08-12
US	33323347	R2W6JJCNQGPF3P	B004RPQ4MM	264260443	"Kitchen Bath Collection HA75-LED Stainless Steel Wall-Mounted Kitchen Range Hood with Tempered Glass Canopy and Touch Screen Panel, 30"""	Major Appliances	5	0	1	N	Y	Wonderful eye catcher	We absolutely love this item. Install was fairly easy. If youre mechanically inclined at all you'll do fine. Everyone that comes in our kitchen falls in love with it. Great price. Ridiculously quick shipping.	2012-12-05
US	16960593	R13QUIYVKGV4N2	B00320GC5W	424316093	Whirlpool Ice Maker Icemaker W10190965	Major Appliances	5	0	0	N	Y	Works Great - Easy to install	Much cheaper than the $300+ that Sears wanted to charge me to replace.  It's easy to install but you do want to leave it alone for a while to start working - it doesn't just start once you plug it in.  I think it took 2 hours or so.	2011-05-03
US	28191263	R3J3QO69F1RRB1	B009SSGDHE	395877037	Maytag Compatible Refrigerator Water Filter for UKF8001 UKF9001 Sears Kenmore 992 9006	Major Appliances	4	0	0	N	Y	Value filter	Fits great, if it does the job it will be a great buy.  Saved a bunch of money,  should be a fine purchase.	2013-05-30
US	17841063	RJ4DRWPDOCZKH	B004UPA2OA	811550442	Wine Enthusiast 18-Bottle Touchscreen Wine Refrigerator (Slimline - 2-Temp)	Major Appliances	5	0	0	N	Y	Nice, beatifull wine cooler	After I was looking for a cooler I decided to give a shoot to this good looking and space saver wine cooler. I am glad with it, Jorge	2014-03-03
US	14595389	RNOFL452RIKHL	B00G71XZD0	644383603	Frigidaire DGHF2360PF - Gallery 22.6 Cu. Ft. Stainless Steel Counter Depth French Door Refrigerator - Energy Star	Major Appliances	5	33	43	N	N	Two weeks in... so far so good!	Great price, great quality, looks very nice and we love all the different configurations  for the shelves and drawers.  The led lights inside and out are a nice touch.	2014-01-09
US	12417151	R3D63TP11I1B3K	B0039V7JFG	184993957	LG 3.6 CF FRONT LOAD WASHER DRYER COMBO	Major Appliances	5	4	5	N	N	Fantastic laundry option for the space-challenged	"When we bought our condo, the laundry hookups were in a (very) small kitchen, with space for a stacked washer/dryer and no space for any food storage.  A coworker recommended the LG all-in-one washer/dryers to save space, so we did our research and ultimately bought this model.  Since we were able to fit it in the nook for a stacked washer/dryer, we put a butcherblock counter on top, and shelves above, and have our microwave and pantry in the same space.<br /><br />PROS:<br /><br />+Cleans clothes well, with lots of options for wash/dry settings.<br />+No need to move clothes from washer to dryer.  (We typically put laundry in before we go to bed, and have clean clothes when we wake up.)<br />+Gentle on clothes.  I wash my nice work clothes, including \\""lay flat to dry\\"" sweaters on Cold and the regular dry setting, and they come out beautifully without shrinkage.<br />+Fairly quiet.  Our bedroom is located above the washer, and though we sometimes hear the water pump kick on/off (the loudest part of the cycle), it never disrupts our sleep.<br />+Energy efficient.  Our water bills and electric bills are generally very low, even when we have done a LOT of laundry.<br />+Ventless dryer. The previous owners of our house had the vent line for the dryer run horribly wrong, and it was a fire hazard. It would have cost us several hundred dollars to fix it.<br /><br />CONS:<br /><br />-Clothes don't come out toasty warm. (They feel slightly damp, but are dry when you shake them out/fold them.)<br />-Can only handle small to medium-sized loads. (Clothes dry best when the tub is about half-full, to give room for air to circulate when drying.)<br />-Long dry cycle; we generally do the 120-minute dry cycle for all of our loads, which means that the total wash/dry time is 3 hours.<br />-No lint filter.  We have 3 cats and the cat hair gets trapped/stuck to the rubber seal on the door, which is annoying to clean out.<br /><br />Overall, this washer/dryer perfectly suits our needs and works very well for us (two large-sized adults with lots of laundry).  It is great to be able to put laundry in before we go to bed, and wake up to clean clothes.  It has also freed up valuable space in our small kitchen, and eliminated the need for costly repairs to the existing dryer vent line in our condo.nd works very well for us (two large-sized adults with lots of laundry).  It is great to be able to put laundry in before we go to bed, and wake up to clean clothes.  It has also freed up valuable space in our small kitchen, and eliminated the need for costly repairs to the existing dryer vent line in our condo."	2012-04-11
US	47803851	R3282DWCH6A8X	B003XZHEFS	318894136	Kenmore Elite washer Front Load 280187 Water Pump Motor	Major Appliances	5	0	0	N	Y	washer pump saves the day	This pump was the perfect replacement for the m75 pump that comes on the washer when new. Installed in about 15 minutes (including taking off and replacing the access panel on the front of the machine). Sure beat paying as much as $180.00 for the part Whirlpool (Kenmore) says you need to buy.	2012-01-10
US	45571364	R1C3GJ7MU4CD8T	B0044WWC7O	538694487	KRUPS and HEINEKEN B100 BeerTender with Heineken Draught Keg Technology,Black	Major Appliances	1	3	4	N	Y	It was great until it broke!	We enjoyed it for six months. There is a lot of foam but it can be averted by rinsing your glass first and sticking in the freezer. However, the machine itself, broke after 6 months of light to regular usage. We were very dissappointed. The temperature sensor is what my husband said. It started freezing the beer, then it broke.  We are shopping for another brand.	2013-06-28
US	10221329	R23HYAPLN98EAK	B001E6LAUS	390475917	Broan  Pro-Style 30-Inch Range Hood	Major Appliances	5	4	6	N	Y	Excellent Exhaust Hood	I have been using the Broan RP130SS hood for about one month.  The exhaust flow is more than adequate and the two 50W halogen lilghts make the food look great!	2010-09-10
US	34872025	R3T838JKXWX7UZ	B001CAXQPS	604803235	Danby Silhouette Bottle Beverage Center	Major Appliances	1	2	3	N	N	"WARNING - DON""T BUY THE DANBY FRIDGE UNIT, TERRIBLE CHINA MADE PRODUCT, HORRIBLE CUSTOMER SERVICE"	This is my first review on Amazon (actually my second, since I posted this same text on the other Danby unit listed at Amazon), and I am only writing this to save everyone else the pain and suffering in buying what has amounted to a complete pile of useless China manufactured junk!!!<br /><br />My wife and I are on our second Danby Beverage center (the first one failed after 9 months, and it was like pulling teeth to get them to replace the unit...which took 3 months of arguing with Danby customer service), and the second unit (replaced 12 months ago) is failing, and Danby refuses to replace this one saying that it has been more then 2 years since our initial purchase.<br /><br />The Danby customer service is abhorrent, the product quality is terrible, and the compressors they use (notably two different compressors from various Chinese sources) fail to keep the internal temperatures below 54 degrees when our house is at 65 degrees!<br /><br />Save yourself the headaches and complete wast of money on these units, they do not work, the customer service is terrible, and you will end up buying something else in the end!<br /><br />Please steer away from buying this, you will be much better off with ANY other brand I am sure!	2013-05-21
US	51472910	R157FEXBTFXCK7	B000JLNBW4	582305048	Koolatron Coke Personal Mini Fridge	Major Appliances	5	0	0	N	Y	Love it!	This is a great purchase for the office. I can't see using it any where else as it is on the small side. It will hold 4-6 cans of pop if you place them right. Keeps my milk and yogurt cold. I have used this in my office for a couple of years...works great.	2014-02-10
US	15939044	R1LVNN8GAFGGY7	B000195ZKA	117367597	HAIER HDP18PA 6-Place Setting Compact Dishwasher, White	Major Appliances	1	7	9	N	N	worked for 1 month	I've had it a little over 1 month, and now all it does is beep. Called in for repair and the technician from a very reputable company said that no one is familiar with this brand and to keep my fingers crossed on parts being available(which they were not). He said just return it since I had it so short of a time. After waiting a week for parts that are still not available , that is exactly what I'm doing. Keep your receipts and original pakaging:)	2005-07-29
US	19940861	R3SWPR5L0TSNGJ	B001NQJEMA	916671835	Sunpentown WC-1271 12-Bottle Thermo-Electric Slim Wine Cooler	Major Appliances	4	5	10	N	Y	Great cooler!	Excellent quality for the price!  This cooler is very quiet with only the sound of a fan motor to be heard.  It keeps my wine bottles at a constant temp and looks good.  All my wine bottles came from Europe, but I have not had any of the problems with the shelves or fitting bottles into this cooler as one of the other reviewers had mentioned.	2010-08-10
US	7732693	R20GACM7VY3BAQ	B003XZTGTK	495042203	Maytag Washer Pump & Motor Assembly 34001320	Major Appliances	4	0	0	N	N	This part worked great	This part worked great, and was easy to install with no problems. Was a great price and was shipped very quickly.	2013-01-14
US	25605650	R2TUR3RA69Q32C	B002MPLYEW	183067183	Danby 120 Can Beverage Center, Stainless Steel DBC120BLS	Major Appliances	4	9	14	N	Y	Good, but not great	First of all, based on the other reviews here, I got really lucky that mine arrived without damage.  The packaging is very bad, only 1/2 inch of styrofoam for a 70lb fridge doesn't seem like the best shipping idea.  That being said, I am very pleased with this item.<br /><br />Pros:<br />1. It's quiet.<br />2. It looks spectacular.<br />3. It holds a ton of drinks.  I can fit 75 12oz cans of soda and 24 8.4oz cans of red bull in this fridge.  That's nearly 100 cans!<br />4. It locks, I did not know that when I bought it, but it was a nice surprise!<br /><br />Cons:<br />1. With the way it's packaged there is a good chance of it arriving damaged.<br />2. The spacing between wires on the racks is way too wide, where some 12oz cans only sit on 1 wire.<br />3. Do not remove the sticker on the bottom of the door.  It leaves a horrible residue that does not come off easily at all.<br />4. It is taller and heavier than you may expect it to be.  Read the dimensions carefully, and it is close to 70lbs.  You will need either a dolly or 2 people to move this.<br /><br />The cons are mostly nit picks.  This is a very good fridge for the price and I am very happy with the purchase.  If not for the packaging this would be 5-stars.	2012-04-19
US	49889464	R3ETAB8ACGDCKZ	B000WEH750	802599288	Sunpentown WC-20TL ThermoElectric with Touch Sensitive Controls 20-Bottle Wine Cooler	Major Appliances	5	0	0	N	Y	The wine is safely stored.	This fridge solves a requirement for anyone who wishes to store fine wines in a very limited space. It is quiet, maintains accurate temperature and runs very energy efficiently. I will purchase additional units if my collection grows, and my space remains limited.	2013-04-27
US	35823911	RHXL3G3S21MPX	B004XQHBHC	163347535	Samsung RF4289 28 Cubic Foot French Door Refrigerator with 4 Doors, Integrated Water & Ice, and,	Major Appliances	4	4	5	N	N	Excellent Fridge	I waited a little bit over a year to write this review since I wasn't sure how reliable this appliance would be.  I'm very pleased with the fridge so far.  I chose this fridge based on the features and price.  I like the fact that I can browse the news in the morning, and later listen to Pandora while I cook dinner or entertain guests.<br /><br />Pros<br />-Definite wow factor - most of the guests that see the fridge are impressed with the technology<br />-Middle tray makes access to deli meats/cheese , soda etc  very convenient.  Sliding divider bar keeps item organized.<br />-Bright interior lights, well designed shelves and trays<br />-LCD is a great way to pass info. (esp. the calendar function since it syncs with my Google calendar and my wife's)<br /><br />Cons<br />-Weak WiFi reception.  My router is on the opposite side of the house, but I believe I should have better signal.  (my PS3 gets excellent reception and is farther away.)  I'm assuming I can remedy the situation with a simple wifi signal booster.<br />-Android operating system will crash after every 2-3 months requiring fridge to be unplugged and re plugged in.<br /><br />At the time, this fridge was cheaper than the fridge without the LCD and the 4th door, so I bought the 3 yr extra warranty, an appliance surge protector(since it has circuit board), and still saved a few hundred compared to the lower model.  I also took notice that a lot of the reviews on Amazon were the same people spamming angry reviews at the entire line of Samsung fridges and not any one fridge in general.  To be honest I wouldn't have bought the fridge without the extended warranty, but  am very glad I took a chance.	2014-01-15
US	48202282	R2QO4HLORNVGGH	B00B4VY578	882223563	Water Sentinel WSL-3 Water Filter Replaces LT700P, ADQ36006101, ADQ36006101-S, ADQ36006101S, ADQ36006102, ADQ36006102-S,	Major Appliances	5	0	0	N	Y	Great price	I love these water filters.  The price is great compared to other sites or getting them from Sears; which is where I purchased my refrigerator. Very happy with the product and service.	2014-01-27
US	18833280	R12PF688AK1WYA	B004OPBO9I	290898543	Porcelain Touch-up 1999 (Black)	Major Appliances	4	5	5	N	Y	Fills in the chip	The material arrived very quickly.  The directions were a little sketchy, if this is used on a stovetop or anyplace exposed to cooking grease make sure you clean the spot thouroughly w/ soap & water & then rubbing alcohol. If you prepare the surface properly the repair is as good as can be expected for a spot repair using a brush & the material will not scrub / flake off.	2011-12-08
US	35896047	RDS10DH3PURE2	B002QUAPSO	835944606	Breathing Mobile Washer Classic - Portable Clothes Washing Machine - Handheld - Manual - Mobile Hand Powered Laundry Solution - Superior Materials and Construction	Major Appliances	5	1	1	N	Y	Awesome	Love this thing. When we had a black out last year because of Sandy this came in handy. I was able to wash my clothes when others couldnt. Great  device.	2014-03-07
US	49279975	R3EHM9ZQT1MMJ2	B0027ZENSG	596047055	LG WM2101HW 27 Front-Load Washer 4.0 cu. ft. Capacity, 8 Wash Cycles - White	Major Appliances	1	16	21	N	N	DO NOT BUY THIS WASHER!!!!!	I wish there was the option to give this a zero star rating.... Where do I begin???   It worked okay at first, my clothes were never supper clean; especially whites, they never were really white. Infact, after washing brand new white sox I noticed that they were suddenly dingy. My old top load washer, that cost 1/4 as much as this one, washes clothes better. But that's not even the issue that bothers me the most.   After about a year, my washer and everything washed in it began to smell like moldy sewer water. It is terrible. I want to vomit after I open my washer.   We have an extended waranty and have called twice about this issue. The first time, the technition told us to use tide washing machine cleaner. After using tide washing machine cleaner every week for the past four months, the smell has not gone away. It's only become worse. (By the way you should only have to use the washing machine cleaner once a month!) So I started to scrub the tub out with bleach every week before using the washing machine cleaner. This not only didn not work, but was extremely restrating because it still smells terrible even after putting so much time and effort into it.   So we called the technition again. I don't even know why they waste their time, as well as ours, to come out to our house. He did nothing! He tells us we that LG will not replace it and to try running four cups of bleach through it.   I am extremely nervous to run any bleach through it, as I had to stop using bleach about a year ago, because even a tea spoon in my whites would bleach several loads after.   LG does not stand behind their replacement warranty!!! All they do is send someone out to our house, who by the way, was extremely condesending, to blow smoke up our ass!   I wish I could go back in time and buy a different washer, but I can't, so I will just pass the message on, DO NOT BUY THIS WASHING MACHINE!!!!	2011-01-16
US	44874307	R2HAUQS770N6KT	B002ZNC2RO	991731379	Frigidaire FRIGIDAIRE 316439801 SURFACE ELEMENT	Major Appliances	5	0	0	N	Y	Perfect Size!	I finally found this on Amazon.com after hunting everywhere! The size and price was perfect. It is amazing that you can find anything that you are looking for on Amazon!! :)	2013-06-12
US	51582944	R23JLOQ6IJ9QUC	B00489NRQ8	738187442	Vinotemp 34-Bottle Touch Screen Wine Cooler	Major Appliances	3	2	2	N	N	it does the job... but it's just ok	Yeah, sure, it chills my wine.  Yeah, it looks nice.  But I got so frustrated trying to load the darn thing with the &#34;34 bottles of wine&#34; it claims to hold that I almost started throwing the bottles against the wall (or chugging them). And don't even think about trying to fit in a slightly larger/rounder bottle of wine... not gonna happen!<br /><br />It is advertised to hold 5 bottles on each rack -- plan on 4 bottles.  I would love to see what bottles they actually shoved in this thing for the pictures (and more importantly, getting the bottles out without an explosion).<br /><br />34 bottles - not so much<br />this is a 28 bottle holder - at most!	2014-04-06
US	17899004	RHG01SQ6K2630	B007RBRTV8	100381577	Amana NTW4650YQ 3.4 Cu. Ft. White Top Load Washer	Major Appliances	1	7	7	N	N	Do NOT Buy Any Amana/Whirlpool--Customer Service Stinks	I bought this washing machine a few months from an Amana dealer and it has never given me warm water. Amana/Whirlpool and their technicians is telling me that the temperature of the weather outside has an impact on whether or not I get warm water. My normal time of washing is early in the morning or late at night when the weather is very cool (sometimes, almost cold). I can get very hot on the hot setting and very cold on the cold setting but my warm water is the same temperature of the cold water. They're telling me that I won't get any warm water until winter time when the weather is colder which to me is totally ridiculous...I should be able to get warm water anytime. If the water valve is that sensitive to hot, it should also be that sensitive to cool but they're telling me that only hot weather affect it. My take is that the temperature of the water would be the determing factor as it passes through the water valve, not what the weather temperature is outside. I know that even in a hot hose that sits directly in the heat of the day that once I turn on cold water, the hose cools off significantly...I do wash my car from time to time in the heat of the day. Thus far, Amana/Whirlpool have virtually told me they aren't going to do anything to fix it, they aren't going to replace it and they aren't going to give me a refund although one of their technical shops have told me I have a malfunctioning water valve. Amana/Whirlpool has refused to even replace the valve which I and one of their technicians have said is the problem. Of course, this is a good thing for me because I had held them in such high esteem that I had an Amana/Whirlpool Dryer, Refrigerator and Freezer on my list but, needless to say, I have scratched everything Amana/Whirlpool from my list. I'm one step away from throwing this washing machine in the trash and buying some other brand that works. Their customer service is at a total zero and they don't seem to care whether the customer is satisfied with their products or not!!! Do NOT waste your time or money with these people or their products is my recommendation. You will be sorry if you do!!!	2013-09-09
US	21807996	R2ZKOZXB3LJYZF	B001DI4UYA	455062034	NewAir AW-210ED Streamline 21 Bottle Dual Zone Thermoelectric Wine Cooler, Black	Major Appliances	4	1	7	Y	N	Looks nice, but runs on the noisy side	The NewAir came neatly packaged in a large box with plenty of styrofoam padding.  Although other reviews noted broken buttons, my unit arrived in nearly pristine condition.  There was a minor aesthetic issue with some stainless steel trim appearing slightly warped on the bottom.<br /><br />The unit looks high end with a combination of a stainless steel exterior and wooden shelving.  Blue LED lights add to this appearance.  The cooler is man portable, thanks to a lightweight metal rear panel and a grab handle on the bottom.<br /><br />Unfortunately, noisy operation merited the loss of 1.5 stars.  The cooler was very loud, moreso since walls of the unit are thin and there is a vent near the fan.  It was definitely louder than my refrigerator, so I had to move it to a different location to seal off some of the noise.  The bottom level of the cooler only reached 54 degrees even though the setpoint indicated 50 degrees.  While this is sufficient for most beverages, it doesn't work well if you like to store beer (but let's face it, beer should really go into a cheap cooler with ice cubes.)  Lastly, the wooden shelves did not slide out as smoothly as I expected.<br /><br />I can't comment on reliability just yet, but so far no problems with usage.	2013-07-11
US	16459599	R1H6EVM49PRNP8	B000MVSDX8	815309947	Haier HVW12ABB 12-Bottle Wine Fridge, Black	Major Appliances	4	3	3	N	N	A Great Cooler, yet lacking.	I have now had this product for One month. it really does the job of cooling the wines well, albiet with some faults. First, it doesnt have a real Temp gauge, and if i wasn't doing quick shopping when i first bought it i wouldn't have got it if i had known. Its kinda a guesstimate as to the temperature. 2nd. The little LED is far insufficient for internal light, needs more.  That aside, quiet, good aesthetically pleasing cooler from Haier a fairly reliable company, all in all a fairly solid 3.5 - 4.0.. next time though im getting one with a pronounced temp gauge.	2007-12-12
US	12245661	R1VKHPREO1QFMY	B000HJKMIY	136715719	Amana 25 Cubic Foot French Door Refrigerator, AFD2535FES, Stainless Steel	Major Appliances	1	6	6	N	N	stopped working in less than 4 years	Don't buy Amana. They don't stand behind their product. Our refrigerator stopped working in less than 4 years. The repairman said it was a internal leak that could not be repaired. All the freon leaked out due to shoddy workmanship.	2012-06-11
US	20910376	R31XAZ3I9106QE	B002HT0958	387104338	Mini Portable Countertop Spin Dryer	Major Appliances	1	2	4	N	Y	Bad product, terrible customer service.	I bought this product with the wonder washer. The washer is a good product, as for the dryer: I have a decent sized town-house, and I guess I dont have enough kilowatts of electricity to run this machine, because it did not turn on at all and blew my fuses, which was something I was not warned about before spending all this money. It would be alright if I was able to return it but I wrote the company and filed a claim to get the information needed to send it back. Its been 5 weeks and still have not heard from them. I am working something out now with amazon to get to the bottom of this matter. I also tried calling the 1-800 number for the company, and it sent me to an answering machine, where I couldnt leave a message because the inbox was full. I am out over 100 dollars, and not happy about it! Will never order from them again!	2014-01-07
US	51123493	R2TSRJUK3Q5YTZ	B000FAR33M	650911448	Danby DAR195BL 1.8 cu.ft. All Refrigerator -  Black	Major Appliances	5	0	0	N	Y	Some additional product details	"As others have noted, this gets VERY cold, I measure 34 degrees with the dial about 1/3 of the way to max.  At halfway, everything inside actually did freeze so I haven't turned it further than that.<br /><br />Here are some details you might want to be aware of, that aren't explicit in the description:<br /><br />- There's no light inside<br />- The bottom shelf is only deep enough to hold one jar of say peanut butter or jam, about 5\\""<br />- The can racks are removable, but you won't be able to use that space for anything else since there's no other shelf part to replace them with.  I left the bottom can rack as an angled \\""shelf\\"" to rest a 1-liter bottle on, but it's sortof just balanced there."	2012-12-21
US	18708713	R1HP1XG83YZDBD	B000TDD5OG	452027362	Koolatron Coca Cola 28-Can Fridge	Major Appliances	3	3	4	N	Y	BEWARE: Looks NOTHING like picture!!!!	"We only received the mini fridge yesterday, so I am unable to comment on it's quality.  What I CAN comment on is that this product looks NOTHING like the picture seen on this, and many other, websites (I checked).  First off, the cola can with \\""ice cold\\"" on the side is not there--it's a round Coca-Cola emblem.  Easy enough. Now--the front door.  It is NOT glass--it is a double layer of plastic, with the outer glass bowed out and rounded.  On the front, there is SO much writing that you can barely see anything through the very dark-tinted plastic.  This is the wording you will find on the door:  \\""THE PAUSE THAT REFRESHES/DRINK/COCA-COLA/US. PAT. REG./COKE/US. PAT. REG/REFRESHING\\""<br />NO--I am NOT kidding! That is WAY too much to fit on a small space and it looks crowded and \\""busy\\"".<br />I'm pretty annoyed by this, but I purchased this for my teenagers' room, and they think it's way too cool to return (which is why I gave it 3 stars). Looking at the other reviews, it looks as if I need to keep an eye on the workability of this product, so we will see."	2012-03-08
US	45710759	R15A7NGXOM13J9	B000HZXBAE	371887595	Broan 36W in. QT Under Cabinet Range Hood	Major Appliances	3	17	17	N	Y	Motor hums, light bulb diffuser rattles	"It's an inexpensive range hood, and you get what you pay for. It's not awful, but not great either.<br /><br />For use with a ducted exhaust, scored panels must be removed but the \\""perforations\\"" are very strong, I had to use a Dremel and a cutting wheel to cut them free. Tinsnips might also work, but don't plan on removing these with bare hands.<br /><br />No matter what speed is selected, even the slowest, the motor has a loud hum.<br /><br />On higher fan speeds, the plastic diffuser that covers up the light bulbs rattles like crazy. If you put your hand on the diffuser the rattle goes away, so you can either wedge something in there to hold it tight or just throw away the diffuser.<br /><br />Unless I'm missing something, the metal mesh protecting the fan from grease splatters etc seems to require a butter knife to remove.<br /><br />Other than these issues, it works well. Moves plenty of air, the sheet metal is sturdy, and the rest of the build quality seems adequate."	2012-09-13
US	17883145	R1XJAV3TA85HYJ	B0031R8HUO	794285785	FFBM921PS Bottom Mount Frost Free 9.2 Cu. Ft. Total Capacity Adjustable / Removable Shelving and Glass Shelves in the Refrigerator Section: Black with Platinum Freezer /	Major Appliances	3	7	14	N	Y	Refrigerator	This refrigerator is a very beautiful refrigerator for an apartment. I own a large home and my kitchen is very large. I was not satisfied. It was too small, too short. And when I was not satisfied I called to see how I can send it back. I was told it would cost me over $200 and I would only be credit back approximately little over $400. Basically I'm stuck with it. I'm a very unsatisfied customer and I would never order another large item thru amazon again. Bottom line I order th wrong size.	2013-01-19
US	16852870	R15YY04BY1YLME	B007HDDMNK	699721961	Danby DDW1899WP 8 Place Setting Portable Dishwasher - White	Major Appliances	4	1	2	N	N	Pretty decent, does the job	I bought this to help with the chores around the house, and its been a pretty decent machine. Cleans well and dishes are nice and shiny. Of course you want to scrape some of the food off, but unless something is really sticking hard to the dish, it'll most likely come off.<br /><br />Things that could be improved? Maybe someone can correct me, but the machine isn't as quiet as I thought. There is a 'drrrrrk' sound every second, which is most likely water hitting the walls of the machine. On one hand I'm glad the water is strong enough to make that sound(cleaner dishes!) but on the other hand, yeah it could be quiet.<br /><br />Also, the hoses are a bit short, but good news, you can fix this! Go to your local plumbing or hardware store, and look for a washing machine connector and a rubber outlet hose. Show the hardware guy your dishwasher faucet adapter, and tell them you want to connect your sink water tap to the mouth of the washing machine connector, and the end to the faucet adapter.<br /><br />Buy some plumbing tape.and duct tape, buy the parts needed to connect the hoses. Come home and put them together. Duct tape the rubber outlet hose to the bottom of the faucet adapter.<br /><br />Voila! Now you don't have to roll your dishwasher up to the sink every time!	2013-03-11
US	11067640	R384ZHW3P0IGGC	B005GM942C	788261054	Panda Small Mini Counter Top Portable Compact Washer Washing Machine 5.5-10lbs	Major Appliances	2	138	153	N	Y	Excellent service, Malfunctioning and flimsy product	"There are three parts to this review and I will try to keep this short and precise.<br /><br />Quality of the product itself:<br />1) It is quite unbelievable how this product is worth $99. When I first opened the box, I thought I received a 5 lb toy. The plastic is thin and flimsy, not to mention that it is not even spinning, just like what the other reviewer had stated in his/her one star review. Having lived in Asia for many years, I can venture a guess how much this product REALLY is worth... sadly, I have to say, this thing is WAY overpriced. The margins are HIGH!!!<br />2) As shown in the pictures, there were cracks and \\""fractures\\"" all over the machine, possibly due to damage during delivery. There are also leakages everywhere, which I honestly believe that it could be a safety hazard if the water goes into the motor and electric wires, and apparently was evident after we unscrewed the thing.<br />3) As an attempt to reconstruct this damaged product since it's already broken anyway, we took it apart and played with it. We ended up using the glue gun to repair the leakages and fix the motor belt so that it is aligned with the spinning wheel - right now we are giving it a test run as I am typing this. Will see if it works without flooding the bathroom.<br /><br />Packaging:<br />1) There is no bubble wrap or any kind of protective layers of packaging other than a thin paper box which is what it comes in with. I am positive that this contributes to the several areas of damage to the machine, and that's truly a pity. I have initially posted several pictures demonstrating the cracks and damages, but was later contacted by the seller, asking me to remove them. Taking into the consideration that the majority of the buyers seemed to have a great experience with this machine, I honored her request and took the pictures off. Email me privately if you are interested in seeing those pictures.<br /><br />Seller:<br />1) The seller is certainly worth complimenting. A representative, Christine emailed me back almost 5 minutes later when I first asked for a replacement. Prompt feedback, good customer service, and agreed to give me a full refund for the damaged product. At least the seller is willing to work with the customers and provide the help needed."	2012-03-15
US	38333551	R24Z0TQW2FVX7Y	B000Y8WQKK	671750791	Miele : W3033 24 Front Load Washer - White [German Engineering - Built to Last]	Major Appliances	1	3	9	N	N	Worst Washing Machine I have ever owned	I would never purchase a Miele washing machine again.  We have an older model and we have had continuous problems with it.  I have never owned an appliance that requires so much service.	2014-02-21
US	16171536	R207B6HBNGKNG1	B000G3GZ0U	782935040	Haier Portable Compact Washing Machine &#45; XQJ5031	Major Appliances	5	9	9	N	N	EXCELLANT PRODUCT	THIS WASHER HOLDS MORE THAN I THOUGHT IT WOULD. ITS QUIET, WASHES EVERYTHING CLEAN, SPINS OUT 99% OF THE WATER. THE OTHER REVIEWER IS RIGHT ABOUT REMOVING THE BACK LEGS-ITS VIRTUALLY IMPOSSIBLE  SO YOU CAN LEVEL THEM. HOWEVER I BOUGHT FURNITURE SLIDERS AND GAVE UP TRYING TO REMOVE THE LEGS-JUST ATTACHED THE SLIDERS AND SOLVED THE PROBLEM. I HIGHLY RECOMMENT THIS WASHER; FOR THE MONEY YOU CANT BEAT IT.	2009-04-22
US	30797035	R3IT1XO3BAKNE	B003XEUEPQ	768882843	Frigidaire 131763202 Door Latch and Switch Assembly for Front Loading Frigidaire & Kenmore Washers	Major Appliances	5	0	0	N	Y	excelletn service	Product arrived quickly, undamaged, and as described.  The only issues were from my own limited knowledge of installation, and the fact that this is not an OEM part, so it is usable on multiple brands, which means it has a few extra connection points compared to the old part.	2014-03-19
US	45759757	R1FFQO1XSWFG4Y	B004WP4BAO	480751909	Samsung DV5451AGW	Major Appliances	1	5	5	N	N	Does not dry completly, shuts down	"I purchased this dryer, along with the washer, from a store less than a month ago.  The dryer shuts down 2/3 of the time with a error of \\""hE\\"".  Samsung has been notified, said they would send someone out but no one showed up.  When the error appears I have to wait over night and try and finish the next morning.  When it does complete the cycle, the clothes still feel a little damp if they are in the center of the load.  I only dry one load of washed clothes at a time so I don't overload the dryer.  The dryer duct and venting was cleaned when this dryer was installed and there was no problems with the previous dryer.  I think the worse part is that Samsung refuses to respond to a vaild claim and fix this, the dryer is less than a month old.  I tried posting a review on the Samsung site but they refuse to post it, no reason given.  Samsng refused to discuss why they will not fix this issue."	2011-12-01
US	51250950	R2Q4LL8JDY9ECX	B003M5L284	716431342	Samsung RF4287 28 Cubic Foot French Door Refrigerator with 4 Doors and Integrated Water & Ice,	Major Appliances	2	11	12	N	N	computer problems.	"Had my Samsung RF487HARS about 18 months now. It worked great until the other night. Good thing I came to the kitchen before going up to bed. The kitchen floor was flooded and water was pouring out of the ice maker. I shut off the water supply and got the water up off the floor then started to dry out the inside of the refrigerator. I noticed the lights were off even with doors open and the compressor was not running. I pressed the control panel display and an error message came up...\\""PC-ER\\"" I think.<br /> Then I remembered I saw an error message once when I first installed the refrigerator and fiddled with the controls. I solved it then by unplugging the unit and plugging it back in, just like a cable box.  So I tried that this time and the refrigerator started working just fine again. Problem is, I don't trust leaving the water on to the refrigerator any more. I only bought a new refrigerator because my old one had no ice or water dispenser.<br /> Evidently the computer went out and left the ice maker filler valve open.  Samsung support said I should have left the error code displayed for a tech to see, but I was panicked and didn't want to lose all my food.  Now there is no way to know what's wrong until it happens again they said.<br /> You would think Samsung could have designed the unit so a computer problem wouldn't result in a flood. Good thing they don't design spacecraft or airliners...."	2012-06-18
US	39870792	R1T0GTN1BYF6QQ	B008KFDKM2	830393566	AE-SELECT WHIRLPOOL / Kenmore Ice Maker Icemaker OEM Original Part: 2198597	Major Appliances	3	0	0	N	Y	Replaced Current Style Ice Maker	This is the same as the OEM inthe Kenmore refrigerator/freezer.  This is okay - but has the same ejection problems as the OEM ice maker and sometimes jams up, which is what caused the plastic to break on the OEM.  I will see how long it lasts and would have bought another if there was one available for my side by side Kenmore.	2013-09-04
US	31039186	R17A5GHRAVYYE4	B0018JMSBG	543626491	Bosch WAS24460UCAxxis 2.2 Cu. Ft. White Stackable Front Load Washer - Energy Star	Major Appliances	5	2	2	N	N	Happy with it for 5 years now	I got the Bosch Axxis plus washer and dryer in Jan 2009. Selected this model because I really wanted a front-loader but there were space considerations, and had to have it special-ordered (from Lowe's). Also, I only have one 220V outlet, but the dryer plugs into the washer so that wasn't an issue.<br /><br />I've been very happy with my choice - it washes really well, has all the options I've ever needed and it's not loud. I like to pull the detergent drawer after each wash so that it dries well and I also use a microfiber cloth to wipe the gasket folds after use. After 5 years of use the gasket is as good as new.<br /><br />I also don't share the load considerations mentioned in another review, for whites it handles a normal size load just fine - i.e. king size bed sheets, pillow cases, and 4-5 midsize towels. Washing just 2 pairs of jeans for me would be an inefficient use of water.	2014-01-24
US	36232077	R5406795S0YXZ	B0015YVHOI	564414776	"Electrolux EW30EW55G 30"" Electric Single Wall Oven with PerfectConvect Convection and Wave Touch Cont,"	Major Appliances	5	1	3	N	Y	nice	I love it.  A little more complicated than i'd like but i'm sure i'll figure it out as i use it more.  the fan noise isn't bad but does stay on a while to cool down after the oven is off.  this doesn't bother me at all.  over all really happy with the oven.	2012-10-29
US	34128792	R1S6F3434CJUCC	B004N4MSPO	451436203	SPT Countertop Dishwasher	Major Appliances	5	2	2	N	Y	It is everything it was said to be. I just Love it. .	It is perfect for 2 adults and a dog.It has given me more time to do other things,i.e. to enjoy life.	2012-12-16
US	14388935	RG4A1YMDMX5OT	B00B4W0R10	503696889	Water Sentinel WSL-3 Water Filter Replaces LT700P, ADQ36006101, ADQ36006101-S, ADQ36006101S, ADQ36006102, ADQ36006102-S, ADQ36006102S, 048231783705, ADQ36006101, 9690, 46-9690, LA07, 3 Pack	Major Appliances	5	4	4	N	Y	Worked great	Filter fit the refrigerator perfectly and was mush less expensive than the ones Sears sells. I would definitely recommend this item.	2013-10-21
US	11284889	R1IVQZBATLQDZI	B002NFM53A	706456759	Bosch : SHE55M15UC 24 Evolution 500 Series Full Console Dishwasher - Stainless Steel	Major Appliances	1	6	7	N	N	Bought 1 1/2 years ago	This dishwasher was installed about a year and a half ago and now all the water remains in the dishwasher. (From the beginning there was often a terrible smell after the cycle finished) I called customer service and it apparently needs a new pump which would be covered under a 2 year warranty except that you have to pay for the factory repair service to be covered by the warranty. Their service is $99 for the first 18 minutes and then $120 an hour after that. We clean the dishes well before loading the dishwasher and we travel a lot so it does not have heavy use. It does have some good features (quiet, cleans well) but we are probably going to have to spend about $200 to get the pump changed which doesn't seem right since we paid over $800 for it.  Will never buy another Bosch again.	2013-02-19
US	46463169	R27YHI6SGTDDL4	B000UN8ZEU	732054481	"Bosch 700 Series Evolution 30"" Self-Cleaning Freestanding Range With Warming Drawer"	Major Appliances	5	1	1	N	N	So far, so good!	I like the combination gas range/electric oven. It has 4 different size burners which is very efficient and the stainless is easy to clean. The grill topping the burners will also support my canning kettle during the season.  Oven bakes bread and cookies....so far....evenly and haven't even used the convection feature. The next test will be how long it lasts....time will tell.	2014-02-23
US	44265936	R3LVFZSVD94W1H	B001E0LM66	885488797	Whirlpool Dishwasher Heater Element W10134009 8572861 8563007	Major Appliances	5	0	0	N	Y	perfectly working dishwasher heater	Item was exactly as shown online and replaced our old heater element very well.<br />Shipping and handling was done as planned.<br />We installed it ourselves and our dishwasher works perfect again!	2012-05-10
US	23343071	R2ZVCXLFU3WMGC	B000SB4O8U	251630444	Avanti WD31EC Table Top Thermoelectric Water Cooler	Major Appliances	1	5	5	N	N	Waste of Money	The Avanti table top dispenser is nice looking but that is it. It appealed to me because I could lift a two or three gallon jug of water, however it doesn't keep water cold and if it did the manual states that it only cools 20 oz at a time, and then you have to wait for an hour to get cold water again. I can't remark on the hot water because I haven't used it. Unless you want a place to store your water bottle and then fill and refrigerate the water don't waste your money. I wonder how much electricity it uses. There is a normal and an energy saving mode feature, but I am about to pull the plug so I may never know.	2010-10-24
US	50953168	R1088L6HZNOJVH	B001DI4LEO	455062034	NewAir AW-210ED Streamline 21 Bottle Dual Zone Thermoelectric Wine Cooler, Black	Major Appliances	3	21	21	N	Y	Worth it at first	I love this unit, at the time of the purchase I liked it because the lower part is for the reds and I was drinking more reds.  Love the dual zone, the light is great to find what you want before opening the door, great piece in any room.  It does run alot or all the time, it sounds like a computer fan so it is not loud to the point of being a problem I have mine in the dining room and has never been an issue, most days we do not even notice it running.  Bought March 2010<br /><br />Update 4/27/11 - the upper cooler keeps kicking in and out and not keeping temp anymore.  The bottom is still working for now just waiting for that one to stop.<br /><br />Update 8/5/12 - Both upper and lower lose their temp and go all the way up, I need to use canned air to blow it out and it seems to cool once again, not alot of dust comes out but just seems enough to mess with it.  Yes it still kicks in/out but it is still working overall.  Would I buy this again probably not.	2010-12-20
US	37536725	RAMKAYYFGJ4BA	B000UVLBFM	759372536	"Bosch HBL5450UC500 30"" Stainless Steel Electric Single Wall Oven - Convection"	Major Appliances	1	28	37	N	N	dont go with bosch	Bosch has lots of computer board problems with their ovens and no warranty support, be prepared to pay up front for the product and keep paying in repairs	2011-02-25
US	53055534	RY3ZIVJZ978EQ	B000UEX256	584588015	Washing Machine Hose (PBLSPWE601212)	Major Appliances	5	0	0	N	Y	Great price, excellent quality	I haven't changed the rubber hoses on our washer since we purchased it about 10 years ago and figured it was about time. After reviewing and comparing many hoses it looked like this one was one of the best. I definitely made a good choice.<br /><br />When you open the package and look/feel where the hose meets the connector you can appreciate the quality. These are many times better than your plain rubber hoses. The angled connector for the back of the washer means you don't have to bend it, just point in the direction you want the hose to go. There's not much more to say - you connect it, it works. I suspect it will last longer than the rubber ones it replaced.<br /><br />Lastly, purchase the hoses from Ace. Though it would appear the price is a few cents higher if you add the shipping cost, that's only if you're buying just one. For the second one, the additional shipping is only about 70 cents more - not double the shipping amount shown. Since most people will be buying two at a time, the total cost from Ace is a few dollars less expensive than the other merchants.	2012-10-27
US	24112206	R7OC0BQZOP9WO	B0091GF0TU	548205560	"Dometic Microwave Glass Turntable Plate / Tray 13 1/2"" A019"	Major Appliances	5	1	1	N	Y	Perfect	I found this quickly when searching for the correct microwave plate that had accidentally come out of the microwave and fell on the floor and broke.  The price was very competitive, too.	2013-08-30
US	35566272	R3LAQ5LM0ETUU4	B002ZWR194	892941206	NewAir AW-121E 12-Bottle Thermoelectric Wine Cooler	Major Appliances	5	0	5	N	Y	Wine cooler	I did some research and along with the reviews on Amazon decided upon this wine cooler-and it has been a great choice! my only negative comment would be if you have a wine bottle that has dimensions slightly off from a normal size bottle it won't fit into the rack.The cooler holds its temp,and the bottles are easily seen from outside	2011-10-06
US	37641546	RLJP3XE3TJYZ8	B008SCVL6E	507589010	"G.E. Microwave Glass Turntable Plate / Tray 12 1/2 "" WB39X10003"	Major Appliances	5	0	0	N	Y	Perfect for Micro	Fitted perfect well for our GE microwave. The older one had broken into 2 pieces, so that is why we had ordered this one.	2013-07-11
US	12055481	R2J82NQ00Z7631	B003JN143C	80847170	Whirlpool WTW5600XW Cabrio 3.6 Cu. Ft. White Top Load Washer - Energy Star	Major Appliances	1	0	0	N	N	Biggest Appliance Purchase Mistake that I have ever made!!	We bought this machine to replace a 10 year old Kenmore and have now owned it over a year.  Excited about purchasing a high efficiency machine that would save on energy and the environment.  This washer has been nothing but a headache.  It can only handle small loads w/ no problem.  Every time I try to wash sheets, towels or fill it over halfway w/ clothes the machine starts itself over and over again b/c it becomes unbalanced constantly.  Jeans?  Forget about it! It is probably the most inefficient and un-environment friendly appliance that we own.<br /><br />In addition, the clothes do not come out clean or fresh smelling b/c the washer only fills as high as the clothes level.<br /><br />This machine has cured me of every purchasing a whirpool appliance again.	2012-10-14
US	50912238	R2B63OI3VZ2IY6	B0015M2OA6	39007384	Electrolux EI26SS55GS 25.9 cu. ft. Side by Side Refrigerator w/IQ-Touch - Stainless Steel	Major Appliances	1	11	11	N	N	The worst appliance I have ever owned.	This is worst appliance I have ever owned. The 15 year old $700 refrigerator I have in my garage is of higher quality and performance than this one. Please do not anyone else waste their money on an Electrolux refrigerator. The display has been replaced 3 times and is now broken again. The water and ice dispenser are broken - just snapped off one day. And now, it powers off for no reason at random times and then the power fail beeping goes off. When I try to power it back on, it takes 15 minutes to kick back on - with the beeping going off the entire time. None of the display keys work (i.e mute sounds or on/off, factory default). It often happens at night or when we are not home so we end up losing our food because it has defrosted or we are nervous - not knowing how long it was down. I have called Electrolux at least 8 times over the years about these issues and they just tell me it is not under warranty and they are not obligated to do anything. They told me today they only have a record of 3 calls from me ... I have called them 3 times just in the last 2 weeks. Horrible product, horrible customer service and will not stand behind their shoddy equipment. I NEVER review products but I hope that this will prevent anyone else from buying this money pit.  I would never buy another Electrolux product.	2012-04-20
US	11488476	RCP95H6DPH10L	B001DI5ALW	892941206	NewAir AW-121E 12-Bottle Thermoelectric Wine Cooler	Major Appliances	5	0	5	N	Y	Love love love it!	This has made my life so much happier, because now I can have multiple bottles chilling for whenever I may feel the urge to have a glass of wine.  Keeps them at a good temp for me :)	2013-01-07
US	31414118	R3490P80X7SFAN	B009BVZ068	482238306	Wyndham House Thermoelectric Beer Dispenser	Major Appliances	5	0	0	N	Y	on the tap	Great item, works wonderful and keeps the beer cold, I would recommend this item to anyone, it works better then the one I had before.	2014-01-06
US	51215184	R1KLUGNWEQ3IB2	B002ZV0OJO	892941206	NewAir AW-121E 12-Bottle Thermoelectric Wine Cooler	Major Appliances	1	30	39	N	Y	Terrible Wine Fridge	Ordered this wine fridge - lasted 6 months before breaking.  Won't cool. Blows nothing but hot air.<br /><br />Many of the longer Reisling wine bottles don't fit, nor do bottles that are slightly rounder, like Bordeaux.<br /><br />Terrible purchase.	2012-11-05
US	21091500	R3JB7CZZEGZP0R	B0089LUNAY	12577309	Kenmore 9030P Certified Green Refrigerator Water Filter 3 Pack	Major Appliances	1	3	3	N	N	price isn't what it says it is...	So to start from the top. The picture shows 3 filters, the listing is for 3 replacement filters, and the price is for 39.99. When I saw the listing I was happier then most people because first and for most this is exactly what I need and 2nd the price is freaking just awesome. So I clicked on the listing. It still have me the same price and everything except that I couldn't order it because I needed to shop this particular stores website. While this isn't very cool I decided to go ahead and go to their website. Now that's where the problems started. The website listing is for 1 filter at the rock bottom price of 39.99. Now mind you I wanted 3 of these bad boys; but lo and behold for 3 of them they wanted a whole 99.99. Now I don't know about that. I mean amazon says it's 3 for 39.99 and the bolo brands amazon store says it's 99.99 for 3 of them. Hmm. I'll tell you what bolo brands, when you stop acting like a car dealership and stop changing process on me, maybe just maybe I'll give your products another try until then rest assured that you have lost a customer that buys very frequently from you. Or I should say &#34;That used to buy&#34; from you.	2014-03-26
US	38372455	R3K5TNWW2I2ZMW	B003G5ZUYW	687973740	"Whirlpool DU1010XTX 24"" Built In Tall Tub Dishwasher with 3 Automatic Cycles, 3 Options, Hard Food"	Major Appliances	5	1	1	N	N	Good value dishwasher	I bought the dishwasher 4 months ago. It is a no frill machine but works well. It is relatively quiet for the price. It look somewhat cheap from the outside but again the price is low. In summary this dishwasher is a good value	2010-08-04
US	20009809	R11H13W387W5SD	B000MAMY20	131665274	Whynter WC-16S SNO 16 Bottle Wine Cooler, Platinum with Lock	Major Appliances	2	3	9	N	Y	Whynter WC28S SNO Wine Cooler	I bought this cooler on July 11, 2012. It arrived by UPS in a poorly packed box. None of the interior shelves was secured. After carefully taking the cooler out of the box. I discovered the top door hinge was broken and the door almost feel off. The whole unit looks cheaply made. I asked to retun it. Amazon promptly sent UPS back to pick it up the next day. With promise of a full refund and no shipping charge. Thankfully I bought th[[ASIN:B000MAMY20 Whynter WC28S SNO 28 Bottle Wine Cooler, Platinum with Lock]]this item from a reputable source.	2012-07-19
US	35737438	R2TPCGOYXLPV0K	B00487AUXI	246241039	Replacement Jenn Air Infinite Switch (top burner switch) 700855K	Major Appliances	4	4	4	N	Y	Cheap fix that works	Bought this part to fix two superheating elements (same side) on a Jenn Air range. One replacement switch was all that was needed, now both burners heat normally. I give this product high marks because it performs its function as intended. For $25 and about five minutes of repair time, I've got my stove back.	2013-01-16
US	19192469	R3I77FVUT7F4PK	B002ZNC1OI	653648873	Whirlpool Dryer Handle 8559751	Major Appliances	1	0	0	N	N	Broke in under a month	The new handle is made of very flimsy plastic and combined with a poor design breaks very easily. My new handle lasted under 30 days and sadly the item does not come with a warranty at all so I am now stuck buying another handle. I looked into other options and found [...] looks much better I hope that it will work I just ordered one hopefully it will work better and not break after probably 10-15 loads of laundry.	2013-07-01
US	36970321	R3HGGD93SX3TVL	B000AMOB94	723142788	Broan Economy 36-Inch Four-way Convertible Under-Cabinet Mount Range Hood	Major Appliances	5	0	0	N	Y	Completely Satisfied	Ordered this Broan Range Hood from Amazon, it was delivered quiet quickly.  Complete packaging, instructions if you needed them and was so easy to install.  Looks great!  Great quality, beyond expectations for the price.  Good deal!	2013-01-17
US	51856323	R2QLBG156RTVZ4	B007RWOUSM	47483136	GE GTW485ASJWS Energy Star 4.2 Cu.Ft. Top Load Washing Machine with 16 Cycles, White	Major Appliances	1	7	10	N	N	The biggest piece of crap machine	Within 4 months this machine started making a noise when it spins that would make you want to kill yourself.<br />Both repairmen who came to try to fix it said that it was a huge mistake to buy this machine.<br />I will never buy a GE product EVER again.<br />Almost $700 down the drain...very very upsetting	2013-04-17
US	14542585	R1166OX33S72UE	B001KYE1PA	404863563	EdgeStar 103 Can and 5 Bottle Extreme Cool Beverage Cooler	Major Appliances	1	57	58	N	N	slient but a dud	you expect this thing to keep things cold like below 60 degrees at least   you won't get what you want, this cooler doesn't keep things COLD had to send it back which cost me a lot!!     Will Never buy another EDGESTAR product or recommend one to anyone    *******WARNING DON'T BUY********	2010-07-17
US	19283920	RS8M57SUCU0SU	B006FNL29O	513440434	Frigidaire Gallery Stainless Steel 4 Piece Appliance Package with French Door Refrigerator #210	Major Appliances	3	20	21	N	Y	Bad Icemaker	We held our breath to purchase appliances online.  The seller is great but the fridge not so much.  The Icemaker wasn't working out of the box, so under a year's warranty we had someone come to fix it.  They are here right at this moment &#34;fixing&#34; it for a second time.  The first visit they replaced the entire icemaker, but has still only produce like 8 cubes in two days.  Then soon after icemaker replacement our fridge is making a horrid buzzing sound.  I am not sure if it is the icemaker of the fridge itself.  Apparently the evaporator is frosted over and the fan blade is smacking the ice making a bad sound. Other than the icemaker/ frosting problems the fridge is just okay.  There doesn't seem to much more space in the French door fridge from a standard fridge, the freezer seems to be much bigger than a standard freezer though.  The shelves are typical cheap plastic.  The right door has a large magnet on the side that often gets caught between the doors when closing.  We were also expecting a made in America fridge, not the case, it is made in Mexico.  If I were to buy again I'd go for a single door fridge on top w/ single freezer on the bottom.  I prefer the fridge on top to reduce bending down.  I don't know if I'd go for an Icemaker though.  It seems as though Frigidaire, also known as Electrolux, the global company doesn't produce very good icemakers, but I've know other brands to produce bad icemakers as well such as whirlpool.  Other appliances in the package:  So far so good.  Dishwasher: has been a big upgrade over our last cheapo run of the mill.  It has three levels of cleaning, a spinner at the bottom, top and middle.  It cleans well and has lots of space for dishes.  Stove/oven:  I like the flat surface, no problems here.  Microwave: No problems, works like a microwave should.  Update:  We move houses 2 years ago and ended up selling these appliance with the house, thank God.  In out new home we purchased a Kenmore Elite appliance set through Sears:  French door fridge with ice maker that works like a charm and Dishwasher that washes better, all for about the same price.  Do not buy Frigidaire/ Electrolux.	2013-07-01
US	51178461	R2I2GXOS4OE97C	B002916U7K	373768816	"Electrolux EW27EW65GS Wave-Touch 27"" Stainless Steel Electric Double Wall Oven - Convection"	Major Appliances	1	0	0	N	N	RUN SCREAMING FROM THIS PRODUCT	This refrigerator is priced like a Rolls-Royce but runs like a Yugo. We are on our second one now. On the first, the ice maker stopped working and our extended warranty company was unable to fix it. Apparently there was a design flaw which required a total replacement. We were offered either a replacement Electrolux, or a check for substantially less than the original purchase price. We opted for a replacement and boy do I regret it. The door on the new one doesn't close properly and just this morning the water dispenser stopped working. Searching the web I find that a common issue is that the water line actually freezes. Seriously? Done with Electrolux forever. I can't believe that in 2013 I have to spend so much time thinking about a freakin' refrigerator.<br /><br />The positive reviews of this device are the anomaly. Even a broken clock is right twice a day and I'm sure there are people who are perfectly happy with their purchase. But they are the fortunate exceptions. Save yourself a pile of hassles (and money) - and don't buy this refrigerator.	2013-01-09
US	35561831	RH43YCEPI2C5P	B005LLS2VC	73440185	Compatible Water Filter for MWF, GWF, GWFA, GWF01, GWF06, MWFA, HWFA, HWF, 469991, 46-9991 made by EcoAqua	Major Appliances	5	0	0	N	Y	Easy ordering...fast delivery	The MWF compatible water filter works as well as the GE MWF in my fridge.  Costs less so it is a winner in my book.  will order another when this one requires replacement.	2014-02-16
US	3075848	R23K0EZUNYY7JP	B00DFVV0NW	107861731	Sonya Compact Portable Apartment Small Washing Machine Washer 1.9cuft./15.4lbs/free Casters Included	Major Appliances	1	16	18	N	Y	Washer pump all ready quit working once.	I had this washer for less the two months and the pump has all ready quit working. This product is poorly made.	2014-04-07
US	13228240	R13TFZUPNZE530	B004N4MSPO	451436203	SPT Countertop Dishwasher	Major Appliances	4	11	15	N	Y	Love it!	I got my dishwasher a couple months ago.  Initially easy to set up.  I was able to set it up myself without my husband's help.  The only problem I have is that it does have a slow leak from the back hose where it connects to the machine.  I tighten it all the way but it still leaks.  I contacted the manufacturer and they were UNBELIEVABLY helpful.  I spoke with LEWIS from Sun Pen Town (SPT) several times.  They sent me new parts right away.  The only thing I had to do was email my proof of purchase.  DONE! I really love the dishwasher.  It washes dishes well.  We do have to get creative when we arrange our dishes.  There is an opening on the right where the water comes out, so if you have any LARGE dishes that block that opening, they won't wash completely!  Overall, despite the initial problem, I still love the washer.  It sure beats washing them all by hand!  I'd recommend the company alone due to the amazing quality of customer service.<br /><br />***For anyone who mentioned the manual doesn't contain manufacturer information... when you're looking straight at the machine, open the door and it's on the right inside of the door.  Or go to sunpentown.com***	2012-07-01
US	48538051	R2NJ8DCSUXDW5S	B001DPHOHI	838435875	3149400 BURNER SWITCH WHIRLPOOL KENMORE MAYTAG ROPER NEW OEM PART NTO fz	Major Appliances	5	0	0	N	Y	Range burner repair	This switch solved all our problems with the burner which overheated and wouldn't stop.  It was extremely easy to install -- the hardest part was pulling the range away from the wall.  It arrived quicker than we expected and was packaged very well and included complete instructions.  One down and three to go -- at least we'll know exactly what to do if and when the other burners develop problems.	2012-11-29
US	50755345	R36BT4EFH8QWJL	B002E53JMA	471528585	GE GSHF6PGY Energy Star 25.8 Cu. Ft. Side-By-Side Refrigerator with 3 Spill Proof Glass Shelves,	Major Appliances	5	3	3	N	N	Very nice refridgerator.	I am a little biased as a relative helps make GE motors.  I have owned this for 5 months now.  It replaced a used Frigidaire I had for a short time, which was 14 years old.  It really replaced a very old, very small top freezer refrigerator I had for 16 years.    The GE is quiet.  The compressor makes little noise.  It is on the wall opposite our bedroom.  I do not hear it in the bedroom.  It's not an annoying noise.  It is just barely audible in the kitchen.      This is real stainless.  Keeping it fingerprint clean is a chore with young kids.  We just let it go and clean it on the weekend.  Takes about 10 minutes or so using stainless cleaner to make it sharp again.  Without kids this would probably not be an issue.    The water maker and ice maker work very well.  The filter gives the water a good taste.      The layout of the compartments is excellent for our needs, as you can see by the pictures.  It has more than enough room for our use.    If we overload the freezer, the door will sometimes not completely close.  The door open sensor does not always sense this.  This results in ice build up inside the freezer, and condensation on the outside.   Don't overload the freezer and this doesn't happen.    We got an excellent deal on this model.  I feel we got a great fridge for the money.	2010-03-10
US	50509122	R2CW4A0ZUPFWR8	B006IAJ1FQ	550189267	Kenmore LAUNDRY CENTER Washer Motor Belt 131686100	Major Appliances	4	0	0	N	Y	good for the money	Not the exact part i needed, but other manufacturer's parts are just as good. Fit like a glove. Worth it to anyone who doesn't want to pay out the nose for a repairman.	2013-06-07
US	19289059	RFAT7L4U8YZA5	B0075CU8MG	107871439	Whirlpool GZ25FSRXYY	Major Appliances	4	2	2	N	N	I really want to give 5 stars...	I love this refridgerator. I really wanted to give it 5 stars, but some minor issues forced me to give it 4 stars.<br /><br />It looks beautiful and was very easy to install. Like most stainless steel(SS) refridgerators, only the front is SS. The sides are gray. Have you ever noticed most people don't have magnets on their SS appliances? I learned the hard way that magnets easily scratch the surface.<br /><br />My favorite part of the fridge is the filtered water. The water and ice cubes taste great! Ice cubes in my last fridge had a funny taste. I have replaced the filter once, when the built in indicator told me to, and it was very easy to access inside the top right of the fridge. This brings me to my first complaint. After replacing the filter, the water dispenser started making a slight screaching noise when dispensing water. Fortunately, it went away after about a month. Perhaps it was a little air in the line.<br /><br />My second complaint is a bigger deal. The handle on the bottom freezer has come off into my hand at least 5 times. I tried firmly clicking it into place with a good amount of force when replacing it, but it still came off. I took the handle locking mechanisms apart and switched it with the mechanisms from one of the french door handles. The french door handle is secured by pushing down, so I figured this door would be hard to pull off, even if the locking system was not working perfectly. I have had no problems with either door since making the switch.<br /><br />My last fridge had one big door and was located in a high traffic area. The french drawers of this fridge do not block the passage from my kitchen to my family room like my previous fridge. Also, I wasn't sure if I would like the middle drawer, but have found vegetables in this drawer last longer then my previous fridge's vegetable containers. My previous fridge did not have the water and ice dispenser. I find myself drinking a lot more water since the dispenser is so easy to use andthe water tastes so good.<br /><br />I highly recommend this fridge and really wanted to give it 5 stars. The handle flying off in my hand and the minor problems with the water dispenser forced me to mark it down. If I didn't have to come up with my own fix for the handle, I would of given it 5 stars.	2013-08-03
US	15912798	RGKD862JGAGF2	B00880SFFG	688153778	uxcell Mica Plates Sheets Microwave Oven Repairing Part 13 x 12cm 2 Pcs	Major Appliances	4	0	2	N	Y	As advertized, but	No problem with seller or service, the product came as advertised, but it did not work in my Magic Chef MCD1311ST microwave.  the mica plate is about 1/4&#34; to short.  It is not large enough to allow for tabs which hold shield in place to be cut out of the mica plate.  If you particular application works with 4.7 x 5.1, then you should be pleased with this product.	2013-06-06
US	14492552	R12XGCW7ZQOBRW	B000UVYQQ8	994609974	Maytag : MFC2061HEW 20 Cu. Ft. Refrigerator - White	Major Appliances	1	1	1	N	N	NEVER BUY MAYTAG	We also had an issue and are having to replace the PC board.  It is not cheap and hope it will fix the water problem.  The main compartment keeps freezing the food...even in the crisper!  The temp. is a joke! the ice maker broke after the warranty ran out!  I will never but a Maytag again! Maytag should send us the part for free as it seems to be an issue!  I also called about the recal and they said there was not one for my serial #. I hope they are correct in telling me that!	2010-04-21
US	17470584	R3M1UTTYY60ZJR	B002UYSHMM	429051224	Haier HLP21N Pulsator 1-Cubic-Foot Portable Washer	Major Appliances	5	2	2	N	Y	Tank Tuff	Great machine exactly as ordered. This machine works well and the capacity for the size is amazing. Clothes are clean and the machine is very quiet. Hook up was easy instructions were adequate. Be sure to get some teflon tape for the water connections. Perfect for a small space or apartment. This machine is quality. It's now the first of May and the machine is still running perfectly.	2011-02-19
US	14273739	R37WXUZ2IC3TDI	B008KTIGZ4	321103758	GE GTUP270EMWW Spacemaker 9.2 Cu. Ft. White Electric Washer/Dryer Combo	Major Appliances	5	3	9	N	Y	best appliance out there for people who don't have space.	i've never loved an appliance so much!!!! it's absolutely the best thing since sliced bread.lol. had read some other peoples reviews and the one person with the dryer problem is nuts. everything is fantastic and i would recommend this to everyone out there. can't thank GE enough for making such a wonderful machine.	2013-11-19
US	45164985	R2ZGGTJEJYF8SQ	B000UW05LC	822731769	"GE JV966DSS Profile 36"" Stainless Steel Canopy Pro Style Wall Mount Range Hood"	Major Appliances	1	5	6	N	N	GE Range Hood breaks 2 weeks after 1 year warranty expires	My problem is with the manufacture General Electric. A fifteen hundred dollar hood should not break after one year. I contacted GE customer service and was told that even though it was only two weeks after the one year warranty expired, they would not offer any type of service work. The malfunction seems to be in the sensor component and the vent will activate at high speed and not turn off. An easy fix by replacing the small unit. I now have to manually deactivate the internal power switch behind the screens which of course powers down everything including the lights. I was willing to work with General Electric but the customer service was adamant that they entire service cost (including parts) would be incurred by me. It is unreasonable that an expensive item breaks after one year and GE feels no obligation. Just because GE can defend their position outside the one year warranty (again two weeks) doesn't mean they can't make a situation right.	2014-04-14
US	42685535	R37DOO5YFLGZBD	B001SUDJIQ	183784715	Avanti D110 Compact Electric Dryer- White	Major Appliances	5	43	45	N	N	its more than perfect	if u live in an apartment with no vent or no high voltage outlet then this is the one .. its connected directly to the regular outlet like any small appliance .. it dries cloth very fast .. the drum is not that small .. like it can take up to 10 Lbs .. it have a timer with cool warm and hot settings .. its very quit and doesn't move while operating .. and the best part it doesn't need to be vented .i have the Avanti portable washer too .. and both washer and dryer are really a life saver .. i wouldn't wish for more.	2009-12-26
US	51530860	R34FJ8X2UFOZ4A	B0013B8DNQ	825411141	Wine Enthusiast Silent 12 Bottle Wine Refrigerator (Stainless Steel)	Major Appliances	4	0	0	N	Y	Quiet and effective.	Big bottles require two shelves and you can get no more than two on a shelf.  Should have gotten next larger.	2013-08-02
US	14456493	R2OBJY35TYJW1O	B000RHWT3M	544640649	EdgeStar 1.1 Cu. Ft. Stainless Steel Freezer w/ Lock - Stainless Steel	Major Appliances	5	2	5	N	Y	Good Buy	First time I set the temp and put sodas in to cool It got so cold that it blew up about 4 sodas.  Very sensitive on the dial.  Start low then increase as needed to reach the temp you want.	2013-05-30
US	18062309	RB3C3TB1ZBO3I	B008KFDKM2	830393566	AE-SELECT WHIRLPOOL / Kenmore Ice Maker Icemaker OEM Original Part: 2198597	Major Appliances	5	0	0	N	Y	Icemaker	Products works and was afforable.  U-tube video showed us how to install (helpful).  This icemaker was used to replace our old one that stopped working (9 years old).  We saved the old unit and ended up using some parts off it that were not included. overall very satified adn glad to have ice made for us once again.	2013-07-25
US	44219576	R3LXH5JEJTJCI2	B002GEDBIG	89010701	Centrifugal Clothes Portable Spin Dryer	Major Appliances	5	5	5	N	Y	Don't hesitate to get Spin Dryer	I waited 6 months after getting the Haier 120v dryer before purchasing the Spin Dryer. Don't wait that long. As others have commented, it cuts the drying time down to 30 minutes. The larger capacity Spin Dryer allows me to do practically all my washing at home, from pants to kingsize sheets. The only thing I cannot put in the Spin Dryer is the kingsize bedspread.     When spin drying be careful balancing the various weights - if the Spin Dryer is still wobbling after 10 seconds, stop, open and just redistribute items - close, start and it will rebalance. Do not put items directly into Spin Dryer without trying to remove some water - unwrung items will start to leak out water before spinning begins, and there's from 2x-3x the amount of water to collect. Just wring (or squeeze) clothes to remove water. This collects about 4 cups of water.     Washing and drying 1 load of clothing takes about 45 minutes. Nothing beats the convenience of being able to do laundry when I want, whenever I want. The cost of the machine pays for itself in less than 1 year taking into account $5/week * 52 weeks in coin operated facility. Line dried sheets (takes about 4 hours to dry). Using the Haier dryer to remove wrinkles and give clothings fluffiness. Items line dried take about 1-2 hours to completely dry.    For one person, using the Spin Dryer is convenient. If more than one, need to weight the convenience of doing laundry in home, but may take longer, against convenience of the larger, automatic washing machine in coin laundry. There are no hookups to be concerned about. As long as you stay with the Spin Dryer when it begins spinning, monitor the water being extracted and have a container large enough to collect, you should have no problem with the Spin Dryer. Extracting takes about 1-3 minutes, the bulk of the water is removed in the first minute, and then there's a slow stream about 1 minute, and then a slow trickle the 3 minute. Letting items Spin Dry more than 2 minutes produces more wrinkles in the items (especially sheets).    To decrease the wear on the Spin Dryer, I only use it after I have rinsed the items. I hope to have several years of use with the Spin Dryer - only time will tell.	2010-05-21
US	23499403	R1BP87AIJ6FFFV	B002UN7RTC	196721882	Samsung SMH8165B 1.6 cu. ft. 1000 Watt Over-the-Range Microwave - Black	Major Appliances	1	3	3	N	N	Samsung SMH8165B	"This is one of very few purchases I didn't do my homework on, but I bought mine at Best Buy on sale and figured a microwave is a microwave. I got the dreaded \\""SE\\"" error message about a year and a half after purchase. We had just got through cleaning the keyboard when it started beeping and showing message. In fairness.....when it worked...it worked great. And the research showed to be careful of cleaners, etc. But after reading the other reviews, I agree that Samsung could do better with the keypad design. I didn't even try to call them after reading the other comments.<br />There are some useful links on the web concerning this problem. I was able to dry out any moisture from the keypad with a hairdryer. I also ordered a new membrane keypad...just in case. I also sealed up some openings behind the keypad to minimize any moisture getting into the membrane. So far......it's working. It's just aggravating to have to spend time to track down something when the mfg could make right on it."	2013-01-13
US	37348735	R275VCWE14L8VR	B00308Z2AC	229000775	Whirlpool Part Number W10170532: SPUD-ORFCE	Major Appliances	5	0	0	N	Y	Difficult to install.	I had to take the dryer completely apart.  I would not recommend it to the avg person.  I have done appliance repair work before.  I do like the kit and happy it worked.  So it was a great deal if you can do the work.	2013-03-17
US	13140737	R27ORL5S9U6RLN	B00132J8RK	362050682	BeerTender from Heineken and Krups B90 Home Beer-Tap System	Major Appliances	5	3	3	N	Y	Heineken on Demand!	The BeerTender works great and is a piece of cake to set up. My only complaint is that the mini keg goes quickly when you have a few friends over, so keep a spare in the fridge!	2009-11-16
US	35822637	RSK5RHSOG7YD8	B002S88NTC	596063130	Haier HVTM12DABB 12-Bottle Dual Zone Mirrored Glass Door Wine Cellar	Major Appliances	4	7	10	N	Y	Arrived Defective, But Replacement Works Fine!	Product arrived today (7/26/12) but would not power on. Tried a few outlets and made sure other appliances were powered by them. Called Haier. They said their exchange process takes a while, and so suggested I try to exchange it with Amazon. So I just submitted a product exchange request and will update this review when I get the replacement. I saw another reviewer had a terrible time with the exchange process. I hope mine goes more smoothly. Now to packing it back up...<br /><br />Okay, it all worked out great. Had UPS pick up defective unit next day, then received replacement unit from Amazon two days later. And it works!!<br /><br />As for the use and durability of the unit, I'll have to use it for a while to see. But it is working and it fits perfectly with its small footprint.	2012-07-27
US	13238540	R3L4IZ102VH9GX	B00519CX1E	133984816	Haier HVTM08ABS 8-Bottle Wine Cellar with Electronic Controls	Major Appliances	5	0	0	N	Y	Gave as gifts.	Gave one as a gift to my son, & daughter-in-law, they liked it...<br />Gave the other to my long time friend from college, she loved it!	2013-09-04
