Invoice,StockCode,Description,Quantity,InvoiceDate,Price,Customer ID,Country
492216,20871,OPULENT VELVET SET/3 CANDLES,18,2009-12-15 17:25:00,1.25,15641.0,United Kingdom
490137,20728,LUNCH BAG CARS BLUE,6,2009-12-03 19:22:00,1.65,14713.0,United Kingdom
C489459,90200E,GREEN SWEETHEART BRACELET,-3,2009-12-01 10:44:00,4.25,17592.0,United Kingdom
490394,79323W, WHITE CHERRY LIGHTS,4,2009-12-05 16:01:00,5.45,17850.0,United Kingdom
492728,84828,JUNGLE POPSICLES ICE LOLLY HOLDERS,2,2009-12-18 11:18:00,1.25,15311.0,United Kingdom
493073,84705B,FAIRY CAKES PHOTO FRAME,1,2009-12-22 09:41:00,9.52,,United Kingdom
490279,22107,PIZZA PLATE IN BOX,1,2009-12-04 12:37:00,3.75,16891.0,United Kingdom
494001,22114,HOT WATER BOTTLE TEA AND SYMPATHY,4,2010-01-10 14:21:00,3.95,13319.0,United Kingdom
489798,21115,ROSE CARAVAN DOORSTOP,2,2009-12-02 12:22:00,6.75,13740.0,United Kingdom
492425,21889,WOODEN BOX OF DOMINOES,2,2009-12-16 17:58:00,2.57,,United Kingdom
493074,22244,"HOOK, 3 HANGER ,MAGIC GARDEN",2,2009-12-22 09:45:00,4.3,,United Kingdom
492593,20952,PORCELAIN CHERUB BELL SMALL,1,2009-12-17 15:44:00,0.42,15917.0,United Kingdom
489875,21181,PLEASE ONE PERSON  METAL SIGN,1,2009-12-02 15:41:00,2.1,17841.0,United Kingdom
489569,22154,ANGEL DECORATION 3 BUTTONS ,48,2009-12-01 13:20:00,0.42,14478.0,United Kingdom
490951,90190C,SILVER/AMETHYST DROP EARRINGS LEAF,1,2009-12-08 14:36:00,2.95,,United Kingdom
491833,22075,6 RIBBONS ELEGANT CHRISTMAS ,1,2009-12-14 14:35:00,1.65,12926.0,United Kingdom
490676,15056BL,EDWARDIAN PARASOL BLACK,6,2009-12-07 13:17:00,4.95,17850.0,United Kingdom
492249,22054,MINI CAKE STAND HANGING HEARTS,8,2009-12-16 10:39:00,1.65,16366.0,United Kingdom
490400,85151,WELCOME METAL SIGN,4,2009-12-06 10:41:00,1.25,16104.0,United Kingdom
490372,21257,VICTORIAN SEWING BOX MEDIUM,2,2009-12-05 12:13:00,7.95,17115.0,United Kingdom
489870,21989,PACK OF 20 SKULL PAPER NAPKINS,40,2009-12-02 15:16:00,0.85,15523.0,United Kingdom
490715,22158,,-30,2009-12-07 15:27:00,0.0,,United Kingdom
489536,85227,SET/6 3D KIT CARDS FOR KIDS,1,2009-12-01 12:13:00,0.85,16393.0,United Kingdom
490669,21754,HOME BUILDING BLOCK WORD,1,2009-12-07 12:42:00,5.95,15716.0,United Kingdom
490483,22186,RED STAR CARD HOLDER,2,2009-12-06 12:52:00,2.95,13782.0,United Kingdom
491662,85066,CREAM SWEETHEART MINI CHEST,2,2009-12-13 11:16:00,12.75,15169.0,United Kingdom
492869,22114,HOT WATER BOTTLE TEA AND SYMPATHY,4,2009-12-21 11:51:00,3.95,15039.0,United Kingdom
491966,21670,BLUE SPOT CERAMIC DRAWER KNOB,6,2009-12-14 17:16:00,2.57,,United Kingdom
492425,82578,KITCHEN METAL SIGN,1,2009-12-16 17:58:00,1.3,,United Kingdom
492168,21159,MOODY BOY  DOOR HANGER ,24,2009-12-15 14:34:00,0.38,13823.0,United Kingdom
492414,22277,COSMETIC BAG VINTAGE ROSE PAISLEY,1,2009-12-16 17:01:00,4.3,,United Kingdom
491397,72803B,OCEAN SCENT CANDLE JEWELLED DRAWER,1,2009-12-10 16:39:00,4.25,12933.0,United Kingdom
489857,37502,TEA TIME MUG IN GIFT BOX,1,2009-12-02 14:43:00,6.04,,United Kingdom
489788,22175,PINK OWL SOFT TOY,3,2009-12-02 11:55:00,2.95,13564.0,United Kingdom
492585,85123A,WHITE HANGING HEART T-LIGHT HOLDER,6,2009-12-17 15:26:00,2.95,14085.0,United Kingdom
491077,20862,PINK PATCH PENCIL CASE BLUE HEART,2,2009-12-09 12:57:00,2.1,14593.0,United Kingdom
494011,20657,TROPICAL LUGGAGE TAG,4,2010-01-11 09:30:00,0.87,,United Kingdom
492945,22037,ROBOT BIRTHDAY CARD,12,2009-12-21 13:29:00,0.42,14032.0,United Kingdom
493820,20686,DOLLY MIXTURE CHILDREN'S UMBRELLA,1,2010-01-07 12:37:00,3.25,13821.0,United Kingdom
490292,22070,SMALL RETRO SPOT MUG IN BOX  RED,2,2009-12-04 13:23:00,3.75,16723.0,United Kingdom
492801,82582,AREA PATROLLED METAL SIGN,2,2009-12-20 12:04:00,2.1,17231.0,United Kingdom
491126,20668,DISCO BALL CHRISTMAS DECORATION,24,2009-12-09 15:36:00,0.12,16186.0,United Kingdom
490137,21826,EIGHT PIECE DINOSAUR SET,12,2009-12-03 19:22:00,1.25,14713.0,United Kingdom
492571,22301,COFFEE MUG CAT + BIRD DESIGN,6,2009-12-17 14:22:00,2.55,16439.0,United Kingdom
491966,21989,PACK OF 20 SKULL PAPER NAPKINS,2,2009-12-14 17:16:00,1.7,,United Kingdom
492783,90168,2 DAISIES HAIR COMB,1,2009-12-18 17:15:00,3.03,,United Kingdom
490603,35991,SET/6 BLACK SNOWFLAKE T-LIGHTS ,2,2009-12-07 11:05:00,1.69,14695.0,United Kingdom
491654,72741,GRAND CHOCOLATECANDLE,27,2009-12-13 10:54:00,1.45,16104.0,United Kingdom
491731,21051,RIBBONS PURSE ,12,2009-12-14 09:59:00,1.69,18087.0,United Kingdom
490796,37449,CERAMIC CAKE STAND + HANGING CAKES,8,2009-12-08 11:44:00,8.5,14290.0,United Kingdom
491432,84837,WHITE SWEETHEARTS CABINET 4 DRAWERS,1,2009-12-11 09:58:00,12.75,16293.0,United Kingdom
492782,21246,RED SPOTTY BIG BOWL,1,2009-12-18 17:06:00,11.26,,United Kingdom
489787,21985,PACK OF 12 HEARTS DESIGN TISSUES ,2,2009-12-02 11:53:00,0.29,15542.0,United Kingdom
492757,21888,BINGO SET,12,2009-12-18 14:08:00,3.75,,EIRE
490680,85123A,WHITE HANGING HEART T-LIGHT HOLDER,6,2009-12-07 13:32:00,2.95,17441.0,United Kingdom
493978,21154,RED SPOTTY OVEN GLOVE ,1,2010-01-10 11:55:00,1.25,17920.0,United Kingdom
491966,15044D,RED PAPER PARASOL,2,2009-12-14 17:16:00,6.04,,United Kingdom
493568,22270,HAPPY EASTER HANGING DECORATION,4,2010-01-05 09:16:00,3.75,16875.0,United Kingdom
493221,35001P,,3,2009-12-22 13:40:00,0.0,,United Kingdom
490745,90040A,MURANO STYLE GLASS BRACELET RED,2,2009-12-07 18:02:00,4.33,,United Kingdom
489837,21670,BLUE SPOT CERAMIC DRAWER KNOB,6,2009-12-02 14:21:00,1.25,14396.0,United Kingdom
489533,84946,ANTIQUE SILVER TEA GLASS ETCHED,6,2009-12-01 12:02:00,1.25,16011.0,United Kingdom
491173,21658,GLASS  BEURRE DISH,5,2009-12-10 11:42:00,3.95,15858.0,United Kingdom
492303,90033,IVORY SHELL HEART EARRINGS,1,2009-12-16 11:57:00,2.59,,United Kingdom
492425,90177C,DROP DIAMANTE EARRINGS CRYSTAL,2,2009-12-16 17:58:00,3.03,,United Kingdom
491043,90013B,BLACK VINTAGE EARRINGS,1,2009-12-09 09:51:00,4.33,,United Kingdom
490680,21249,WOODLAND  HEIGHT CHART STICKERS ,6,2009-12-07 13:32:00,2.95,17441.0,United Kingdom
491155,35004C,SET OF 3 COLOURED  FLYING DUCKS,3,2009-12-10 09:49:00,13.0,,United Kingdom
493073,22347,PIZZA SLICE DISH,1,2009-12-22 09:41:00,2.57,,United Kingdom
493715,21849,SILVER DIAMANTE PEN IN GIFT BOX,1,2010-01-05 16:38:00,4.95,14954.0,United Kingdom
490323,21883,STARS GIFT TAPE ,4,2009-12-04 15:27:00,0.65,14087.0,United Kingdom
490957,20661,BLUE SPOTTY PURSE ,6,2009-12-08 15:12:00,2.95,15823.0,United Kingdom
493949,85232B,SET/3 RUSSIAN DOLL STACKING TINS,3,2010-01-08 12:51:00,4.95,16325.0,United Kingdom
491672,20731,POSY CANDY BAG,100,2009-12-13 11:46:00,0.38,17172.0,United Kingdom
493267,21328,BALLOONS  WRITING SET ,1,2009-12-22 15:06:00,3.43,,United Kingdom
493819,22278,OVERNIGHT BAG VINTAGE ROSE PAISLEY,80,2010-01-07 12:34:00,4.25,14156.0,EIRE
491990,C2,,100,2009-12-15 10:06:00,0.0,,United Kingdom
489600,37370,RETRO COFFEE MUGS ASSORTED,1,2009-12-01 14:43:00,16.48,,United Kingdom
490817,84912A,PINK ROSE WASHBAG,2,2009-12-08 12:33:00,3.75,15311.0,United Kingdom
490074,84946,ANTIQUE SILVER TEA GLASS ETCHED,5,2009-12-03 14:39:00,2.57,,United Kingdom
490667,22082,RIBBON REEL STRIPES DESIGN ,2,2009-12-07 12:32:00,1.65,13234.0,United Kingdom
490490,22167,"WALL MIRROR , DIAMANTE OVAL SHAPE",2,2009-12-06 13:10:00,9.95,14546.0,United Kingdom
491969,21398,RED  SPOTTY COFFEE  MUG,1,2009-12-14 17:57:00,4.3,,United Kingdom
491966,84029C,BROWN FURRY HOT WATER BOTTLE,2,2009-12-14 17:16:00,7.78,,United Kingdom
492409,84832,ZINC WILLIE WINKIE  CANDLE STICK,12,2009-12-16 16:07:00,0.85,13008.0,United Kingdom
493073,90171,DAISY RING,1,2009-12-22 09:41:00,1.29,,United Kingdom
492420,20961,STRAWBERRY BATH SPONGE ,1,2009-12-16 17:36:00,1.25,,United Kingdom
493878,84671B,CROCHET BEAR WITH BLUE STRIPES,4,2010-01-08 09:08:00,2.55,14769.0,United Kingdom
491833,22030,SWALLOWS GREETING CARD,12,2009-12-14 14:35:00,0.42,12926.0,United Kingdom
489857,20719,WOODLAND CHARLOTTE BAG,20,2009-12-02 14:43:00,1.7,,United Kingdom
489866,84832,ZINC WILLIE WINKIE  CANDLE STICK,15,2009-12-02 15:04:00,0.85,16200.0,United Kingdom
493872,21035,SET/2 RED SPOTTY TEA TOWELS ,6,2010-01-07 18:33:00,2.95,16296.0,United Kingdom
489593,21490,SET OF THREE 50'S GIFT WRAPS ,4,2009-12-01 14:19:00,1.95,12836.0,United Kingdom
491707,79341,WILLOW BRANCH LIGHTS.,1,2009-12-13 14:38:00,6.75,17969.0,United Kingdom
490745,20991,JAZZ HEARTS MAGNETIC MEMO PAD,2,2009-12-07 18:02:00,1.3,,United Kingdom
489791,84597C,RETRO PINK BALL ASHTRAY ,1,2009-12-02 12:06:00,1.25,15542.0,United Kingdom
492425,84884A,ANT WHITE WIRE HEART SPIRAL,1,2009-12-16 17:58:00,8.65,,United Kingdom
491457,22112,CHOCOLATE HOT WATER BOTTLE,2,2009-12-11 11:26:00,4.95,15998.0,United Kingdom
490707,20671,BLUE TEATIME PRINT BOWL ,2,2009-12-07 15:02:00,1.25,17865.0,United Kingdom
491894,84081,WHITE CERAMIC PARTY SET (5PCS),24,2009-12-14 15:18:00,3.39,14062.0,United Kingdom
490162,37408,ASSORTED DESIGN GEISHA GIRL MUGS,5,2009-12-04 11:07:00,1.25,13946.0,United Kingdom
491630,21791,VINTAGE HEADS AND TAILS CARD GAME ,5,2009-12-11 14:39:00,1.25,17851.0,United Kingdom
491816,20724,RED SPOTTY CHARLOTTE BAG,20,2009-12-14 13:36:00,0.85,14961.0,United Kingdom
492414,84854,GIRLY PINK TOOL SET,1,2009-12-16 17:01:00,8.65,,United Kingdom
C492712,21527,RETRO SPOT TRADITIONAL TEAPOT ,-2,2009-12-18 10:10:00,7.95,12471.0,Germany
492367,21498,RED SPOTS  WRAP ,25,2009-12-16 14:00:00,0.42,13178.0,United Kingdom
491729,21509,COWBOYS AND INDIANS BIRTHDAY CARD ,12,2009-12-14 09:48:00,0.42,13462.0,United Kingdom
490851,21164,HOME SWEET HOME METAL SIGN ,6,2009-12-08 12:48:00,2.95,13643.0,United Kingdom
491717,21318,GLASS CHALICE BLUE SMALL ,1,2009-12-13 15:54:00,1.65,16725.0,United Kingdom
490063,85053,FRENCH ENAMEL CANDLEHOLDER,2,2009-12-03 13:49:00,2.1,17271.0,United Kingdom
491406,85038,6 CHOCOLATE LOVE HEART T-LIGHTS,2,2009-12-10 18:27:00,2.1,14081.0,United Kingdom
492134,21791,VINTAGE HEADS AND TAILS CARD GAME ,1,2009-12-15 14:19:00,1.25,,United Kingdom
492368,22119, PEACE WOODEN BLOCK LETTERS,4,2009-12-16 14:08:00,6.95,14415.0,United Kingdom
492425,90005A,JADE GREEN ENAMEL HAIR COMB,1,2009-12-16 17:58:00,2.16,,United Kingdom
493798,47502,POLKADOT CUTLERY 24 PCS IN TRAY,20,2010-01-07 11:09:00,9.95,16029.0,United Kingdom
493721,85049F,BABY BOOM RIBBONS ,3,2010-01-06 10:53:00,1.25,17362.0,United Kingdom
490149,70007,HI TEC ALPINE HAND WARMER,2,2009-12-04 09:43:00,3.43,,United Kingdom
492640,20777,CHRYSANTHEMUM NOTEBOOK,1,2009-12-17 16:38:00,1.65,13077.0,United Kingdom
491427,21843,RETRO SPOT CAKE STAND,1,2009-12-10 20:22:00,10.95,14702.0,United Kingdom
493264,21931,JUMBO STORAGE BAG SUKI,1,2009-12-22 15:04:00,4.3,,United Kingdom
491971,79302M,"ART LIGHTS,FUNK MONKEY",1,2009-12-14 18:37:00,6.04,,United Kingdom
490014,20979,36 PENCILS TUBE RED SPOTTY,2,2009-12-03 12:28:00,1.25,15466.0,United Kingdom
492226,84032A,CHARLIE+LOLA PINK HOT WATER BOTTLE,1,2009-12-15 18:33:00,6.04,,United Kingdom
491924,20970,PINK FLORAL FELTCRAFT SHOULDER BAG,4,2009-12-14 15:31:00,3.75,17364.0,United Kingdom
490893,21756,BATH BUILDING BLOCK WORD,2,2009-12-08 13:02:00,5.95,13571.0,United Kingdom
491123,21830,ASSORTED CREEPY CRAWLIES,144,2009-12-09 15:20:00,0.42,17043.0,United Kingdom
490489,22315,200 RED + WHITE BENDY STRAWS,1,2009-12-06 13:08:00,1.25,15751.0,United Kingdom
493074,35647,VINTAGE BEAD PINK SHADE ,1,2009-12-22 09:45:00,2.57,,United Kingdom
492414,21986,PACK OF 12 PINK SPOT TISSUES ,1,2009-12-16 17:01:00,0.83,,United Kingdom
490136,22204,MILK PAN BLUE RETROSPOT,1,2009-12-03 19:13:00,3.75,17432.0,United Kingdom
490478,84991,60 TEATIME FAIRY CAKE CASES,4,2009-12-06 12:42:00,0.55,14896.0,United Kingdom
489914,79323G,GOLD  CHERRY LIGHTS,4,2009-12-03 10:28:00,6.75,12921.0,United Kingdom
490694,22197,"POPCORN HOLDER , SMALL ",24,2009-12-07 14:02:00,0.85,13089.0,United Kingdom
493372,48111,DOOR MAT 3 SMILEY CATS,1,2009-12-23 11:21:00,6.75,15044.0,United Kingdom
491969,21106,CREAM SLICE FLANNEL CHOCOLATE SPOT ,1,2009-12-14 17:57:00,6.04,,United Kingdom
C489610,22138,BAKING SET 9 PIECE RETROSPOT ,-2,2009-12-01 14:52:00,4.95,17485.0,United Kingdom
492546,85123A,WHITE HANGING HEART T-LIGHT HOLDER,12,2009-12-17 14:01:00,2.95,13557.0,United Kingdom
491924,18098A,PINK PORCELAIN B'FLY OIL BURNER,1,2009-12-14 15:31:00,2.95,17364.0,United Kingdom
C493859,85047,WHITE BEADED GARLAND STRING 20LIGHT,-2,2010-01-07 16:15:00,6.35,14911.0,EIRE
492839,85232D,SET/3 DECOUPAGE STACKING TINS,1,2009-12-21 11:08:00,4.95,14085.0,United Kingdom
492414,21891,TRADITIONAL WOODEN SKIPPING ROPE,1,2009-12-16 17:01:00,2.57,,United Kingdom
489875,21890,S/6 WOODEN SKITTLES IN COTTON BAG,1,2009-12-02 15:41:00,2.95,17841.0,United Kingdom
489857,82613D,METAL SIGN CUPCAKE SINGLE HOOK,1,2009-12-02 14:43:00,2.57,,United Kingdom
489793,22172,METAL SHELF WITH RAIL ,2,2009-12-02 12:09:00,8.5,17476.0,United Kingdom
490459,82482,WOODEN PICTURE FRAME WHITE FINISH,6,2009-12-06 11:58:00,2.55,15555.0,United Kingdom
491113,21609,SET 12 LAVENDER  BOTANICAL T-LIGHTS,1,2009-12-09 14:48:00,2.95,14505.0,United Kingdom
492783,79323P,PINK CHERRY LIGHTS,1,2009-12-18 17:15:00,13.87,,United Kingdom
489875,35603C,SET/16 WHITE SHINY & MATT BAUBLES,1,2009-12-02 15:41:00,2.1,17841.0,United Kingdom
489787,22109,FULL ENGLISH BREAKFAST PLATE,1,2009-12-02 11:53:00,3.75,15542.0,United Kingdom
492317,84991,60 TEATIME FAIRY CAKE CASES,24,2009-12-16 12:16:00,0.55,15615.0,United Kingdom
492765,20726,LUNCH BAG WOODLAND,10,2009-12-18 14:54:00,1.65,13855.0,United Kingdom
492705,84997D,PINK 3 PIECE MINI DOTS CUTLERY SET,4,2009-12-17 19:42:00,3.75,14702.0,United Kingdom
489875,21385,IVORY HANGING DECORATION  HEART,2,2009-12-02 15:41:00,0.85,17841.0,United Kingdom
492419,85098B,BLUE FLYING SINGING CANARY,1,2009-12-16 17:34:00,3.75,14540.0,United Kingdom
493074,22125,UNION JACK HOT WATER BOTTLE ,1,2009-12-22 09:45:00,13.0,,United Kingdom
493947,22357,KINGS CHOICE BISCUIT TIN,2,2010-01-08 12:22:00,4.25,17243.0,United Kingdom
490612,85198,ASSORTED FARMYARD ANIMALS IN BUCKET,12,2009-12-07 11:46:00,0.85,17508.0,Greece
491966,21108,FAIRY CAKE FLANNEL ASSORTED COLOUR,4,2009-12-14 17:16:00,5.17,,United Kingdom
490100,21165,BEWARE OF THE CAT METAL SIGN ,6,2009-12-03 16:21:00,1.69,13001.0,United Kingdom
489866,22055,MINI CAKE STAND  HANGING STRAWBERY,1,2009-12-02 15:04:00,1.65,16200.0,United Kingdom
493667,72772,SET/4 SCENTED CANDLES IN RAMEKINS,32,2010-01-05 12:13:00,1.25,13253.0,United Kingdom
490679,21107,CREAM SLICE FLANNEL PINK SPOT ,12,2009-12-07 13:24:00,2.95,18162.0,United Kingdom
493432,21218,RED SPOTTY BISCUIT TIN,1,2010-01-04 12:30:00,3.75,14680.0,United Kingdom
491663,22155,STAR DECORATION RUSTIC,20,2009-12-13 11:23:00,0.42,15860.0,United Kingdom
489866,21524,SPOTTY  HOME SWEET HOME DOORMAT,2,2009-12-02 15:04:00,6.75,16200.0,United Kingdom
490074,21212,PACK OF 72 RETRO SPOT CAKE CASES,8,2009-12-03 14:39:00,1.3,,United Kingdom
491993,72802B,OCEAN SCENT CANDLE IN JEWELLED BOX,6,2009-12-15 10:28:00,4.25,17213.0,United Kingdom
489866,47578A,ENGLISH ROSE SMALL SCENTED FLOWER,1,2009-12-02 15:04:00,0.85,16200.0,United Kingdom
491118,90214I,"LETTER ""I"" BLING KEY RING",1,2009-12-09 15:03:00,1.25,16933.0,United Kingdom
489614,22272,FELTCRAFT DOLL MARIA,1,2009-12-01 14:56:00,6.04,,United Kingdom
493067,85123A,WHITE HANGING HEART T-LIGHT HOLDER,1,2009-12-21 17:20:00,2.95,,United Kingdom
489857,21846,PINK DIAMANTE PEN IN GIFT BOX,4,2009-12-02 14:43:00,4.3,,United Kingdom
490685,84949,SILVER HANGING T-LIGHT HOLDER,6,2009-12-07 13:48:00,1.65,13206.0,United Kingdom
491893,21684,SMALL MEDINA STAMPED METAL BOWL ,12,2009-12-14 15:17:00,0.85,16805.0,United Kingdom
492725,20877,MODERN CHRISTMAS BAUBLE CANDLE ,1,2009-12-18 11:03:00,0.42,,United Kingdom
489488,20967,GREY FLORAL FELTCRAFT SHOULDER BAG,1,2009-12-01 10:59:00,3.75,17238.0,United Kingdom
490745,21645,ASSORTED TUTTI FRUTTI ROUND BOX,3,2009-12-07 18:02:00,3.43,,United Kingdom
491969,22236,CAKE STAND 3 TIER MAGIC GARDEN,1,2009-12-14 17:57:00,26.04,,United Kingdom
490514,21730,GLASS STAR FROSTED T-LIGHT HOLDER,1,2009-12-06 15:01:00,4.95,16773.0,United Kingdom
491119,21902,"KEY FOB , FRONT  DOOR ",3,2009-12-09 15:03:00,0.65,,United Kingdom
491127,22114,HOT WATER BOTTLE TEA AND SYMPATHY,4,2009-12-09 16:00:00,3.95,18065.0,United Kingdom
490745,21980,PACK OF 12 RED SPOTTY TISSUES ,1,2009-12-07 18:02:00,0.83,,United Kingdom
490095,21257,VICTORIAN SEWING BOX MEDIUM,2,2009-12-03 16:02:00,7.95,14958.0,United Kingdom
490711,47504G,ENGLISH ROSE TAPE MEASURE,1,2009-12-07 15:26:00,1.25,17841.0,United Kingdom
489612,21252,SET OF MEADOW  FLOWER STICKERS,1,2009-12-01 14:55:00,6.04,,United Kingdom
490924,85123A,WHITE HANGING HEART T-LIGHT HOLDER,2,2009-12-08 13:27:00,2.95,17978.0,United Kingdom
494012,20657,TROPICAL LUGGAGE TAG,8,2010-01-11 09:31:00,0.87,,United Kingdom
490757,82093,HEART SHAPE BUTTON FRAME ,24,2009-12-08 09:35:00,1.25,14215.0,United Kingdom
491123,22138,BAKING SET 9 PIECE RETROSPOT ,2,2009-12-09 15:20:00,4.95,17043.0,United Kingdom
493695,84884A,ANT WHITE WIRE HEART SPIRAL,1,2010-01-05 13:23:00,3.95,14606.0,United Kingdom
491205,85038,6 CHOCOLATE LOVE HEART T-LIGHTS,72,2009-12-10 14:07:00,1.85,16779.0,United Kingdom
493442,21931,JUMBO STORAGE BAG SUKI,3,2010-01-04 13:36:00,1.95,13821.0,United Kingdom
492765,22139,RETRO SPOT TEA SET CERAMIC 11 PC ,6,2009-12-18 14:54:00,4.95,13855.0,United Kingdom
490144,21464,DISCO BALL ROTATOR BATTERY OPERATED,2,2009-12-04 08:46:00,4.25,13154.0,United Kingdom
493079,79144C,PAINTED LIGHTBULB RAINBOW DESIGN,1,2009-12-22 09:52:00,0.86,,United Kingdom
492520,16156S,WRAP PINK FAIRY CAKES ,25,2009-12-17 12:12:00,0.42,14422.0,United Kingdom
491645,85036A,GARDENIA 1 WICK MORRIS BOXED CANDLE,1,2009-12-11 16:54:00,4.25,17860.0,United Kingdom
493565,90214N,"LETTER ""N"" BLING KEY RING",1,2010-01-04 17:39:00,1.25,17950.0,United Kingdom
491064,22278,OVERNIGHT BAG VINTAGE ROSE PAISLEY,1,2009-12-09 11:58:00,4.95,16782.0,United Kingdom
492783,21491,SET OF THREE VINTAGE GIFT WRAPS,5,2009-12-18 17:15:00,4.3,,United Kingdom
491150,21774,DECORATIVE CATS BATHROOM BOTTLE,96,2009-12-10 08:30:00,1.06,16525.0,United Kingdom
491406,21876,POTTERING MUG,1,2009-12-10 18:27:00,1.25,14081.0,United Kingdom
492303,22299,PIG KEYRING WITH LIGHT & SOUND ,2,2009-12-16 11:57:00,2.57,,United Kingdom
493955,20679,EDWARDIAN PARASOL RED,3,2010-01-08 14:12:00,5.95,14016.0,EIRE
492587,21912,VINTAGE SNAKES & LADDERS,1,2009-12-17 15:29:00,3.75,,United Kingdom
491971,21842,PINK HEART CANDY BUTTON CALCULATOR,1,2009-12-14 18:37:00,5.17,,United Kingdom
490070,22112,CHOCOLATE HOT WATER BOTTLE,48,2009-12-03 14:07:00,4.25,14967.0,United Kingdom
493706,21929,JUMBO BAG PINK VINTAGE PAISLEY,5,2010-01-05 14:32:00,1.95,15768.0,United Kingdom
493231,21859,,1,2009-12-22 13:44:00,0.0,,United Kingdom
491651,21485,RED SPOT HEART HOT WATER BOTTLE,12,2009-12-13 10:41:00,4.95,13768.0,United Kingdom
493264,21539,RETRO SPOTS BUTTER DISH,1,2009-12-22 15:04:00,10.39,,United Kingdom
494007,79160,HEART SHAPE WIRELESS DOORBELL,2,2010-01-10 16:03:00,2.1,14606.0,United Kingdom
490956,79323S, SILVER CHERRY LIGHTS,144,2009-12-08 15:10:00,5.45,15413.0,United Kingdom
493074,15036,ASSORTED COLOURS SILK FAN,1,2009-12-22 09:45:00,1.3,,United Kingdom
492418,22125,UNION JACK HOT WATER BOTTLE ,12,2009-12-16 17:27:00,5.95,15498.0,United Kingdom
493181,72755C,FLOWER FAIRY OIL BURNER SET ROSE,160,2009-12-22 12:01:00,1.25,18251.0,United Kingdom
489791,21591,COSY HOUR CIGAR BOX MATCHES ,1,2009-12-02 12:06:00,1.25,15542.0,United Kingdom
491970,37410,BLACK AND WHITE PAISLEY FLOWER MUG,1,2009-12-14 18:03:00,16.48,,United Kingdom
491665,22186,RED STAR CARD HOLDER,7,2009-12-13 11:32:00,2.95,14685.0,United Kingdom
491340,20662,FIRST CLASS HOLIDAY PURSE ,2,2009-12-10 15:45:00,2.95,12979.0,United Arab Emirates
491658,21012,ANTIQUE ALL GLASS CANDLESTICK,2,2009-12-13 11:05:00,2.1,16442.0,United Kingdom
493569,72754B,F FAIRY POTPOURRI CUSHIONS LAVENDER,36,2010-01-05 09:29:00,0.65,13901.0,United Kingdom
493952,15036,ASSORTED COLOURS SILK FAN,96,2010-01-08 13:52:00,0.65,12971.0,United Kingdom
490941,85123A,WHITE HANGING HEART T-LIGHT HOLDER,6,2009-12-08 14:03:00,2.95,14527.0,United Kingdom
492425,21429,RED GINGHAM ROSE JEWELLERY BOX,1,2009-12-16 17:58:00,3.43,,United Kingdom
491666,84279B,CHERRY BLOSSOM DECORATIVE FLASK,4,2009-12-13 11:34:00,3.75,13026.0,United Kingdom
492878,21498,RED SPOTS  WRAP ,25,2009-12-21 11:53:00,0.42,13510.0,United Kingdom
490522,21781,MA CAMPAGNE CUTLERY BOX,3,2009-12-06 15:31:00,14.95,15641.0,United Kingdom
489782,22356,"CHARLOTTE BAG , PINK/WHITE SPOTS",5,2009-12-02 11:45:00,0.85,17189.0,United Kingdom
490074,21112,"SWISS ROLL TOWEL, PINK  SPOTS",1,2009-12-03 14:39:00,6.04,,United Kingdom
489866,21114,LAVENDER SCENTED FABRIC HEART,10,2009-12-02 15:04:00,1.25,16200.0,United Kingdom
491180,22196,SMALL HEART MEASURING SPOONS,2,2009-12-10 12:03:00,0.85,15719.0,United Kingdom
492362,21980,PACK OF 12 RED SPOTTY TISSUES ,48,2009-12-16 13:49:00,0.29,15222.0,United Kingdom
494011,90129F,RED GLASS TASSLE BAG CHARM,1,2010-01-11 09:30:00,1.7,,United Kingdom
489832,21705,BAG 500g SWIRLY MARBLES,2,2009-12-02 14:06:00,1.65,14549.0,United Kingdom
492810,79323LP,LIGHT PINK CHERRY LIGHTS,24,2009-12-20 12:47:00,5.45,17858.0,United Kingdom
490360,21694,SMALL REGAL  SILVER CANDLEPOT ,6,2009-12-04 16:52:00,2.95,13679.0,United Kingdom
492784,21155,RED SPOTTY PEG BAG,1,2009-12-18 17:24:00,2.1,17841.0,United Kingdom
490141,21614,SET OF 12 ROSE BOTANICAL T-LIGHTS,6,2009-12-04 08:24:00,2.95,15755.0,United Kingdom
493374,21418,STARFISH SOAP DISH,1,2009-12-23 11:51:00,2.55,,United Kingdom
492231,84032B,CHARLIE + LOLA RED HOT WATER BOTTLE,6,2009-12-15 19:03:00,2.95,12956.0,United Kingdom
491700,21156,RED SPOTTY CHILDS APRON,3,2009-12-13 13:39:00,1.95,17802.0,United Kingdom
491969,21161,KEEP OUT BOYS DOOR HANGER ,1,2009-12-14 17:57:00,3.43,,United Kingdom
491082,21217,RED SPOTTY ROUND CAKE TINS,12,2009-12-09 13:16:00,8.95,16709.0,United Kingdom
489567,84029E,RED WOOLLY HOTTIE WHITE HEART.,4,2009-12-01 13:19:00,3.75,15326.0,United Kingdom
492547,21090,SET/6 COLLAGE PAPER PLATES,12,2009-12-17 14:08:00,0.85,17103.0,United Kingdom
492446,21731,RED TOADSTOOL LED NIGHT LIGHT,36,2009-12-17 11:11:00,1.65,13520.0,Switzerland
492839,21817,GLITTER CHRISTMAS TREE,6,2009-12-21 11:08:00,0.85,14085.0,United Kingdom
491050,21498,RED SPOTS  WRAP ,25,2009-12-09 10:46:00,0.42,12712.0,Germany
490609,22356,"CHARLOTTE BAG , PINK/WHITE SPOTS",3,2009-12-07 11:39:00,0.85,14037.0,United Kingdom
491657,20753,RETRO PINK SPOT WASHING UP GLOVES,3,2009-12-13 11:02:00,2.1,,United Kingdom
490000,21212,PACK OF 72 RETRO SPOT CAKE CASES,8,2009-12-03 11:34:00,0.55,17155.0,United Kingdom
490124,35096A,BLUE VICTORIAN FABRIC HEART BOX,2,2009-12-03 18:08:00,0.42,16791.0,United Kingdom
493925,84992,72 SWEETHEART FAIRY CAKE CASES,24,2010-01-08 11:25:00,0.55,15827.0,United Kingdom
489857,90161B,ANT COPPER TURQ BOUDICCA BRACELET,1,2009-12-02 14:43:00,5.2,,United Kingdom
490008,22139,RETRO SPOT TEA SET CERAMIC 11 PC ,1,2009-12-03 12:10:00,4.95,15768.0,United Kingdom
491321,21491,SET OF THREE VINTAGE GIFT WRAPS,6,2009-12-10 15:36:00,1.95,17032.0,United Kingdom
492015,22082,RIBBON REEL STRIPES DESIGN ,10,2009-12-15 12:00:00,1.65,14911.0,EIRE
492414,21629,SQUARE FLOOR CUSHION VINTAGE PINK ,2,2009-12-16 17:01:00,16.48,,United Kingdom
490281,21330,WOODLAND ANIMAL  WRITING SET ,12,2009-12-04 12:37:00,1.65,13481.0,United Kingdom
490385,82616A,BUBBLE GUM SCARF KNITTING KIT,48,2009-12-05 14:51:00,1.25,16410.0,United Kingdom
493925,47556B,TEA TIME TEA TOWELS ,6,2010-01-08 11:25:00,2.95,15827.0,United Kingdom
493073,85017B,ENVELOPE 50 BLOSSOM IMAGES,1,2009-12-22 09:41:00,0.83,,United Kingdom
491816,47570,ENGLISH ROSE TABLE CLOTH,4,2009-12-14 13:36:00,10.65,14961.0,United Kingdom
493360,21850,BLUE  DIAMANTE PEN IN GIFT BOX,24,2009-12-23 10:17:00,1.25,18252.0,United Kingdom
490533,20950,SET/6  ANGEL T-LIGHTS WHITE/GOLD,6,2009-12-06 16:07:00,1.25,17610.0,United Kingdom
492542,75049L,LARGE CIRCULAR MIRROR MOBILE,3,2009-12-17 13:38:00,1.25,15889.0,United Kingdom
489856,21888,BINGO SET,2,2009-12-02 14:36:00,7.78,,United Kingdom
491396,85232B,SET/3 RUSSIAN DOLL STACKING TINS,2,2009-12-10 16:35:00,4.95,17610.0,United Kingdom
493964,21156,RED SPOTTY CHILDS APRON,16,2010-01-08 16:29:00,1.95,12714.0,France
490846,22082,RIBBON REEL STRIPES DESIGN ,10,2009-12-08 12:46:00,1.65,17155.0,United Kingdom
489550,21615,4 LAVENDER BOTANICAL DINNER CANDLES,6,2009-12-01 12:33:00,3.75,14156.0,EIRE
490299,21527,RETRO SPOT TRADITIONAL TEAPOT ,1,2009-12-04 14:14:00,7.95,13680.0,United Kingdom
491967,84032A,CHARLIE+LOLA PINK HOT WATER BOTTLE,2,2009-12-14 17:34:00,2.95,17012.0,United Kingdom
493439,85222,ASSORTED COLOUR SILK COSMETIC PURSE,240,2010-01-04 13:25:00,0.65,13694.0,United Kingdom
493878,21832,CHOCOLATE CALCULATOR,12,2010-01-08 09:08:00,1.65,14769.0,United Kingdom
493074,20776,ABSTRACT CIRCLES NOTEBOOK,1,2009-12-22 09:45:00,3.43,,United Kingdom
C490700,90214C,"LETTER ""C"" BLING KEY RING",-6,2009-12-07 14:37:00,1.25,14695.0,United Kingdom
489597,20753,RETRO PINK SPOT WASHING UP GLOVES,1,2009-12-01 14:28:00,4.3,,United Kingdom
489446,85123A,WHITE HANGING HEART T-LIGHT HOLDER,32,2009-12-01 10:06:00,2.55,13758.0,United Kingdom
491924,21888,BINGO SET,5,2009-12-14 15:31:00,3.75,17364.0,United Kingdom
489667,22246,"GARLAND, MAGIC GARDEN 1.8M",12,2009-12-01 18:35:00,1.95,16563.0,United Kingdom
493247,72483,,2,2009-12-22 13:50:00,0.0,,United Kingdom
489597,85186C,BUNNY EGG GARLAND,1,2009-12-01 14:28:00,0.83,,United Kingdom
491970,79000,MOROCCAN TEA GLASS,2,2009-12-14 18:03:00,5.17,,United Kingdom
493066,M,Manual,1,2009-12-21 17:14:00,0.85,,United Kingdom
493079,16052,TEATIME PUSH DOWN RUBBER,3,2009-12-22 09:52:00,0.86,,United Kingdom
C493430,21556,CERAMIC STRAWBERRY MONEY BOX,-1,2010-01-04 11:43:00,2.55,14680.0,United Kingdom
493739,20996,JAZZ HEARTS ADDRESS BOOK,24,2010-01-06 12:16:00,0.42,14194.0,United Kingdom
493964,21747,SMALL SKULL WINDMILL,12,2010-01-08 16:29:00,1.25,12714.0,France
492414,85185B,PINK HORSE SOCK PUPPET,1,2009-12-16 17:01:00,6.04,,United Kingdom
490163,20992,JAZZ HEARTS PURSE NOTEBOOK,5,2009-12-04 11:22:00,0.85,14723.0,United Kingdom
490074,15036,ASSORTED COLOURS SILK FAN,3,2009-12-03 14:39:00,1.3,,United Kingdom
490016,21982,,-1012,2009-12-03 12:30:00,0.0,,United Kingdom
489888,84879,ASSORTED COLOUR BIRD ORNAMENT,32,2009-12-02 16:49:00,1.69,14841.0,United Kingdom
492228,21931,JUMBO STORAGE BAG SUKI,10,2009-12-15 19:01:00,1.95,15078.0,United Kingdom
490405,90141E,ORANGE PENDANT TRIPLE SHELL NECKLAC,2,2009-12-06 11:27:00,4.95,17244.0,United Kingdom
490008,22352,LUNCHBOX WITH CUTLERY RETROSPOT ,1,2009-12-03 12:10:00,2.55,15768.0,United Kingdom
491726,21054,NURSE'S BAG SOFT TOY,1,2009-12-14 08:40:00,8.95,12439.0,Cyprus
492445,37447,CERAMIC CAKE DESIGN SPOTTED PLATE,12,2009-12-17 11:07:00,1.49,17230.0,United Kingdom
492728,84029C,BROWN FURRY HOT WATER BOTTLE,40,2009-12-18 11:18:00,2.95,15311.0,United Kingdom
489645,21955,UNION JACK GUNS & ROSES  DOORMAT,2,2009-12-01 16:34:00,6.75,17191.0,United Kingdom
489574,21912,VINTAGE SNAKES & LADDERS,3,2009-12-01 13:31:00,3.75,13097.0,United Kingdom
490100,21900,"KEY FOB , SHED",10,2009-12-03 16:21:00,0.65,13001.0,United Kingdom
492445,84029G,KNITTED UNION FLAG HOT WATER BOTTLE,24,2009-12-17 11:07:00,3.39,17230.0,United Kingdom
490461,21181,PLEASE ONE PERSON  METAL SIGN,2,2009-12-06 12:07:00,2.1,13736.0,United Kingdom
491204,21931,JUMBO STORAGE BAG SUKI,1,2009-12-10 13:59:00,1.95,14648.0,United Kingdom
490709,84569B,PACK 3 FIRE ENGINE/CAR PATCHES,2,2009-12-07 15:15:00,1.25,17884.0,United Kingdom
493260,22068, BLACK PIRATE TREASURE CHEST,1,2009-12-22 14:31:00,3.43,,United Kingdom
489796,85112,S/3 TEAR DROP CUT GLASS DECORATION,12,2009-12-02 12:15:00,1.25,15680.0,United Kingdom
489522,21639,ASSORTED TUTTI FRUTTI KEYRING,10,2009-12-01 11:45:00,0.85,15998.0,United Kingdom
489880,20871,OPULENT VELVET SET/3 CANDLES,18,2009-12-02 16:18:00,1.25,13313.0,United Kingdom
491924,20975,12 PENCILS SMALL TUBE RED SPOTTY,4,2009-12-14 15:31:00,0.65,17364.0,United Kingdom
491051,21791,VINTAGE HEADS AND TAILS CARD GAME ,12,2009-12-09 10:46:00,1.25,14291.0,United Kingdom
489875,20619,TROPICAL PASSPORT COVER ,1,2009-12-02 15:41:00,2.1,17841.0,United Kingdom
491971,85031C,CURIOUS IMAGES SCRAP BOOK SET,2,2009-12-14 18:37:00,3.43,,United Kingdom
490464,21238,RED SPOTTY CUP,4,2009-12-06 12:10:00,0.85,15571.0,United Kingdom
493066,21116,OWL DOORSTOP,1,2009-12-21 17:14:00,4.95,,United Kingdom
492644,85114C,RED ENCHANTED FOREST PLACEMAT,4,2009-12-17 17:16:00,1.65,16200.0,United Kingdom
489462,90082D,DIAMANTE BOW BROOCH BLACK COLOUR,2,2009-12-01 10:49:00,6.35,17592.0,United Kingdom
490074,21162,TOXIC AREA  DOOR HANGER ,4,2009-12-03 14:39:00,3.43,,United Kingdom
490167,22415,WHITE TISSUE REAM,1,2009-12-04 11:36:00,7.95,18061.0,United Kingdom
490957,21364,PEACE SMALL WOOD LETTERS,2,2009-12-08 15:12:00,6.75,15823.0,United Kingdom
491396,22028,PENNY FARTHING BIRTHDAY CARD,12,2009-12-10 16:35:00,0.42,17610.0,United Kingdom
492209,79160,HEART SHAPE WIRELESS DOORBELL,1,2009-12-15 16:40:00,2.1,15768.0,United Kingdom
490484,71477,COLOUR GLASS. STAR T-LIGHT HOLDER,24,2009-12-06 12:53:00,2.75,16964.0,United Kingdom
491971,21637,ASSORTED SANSKRIT MINI NOTEBOOK,3,2009-12-14 18:37:00,2.57,,United Kingdom
491212,21144,PINK POODLE HANGING DECORATION ,4,2009-12-10 14:28:00,0.38,14062.0,United Kingdom
490202,85099F,JUMBO BAG STRAWBERRY,10,2009-12-04 12:03:00,1.95,15078.0,United Kingdom
489899,79323GR,sold as gold,-954,2009-12-03 09:41:00,0.0,,United Kingdom
493444,22149,FELTCRAFT 6 FLOWER FRIENDS,2,2010-01-04 13:47:00,2.1,16792.0,United Kingdom
492800,48111,DOOR MAT 3 SMILEY CATS,3,2009-12-20 11:50:00,6.75,13542.0,United Kingdom
491719,20713,JUMBO BAG OWLS,2,2009-12-13 16:03:00,1.95,17799.0,United Kingdom
490279,22139,RETRO SPOT TEA SET CERAMIC 11 PC ,1,2009-12-04 12:37:00,4.95,16891.0,United Kingdom
492543,20769,DAISY JOURNAL ,1,2009-12-17 13:41:00,2.55,,United Kingdom
490323,72807B,SET/3 OCEAN SCENT CANDLE JEWEL BOX,1,2009-12-04 15:27:00,4.25,14087.0,United Kingdom
491699,84987,SET OF 36 TEATIME PAPER DOILIES,12,2009-12-13 13:39:00,1.45,15628.0,United Kingdom
491113,20670,VIP HOLIDAY PURSE,1,2009-12-09 14:48:00,2.95,14505.0,United Kingdom
492234,21928,JUMBO BAG SCANDINAVIAN PAISLEY,30,2009-12-15 19:05:00,1.95,15394.0,United Kingdom
491172,21481,FAWN BLUE HOT WATER BOTTLE,36,2009-12-10 11:40:00,2.55,16843.0,United Kingdom
490074,22115,METAL SIGN EMPIRE TEA,1,2009-12-03 14:39:00,6.04,,United Kingdom
493079,22227,"DECORATION, HANGING HEART+MIRROR ",4,2009-12-22 09:52:00,1.3,,United Kingdom
490607,72740A,LARGE STRAWBERRY CHOCOLATE CANDLE,6,2009-12-07 11:29:00,2.55,13693.0,United Kingdom
490687,21552,CERAMIC BIRDHOUSE BLACK ROSE  LARGE,2,2009-12-07 13:49:00,5.95,14911.0,EIRE
492425,21106,CREAM SLICE FLANNEL CHOCOLATE SPOT ,3,2009-12-16 17:58:00,6.04,,United Kingdom
491805,21929,JUMBO BAG PINK VINTAGE PAISLEY,10,2009-12-14 13:10:00,1.95,12613.0,Germany
489654,21212,PACK OF 72 RETRO SPOT CAKE CASES,6,2009-12-01 17:19:00,0.55,15750.0,United Kingdom
489532,22077,6 RIBBONS RUSTIC CHARM,9,2009-12-01 11:58:00,1.65,13394.0,United Kingdom
492579,21557,SET OF 6 FUNKY BEAKERS,1,2009-12-17 14:38:00,2.95,15311.0,United Kingdom
491204,20680,PINK FLOWERS CHILDS UMBRELLA,1,2009-12-10 13:59:00,3.25,14648.0,United Kingdom
491662,22143,CHRISTMAS CRAFT HEART DECORATIONS,2,2009-12-13 11:16:00,2.1,15169.0,United Kingdom
490081,21755,LOVE BUILDING BLOCK WORD,9,2009-12-03 15:32:00,5.95,13786.0,United Kingdom
489875,21864,UNION JACK FLAG PASSPORT COVER ,1,2009-12-02 15:41:00,2.1,17841.0,United Kingdom
493695,85130A,BEADED PEARL HEART WHITE LARGE,1,2010-01-05 13:23:00,1.65,14606.0,United Kingdom
492714,20676,RED SPOTTY BOWL,3,2009-12-18 10:24:00,1.25,17913.0,United Kingdom
490741,85114C,RED ENCHANTED FOREST PLACEMAT,22,2009-12-07 17:56:00,3.43,,United Kingdom
492241,22079,RIBBON REEL HEARTS DESIGN ,10,2009-12-16 09:17:00,1.65,14769.0,United Kingdom
489800,84050,PINK HEART SHAPE EGG FRYING PAN,6,2009-12-02 12:26:00,1.65,17768.0,United Kingdom
489857,21801,CHRISTMAS TREE DECORATION WITH BELL,2,2009-12-02 14:43:00,0.87,,United Kingdom
490404,21781,MA CAMPAGNE CUTLERY BOX,1,2009-12-06 11:27:00,14.95,16277.0,United Kingdom
489597,22302,COFFEE MUG PEARS  DESIGN,1,2009-12-01 14:28:00,5.17,,United Kingdom
490375,20734,SILVER MINI TAPE MEASURE ,10,2009-12-05 12:42:00,0.85,13999.0,United Kingdom
491971,21643,ASSORTED TUTTI FRUTTI MIRROR,2,2009-12-14 18:37:00,2.57,,United Kingdom
490966,21756,BATH BUILDING BLOCK WORD,2,2009-12-08 16:20:00,5.95,17178.0,United Kingdom
492519,85078,SCANDINAVIAN 3 HEARTS NAPKIN RING,24,2009-12-17 12:04:00,0.65,14543.0,United Kingdom
493093,21479,,-91,2009-12-22 10:55:00,0.0,,United Kingdom
490093,37449,CERAMIC CAKE STAND + HANGING CAKES,2,2009-12-03 15:56:00,9.95,12949.0,United Kingdom
491809,22034,ROBIN CHRISTMAS CARD,12,2009-12-14 13:19:00,0.42,17965.0,United Kingdom
491421,85036B,CHOCOLATE 1 WICK MORRIS BOX CANDLE,1,2009-12-10 19:35:00,4.25,16798.0,United Kingdom
493882,22233,JIGSAW RABBIT AND BIRDHOUSE,24,2010-01-08 10:02:00,1.65,15586.0,United Kingdom
490014,22053,EMPIRE DESIGN ROSETTE,2,2009-12-03 12:28:00,1.25,15466.0,United Kingdom
490127,20750, RED/WHITE DOT MINI CASES,2,2009-12-03 18:13:00,7.95,14156.0,EIRE
491673,21112,"SWISS ROLL TOWEL, PINK  SPOTS",1,2009-12-13 11:49:00,2.95,17085.0,United Kingdom
491698,22302,COFFEE MUG PEARS  DESIGN,6,2009-12-13 13:31:00,2.55,12681.0,France
491155,20963,APPLE BATH SPONGE,4,2009-12-10 09:49:00,2.57,,United Kingdom
493446,47578A,ENGLISH ROSE SMALL SCENTED FLOWER,6,2010-01-04 14:00:00,0.85,17807.0,United Kingdom
493546,21481,FAWN BLUE HOT WATER BOTTLE,2,2010-01-04 17:03:00,2.95,17969.0,United Kingdom
491834,22189,CREAM HEART CARD HOLDER,2,2009-12-14 14:36:00,3.95,17623.0,United Kingdom
493704,21897,POTTING SHED CANDLE CITRONELLA,3,2010-01-05 14:12:00,2.95,13610.0,United Kingdom
490279,84625B,BLCK NEW BAROQUE CANDLESTICK CANDLE,2,2009-12-04 12:37:00,2.95,16891.0,United Kingdom
491064,84032B,CHARLIE + LOLA RED HOT WATER BOTTLE,2,2009-12-09 11:58:00,2.95,16782.0,United Kingdom
491966,20729,RED SPOTTY CANDY BAG,7,2009-12-14 17:16:00,2.57,,United Kingdom
489856,21983,PACK OF 12 BLUE PAISLEY TISSUES ,1,2009-12-02 14:36:00,0.83,,United Kingdom
489529,21833,CAMOUFLAGE LED TORCH,2,2009-12-01 11:51:00,1.69,17984.0,United Kingdom
492174,21161,KEEP OUT BOYS DOOR HANGER ,96,2009-12-15 15:16:00,0.38,13798.0,United Kingdom
489857,22080,RIBBON REEL SPOTS DESIGN ,1,2009-12-02 14:43:00,3.43,,United Kingdom
493969,22036,DINOSAUR BIRTHDAY CARD,12,2010-01-08 17:09:00,0.42,14031.0,United Kingdom
491178,22066,LOVE HEART TRINKET POT,2,2009-12-10 11:55:00,1.45,14099.0,United Kingdom
491811,22195,LARGE HEART MEASURING SPOONS,10,2009-12-14 13:22:00,1.65,12835.0,United Kingdom
493759,85031B,BLOSSOM IMAGES SCRAP BOOK SET,1,2010-01-06 13:56:00,4.95,17965.0,United Kingdom
491662,84975,HEART SHAPED MIRROR,6,2009-12-13 11:16:00,1.69,15169.0,United Kingdom
490145,21735,TWO DOOR CURIO CABINET,2,2009-12-04 09:27:00,12.75,14564.0,Channel Islands
494003,21114,LAVENDER SCENTED FABRIC HEART,10,2010-01-10 15:24:00,1.25,17222.0,United Kingdom
492004,21592,RETRO SPOT  CIGAR BOX MATCHES ,24,2009-12-15 11:25:00,1.25,17082.0,United Kingdom
491644,21341,KASBAH LANTERN WITH GLASS ,2,2009-12-11 16:48:00,4.65,17860.0,United Kingdom
490323,21077,SET/20 WOODLAND PAPER NAPKINS ,1,2009-12-04 15:27:00,0.85,14087.0,United Kingdom
491692,22284,HEN HOUSE DECORATION,24,2009-12-13 13:21:00,1.65,14514.0,United Kingdom
490941,21242,RED SPOTTY PLATE ,2,2009-12-08 14:03:00,1.69,14527.0,United Kingdom
494002,72023F,RED ORGANIC CANDLE IN GLASS,12,2010-01-10 14:26:00,1.25,13634.0,United Kingdom
491113,84029G,KNITTED UNION FLAG HOT WATER BOTTLE,2,2009-12-09 14:48:00,3.75,14505.0,United Kingdom
491634,85124C,GREEN JUICY FRUIT PHOTO FRAME,1,2009-12-11 15:40:00,2.55,17841.0,United Kingdom
492794,21135,VICTORIAN  METAL POSTCARD SPRING,8,2009-12-20 10:41:00,1.69,13847.0,United Kingdom
489830,22112,CHOCOLATE HOT WATER BOTTLE,2,2009-12-02 13:57:00,4.95,13623.0,United Kingdom
492340,84828,JUNGLE POPSICLES ICE LOLLY HOLDERS,2,2009-12-16 12:29:00,1.25,17954.0,United Kingdom
491719,22131,FOOD CONTAINER SET 3 LOVE HEART ,4,2009-12-13 16:03:00,1.95,17799.0,United Kingdom
489857,22099,CARAVAN SQUARE TISSUE BOX,1,2009-12-02 14:43:00,2.57,,United Kingdom
490834,37446,MINI CAKE STAND WITH HANGING CAKES,1,2009-12-08 12:38:00,1.45,16400.0,United Kingdom
492244,22073,RETRO SPOT STORAGE JAR,4,2009-12-16 09:37:00,3.75,17646.0,United Kingdom
490074,20889,JARDIN DE FEMME SCENTED CANDLE,1,2009-12-03 14:39:00,6.04,,United Kingdom
490717,85232D,SET/3 DECOUPAGE STACKING TINS,2,2009-12-07 15:28:00,4.95,17364.0,United Kingdom
491751,20975,12 PENCILS SMALL TUBE RED SPOTTY,24,2009-12-14 11:59:00,0.65,16190.0,United Kingdom
490366,84946,ANTIQUE SILVER TEA GLASS ETCHED,12,2009-12-05 10:31:00,1.25,18071.0,United Kingdom
491041,22349,"DOG BOWL , CHASING BALL DESIGN",1,2009-12-09 09:42:00,7.78,,United Kingdom
490542,22139,RETRO SPOT TEA SET CERAMIC 11 PC ,9,2009-12-07 09:42:00,4.95,14911.0,EIRE
491051,20682,RED SPOTTY CHILDS UMBRELLA,6,2009-12-09 10:46:00,3.25,14291.0,United Kingdom
492437,22309,TEA COSY RED  STRIPE,6,2009-12-17 10:27:00,2.55,13269.0,United Kingdom
493265,79072,TEATIME CAKE TIN WITH HANDLE,1,2009-12-22 15:05:00,17.35,,United Kingdom
493961,85123A,WHITE HANGING HEART T-LIGHT HOLDER,1,2010-01-08 15:16:00,2.95,17841.0,United Kingdom
492414,84396,6 HOOK JEWELLERY STAND BLACK DRESS,1,2009-12-16 17:01:00,8.65,,United Kingdom
491073,16162L,THE KING GIFT BAG,144,2009-12-09 12:45:00,0.19,15403.0,United Kingdom
490142,20727,LUNCH BAG  BLACK SKULL.,30,2009-12-04 08:36:00,1.65,14258.0,United Kingdom
492074,22245,"HOOK, 1 HANGER ,MAGIC GARDEN",12,2009-12-15 13:12:00,0.85,12941.0,United Kingdom
490362,22047,EMPIRE GIFT WRAP,25,2009-12-04 17:31:00,0.42,12748.0,United Kingdom
491209,84519A,TOMATO CHARLIE+LOLA COASTER SET,3,2009-12-10 14:19:00,2.95,15573.0,United Kingdom
490074,21903,MAN FLU METAL SIGN,2,2009-12-03 14:39:00,4.3,,United Kingdom
493757,84997D,PINK 3 PIECE MINI DOTS CUTLERY SET,6,2010-01-06 13:08:00,3.75,15712.0,United Kingdom
490741,85199L,LARGE HANGING IVORY & RED WOOD BIRD,1,2009-12-07 17:56:00,1.3,,United Kingdom
493536,21801,CHRISTMAS TREE DECORATION WITH BELL,10,2010-01-04 15:29:00,0.42,17841.0,United Kingdom
492303,20961,STRAWBERRY BATH SPONGE ,1,2009-12-16 11:57:00,2.57,,United Kingdom
490061,84912B,GREEN ROSE WASHBAG,600,2009-12-03 13:42:00,2.0,18102.0,United Kingdom
490494,84206A,3 BLACK CATS W HEARTS BLANK CARD,1,2009-12-06 13:29:00,0.19,17561.0,United Kingdom
492472,85049E,SCANDINAVIAN REDS RIBBONS,2,2009-12-17 11:38:00,1.25,15862.0,United Kingdom
491663,79067,CORONA MEXICAN TRAY,2,2009-12-13 11:23:00,3.75,15860.0,United Kingdom
490471,21821,GLITTER STAR GARLAND WITH BELLS ,12,2009-12-06 12:28:00,3.75,15878.0,United Kingdom
490926,21777,RECIPE BOX WITH METAL HEART,2,2009-12-08 13:38:00,7.95,15031.0,United Kingdom
493873,22073,RETRO SPOT STORAGE JAR,4,2010-01-07 18:34:00,3.75,13711.0,United Kingdom
493073,90013B,BLACK VINTAGE EARRINGS,1,2009-12-22 09:41:00,4.33,,United Kingdom
489795,72741,GRAND CHOCOLATECANDLE,18,2009-12-02 12:13:00,1.45,14440.0,United Kingdom
490741,72739B,WHITE CHOCOLATE SCENT CANDLE,3,2009-12-07 17:56:00,2.57,,United Kingdom
489550,72760B,VINTAGE CREAM 3 BASKET CAKE STAND,4,2009-12-01 12:33:00,9.95,14156.0,EIRE
490149,21647,ASSORTED TUTTI FRUTTI LARGE PURSE,1,2009-12-04 09:43:00,4.3,,United Kingdom
490300,90214S,"LETTER ""S"" BLING KEY RING",1,2009-12-04 14:19:00,1.25,12970.0,United Kingdom
492064,82483,WOOD 2 DRAWER CABINET WHITE FINISH,2,2009-12-15 12:49:00,5.95,16713.0,United Kingdom
493696,84378,SET OF 3 HEART COOKIE CUTTERS,12,2010-01-05 13:32:00,1.25,16779.0,United Kingdom
C491546,21891,TRADITIONAL WOODEN SKIPPING ROPE,-1,2009-12-11 12:38:00,1.25,17679.0,United Kingdom
489913,22232,3 PIECE JIGSAW TOADSTOOLS,8,2009-12-03 10:28:00,1.65,13931.0,United Kingdom
492296,72800E,4 IVORY DINNER CANDLES SILVER FLOCK,12,2009-12-16 11:53:00,0.79,14667.0,United Kingdom
489547,20724,RED SPOTTY CHARLOTTE BAG,10,2009-12-01 12:30:00,0.85,13599.0,United Kingdom
491155,47566B,TEA TIME PARTY BUNTING,1,2009-12-10 09:49:00,8.65,,United Kingdom
490331,21544,SKULLS  WATER TRANSFER TATTOOS ,1,2009-12-04 15:30:00,0.85,18181.0,United Kingdom
492399,21908,CHOCOLATE THIS WAY METAL SIGN,6,2009-12-16 15:31:00,2.1,14329.0,United Kingdom
490542,84031B,CHARLIE LOLA BLUE HOT WATER BOTTLE ,3,2009-12-07 09:42:00,4.65,14911.0,EIRE
491462,48116,DOOR MAT MULTICOLOUR STRIPE,6,2009-12-11 11:38:00,6.75,17243.0,United Kingdom
491043,84510B,SET OF 4 FAIRY CAKES COASTERS ,1,2009-12-09 09:51:00,2.57,,United Kingdom
489832,22075,6 RIBBONS ELEGANT CHRISTMAS ,2,2009-12-02 14:06:00,1.65,14549.0,United Kingdom
490109,22114,HOT WATER BOTTLE TEA AND SYMPATHY,8,2009-12-03 16:51:00,3.95,14755.0,United Kingdom
494011,47599A,PINK PARTY BAGS,2,2010-01-11 09:30:00,4.3,,United Kingdom
491091,21527,RETRO SPOT TRADITIONAL TEAPOT ,12,2009-12-09 13:34:00,6.95,16705.0,United Kingdom
491966,21903,MAN FLU METAL SIGN,1,2009-12-14 17:16:00,4.3,,United Kingdom
493819,21985,PACK OF 12 HEARTS DESIGN TISSUES ,432,2010-01-07 12:34:00,0.25,14156.0,EIRE
C489555,21260,FIRST AID TIN,-6,2009-12-01 12:44:00,3.25,16955.0,United Kingdom
491438,20753,RETRO PINK SPOT WASHING UP GLOVES,12,2009-12-11 10:27:00,2.1,18268.0,United Kingdom
491077,20985,HEART CALCULATOR,4,2009-12-09 12:57:00,1.25,14593.0,United Kingdom
489766,21975,PACK OF 60 DINOSAUR CAKE CASES,1,2009-12-02 11:34:00,0.55,17818.0,United Kingdom
490302,20780,BLACK EAR MUFF HEADPHONES,1,2009-12-04 14:29:00,5.49,17841.0,United Kingdom
489814,22072,TEA CUP AND SAUCER RETRO SPOT,1,2009-12-02 13:06:00,3.75,14669.0,United Kingdom
490149,72529W,WHITE ADVENT CANDLE,9,2009-12-04 09:43:00,4.3,,United Kingdom
493841,21844,RETRO SPOT MUG,6,2010-01-07 14:04:00,2.95,13394.0,United Kingdom
489916,22149,FELTCRAFT 6 FLOWER FRIENDS,6,2009-12-03 10:37:00,2.1,15194.0,United Kingdom
493979,21977,PACK OF 60 PINK PAISLEY CAKE CASES,6,2010-01-10 11:58:00,0.55,17323.0,United Kingdom
490757,21212,PACK OF 72 RETRO SPOT CAKE CASES,24,2009-12-08 09:35:00,0.55,14215.0,United Kingdom
492425,21390,FILIGRIS HEART WITH BUTTERFLY,2,2009-12-16 17:58:00,2.57,,United Kingdom
490479,21865,PINK UNION JACK  PASSPORT COVER ,6,2009-12-06 12:42:00,2.1,16779.0,United Kingdom
492009,22222,CAKE PLATE LOVEBIRD WHITE,2,2009-12-15 11:28:00,4.95,14871.0,United Kingdom
493052,21649,ASSORTED TUTTI FRUTTI PHOTO FRAME,12,2009-12-21 16:32:00,2.95,14480.0,United Kingdom
493666,22111,SCOTTIE DOG HOT WATER BOTTLE,3,2010-01-05 12:06:00,4.95,16017.0,United Kingdom
490305,35471A,SET OF 3 BIRD L.BLUE FEATHER,6,2009-12-04 14:37:00,1.25,17243.0,United Kingdom
489597,21520,BOOZE & WOMEN GREETING CARD ,1,2009-12-01 14:28:00,0.86,,United Kingdom
489668,21490,SET OF THREE 50'S GIFT WRAPS ,48,2009-12-01 19:19:00,1.65,16701.0,United Kingdom
493395,21784,SHOE SHINE BOX ,4,2009-12-23 13:41:00,9.95,12539.0,Spain
490963,20713,JUMBO BAG OWLS,2,2009-12-08 15:49:00,4.3,,United Kingdom
490522,21580,RABBIT  DESIGN  COTTON TOTE BAG,6,2009-12-06 15:31:00,2.25,15641.0,United Kingdom
492782,35471D,SET OF 3 BIRD LIGHT PINK FEATHER ,1,2009-12-18 17:06:00,2.57,,United Kingdom
491462,72008,FROSTED BOX 9 WHITE T-LIGHT CANDLES,24,2009-12-11 11:38:00,0.42,17243.0,United Kingdom
489593,21257,VICTORIAN SEWING BOX MEDIUM,2,2009-12-01 14:19:00,7.95,12836.0,United Kingdom
493307,22139,RETRO SPOT TEA SET CERAMIC 11 PC ,1,2009-12-22 15:58:00,4.95,,United Kingdom
490003,84997A,GREEN 3 PIECE MINI DOTS CUTLERY SET,6,2009-12-03 11:51:00,3.75,16159.0,United Kingdom
490403,21432,SET OF 3 CASES WOODLAND DESIGN,1,2009-12-06 11:13:00,5.95,17920.0,United Kingdom
492465,21755,LOVE BUILDING BLOCK WORD,4,2009-12-17 11:33:00,5.95,13564.0,United Kingdom
489869,22350,CAT BOWL ,1,2009-12-02 15:15:00,2.55,16200.0,United Kingdom
492705,84997C,BLUE 3 PIECE MINI DOTS CUTLERY SET,1,2009-12-17 19:42:00,3.75,14702.0,United Kingdom
490214,20658,RED SPOTTY LUGGAGE TAG,12,2009-12-04 12:11:00,1.25,13175.0,United Kingdom
491969,90013B,BLACK VINTAGE EARRINGS,1,2009-12-14 17:57:00,4.33,,United Kingdom
C491820,21548,CERAMIC BIRDHOUSE FINCH BLUE ROOF,-2,2009-12-14 13:49:00,2.95,15015.0,United Kingdom
490149,22130,PARTY CONE CHRISTMAS DECORATION ,2,2009-12-04 09:43:00,8.65,,United Kingdom
489488,90062,CARNIVAL BRACELET,2,2009-12-01 10:59:00,12.75,17238.0,United Kingdom
490302,21402,RED  EGG  SPOON,1,2009-12-04 14:29:00,0.42,17841.0,United Kingdom
491969,21812,GARLAND WITH HEARTS AND BELLS,1,2009-12-14 17:57:00,10.39,,United Kingdom
491935,21836,GINGHAM OVEN GLOVE RED HEART ,5,2009-12-14 15:38:00,3.75,16125.0,United Kingdom
491714,84596K,JELLY BABIES YELLOW SMALL BOWL,1,2009-12-13 15:38:00,1.25,16409.0,United Kingdom
497170,85185F,,-6,2010-02-05 17:24:00,0.0,,United Kingdom
494685,22058,CERAMIC LOVE HEARTS DESIGN MUG,1,2010-01-18 11:39:00,3.36,,United Kingdom
494014,15056BL,EDWARDIAN PARASOL BLACK,1,2010-01-11 09:33:00,13.0,,United Kingdom
494918,21173,LOO ROLL  METAL SIGN ,1,2010-01-19 17:49:00,4.21,,United Kingdom
497881,71459,HANGING JAM JAR T-LIGHT HOLDER,192,2010-02-14 11:24:00,0.72,15372.0,United Kingdom
498123,82599,FANNY'S REST STOPMETAL SIGN,1,2010-02-16 15:35:00,2.1,16409.0,United Kingdom
494803,21034,REX CASH+CARRY JUMBO SHOPPER,2,2010-01-18 15:03:00,0.95,15005.0,United Kingdom
498736,21327,SKULLS WRITING SET ,6,2010-02-22 16:04:00,1.65,12748.0,United Kingdom
494378,84971L,LARGE HEART FLOWERS HOOK   ,1,2010-01-13 17:03:00,2.51,,United Kingdom
497499,21411,GINGHAM HEART  DOORSTOP RED,3,2010-02-10 10:36:00,4.25,15176.0,United Kingdom
498133,22383,LUNCH BAG SUKI  DESIGN ,1,2010-02-16 17:24:00,4.21,,United Kingdom
497741,84452,METAL RABBIT LADDER EASTER ,12,2010-02-12 10:29:00,0.85,15755.0,United Kingdom
494456,21438,TUB 24 HANGING EASTER EGGS SPOTTY,4,2010-01-14 14:10:00,3.75,13233.0,United Kingdom
494029,21755,LOVE BUILDING BLOCK WORD,12,2010-01-11 10:24:00,5.95,12913.0,United Kingdom
495409,21198,WHITE HEART CONFETTI IN TUBE,2,2010-01-25 10:26:00,1.65,17810.0,United Kingdom
496609,21593,SWALLOW CIGAR BOX MATCHES ,8,2010-02-02 16:42:00,1.25,17092.0,United Kingdom
495206,22147,FELTCRAFT BUTTERFLY HEARTS,5,2010-01-21 16:44:00,1.45,16126.0,United Kingdom
497221,84520B,PACK 20 ENGLISH ROSE PAPER NAPKINS,2,2010-02-07 15:07:00,0.85,17550.0,United Kingdom
494918,20759,CHRYSANTHEMUM POCKET BOOK ,5,2010-01-19 17:49:00,0.64,,United Kingdom
494898,21080,SET/20 RED SPOTTY PAPER NAPKINS ,24,2010-01-19 14:27:00,0.85,14413.0,United Kingdom
494451,84031B,CHARLIE LOLA BLUE HOT WATER BOTTLE ,2,2010-01-14 13:50:00,4.65,14527.0,United Kingdom
495244,37503,TEA TIME CAKE STAND IN GIFT BOX,4,2010-01-22 10:51:00,10.75,15179.0,United Kingdom
494018,90042A,FRESHWATER PEARL BRACELET GOLD,1,2010-01-11 09:37:00,2.59,,United Kingdom
495196,21122,SET/10 PINK SPOTTY PARTY CANDLES,2,2010-01-21 15:30:00,1.25,12748.0,United Kingdom
495029,17091J,VANILLA INCENSE IN TIN,3,2010-01-20 14:03:00,1.25,16085.0,United Kingdom
496339,84987,SET OF 36 TEATIME PAPER DOILIES,2,2010-01-31 15:40:00,1.45,16655.0,United Kingdom
498091,21069,VINTAGE BILLBOARD TEA MUG,12,2010-02-16 12:35:00,1.25,14639.0,United Kingdom
496706,20832,RED FLOCK LOVE HEART PHOTO FRAME,72,2010-02-03 13:34:00,0.85,15874.0,United Kingdom
497521,72800C,S/4 PINK DINNER CANDLE SILVER FLOCK,1,2010-02-10 13:39:00,2.55,17780.0,United Kingdom
497029,21056,DOCTOR'S BAG SOFT TOY,2,2010-02-05 13:35:00,8.95,13141.0,United Kingdom
497401,22326,ROUND SNACK BOXES SET OF4 WOODLAND ,6,2010-02-09 13:56:00,2.95,13985.0,United Kingdom
496086,22149,FELTCRAFT 6 FLOWER FRIENDS,2,2010-01-28 19:41:00,2.1,15861.0,United Kingdom
494387,21918,SET 12 KIDS COLOUR  CHALK STICKS,1,2010-01-14 09:46:00,0.81,,United Kingdom
494364,21499,BLUE SPOTS  WRAP,25,2010-01-13 16:04:00,0.42,14146.0,United Kingdom
497691,35920,FOUR RABBIT EASTER DECORATIONS,3,2010-02-11 15:29:00,1.25,14040.0,United Kingdom
495804,90170,DAISY HAIR BAND,1,2010-01-26 17:48:00,1.69,,United Kingdom
498769,20725,LUNCH BAG RED SPOTTY,24,2010-02-23 09:54:00,1.65,13093.0,United Kingdom
498101,84755,COLOUR GLASS T-LIGHT HOLDER HANGING,32,2010-02-16 13:32:00,0.65,12960.0,United Kingdom
498554,22382,LUNCH BAG SPACEBOY DESIGN ,10,2010-02-21 11:08:00,1.65,13761.0,United Kingdom
494814,16225,RATTLE SNAKE EGGS,1,2010-01-19 09:05:00,1.28,,United Kingdom
498026,21929,JUMBO BAG PINK VINTAGE PAISLEY,10,2010-02-15 17:26:00,1.95,15640.0,United Kingdom
495925,20985,HEART CALCULATOR,6,2010-01-27 14:38:00,1.25,17861.0,United Kingdom
494685,21943,CAKES AND RABBITS DESIGN FLANNEL ,1,2010-01-18 11:39:00,0.85,,United Kingdom
497636,21241,GREEN SPOTTY CUP,16,2010-02-11 13:44:00,0.85,17685.0,United Kingdom
496728,37502,TEA TIME MUG IN GIFT BOX,3,2010-02-03 14:23:00,2.95,14709.0,United Kingdom
497983,21612,SET 12 WILDFLOWER BOTANICAL T-LIGHT,6,2010-02-15 13:46:00,2.95,16860.0,United Kingdom
495176,21975,PACK OF 60 DINOSAUR CAKE CASES,12,2010-01-21 13:21:00,0.55,13623.0,United Kingdom
496333,72796B,S/3 FRENCH VANILLA SQU CANDLE,2,2010-01-31 14:25:00,1.65,15338.0,United Kingdom
496490,48185,DOOR MAT FAIRY CAKE,2,2010-02-01 17:18:00,13.57,,United Kingdom
495376,22066,LOVE HEART TRINKET POT,4,2010-01-24 13:24:00,1.45,15581.0,United Kingdom
496222,21976,PACK OF 60 MUSHROOM CAKE CASES,24,2010-01-29 13:53:00,0.55,13583.0,United Kingdom
497921,48173C,DOOR MAT BLACK FLOCK ,2,2010-02-14 15:38:00,7.49,14869.0,United Kingdom
494359,21903,MAN FLU METAL SIGN,1,2010-01-13 15:24:00,2.1,17962.0,United Kingdom
497909,84578,ELEPHANT TOY WITH BLUE T-SHIRT,1,2010-02-14 13:39:00,3.75,15272.0,United Kingdom
495227,21165,BEWARE OF THE CAT METAL SIGN ,3,2010-01-21 19:11:00,1.69,14713.0,United Kingdom
498716,22358,KINGS CHOICE TEA CADDY ,6,2010-02-22 13:31:00,2.95,15754.0,United Kingdom
496677,22059,CERAMIC STRWBERRY DESIGN MUG,1,2010-02-03 12:46:00,1.49,16081.0,United Kingdom
498439,21407,BROWN CHECK CAT DOORSTOP ,3,2010-02-19 09:36:00,4.25,14285.0,United Kingdom
498160,22136,LOVE HEART SOCK HANGER,2,2010-02-17 11:58:00,1.65,15911.0,United Kingdom
495365,82551,LAUNDRY 15C METAL SIGN,1,2010-01-24 12:15:00,1.25,14701.0,United Kingdom
494382,22243,"HOOK, 5 HANGER ,MAGIC TOADSTOOL RED",1,2010-01-13 17:51:00,3.36,,United Kingdom
494018,21946,PARTY TIME DESIGN FLANNEL,1,2010-01-11 09:37:00,0.87,,United Kingdom
495955,22079,RIBBON REEL HEARTS DESIGN ,10,2010-01-28 09:09:00,1.65,14625.0,United Kingdom
497251,22242,"HOOK, 5 HANGER , MAGIC TOADSTOOL",12,2010-02-08 12:08:00,1.65,13870.0,United Kingdom
497519,22247,BUNNY DECORATION MAGIC GARDEN,4,2010-02-10 13:32:00,0.85,15311.0,United Kingdom
495686,22112,CHOCOLATE HOT WATER BOTTLE,4,2010-01-26 12:10:00,4.95,15044.0,United Kingdom
495227,22085,PAPER CHAIN KIT SKULLS ,3,2010-01-21 19:11:00,2.95,14713.0,United Kingdom
495947,20961,STRAWBERRY BATH SPONGE ,4,2010-01-27 16:41:00,1.25,12484.0,Spain
498118,72741,GRAND CHOCOLATECANDLE,72,2010-02-16 14:49:00,1.25,16701.0,United Kingdom
498508,71459,HANGING JAM JAR T-LIGHT HOLDER,12,2010-02-19 11:46:00,0.85,16574.0,United Kingdom
494873,20718,RED SPOTTY SHOPPER BAG,10,2010-01-19 12:26:00,1.25,12589.0,France
495443,16218,CARTOON  PENCIL SHARPENERS,8,2010-01-25 11:53:00,0.16,,United Kingdom
498597,90186A,AMETHYST HOOP EARRING FLORAL LEAF,6,2010-02-21 16:02:00,2.95,16273.0,United Kingdom
496351,85067,CREAM SWEETHEART WALL CABINET,1,2010-02-01 08:35:00,18.95,14370.0,United Kingdom
498261,22333,RETRO SPORT PARTY BAG + STICKER SET,2,2010-02-17 14:47:00,1.65,16938.0,United Kingdom
498549,84378,SET OF 3 HEART COOKIE CUTTERS,2,2010-02-19 18:04:00,2.51,,United Kingdom
496930,22365,DOOR MAT RESPECTABLE HOUSE,2,2010-02-04 16:43:00,7.49,17873.0,United Kingdom
494166,90039B,FIRE POLISHED GLASS BRACELET MONTAN,1,2010-01-12 09:48:00,3.81,,United Kingdom
495384,21314,SMALL GLASS HEART TRINKET POT,4,2010-01-24 14:24:00,2.1,17141.0,United Kingdom
494644,85038,6 CHOCOLATE LOVE HEART T-LIGHTS,1,2010-01-17 12:12:00,2.1,16595.0,United Kingdom
495194,16044,POP-ART FLUORESCENT PENS,6144,2010-01-21 15:11:00,0.06,13902.0,Denmark
495058,21677,HEARTS  STICKERS,6,2010-01-20 15:30:00,0.85,17875.0,United Kingdom
496800,85049E,SCANDINAVIAN REDS RIBBONS,1,2010-02-03 17:04:00,2.51,,United Kingdom
496770,22383,LUNCH BAG SUKI  DESIGN ,4,2010-02-03 15:19:00,1.65,15015.0,United Kingdom
497374,21578,WOODLAND DESIGN  COTTON TOTE BAG,12,2010-02-09 10:49:00,2.25,12645.0,Germany
498114,21988,PACK OF 6 SKULL PAPER PLATES,2,2010-02-16 14:32:00,0.85,15311.0,United Kingdom
497493,85130D,BEADED CRYSTAL HEART PINK LARGE,1,2010-02-09 17:38:00,3.36,,United Kingdom
498588,48138,DOOR MAT UNION FLAG,2,2010-02-21 15:18:00,7.49,12945.0,United Kingdom
496595,84437A,S/6 PINK EASTER DECS IN BOX,5,2010-02-02 15:49:00,0.85,13042.0,United Kingdom
494387,20685,RED SPOTTY COIR DOORMAT,1,2010-01-14 09:46:00,13.57,,United Kingdom
494442,21527,RETRO SPOT TRADITIONAL TEAPOT ,2,2010-01-14 13:02:00,7.95,12644.0,Germany
498577,21892,TRADITIONAL WOODEN CATCH CUP GAME ,12,2010-02-21 13:48:00,1.25,16948.0,United Kingdom
494144,22212,FOUR HOOK  WHITE LOVEBIRDS,1,2010-01-11 14:35:00,4.21,,United Kingdom
496463,37502,TEA TIME MUG IN GIFT BOX,6,2010-02-01 14:52:00,2.95,15480.0,Malta
495345,20728,LUNCH BAG CARS BLUE,10,2010-01-24 10:27:00,1.65,17242.0,United Kingdom
494364,21175,GIN + TONIC DIET METAL SIGN,6,2010-01-13 16:04:00,2.1,14146.0,United Kingdom
497525,48138,DOOR MAT UNION FLAG,1,2010-02-10 14:03:00,7.49,13442.0,United Kingdom
496247,17129D,CLEAR COLOUR GLASS GEMS IN BAG,3,2010-01-29 16:11:00,1.66,,United Kingdom
495239,21677,HEARTS  STICKERS,2,2010-01-22 10:01:00,0.81,,United Kingdom
496616,47566,PARTY BUNTING,5,2010-02-03 09:03:00,4.65,12682.0,France
494785,22090,PAPER BUNTING RETRO SPOTS,1,2010-01-18 13:24:00,2.95,17966.0,United Kingdom
496308,21645,ASSORTED TUTTI FRUTTI ROUND BOX,12,2010-01-31 11:54:00,1.65,17625.0,United Kingdom
496591,85007,SET OF 3 VINTAGE TEA TIME BOXES,3,2010-02-02 14:48:00,4.65,,Bahrain
497402,22231,JIGSAW TREE WITH BIRDHOUSE,24,2010-02-09 14:17:00,1.45,16873.0,United Kingdom
497873,90212B,JET BLACK LAS VEGAS BRACELET ROUND,1,2010-02-12 17:03:00,3.81,,United Kingdom
497353,21212,PACK OF 72 RETRO SPOT CAKE CASES,4,2010-02-08 16:48:00,1.28,,United Kingdom
496490,22329,ROUND CONTAINER SET OF 5 RETROSPOT,1,2010-02-01 17:18:00,3.36,,United Kingdom
495389,37450,CERAMIC CAKE BOWL + HANGING CAKES,1,2010-01-24 15:14:00,2.95,14044.0,United Kingdom
496487,85199S,SMALL HANGING IVORY/RED WOOD BIRD,2,2010-02-01 17:13:00,0.81,,United Kingdom
494614,15056BL,EDWARDIAN PARASOL BLACK,6,2010-01-15 13:32:00,4.95,17850.0,United Kingdom
496093,85014B,RED/WHITE DOTS RUFFLED UMBRELLA,3,2010-01-29 10:10:00,5.95,12949.0,United Kingdom
497027,48189,DOOR MAT FRIENDSHIP ,2,2010-02-05 13:17:00,6.75,13658.0,United Kingdom
497353,21506,"FANCY FONT BIRTHDAY CARD, ",1,2010-02-08 16:48:00,0.85,,United Kingdom
497517,21210,SET OF 72 RETRO SPOT PAPER  DOILIES,12,2010-02-10 13:04:00,1.45,13813.0,Germany
498545,21788,KIDS RAIN MAC BLUE,2,2010-02-19 17:02:00,0.85,13191.0,United Kingdom
498517,79323W, WHITE CHERRY LIGHTS,1,2010-02-19 12:34:00,6.75,15808.0,United Kingdom
494782,21175,GIN + TONIC DIET METAL SIGN,2,2010-01-18 13:15:00,4.21,,United Kingdom
497791,21431,GREEN GINGHAM FLOWER JEWELLERY BOX,4,2010-02-12 12:21:00,1.65,16713.0,United Kingdom
C496219,22147,FELTCRAFT BUTTERFLY HEARTS,-12,2010-01-29 13:52:00,1.45,13004.0,United Kingdom
498249,85200,BUNNY EGG BOX,12,2010-02-17 14:39:00,1.25,14911.0,EIRE
496915,82483,WOOD 2 DRAWER CABINET WHITE FINISH,16,2010-02-04 15:21:00,4.95,15856.0,United Kingdom
494495,22098,BOUDOIR SQUARE TISSUE BOX,1,2010-01-14 17:43:00,2.51,,United Kingdom
497201,84997B,RED 3 PIECE MINI DOTS CUTLERY SET,6,2010-02-07 11:37:00,3.75,12681.0,France
496625,21498,RED SPOTS  WRAP ,50,2010-02-03 09:56:00,0.42,14051.0,United Kingdom
495390,84750A,PINK SMALL GLASS CAKE STAND,2,2010-01-24 15:23:00,1.95,17142.0,United Kingdom
495920,21669,BLUE STRIPE CERAMIC DRAWER KNOB,12,2010-01-27 13:41:00,1.25,15808.0,United Kingdom
495030,21385,IVORY HANGING DECORATION  HEART,24,2010-01-20 14:04:00,0.85,13982.0,United Kingdom
498133,35811A,ENAMEL PINK SUGAR CONTAINER,1,2010-02-16 17:24:00,4.21,,United Kingdom
497397,16156N,"WRAP, FRIENDSHIP ON GREEN",25,2010-02-09 13:18:00,0.42,17631.0,United Kingdom
494685,21889,WOODEN BOX OF DOMINOES,1,2010-01-18 11:39:00,2.51,,United Kingdom
495020,22125,UNION JACK HOT WATER BOTTLE ,2,2010-01-20 13:24:00,5.95,16200.0,United Kingdom
494482,22045,SPACEBOY GIFT WRAP,25,2010-01-14 16:24:00,0.42,13983.0,United Kingdom
495239,84569C,PACK 4 FLOWER/BUTTERFLY PATCHES,2,2010-01-22 10:01:00,2.51,,United Kingdom
C498344,21833,CAMOUFLAGE LED TORCH,-12,2010-02-18 11:20:00,1.69,13658.0,United Kingdom
496851,21620,S/4 ROSE    BOTANICAL  CANDLE,2,2010-02-04 11:40:00,3.75,15768.0,United Kingdom
494214,22138,BAKING SET 9 PIECE RETROSPOT ,3,2010-01-12 11:45:00,4.95,12623.0,Germany
497629,20681,PINK SPOTTY CHILDS UMBRELLA,6,2010-02-11 13:07:00,3.25,14301.0,United Kingdom
496623,22027,TEA PARTY BIRTHDAY CARD,24,2010-02-03 09:43:00,0.42,15497.0,United Kingdom
498569,21549,CERAMIC BIRDHOUSE RED ROOF SMALL,6,2010-02-21 12:50:00,2.95,14911.0,EIRE
498091,21545,CERAMIC BIRDHOUSE BUTTERFLY SMALL,6,2010-02-16 12:35:00,2.95,14639.0,United Kingdom
497394,21578,WOODLAND DESIGN  COTTON TOTE BAG,12,2010-02-09 13:08:00,2.25,12681.0,France
494459,84578,ELEPHANT TOY WITH BLUE T-SHIRT,2,2010-01-14 14:18:00,3.75,14667.0,United Kingdom
494387,22328,ROUND SNACK BOXES SET OF 4 FRUITS ,1,2010-01-14 09:46:00,5.91,,United Kingdom
494378,22276,WASH BAG VINTAGE ROSE PAISLEY,1,2010-01-13 17:03:00,5.91,,United Kingdom
494922,21381,MINI WOODEN HAPPY BIRTHDAY GARLAND,12,2010-01-20 09:57:00,1.69,12987.0,United Kingdom
495910,72802B,OCEAN SCENT CANDLE IN JEWELLED BOX,3,2010-01-27 12:46:00,4.25,15911.0,United Kingdom
497956,15056BL,EDWARDIAN PARASOL BLACK,3,2010-02-15 13:13:00,5.95,17136.0,United Kingdom
494459,21841,BABY MOUSE RED GINGHAM DRESS,3,2010-01-14 14:18:00,4.25,14667.0,United Kingdom
494359,21248,DOOR HANGER  MUM + DADS ROOM,1,2010-01-13 15:24:00,1.45,17962.0,United Kingdom
497274,21216,"SET 3 RED SPOT TIN TEA,COFFEE,SUGAR",4,2010-02-08 13:56:00,4.95,16781.0,United Kingdom
497912,22217,T-LIGHT HOLDER HANGING LACE,6,2010-02-14 14:35:00,1.25,12867.0,United Kingdom
497873,84510B,SET OF 4 FAIRY CAKES COASTERS ,1,2010-02-12 17:03:00,2.51,,United Kingdom
494459,21067,VINTAGE RED TEATIME MUG,6,2010-01-14 14:18:00,1.25,14667.0,United Kingdom
497493,82585,SWEET VALENCIA CANDLE+CUP,1,2010-02-09 17:38:00,2.51,,United Kingdom
498133,21659,GLASS CAKE STAND,1,2010-02-16 17:24:00,29.74,,United Kingdom
498596,21622,VINTAGE UNION JACK CUSHION COVER,4,2010-02-21 15:58:00,4.95,13152.0,United Kingdom
495184,21846,PINK DIAMANTE PEN IN GIFT BOX,1,2010-01-21 13:58:00,4.95,17841.0,United Kingdom
496703,22329,ROUND CONTAINER SET OF 5 RETROSPOT,12,2010-02-03 13:22:00,1.65,12396.0,RSA
494668,21215, IVORY PAPER CUP CAKE CASES ,2,2010-01-17 14:56:00,0.55,13616.0,United Kingdom
494442,20754,RETRO RED SPOTTY WASHING UP GLOVES,6,2010-01-14 13:02:00,2.1,12644.0,Germany
498441,84952C,MIRROR LOVE BIRD T-LIGHT HOLDER,1,2010-02-19 09:37:00,7.62,,United Kingdom
495226,48129,DOOR MAT TOPIARY,10,2010-01-21 18:05:00,5.95,17351.0,United Kingdom
498389,82607A,GLASS BONBON JAR PARFUME AUX FLEURE,6,2010-02-18 14:43:00,1.25,14606.0,United Kingdom
496340,85232B,SET/3 RUSSIAN DOLL STACKING TINS,3,2010-01-31 15:45:00,4.95,12668.0,Germany
494443,48185,DOOR MAT FAIRY CAKE,1,2010-01-14 13:03:00,6.75,15898.0,United Kingdom
494632,21539,RETRO SPOTS BUTTER DISH,3,2010-01-15 16:53:00,4.95,15633.0,United Kingdom
496932,82582,AREA PATROLLED METAL SIGN,12,2010-02-04 16:48:00,2.1,17873.0,United Kingdom
494442,22251,BIRDHOUSE DECORATION MAGIC GARDEN,12,2010-01-14 13:02:00,1.25,12644.0,Germany
495912,21539,RETRO SPOTS BUTTER DISH,1,2010-01-27 12:50:00,4.95,13590.0,United Kingdom
494217,72484,ROSES IN WHITE HEART CANDLE ,48,2010-01-12 12:12:00,0.38,16525.0,United Kingdom
498114,37333,"RETRO ""TEA FOR ONE"" ",1,2010-02-16 14:32:00,4.95,15311.0,United Kingdom
494395,85065,CREAM SWEETHEART TRAYS,2,2010-01-14 10:35:00,12.75,14256.0,United Kingdom
495232,21877,HOME SWEET HOME MUG,12,2010-01-22 09:19:00,1.25,14156.0,EIRE
496615,46776A,WOVEN BUBBLE GUM CUSHION COVER,2,2010-02-03 08:50:00,4.21,,United Kingdom
497880,47559B,TEA TIME OVEN GLOVE,10,2010-02-14 11:23:00,1.25,16560.0,United Kingdom
494015,85061W,WHITE JEWELLED HEART DECORATION,1,2010-01-11 09:34:00,1.7,,United Kingdom
495353,21755,LOVE BUILDING BLOCK WORD,2,2010-01-24 11:21:00,5.95,17780.0,United Kingdom
496801,21907,I'M ON HOLIDAY METAL SIGN,1,2010-02-03 17:06:00,4.21,,United Kingdom
495072,47471,RAINBOW PEGS PHOTO CLIP STRING,24,2010-01-21 08:22:00,0.65,14215.0,United Kingdom
495912,21980,PACK OF 12 RED SPOTTY TISSUES ,12,2010-01-27 12:50:00,0.29,13590.0,United Kingdom
495925,21726,MULTI HEARTS  STICKERS,12,2010-01-27 14:38:00,0.85,17861.0,United Kingdom
495357,47503J,SET/3 FLORAL GARDEN TOOLS IN BAG,2,2010-01-24 11:35:00,7.95,14879.0,United Kingdom
494666,21500,PINK SPOTS  WRAP ,25,2010-01-17 14:53:00,0.42,13869.0,United Kingdom
495239,20672,PINK TEATIME PRINT BOWL,1,2010-01-22 10:01:00,2.51,,United Kingdom
494214,21429,RED GINGHAM ROSE JEWELLERY BOX,8,2010-01-12 11:45:00,1.65,12623.0,Germany
495395,22156,HEART DECORATION WITH PEARLS ,6,2010-01-24 15:54:00,0.85,14986.0,United Kingdom
498780,21444,BLUE CHALET BIRDFEEDER,1,2010-02-23 10:50:00,7.62,,United Kingdom
495367,48173C,DOOR MAT BLACK FLOCK ,1,2010-01-24 12:27:00,6.75,14070.0,United Kingdom
495920,21673,WHITE SPOT BLUE CERAMIC DRAWER KNOB,12,2010-01-27 13:41:00,1.25,15808.0,United Kingdom
498444,21122,SET/10 PINK SPOTTY PARTY CANDLES,2,2010-02-19 09:52:00,2.51,,United Kingdom
496024,82552,WASHROOM METAL SIGN,12,2010-01-28 14:06:00,1.25,13089.0,United Kingdom
C498402,85048,15CM CHRISTMAS GLASS BALL 20 LIGHTS,-1,2010-02-18 15:48:00,7.95,14686.0,United Kingdom
497912,20976,12 PENCILS SMALL TUBE POSY,5,2010-02-14 14:35:00,0.65,12867.0,United Kingdom
494778,22318,FIVE HEART HANGING DECORATION,2,2010-01-18 12:48:00,2.95,14461.0,United Kingdom
498133,85186C,BUNNY EGG GARLAND,1,2010-02-16 17:24:00,0.81,,United Kingdom
497600,82011B,BATHROOM SCALES RUBBER DUCKS,1,2010-02-11 10:01:00,3.75,17085.0,United Kingdom
496321,85040A,S/4 PINK FLOWER CANDLES IN BOWL,1,2010-01-31 12:43:00,1.65,16014.0,United Kingdom
498436,21785,RAIN PONCHO ,1,2010-02-18 18:33:00,0.85,14686.0,United Kingdom
495726,22173,METAL 4 HOOK HANGER FRENCH CHATEAU,8,2010-01-26 15:11:00,2.95,13514.0,United Kingdom
497947,22325,MOBILE VINTAGE HEARTS ,6,2010-02-15 12:05:00,4.95,12380.0,Belgium
495939,85062,PEARL CRYSTAL PUMPKIN T-LIGHT HLDR,6,2010-01-27 15:49:00,1.65,13101.0,United Kingdom
496130,21181,PLEASE ONE PERSON  METAL SIGN,12,2010-01-29 11:12:00,2.1,14469.0,United Kingdom
497259,22356,"CHARLOTTE BAG , PINK/WHITE SPOTS",10,2010-02-08 12:56:00,0.85,14884.0,United Kingdom
498611,85086A,CANDY SPOT HEART DECORATION,12,2010-02-22 09:22:00,0.85,13540.0,United Kingdom
497706,21440,12 MINI TOADSTOOL PEGS,1,2010-02-11 16:27:00,1.25,16978.0,United Kingdom
496900,79323B,BLACK CHERRY LIGHTS,4,2010-02-04 14:19:00,6.75,17138.0,United Kingdom
494619,22138,BAKING SET 9 PIECE RETROSPOT ,6,2010-01-15 14:50:00,4.95,12631.0,Finland
498496,47566,PARTY BUNTING,1,2010-02-19 11:06:00,8.47,,United Kingdom
498161,22214,CANDLE PLATE LACE WHITE,6,2010-02-17 12:03:00,2.55,15251.0,United Kingdom
496325,21563,RED HEART SHAPE LOVE BUCKET ,6,2010-01-31 13:05:00,2.95,12490.0,France
498249,22267,EASTER DECORATION EGG BUNNY ,12,2010-02-17 14:39:00,1.25,14911.0,EIRE
498762,47580,TEA TIME DES TEA COSY,1,2010-02-22 17:10:00,2.55,14081.0,United Kingdom
495439,22149,FELTCRAFT 6 FLOWER FRIENDS,6,2010-01-25 11:52:00,2.1,13477.0,United Kingdom
498133,20726,LUNCH BAG WOODLAND,1,2010-02-16 17:24:00,4.21,,United Kingdom
497488,20707,CRAZY DAISY HEART DECORATION,3,2010-02-09 16:01:00,1.25,13700.0,United Kingdom
498144,21701,No Stock,-82,2010-02-17 10:04:00,0.0,,United Kingdom
C494366,21430,SET/3 RED GINGHAM ROSE STORAGE BOX,-1,2010-01-13 16:07:00,3.75,13854.0,United Kingdom
496877,17027A,INCENSE BAZAAR CANNABIS,144,2010-02-04 13:47:00,0.42,13783.0,United Kingdom
496340,21843,RETRO SPOT CAKE STAND,1,2010-01-31 15:45:00,10.95,12668.0,Germany
496069,22046,TEA PARTY  WRAPPING PAPER ,50,2010-01-28 16:07:00,0.42,13093.0,United Kingdom
496334,21381,MINI WOODEN HAPPY BIRTHDAY GARLAND,24,2010-01-31 14:37:00,1.69,14911.0,EIRE
498441,79320, FLAMINGO LIGHTS,1,2010-02-19 09:37:00,11.02,,United Kingdom
C498607,21232,STRAWBERRY CERAMIC TRINKET BOX,-6,2010-02-21 16:20:00,1.25,18223.0,United Kingdom
495406,15036,ASSORTED COLOURS SILK FAN,5,2010-01-25 09:54:00,1.28,,United Kingdom
497495,21980,PACK OF 12 RED SPOTTY TISSUES ,48,2010-02-10 08:46:00,0.29,12932.0,United Kingdom
496341,22380,TOY TIDY SPACEBOY  ,4,2010-01-31 15:47:00,2.1,17107.0,United Kingdom
C498092,22171,3 HOOK PHOTO SHELF ANTIQUE WHITE,-1,2010-02-16 12:39:00,8.5,12836.0,United Kingdom
495073,15060B,FAIRY CAKE DESIGN UMBRELLA,4,2010-01-21 08:47:00,3.75,14911.0,EIRE
494357,21936,RED/WHITE SPOT PICNIC BAG,10,2010-01-13 15:06:00,2.95,12647.0,Germany
494625,48138,DOOR MAT UNION FLAG,1,2010-01-15 15:47:00,6.75,17851.0,United Kingdom
494442,22232,JIGSAW TOADSTOOLS 3 PIECE,8,2010-01-14 13:02:00,1.65,12644.0,Germany
495963,82551,LAUNDRY 15C METAL SIGN,6,2010-01-28 10:42:00,1.25,13448.0,United Kingdom
497353,84692,BOX OF 24 COCKTAIL PARASOLS,1,2010-02-08 16:48:00,0.81,,United Kingdom
498765,22384,LUNCH BAG PINK RETROSPOT,1,2010-02-23 09:37:00,1.65,12755.0,Japan
494381,21256,"FRENCH BOTTLE, BRASSERIE DES ARTIST",2,2010-01-13 17:44:00,3.36,,United Kingdom
498046,84949,SILVER HANGING T-LIGHT HOLDER,12,2010-02-16 10:44:00,1.65,15051.0,United Kingdom
494893,84991,60 TEATIME FAIRY CAKE CASES,24,2010-01-19 13:31:00,0.55,14156.0,EIRE
498014,20679,EDWARDIAN PARASOL RED,3,2010-02-15 15:00:00,5.95,15805.0,United Kingdom
494686,21041,RED SPOTTY OVEN GLOVE DOUBLE,4,2010-01-18 11:49:00,2.95,15039.0,United Kingdom
498348,22149,FELTCRAFT 6 FLOWER FRIENDS,6,2010-02-18 12:16:00,2.1,18172.0,United Kingdom
497209,22280,POCKET BAG PINK PAISELY BROWN SPOT,2,2010-02-07 12:40:00,2.1,16788.0,United Kingdom
496445,22219,LOVEBIRD HANGING DECORATION WHITE ,12,2010-02-01 13:59:00,0.85,13206.0,United Kingdom
496855,DCGS0056,,-4,2010-02-04 11:46:00,0.0,,United Kingdom
495804,21725,SWEETIES  STICKERS,1,2010-01-26 17:48:00,1.66,,United Kingdom
494028,84843,WHITE SOAP RACK WITH 2 BOTTLES,4,2010-01-11 10:15:00,5.95,17113.0,United Kingdom
497630,21193,WHITE HONEYCOMB PAPER FAN ,8,2010-02-11 13:10:00,2.1,17243.0,United Kingdom
497591,90200E,GREEN SWEETHEART BRACELET,1,2010-02-10 18:02:00,4.24,,United Kingdom
498071,84200,,-21,2010-02-16 12:19:00,0.0,,United Kingdom
495720,84997B,RED 3 PIECE MINI DOTS CUTLERY SET,3,2010-01-26 14:43:00,3.75,17059.0,United Kingdom
495183,20914,SET/5 RED SPOTTY LID GLASS BOWLS,6,2010-01-21 13:48:00,2.95,15296.0,United Kingdom
496334,22110,BIRD HOUSE HOT WATER BOTTLE,36,2010-01-31 14:37:00,2.95,14911.0,EIRE
494483,79323W, WHITE CHERRY LIGHTS,4,2010-01-14 16:33:00,6.75,13562.0,United Kingdom
494684,22270,HAPPY EASTER HANGING DECORATION,4,2010-01-18 11:31:00,3.75,15795.0,United Kingdom
498593,48188,DOOR MAT WELCOME PUPPIES,1,2010-02-21 15:47:00,7.49,14602.0,United Kingdom
494386,72800A,S/4 BLACK DINNER CANDLE SILVER FLOC,1,2010-01-14 09:41:00,5.06,,United Kingdom
494495,72800D,S/4 BLUE DINNER CANDLE SILVER FLOCK,1,2010-01-14 17:43:00,5.06,,United Kingdom
496063,21354,TOAST ITS - BEST MUM,12,2010-01-28 15:45:00,1.25,15137.0,United Kingdom
496972,82494L,WOODEN FRAME ANTIQUE WHITE ,6,2010-02-04 19:58:00,2.95,15031.0,United Kingdom
497391,21255,"FRENCH BOTTLE , LAVENDER",6,2010-02-09 12:38:00,1.65,12523.0,France
494799,84992,72 SWEETHEART FAIRY CAKE CASES,24,2010-01-18 14:49:00,0.55,16954.0,United Kingdom
494915,84978,HANGING HEART JAR T-LIGHT HOLDER,12,2010-01-19 17:12:00,1.25,13564.0,United Kingdom
498593,37422,WHITE WITH BLACK CATS BOWL,6,2010-02-21 15:47:00,0.85,14602.0,United Kingdom
498123,84926C,FAIRY CAKES TILE COASTER,6,2010-02-16 15:35:00,1.25,16409.0,United Kingdom
496589,22321,BIRD DECORATION RED SPOT,24,2010-02-02 14:34:00,0.85,17675.0,United Kingdom
498340,21174,POTTERING IN THE SHED METAL SIGN,12,2010-02-18 11:00:00,1.95,16143.0,United Kingdom
495102,84378,SET OF 3 HEART COOKIE CUTTERS,6,2010-01-21 11:11:00,1.25,15547.0,United Kingdom
497625,20675,BLUE SPOTTY BOWL,8,2010-02-11 12:47:00,1.25,15738.0,United Kingdom
494384,20752,RETRO BLUE SPOTTY WASHING UP GLOVES,6,2010-01-14 08:30:00,2.1,16304.0,United Kingdom
496086,22247,BUNNY DECORATION MAGIC GARDEN,3,2010-01-28 19:41:00,0.85,15861.0,United Kingdom
498642,85099B,JUMBO BAG RED WHITE SPOTTY ,10,2010-02-22 11:13:00,1.95,16057.0,United Kingdom
495389,22219,LOVEBIRD HANGING DECORATION WHITE ,1,2010-01-24 15:14:00,0.85,14044.0,United Kingdom
494017,21980,PACK OF 12 RED SPOTTY TISSUES ,2,2010-01-11 09:37:00,0.83,,United Kingdom
494814,85098B,BLUE FLYING SINGING CANARY,1,2010-01-19 09:05:00,7.62,,United Kingdom
496778,85077,,-2,2010-02-03 15:57:00,0.0,,United Kingdom
498400,82580,BATHROOM METAL SIGN,2,2010-02-18 15:33:00,0.55,15005.0,United Kingdom
498588,22386,JUMBO BAG PINK WITH WHITE SPOTS,10,2010-02-21 15:18:00,1.95,12945.0,United Kingdom
498133,22170,PICTURE FRAME WOOD TRIPLE PORTRAIT,1,2010-02-16 17:24:00,13.57,,United Kingdom
495239,20619,TROPICAL PASSPORT COVER ,2,2010-01-22 10:01:00,1.66,,United Kingdom
494144,22088,PAPER BUNTING COLOURED LACE,1,2010-01-11 14:35:00,5.91,,United Kingdom
494014,70006,LOVE HEART POCKET WARMER,1,2010-01-11 09:33:00,1.7,,United Kingdom
496624,22138,BAKING SET 9 PIECE RETROSPOT ,6,2010-02-03 09:47:00,4.95,15321.0,United Kingdom
494243,21553,CERAMIC BIRDHOUSE FINCH BLUE  LARGE,27,2010-01-12 15:57:00,4.0,18102.0,United Kingdom
498161,84991,60 TEATIME FAIRY CAKE CASES,120,2010-02-17 12:03:00,0.42,15251.0,United Kingdom
494166,22262,FELT EGG COSY CHICKEN,2,2010-01-12 09:47:00,1.66,,United Kingdom
496881,20719,WOODLAND CHARLOTTE BAG,3,2010-02-04 13:53:00,0.85,17841.0,United Kingdom
498114,84509A,SET OF 4 ENGLISH ROSE PLACEMATS,24,2010-02-16 14:32:00,2.95,15311.0,United Kingdom
498134,22358,KINGS CHOICE TEA CADDY ,1,2010-02-16 17:25:00,5.91,,United Kingdom
498389,22382,LUNCH BAG SPACEBOY DESIGN ,1,2010-02-18 14:43:00,1.65,14606.0,United Kingdom
498518,21529,RETRO SPOT CERAMIC TOASTRACK,1,2010-02-19 12:48:00,3.45,15867.0,United Kingdom
498636,20982,12 PENCILS TALL TUBE SKULLS,4,2010-02-22 11:11:00,0.85,14159.0,United Kingdom
497404,POST,POSTAGE,2,2010-02-09 14:28:00,18.0,12663.0,Germany
494786,20767,BLUE PAISLEY JOURNAL ,1,2010-01-18 13:24:00,2.51,,United Kingdom
494623,85129C,BEADED CRYSTAL HEART BLUE SMALL,12,2010-01-15 15:27:00,1.25,15393.0,United Kingdom
494503,15056N,EDWARDIAN PARASOL NATURAL,6,2010-01-14 18:56:00,4.95,17850.0,United Kingdom
494471,85099F,JUMBO BAG STRAWBERRY,4,2010-01-14 14:48:00,1.95,13680.0,United Kingdom
497209,21354,TOAST ITS - BEST MUM,2,2010-02-07 12:40:00,1.25,16788.0,United Kingdom
494918,90178A,AMBER CHUNKY GLASS+BEAD NECKLACE,1,2010-01-19 17:49:00,11.9,,United Kingdom
494495,20705,MRS ROBOT SOFT TOY,1,2010-01-14 17:43:00,5.91,,United Kingdom
496488,21555,CERAMIC STRAWBERRY TRINKET TRAY,1,2010-02-01 17:16:00,2.55,14606.0,United Kingdom
497591,85031A,ROMANTIC IMAGES SCRAP BOOK SET,2,2010-02-10 18:02:00,3.36,,United Kingdom
497880,48187,DOOR MAT NEW ENGLAND,2,2010-02-14 11:23:00,6.75,16560.0,United Kingdom
494239,21532,DAIRY MAID SUGAR JAM BOWL,1,2010-01-12 15:48:00,2.1,14081.0,United Kingdom
494118,17096,ASSORTED LAQUERED INCENSE HOLDERS,576,2010-01-11 12:37:00,0.17,12875.0,United Kingdom
494667,85042,ANTIQUE LILY FAIRY LIGHTS,24,2010-01-17 14:54:00,4.25,15223.0,United Kingdom
497591,84970S,HANGING HEART ZINC T-LIGHT HOLDER,1,2010-02-10 18:02:00,2.13,,United Kingdom
494987,22131,FOOD CONTAINER SET 3 LOVE HEART ,6,2010-01-20 11:31:00,1.95,18223.0,United Kingdom
496018,84847,FLORAL BATHROOM SET,2,2010-01-28 13:27:00,3.75,,United Kingdom
495239,84946,ANTIQUE SILVER TEA GLASS ETCHED,2,2010-01-22 10:01:00,2.51,,United Kingdom
498222,21034,REX CASH+CARRY JUMBO SHOPPER,2,2010-02-17 14:01:00,0.95,14584.0,United Kingdom
494378,35969,FOLKART CROWN TABLE DECORATIONS,2,2010-01-13 17:03:00,3.36,,United Kingdom
494016,21100,CHARLIE AND LOLA CHARLOTTE BAG,8,2010-01-11 09:35:00,1.7,,United Kingdom
494471,85123A,WHITE HANGING HEART T-LIGHT HOLDER,32,2010-01-14 14:48:00,2.55,13680.0,United Kingdom
496624,21833,CAMOUFLAGE LED TORCH,12,2010-02-03 09:47:00,1.69,15321.0,United Kingdom
495719,22353,LUNCHBOX WITH CUTLERY FAIRY CAKES ,6,2010-01-26 14:37:00,2.55,12361.0,Belgium
494459,79323GR,GREEN CHERRY LIGHTS,6,2010-01-14 14:18:00,6.75,14667.0,United Kingdom
496919,85065,CREAM SWEETHEART TRAYS,2,2010-02-04 15:41:00,12.75,16986.0,United Kingdom
494987,10002,INFLATABLE POLITICAL GLOBE ,12,2010-01-20 11:31:00,0.85,18223.0,United Kingdom
498107,22411,JUMBO SHOPPER VINTAGE RED PAISLEY,10,2010-02-16 13:57:00,1.95,15078.0,United Kingdom
497798,21429,RED GINGHAM ROSE JEWELLERY BOX,8,2010-02-12 13:22:00,1.65,12695.0,France
494015,70007,HI TEC ALPINE HAND WARMER,2,2010-01-11 09:34:00,1.7,,United Kingdom
494630,35961,FOLKART ZINC HEART CHRISTMAS DEC,60,2010-01-15 16:52:00,0.85,12813.0,Netherlands
494786,21284,RETRO SPOT CANDLE  SMALL,4,2010-01-18 13:24:00,3.36,,United Kingdom
495443,21067,VINTAGE RED TEATIME MUG,6,2010-01-25 11:53:00,1.25,,United Kingdom
496086,84899E,YELLOW + BROWN BEAR FELT PURSE KIT,2,2010-01-28 19:41:00,1.25,15861.0,United Kingdom
497166,22379,RECYCLING BAG RETROSPOT ,2,2010-02-05 17:21:00,4.21,,United Kingdom
495029,21791,VINTAGE HEADS AND TAILS CARD GAME ,3,2010-01-20 14:03:00,1.25,16085.0,United Kingdom
496900,47590A,BLUE HAPPY BIRTHDAY BUNTING,3,2010-02-04 14:19:00,5.45,17138.0,United Kingdom
496054,84997C,BLUE 3 PIECE MINI DOTS CUTLERY SET,6,2010-01-28 14:39:00,3.75,15544.0,United Kingdom
494787,21212,PACK OF 72 RETRO SPOT CAKE CASES,2,2010-01-18 13:34:00,0.55,15164.0,United Kingdom
494479,22069, BROWN  PIRATE TREASURE CHEST ,2,2010-01-14 15:47:00,1.65,17032.0,United Kingdom
498421,84765,SILVER ROCOCO CANDELABRA,1,2010-02-18 16:31:00,12.75,18008.0,United Kingdom
498026,20729,RED SPOTTY CANDY BAG,10,2010-02-15 17:26:00,1.25,15640.0,United Kingdom
496487,47480,HANGING PHOTO CLIP ROPE LADDER,1,2010-02-01 17:13:00,3.36,,United Kingdom
494803,20727,LUNCH BAG  BLACK SKULL.,2,2010-01-18 15:03:00,1.65,15005.0,United Kingdom
497628,22188,BLACK HEART CARD HOLDER,1,2010-02-11 13:03:00,3.95,15005.0,United Kingdom
494872,21679,SKULLS  STICKERS,6,2010-01-19 12:18:00,0.85,14715.0,United Kingdom
496444,82607E,GLASS BONBON JAR. D'AMANDES,1,2010-02-01 13:52:00,1.25,15311.0,United Kingdom
495909,82494L,WOODEN FRAME ANTIQUE WHITE ,12,2010-01-27 12:45:00,2.95,16430.0,United Kingdom
497209,21877,HOME SWEET HOME MUG,1,2010-02-07 12:40:00,1.25,16788.0,United Kingdom
495953,90013D,PURPLE VINTAGE EARRINGS,1,2010-01-27 17:56:00,4.24,,United Kingdom
494639,21205,MULTICOLOUR 3D BALLS GARLAND,6,2010-01-17 11:30:00,2.55,14421.0,United Kingdom
498135,21040,MODERN VINTAGE COTTON SHOPPING BAG,6,2010-02-16 17:47:00,2.55,14911.0,EIRE
495178,22357,KINGS CHOICE BISCUIT TIN,6,2010-01-21 13:33:00,4.25,13735.0,United Kingdom
495237,22149,FELTCRAFT 6 FLOWER FRIENDS,12,2010-01-22 09:44:00,2.1,17160.0,United Kingdom
497512,85194L,HANGING SPRING FLOWER EGG LARGE,5,2010-02-10 12:26:00,0.85,17201.0,United Kingdom
496551,21402,RED  EGG  SPOON,6,2010-02-02 13:13:00,0.42,13975.0,United Kingdom
494239,21889,WOODEN BOX OF DOMINOES,2,2010-01-12 15:48:00,1.25,14081.0,United Kingdom
494018,21676,FLOWERS  STICKERS,1,2010-01-11 09:37:00,0.83,,United Kingdom
497680,84690,S/2 BEACH HUT STOOLS,2,2010-02-11 14:48:00,7.95,15244.0,United Kingdom
496017,48194,DOORMAT HEARTS,1,2010-01-28 13:23:00,6.75,16326.0,United Kingdom
496339,85040B,SET/4 BLUE FLOWER CANDLES IN BOWL,3,2010-01-31 15:40:00,1.65,16655.0,United Kingdom
494652,47591D,PINK FAIRY CAKE CHILD'S APRON,3,2010-01-17 12:40:00,1.95,14527.0,United Kingdom
494459,22111,SCOTTIE DOG HOT WATER BOTTLE,3,2010-01-14 14:18:00,4.95,14667.0,United Kingdom
498444,85017B,ENVELOPE 50 BLOSSOM IMAGES,1,2010-02-19 09:52:00,0.81,,United Kingdom
497873,21213,PACK OF 72 SKULL CAKE CASES,1,2010-02-12 17:03:00,1.28,,United Kingdom
495317,20991,JAZZ HEARTS MAGNETIC MEMO PAD,24,2010-01-22 15:04:00,0.65,16327.0,United Kingdom
497214,21062,PARTY INVITES SPACEMAN,3,2010-02-07 14:10:00,0.85,14562.0,United Kingdom
494378,21579,LOLITA  DESIGN  COTTON TOTE BAG,3,2010-01-13 17:03:00,2.51,,United Kingdom
494395,21533,RETRO SPOT LARGE MILK JUG,3,2010-01-14 10:35:00,4.95,14256.0,United Kingdom
494918,21112,"SWISS ROLL TOWEL, PINK  SPOTS",1,2010-01-19 17:49:00,5.91,,United Kingdom
494147,90071,RUBY GLASS CLUSTER EARRINGS,1,2010-01-11 14:39:00,1.26,,United Kingdom
494905,21990,MODERN FLORAL STATIONERY SET,3,2010-01-19 15:39:00,2.95,17245.0,United Kingdom
496900,21062,PARTY INVITES SPACEMAN,12,2010-02-04 14:19:00,0.85,17138.0,United Kingdom
495529,84414B,FUSCHIA/GREEN STRIPE WOOLLY BLANKET,1,2010-01-25 15:07:00,18.95,17610.0,United Kingdom
497597,21259,VICTORIAN SEWING BOX SMALL ,2,2010-02-11 09:59:00,5.95,15628.0,United Kingdom
498139,85150,LADIES & GENTLEMEN METAL SIGN,12,2010-02-17 08:49:00,2.55,14944.0,United Kingdom
494665,21622,VINTAGE UNION JACK CUSHION COVER,7,2010-01-17 14:51:00,4.95,16434.0,United Kingdom
496564,21508,VINTAGE KID DOLLY CARD ,12,2010-02-02 13:33:00,0.42,14911.0,EIRE
496174,21868,POTTING SHED TEA MUG,12,2010-01-29 12:07:00,1.25,15487.0,United Kingdom
498589,21155,RED SPOTTY PEG BAG,6,2010-02-21 15:19:00,2.1,14895.0,United Kingdom
494503,85099C,JUMBO  BAG BAROQUE BLACK WHITE,10,2010-01-14 18:56:00,1.65,17850.0,United Kingdom
494685,20867,PINK ROSE FABRIC MIRROR,1,2010-01-18 11:39:00,0.85,,United Kingdom
496354,21578,WOODLAND DESIGN  COTTON TOTE BAG,6,2010-02-01 09:52:00,2.25,12810.0,Japan
496441,21877,HOME SWEET HOME MUG,3,2010-02-01 13:25:00,1.25,17377.0,United Kingdom
495951,90039D,FIRE POLISHED GLASS BRACELET GREEN,1,2010-01-27 17:44:00,3.81,,United Kingdom
498431,84879,ASSORTED COLOUR BIRD ORNAMENT,160,2010-02-18 17:29:00,1.45,14031.0,United Kingdom
498435,21380,WOODEN HAPPY BIRTHDAY GARLAND,3,2010-02-18 18:29:00,2.95,14686.0,United Kingdom
496611,17109B,FLOWER FAIRY INCENSE LAVENDER,24,2010-02-02 18:01:00,1.69,16067.0,United Kingdom
498486,DOT,DOTCOM POSTAGE,1,2010-02-19 10:54:00,38.64,,United Kingdom
494803,22329,ROUND CONTAINER SET OF 5 RETROSPOT,1,2010-01-18 15:03:00,1.65,15005.0,United Kingdom
495731,20983,12 PENCILS TALL TUBE RED SPOTTY,1,2010-01-26 16:19:00,0.85,15959.0,United Kingdom
496690,22284,HEN HOUSE DECORATION,4,2010-02-03 13:09:00,1.65,14399.0,United Kingdom
494386,85017B,ENVELOPE 50 BLOSSOM IMAGES,1,2010-01-14 09:41:00,0.81,,United Kingdom
494016,90010E,AMBER GLASS/SILVER BRACELET,1,2010-01-11 09:35:00,9.55,,United Kingdom
497043,85047,WHITE BEADED GARLAND STRING 20LIGHT,6,2010-02-05 14:42:00,6.35,15784.0,United Kingdom
494429,21485,RED SPOT HEART HOT WATER BOTTLE,24,2010-01-14 11:09:00,4.25,16660.0,United Kingdom
498694,85186C,BUNNY EGG GARLAND,24,2010-02-22 11:42:00,0.42,13787.0,United Kingdom
495958,21866,UNION JACK FLAG LUGGAGE TAG,4,2010-01-28 09:38:00,1.25,17982.0,United Kingdom
496578,20993,JAZZ HEARTS MEMO PAD,7,2010-02-02 13:42:00,0.85,12748.0,United Kingdom
498527,21561,DINOSAUR LUNCHBOX WITH CUTLERY,1,2010-02-19 13:53:00,2.55,17816.0,United Kingdom
496339,21333,CLASSIC WHITE FRAME,4,2010-01-31 15:40:00,2.95,16655.0,United Kingdom
494778,22171,3 HOOK PHOTO SHELF ANTIQUE WHITE,2,2010-01-18 12:48:00,8.5,14461.0,United Kingdom
498757,47559B,TEA TIME OVEN GLOVE,8,2010-02-22 16:49:00,1.25,14030.0,United Kingdom
496947,22413,METAL SIGN TAKE IT OR LEAVE IT ,2,2010-02-04 18:16:00,2.95,14030.0,United Kingdom
496321,20985,HEART CALCULATOR,2,2010-01-31 12:43:00,1.25,16014.0,United Kingdom
494871,22076,6 RIBBONS EMPIRE  ,12,2010-01-19 12:17:00,1.65,17706.0,United Kingdom
496431,72779,SET/6 BLACK ROSE T-LIGHT CANDLES,3,2010-02-01 12:30:00,1.69,16415.0,United Kingdom
495406,37410,BLACK AND WHITE PAISLEY FLOWER MUG,3,2010-01-25 09:54:00,16.13,,United Kingdom
498746,20969,RED FLORAL FELTCRAFT SHOULDER BAG,8,2010-02-22 16:36:00,3.75,13513.0,United Kingdom
495898,84791,GINGHAM HEART DECORATION,2,2010-01-27 12:31:00,2.95,16713.0,United Kingdom
496313,21077,SET/20 WOODLAND PAPER NAPKINS ,3,2010-01-31 12:15:00,0.85,15013.0,United Kingdom
498018,85014A,BLACK/BLUE DOTS RUFFLED UMBRELLA,1,2010-02-15 16:45:00,5.95,12835.0,United Kingdom
494381,21846,PINK DIAMANTE PEN IN GIFT BOX,5,2010-01-13 17:44:00,2.51,,United Kingdom
497337,84680,CLASSICAL ROSE URN,2,2010-02-08 14:53:00,7.95,14911.0,EIRE
496487,70006,LOVE HEART POCKET WARMER,2,2010-02-01 17:13:00,3.36,,United Kingdom
494432,20727,LUNCH BAG  BLACK SKULL.,100,2010-01-14 11:43:00,1.45,13694.0,United Kingdom
495389,20692,FLORAL ELEPHANT SOFT TOY,1,2010-01-24 15:14:00,4.25,14044.0,United Kingdom
497217,21523,DOOR MAT FANCY FONT HOME SWEET HOME,40,2010-02-07 14:27:00,6.35,14156.0,EIRE
494625,90108,BLUE BLOSSOM HAIR CLIP,3,2010-01-15 15:47:00,1.05,17851.0,United Kingdom
495244,21204,DAISIES  HONEYCOMB GARLAND ,12,2010-01-22 10:51:00,1.65,15179.0,United Kingdom
496510,22082,RIBBON REEL STRIPES DESIGN ,10,2010-02-02 10:47:00,1.65,14016.0,EIRE
494895,21733,RED HANGING HEART T-LIGHT HOLDER,32,2010-01-19 13:33:00,2.55,13555.0,United Kingdom
495605,22024,RAINY LADIES BIRTHDAY CARD,12,2010-01-26 10:32:00,0.42,12471.0,Germany
495151,21770,OPEN CLOSED METAL SIGN,1,2010-01-21 11:51:00,4.95,15910.0,United Kingdom
495719,21561,DINOSAUR LUNCHBOX WITH CUTLERY,6,2010-01-26 14:37:00,2.55,12361.0,Belgium
497590,79323G,GOLD  CHERRY LIGHTS,1,2010-02-10 17:59:00,13.57,,United Kingdom
498249,21437,24 HANGING EASTER EGGS FLORAL TUB,12,2010-02-17 14:39:00,3.75,14911.0,EIRE
498618,22349,"DOG BOWL , CHASING BALL DESIGN",6,2010-02-22 10:24:00,3.75,15382.0,United Kingdom
497385,21790,VINTAGE SNAP CARDS,12,2010-02-09 12:05:00,0.85,13293.0,United Kingdom
C495789,ADJUST,Adjustment by john on 26/01/2010 17,-1,2010-01-26 17:17:00,503.19,,United Kingdom
494732,21733,RED HANGING HEART T-LIGHT HOLDER,6,2010-01-18 12:27:00,2.95,16670.0,United Kingdom
496979,90087,CRYSTAL SEA HORSE PHONE CHARM,1,2010-02-05 09:58:00,1.66,,United Kingdom
494895,22270,HAPPY EASTER HANGING DECORATION,1,2010-01-19 13:33:00,3.75,13555.0,United Kingdom
496033,22197,"POPCORN HOLDER , SMALL ",10,2010-01-28 14:19:00,0.85,12872.0,United Kingdom
494638,21153,RED SPOTTY TABLECLOTH ,2,2010-01-17 11:03:00,10.65,16782.0,United Kingdom
498519,22386,JUMBO BAG PINK WITH WHITE SPOTS,4,2010-02-19 12:50:00,1.95,16393.0,United Kingdom
495318,48138,DOOR MAT UNION FLAG,2,2010-01-22 15:04:00,6.75,15266.0,United Kingdom
498434,37450,CERAMIC CAKE BOWL + HANGING CAKES,18,2010-02-18 18:20:00,2.55,13952.0,United Kingdom
497240,22384,LUNCH BAG PINK RETROSPOT,10,2010-02-08 11:06:00,1.65,16161.0,United Kingdom
494608,21934,SKULL SHOULDER BAG,10,2010-01-15 12:51:00,1.45,17850.0,United Kingdom
495059,21485,RED SPOT HEART HOT WATER BOTTLE,1,2010-01-20 16:00:00,4.95,13756.0,United Kingdom
497592,62096B,PURPLE/TURQ FLOWERS HANDBAG,6,2010-02-11 08:51:00,1.95,17139.0,United Kingdom
496340,22199,FRYING PAN RED POLKADOT ,4,2010-01-31 15:45:00,4.25,12668.0,Germany
495013,22327,ROUND SNACK BOXES SET OF 4 SKULLS,1,2010-01-20 13:07:00,2.95,,United Kingdom
495396,21171,BATHROOM METAL SIGN ,12,2010-01-25 08:17:00,1.45,17584.0,United Kingdom
498578,70007,HI TEC ALPINE HAND WARMER,1,2010-02-21 14:18:00,1.65,13980.0,United Kingdom
498123,21755,LOVE BUILDING BLOCK WORD,1,2010-02-16 15:35:00,5.95,16409.0,United Kingdom
494378,22330,72 ROUND PINK DOILIES,1,2010-01-13 17:03:00,2.98,,United Kingdom
495310,22356,"CHARLOTTE BAG , PINK/WHITE SPOTS",10,2010-01-22 14:17:00,0.85,12531.0,Germany
494017,21945,STRAWBERRIES  DESIGN FLANNEL ,4,2010-01-11 09:37:00,0.87,,United Kingdom
494782,90200C,BLUE SWEETHEART BRACELET,2,2010-01-18 13:15:00,4.24,,United Kingdom
494836,22192,BLUE DINER WALL CLOCK,2,2010-01-19 10:45:00,8.5,13462.0,United Kingdom
496979,21872,GLAMOROUS  MUG,1,2010-02-05 09:58:00,3.36,,United Kingdom
498444,21716,BOYS VINTAGE TIN SEASIDE BUCKET,1,2010-02-19 09:52:00,5.06,,United Kingdom
496290,48195,DOOR MAT GREEN PAISLEY ,1,2010-01-29 17:55:00,13.57,,United Kingdom
494480,47567B,TEA TIME KITCHEN APRON,1,2010-01-14 16:16:00,5.95,15768.0,United Kingdom
497238,20734,SILVER MINI TAPE MEASURE ,10,2010-02-08 10:34:00,0.85,12472.0,Germany
494017,20781,GOLD EAR MUFF HEADPHONES,2,2010-01-11 09:37:00,4.3,,United Kingdom
495952,21424,WOODLAND STORAGE BOX LARGE ,1,2010-01-27 17:53:00,5.91,,United Kingdom
494873,22138,BAKING SET 9 PIECE RETROSPOT ,3,2010-01-19 12:26:00,4.95,12589.0,France
497360,POST,POSTAGE,13,2010-02-09 09:17:00,18.0,12437.0,France
495152,79323S, SILVER CHERRY LIGHTS,2,2010-01-21 12:01:00,6.75,12978.0,United Kingdom
496247,84029D,LEOPARD PRINT HOT WATER BOTTLE,2,2010-01-29 16:11:00,3.75,,United Kingdom
495698,22227,"DECORATION, HANGING HEART+MIRROR ",5,2010-01-26 12:30:00,0.65,,United Kingdom
494381,21219,SET/4 BADGES BALLOON GIRL,1,2010-01-13 17:44:00,2.51,,United Kingdom
494673,75049L,LARGE CIRCULAR MIRROR MOBILE,96,2010-01-17 15:52:00,0.85,15311.0,United Kingdom
498765,20865,PATCHWORK PENCIL CASE BUTTERFLY ,1,2010-02-23 09:37:00,2.1,12755.0,Japan
495806,21217,RED SPOTTY ROUND CAKE TINS,2,2010-01-27 08:48:00,9.95,15073.0,United Kingdom
496725,21136,PAINTED METAL PEARS ASSORTED,1,2010-02-03 14:16:00,1.69,13619.0,United Kingdom
498553,21212,PACK OF 72 RETRO SPOT CAKE CASES,4,2010-02-21 11:02:00,0.55,15013.0,United Kingdom
494019,20759,CHRYSANTHEMUM POCKET BOOK ,1,2010-01-11 09:38:00,0.65,,United Kingdom
496233,21718,RED METAL BEACH SPADE ,1,2010-01-29 14:22:00,1.25,16673.0,United Kingdom
495804,85117,NIGHTINGALE COATHOOK WHITE,1,2010-01-26 17:48:00,3.36,,United Kingdom
494354,22051,BLUE SCANDINAVIAN PAISLEY WRAP,25,2010-01-13 14:59:00,0.42,15513.0,United Kingdom
494866,35909B,PINK FLOWERS RABBIT EASTER,1,2010-01-19 11:20:00,2.95,16253.0,United Kingdom
494379,84459A,PINK METAL CHICKEN HEART ,1,2010-01-13 17:08:00,3.36,,United Kingdom
494782,21216,"SET 3 RED SPOT TIN TEA,COFFEE,SUGAR",1,2010-01-18 13:15:00,11.02,,United Kingdom
498564,22188,BLACK HEART CARD HOLDER,2,2010-02-21 12:25:00,3.95,14505.0,United Kingdom
494482,21653,GLASS ETCHED T-LIGHT HOLDER LARGE,12,2010-01-14 16:24:00,2.1,13983.0,United Kingdom
498717,20971,PINK BLUE FELT CRAFT TRINKET BOX,10,2010-02-22 13:38:00,1.25,17259.0,United Kingdom
495367,72484,ROSES IN WHITE HEART CANDLE ,1,2010-01-24 12:27:00,1.25,14070.0,United Kingdom
497495,21212,PACK OF 72 RETRO SPOT CAKE CASES,24,2010-02-10 08:46:00,0.55,12932.0,United Kingdom
495016,72741,GRAND CHOCOLATECANDLE,9,2010-01-20 13:10:00,1.45,14649.0,United Kingdom
496948,47590A,BLUE HAPPY BIRTHDAY BUNTING,3,2010-02-04 18:18:00,5.45,15810.0,United Kingdom
498104,20857,BLUE ROSE PATCH PURSE PINK BUTTERFL,3,2010-02-16 13:49:00,1.65,13503.0,United Kingdom
498441,85025C,PINK HEART SHAPE PHOTO FRAME,1,2010-02-19 09:37:00,3.36,,United Kingdom
494868,85025C,PINK HEART SHAPE PHOTO FRAME,12,2010-01-19 12:13:00,1.65,17706.0,United Kingdom
494147,35972,DAISY FOLKART HEART DECORATION,2,2010-01-11 14:39:00,2.51,,United Kingdom
494243,21324,HANGING MEDINA LANTERN SMALL,312,2010-01-12 15:57:00,2.0,18102.0,United Kingdom
498359,21561,DINOSAUR LUNCHBOX WITH CUTLERY,4,2010-02-18 13:28:00,2.55,14040.0,United Kingdom
495501,21431,GREEN GINGHAM FLOWER JEWELLERY BOX,1,2010-01-25 12:33:00,1.65,15719.0,United Kingdom
495073,21260,FIRST AID TIN,12,2010-01-21 08:47:00,3.25,14911.0,EIRE
497929,21067,VINTAGE RED TEATIME MUG,12,2010-02-15 09:20:00,1.25,14302.0,United Kingdom
496247,20707,CRAZY DAISY HEART DECORATION,5,2010-01-29 16:11:00,1.25,,United Kingdom
494144,22344,PARTY PIZZA DISH PINK WHITE SPOT ,2,2010-01-11 14:35:00,1.66,,United Kingdom
498326,20734,SILVER MINI TAPE MEASURE ,10,2010-02-18 10:27:00,0.85,13773.0,United Kingdom
494490,21955,UNION JACK GUNS & ROSES  DOORMAT,4,2010-01-14 17:20:00,5.95,17850.0,United Kingdom
494918,90175A,WHITE GLASS CHUNKY CHARM BRACELET,2,2010-01-19 17:49:00,9.34,,United Kingdom
497591,21486,PINK HEART DOTS HOT WATER BOTTLE,1,2010-02-10 18:02:00,4.21,,United Kingdom
494447,22114,HOT WATER BOTTLE TEA AND SYMPATHY,4,2010-01-14 13:36:00,3.95,17496.0,United Kingdom
497873,84459B,YELLOW METAL CHICKEN HEART ,1,2010-02-12 17:03:00,3.36,,United Kingdom
494787,21383,PACK OF 12 STICKY BUNNIES,3,2010-01-18 13:34:00,0.65,15164.0,United Kingdom
496845,35442,,-4,2010-02-04 11:32:00,0.0,,United Kingdom
496591,21102,"CANDLE IN JAR COLLAGE , VANILLA",6,2010-02-02 14:48:00,2.55,,Bahrain
494784,21741,COSY SLIPPER SHOES LARGE GREEN,3,2010-01-18 13:20:00,5.91,,United Kingdom
494015,16254,TRANSPARENT ACRYLIC TAPE DISPENSER,3,2010-01-11 09:34:00,1.7,,United Kingdom
494866,35909B,PINK FLOWERS RABBIT EASTER,2,2010-01-19 11:20:00,2.95,16253.0,United Kingdom
496800,21550,CERAMIC BIRDHOUSE CRESTED TIT LARGE,1,2010-02-03 17:04:00,12.72,,United Kingdom
496628,85123A,WHITE HANGING HEART T-LIGHT HOLDER,12,2010-02-03 10:22:00,2.95,16755.0,United Kingdom
496470,22495,SET OF 2 ROUND TINS CAMEMBERT ,2,2010-02-01 15:23:00,2.95,14540.0,United Kingdom
502082,22341,LOVE GARLAND PAINTED ZINC ,12,2010-03-22 15:49:00,1.65,14643.0,United Kingdom
499897,82587,TEXRIO TOMATOES CANDLE+CUP,12,2010-03-03 11:53:00,1.06,14298.0,United Kingdom
498851,21539,RETRO SPOTS BUTTER DISH,3,2010-02-23 12:02:00,4.95,13319.0,United Kingdom
500141,85123A,WHITE HANGING HEART T-LIGHT HOLDER,12,2010-03-04 16:06:00,2.95,15601.0,United Kingdom
502758,22244,"HOOK, 3 HANGER ,MAGIC GARDEN",96,2010-03-26 13:45:00,1.65,14646.0,Netherlands
502911,85175,CACTI T-LIGHT CANDLES,32,2010-03-29 13:06:00,0.36,17448.0,United Kingdom
499997,37448,CERAMIC CAKE DESIGN SPOTTED MUG,12,2010-03-04 09:08:00,1.49,15798.0,United Kingdom
503607,84465,15 PINK FLUFFY CHICKS IN BOX,1,2010-04-06 09:58:00,2.95,15774.0,United Kingdom
499314,84578,ELEPHANT TOY WITH BLUE T-SHIRT,1,2010-02-26 10:51:00,4.21,,United Kingdom
502499,72807C,SET/3 VANILLA SCENTED CANDLE IN BOX,24,2010-03-25 11:07:00,3.81,15513.0,United Kingdom
502925,22222,CAKE PLATE LOVEBIRD WHITE,1,2010-03-29 14:19:00,4.95,17841.0,United Kingdom
502670,21156,RED SPOTTY CHILDS APRON,8,2010-03-26 09:10:00,1.95,14330.0,United Kingdom
499511,22107,PIZZA PLATE IN BOX,4,2010-03-01 08:55:00,3.75,16717.0,United Kingdom
499004,22358,KINGS CHOICE TEA CADDY ,6,2010-02-24 11:55:00,2.95,12998.0,United Kingdom
500695,21641,ASSORTED TUTTI FRUTTI KEYRING BALL,2,2010-03-09 12:48:00,1.66,,United Kingdom
501686,22281,EASTER TREE YELLOW BIRDS,2,2010-03-18 16:35:00,12.72,,United Kingdom
500347,22353,LUNCHBOX WITH CUTLERY FAIRY CAKES ,6,2010-03-07 14:52:00,2.55,15631.0,United Kingdom
502229,84997B,RED 3 PIECE MINI DOTS CUTLERY SET,12,2010-03-23 12:12:00,3.75,12921.0,United Kingdom
500151,21977,PACK OF 60 PINK PAISLEY CAKE CASES,1,2010-03-04 17:45:00,0.55,17931.0,United Kingdom
500123,21004,ROSE DU SUD CHILDS APRON,3,2010-03-04 14:24:00,4.25,14911.0,EIRE
499508,21731,RED TOADSTOOL LED NIGHT LIGHT,1,2010-02-28 16:14:00,1.65,18069.0,United Kingdom
500375,22382,LUNCH BAG SPACEBOY DESIGN ,10,2010-03-08 09:49:00,1.65,17682.0,United Kingdom
498909,22030,SWALLOWS GREETING CARD,12,2010-02-23 14:56:00,0.42,14092.0,United Kingdom
500344,21904,HOUSE WRECKING METAL SIGN ,6,2010-03-07 14:39:00,1.85,17448.0,United Kingdom
500257,21548,CERAMIC BIRDHOUSE FINCH BLUE ROOF,1,2010-03-05 13:33:00,2.95,17006.0,United Kingdom
501475,84568,GIRLS ALPHABET IRON ON PATCHES ,21,2010-03-16 16:59:00,0.43,,United Kingdom
502872,84832,ZINC WILLIE WINKIE  CANDLE STICK,2,2010-03-29 09:59:00,1.66,,United Kingdom
501795,35233,PASTA ENAMEL/BRASS CONTAINER,1,2010-03-19 13:41:00,3.75,16508.0,United Kingdom
502583,22241,GARLAND WOODEN HAPPY EASTER,12,2010-03-25 12:39:00,1.25,13875.0,United Kingdom
502037,21499,BLUE SPOTS  WRAP,25,2010-03-22 13:44:00,0.42,12472.0,Germany
502468,82551,LAUNDRY 15C METAL SIGN,12,2010-03-24 15:36:00,1.25,16984.0,United Kingdom
501267,21770,OPEN CLOSED METAL SIGN,1,2010-03-15 12:54:00,4.95,17085.0,United Kingdom
499490,21622,VINTAGE UNION JACK CUSHION COVER,2,2010-02-28 13:55:00,4.95,18106.0,United Kingdom
499306,16033,MINI HIGHLIGHTER PENS,120,2010-02-26 09:47:00,0.12,17011.0,United Kingdom
502637,85063,CREAM SWEETHEART MAGAZINE RACK,1,2010-03-25 16:29:00,16.95,15768.0,United Kingdom
500940,20685,DOOR MAT RED SPOT,1,2010-03-11 11:51:00,7.49,14527.0,United Kingdom
503670,22029,SPACEBOY BIRTHDAY CARD,12,2010-04-06 12:11:00,0.42,15367.0,United Kingdom
502881,21106,CREAM SLICE FLANNEL CHOCOLATE SPOT ,6,2010-03-29 10:38:00,2.55,17448.0,United Kingdom
503428,84459B,YELLOW METAL CHICKEN HEART ,4,2010-03-31 17:31:00,3.36,,United Kingdom
500014,21212,PACK OF 72 RETRO SPOT CAKE CASES,24,2010-03-04 10:29:00,0.55,15622.0,United Kingdom
502859,84846A,SCENTED CANDLE IN DIGITALIS TIN,6,2010-03-28 15:12:00,2.1,14735.0,United Kingdom
501045,85206B,PINK FELT EASTER EGG BASKET,18,2010-03-12 10:33:00,1.65,14745.0,United Kingdom
499897,22057,CERAMIC PLATE STRAWBERRY DESIGN,24,2010-03-03 11:53:00,1.25,14298.0,United Kingdom
502624,85131A,BEADED PEARL HEART WHITE ON STICK,5,2010-03-25 15:17:00,1.25,16794.0,United Kingdom
501806,40003,WHITE BAMBOO RIBS LAMPSHADE,12,2010-03-19 14:02:00,1.25,17673.0,United Kingdom
502853,21094,SET/6 RED SPOTTY PAPER PLATES,3,2010-03-28 14:47:00,0.85,17589.0,United Kingdom
500333,84949,SILVER HANGING T-LIGHT HOLDER,12,2010-03-07 13:28:00,1.65,16735.0,United Kingdom
501471,84459B,YELLOW METAL CHICKEN HEART ,12,2010-03-16 16:22:00,1.49,15312.0,United Kingdom
501575,22328,ROUND SNACK BOXES SET OF 4 FRUITS ,12,2010-03-18 10:08:00,2.95,17677.0,United Kingdom
500575,21361,LOVE LARGE WOOD LETTERS ,1,2010-03-08 16:53:00,25.49,,United Kingdom
501298,85169C,EAU DE NIL LOVE BIRD CANDLE,1,2010-03-15 16:13:00,1.25,17218.0,United Kingdom
502828,21221,SET/4 BADGES CUTE CREATURES,2,2010-03-28 12:18:00,1.25,16727.0,United Kingdom
499302,22431,WATERING CAN BLUE ELEPHANT,6,2010-02-26 08:35:00,1.95,18223.0,United Kingdom
502810,20725,LUNCH BAG RED SPOTTY,1,2010-03-26 17:24:00,1.65,15339.0,United Kingdom
500353,82613D,METAL SIGN CUPCAKE SINGLE HOOK,8,2010-03-07 15:25:00,1.25,12668.0,Germany
503579,21539,RED RETROSPOT BUTTER DISH,1,2010-04-01 16:40:00,4.95,15768.0,United Kingdom
501770,84520B,PACK 20 ENGLISH ROSE PAPER NAPKINS,12,2010-03-19 11:52:00,0.85,14851.0,United Kingdom
503246,21380,WOODEN HAPPY BIRTHDAY GARLAND,6,2010-03-31 10:00:00,2.95,13803.0,United Kingdom
503064,22149,FELTCRAFT 6 FLOWER FRIENDS,1,2010-03-29 17:44:00,2.1,12748.0,United Kingdom
500510,46000S,POLYESTER FILLER PAD 40x40cm,3,2010-03-08 14:07:00,1.45,17488.0,United Kingdom
499453,84989A,75 GREEN FAIRY CAKE CASES,24,2010-02-28 10:25:00,0.55,14466.0,United Kingdom
498905,84839,SWEETHEART KEY CABINET,1,2010-02-23 14:40:00,6.75,12854.0,United Kingdom
501136,22294,HEART FILIGREE DOVE  SMALL,24,2010-03-14 11:55:00,1.25,15994.0,United Kingdom
502245,85099F,JUMBO BAG STRAWBERRY,10,2010-03-23 13:40:00,1.95,15079.0,United Kingdom
502569,21713,CITRONELLA CANDLE FLOWERPOT,8,2010-03-25 12:12:00,2.1,14522.0,United Kingdom
500884,POST,POSTAGE,3,2010-03-10 15:03:00,18.0,12483.0,Sweden
500353,84709B,PINK OVAL JEWELLED MIRROR,3,2010-03-07 15:25:00,5.95,12668.0,Germany
501080,85205B,PINK FELT EASTER RABBIT GARLAND,2,2010-03-12 11:19:00,5.06,,United Kingdom
502909,21327,SKULLS WRITING SET ,12,2010-03-29 13:04:00,1.45,17448.0,United Kingdom
503352,20719,WOODLAND CHARLOTTE BAG,30,2010-03-31 13:33:00,0.85,15125.0,United Kingdom
500094,85023B,EAU DE NILE JEWELLED PHOTOFRAME,2,2010-03-04 12:24:00,2.55,15005.0,United Kingdom
500712,84406B,CREAM CUPID HEARTS COAT HANGER,12,2010-03-09 14:14:00,3.25,13089.0,United Kingdom
503540,22035,VINTAGE CARAVAN GREETING CARD ,12,2010-04-01 14:15:00,0.42,15198.0,United Kingdom
501507,21440,12 MINI TOADSTOOL PEGS,1,2010-03-17 11:21:00,1.25,14662.0,United Kingdom
503149,22519,CHILDS GARDEN BRUSH PINK,1,2010-03-30 12:17:00,2.1,14606.0,United Kingdom
503428,22138,BAKING SET 9 PIECE RETROSPOT ,1,2010-03-31 17:31:00,11.02,,United Kingdom
501907,22064,PINK DOUGHNUT TRINKET POT ,4,2010-03-21 16:13:00,1.65,13451.0,United Kingdom
499221,21651,HANGING GLASS ETCHED TEALIGHT,6,2010-02-25 11:40:00,1.65,14740.0,United Kingdom
500576,20685,DOOR MAT RED SPOT,2,2010-03-08 16:53:00,7.49,17438.0,United Kingdom
499772,22317,FIVE CATS HANGING DECORATION,1,2010-03-02 13:36:00,2.95,16960.0,United Kingdom
500341,22487,WHITE WOOD GARDEN PLANT LADDER,1,2010-03-07 14:31:00,9.95,16466.0,United Kingdom
500271,85206B,PINK FELT EASTER EGG BASKET,6,2010-03-05 14:41:00,1.65,15732.0,United Kingdom
501828,21874,GIN AND TONIC MUG,6,2010-03-19 15:45:00,1.25,15218.0,United Kingdom
501810,21070,VINTAGE BILLBOARD MUG ,12,2010-03-19 14:41:00,1.25,14911.0,EIRE
502427,21900,"KEY FOB , SHED",3,2010-03-24 12:33:00,0.65,17019.0,United Kingdom
502901,22545,MINI JIGSAW BUNNIES,48,2010-03-29 12:19:00,0.42,13340.0,United Kingdom
502490,22232,JIGSAW TOADSTOOLS 3 PIECE,8,2010-03-25 10:04:00,1.65,14640.0,United Kingdom
503507,22516,CHILDS GARDEN RAKE BLUE,2,2010-04-01 12:33:00,2.1,16713.0,United Kingdom
501686,20725,LUNCH BAG RED SPOTTY,1,2010-03-18 16:35:00,4.21,,United Kingdom
499494,82567,"AIRLINE LOUNGE,METAL SIGN",1,2010-02-28 14:12:00,2.1,16283.0,United Kingdom
499505,21448,12 DAISY PEGS IN WOOD BOX,1,2010-02-28 15:58:00,1.65,14606.0,United Kingdom
503469,M,Manual,85,2010-04-01 11:55:00,0.4,15311.0,United Kingdom
499061,20971,PINK BLUE FELT CRAFT TRINKET BOX,12,2010-02-24 14:07:00,1.25,15058.0,United Kingdom
501550,21908,CHOCOLATE THIS WAY METAL SIGN,6,2010-03-17 15:29:00,2.1,13371.0,United Kingdom
500472,21741,COSY SLIPPER SHOES LARGE GREEN,1,2010-03-08 12:44:00,5.91,,United Kingdom
499307,21498,RED SPOTS  WRAP ,25,2010-02-26 10:10:00,0.42,15366.0,United Kingdom
502586,21830,ASSORTED CREEPY CRAWLIES,24,2010-03-25 12:41:00,0.42,17001.0,United Kingdom
501306,18094C,WHITE AND BLUE CERAMIC OIL BURNER,1,2010-03-15 17:29:00,2.51,,United Kingdom
500362,85199L,LARGE HANGING IVORY & RED WOOD BIRD,6,2010-03-07 16:12:00,0.65,17449.0,United Kingdom
501709,22356,"CHARLOTTE BAG , PINK/WHITE SPOTS",10,2010-03-19 10:02:00,0.85,15615.0,United Kingdom
499980,22281,EASTER TREE YELLOW BIRDS,3,2010-03-03 15:28:00,12.72,,United Kingdom
501434,16161M,WRAP  PINK FLOCK,25,2010-03-16 13:15:00,0.42,14496.0,United Kingdom
501677,22475,SKULL DESIGN TV DINNER TRAY,3,2010-03-18 16:16:00,4.95,12647.0,Germany
502485,85211,S/4 GROOVY CAT MAGNETS,15,2010-03-24 16:33:00,1.65,17072.0,United Kingdom
502747,21614,SET OF 12 ROSE BOTANICAL T-LIGHTS,12,2010-03-26 13:03:00,2.95,18215.0,United Kingdom
502327,85215,ASSORTED CHEESE FRIDGE MAGNETS,12,2010-03-24 10:30:00,0.65,13252.0,United Kingdom
501574,22568,FELTCRAFT CUSHION OWL,2,2010-03-18 09:49:00,3.75,18187.0,United Kingdom
500583,21429,RED GINGHAM ROSE JEWELLERY BOX,8,2010-03-09 09:49:00,1.65,13178.0,United Kingdom
501558,22288,"DECORATION , HANGING METAL RABBIT",1,2010-03-17 16:35:00,2.51,,United Kingdom
499757,21559,STRAWBERRY LUNCHBOX WITH CUTLERY,1,2010-03-02 12:18:00,2.55,17377.0,United Kingdom
501278,21188,3D HEARTS  HONEYCOMB PAPER GARLAND,1,2010-03-15 14:01:00,2.95,17180.0,United Kingdom
502033,84746,,-66,2010-03-22 13:17:00,0.0,,United Kingdom
502333,84755,COLOUR GLASS T-LIGHT HOLDER HANGING,144,2010-03-24 10:42:00,0.55,16077.0,United Kingdom
502565,20972,PINK CREAM FELT CRAFT TRINKET BOX ,12,2010-03-25 12:03:00,1.25,13849.0,United Kingdom
503401,22423,REGENCY CAKESTAND 3 TIER,16,2010-03-31 16:31:00,10.95,17428.0,United Kingdom
503362,35001G,HAND OPEN SHAPE GOLD,1,2010-03-31 14:08:00,4.25,18231.0,United Kingdom
499960,84050,PINK HEART SHAPE EGG FRYING PAN,6,2010-03-03 12:54:00,1.65,13294.0,United Kingdom
C502687,22228,BUNNY WOODEN PAINTED WITH BIRD ,-4,2010-03-26 11:12:00,0.85,12647.0,Germany
501296,20976,12 PENCILS SMALL TUBE POSY,1,2010-03-15 16:02:00,0.65,16242.0,United Kingdom
503144,85049B,LUSH GREENS RIBBONS,2,2010-03-30 12:13:00,1.25,14505.0,United Kingdom
501896,22341,LOVE GARLAND PAINTED ZINC ,12,2010-03-21 15:22:00,1.65,15623.0,United Kingdom
499656,72780,BLACK SILOUETTE CANDLE PLATE,2,2010-03-01 14:48:00,0.85,17359.0,United Kingdom
502090,22411,JUMBO SHOPPER VINTAGE RED PAISLEY,1,2010-03-22 16:16:00,4.21,,United Kingdom
501713,21527,RETRO SPOT TRADITIONAL TEAPOT ,6,2010-03-19 10:21:00,7.95,18225.0,United Kingdom
500587,84867A,PINK BABY GIRLS PHOTO ALBUM,1,2010-03-09 10:18:00,6.95,17138.0,United Kingdom
501043,22304,COFFEE MUG BLUE PAISLEY DESIGN,36,2010-03-12 10:09:00,2.1,14911.0,EIRE
500263,22175,PINK OWL SOFT TOY,1,2010-03-05 14:35:00,5.91,,United Kingdom
502954,90160B,RED BOUDICCA LARGE BRACELET,6,2010-03-29 14:47:00,6.95,16036.0,United Kingdom
502462,15044A,PINK PAPER PARASOL ,6,2010-03-24 14:40:00,2.95,15447.0,United Kingdom
499897,37448,CERAMIC CAKE DESIGN SPOTTED MUG,24,2010-03-03 11:53:00,1.25,14298.0,United Kingdom
500256,22228,BUNNY WOODEN PAINTED WITH BIRD ,1,2010-03-05 13:24:00,0.85,14649.0,United Kingdom
499624,90162A,ANT SILVER TURQUOISE BOUDICCA RING,6,2010-03-01 13:10:00,2.95,17593.0,United Kingdom
500356,21179,NO JUNK MAIL METAL SIGN,2,2010-03-07 15:34:00,1.25,16984.0,United Kingdom
503171,20725,LUNCH BAG RED SPOTTY,10,2010-03-30 13:36:00,1.65,14235.0,United Kingdom
501854,21407,BROWN CHECK CAT DOORSTOP ,1,2010-03-21 11:15:00,4.25,15446.0,United Kingdom
499230,84227,HEN HOUSE W CHICK IN NEST,2,2010-02-25 12:16:00,0.42,12748.0,United Kingdom
502619,22082,RIBBON REEL STRIPES DESIGN ,1,2010-03-25 14:56:00,3.36,,United Kingdom
501710,21622,VINTAGE UNION JACK CUSHION COVER,4,2010-03-19 10:07:00,4.95,17738.0,United Kingdom
503443,22096,PINK PAISLEY SQUARE TISSUE BOX ,12,2010-04-01 10:34:00,1.25,15754.0,United Kingdom
502872,82551,LAUNDRY 15C METAL SIGN,1,2010-03-29 09:59:00,2.51,,United Kingdom
502450,85216,ASSORTED CAKES FRIDGE MAGNETS,12,2010-03-24 14:10:00,0.65,14026.0,United Kingdom
499517,20983,12 PENCILS TALL TUBE RED SPOTTY,12,2010-03-01 09:58:00,0.85,12598.0,France
499491,22291,"SPRING DEC , HANGING CHICK CREAM",6,2010-02-28 14:03:00,1.45,14064.0,United Kingdom
499314,21232,STRAWBERRY CERAMIC TRINKET BOX,1,2010-02-26 10:51:00,2.51,,United Kingdom
500170,21561,DINOSAUR LUNCHBOX WITH CUTLERY,6,2010-03-05 10:05:00,2.55,18226.0,United Kingdom
501030,22258,FELT FARM ANIMAL RABBIT,12,2010-03-11 17:37:00,1.06,17448.0,United Kingdom
502848,21876,POTTERING MUG,6,2010-03-28 14:04:00,1.25,15570.0,United Kingdom
499516,47504E,ENGLISH ROSE SCISSORS,12,2010-03-01 09:56:00,1.25,12779.0,Poland
499302,48194,DOOR MAT HEARTS,2,2010-02-26 08:35:00,7.49,18223.0,United Kingdom
502273,21621,VINTAGE UNION JACK BUNTING,2,2010-03-23 15:52:00,8.5,13613.0,United Kingdom
502817,22480,RED TEA TOWEL CLASSIC DESIGN,1,2010-03-28 10:54:00,1.25,15848.0,United Kingdom
502746,22263,FELT EGG COSY LADYBIRD ,2,2010-03-26 12:53:00,1.66,,United Kingdom
499513,22054,MINI CAKE STAND HANGING HEARTS,8,2010-03-01 09:24:00,1.65,14949.0,United Kingdom
502486,22487,WHITE WOOD GARDEN PLANT LADDER,2,2010-03-24 17:43:00,20.38,,United Kingdom
502921,20953,PORCELAIN CHERUB BELL LARGE,4,2010-03-29 13:57:00,1.65,12496.0,Spain
503538,20971,PINK BLUE FELT CRAFT TRINKET BOX,2,2010-04-01 14:04:00,1.25,14692.0,United Kingdom
500336,21507,"ELEPHANT, BIRTHDAY CARD, ",12,2010-03-07 13:48:00,0.42,17589.0,United Kingdom
501790,22383,LUNCH BAG SUKI  DESIGN ,10,2010-03-19 13:17:00,1.45,14607.0,United Kingdom
499858,22136,LOVE HEART SOCK HANGER,1,2010-03-02 17:04:00,3.36,,United Kingdom
499505,47570,ENGLISH ROSE TABLE CLOTH,1,2010-02-28 15:58:00,10.65,14606.0,United Kingdom
503260,21507,"ELEPHANT, BIRTHDAY CARD, ",12,2010-03-31 11:11:00,0.42,16393.0,United Kingdom
500353,37447,CERAMIC CAKE DESIGN SPOTTED PLATE,12,2010-03-07 15:25:00,1.49,12668.0,Germany
503185,21791,VINTAGE HEADS AND TAILS CARD GAME ,2,2010-03-30 14:29:00,2.51,,United Kingdom
501475,21218,RED SPOTTY BISCUIT TIN,1,2010-03-16 16:59:00,8.47,,United Kingdom
499506,21668,RED STRIPE CERAMIC DRAWER KNOB,12,2010-02-28 16:00:00,1.25,15031.0,United Kingdom
499765,90081C,LILY BROOCH OLIVE COLOUR,1,2010-03-02 13:15:00,5.09,,United Kingdom
501907,21383,PACK OF 12 STICKY BUNNIES,2,2010-03-21 16:13:00,0.65,13451.0,United Kingdom
499505,22326,ROUND SNACK BOXES SET OF4 WOODLAND ,2,2010-02-28 15:58:00,2.95,14606.0,United Kingdom
501033,22380,TOY TIDY SPACEBOY  ,1,2010-03-11 18:18:00,2.1,16918.0,United Kingdom
499231,21455,PAINTED YELLOW WOODEN DAISY,12,2010-02-25 12:18:00,0.85,15674.0,United Kingdom
502897,21246,RED SPOTTY BIG BOWL,1,2010-03-29 11:55:00,4.95,14527.0,United Kingdom
499500,22243,"HOOK, 5 HANGER ,MAGIC TOADSTOOL RED",1,2010-02-28 14:43:00,1.65,13044.0,United Kingdom
500356,90074,BLACK DIAMOND CLUSTER NECKLACE,1,2010-03-07 15:34:00,8.95,16984.0,United Kingdom
501705,21622,VINTAGE UNION JACK CUSHION COVER,4,2010-03-19 09:53:00,4.95,17838.0,United Kingdom
502757,21217,RED SPOTTY ROUND CAKE TINS,3,2010-03-26 13:44:00,9.95,14537.0,United Kingdom
498877,21911,GARDEN METAL SIGN ,2,2010-02-23 12:31:00,1.65,13052.0,United Kingdom
500476,22456,NATURAL SLATE CHALKBOARD LARGE ,4,2010-03-08 12:45:00,4.95,15719.0,United Kingdom
501832,47556B,TEA TIME TEA TOWELS ,2,2010-03-19 16:43:00,5.91,,United Kingdom
500306,20718,RED SPOTTY SHOPPER BAG,10,2010-03-07 11:01:00,1.25,13201.0,United Kingdom
501031,21539,RETRO SPOTS BUTTER DISH,3,2010-03-11 17:41:00,4.95,16718.0,United Kingdom
501047,22482,BLUE TEA TOWEL CLASSIC DESIGN,96,2010-03-12 10:37:00,1.06,14646.0,Netherlands
500498,22150, 3 STRIPEY MICE FELTCRAFT,12,2010-03-08 13:17:00,1.95,17672.0,United Kingdom
499853,22413,METAL SIGN TAKE IT OR LEAVE IT ,4,2010-03-02 16:50:00,2.95,16520.0,United Kingdom
500368,22433,WATERING CAN GREEN DINOSAUR,6,2010-03-08 08:33:00,1.95,14493.0,United Kingdom
499230,20727,LUNCH BAG  BLACK SKULL.,3,2010-02-25 12:16:00,1.65,12748.0,United Kingdom
500656,22464,HANGING METAL HEART LANTERN,2,2010-03-09 11:19:00,1.65,18039.0,United Kingdom
503698,85169C,EAU DE NIL LOVE BIRD CANDLE,2,2010-04-06 13:30:00,1.25,15164.0,United Kingdom
500541,85175,CACTI T-LIGHT CANDLES,16,2010-03-08 15:26:00,0.42,18245.0,United Kingdom
501043,22097,SWALLOW SQUARE TISSUE BOX,12,2010-03-12 10:09:00,1.25,14911.0,EIRE
503335,21275,ZINC TOP  2 DOOR WOODEN SHELF ,1,2010-03-31 12:22:00,16.95,16133.0,United Kingdom
501157,21004,ROSE DU SUD CHILDS APRON,1,2010-03-14 16:18:00,4.25,16686.0,United Kingdom
503195,22555,PLASTERS IN TIN STRONGMAN,2,2010-03-30 15:25:00,1.65,15742.0,United Kingdom
502817,22041,"RECORD FRAME 7"" SINGLE SIZE ",1,2010-03-28 10:54:00,2.55,15848.0,United Kingdom
499918,21770,OPEN CLOSED METAL SIGN,2,2010-03-03 12:16:00,4.95,13097.0,United Kingdom
502987,21948,SET OF 6 CAKE CHOPSTICKS,4,2010-03-29 14:56:00,2.51,,United Kingdom
502613,21528,DAIRY MAID TRADITIONAL TEAPOT ,1,2010-03-25 14:22:00,6.95,14535.0,United Kingdom
501445,22023,EMPIRE BIRTHDAY CARD,12,2010-03-16 14:19:00,0.42,17478.0,United Kingdom
503245,21651,HANGING GLASS ETCHED TEALIGHT,12,2010-03-31 09:52:00,1.65,15216.0,United Kingdom
500918,84987,SET OF 36 TEATIME PAPER DOILIES,3,2010-03-11 10:30:00,2.98,,United Kingdom
502844,22449,SILK PURSE RUSSIAN DOLL PINK,6,2010-03-28 13:38:00,3.35,14291.0,United Kingdom
501080,22195,LARGE HEART MEASURING SPOONS,5,2010-03-12 11:19:00,3.36,,United Kingdom
501281,21402,RED  EGG  SPOON,12,2010-03-15 14:15:00,0.42,14911.0,EIRE
502249,22293,"SPRING DEC , HANGING CHICK  GREEN",6,2010-03-23 14:09:00,1.45,17797.0,United Kingdom
503543,21897,POTTING SHED CANDLE CITRONELLA,1,2010-04-01 14:23:00,2.95,17993.0,United Kingdom
502648,21471,STRAWBERRY RAFFIA FOOD COVER,6,2010-03-25 16:50:00,3.75,16210.0,United Kingdom
501890,20886,BOX OF 9 PEBBLE CANDLES,1,2010-03-21 14:44:00,1.95,14606.0,United Kingdom
499759,21299,EDWARDIAN TOILET ROLL UNIT ,6,2010-03-02 12:24:00,3.95,13126.0,United Kingdom
503349,22191,EAU DE NIL DINER WALL CLOCK,2,2010-03-31 13:29:00,8.5,15125.0,United Kingdom
503064,22288,"DECORATION , HANGING METAL RABBIT",1,2010-03-29 17:44:00,1.25,12748.0,United Kingdom
501449,21164,HOME SWEET HOME METAL SIGN ,6,2010-03-16 15:02:00,2.95,14210.0,United Kingdom
503144,85061W,WHITE JEWELLED HEART DECORATION,24,2010-03-30 12:13:00,0.85,14505.0,United Kingdom
503616,21755,LOVE BUILDING BLOCK WORD,3,2010-04-06 11:21:00,5.95,15215.0,United Kingdom
500706,22191,EAU DE NIL DINER WALL CLOCK,2,2010-03-09 13:48:00,8.5,16701.0,United Kingdom
502954,72122,COFFEE SCENT PILLAR CANDLE,4,2010-03-29 14:47:00,0.95,16036.0,United Kingdom
502486,82607A,GLASS BONBON JAR PARFUME AUX FLEURE,1,2010-03-24 17:43:00,2.51,,United Kingdom
503061,22458,CAST IRON HOOK GARDEN FORK,10,2010-03-29 16:47:00,5.95,,United Kingdom
499307,22147,FELTCRAFT BUTTERFLY HEARTS,12,2010-02-26 10:10:00,1.45,15366.0,United Kingdom
501877,22179,SET 10 LIGHTS NIGHT OWL,2,2010-03-21 13:14:00,6.75,17611.0,United Kingdom
501475,22088,PAPER BUNTING COLOURED LACE,1,2010-03-16 16:59:00,5.91,,United Kingdom
501176,21544,SKULLS  WATER TRANSFER TATTOOS ,12,2010-03-15 11:00:00,0.85,14857.0,United Kingdom
501473,46000S,POLYESTER FILLER PAD 40x40cm,30,2010-03-16 16:31:00,1.45,17511.0,United Kingdom
503248,84987,SET OF 36 TEATIME PAPER DOILIES,12,2010-03-31 10:10:00,1.45,16954.0,United Kingdom
503542,20692,FLORAL ELEPHANT SOFT TOY,24,2010-04-01 14:19:00,3.75,14646.0,Netherlands
500695,22189,CREAM HEART CARD HOLDER,2,2010-03-09 12:48:00,8.47,,United Kingdom
502492,22321,BIRD DECORATION RED SPOT,12,2010-03-25 10:24:00,0.85,13459.0,United Kingdom
501479,20727,LUNCH BAG  BLACK SKULL.,10,2010-03-17 09:43:00,1.65,16945.0,United Kingdom
502872,85164B,BLACK BAROQUE CUCKOO CLOCK,1,2010-03-29 09:59:00,25.49,,United Kingdom
500316,85099B,JUMBO BAG RED WHITE SPOTTY ,10,2010-03-07 11:58:00,1.95,13508.0,United Kingdom
499285,21199,PINK  HEART CONFETTI IN TUBE,2,2010-02-25 19:08:00,1.65,17207.0,United Kingdom
499765,84992,72 SWEETHEART FAIRY CAKE CASES,2,2010-03-02 13:15:00,1.28,,United Kingdom
499505,84375,SET OF 20 KIDS COOKIE CUTTERS,1,2010-02-28 15:58:00,1.95,14606.0,United Kingdom
501138,22270,HAPPY EASTER HANGING DECORATION,2,2010-03-14 12:05:00,3.75,14532.0,United Kingdom
502326,21931,JUMBO STORAGE BAG SUKI,30,2010-03-24 10:28:00,1.95,12758.0,Portugal
503667,22364,GLASS JAR DIGESTIVE BISCUITS,1,2010-04-06 11:42:00,2.95,15493.0,United Kingdom
499422,35001G,HAND OPEN SHAPE GOLD,1,2010-02-26 16:33:00,4.21,,United Kingdom
502866,22411,JUMBO SHOPPER VINTAGE RED PAISLEY,1,2010-03-28 15:45:00,1.95,16549.0,United Kingdom
500116,84509A,SET OF 4 ENGLISH ROSE PLACEMATS,8,2010-03-04 13:01:00,3.75,17577.0,United Kingdom
502853,84899F,YELLOW PURPLE DAISY FELT PURSE KIT,4,2010-03-28 14:47:00,1.25,17589.0,United Kingdom
499900,22211,WOOD STAMP SET FLOWERS,12,2010-03-03 12:02:00,1.65,14194.0,United Kingdom
503178,79321,CHILLI LIGHTS,4,2010-03-30 14:04:00,4.95,12949.0,United Kingdom
502113,85226A,WHITE/BLUE PULL BACK RACING CAR,6,2010-03-23 11:01:00,0.55,15998.0,United Kingdom
501546,84462,3 PINK HEN+CHICKS IN BASKET,12,2010-03-17 15:11:00,1.25,17933.0,United Kingdom
501854,22291,"SPRING DEC , HANGING CHICK CREAM",1,2010-03-21 11:15:00,1.45,15446.0,United Kingdom
500996,47585A,PINK FAIRY CAKE CUSHION COVER,12,2010-03-11 13:30:00,1.25,14422.0,United Kingdom
498999,22494,EMERGENCY FIRST AID TIN ,1,2010-02-24 11:51:00,1.25,16406.0,United Kingdom
502619,22286,"DECORATION , WOBBLY RABBIT , METAL ",1,2010-03-25 14:56:00,3.36,,United Kingdom
502599,22385,JUMBO BAG SPACEBOY DESIGN,2,2010-03-25 13:16:00,1.95,17301.0,United Kingdom
502872,22270,HAPPY EASTER HANGING DECORATION,5,2010-03-29 09:59:00,7.62,,United Kingdom
500918,22256,FELT FARM ANIMAL CHICKEN,1,2010-03-11 10:30:00,2.51,,United Kingdom
500336,22259,FELT FARM ANIMAL HEN,2,2010-03-07 13:48:00,1.25,17589.0,United Kingdom
501473,22356,"CHARLOTTE BAG , PINK/WHITE SPOTS",100,2010-03-16 16:31:00,0.72,17511.0,United Kingdom
499628,M,Manual,1,2010-03-01 13:22:00,3.75,16521.0,United Kingdom
499883,22329,ROUND CONTAINER SET OF 5 RETROSPOT,12,2010-03-03 10:54:00,1.65,16947.0,United Kingdom
503536,85099B,RED RETROSPOT JUMBO BAG ,6,2010-04-01 13:54:00,1.95,15023.0,United Kingdom
499481,84510B,SET OF 4 FAIRY CAKES COASTERS ,20,2010-02-28 13:07:00,1.25,16843.0,United Kingdom
499638,84762C,GREEN PICNIC BARBECUE BUCKET,1,2010-03-01 13:45:00,8.47,,United Kingdom
501166,22487,WHITE WOOD GARDEN PLANT LADDER,1,2010-03-15 09:46:00,9.95,13481.0,United Kingdom
501922,85231E,STRAWBERRY SCENTED SET/9 T-LIGHTS,2,2010-03-22 10:26:00,0.85,13151.0,United Kingdom
502448,84509B,SET OF 4 FAIRY CAKE PLACEMATS,24,2010-03-24 14:05:00,2.95,15311.0,United Kingdom
499994,84741C,CITRUS GARLAND FELT FLOWERS ,1,2010-03-03 16:51:00,1.95,15875.0,United Kingdom
500129,22292,"SPRING DEC , HANGING CHICK  YELLOW",2,2010-03-04 14:50:00,1.45,15768.0,United Kingdom
503536,21523,DOOR MAT FANCY FONT HOME SWEET HOME,2,2010-04-01 13:54:00,7.49,15023.0,United Kingdom
502912,37502,TEA TIME MUG IN GIFT BOX,3,2010-03-29 13:09:00,2.95,14680.0,United Kingdom
501675,22267,EASTER DECORATION EGG BUNNY ,12,2010-03-18 15:52:00,1.25,18247.0,United Kingdom
503170,21174,POTTERING IN THE SHED METAL SIGN,1,2010-03-30 13:35:00,1.95,17217.0,United Kingdom
500323,21874,GIN AND TONIC MUG,12,2010-03-07 12:09:00,1.25,13958.0,United Kingdom
502619,84978,HANGING HEART JAR T-LIGHT HOLDER,13,2010-03-25 14:56:00,2.51,,United Kingdom
499465,22071,SMALL RETRO SPOT MUG IN BOX  WHITE,3,2010-02-28 11:33:00,3.75,14807.0,United Kingdom
501264,22372,AIRLINE BAG VINTAGE WORLD CHAMPION ,2,2010-03-15 12:49:00,6.35,14315.0,United Kingdom
503549,84750A,PINK SMALL GLASS CAKE STAND,1,2010-04-01 15:04:00,4.21,,United Kingdom
500583,20961,STRAWBERRY BATH SPONGE ,10,2010-03-09 09:49:00,1.25,13178.0,United Kingdom
498934,22266,EASTER DECORATION HANGING BUNNY,1,2010-02-24 10:42:00,1.28,,United Kingdom
500025,21437,24 HANGING EASTER EGGS FLORAL TUB,1,2010-03-04 11:11:00,3.75,15950.0,United Kingdom
C501817,85040B,SET/4 BLUE FLOWER CANDLES IN BOWL,-8,2010-03-19 15:07:00,1.65,13415.0,United Kingdom
503194,21878,PACK OF 6 SANDCASTLE FLAGS ASSORTED,48,2010-03-30 15:21:00,0.85,13952.0,United Kingdom
503507,22525,CHILDRENS GARDEN GLOVES PINK,3,2010-04-01 12:33:00,1.25,16713.0,United Kingdom
502924,85217,ASSORTED ICE CREAM FRIDGE MAGNETS,6,2010-03-29 14:15:00,0.65,18168.0,United Kingdom
500358,22104,MIRROR MOSAIC CANDLE PLATE,12,2010-03-07 15:47:00,1.45,16534.0,United Kingdom
499069,47568,ENGLISH ROSE DESIGN PEG BAG,3,2010-02-24 15:02:00,2.1,13944.0,United Kingdom
498832,85123A,WHITE HANGING HEART T-LIGHT HOLDER,6,2010-02-23 11:43:00,2.95,17377.0,United Kingdom
501711,48138,DOOR MAT UNION FLAG,10,2010-03-19 10:11:00,6.35,17930.0,United Kingdom
499246,20747,PICCADILLY TEA SET,15,2010-02-25 13:40:00,12.72,,United Kingdom
503064,22149,FELTCRAFT 6 FLOWER FRIENDS,1,2010-03-29 17:44:00,2.1,12748.0,United Kingdom
499168,85099B,JUMBO BAG RED WHITE SPOTTY ,100,2010-02-25 09:33:00,1.65,16029.0,United Kingdom
501877,22323,PINK POLKADOT KIDS BAG,4,2010-03-21 13:14:00,1.95,17611.0,United Kingdom
502896,21137,BLACK RECORD COVER FRAME,4,2010-03-29 11:49:00,3.75,15527.0,United Kingdom
502997,21955,DOOR MAT UNION JACK GUNS AND ROSES,1,2010-03-29 14:58:00,13.57,,United Kingdom
503185,21665,TRIANGULAR RIDGED GLASS POSY HOLDER,2,2010-03-30 14:29:00,1.66,,United Kingdom
C503366,21381,MINI WOODEN HAPPY BIRTHDAY GARLAND,-1,2010-03-31 14:20:00,1.45,15311.0,United Kingdom
503549,47599B,BLUE PARTY BAGS ,2,2010-04-01 15:04:00,4.21,,United Kingdom
502486,84467,ENGLISH ROSE DESIGN QUILTED THROW,12,2010-03-24 17:43:00,25.49,,United Kingdom
499980,84459A,PINK METAL CHICKEN HEART ,1,2010-03-03 15:28:00,3.36,,United Kingdom
499765,79030G,"TUMBLER, NEW ENGLAND",1,2010-03-02 13:15:00,12.72,,United Kingdom
499659,84192,ASSORTED COLOUR METAL CAT ,3,2010-03-01 15:05:00,1.25,16731.0,United Kingdom
499532,22220,CAKE STAND LOVEBIRD 2 TIER WHITE,4,2010-03-01 11:33:00,9.95,15219.0,United Kingdom
502111,85123A,WHITE HANGING HEART T-LIGHT HOLDER,64,2010-03-23 10:30:00,2.55,12455.0,Cyprus
500161,21524,DOOR MAT SPOTTY HOME SWEET HOME,10,2010-03-05 07:15:00,6.35,12647.0,Germany
499638,85034A,3 GARDENIA MORRIS BOXED CANDLES,1,2010-03-01 13:45:00,8.47,,United Kingdom
501572,85061W,WHITE JEWELLED HEART DECORATION,24,2010-03-18 09:12:00,0.85,16571.0,United Kingdom
502599,47591D,PINK FAIRY CAKE CHILD'S APRON,1,2010-03-25 13:16:00,1.95,17301.0,United Kingdom
502758,85099F,JUMBO BAG STRAWBERRY,100,2010-03-26 13:45:00,1.65,14646.0,Netherlands
499239,21670,BLUE SPOT CERAMIC DRAWER KNOB,1,2010-02-25 13:23:00,1.25,17200.0,United Kingdom
499036,15056BL,EDWARDIAN PARASOL BLACK,6,2010-02-24 13:06:00,4.95,17850.0,United Kingdom
499858,22025,RING OF ROSES BIRTHDAY CARD,3,2010-03-02 17:04:00,0.85,,United Kingdom
502599,85071B,RED CHARLIE+LOLA PERSONAL DOORSIGN,2,2010-03-25 13:16:00,2.95,17301.0,United Kingdom
500177,21906,PHARMACIE FIRST AID TIN,1,2010-03-05 10:37:00,6.75,16742.0,United Kingdom
501157,84596E,SMALL LICORICE DES PINK BOWL,1,2010-03-14 16:18:00,1.25,16686.0,United Kingdom
500362,82578,KITCHEN METAL SIGN,4,2010-03-07 16:12:00,0.55,17449.0,United Kingdom
503070,85216,ASSORTED CAKES FRIDGE MAGNETS,12,2010-03-30 10:49:00,0.65,17676.0,United Kingdom
499314,21673,WHITE SPOT BLUE CERAMIC DRAWER KNOB,2,2010-02-26 10:51:00,2.51,,United Kingdom
498899,22079,RIBBON REEL HEARTS DESIGN ,1,2010-02-23 13:55:00,1.65,13772.0,United Kingdom
499527,21533,RETRO SPOT LARGE MILK JUG,3,2010-03-01 11:04:00,4.95,14870.0,United Kingdom
501711,21137,BLACK RECORD COVER FRAME,24,2010-03-19 10:11:00,3.39,17930.0,United Kingdom
500918,22178,VICTORIAN GLASS HANGING T-LIGHT,2,2010-03-11 10:30:00,2.51,,United Kingdom
499516,22063,CERAMIC BOWL WITH STRAWBERRY DESIGN,6,2010-03-01 09:56:00,2.95,12779.0,Poland
501897,22282,12 EGG HOUSE PAINTED WOOD,1,2010-03-21 15:23:00,12.75,17539.0,United Kingdom
500183,21274,EMBOSSED HEART 3 DRAWER SHELF,2,2010-03-05 10:51:00,12.75,17508.0,Greece
502892,22441,GROW YOUR OWN BASIL IN ENAMEL MUG,12,2010-03-29 11:42:00,2.1,17419.0,United Kingdom
502733,84050,PINK HEART SHAPE EGG FRYING PAN,3,2010-03-26 11:56:00,1.65,15911.0,United Kingdom
498875,15056P,,25,2010-02-23 12:28:00,0.0,,United Kingdom
499765,85114B,IVORY ENCHANTED FOREST PLACEMAT,4,2010-03-02 13:15:00,3.36,,United Kingdom
499980,21549,CERAMIC BIRDHOUSE RED ROOF SMALL,1,2010-03-03 15:28:00,5.91,,United Kingdom
500712,21557,SET OF 6 FUNKY BEAKERS,6,2010-03-09 14:14:00,2.95,13089.0,United Kingdom
501264,22347,PIZZA SLICE DISH,12,2010-03-15 12:49:00,1.25,14315.0,United Kingdom
502063,84970L,SINGLE HEART ZINC T-LIGHT HOLDER,12,2010-03-22 15:08:00,0.95,14355.0,United Kingdom
500257,21259,VICTORIAN SEWING BOX SMALL ,1,2010-03-05 13:33:00,5.95,17006.0,United Kingdom
501889,22380,TOY TIDY SPACEBOY  ,15,2010-03-21 14:24:00,2.1,13093.0,United Kingdom
501161,85035A,GARDENIA 3 WICK MORRIS BOXED CANDLE,1,2010-03-15 09:28:00,8.47,,United Kingdom
499980,20724,RED SPOTTY CHARLOTTE BAG,1,2010-03-03 15:28:00,1.66,,United Kingdom
499596,85124A,PINK JUICY FRUIT PHOTO FRAME,2,2010-03-01 12:21:00,2.55,16511.0,United Kingdom
C503211,85040B,SET/4 BLUE FLOWER CANDLES IN BOWL,-1,2010-03-30 16:00:00,1.65,14175.0,United Kingdom
502858,21770,OPEN CLOSED METAL SIGN,4,2010-03-28 15:12:00,4.95,15231.0,United Kingdom
501558,82578,KITCHEN METAL SIGN,1,2010-03-17 16:35:00,1.28,,United Kingdom
499997,84971S,SMALL HEART FLOWERS HOOK ,24,2010-03-04 09:08:00,0.85,15798.0,United Kingdom
502619,21717,EASTER TIN BUCKET,4,2010-03-25 14:56:00,5.06,,United Kingdom
500094,21218,RED SPOTTY BISCUIT TIN,1,2010-03-04 12:24:00,3.75,15005.0,United Kingdom
501545,21094,SET/6 RED SPOTTY PAPER PLATES,120,2010-03-17 14:59:00,0.64,12709.0,Germany
501028,22170,PICTURE FRAME WOOD TRIPLE PORTRAIT,1,2010-03-11 17:05:00,6.75,15311.0,United Kingdom
502113,22305,COFFEE MUG PINK PAISLEY DESIGN,3,2010-03-23 11:01:00,2.55,15998.0,United Kingdom
501134,22356,"CHARLOTTE BAG , PINK/WHITE SPOTS",4,2010-03-14 10:33:00,0.85,13571.0,United Kingdom
499766,46000M,,-89,2010-03-02 13:19:00,0.0,,United Kingdom
503030,21955,DOOR MAT UNION JACK GUNS AND ROSES,1,2010-03-29 15:05:00,13.57,,United Kingdom
500335,21682,LARGE MEDINA STAMPED METAL BOWL ,1,2010-03-07 13:44:00,4.95,14606.0,United Kingdom
500356,22275,WEEKEND BAG VINTAGE ROSE PAISLEY,2,2010-03-07 15:34:00,8.5,16984.0,United Kingdom
502565,21115,ROSE CARAVAN DOORSTOP,2,2010-03-25 12:03:00,6.75,13849.0,United Kingdom
501656,22499,WOODEN UNION JACK BUNTING,2,2010-03-18 13:08:00,5.95,14648.0,United Kingdom
499246,21992,VINTAGE PAISLEY STATIONERY SET,1,2010-02-25 13:40:00,5.91,,United Kingdom
498905,22244,"HOOK, 3 HANGER ,MAGIC GARDEN",12,2010-02-23 14:40:00,1.95,12854.0,United Kingdom
502627,M,Manual,1,2010-03-25 15:26:00,525.65,,United Kingdom
501156,84990,60 GOLD AND SILVER FAIRY CAKE CASES,3,2010-03-14 16:09:00,0.55,12748.0,United Kingdom
501475,84991,60 TEATIME FAIRY CAKE CASES,1,2010-03-16 16:59:00,1.28,,United Kingdom
499785,16202E,BLACK PHOTO ALBUM ,12,2010-03-02 14:48:00,1.95,15606.0,United Kingdom
499516,22057,CERAMIC PLATE STRAWBERRY DESIGN,12,2010-03-01 09:56:00,1.49,12779.0,Poland
503335,22456,NATURAL SLATE CHALKBOARD LARGE ,3,2010-03-31 12:22:00,4.95,16133.0,United Kingdom
502748,84378,SET OF 3 HEART COOKIE CUTTERS,24,2010-03-26 13:05:00,1.25,16493.0,United Kingdom
500461,47566,PARTY BUNTING,2,2010-03-08 12:35:00,8.47,,United Kingdom
502138,21833,CAMOUFLAGE LED TORCH,6,2010-03-23 11:20:00,1.69,15998.0,United Kingdom
499326,22301,COFFEE MUG CAT + BIRD DESIGN,6,2010-02-26 11:22:00,2.55,13598.0,United Kingdom
499500,22236,CAKE STAND 3 TIER MAGIC GARDEN,1,2010-02-28 14:43:00,12.75,13044.0,United Kingdom
500163,21091,SET/6 WOODLAND PAPER PLATES,12,2010-03-05 08:45:00,0.85,12399.0,Belgium
499123,21154,RED SPOTTY OVEN GLOVE ,2,2010-02-24 16:15:00,1.25,14556.0,United Kingdom
500125,22357,KINGS CHOICE BISCUIT TIN,4,2010-03-04 14:36:00,4.25,14426.0,United Kingdom
501889,21508,VINTAGE KID DOLLY CARD ,24,2010-03-21 14:24:00,0.42,13093.0,United Kingdom
500751,22241,GARLAND WOODEN HAPPY EASTER,12,2010-03-10 10:25:00,1.25,13081.0,United Kingdom
502613,21892,TRADITIONAL WOODEN CATCH CUP GAME ,1,2010-03-25 14:22:00,1.25,14535.0,United Kingdom
503038,84692,BOX OF 24 COCKTAIL PARASOLS,3,2010-03-29 15:07:00,0.81,,United Kingdom
499850,37495,FAIRY CAKE BIRTHDAY CANDLE SET,4,2010-03-02 16:36:00,3.75,13593.0,United Kingdom
501658,21385,IVORY HANGING DECORATION  HEART,4,2010-03-18 13:16:00,0.85,15496.0,United Kingdom
501284,20677,PINK SPOTTY BOWL,16,2010-03-15 14:19:00,1.25,12714.0,France
503516,21623,VINTAGE UNION JACK MEMOBOARD,2,2010-04-01 12:56:00,9.95,16434.0,United Kingdom
499659,21869,POTTING SHED COFFEE MUG,3,2010-03-01 15:05:00,1.25,16731.0,United Kingdom
499890,21755,LOVE BUILDING BLOCK WORD,1,2010-03-03 11:34:00,5.95,14606.0,United Kingdom
501508,21162,TOXIC AREA  DOOR HANGER ,12,2010-03-17 11:33:00,1.25,17448.0,United Kingdom
501542,22356,"CHARLOTTE BAG , PINK/WHITE SPOTS",30,2010-03-17 14:27:00,0.85,16004.0,United Kingdom
501101,22195,LARGE HEART MEASURING SPOONS,12,2010-03-12 12:44:00,1.65,13795.0,United Kingdom
503226,21375,LARGE CAMPHOR WOOD FIELD MUSHROOM ,12,2010-03-30 16:40:00,1.95,13162.0,United Kingdom
503244,22497,SET OF 2 TINS VINTAGE BATHROOM ,1,2010-03-31 09:49:00,4.25,17377.0,United Kingdom
501688,21080,SET/20 RED SPOTTY PAPER NAPKINS ,24,2010-03-18 17:04:00,0.85,15738.0,United Kingdom
503342,21506,"FANCY FONT BIRTHDAY CARD, ",12,2010-03-31 13:09:00,0.42,16845.0,United Kingdom
499997,22243,"HOOK, 5 HANGER ,MAGIC TOADSTOOL RED",12,2010-03-04 09:08:00,1.65,15798.0,United Kingdom
500918,85031C,CURIOUS IMAGES SCRAP BOOK SET,3,2010-03-11 10:30:00,3.36,,United Kingdom
501785,71477,COLOUR GLASS. STAR T-LIGHT HOLDER,4,2010-03-19 12:39:00,3.25,16452.0,United Kingdom
499474,22417,PACK OF 60 SPACEBOY CAKE CASES,1,2010-02-28 12:29:00,0.55,15421.0,United Kingdom
498903,22385,JUMBO BAG SPACEBOY DESIGN,10,2010-02-23 14:16:00,1.95,14112.0,United Kingdom
502055,85014C,BLUE/BROWN DOTS RUFFLED UMBRELLA,1,2010-03-22 14:30:00,5.95,13357.0,United Kingdom
499502,22087,PAPER BUNTING WHITE LACE,1,2010-02-28 15:01:00,2.95,14044.0,United Kingdom
503549,21293,MIRRORED DOVE WALL DECORATION,2,2010-04-01 15:04:00,4.21,,United Kingdom
501137,84510B,SET OF 4 FAIRY CAKES COASTERS ,10,2010-03-14 12:01:00,1.25,13802.0,United Kingdom
501663,21791,VINTAGE HEADS AND TAILS CARD GAME ,12,2010-03-18 14:09:00,1.25,12615.0,France
503398,20676,RED SPOTTY BOWL,32,2010-03-31 15:42:00,1.25,17083.0,United Kingdom
501475,90027C,GLASS BEAD HOOP EARRINGS GREEN,1,2010-03-16 16:59:00,2.96,,United Kingdom
499919,22215,CAKE STAND WHITE TWO TIER LACE,4,2010-03-03 12:20:00,8.5,14911.0,EIRE
503611,47505,MINATURE COLOURED GARDENING SET,10,2010-04-06 10:43:00,4.95,18173.0,United Kingdom
501912,47590B,PINK HAPPY BIRTHDAY BUNTING,3,2010-03-22 09:19:00,5.45,17552.0,United Kingdom
501444,21624,VINTAGE UNION JACK DOORSTOP,4,2010-03-16 14:08:00,5.95,17716.0,United Kingdom
500094,22189,CREAM HEART CARD HOLDER,3,2010-03-04 12:24:00,3.95,15005.0,United Kingdom
501539,22356,"CHARLOTTE BAG , PINK/WHITE SPOTS",1,2010-03-17 14:05:00,0.85,13275.0,United Kingdom
500695,37342,SPOTTY COFFEE CUP & SAUCER,1,2010-03-09 12:48:00,5.91,,United Kingdom
503608,48184,DOOR MAT ENGLISH ROSE ,2,2010-04-06 10:06:00,7.49,17477.0,United Kingdom
501010,20615,BLUE SPOTTY PASSPORT COVER,2,2010-03-11 15:33:00,2.1,13715.0,United Kingdom
501441,21231,SWEETHEART CERAMIC TRINKET BOX,2,2010-03-16 13:44:00,2.51,,United Kingdom
502855,85144,JARDIN ETCHED GLASS BUTTER DISH,1,2010-03-28 14:53:00,7.25,16710.0,United Kingdom
499422,22173,METAL 4 HOOK HANGER FRENCH CHATEAU,1,2010-02-26 16:33:00,5.91,,United Kingdom
502293,21155,RED SPOTTY PEG BAG,6,2010-03-24 08:55:00,2.1,13896.0,United Kingdom
501562,22371,AIRLINE BAG VINTAGE TOKYO 78,1,2010-03-17 17:05:00,6.35,,United Kingdom
499502,22230,JIGSAW TREE WITH WATERING CAN,1,2010-02-28 15:01:00,0.85,14044.0,United Kingdom
500582,22326,ROUND SNACK BOXES SET OF4 WOODLAND ,6,2010-03-09 09:46:00,2.95,12490.0,France
502192,21844,RETRO SPOT MUG,6,2010-03-23 11:48:00,2.95,14680.0,United Kingdom
499765,84509F,SET OF 4 NEW ENGLAND PLACEMATS,2,2010-03-02 13:15:00,7.62,,United Kingdom
500375,22352,LUNCHBOX WITH CUTLERY RETROSPOT ,12,2010-03-08 09:49:00,2.55,17682.0,United Kingdom
501625,84510F,SET OF 4 NEW ENGLAND COASTERS ,10,2010-03-18 11:40:00,1.25,15918.0,United Kingdom
500120,84077,WORLD WAR 2 GLIDERS ASSTD DESIGNS,48,2010-03-04 13:53:00,0.21,14135.0,United Kingdom
500869,21976,PACK OF 60 MUSHROOM CAKE CASES,3,2010-03-10 13:21:00,0.55,17220.0,United Kingdom
500329,21935,SUKI  SHOULDER BAG,3,2010-03-07 12:56:00,1.65,13764.0,United Kingdom
500918,22196,SMALL HEART MEASURING SPOONS,1,2010-03-11 10:30:00,1.66,,United Kingdom
502597,22325,MOBILE VINTAGE HEARTS ,3,2010-03-25 13:15:00,4.95,13969.0,United Kingdom
503144,85049H,URBAN BLACK RIBBONS ,2,2010-03-30 12:13:00,1.25,14505.0,United Kingdom
503547,21745,GAOLERS KEYS DECORATIVE GARDEN ,1,2010-04-01 14:52:00,3.75,14049.0,United Kingdom
502436,22295,HEART FILIGREE DOVE LARGE,1,2010-03-24 13:08:00,1.65,16002.0,United Kingdom
500933,17003,BROCADE RING PURSE ,3,2010-03-11 11:45:00,0.21,14606.0,United Kingdom
499912,21303,FILIGREE WALL MIRROR  ANTIQUE WHITE,3,2010-03-03 12:10:00,16.95,15179.0,United Kingdom
501935,21717,EASTER TIN BUCKET,4,2010-03-22 11:47:00,2.55,,United Kingdom
500118,21357,TOAST ITS - DINOSAUR,5,2010-03-04 13:39:00,1.25,14680.0,United Kingdom
501161,DOT,DOTCOM POSTAGE,1,2010-03-15 09:28:00,375.16,,United Kingdom
499765,22331,WOODLAND PARTY BAG + STICKER SET,1,2010-03-02 13:15:00,3.36,,United Kingdom
503377,21458,2 PICTURE BOOK EGGS EASTER BUNNY,2,2010-03-31 14:31:00,1.25,,United Kingdom
500461,82551,LAUNDRY 15C METAL SIGN,1,2010-03-08 12:35:00,2.51,,United Kingdom
503241,21220,SET/4 BADGES DOGS,10,2010-03-31 09:40:00,1.25,14890.0,United Kingdom
502244,21529,RETRO SPOT CERAMIC TOASTRACK,6,2010-03-23 13:34:00,3.45,13872.0,United Kingdom
499752,84665,SQUARE CHERRY BLOSSOM CABINET,4,2010-03-02 11:53:00,5.95,17477.0,United Kingdom
500273,22111,SCOTTIE DOG HOT WATER BOTTLE,1,2010-03-05 14:42:00,11.02,,United Kingdom
502607,21935,SUKI  SHOULDER BAG,10,2010-03-25 13:49:00,1.65,12373.0,Austria
501475,21035,SET/2 RED SPOTTY TEA TOWELS ,1,2010-03-16 16:59:00,5.91,,United Kingdom
500237,21258,VICTORIAN SEWING BOX LARGE,1,2010-03-05 11:56:00,12.75,12417.0,Belgium
500658,85231B,CINAMMON SET OF 9 T-LIGHTS,1,2010-03-09 11:22:00,0.85,12748.0,United Kingdom
503496,79323B,BLACK CHERRY LIGHTS,1,2010-04-01 12:07:00,6.75,17841.0,United Kingdom
502913,16235,RECYCLED PENCIL WITH RABBIT ERASER,21,2010-03-29 13:10:00,0.21,13975.0,United Kingdom
499314,21371,MIRRORED WALL ART POPPIES,1,2010-02-26 10:51:00,5.06,,United Kingdom
500461,21367,MIRRORED WALL ART GENTS,1,2010-03-08 12:35:00,5.06,,United Kingdom
498934,22173,METAL 4 HOOK HANGER FRENCH CHATEAU,1,2010-02-24 10:42:00,5.91,,United Kingdom
499968,22317,FIVE CATS HANGING DECORATION,6,2010-03-03 14:10:00,2.95,13214.0,United Kingdom
500091,47579,TEA TIME BREAKFAST BASKET,1,2010-03-04 12:06:00,4.21,,United Kingdom
501930,22507,MEMO BOARD RETROSPOT  DESIGN,4,2010-03-22 11:21:00,4.95,14016.0,EIRE
503340,85184C,S/4 VALENTINE DECOUPAGE HEART BOX,2,2010-03-31 12:52:00,2.95,13059.0,United Kingdom
C501330,22109,FULL ENGLISH BREAKFAST PLATE,-1,2010-03-16 10:07:00,3.75,16558.0,United Kingdom
499624,21622,VINTAGE UNION JACK CUSHION COVER,4,2010-03-01 13:10:00,4.95,17593.0,United Kingdom
502241,22171,3 HOOK PHOTO SHELF ANTIQUE WHITE,1,2010-03-23 13:21:00,8.5,17389.0,United Kingdom
498928,20679,EDWARDIAN PARASOL RED,60,2010-02-24 10:18:00,4.95,13694.0,United Kingdom
501127,85123A,WHITE HANGING HEART T-LIGHT HOLDER,12,2010-03-12 15:47:00,2.95,18178.0,United Kingdom
500097,22381,TOY TIDY PINK RETROSPOT  ,5,2010-03-04 12:32:00,2.1,15633.0,United Kingdom
502420,21676,FLOWERS  STICKERS,12,2010-03-24 12:17:00,0.85,15015.0,United Kingdom
500329,20728,LUNCH BAG CARS BLUE,10,2010-03-07 12:56:00,1.65,13764.0,United Kingdom
501307,21171,BATHROOM METAL SIGN ,1,2010-03-15 17:32:00,3.36,,United Kingdom
500891,21165,BEWARE OF THE CAT METAL SIGN ,1,2010-03-10 16:24:00,4.21,,United Kingdom
499422,22383,LUNCH BAG SUKI  DESIGN ,2,2010-02-26 16:33:00,4.21,,United Kingdom
499866,84971S,SMALL HEART FLOWERS HOOK ,6,2010-03-02 17:13:00,0.85,17576.0,United Kingdom
503667,71279,PINK GLASS CANDLEHOLDER,1,2010-04-06 11:42:00,2.95,15493.0,United Kingdom
500999,21390,FILIGRIS HEART WITH BUTTERFLY,24,2010-03-11 13:46:00,1.25,16933.0,United Kingdom
501805,48185,DOOR MAT FAIRY CAKE,4,2010-03-19 14:01:00,7.49,13542.0,United Kingdom
503428,22570,FELTCRAFT CUSHION RABBIT,2,2010-03-31 17:31:00,7.62,,United Kingdom
498934,47566B,TEA TIME PARTY BUNTING,1,2010-02-24 10:42:00,8.47,,United Kingdom
501304,21745,GAOLERS KEYS DECORATIVE GARDEN ,2,2010-03-15 17:14:00,3.75,17231.0,United Kingdom
500940,22290,STANDING METAL RABBIT WITH EGG,1,2010-03-11 11:51:00,2.1,14527.0,United Kingdom
499285,21385,IVORY HANGING DECORATION  HEART,4,2010-02-25 19:08:00,0.85,17207.0,United Kingdom
500091,21986,PACK OF 12 PINK SPOT TISSUES ,1,2010-03-04 12:06:00,0.81,,United Kingdom
499398,22242,"HOOK, 5 HANGER , MAGIC TOADSTOOL",12,2010-02-26 13:01:00,1.65,15309.0,United Kingdom
499960,22433,WATERING CAN GREEN DINOSAUR,6,2010-03-03 12:54:00,1.95,13294.0,United Kingdom
503435,21164,HOME SWEET HOME METAL SIGN ,6,2010-04-01 09:03:00,2.95,14893.0,United Kingdom
499625,22021,BLUE FELT EASTER EGG BASKET,2,2010-03-01 13:14:00,1.65,17965.0,United Kingdom
503581,22443,GROW YOUR OWN HERBS SET OF 3,1,2010-04-01 16:50:00,7.95,,United Kingdom
500541,20932,PINK POT PLANT CANDLE,4,2010-03-08 15:26:00,3.75,18245.0,United Kingdom
502492,21204,DAISIES  HONEYCOMB GARLAND ,12,2010-03-25 10:24:00,1.65,13459.0,United Kingdom
500251,82494L,WOODEN FRAME ANTIQUE WHITE ,6,2010-03-05 12:57:00,2.95,14681.0,United Kingdom
501917,21931,JUMBO STORAGE BAG SUKI,10,2010-03-22 10:08:00,1.95,15810.0,United Kingdom
502889,84755,COLOUR GLASS T-LIGHT HOLDER HANGING,16,2010-03-29 11:38:00,0.55,17448.0,United Kingdom
503259,84836,ZINC METAL HEART DECORATION,12,2010-03-31 11:09:00,1.25,14706.0,United Kingdom
500091,21359,RELAX LARGE WOOD LETTERS,1,2010-03-04 12:06:00,34.0,,United Kingdom
499073,35924,HANGING FAIRY CAKE DECORATION,1,2010-02-24 15:23:00,4.21,,United Kingdom
499246,20989,URBAN CHIC CHOPSTICKS SET/5,1,2010-02-25 13:40:00,4.21,,United Kingdom
503185,22333,RETRO SPORT PARTY BAG + STICKER SET,1,2010-03-30 14:29:00,3.36,,United Kingdom
500720,21283,NATURAL BARK CANDLE SMALL,4,2010-03-09 15:16:00,3.25,12747.0,United Kingdom
500316,85049F,BABY BOOM RIBBONS ,2,2010-03-07 11:58:00,1.25,13508.0,United Kingdom
502837,18007,ESSENTIAL BALM 3.5g TIN IN ENVELOPE,24,2010-03-28 12:52:00,0.18,14771.0,United Kingdom
501307,20975,12 PENCILS SMALL TUBE RED SPOTTY,5,2010-03-15 17:32:00,1.28,,United Kingdom
499062,21532,DAIRY MAID SUGAR JAM BOWL,1,2010-02-24 14:10:00,2.1,14590.0,United Kingdom
503163,85110,BLACK SILVER FLOWER T-LIGHT HOLDER,288,2010-03-30 13:13:00,0.19,13694.0,United Kingdom
499631,84247L,FAWN AND MUSHROOM GREETING CARD,12,2010-03-01 13:29:00,0.42,12540.0,Spain
500157,22111,SCOTTIE DOG HOT WATER BOTTLE,3,2010-03-04 18:23:00,4.95,12371.0,Switzerland
502605,22147,FELTCRAFT BUTTERFLY HEARTS,1,2010-03-25 13:43:00,1.45,14685.0,United Kingdom
499507,22274,FELTCRAFT DOLL EMILY,2,2010-02-28 16:01:00,2.95,17209.0,United Kingdom
502746,22261,FELT EGG COSY WHITE RABBIT ,1,2010-03-26 12:53:00,1.66,,United Kingdom
499980,21985,PACK OF 12 HEARTS DESIGN TISSUES ,2,2010-03-03 15:28:00,0.81,,United Kingdom
501853,20978,36 PENCILS TUBE SKULLS,1,2010-03-21 11:07:00,1.25,16782.0,United Kingdom
501677,22232,JIGSAW TOADSTOOLS 3 PIECE,8,2010-03-18 16:16:00,1.65,12647.0,Germany
499969,21498,RED SPOTS  WRAP ,25,2010-03-03 14:13:00,0.42,13722.0,United Kingdom
498877,21485,RED SPOT HEART HOT WATER BOTTLE,2,2010-02-23 12:31:00,4.95,13052.0,United Kingdom
500091,22248,DECORATION  PINK CHICK MAGIC GARDEN,2,2010-03-04 12:06:00,1.66,,United Kingdom
501832,21212,PACK OF 72 RETRO SPOT CAKE CASES,6,2010-03-19 16:43:00,1.28,,United Kingdom
501714,22083,PAPER CHAIN KIT RETRO SPOT,6,2010-03-19 10:22:00,2.95,17581.0,United Kingdom
501552,15056N,EDWARDIAN PARASOL NATURAL,4,2010-03-17 15:37:00,5.95,14249.0,United Kingdom
506857,21754,HOME BUILDING BLOCK WORD,1,2010-05-04 14:34:00,5.95,17757.0,United Kingdom
504581,48184,DOOR MAT ENGLISH ROSE ,2,2010-04-15 08:35:00,7.49,16631.0,United Kingdom
503714,22219,LOVEBIRD HANGING DECORATION WHITE ,4,2010-04-06 14:42:00,0.85,13432.0,United Kingdom
504893,22555,PLASTERS IN TIN STRONGMAN,3,2010-04-18 14:06:00,1.65,15972.0,United Kingdom
507381,21213,PACK OF 72 SKULL CAKE CASES,24,2010-05-09 11:50:00,0.55,16954.0,United Kingdom
507687,22114,HOT WATER BOTTLE TEA AND SYMPATHY,4,2010-05-11 09:55:00,3.95,12582.0,Finland
504742,21983,PACK OF 12 BLUE PAISLEY TISSUES ,48,2010-04-16 11:35:00,0.29,15979.0,United Kingdom
508504,85232B,SET/3 RUSSIAN DOLL STACKING TINS,3,2010-05-16 16:05:00,4.95,13451.0,United Kingdom
503991,22304,COFFEE MUG BLUE PAISLEY DESIGN,6,2010-04-09 10:30:00,2.55,16341.0,United Kingdom
507177,82580,BATHROOM METAL SIGN,2,2010-05-06 15:09:00,1.28,,United Kingdom
507712,17129F,DEEP BLUE GLASS GEMS IN BAG,2,2010-05-11 11:29:00,1.66,,United Kingdom
507292,84927E,FLOWERS TILE HOOK,1,2010-05-07 14:28:00,4.21,,United Kingdom
504206,22507,MEMO BOARD RETROSPOT  DESIGN,4,2010-04-12 11:25:00,4.95,17469.0,United Kingdom
503821,82578,KITCHEN METAL SIGN,24,2010-04-07 14:50:00,0.55,15201.0,United Kingdom
505354,22115,METAL SIGN EMPIRE TEA,1,2010-04-21 15:04:00,5.91,,United Kingdom
506391,22129,PARTY CONES CANDY TREE DECORATION,12,2010-04-29 12:58:00,0.85,18111.0,United Kingdom
505012,22376,AIRLINE BAG VINTAGE JET SET WHITE,6,2010-04-19 13:15:00,6.35,17865.0,United Kingdom
506951,22218,CAKE STAND LACE WHITE,6,2010-05-05 11:36:00,4.25,14560.0,United Kingdom
504898,20762,GREEN FERN SKETCHBOOK ,1,2010-04-18 14:35:00,3.75,16409.0,United Kingdom
504880,21638,ASSORTED TUTTI FRUTTI NOTEBOOK,2,2010-04-18 12:57:00,2.1,15059.0,United Kingdom
C504202,22507,MEMO BOARD RETROSPOT  DESIGN,-2,2010-04-12 11:15:00,4.95,16351.0,United Kingdom
505067,21698,MOCK LOBSTER FRIDGE MAGNET,1,2010-04-19 16:48:00,0.85,14606.0,United Kingdom
503777,84405A,S/3 PINK COL METAL BASKET W HANDLE,1,2010-04-07 11:20:00,12.75,13727.0,United Kingdom
505005,71477,COLOUR GLASS. STAR T-LIGHT HOLDER,8,2010-04-19 12:49:00,3.25,13939.0,United Kingdom
504918,84836,ZINC METAL HEART DECORATION,1,2010-04-19 10:36:00,2.51,,United Kingdom
506146,22563,HAPPY STENCIL CRAFT,1,2010-04-27 16:45:00,2.51,,United Kingdom
507624,20724,RED SPOTTY CHARLOTTE BAG,10,2010-05-10 14:34:00,0.85,16873.0,United Kingdom
506452,85124C,GREEN JUICY FRUIT PHOTO FRAME,3,2010-04-29 18:31:00,2.55,15709.0,United Kingdom
507193,22492,MINI PAINT SET VINTAGE ,36,2010-05-06 16:21:00,0.65,16843.0,United Kingdom
506794,22441,GROW YOUR OWN BASIL IN ENAMEL MUG,8,2010-05-04 12:22:00,2.1,13143.0,United Kingdom
507147,21614,SET OF 12 ROSE BOTANICAL T-LIGHTS,1,2010-05-06 12:48:00,2.95,,United Kingdom
505882,21121,SET/10 RED SPOTTY PARTY CANDLES,1,2010-04-26 13:44:00,1.25,14552.0,United Kingdom
504149,79534,MULTICOLOUR GLASS PLATE,6,2010-04-11 13:37:00,0.55,17608.0,United Kingdom
503980,22464,HANGING METAL HEART LANTERN,48,2010-04-09 08:05:00,1.45,13762.0,United Kingdom
507288,16046,TEATIME PEN CASE & PENS,1,2010-05-07 13:58:00,0.85,17609.0,United Kingdom
505635,21471,STRAWBERRY RAFFIA FOOD COVER,6,2010-04-23 13:12:00,3.75,14852.0,United Kingdom
508524,21696,SMALL SILVER TRELLIS CANDLEPOT,6,2010-05-17 10:20:00,2.95,17340.0,United Kingdom
507649,37333,"RETRO ""TEA FOR ONE"" ",1,2010-05-10 15:52:00,0.0,,United Kingdom
C508375,21534,DAIRY MAID LARGE MILK JUG,-1,2010-05-14 13:44:00,4.95,13510.0,United Kingdom
504830,22607,WOODEN ROUNDERS GARDEN SET ,4,2010-04-16 13:34:00,8.5,14988.0,United Kingdom
507584,22167,"WALL MIRROR , DIAMANTE OVAL SHAPE",6,2010-05-10 12:41:00,9.95,13407.0,United Kingdom
505709,20727,LUNCH BAG  BLACK SKULL.,4,2010-04-25 12:34:00,1.65,13050.0,United Kingdom
504580,22509,SEWING BOX RETROSPOT DESIGN ,1,2010-04-15 08:33:00,16.95,17519.0,United Kingdom
507266,21781,MA CAMPAGNE CUTLERY BOX,1,2010-05-07 12:24:00,14.95,13830.0,United Kingdom
506456,84828,JUNGLE POPSICLES ICE LOLLY HOLDERS,4,2010-04-29 19:08:00,1.25,15015.0,United Kingdom
507455,84380,SET OF 3 BUTTERFLY COOKIE CUTTERS,12,2010-05-10 10:19:00,1.25,,EIRE
504935,35004C,SET OF 3 COLOURED  FLYING DUCKS,1,2010-04-19 11:19:00,12.72,,United Kingdom
506146,21447,12 IVORY ROSE PEG PLACE SETTINGS,1,2010-04-27 16:45:00,2.51,,United Kingdom
506268,22487,WHITE WOOD GARDEN PLANT LADDER,2,2010-04-28 15:00:00,9.95,15445.0,United Kingdom
505209,22185,SLATE TILE NATURAL HANGING,5,2010-04-20 17:25:00,1.65,14081.0,United Kingdom
505965,82613D,METAL SIGN CUPCAKE SINGLE HOOK,2,2010-04-26 15:43:00,1.25,16242.0,United Kingdom
507418,47566,PARTY BUNTING,5,2010-05-09 14:52:00,4.65,17292.0,United Kingdom
503978,21533,RETRO SPOT LARGE MILK JUG,3,2010-04-08 19:39:00,4.95,13291.0,United Kingdom
507394,21652,GLASS ETCHED T-LIGHT HOLDER MEDIUM,6,2010-05-09 12:49:00,1.95,16466.0,United Kingdom
505013,21061,PARTY INVITES FOOTBALL,12,2010-04-19 13:29:00,0.85,13115.0,United Kingdom
508498,20827,GOLD APERITIF GLASS,1,2010-05-16 14:54:00,2.12,17905.0,United Kingdom
506445,22288,"DECORATION , HANGING METAL RABBIT",1,2010-04-29 17:01:00,2.51,,United Kingdom
C508132,20829,GLITTER HANGING BUTTERFLY STRING,-200,2010-05-13 10:54:00,2.1,12931.0,United Kingdom
507838,20728,LUNCH BAG CARS BLUE,1,2010-05-11 13:30:00,1.65,15034.0,United Kingdom
505202,22438,BALLOON ART MAKE YOUR OWN FLOWERS,1,2010-04-20 16:21:00,4.21,,United Kingdom
504122,21363,HOME SMALL WOOD LETTERS,3,2010-04-11 10:30:00,4.95,12916.0,United Kingdom
503774,22377,BOTTLE BAG RETROSPOT ,1,2010-04-07 11:04:00,2.1,14606.0,United Kingdom
505745,21977,PACK OF 60 PINK PAISLEY CAKE CASES,600,2010-04-26 07:17:00,0.42,16684.0,United Kingdom
506964,82580,BATHROOM METAL SIGN,25,2010-05-05 12:31:00,0.55,17920.0,United Kingdom
507194,22295,HEART FILIGREE DOVE LARGE,12,2010-05-06 16:21:00,1.65,16108.0,United Kingdom
505534,21872,GLAMOROUS  MUG,400,2010-04-22 17:46:00,0.85,18102.0,United Kingdom
505013,21059,PARTY INVITES DINOSAURS,12,2010-04-19 13:29:00,0.85,13115.0,United Kingdom
505719,22089,PAPER BUNTING VINTAGE PAISLEY,3,2010-04-25 13:28:00,2.95,17550.0,United Kingdom
507674,72351A,SET/6 TURQUOISE BUTTERFLY T-LIGHTS,12,2010-05-11 09:32:00,2.1,16631.0,United Kingdom
508222,22077,6 RIBBONS RUSTIC CHARM,12,2010-05-13 15:41:00,1.65,12540.0,Spain
504862,82482,WOODEN PICTURE FRAME WHITE FINISH,6,2010-04-18 12:07:00,2.1,17850.0,United Kingdom
505358,22441,GROW YOUR OWN BASIL IN ENAMEL MUG,1,2010-04-21 15:24:00,2.1,14605.0,United Kingdom
508482,21972,SET OF 36 DINOSAUR PAPER DOILIES,5,2010-05-16 12:44:00,1.45,13564.0,United Kingdom
506168,37449,CERAMIC CAKE STAND + HANGING CAKES,2,2010-04-28 10:02:00,9.95,13958.0,United Kingdom
507888,22149,FELTCRAFT 6 FLOWER FRIENDS,6,2010-05-11 16:26:00,2.1,13004.0,United Kingdom
508361,21034,REX CASH+CARRY JUMBO SHOPPER,1,2010-05-14 12:55:00,0.95,14667.0,United Kingdom
506706,22383,LUNCH BAG SUKI  DESIGN ,2,2010-05-02 14:42:00,1.65,16549.0,United Kingdom
503871,22301,COFFEE MUG CAT + BIRD DESIGN,1,2010-04-08 11:36:00,5.06,,United Kingdom
505236,22485,SET OF 2 WOODEN MARKET CRATES,2,2010-04-21 10:58:00,12.75,12391.0,Cyprus
504467,85099B,RED RETROSPOT JUMBO BAG ,1,2010-04-13 17:15:00,1.95,16259.0,United Kingdom
505004,22558,CLOTHES PEGS RETROSPOT PACK 24 ,12,2010-04-19 12:45:00,1.25,13093.0,United Kingdom
504919,22202,MILK PAN PINK RETROSPOT,2,2010-04-19 10:40:00,7.62,,United Kingdom
506494,21355,TOAST ITS - I LOVE YOU ,12,2010-04-30 10:52:00,1.25,14299.0,United Kingdom
506463,47568,ENGLISH ROSE DESIGN PEG BAG,6,2010-04-30 07:58:00,2.1,16258.0,United Kingdom
507117,22171,3 HOOK PHOTO SHELF ANTIQUE WHITE,1,2010-05-06 11:34:00,8.5,15311.0,United Kingdom
507673,21481,FAWN BLUE HOT WATER BOTTLE,6,2010-05-11 09:29:00,2.95,14911.0,EIRE
507170,85175,CACTI T-LIGHT CANDLES,16,2010-05-06 14:45:00,0.42,14745.0,United Kingdom
508470,22557,PLASTERS IN TIN VINTAGE PAISLEY ,1,2010-05-16 11:24:00,1.65,16922.0,United Kingdom
506388,85049C,ROMANTIC PINKS RIBBONS ,2,2010-04-29 12:51:00,1.25,16383.0,United Kingdom
504154,22405,MONEY BOX POCKET MONEY DESIGN,1,2010-04-11 14:28:00,1.25,15443.0,United Kingdom
504183,22540,MINI JIGSAW CIRCUS PARADE ,48,2010-04-12 09:13:00,0.42,13418.0,United Kingdom
508460,21164,HOME SWEET HOME METAL SIGN ,2,2010-05-16 10:01:00,2.95,13542.0,United Kingdom
503833,22537,MAGIC DRAWING SLATE DINOSAUR,192,2010-04-07 16:11:00,0.36,12482.0,Sweden
506247,M,Manual,2,2010-04-28 13:24:00,0.21,18049.0,United Kingdom
505182,84406B,CREAM CUPID HEARTS COAT HANGER,1,2010-04-20 14:04:00,3.25,17576.0,United Kingdom
503981,84078A,SET/4 WHITE RETRO STORAGE CUBES ,2,2010-04-09 09:14:00,39.95,13197.0,United Kingdom
507205,82482,WOODEN PICTURE FRAME WHITE FINISH,6,2010-05-06 16:47:00,2.55,16560.0,United Kingdom
505984,84997D,PINK 3 PIECE MINI DOTS CUTLERY SET,72,2010-04-27 09:35:00,2.29,18102.0,United Kingdom
505051,48138,DOOR MAT UNION FLAG,2,2010-04-19 14:39:00,7.49,12949.0,United Kingdom
506433,85049F,BABY BOOM RIBBONS ,12,2010-04-29 15:32:00,1.25,18141.0,United Kingdom
504699,20692,FLORAL ELEPHANT SOFT TOY,3,2010-04-15 17:25:00,4.25,13092.0,United Kingdom
506100,82486,WOOD S/3 CABINET ANT WHITE FINISH,2,2010-04-27 13:06:00,7.95,16749.0,United Kingdom
506383,22617,BAKING SET SPACEBOY DESIGN,3,2010-04-29 12:30:00,4.95,13824.0,United Kingdom
507150,72741,GRAND CHOCOLATECANDLE,9,2010-05-06 13:13:00,1.45,13175.0,United Kingdom
507376,82580,BATHROOM METAL SIGN,2,2010-05-09 11:29:00,0.55,13979.0,United Kingdom
507035,85014B,RED/WHITE DOTS RUFFLED UMBRELLA,6,2010-05-05 15:33:00,5.95,17597.0,United Kingdom
506266,22585,PACK OF 6 BIRDY GIFT TAGS,12,2010-04-28 14:58:00,1.25,16648.0,United Kingdom
505287,21281,VINTAGE KITCHEN PRINT SEAFOOD,6,2010-04-21 11:48:00,2.55,16472.0,United Kingdom
506252,22150,3 STRIPEY MICE FELTCRAFT,1,2010-04-28 13:42:00,1.95,14399.0,United Kingdom
504430,84905,PINK BUTTERFLY CUSHION COVER ,1,2010-04-13 13:26:00,4.95,14172.0,United Kingdom
505884,22254,FELT TOADSTOOL LARGE,12,2010-04-26 13:54:00,1.25,14911.0,EIRE
506781,22423,REGENCY CAKESTAND 3 TIER,2,2010-05-04 12:16:00,12.75,14895.0,United Kingdom
507038,84970L,SINGLE HEART ZINC T-LIGHT HOLDER,24,2010-05-05 16:12:00,0.95,15615.0,United Kingdom
507186,20727,LUNCH BAG  BLACK SKULL.,10,2010-05-06 16:02:00,1.65,13891.0,United Kingdom
508249,82486,WOOD S/3 CABINET ANT WHITE FINISH,12,2010-05-14 10:19:00,6.95,18172.0,United Kingdom
508228,22219,LOVEBIRD HANGING DECORATION WHITE ,1,2010-05-13 16:49:00,1.66,,United Kingdom
504626,82494L,WOODEN FRAME ANTIQUE WHITE ,6,2010-04-15 12:20:00,2.95,15874.0,United Kingdom
507295,85049H,URBAN BLACK RIBBONS ,12,2010-05-07 14:37:00,1.25,18254.0,United Kingdom
505965,22469,HEART OF WICKER SMALL,6,2010-04-26 15:43:00,1.65,16242.0,United Kingdom
507881,84978,HANGING HEART JAR T-LIGHT HOLDER,2,2010-05-11 15:08:00,2.51,,United Kingdom
506689,85049B,LUSH GREENS RIBBONS,2,2010-05-02 11:56:00,1.25,15046.0,United Kingdom
504386,21749,LARGE RED RETROSPOT WINDMILL,8,2010-04-13 11:38:00,2.1,14057.0,United Kingdom
506869,22197,SMALL POPCORN HOLDER,1,2010-05-04 15:45:00,1.66,,United Kingdom
506434,22464,HANGING METAL HEART LANTERN,6,2010-04-29 15:34:00,1.65,13173.0,United Kingdom
505314,21700,BIG DOUGHNUT FRIDGE MAGNETS,12,2010-04-21 12:02:00,0.85,12681.0,France
505709,22362,GLASS JAR PEACOCK BATH SALTS,1,2010-04-25 12:34:00,2.95,13050.0,United Kingdom
504918,21381,MINI WOODEN HAPPY BIRTHDAY GARLAND,2,2010-04-19 10:36:00,3.36,,United Kingdom
507712,21002,ROSE DU SUD DRAWSTRING BAG,1,2010-05-11 11:29:00,3.36,,United Kingdom
507133,21260,FIRST AID TIN,2,2010-05-06 12:29:00,3.25,14461.0,United Kingdom
504578,21094,SET/6 RED SPOTTY PAPER PLATES,96,2010-04-14 16:29:00,0.64,16422.0,United Kingdom
504918,22398,MAGNETS PACK OF 4 SWALLOWS,1,2010-04-19 10:36:00,2.51,,United Kingdom
504327,21160,KEEP OUT GIRLS DOOR HANGER ,2,2010-04-12 15:40:00,1.45,16595.0,United Kingdom
C505021,84472,PINK AND LILAC QUILTED THROW ,-1,2010-04-19 14:10:00,34.0,,United Kingdom
508003,21988,PACK OF 6 SKULL PAPER PLATES,2,2010-05-12 11:49:00,0.85,15012.0,United Kingdom
506576,21975,PACK OF 60 DINOSAUR CAKE CASES,1,2010-04-30 13:41:00,1.28,,United Kingdom
503921,21121,SET/10 RED SPOTTY PARTY CANDLES,24,2010-04-08 12:51:00,1.25,15613.0,United Kingdom
507256,47593B,SCOTTIES DESIGN BABY BIB,1,2010-05-07 11:42:00,1.25,17798.0,United Kingdom
506435,21137,BLACK RECORD COVER FRAME,4,2010-04-29 15:34:00,3.75,12377.0,Switzerland
508451,20785,FUSCHIA RETRO BAR STOOL,4,2010-05-14 16:33:00,34.0,,United Kingdom
507622,21754,HOME BUILDING BLOCK WORD,1,2010-05-10 14:28:00,5.95,17579.0,United Kingdom
507133,79071B,ENGLISH ROSE METAL WASTE BIN,3,2010-05-06 12:29:00,2.95,14461.0,United Kingdom
C504215,79323S,SILVER CHERRY LIGHTS,-11,2010-04-12 11:55:00,5.45,15546.0,United Kingdom
504150,22446,PIN CUSHION RUSSIAN DOLL PINK,6,2010-04-11 13:39:00,3.35,16700.0,United Kingdom
503987,21679,SKULLS  STICKERS,12,2010-04-09 10:17:00,0.85,14961.0,United Kingdom
504904,20974,12 PENCILS SMALL TUBE SKULL,1,2010-04-18 15:53:00,0.65,18069.0,United Kingdom
505705,22554,PLASTERS IN TIN WOODLAND ANIMALS,1,2010-04-25 11:52:00,1.65,16068.0,United Kingdom
507448,62096A,PINK/YELLOW FLOWERS HANDBAG,1,2010-05-10 09:55:00,3.36,,United Kingdom
504213,79323GR,GREEN CHERRY LIGHTS,8,2010-04-12 11:45:00,5.45,15546.0,United Kingdom
503978,72741,GRAND CHOCOLATECANDLE,9,2010-04-08 19:39:00,1.45,13291.0,United Kingdom
507008,22090,PAPER BUNTING RETRO SPOTS,2,2010-05-05 14:25:00,5.91,,United Kingdom
507401,84688,BEACH HUT DESIGN BLACKBOARD,2,2010-05-09 13:38:00,4.25,15555.0,United Kingdom
507376,84992,72 SWEETHEART FAIRY CAKE CASES,2,2010-05-09 11:29:00,0.55,13979.0,United Kingdom
504212,21910,WAY OUT METAL SIGN ,12,2010-04-12 11:38:00,1.65,17865.0,United Kingdom
507165,85099C,JUMBO  BAG BAROQUE BLACK WHITE,1,2010-05-06 14:22:00,1.95,,United Kingdom
507700,22385,JUMBO BAG SPACEBOY DESIGN,10,2010-05-11 10:50:00,1.95,16945.0,United Kingdom
508482,21063,PARTY INVITES JAZZ HEARTS,6,2010-05-16 12:44:00,0.85,13564.0,United Kingdom
504936,22185,SLATE TILE NATURAL HANGING,1,2010-04-19 11:23:00,3.36,,United Kingdom
506448,21673,WHITE SPOT BLUE CERAMIC DRAWER KNOB,3,2010-04-29 17:57:00,1.25,17463.0,United Kingdom
504552,16048,TEATIME ROUND PENCIL SHARPENER ,96,2010-04-14 13:27:00,0.12,16105.0,United Kingdom
504189,22033,BOTANICAL ROSE GREETING CARD,12,2010-04-12 09:59:00,0.42,17147.0,United Kingdom
508175,84987,SET OF 36 TEATIME PAPER DOILIES,6,2010-05-13 11:58:00,1.45,14714.0,United Kingdom
505014,84997B,RED 3 PIECE MINI DOTS CUTLERY SET,1,2010-04-19 13:28:00,3.75,17802.0,United Kingdom
508070,21745,GAOLERS KEYS DECORATIVE GARDEN ,4,2010-05-12 15:02:00,3.75,13632.0,United Kingdom
506146,90033,IVORY SHELL HEART EARRINGS,1,2010-04-27 16:45:00,2.54,,United Kingdom
504192,21622,VINTAGE UNION JACK CUSHION COVER,4,2010-04-12 10:09:00,4.95,15590.0,United Kingdom
504440,82552,WASHROOM METAL SIGN,1,2010-04-13 14:02:00,1.25,13052.0,United Kingdom
506706,22555,PLASTERS IN TIN STRONGMAN,1,2010-05-02 14:42:00,1.65,16549.0,United Kingdom
504188,TEST001,This is a test product.,5,2010-04-12 09:52:00,4.5,16454.0,United Kingdom
505707,20751,FUNKY WASHING UP GLOVES ASSORTED,12,2010-04-25 12:11:00,2.1,14156.0,EIRE
503924,22611,VINTAGE UNION JACK SHOPPING BAG,6,2010-04-08 13:16:00,4.95,15298.0,United Kingdom
507669,22411,JUMBO SHOPPER VINTAGE RED PAISLEY,10,2010-05-11 08:59:00,1.95,15078.0,United Kingdom
504160,21908,CHOCOLATE THIS WAY METAL SIGN,1,2010-04-11 15:54:00,2.1,15555.0,United Kingdom
505016,21381,MINI WOODEN HAPPY BIRTHDAY GARLAND,1,2010-04-19 13:52:00,3.36,,United Kingdom
506416,21523,DOOR MAT FANCY FONT HOME SWEET HOME,10,2010-04-29 15:02:00,6.35,13786.0,United Kingdom
507380,22553,PLASTERS IN TIN SKULLS,1,2010-05-09 11:40:00,1.65,13838.0,United Kingdom
503721,21845,DAIRY MAID STRIPE MUG,1,2010-04-06 15:37:00,5.91,,United Kingdom
505185,21988,PACK OF 6 SKULL PAPER PLATES,1,2010-04-20 14:33:00,0.85,14648.0,United Kingdom
506560,21484,CHICK GREY HOT WATER BOTTLE,4,2010-04-30 11:57:00,3.45,15819.0,United Kingdom
504925,21715,GIRLS VINTAGE TIN SEASIDE BUCKET,1,2010-04-19 10:53:00,5.06,,United Kingdom
505707,37503,TEA TIME CAKE STAND IN GIFT BOX,6,2010-04-25 12:11:00,10.75,14156.0,EIRE
505710,85227,SET OF 6 3D KIT CARDS FOR KIDS,12,2010-04-25 12:36:00,0.85,12474.0,Germany
505189,79067,CORONA MEXICAN TRAY,4,2010-04-20 15:32:00,3.75,13485.0,United Kingdom
504536,21917,SET 12 KIDS  WHITE CHALK STICKS,4,2010-04-14 11:59:00,0.42,13097.0,United Kingdom
505057,21533,RETRO SPOT LARGE MILK JUG,3,2010-04-19 15:20:00,4.95,17644.0,United Kingdom
503921,22355,"CHARLOTTE BAG , SUKI DESIGN",10,2010-04-08 12:51:00,0.85,15613.0,United Kingdom
505332,21212,PACK OF 72 RETRO SPOT CAKE CASES,6,2010-04-21 12:43:00,0.55,15719.0,United Kingdom
508611,21745,GAOLERS KEYS DECORATIVE GARDEN ,1,2010-05-17 12:52:00,3.75,14667.0,United Kingdom
505203,79029,GLASS HONEYPOT WASP CATCHER,2,2010-04-20 16:24:00,4.21,,United Kingdom
505709,21925,UNION STRIPE CUSHION COVER ,2,2010-04-25 12:34:00,1.25,13050.0,United Kingdom
508194,85099B,RED RETROSPOT JUMBO BAG ,20,2010-05-13 13:25:00,1.95,14648.0,United Kingdom
505843,21733,RED HANGING HEART T-LIGHT HOLDER,1,2010-04-26 11:57:00,5.91,,United Kingdom
508077,22616,PACK OF 12 LONDON TISSUES ,45,2010-05-12 16:29:00,0.81,,United Kingdom
507401,M,Manual,7,2010-05-09 13:38:00,0.42,15555.0,United Kingdom
504594,22551,PLASTERS IN TIN SPACEBOY,2,2010-04-15 10:49:00,1.65,15910.0,United Kingdom
507711,85099B,RED RETROSPOT JUMBO BAG ,10,2010-05-11 11:29:00,1.95,,United Kingdom
507235,21398,RED  SPOTTY COFFEE  MUG,12,2010-05-07 09:04:00,1.75,14298.0,United Kingdom
506137,22555,PLASTERS IN TIN STRONGMAN,12,2010-04-27 15:31:00,1.65,13319.0,United Kingdom
508106,47590B,PINK HAPPY BIRTHDAY BUNTING,3,2010-05-13 10:35:00,5.45,13220.0,United Kingdom
505579,22296,HEART IVORY TRELLIS LARGE,12,2010-04-23 12:13:00,1.45,17448.0,United Kingdom
507445,22189,CREAM HEART CARD HOLDER,4,2010-05-10 09:38:00,3.95,14329.0,United Kingdom
505714,15056N,EDWARDIAN PARASOL NATURAL,3,2010-04-25 13:09:00,5.95,13863.0,United Kingdom
505888,35924,HANGING FAIRY CAKE DECORATION,1,2010-04-26 14:14:00,4.21,,United Kingdom
506991,21232,STRAWBERRY CERAMIC TRINKET BOX,144,2010-05-05 13:49:00,1.06,17307.0,United Kingdom
508483,22202,MILK PAN PINK RETROSPOT,1,2010-05-16 12:51:00,3.75,17841.0,United Kingdom
507289,21210,SET OF 72 RETRO SPOT PAPER  DOILIES,2,2010-05-07 14:02:00,1.45,14535.0,United Kingdom
506676,85123A,WHITE HANGING HEART T-LIGHT HOLDER,4,2010-05-02 10:38:00,2.95,16977.0,United Kingdom
504435,21661,VINTAGE GLASS TEA CADDY,1,2010-04-13 13:31:00,5.95,14606.0,United Kingdom
508217,47566,PARTY BUNTING,60,2010-05-13 14:57:00,3.75,17133.0,United Kingdom
507838,20798,CLEAR MILKSHAKE GLASS,8,2010-05-11 13:30:00,2.1,15034.0,United Kingdom
506138,84507B,STRIPES DESIGN MONKEY DOLL,1,2010-04-27 15:32:00,2.55,15005.0,United Kingdom
507881,84849D,HOT BATHS SOAP HOLDER,1,2010-05-11 15:08:00,3.36,,United Kingdom
508508,21086,SET/6 RED SPOTTY PAPER CUPS,12,2010-05-17 09:03:00,0.65,14112.0,United Kingdom
505354,20961,STRAWBERRY BATH SPONGE ,1,2010-04-21 15:04:00,2.51,,United Kingdom
507712,21422,PORCELAIN ROSE SMALL,1,2010-05-11 11:29:00,1.66,,United Kingdom
507157,21875,KINGS CHOICE MUG,3,2010-05-06 13:44:00,1.25,16814.0,United Kingdom
507815,21498,,-359,2010-05-11 12:52:00,0.0,,United Kingdom
503981,84947,ANTIQUE SILVER TEA GLASS ENGRAVED,12,2010-04-09 09:14:00,1.25,13197.0,United Kingdom
506600,84519B,CARROT CHARLIE+LOLA COASTER SET,1,2010-04-30 14:43:00,2.95,16792.0,United Kingdom
506162,22202,MILK PAN PINK RETROSPOT,4,2010-04-28 09:15:00,3.75,13081.0,United Kingdom
505863,47566,PARTY BUNTING,2,2010-04-26 13:24:00,8.47,,United Kingdom
506146,21130,COLOURFUL STANDING GNOME,1,2010-04-27 16:45:00,6.77,,United Kingdom
C508134,21481,FAWN BLUE HOT WATER BOTTLE,-280,2010-05-13 10:56:00,2.55,12931.0,United Kingdom
508482,22585,PACK OF 6 BIRDY GIFT TAGS,1,2010-05-16 12:44:00,1.25,13564.0,United Kingdom
505343,71459,HANGING JAM JAR T-LIGHT HOLDER,12,2010-04-21 13:23:00,0.85,16592.0,United Kingdom
507177,15036,ASSORTED COLOURS SILK FAN,6,2010-05-06 15:09:00,1.28,,United Kingdom
506162,21467,CHERRY CROCHET FOOD COVER,6,2010-04-28 09:15:00,3.75,13081.0,United Kingdom
507624,20972,PINK CREAM FELT CRAFT TRINKET BOX ,24,2010-05-10 14:34:00,1.25,16873.0,United Kingdom
504928,22550,HOLIDAY FUN LUDO,1,2010-04-19 10:59:00,7.62,,United Kingdom
503972,21231,SWEETHEART CERAMIC TRINKET BOX,8,2010-04-08 17:44:00,1.25,17180.0,United Kingdom
504440,85232A,SET/3 POLKA DOT STACKING TINS,2,2010-04-13 14:02:00,4.95,13052.0,United Kingdom
C504187,21563,RED HEART SHAPE LOVE BUCKET ,-1,2010-04-12 09:40:00,2.95,15122.0,United Kingdom
505759,79342B,,-173,2010-04-26 10:19:00,0.0,,United Kingdom
507029,21781,MA CAMPAGNE CUTLERY BOX,1,2010-05-05 14:52:00,14.95,16556.0,United Kingdom
508523,22442,GROW YOUR OWN FLOWERS SET OF 3,2,2010-05-17 10:15:00,7.95,12471.0,Germany
504120,22435,SET OF 9 HEART SHAPED BALLOONS,1,2010-04-09 17:13:00,1.25,15889.0,United Kingdom
507600,15056N,EDWARDIAN PARASOL NATURAL,60,2010-05-10 13:28:00,4.95,12917.0,United Kingdom
504876,20622,VIPPASSPORT COVER ,3,2010-04-18 12:44:00,2.1,14878.0,United Kingdom
507464,21871,SAVE THE PLANET MUG,504,2010-05-10 11:00:00,0.85,18102.0,United Kingdom
504588,21527,RED RETROSPOT TRADITIONAL TEAPOT ,2,2010-04-15 10:18:00,7.95,13388.0,United Kingdom
508034,84845D,,-3,2010-05-12 12:06:00,0.0,,United Kingdom
C506893,21843,RED RETROSPOT CAKE STAND,-2,2010-05-05 09:03:00,10.95,15674.0,United Kingdom
506243,22148,EASTER CRAFT 4 CHICKS ,1,2010-04-28 13:18:00,1.95,,United Kingdom
506576,22057,CERAMIC PLATE STRAWBERRY DESIGN,1,2010-04-30 13:41:00,3.36,,United Kingdom
505641,21070,VINTAGE BILLBOARD MUG ,12,2010-04-23 14:10:00,1.25,15514.0,United Kingdom
503814,21790,VINTAGE SNAP CARDS,72,2010-04-07 14:36:00,0.72,16656.0,United Kingdom
507257,84867A,,-29,2010-05-07 11:52:00,0.0,,United Kingdom
C507226,37495,FAIRY CAKE BIRTHDAY CANDLE SET,-2,2010-05-06 19:34:00,3.75,13126.0,United Kingdom
507619,22315,200 RED + WHITE BENDY STRAWS,1,2010-05-10 14:15:00,1.25,15311.0,United Kingdom
505574,84932C,SMALL ORIENTAL BLUE FOLDING STOOL,8,2010-04-23 11:44:00,1.95,13269.0,United Kingdom
504935,21212,PACK OF 72 RETRO SPOT CAKE CASES,4,2010-04-19 11:19:00,1.28,,United Kingdom
506146,20723,STRAWBERRY CHARLOTTE BAG,8,2010-04-27 16:45:00,1.66,,United Kingdom
504332,21717,EASTER TIN BUCKET,32,2010-04-12 16:30:00,2.1,12671.0,Germany
504572,37503,TEA TIME CAKE STAND IN GIFT BOX,1,2010-04-14 14:49:00,10.75,18057.0,United Kingdom
508479,48138,DOOR MAT UNION FLAG,2,2010-05-16 12:18:00,7.49,15716.0,United Kingdom
504146,21984,PACK OF 12 PINK PAISLEY TISSUES ,48,2010-04-11 13:10:00,0.29,12481.0,Germany
504341,84327A,PINK JUMPER LARRY THE LAMB,4,2010-04-12 17:23:00,2.1,17048.0,United Kingdom
505858,22084,PAPER CHAIN KIT EMPIRE,6,2010-04-26 13:12:00,2.95,15111.0,United Kingdom
506713,22551,PLASTERS IN TIN SPACEBOY,24,2010-05-02 15:33:00,1.65,12765.0,Netherlands
507129,22432,WATERING CAN PINK BUNNY,1,2010-05-06 12:15:00,1.95,15860.0,United Kingdom
504730,84029E,RED WOOLLY HOTTIE WHITE HEART.,5,2010-04-16 11:21:00,3.75,14680.0,United Kingdom
504886,22410,MONEY BOX HOUSEKEEPING DESIGN,12,2010-04-18 13:38:00,1.25,13285.0,United Kingdom
508479,22336,DOVE DECORATION PAINTED ZINC ,6,2010-05-16 12:18:00,0.65,15716.0,United Kingdom
507687,22627,MINT KITCHEN SCALES,2,2010-05-11 09:55:00,8.5,12582.0,Finland
506381,21137,BLACK RECORD COVER FRAME,4,2010-04-29 12:21:00,3.75,13477.0,United Kingdom
508003,21124,SET/10 BLUE SPOTTY PARTY CANDLES,1,2010-05-12 11:49:00,1.25,15012.0,United Kingdom
504933,22520,CHILDS GARDEN TROWEL BLUE ,1,2010-04-19 11:13:00,1.66,,United Kingdom
507252,22027,TEA PARTY BIRTHDAY CARD,12,2010-05-07 11:35:00,0.42,12681.0,France
504139,21656,RIDGED GLASS POSY VASE ,6,2010-04-11 12:37:00,1.45,17769.0,United Kingdom
505880,21523,DOOR MAT FANCY FONT HOME SWEET HOME,1,2010-04-26 13:34:00,13.57,,United Kingdom
508486,21899,"KEY FOB , GARAGE DESIGN",10,2010-05-16 12:57:00,0.65,16456.0,United Kingdom
505287,22341,LOVE GARLAND PAINTED ZINC ,12,2010-04-21 11:48:00,1.65,16472.0,United Kingdom
503790,22457,NATURAL SLATE HEART CHALKBOARD ,6,2010-04-07 12:45:00,2.95,13174.0,United Kingdom
504838,21931,JUMBO STORAGE BAG SUKI,20,2010-04-16 15:18:00,1.95,15078.0,United Kingdom
C506482,79321,CHILLI LIGHTS,-1,2010-04-30 10:33:00,4.95,15382.0,United Kingdom
508077,21913,VINTAGE SEASIDE JIGSAW PUZZLES,1,2010-05-12 16:29:00,7.62,,United Kingdom
508470,22442,GROW YOUR OWN FLOWERS SET OF 3,1,2010-05-16 11:24:00,7.95,16922.0,United Kingdom
507707,15056BL,EDWARDIAN PARASOL BLACK,3,2010-05-11 11:17:00,5.95,17428.0,United Kingdom
505024,22147,FELTCRAFT BUTTERFLY HEARTS,2,2010-04-19 14:21:00,1.45,15005.0,United Kingdom
503846,22464,HANGING METAL HEART LANTERN,12,2010-04-08 08:27:00,1.65,14758.0,United Kingdom
503712,22485,SET OF 2 WOODEN MARKET CRATES,2,2010-04-06 14:30:00,12.75,13089.0,United Kingdom
506434,85174,S/4 CACTI CANDLES,2,2010-04-29 15:34:00,4.95,13173.0,United Kingdom
503940,82587,TEXRIO TOMATOES CANDLE+CUP,2,2010-04-08 14:47:00,2.51,,United Kingdom
507840,22495,SET OF 2 ROUND TINS CAMEMBERT ,1,2010-05-11 13:38:00,2.95,16487.0,United Kingdom
503871,15056N,EDWARDIAN PARASOL NATURAL,1,2010-04-08 11:36:00,12.72,,United Kingdom
506604,20754,RETRO RED SPOTTY WASHING UP GLOVES,6,2010-04-30 15:23:00,2.1,13317.0,United Kingdom
507667,22568,FELTCRAFT CUSHION OWL,6,2010-05-10 17:21:00,3.75,12867.0,United Kingdom
507710,16016,LARGE CHINESE STYLE SCISSOR,10,2010-05-11 11:29:00,0.85,13206.0,United Kingdom
508069,21621,VINTAGE UNION JACK BUNTING,6,2010-05-12 14:58:00,8.5,14025.0,United Kingdom
508228,22610,PENS ASSORTED FUNNY FACE,2,2010-05-13 16:49:00,1.66,,United Kingdom
508485,21124,SET/10 BLUE SPOTTY PARTY CANDLES,2,2010-05-16 12:56:00,1.25,16507.0,United Kingdom
507153,16156S,WRAP PINK FAIRY CAKES ,25,2010-05-06 13:28:00,0.42,16366.0,United Kingdom
504701,20723,STRAWBERRY CHARLOTTE BAG,20,2010-04-15 18:27:00,0.85,16722.0,United Kingdom
504437,21527,RED RETROSPOT TRADITIONAL TEAPOT ,4,2010-04-13 13:39:00,7.95,12957.0,United Kingdom
504394,21082,SET/20 FRUIT SALAD PAPER NAPKINS ,4,2010-04-13 11:43:00,0.85,14040.0,United Kingdom
504257,22566,FELTCRAFT HAIRBAND PINK AND PURPLE,12,2010-04-12 13:50:00,0.85,12982.0,United Kingdom
506887,22178,VICTORIAN GLASS HANGING T-LIGHT,24,2010-05-05 08:44:00,1.25,15291.0,United Kingdom
504903,22073,RED RETROSPOT STORAGE JAR,1,2010-04-18 15:48:00,3.75,16549.0,United Kingdom
504340,20846,ZINC HEART LATTICE T-LIGHT HOLDER,4,2010-04-12 16:50:00,1.25,13564.0,United Kingdom
506260,21114,LAVENDER SCENTED FABRIC HEART,10,2010-04-28 14:34:00,1.25,12717.0,Greece
507223,21348,PINK SPOTS CHOCOLATE NESTING BOXES ,2,2010-05-06 19:29:00,2.95,17323.0,United Kingdom
507381,22218,CAKE STAND LACE WHITE,12,2010-05-09 11:50:00,4.25,16954.0,United Kingdom
503935,22147,FELTCRAFT BUTTERFLY HEARTS,12,2010-04-08 14:28:00,1.45,17047.0,United Kingdom
503823,22353,LUNCH BOX WITH CUTLERY FAIRY CAKES ,1,2010-04-07 14:59:00,5.06,,United Kingdom
504552,47570,ENGLISH ROSE TABLE CLOTH,2,2010-04-14 13:27:00,10.65,16105.0,United Kingdom
507223,22418,10 COLOUR SPACEBOY PEN,12,2010-05-06 19:29:00,0.85,17323.0,United Kingdom
504909,21212,PACK OF 72 RETRO SPOT CAKE CASES,24,2010-04-19 08:57:00,0.55,15410.0,United Kingdom
505843,22088,PAPER BUNTING COLOURED LACE,1,2010-04-26 11:57:00,5.91,,United Kingdom
505052,71053,WHITE METAL LANTERN,6,2010-04-19 14:52:00,3.39,17850.0,United Kingdom
507879,15034,PAPER POCKET TRAVELING FAN ,24,2010-05-11 15:03:00,0.14,16805.0,United Kingdom
503990,48111,DOOR MAT 3 SMILEY CATS,1,2010-04-09 10:24:00,7.49,,United Kingdom
503729,48194,DOOR MAT HEARTS,2,2010-04-07 09:29:00,7.49,13491.0,United Kingdom
504232,22444,GROW YOUR OWN PLANT IN A CAN ,48,2010-04-12 13:01:00,1.25,15044.0,United Kingdom
506434,21754,HOME BUILDING BLOCK WORD,1,2010-04-29 15:34:00,5.95,13173.0,United Kingdom
505573,84755,COLOUR GLASS T-LIGHT HOLDER HANGING,16,2010-04-23 11:43:00,0.55,17448.0,United Kingdom
504213,79323S,SILVER CHERRY LIGHTS,11,2010-04-12 11:45:00,5.45,15546.0,United Kingdom
506695,22479,DAISY GARDEN MARKER,10,2010-05-02 12:44:00,1.25,16326.0,United Kingdom
504910,84875D,BLUE SQUARE COMPACT MIRROR,24,2010-04-19 09:35:00,1.25,17850.0,United Kingdom
507667,20976,12 PENCILS SMALL TUBE POSY,3,2010-05-10 17:21:00,0.65,12867.0,United Kingdom
507359,21441,BLUE BIRDHOUSE DECORATION,12,2010-05-07 15:33:00,0.85,17028.0,United Kingdom
503718,21523,DOOR MAT FANCY FONT HOME SWEET HOME,2,2010-04-06 15:10:00,7.49,15867.0,United Kingdom
504440,85214,TUB 24 PINK FLOWER PEGS,5,2010-04-13 14:02:00,1.65,13052.0,United Kingdom
504704,22227,"DECORATION, HANGING HEART+MIRROR ",3,2010-04-15 19:22:00,0.65,15031.0,United Kingdom
505356,20794,BLUE  TILE HOOK,8,2010-04-21 15:08:00,2.55,15570.0,United Kingdom
505878,84873a,FUNKY FLOWER PICNIC BAG FOR 4,1,2010-04-26 13:33:00,11.02,,United Kingdom
506842,22399,MAGNETS PACK OF 4 CHILDHOOD MEMORY,3,2010-05-04 14:07:00,1.25,16938.0,United Kingdom
504918,84946,ANTIQUE SILVER TEA GLASS ETCHED,7,2010-04-19 10:36:00,2.51,,United Kingdom
506673,84536A,ENGLISH ROSE NOTEBOOK A7 SIZE,2,2010-04-30 17:33:00,0.42,17602.0,United Kingdom
505851,20719,WOODLAND CHARLOTTE BAG,20,2010-04-26 12:34:00,0.85,12472.0,Germany
504705,48111,DOOR MAT 3 SMILEY CATS,2,2010-04-15 19:44:00,7.49,13542.0,United Kingdom
504318,20754,RETRO RED SPOTTY WASHING UP GLOVES,1,2010-04-12 14:48:00,2.1,15466.0,United Kingdom
508079,16156N,"WRAP, FRIENDSHIP ON GREEN",25,2010-05-12 16:42:00,0.42,17092.0,United Kingdom
507564,22318,FIVE HEART HANGING DECORATION,6,2010-05-10 12:31:00,2.95,13711.0,United Kingdom
506254,21156,RED SPOTTY CHILDS APRON,16,2010-04-28 13:59:00,1.95,12714.0,France
504742,85014B,RED/WHITE DOTS RUFFLED UMBRELLA,3,2010-04-16 11:35:00,5.95,15979.0,United Kingdom
507256,20675,BLUE SPOTTY BOWL,2,2010-05-07 11:42:00,1.25,17798.0,United Kingdom
504862,84406B,CREAM CUPID HEARTS COAT HANGER,6,2010-04-18 12:07:00,2.75,17850.0,United Kingdom
506241,84970L,SINGLE HEART ZINC T-LIGHT HOLDER,12,2010-04-28 12:51:00,0.95,15311.0,United Kingdom
505704,22359,GLASS JAR KINGS CHOICE,2,2010-04-25 11:51:00,2.95,12844.0,United Kingdom
C506896,22171,3 HOOK PHOTO SHELF ANTIQUE WHITE,-1,2010-05-05 09:22:00,8.5,15845.0,United Kingdom
505742,22485,SET OF 2 WOODEN MARKET CRATES,2,2010-04-25 16:02:00,12.75,18065.0,United Kingdom
504452,84836,ZINC METAL HEART DECORATION,12,2010-04-13 15:17:00,1.25,15260.0,United Kingdom
507735,22061,LARGE CAKE STAND  HANGING STRAWBERY,1,2010-05-11 12:10:00,9.95,17321.0,United Kingdom
504935,85121B,RETRO LAUNDRY TUB PINK,1,2010-04-19 11:19:00,16.98,,United Kingdom
505016,47592A,CAROUSEL DES CHILD'S OVERALL,2,2010-04-19 13:52:00,1.66,,United Kingdom
507186,22459,CAST IRON HOOK GARDEN TROWEL,8,2010-05-06 16:02:00,2.55,13891.0,United Kingdom
506313,21107,CREAM SLICE FLANNEL PINK SPOT ,1,2010-04-29 11:18:00,5.91,,United Kingdom
503940,21884,CAKES AND BOWS GIFT  TAPE,2,2010-04-08 14:47:00,1.66,,United Kingdom
503772,21989,PACK OF 20 SKULL PAPER NAPKINS,12,2010-04-07 10:59:00,0.85,13632.0,United Kingdom
507278,46115B,,288,2010-05-07 12:59:00,0.0,,United Kingdom
505841,37333,"RETRO ""TEA FOR ONE"" ",4,2010-04-26 11:44:00,4.95,16736.0,United Kingdom
506146,90214E,"LETTER ""E"" BLING KEY RING",1,2010-04-27 16:45:00,2.51,,United Kingdom
504498,20961,STRAWBERRY BATH SPONGE ,10,2010-04-14 11:16:00,1.25,17511.0,United Kingdom
504212,22070,SMALL RED RETROSPOT MUG IN BOX ,1,2010-04-12 11:38:00,3.75,17865.0,United Kingdom
508194,85099F,JUMBO BAG STRAWBERRY,10,2010-05-13 13:25:00,1.95,14648.0,United Kingdom
507376,M,Manual,1,2010-05-09 11:29:00,0.42,13979.0,United Kingdom
505162,37501,TEA TIME TEA SET IN GIFT BOX,1,2010-04-20 12:13:00,6.95,14812.0,United Kingdom
506900,37449,CERAMIC CAKE STAND + HANGING CAKES,2,2010-05-05 09:43:00,9.95,14175.0,United Kingdom
503991,85099B,JUMBO BAG RED WHITE SPOTTY ,30,2010-04-09 10:30:00,1.95,16341.0,United Kingdom
504160,22278,OVERNIGHT BAG VINTAGE ROSE PAISLEY,2,2010-04-11 15:54:00,4.95,15555.0,United Kingdom
504903,22197,SMALL POPCORN HOLDER,1,2010-04-18 15:48:00,0.85,16549.0,United Kingdom
503864,22072,TEA CUP AND SAUCER RETRO SPOT,4,2010-04-08 11:11:00,3.75,16053.0,United Kingdom
504882,21796,SET OF 3 RED STRIPE BASKETS,1,2010-04-18 13:12:00,12.75,14395.0,United Kingdom
506673,84990,60 GOLD AND SILVER FAIRY CAKE CASES,2,2010-04-30 17:33:00,0.55,17602.0,United Kingdom
505450,84949,SILVER HANGING T-LIGHT HOLDER,96,2010-04-22 11:21:00,1.45,13935.0,United Kingdom
507235,84929,ASSTD FRUIT+FLOWERS FRIDGE MAGNETS,48,2010-05-07 09:04:00,0.42,14298.0,United Kingdom
507737,21647,ASSORTED TUTTI FRUTTI LARGE PURSE,1,2010-05-11 12:14:00,2.1,17238.0,United Kingdom
504536,21201,TROPICAL  HONEYCOMB PAPER GARLAND ,6,2010-04-14 11:59:00,2.55,13097.0,United Kingdom
506313,21469,POLKA DOT RAFFIA FOOD COVER,1,2010-04-29 11:18:00,7.62,,United Kingdom
505890,21241,GREEN SPOTTY CUP,4,2010-04-26 14:22:00,0.85,14527.0,United Kingdom
508470,21777,RECIPE BOX WITH METAL HEART,1,2010-05-16 11:24:00,7.95,16922.0,United Kingdom
504394,22222,CAKE PLATE LOVEBIRD WHITE,2,2010-04-13 11:43:00,4.95,14040.0,United Kingdom
504572,85049F,BABY BOOM RIBBONS ,1,2010-04-14 14:49:00,1.25,18057.0,United Kingdom
506168,21765,HANGING METAL BIRD BATH,2,2010-04-28 10:02:00,7.95,13958.0,United Kingdom
506228,21212,PACK OF 72 RETRO SPOT CAKE CASES,24,2010-04-28 12:15:00,0.55,13775.0,United Kingdom
505723,82605,OLD DOC RUSSEL METAL SIGN,2,2010-04-25 13:48:00,2.1,17146.0,United Kingdom
508084,22383,LUNCH BAG SUKI  DESIGN ,100,2010-05-12 16:45:00,1.45,12482.0,Sweden
508106,22607,WOODEN ROUNDERS GARDEN SET ,2,2010-05-13 10:35:00,8.5,13220.0,United Kingdom
506394,21498,RED SPOTS  WRAP ,25,2010-04-29 13:20:00,0.42,12349.0,Italy
508212,48173C,DOOR MAT BLACK FLOCK ,4,2010-05-13 14:46:00,7.49,13202.0,United Kingdom
504741,21899,"KEY FOB , GARAGE DESIGN",2,2010-04-16 11:33:00,0.65,15716.0,United Kingdom
505581,21524,DOOR MAT SPOTTY HOME SWEET HOME,1,2010-04-23 12:14:00,7.49,15898.0,United Kingdom
506447,22381,TOY TIDY PINK RETROSPOT  ,10,2010-04-29 17:33:00,2.1,12857.0,United Kingdom
504140,82581,TOILET METAL SIGN,5,2010-04-11 12:45:00,0.55,16814.0,United Kingdom
503773,22272,FELTCRAFT DOLL MARIA,2,2010-04-07 10:59:00,2.95,16400.0,United Kingdom
506830,22059,CERAMIC STRWBERRY DESIGN MUG,2,2010-05-04 13:19:00,1.49,13542.0,United Kingdom
504161,22536,MAGIC DRAWING SLATE FIDO,48,2010-04-11 15:54:00,0.42,15067.0,United Kingdom
508487,35471D,SET OF 3 BIRD LIGHT PINK FEATHER ,1,2010-05-16 13:10:00,1.25,18039.0,United Kingdom
505748,22169,FAMILY ALBUM WHITE PICTURE FRAME,8,2010-04-26 09:13:00,7.65,14897.0,United Kingdom
506313,75049L,LARGE CIRCULAR MIRROR MOBILE,1,2010-04-29 11:18:00,2.51,,United Kingdom
508237,22191,EAU DE NIL DINER WALL CLOCK,1,2010-05-13 19:27:00,8.5,17965.0,United Kingdom
506146,84795B,SUNSET CHECK HAMMOCK,2,2010-04-27 16:45:00,16.98,,United Kingdom
504594,22367,CHILDS APRON SPACEBOY DESIGN,4,2010-04-15 10:49:00,1.95,15910.0,United Kingdom
508506,79191B,RETRO PLASTIC POLKA TRAY,1,2010-05-16 16:21:00,0.85,13230.0,United Kingdom
506709,21866,UNION JACK FLAG LUGGAGE TAG,3,2010-05-02 15:10:00,1.25,15426.0,United Kingdom
506137,48187,DOOR MAT NEW ENGLAND,2,2010-04-27 15:31:00,7.49,13319.0,United Kingdom
504861,21895,POTTING SHED SOW 'N' GROW SET,1,2010-04-18 12:05:00,4.25,14702.0,United Kingdom
506224,84270,ASSTD DESIGN BUBBLE GUM RING,4,2010-04-28 11:55:00,0.43,,United Kingdom
505348,84580,MOUSE TOY WITH PINK T-SHIRT,4,2010-04-21 14:00:00,3.75,16225.0,United Kingdom
508504,84692,BOX OF 24 COCKTAIL PARASOLS,6,2010-05-16 16:05:00,0.42,13451.0,United Kingdom
505701,72741,GRAND CHOCOLATECANDLE,9,2010-04-25 11:31:00,1.45,16868.0,United Kingdom
506113,21737,SET 3 WICKER LOG BASKETS,1,2010-04-27 13:48:00,19.95,16210.0,United Kingdom
507479,84991,60 TEATIME FAIRY CAKE CASES,24,2010-05-10 11:33:00,0.55,15298.0,United Kingdom
504119,85123A,WHITE HANGING HEART T-LIGHT HOLDER,6,2010-04-09 16:54:00,2.95,17609.0,United Kingdom
507019,84873a,FUNKY FLOWER PICNIC BAG FOR 4,1,2010-05-05 14:34:00,11.02,,United Kingdom
506254,84509F,SET OF 4 NEW ENGLAND PLACEMATS,4,2010-04-28 13:59:00,3.75,12714.0,France
504161,22382,LUNCH BAG SPACEBOY DESIGN ,10,2010-04-11 15:54:00,1.65,15067.0,United Kingdom
505239,47590B,PINK HAPPY BIRTHDAY BUNTING,5,2010-04-21 11:21:00,5.45,17920.0,United Kingdom
506907,22243,"HOOK, 5 HANGER ,MAGIC TOADSTOOL RED",12,2010-05-05 10:39:00,1.65,12649.0,Germany
504437,22456,NATURAL SLATE CHALKBOARD LARGE ,3,2010-04-13 13:39:00,4.95,12957.0,United Kingdom
505067,21330,WOODLAND ANIMAL  WRITING SET ,1,2010-04-19 16:48:00,1.65,14606.0,United Kingdom
506285,84988,SET OF 72 PINK HEART PAPER DOILIES,24,2010-04-28 16:49:00,1.45,16767.0,United Kingdom
504878,21390,FILIGRIS HEART WITH BUTTERFLY,2,2010-04-18 12:46:00,1.25,15768.0,United Kingdom
505513,22364,GLASS JAR DIGESTIVE BISCUITS,1,2010-04-22 14:57:00,2.95,14556.0,United Kingdom
504933,21163,DO NOT TOUCH MY STUFF DOOR HANGER ,1,2010-04-19 11:13:00,3.36,,United Kingdom
505573,22412,METAL SIGN NEIGHBOURHOOD WITCH ,6,2010-04-23 11:43:00,1.85,17448.0,United Kingdom
C507214,21155,RED SPOTTY PEG BAG,-1,2010-05-06 17:56:00,2.1,13081.0,United Kingdom
507881,85017A,ENVELOPE 50 ROMANTIC IMAGES,1,2010-05-11 15:08:00,0.81,,United Kingdom
508483,22385,JUMBO BAG SPACEBOY DESIGN,2,2010-05-16 12:51:00,1.95,17841.0,United Kingdom
507124,84683,CLASSICAL ROSE CANDLESTAND,2,2010-05-06 11:58:00,1.25,16710.0,United Kingdom
505616,22385,JUMBO BAG SPACEBOY DESIGN,10,2010-04-23 12:50:00,1.95,13656.0,United Kingdom
504589,22515,CHILDS GARDEN SPADE PINK,6,2010-04-15 10:20:00,2.1,15194.0,United Kingdom
506724,22444,GROW YOUR OWN PLANT IN A CAN ,4,2010-05-04 10:02:00,2.51,,United Kingdom
504877,37448,CERAMIC CAKE DESIGN SPOTTED MUG,4,2010-04-18 12:45:00,1.49,17085.0,United Kingdom
505845,82482,WOODEN PICTURE FRAME WHITE FINISH,6,2010-04-26 12:02:00,2.55,16756.0,United Kingdom
504450,20975,12 PENCILS SMALL TUBE RED SPOTTY,9,2010-04-13 14:55:00,0.65,14723.0,United Kingdom
508228,84006,MAGIC TREE -PAPER FLOWERS,2,2010-05-13 16:49:00,1.66,,United Kingdom
505162,21977,PACK OF 60 PINK PAISLEY CAKE CASES,4,2010-04-20 12:13:00,0.55,14812.0,United Kingdom
508097,22090,PAPER BUNTING RETRO SPOTS,12,2010-05-13 09:33:00,2.95,12683.0,France
506962,21523,DOOR MAT FANCY FONT HOME SWEET HOME,2,2010-05-05 12:26:00,7.49,14936.0,Channel Islands
504426,84987,SET OF 36 TEATIME PAPER DOILIES,6,2010-04-13 13:21:00,1.45,16779.0,United Kingdom
504919,22467,GUMBALL COAT RACK,4,2010-04-19 10:40:00,5.06,,United Kingdom
507229,21977,PACK OF 60 PINK PAISLEY CAKE CASES,1,2010-05-06 20:01:00,0.55,17530.0,United Kingdom
506146,84971S,SMALL HEART FLOWERS HOOK ,3,2010-04-27 16:45:00,1.66,,United Kingdom
504916,22498,WOODEN REGATTA BUNTING,1,2010-04-19 10:28:00,12.72,,United Kingdom
505332,22554,PLASTERS IN TIN WOODLAND ANIMALS,1,2010-04-21 12:43:00,1.65,15719.0,United Kingdom
508462,22518,CHILDS GARDEN BRUSH BLUE,1,2010-05-16 10:23:00,2.1,13259.0,United Kingdom
507687,21394,RED SPOTTY BEAKER ,6,2010-05-11 09:55:00,1.95,12582.0,Finland
503987,22353,LUNCH BOX WITH CUTLERY FAIRY CAKES ,6,2010-04-09 10:17:00,2.55,14961.0,United Kingdom
505144,22251,BIRDHOUSE DECORATION MAGIC GARDEN,12,2010-04-20 11:24:00,1.06,17850.0,United Kingdom
503790,90003B,ROSE COLOUR PAIR HEART HAIR SLIDES,6,2010-04-07 12:45:00,3.75,13174.0,United Kingdom
504645,84946,ANTIQUE SILVER TEA GLASS ETCHED,24,2010-04-15 14:31:00,1.25,15814.0,United Kingdom
504848,84985A,SET OF 72 GREEN PAPER DOILIES,1,2010-04-16 17:12:00,1.45,14623.0,United Kingdom
506724,48185,DOOR MAT FAIRY CAKE,1,2010-05-04 10:02:00,13.57,,United Kingdom
508198,21918,SET 12 KIDS COLOUR  CHALK STICKS,24,2010-05-13 13:50:00,0.42,15192.0,United Kingdom
506003,71459,HANGING JAM JAR T-LIGHT HOLDER,96,2010-04-27 11:15:00,0.72,16652.0,United Kingdom
504327,22076,6 RIBBONS EMPIRE  ,2,2010-04-12 15:40:00,1.65,16595.0,United Kingdom
506959,21907,I'M ON HOLIDAY METAL SIGN,1,2010-05-05 12:05:00,4.21,,United Kingdom
503790,84755,COLOUR GLASS T-LIGHT HOLDER HANGING,8,2010-04-07 12:45:00,0.65,13174.0,United Kingdom
505735,21204,DAISIES  HONEYCOMB GARLAND ,48,2010-04-25 15:45:00,1.45,15638.0,United Kingdom
504863,21682,LARGE MEDINA STAMPED METAL BOWL ,1,2010-04-18 12:07:00,4.95,13240.0,United Kingdom
507116,84912B,GREEN ROSE WASHBAG,1,2010-05-06 11:30:00,3.36,,United Kingdom
504933,21212,PACK OF 72 RETRO SPOT CAKE CASES,2,2010-04-19 11:13:00,1.28,,United Kingdom
505986,22411,JUMBO SHOPPER VINTAGE RED PAISLEY,10,2010-04-27 09:42:00,1.95,16186.0,United Kingdom
505549,22078,RIBBON REEL LACE DESIGN ,5,2010-04-22 19:21:00,2.1,17057.0,United Kingdom
504120,20682,RED SPOTTY CHILDS UMBRELLA,1,2010-04-09 17:13:00,3.25,15889.0,United Kingdom
504555,20966,SANDWICH BATH SPONGE,1,2010-04-14 13:39:00,1.25,13561.0,United Kingdom
508523,22494,EMERGENCY FIRST AID TIN ,12,2010-05-17 10:15:00,1.25,12471.0,Germany
505684,21637,ASSORTED SANSKRIT MINI NOTEBOOK,4,2010-04-23 16:16:00,2.51,,United Kingdom
506453,21843,RED RETROSPOT CAKE STAND,3,2010-04-29 18:34:00,10.95,14031.0,United Kingdom
C508365,21781,MA CAMPAGNE CUTLERY BOX,-1,2010-05-14 13:16:00,14.95,13830.0,United Kingdom
503797,22457,NATURAL SLATE HEART CHALKBOARD ,6,2010-04-07 13:21:00,2.95,14264.0,United Kingdom
505969,82582,AREA PATROLLED METAL SIGN,2,2010-04-26 16:36:00,2.1,17231.0,United Kingdom
505633,82484,WOOD BLACK BOARD ANT WHITE FINISH,1,2010-04-23 13:00:00,6.45,14623.0,United Kingdom
503971,22073,RED RETROSPOT STORAGE JAR,8,2010-04-08 17:39:00,3.75,13446.0,United Kingdom
504848,72134,COLUMBIAN  CUBE CANDLE ,1,2010-04-16 17:12:00,0.85,14623.0,United Kingdom
504100,21080,SET/20 RED SPOTTY PAPER NAPKINS ,12,2010-04-09 14:38:00,0.85,13802.0,United Kingdom
504626,21164,HOME SWEET HOME METAL SIGN ,6,2010-04-15 12:20:00,2.95,15874.0,United Kingdom
508401,21622,VINTAGE UNION JACK CUSHION COVER,4,2010-05-14 15:37:00,4.95,15972.0,United Kingdom
504328,22477,WATERING CAN GARDEN MARKER,10,2010-04-12 15:59:00,1.25,16987.0,United Kingdom
508500,21106,CREAM SLICE FLANNEL CHOCOLATE SPOT ,1,2010-05-16 15:33:00,2.95,15272.0,United Kingdom
505203,84536A,ENGLISH ROSE NOTEBOOK A7 SIZE,4,2010-04-20 16:24:00,0.81,,United Kingdom
507177,21930,JUMBO STORAGE BAG SKULLS,1,2010-05-06 15:09:00,4.21,,United Kingdom
504916,85059,FRENCH ENAMEL WATER BASIN,1,2010-04-19 10:28:00,7.62,,United Kingdom
506709,22511,DOORSTOP RUSSIAN DOLL RETROSPOT,1,2010-05-02 15:10:00,3.75,15426.0,United Kingdom
C507662,22220,CAKE STAND LOVEBIRD 2 TIER WHITE,-1,2010-05-10 16:58:00,9.95,13974.0,United Kingdom
508175,21911,GARDEN METAL SIGN ,2,2010-05-13 11:58:00,1.65,14714.0,United Kingdom
504854,20728,LUNCH BAG CARS BLUE,10,2010-04-18 10:40:00,1.65,16923.0,United Kingdom
503853,22584,PACK OF 6 PANNETONE GIFT BOXES,6,2010-04-08 09:56:00,2.55,15358.0,United Kingdom
503940,84378,SET OF 3 HEART COOKIE CUTTERS,1,2010-04-08 14:47:00,2.51,,United Kingdom
508050,85150,LADIES & GENTLEMEN METAL SIGN,48,2010-05-12 12:52:00,2.1,14062.0,United Kingdom
505364,22063,CERAMIC BOWL WITH STRAWBERRY DESIGN,1,2010-04-21 15:46:00,2.95,14395.0,United Kingdom
504928,22518,CHILDS GARDEN BRUSH BLUE,1,2010-04-19 10:59:00,4.21,,United Kingdom
507425,85150,LADIES & GENTLEMEN METAL SIGN,12,2010-05-09 15:34:00,2.55,17675.0,United Kingdom
505986,22355,"CHARLOTTE BAG , SUKI DESIGN",10,2010-04-27 09:42:00,0.85,16186.0,United Kingdom
503834,22562,MONSTERS STENCIL CRAFT,144,2010-04-07 16:13:00,1.06,12482.0,Sweden
507999,20711,JUMBO BAG TOYS ,10,2010-05-12 11:45:00,1.95,12580.0,Germany
504336,22522,CHILDS GARDEN FORK BLUE ,12,2010-04-12 16:38:00,0.85,16705.0,United Kingdom
504900,22251,BIRDHOUSE DECORATION MAGIC GARDEN,12,2010-04-18 15:12:00,1.06,17850.0,United Kingdom
507228,21429,RED GINGHAM ROSE JEWELLERY BOX,2,2010-05-06 19:57:00,1.65,16794.0,United Kingdom
504200,22323,PINK POLKADOT KIDS BAG,12,2010-04-12 11:07:00,1.95,14114.0,United Kingdom
507376,15056N,EDWARDIAN PARASOL NATURAL,3,2010-05-09 11:29:00,5.95,13979.0,United Kingdom
504708,21544,SKULLS  WATER TRANSFER TATTOOS ,12,2010-04-16 09:05:00,0.85,18262.0,United Kingdom
506573,22084,PAPER CHAIN KIT EMPIRE,1,2010-04-30 13:18:00,2.95,15984.0,United Kingdom
506384,20728,LUNCH BAG CARS BLUE,10,2010-04-29 12:37:00,1.65,14680.0,United Kingdom
504675,90209B,GREEN ENAMEL+GLASS HAIR COMB,12,2010-04-15 15:28:00,2.1,15722.0,United Kingdom
503721,21326,AGED GLASS SILVER T-LIGHT HOLDER,1,2010-04-06 15:37:00,1.66,,United Kingdom
504851,21843,RED RETROSPOT CAKE STAND,12,2010-04-18 10:31:00,10.95,15482.0,United Kingdom
506556,21559,STRAWBERRY LUNCH BOX WITH CUTLERY,1,2010-04-30 11:28:00,2.55,14994.0,United Kingdom
506434,21547,CERAMIC BIRDHOUSE CRESTED TIT SMALL,2,2010-04-29 15:34:00,2.95,13173.0,United Kingdom
506248,84660C,PINK STITCHED WALL CLOCK,1,2010-04-28 13:26:00,3.75,14724.0,United Kingdom
C511999,M,Manual,-1,2010-06-11 15:44:00,1000.63,14255.0,United Kingdom
509581,84987,SET OF 36 TEATIME PAPER DOILIES,24,2010-05-24 14:43:00,1.45,14909.0,United Kingdom
508625,22047,EMPIRE GIFT WRAP,25,2010-05-17 14:09:00,0.42,18157.0,United Kingdom
509973,21737,SET 3 WICKER LOG BASKETS,8,2010-05-26 13:35:00,16.95,14938.0,Channel Islands
512548,84676,BATH DUCK WATERING CAN,6,2010-06-16 13:30:00,2.95,16229.0,United Kingdom
512903,47556B,TEA TIME TEA TOWELS ,12,2010-06-18 13:43:00,2.95,16156.0,United Kingdom
509759,84839,SWEETHEART KEY CABINET,2,2010-05-25 15:21:00,6.75,14930.0,Channel Islands
513555,22647,CERAMIC LOVE HEART MONEY BANK,4,2010-06-25 13:17:00,1.45,13291.0,United Kingdom
509100,22191,EAU DE NIL DINER WALL CLOCK,1,2010-05-20 11:49:00,8.5,17841.0,United Kingdom
512321,84755,COLOUR GLASS T-LIGHT HOLDER HANGING,432,2010-06-15 09:33:00,0.55,16422.0,United Kingdom
512929,35001W,HAND OPEN SHAPE DECO.WHITE,2,2010-06-20 11:50:00,3.49,16710.0,United Kingdom
512494,21506,"FANCY FONT BIRTHDAY CARD, ",72,2010-06-16 11:02:00,0.36,15061.0,United Kingdom
509322,84978,HANGING HEART JAR T-LIGHT HOLDER,12,2010-05-21 12:11:00,1.25,15260.0,United Kingdom
508750,21531,RED RETROSPOT SUGAR JAM BOWL,6,2010-05-18 11:48:00,2.55,13018.0,United Kingdom
510636,17084R,ASSORTED INCENSE PACK,72,2010-06-02 11:53:00,0.21,15887.0,United Kingdom
511544,21174,POTTERING IN THE SHED METAL SIGN,1,2010-06-08 17:48:00,4.21,,United Kingdom
510228,47559B,TEA TIME OVEN GLOVE,1,2010-05-28 09:16:00,2.51,,United Kingdom
512082,21867,PINK UNION JACK  LUGGAGE TAG,2,2010-06-13 12:25:00,1.25,16444.0,United Kingdom
509980,84969,ASSORTED COLOUR SET 6 TEASPOONS,6,2010-05-26 14:07:00,4.25,12378.0,Switzerland
509959,21116,OWL DOORSTOP,1,2010-05-26 12:50:00,8.47,,United Kingdom
509300,84797A,PINK HAWAIIAN PICNIC HAMPER FOR 4,12,2010-05-21 11:59:00,4.95,12355.0,Bahrain
510338,22383,LUNCH BAG SUKI  DESIGN ,10,2010-05-28 14:16:00,1.65,13875.0,United Kingdom
508654,21232,STRAWBERRY CERAMIC TRINKET BOX,24,2010-05-17 15:54:00,1.25,15296.0,United Kingdom
510228,21531,RED RETROSPOT SUGAR JAM BOWL,1,2010-05-28 09:16:00,5.06,,United Kingdom
510088,21878,PACK OF 6 SANDCASTLE FLAGS ASSORTED,1,2010-05-27 11:27:00,0.85,16391.0,United Kingdom
511283,16161P,WRAP ENGLISH ROSE ,25,2010-06-07 14:24:00,0.42,16317.0,United Kingdom
512795,20750,RED/WHITE DOT MINI CASES,2,2010-06-18 10:18:00,7.95,17612.0,United Kingdom
511638,85123A,WHITE HANGING HEART T-LIGHT HOLDER,1,2010-06-09 13:08:00,2.95,17346.0,United Kingdom
512386,84692,BOX OF 24 COCKTAIL PARASOLS,25,2010-06-15 12:14:00,0.42,12472.0,Germany
511968,22502,PICNIC BASKET WICKER SMALL,16,2010-06-11 13:44:00,3.75,13093.0,United Kingdom
512287,21913,VINTAGE SEASIDE JIGSAW PUZZLES,2,2010-06-14 14:39:00,3.75,17913.0,United Kingdom
511078,22423,REGENCY CAKESTAND 3 TIER,1,2010-06-06 13:52:00,12.75,16497.0,United Kingdom
509199,47567B,TEA TIME KITCHEN APRON,6,2010-05-21 09:06:00,5.95,12668.0,Germany
509041,21174,POTTERING IN THE SHED METAL SIGN,12,2010-05-20 10:04:00,1.95,14334.0,United Kingdom
512455,84997D,PINK 3 PIECE MINI DOTS CUTLERY SET,6,2010-06-16 08:54:00,3.75,12957.0,United Kingdom
510916,90128A,,14,2010-06-04 10:24:00,0.0,,United Kingdom
513570,84510A,SET OF 4 ENGLISH ROSE COASTERS,6,2010-06-25 14:46:00,1.25,18168.0,United Kingdom
512808,20718,RED SPOTTY SHOPPER BAG,10,2010-06-18 11:23:00,1.25,16155.0,United Kingdom
513335,21507,"ELEPHANT, BIRTHDAY CARD, ",12,2010-06-24 09:49:00,0.42,17686.0,United Kingdom
509832,85114C,,-8,2010-05-25 17:43:00,0.0,,United Kingdom
512743,21826,EIGHT PIECE DINOSAUR SET,2,2010-06-17 14:43:00,1.25,17799.0,United Kingdom
511012,84828,JUNGLE POPSICLES ICE LOLLY HOLDERS,1,2010-06-04 15:00:00,2.51,,United Kingdom
509581,21232,STRAWBERRY CERAMIC TRINKET BOX,12,2010-05-24 14:43:00,1.25,14909.0,United Kingdom
512437,84520B,PACK 20 ENGLISH ROSE PAPER NAPKINS,6,2010-06-15 16:17:00,1.66,,United Kingdom
511641,77081,FLOWER WINDMILL,4,2010-06-09 13:24:00,1.25,,United Kingdom
512733,90062,CARNIVAL BRACELET,1,2010-06-17 13:48:00,12.75,,United Kingdom
510188,21326,AGED GLASS SILVER T-LIGHT HOLDER,12,2010-05-27 16:54:00,0.65,12854.0,United Kingdom
511282,20719,WOODLAND CHARLOTTE BAG,2,2010-06-07 14:22:00,1.66,,United Kingdom
511471,85231B,CINAMMON SET OF 9 T-LIGHTS,2,2010-06-08 13:22:00,0.85,17449.0,United Kingdom
510498,22352,LUNCH BOX WITH CUTLERY RETROSPOT ,6,2010-06-01 12:42:00,2.55,14227.0,United Kingdom
511101,21282,NATURAL BARK CANDLE LARGE,3,2010-06-07 08:38:00,4.25,14221.0,United Kingdom
512614,22624,IVORY KITCHEN SCALES,1,2010-06-17 10:35:00,8.5,18039.0,United Kingdom
509035,22518,CHILDS GARDEN BRUSH BLUE,6,2010-05-20 09:27:00,2.1,18172.0,United Kingdom
512589,82600,NO SINGING METAL SIGN,1,2010-06-16 16:04:00,4.21,,United Kingdom
510232,21922,UNION STRIPE WITH FRINGE  HAMMOCK,2,2010-05-28 09:40:00,7.95,15674.0,United Kingdom
513492,21929,JUMBO BAG PINK VINTAGE PAISLEY,1,2010-06-25 09:36:00,1.95,16883.0,United Kingdom
511634,21918,SET 12 KIDS COLOUR  CHALK STICKS,1056,2010-06-09 12:55:00,0.36,17381.0,United Kingdom
513196,21955,DOOR MAT UNION JACK GUNS AND ROSES,10,2010-06-22 15:28:00,6.35,13539.0,United Kingdom
513018,90120D,WHITE MURANO TWIST BRACELET,1,2010-06-21 11:42:00,4.25,14593.0,United Kingdom
510483,22333,RETRO SPORT PARTY BAG + STICKER SET,2,2010-06-01 11:27:00,1.65,16960.0,United Kingdom
509161,21791,VINTAGE HEADS AND TAILS CARD GAME ,2,2010-05-20 13:42:00,1.25,14850.0,United Kingdom
508652,22149,FELTCRAFT 6 FLOWER FRIENDS,3,2010-05-17 15:48:00,2.1,16400.0,United Kingdom
511046,82484,WOOD BLACK BOARD ANT WHITE FINISH,2,2010-06-06 11:35:00,6.45,16335.0,United Kingdom
512102,85212,MINI PAINTED GARDEN DECORATION ,12,2010-06-13 13:46:00,0.85,14224.0,United Kingdom
512386,22328,ROUND SNACK BOXES SET OF 4 FRUITS ,12,2010-06-15 12:14:00,2.95,12472.0,Germany
510777,37503,TEA TIME CAKE STAND IN GIFT BOX,1,2010-06-03 14:57:00,10.75,13031.0,United Kingdom
510232,46000S,POLYESTER FILLER PAD 40x40cm,12,2010-05-28 09:40:00,1.45,15674.0,United Kingdom
511021,21754,HOME BUILDING BLOCK WORD,1,2010-06-04 16:13:00,11.87,,United Kingdom
512902,22319,HAIRCLIPS FORTIES FABRIC ASSORTED,48,2010-06-18 13:22:00,0.65,12412.0,Denmark
513279,84997D,PINK 3 PIECE MINI DOTS CUTLERY SET,6,2010-06-23 13:19:00,3.75,16180.0,United Kingdom
509936,22041,"RECORD FRAME 7"" SINGLE SIZE ",1,2010-05-26 12:38:00,5.06,,United Kingdom
510637,21891,TRADITIONAL WOODEN SKIPPING ROPE,1,2010-06-02 11:54:00,2.51,,United Kingdom
513405,20726,LUNCH BAG WOODLAND,20,2010-06-24 11:55:00,1.65,,Hong Kong
511298,85150,LADIES & GENTLEMEN METAL SIGN,6,2010-06-07 15:14:00,2.55,15260.0,United Kingdom
513050,22705,WRAP GREEN PEARS ,25,2010-06-21 13:18:00,0.42,14493.0,United Kingdom
513333,22384,LUNCH BAG PINK RETROSPOT,1,2010-06-24 09:22:00,1.65,,United Kingdom
511858,85232B,SET/3 RUSSIAN DOLL STACKING TINS,1,2010-06-11 10:05:00,10.17,,United Kingdom
508879,48187,DOOR MAT NEW ENGLAND,2,2010-05-18 16:31:00,7.49,16326.0,United Kingdom
510519,22366,DOOR MAT AIRMAIL ,1,2010-06-01 13:49:00,13.57,,United Kingdom
509450,22379,RECYCLING BAG RETROSPOT ,5,2010-05-24 09:30:00,2.1,13327.0,United Kingdom
510227,85150,LADIES & GENTLEMEN METAL SIGN,48,2010-05-28 08:55:00,2.1,14408.0,United Kingdom
510119,21975,PACK OF 60 DINOSAUR CAKE CASES,4,2010-05-27 12:03:00,0.55,15719.0,United Kingdom
511668,21967,PACK OF 12 SKULL TISSUES,48,2010-06-09 14:37:00,0.29,18272.0,United Kingdom
511655,10002,INFLATABLE POLITICAL GLOBE ,1,2010-06-09 14:09:00,0.85,14104.0,United Kingdom
C512272,22198,LARGE POPCORN HOLDER ,-2,2010-06-14 13:32:00,1.65,15031.0,United Kingdom
512900,37342,SPOTTY COFFEE CUP & SAUCER,4,2010-06-18 13:06:00,2.95,14919.0,United Kingdom
512305,21090,SET/6 COLLAGE PAPER PLATES,2,2010-06-14 16:19:00,0.85,17848.0,United Kingdom
513383,DOT,DOTCOM POSTAGE,1,2010-06-24 11:39:00,66.17,,United Kingdom
511544,22296,HEART IVORY TRELLIS LARGE,1,2010-06-08 17:48:00,3.36,,United Kingdom
509206,15044B,BLUE PAPER PARASOL ,1,2010-05-21 09:29:00,5.91,,United Kingdom
509213,47568,ENGLISH ROSE DESIGN PEG BAG,6,2010-05-21 10:22:00,2.1,17146.0,United Kingdom
513372,82552,WASHROOM METAL SIGN,12,2010-06-24 11:35:00,1.25,14911.0,EIRE
508823,21900,"KEY FOB , SHED",24,2010-05-18 13:26:00,0.65,13650.0,United Kingdom
511411,21034,REX CASH+CARRY JUMBO SHOPPER,2,2010-06-08 11:41:00,0.95,14535.0,United Kingdom
510439,79000,MOROCCAN TEA GLASS,12,2010-05-30 14:39:00,0.85,14572.0,United Kingdom
509041,21356,TOAST ITS - FAIRY FLOWER,12,2010-05-20 10:04:00,1.25,14334.0,United Kingdom
512397,22513,DOORSTOP FOOTBALL DESIGN,1,2010-06-15 12:22:00,3.75,15039.0,United Kingdom
511122,20726,LUNCH BAG WOODLAND,2,2010-06-07 10:54:00,4.21,,United Kingdom
510329,15036,ASSORTED COLOURS SILK FAN,24,2010-05-28 13:23:00,0.75,17822.0,United Kingdom
511558,47591D,PINK FAIRY CAKE CHILD'S APRON,8,2010-06-09 10:12:00,1.95,13802.0,United Kingdom
509743,22272,FELTCRAFT DOLL MARIA,1,2010-05-25 13:21:00,2.95,17841.0,United Kingdom
511242,37503,TEA TIME CAKE STAND IN GIFT BOX,12,2010-06-07 12:33:00,9.95,15640.0,United Kingdom
511522,22053,EMPIRE DESIGN ROSETTE,3,2010-06-08 16:47:00,1.25,16072.0,United Kingdom
512289,85089,CANDY SPOT BUNNY,1,2010-06-14 14:49:00,5.91,,United Kingdom
512539,84997C,BLUE 3 PIECE MINI DOTS CUTLERY SET,1,2010-06-16 12:48:00,3.75,13567.0,United Kingdom
512177,21898,POTTING SHED ROSE CANDLE,6,2010-06-14 12:01:00,2.95,15150.0,United Kingdom
511469,85042,ANTIQUE LILY FAIRY LIGHTS,1,2010-06-08 13:11:00,4.95,16086.0,United Kingdom
510519,22605,WOODEN CROQUET GARDEN SET,2,2010-06-01 13:49:00,25.49,,United Kingdom
511445,21843,RED RETROSPOT CAKE STAND,1,2010-06-08 12:27:00,10.95,14194.0,United Kingdom
509423,46000M,POLYESTER FILLER PAD 45x45cm,6,2010-05-23 13:07:00,1.55,14249.0,United Kingdom
511084,22169,FAMILY ALBUM WHITE PICTURE FRAME,1,2010-06-06 14:17:00,8.5,16200.0,United Kingdom
C511965,21747,SMALL SKULL WINDMILL,-6,2010-06-11 13:34:00,1.25,14727.0,United Kingdom
512177,21673,WHITE SPOT BLUE CERAMIC DRAWER KNOB,12,2010-06-14 12:01:00,1.25,15150.0,United Kingdom
512386,22367,CHILDS APRON SPACEBOY DESIGN,8,2010-06-15 12:14:00,1.95,12472.0,Germany
513313,22623,BOX OF VINTAGE JIGSAW BLOCKS ,3,2010-06-23 15:43:00,4.95,15141.0,United Kingdom
513305,21197,MULTICOLOUR  CONFETTI IN TUBE,12,2010-06-23 14:34:00,1.65,15248.0,United Kingdom
509621,84997D,PINK 3 PIECE MINI DOTS CUTLERY SET,6,2010-05-25 09:51:00,3.75,15321.0,United Kingdom
512517,22501,PICNIC BASKET WICKER LARGE,6,2010-06-16 11:33:00,9.95,13552.0,United Kingdom
511100,22371,AIRLINE BAG VINTAGE TOKYO 78,4,2010-06-07 08:37:00,6.35,17416.0,United Kingdom
513050,21422,PORCELAIN ROSE SMALL,32,2010-06-21 13:18:00,0.85,14493.0,United Kingdom
511852,47556B,TEA TIME TEA TOWELS ,1,2010-06-10 20:09:00,2.95,16549.0,United Kingdom
509403,82582,AREA PATROLLED METAL SIGN,24,2010-05-23 11:27:00,2.1,17865.0,United Kingdom
512047,85217,ASSORTED ICE CREAM FRIDGE MAGNETS,36,2010-06-11 17:19:00,0.65,13745.0,United Kingdom
511585,84970S,HANGING HEART ZINC T-LIGHT HOLDER,24,2010-06-09 10:52:00,0.85,13502.0,United Kingdom
510519,85099F,JUMBO BAG STRAWBERRY,2,2010-06-01 13:49:00,4.21,,United Kingdom
511009,84992,72 SWEETHEART FAIRY CAKE CASES,1,2010-06-04 14:58:00,1.28,,United Kingdom
510116,21923,RED/CREAM STRIPE FRINGE HAMMOCK,6,2010-05-27 11:48:00,7.95,14735.0,United Kingdom
512930,22352,LUNCH BOX WITH CUTLERY RETROSPOT ,12,2010-06-20 12:09:00,2.55,12621.0,Germany
512285,21680,WOODLAND  STICKERS,6,2010-06-14 14:27:00,0.85,13069.0,United Kingdom
509581,47590B,PINK HAPPY BIRTHDAY BUNTING,3,2010-05-24 14:43:00,5.45,14909.0,United Kingdom
510072,21518,BANK ACCOUNT  GREETING  CARD ,12,2010-05-27 11:17:00,0.42,16392.0,United Kingdom
509389,85123A,WHITE HANGING HEART T-LIGHT HOLDER,3,2010-05-21 17:19:00,2.95,13174.0,United Kingdom
510325,22280,POCKET BAG PINK PAISELY BROWN SPOT,5,2010-05-28 12:52:00,2.1,14395.0,United Kingdom
513099,47591A,CAROUSEL DES CHILD'S APRON,2,2010-06-21 15:13:00,1.66,,United Kingdom
511778,20914,SET/5 RED SPOTTY LID GLASS BOWLS,32,2010-06-10 12:37:00,2.55,17716.0,United Kingdom
508914,22519,CHILDS GARDEN BRUSH PINK,6,2010-05-19 10:27:00,2.1,16570.0,United Kingdom
512437,84988,SET OF 72 PINK HEART PAPER DOILIES,1,2010-06-15 16:17:00,2.98,,United Kingdom
511559,22303,COFFEE MUG APPLES DESIGN,6,2010-06-09 10:38:00,2.55,16592.0,United Kingdom
513356,21212,PACK OF 72 RETRO SPOT CAKE CASES,3,2010-06-24 11:31:00,1.28,,United Kingdom
512788,22487,WHITE WOOD GARDEN PLANT LADDER,1,2010-06-18 09:28:00,9.95,13427.0,United Kingdom
512286,22294,HEART FILIGREE DOVE  SMALL,4,2010-06-14 14:27:00,1.25,15967.0,United Kingdom
509347,75178,ASSTD COL BUTTERFLY/CRYSTAL W/CHIME,1,2010-05-21 13:09:00,2.51,,United Kingdom
509203,21416,CLAM SHELL LARGE,1,2010-05-21 09:26:00,3.75,,United Kingdom
509051,21733,RED HANGING HEART T-LIGHT HOLDER,3,2010-05-20 11:04:00,2.95,15854.0,United Kingdom
510037,22430,ENAMEL WATERING CAN CREAM,8,2010-05-26 15:45:00,4.95,16620.0,United Kingdom
510995,22428,ENAMEL FIRE BUCKET CREAM,6,2010-06-04 14:12:00,6.95,15101.0,United Kingdom
512725,21592,RETRO SPOT  CIGAR BOX MATCHES ,3,2010-06-17 13:09:00,1.25,14508.0,United Kingdom
509347,35001G,HAND OPEN SHAPE GOLD,4,2010-05-21 13:09:00,4.21,,United Kingdom
509035,21718,RED METAL BEACH SPADE ,12,2010-05-20 09:27:00,1.25,18172.0,United Kingdom
512123,84077,WORLD WAR 2 GLIDERS ASSTD DESIGNS,48,2010-06-13 15:57:00,0.21,15808.0,United Kingdom
512591,21155,RED SPOTTY PEG BAG,12,2010-06-16 16:24:00,2.1,17160.0,United Kingdom
512539,21241,GREEN SPOTTY CUP,2,2010-06-16 12:48:00,0.85,13567.0,United Kingdom
C509343,84685,BEACH HUT KEY CABINET,-1,2010-05-21 12:44:00,1.25,13576.0,United Kingdom
512301,21154,RED SPOTTY OVEN GLOVE ,6,2010-06-14 15:51:00,1.25,12843.0,United Kingdom
512914,20914,SET/5 RED SPOTTY LID GLASS BOWLS,30,2010-06-18 15:08:00,2.95,15538.0,United Kingdom
513403,84985a,SET OF 72 GREEN PAPER DOILIES,1,2010-06-24 11:51:00,2.98,,United Kingdom
510195,20973,12 PENCIL SMALL TUBE WOODLAND,1,2010-05-27 19:53:00,0.65,13230.0,United Kingdom
511638,21232,STRAWBERRY CERAMIC TRINKET BOX,1,2010-06-09 13:08:00,1.25,17346.0,United Kingdom
509533,22435,SET OF 9 HEART SHAPED BALLOONS,2,2010-05-24 12:01:00,2.51,,United Kingdom
509216,48188,DOOR MAT WELCOME PUPPIES,20,2010-05-21 10:25:00,6.35,14439.0,Greece
513199,78033,FLAG OF ST GEORGE CHAIR,15,2010-06-22 16:21:00,0.0,,United Kingdom
510230,22560,TRADITIONAL MODELLING CLAY,24,2010-05-28 09:36:00,1.25,17311.0,United Kingdom
513115,15036,ASSORTED COLOURS SILK FAN,12,2010-06-22 09:04:00,0.75,13141.0,United Kingdom
511287,82582,AREA PATROLLED METAL SIGN,4,2010-06-07 14:47:00,2.1,14514.0,United Kingdom
509235,21933,PINK VINTAGE PAISLEY PICNIC BAG,1,2010-05-21 11:01:00,2.95,15898.0,United Kingdom
509434,21054,NURSE'S BAG SOFT TOY,2,2010-05-23 14:45:00,8.95,,United Kingdom
511858,22296,HEART IVORY TRELLIS LARGE,21,2010-06-11 10:05:00,1.49,,United Kingdom
509216,22170,PICTURE FRAME WOOD TRIPLE PORTRAIT,12,2010-05-21 10:25:00,5.95,14439.0,Greece
511002,48184,DOOR MAT ENGLISH ROSE ,1,2010-06-04 14:49:00,13.57,,United Kingdom
508924,22219,LOVEBIRD HANGING DECORATION WHITE ,4,2010-05-19 11:10:00,0.85,14035.0,United Kingdom
512896,20718,RED SPOTTY SHOPPER BAG,10,2010-06-18 12:46:00,1.25,17346.0,United Kingdom
509207,84380,SET OF 3 BUTTERFLY COOKIE CUTTERS,1,2010-05-21 09:40:00,2.51,,United Kingdom
510258,21527,RED RETROSPOT TRADITIONAL TEAPOT ,3,2010-05-28 10:56:00,7.95,12835.0,United Kingdom
511556,22528,GARDENERS KNEELING PAD,48,2010-06-09 10:02:00,1.06,17511.0,United Kingdom
512545,48187,DOOR MAT NEW ENGLAND,10,2010-06-16 13:22:00,6.35,14258.0,United Kingdom
508628,84988,SET OF 72 PINK HEART PAPER DOILIES,6,2010-05-17 14:17:00,1.45,15280.0,United Kingdom
510444,21714,CITRONELLA CANDLE GARDEN POT,12,2010-05-30 15:45:00,1.25,15420.0,United Kingdom
511691,84839,SWEETHEART KEY CABINET,4,2010-06-09 16:42:00,6.75,16525.0,United Kingdom
510163,21323,HANGING MEDINA LANTERN LARGE,2,2010-05-27 13:54:00,4.25,16814.0,United Kingdom
510999,20787,BLUE RETRO BAR STOOL,2,2010-06-04 14:40:00,34.0,,United Kingdom
511012,48111,DOOR MAT 3 SMILEY CATS,2,2010-06-04 15:00:00,13.57,,United Kingdom
510445,21156,RED SPOTTY CHILDS APRON,1,2010-05-30 15:58:00,1.95,18069.0,United Kingdom
509515,22646,CERAMIC STRAWBERRY CAKE MONEY BANK,4,2010-05-24 11:39:00,1.45,15039.0,United Kingdom
510331,84380,SET OF 3 BUTTERFLY COOKIE CUTTERS,12,2010-05-28 13:57:00,1.25,13081.0,United Kingdom
508915,84879,ASSORTED COLOUR BIRD ORNAMENT,8,2010-05-19 10:33:00,1.69,16293.0,United Kingdom
510543,22027,TEA PARTY BIRTHDAY CARD,12,2010-06-01 15:01:00,0.42,15858.0,United Kingdom
513574,90214S,"LETTER ""S"" BLING KEY RING",1,2010-06-25 15:13:00,2.51,,United Kingdom
510488,62095B,TURQOISE ICE CREAM SUNHAT,24,2010-06-01 12:00:00,0.85,18226.0,United Kingdom
511009,17181,CIRCLE OF FRIENDS CANDLE HOLDER,1,2010-06-04 14:58:00,5.06,,United Kingdom
513207,22470,HEART OF WICKER LARGE,6,2010-06-23 09:32:00,2.95,15199.0,United Kingdom
511056,22151,PLACE SETTING WHITE HEART,3,2010-06-06 12:17:00,0.42,16444.0,United Kingdom
513168,84620,BLUE GINGHAM ROSE CUSHION COVER,1,2010-06-22 11:59:00,5.95,16458.0,United Kingdom
512591,22383,LUNCH BAG SUKI  DESIGN ,20,2010-06-16 16:24:00,1.65,17160.0,United Kingdom
509609,21731,RED TOADSTOOL LED NIGHT LIGHT,12,2010-05-25 08:40:00,1.65,17412.0,United Kingdom
512939,85159A,"BLACK TEA,COFFEE,SUGAR JARS",2,2010-06-20 13:43:00,6.35,17618.0,United Kingdom
512432,84670,JAPANESE CROCHETED ANIMAL,24,2010-06-15 15:23:00,0.42,15625.0,United Kingdom
511270,22195,LARGE HEART MEASURING SPOONS,2,2010-06-07 13:03:00,1.65,14159.0,United Kingdom
513191,20749,ASSORTED COLOUR MINI CASES,2,2010-06-22 14:23:00,7.95,15809.0,United Kingdom
510819,71053,WHITE METAL LANTERN,2,2010-06-03 19:47:00,3.75,18214.0,United Kingdom
512712,22488,NATURAL SLATE RECTANGLE CHALKBOARD,3,2010-06-17 12:28:00,1.65,13608.0,United Kingdom
511018,37461,FUNKY MONKEY MUG,1,2010-06-04 15:50:00,2.51,,United Kingdom
511089,84016,FLAG OF ST GEORGE CAR FLAG,12,2010-06-06 15:03:00,0.42,15005.0,United Kingdom
512112,37449,CERAMIC CAKE STAND + HANGING CAKES,1,2010-06-13 14:40:00,9.95,17841.0,United Kingdom
513413,22444,GROW YOUR OWN PLANT IN A CAN ,24,2010-06-24 12:13:00,1.25,13778.0,United Kingdom
512458,22312,OFFICE MUG WARMER POLKADOT,2,2010-06-16 09:48:00,4.95,14634.0,United Kingdom
511846,22087,PAPER BUNTING WHITE LACE,12,2010-06-10 18:46:00,2.95,16168.0,United Kingdom
509428,84978,HANGING HEART JAR T-LIGHT HOLDER,4,2010-05-23 14:04:00,1.25,16549.0,United Kingdom
513272,20675,BLUE SPOTTY BOWL,72,2010-06-23 12:39:00,1.06,16422.0,United Kingdom
513018,21906,PHARMACIE FIRST AID TIN,1,2010-06-21 11:42:00,6.75,14593.0,United Kingdom
511279,22398,MAGNETS PACK OF 4 SWALLOWS,6,2010-06-07 13:53:00,1.25,17412.0,United Kingdom
513050,20979,36 PENCILS TUBE RED SPOTTY,2,2010-06-21 13:18:00,1.25,14493.0,United Kingdom
513559,21918,SET 12 KIDS COLOUR  CHALK STICKS,3,2010-06-25 13:35:00,0.42,17804.0,United Kingdom
510637,22136,LOVE HEART SOCK HANGER,2,2010-06-02 11:54:00,3.36,,United Kingdom
512932,22365,DOOR MAT RESPECTABLE HOUSE,2,2010-06-20 12:16:00,7.49,16486.0,United Kingdom
512289,22343,PARTY PIZZA DISH RED RETROSPOT,1,2010-06-14 14:49:00,1.66,,United Kingdom
512954,21983,PACK OF 12 BLUE PAISLEY TISSUES ,48,2010-06-21 10:13:00,0.29,15786.0,United Kingdom
509041,82484,WOOD BLACK BOARD ANT WHITE FINISH,3,2010-05-20 10:04:00,6.45,14334.0,United Kingdom
511801,22704,WRAP RED APPLES ,25,2010-06-10 15:14:00,0.42,13999.0,United Kingdom
511287,22077,6 RIBBONS RUSTIC CHARM,6,2010-06-07 14:47:00,1.65,14514.0,United Kingdom
511069,22098,BOUDOIR SQUARE TISSUE BOX,3,2010-06-06 13:22:00,1.25,17915.0,United Kingdom
511282,22412,METAL SIGN NEIGHBOURHOOD WITCH ,1,2010-06-07 14:22:00,4.21,,United Kingdom
513196,21899,"KEY FOB , GARAGE DESIGN",24,2010-06-22 15:28:00,0.65,13539.0,United Kingdom
513410,22556,PLASTERS IN TIN CIRCUS PARADE ,1,2010-06-24 12:11:00,1.65,15051.0,United Kingdom
510587,37444C,PINK BREAKFAST CUP AND SAUCER ,4,2010-06-02 09:03:00,2.95,17745.0,United Kingdom
512316,22499,WOODEN UNION JACK BUNTING,6,2010-06-15 09:12:00,5.95,16197.0,United Kingdom
511291,72351B,SET/6 PINK  BUTTERFLY T-LIGHTS,1,2010-06-07 14:53:00,2.1,15872.0,United Kingdom
C512796,85014B,RED/WHITE DOTS RUFFLED UMBRELLA,-1,2010-06-18 10:25:00,5.95,16797.0,United Kingdom
510169,21218,RED SPOTTY BISCUIT TIN,2,2010-05-27 14:27:00,3.75,15768.0,United Kingdom
509030,21917,SET 12 KIDS  WHITE CHALK STICKS,3,2010-05-19 15:47:00,0.42,13764.0,United Kingdom
509433,20719,WOODLAND CHARLOTTE BAG,10,2010-05-23 14:30:00,0.85,12621.0,Germany
509216,22169,FAMILY ALBUM WHITE PICTURE FRAME,8,2010-05-21 10:25:00,7.65,14439.0,Greece
511050,21240,BLUE  SPOTTY CUP,2,2010-06-06 12:07:00,0.85,16782.0,United Kingdom
512173,21975,PACK OF 60 DINOSAUR CAKE CASES,24,2010-06-14 11:55:00,0.55,15607.0,United Kingdom
513568,22386,JUMBO BAG PINK WITH WHITE SPOTS,30,2010-06-25 14:23:00,1.95,12921.0,United Kingdom
509159,22515,CHILDS GARDEN SPADE PINK,1,2010-05-20 13:39:00,2.1,15005.0,United Kingdom
512751,48138,DOOR MAT UNION FLAG,1,2010-06-17 15:08:00,7.49,17953.0,United Kingdom
509951,22422,TOOTHPASTE TUBE PEN,1,2010-05-26 12:46:00,1.28,,United Kingdom
512733,22556,PLASTERS IN TIN CIRCUS PARADE ,2,2010-06-17 13:48:00,3.36,,United Kingdom
509597,21469,POLKA DOT RAFFIA FOOD COVER,24,2010-05-24 15:33:00,3.75,17409.0,United Kingdom
513099,22123,PING MICROWAVE APRON,2,2010-06-21 15:13:00,5.06,,United Kingdom
512071,21875,KINGS CHOICE MUG,6,2010-06-13 11:36:00,1.25,13736.0,United Kingdom
511346,22138,BAKING SET 9 PIECE RETROSPOT ,2,2010-06-08 10:49:00,4.95,17238.0,United Kingdom
511778,21870,I CAN ONLY PLEASE ONE PERSON MUG,12,2010-06-10 12:37:00,1.25,17716.0,United Kingdom
510962,71459,HANGING JAM JAR T-LIGHT HOLDER,24,2010-06-04 11:02:00,0.85,15547.0,United Kingdom
508747,22359,GLASS JAR KINGS CHOICE,1,2010-05-18 11:40:00,5.91,,United Kingdom
512437,85099F,JUMBO BAG STRAWBERRY,1,2010-06-15 16:17:00,4.21,,United Kingdom
512411,21749,LARGE RED RETROSPOT WINDMILL,96,2010-06-15 13:19:00,1.85,14156.0,EIRE
512783,79067,CORONA MEXICAN TRAY,2,2010-06-17 19:18:00,3.75,13969.0,United Kingdom
510806,17084N,FAIRY DREAMS INCENSE ,50,2010-06-03 19:05:00,0.21,17107.0,United Kingdom
510192,82567,"AIRLINE LOUNGE,METAL SIGN",1,2010-05-27 18:13:00,2.1,17841.0,United Kingdom
511282,22342,HOME GARLAND PAINTED ZINC ,1,2010-06-07 14:22:00,3.36,,United Kingdom
509389,84846A,SCENTED CANDLE IN DIGITALIS TIN,3,2010-05-21 17:19:00,2.1,13174.0,United Kingdom
509568,22080,RIBBON REEL SPOTS DESIGN ,10,2010-05-24 13:16:00,1.65,12909.0,United Kingdom
513401,21213,PACK OF 72 SKULL CAKE CASES,1,2010-06-24 11:50:00,2.13,,United Kingdom
509196,22465,HANGING METAL STAR LANTERN,12,2010-05-20 18:21:00,1.65,14671.0,United Kingdom
509396,22566,"FELTCRAFT HAIRBAND S/2, PINK/PURPLE",12,2010-05-23 11:02:00,0.85,13330.0,United Kingdom
511068,21035,SET/2 RED SPOTTY TEA TOWELS ,6,2010-06-06 13:11:00,2.95,14208.0,United Kingdom
511896,47591C,BLUE FAIRY CAKE CHILD'S APRON,3,2010-06-11 11:04:00,1.95,16161.0,United Kingdom
512285,21211,SET OF 72 SKULL PAPER  DOILIES,1,2010-06-14 14:27:00,1.45,13069.0,United Kingdom
509751,21212,PACK OF 72 RETRO SPOT CAKE CASES,48,2010-05-25 14:09:00,0.55,14744.0,United Kingdom
509972,21002,ROSE DU SUD DRAWSTRING BAG,3,2010-05-26 13:34:00,3.36,,United Kingdom
513398,22469,HEART OF WICKER SMALL,1,2010-06-24 11:48:00,3.36,,United Kingdom
512904,85212,MINI PAINTED GARDEN DECORATION ,12,2010-06-18 13:51:00,0.85,12982.0,United Kingdom
511522,20754,RETRO RED SPOTTY WASHING UP GLOVES,2,2010-06-08 16:47:00,2.1,16072.0,United Kingdom
513099,22507,MEMO BOARD RETROSPOT  DESIGN,1,2010-06-21 15:13:00,11.02,,United Kingdom
510173,22623,BOX OF VINTAGE JIGSAW BLOCKS ,3,2010-05-27 14:40:00,4.95,18257.0,United Kingdom
512437,22035,VINTAGE CARAVAN GREETING CARD ,1,2010-06-15 16:17:00,0.85,,United Kingdom
509170,22616,PACK OF 12 LONDON TISSUES ,48,2010-05-20 15:09:00,0.29,16705.0,United Kingdom
511074,21121,SET/10 RED SPOTTY PARTY CANDLES,1,2010-06-06 13:45:00,1.25,18137.0,United Kingdom
513440,20970,PINK FLORAL FELTCRAFT SHOULDER BAG,1,2010-06-24 14:34:00,3.75,14583.0,United Kingdom
510519,22347,PIZZA SLICE DISH,1,2010-06-01 13:49:00,2.51,,United Kingdom
508732,21718,RED METAL BEACH SPADE ,12,2010-05-18 10:24:00,1.25,16147.0,United Kingdom
509857,21201,TROPICAL  HONEYCOMB PAPER GARLAND ,12,2010-05-26 09:49:00,2.55,14272.0,United Kingdom
511656,21327,SKULLS WRITING SET ,1,2010-06-09 14:13:00,3.36,,United Kingdom
513164,84327A,PINK JUMPER LARRY THE LAMB,48,2010-06-22 11:21:00,1.69,16467.0,United Kingdom
513383,22423,REGENCY CAKESTAND 3 TIER,1,2010-06-24 11:39:00,25.49,,United Kingdom
512922,21695,SMALL SILVER FLOWER CANDLE POT,12,2010-06-18 17:30:00,2.95,13676.0,United Kingdom
510327,90175A,WHITE GLASS CHUNKY CHARM BRACELET,1,2010-05-28 12:57:00,8.95,14395.0,United Kingdom
508848,84927E,FLOWERS TILE HOOK,1,2010-05-18 14:31:00,2.1,16699.0,United Kingdom
508621,22188,BLACK HEART CARD HOLDER,4,2010-05-17 13:45:00,3.95,17442.0,United Kingdom
C511560,22461,SAVOY ART DECO CLOCK,-1,2010-06-09 10:39:00,12.75,18231.0,United Kingdom
508998,21726,MULTI HEARTS  STICKERS,2,2010-05-19 13:07:00,0.85,14598.0,United Kingdom
513019,22441,GROW YOUR OWN BASIL IN ENAMEL MUG,4,2010-06-21 11:55:00,2.1,14593.0,United Kingdom
508864,21731,RED TOADSTOOL LED NIGHT LIGHT,24,2010-05-18 16:09:00,1.65,17589.0,United Kingdom
511803,21632,VINTAGE PINK DECORATIVE PARASOL,4,2010-06-10 15:22:00,12.75,13658.0,United Kingdom
512895,85049E,SCANDINAVIAN REDS RIBBONS,1,2010-06-18 12:45:00,1.25,15031.0,United Kingdom
512944,22470,HEART OF WICKER LARGE,12,2010-06-20 15:00:00,2.95,16390.0,United Kingdom
513114,21924,BLUE/CREAM STRIPE FRINGE HAMMOCK,2,2010-06-22 08:59:00,7.95,17646.0,United Kingdom
513308,22553,PLASTERS IN TIN SKULLS,1,2010-06-23 14:49:00,3.36,,United Kingdom
513440,22384,LUNCH BAG PINK RETROSPOT,1,2010-06-24 14:34:00,1.65,14583.0,United Kingdom
512289,21864,UNION JACK FLAG PASSPORT COVER ,1,2010-06-14 14:49:00,4.21,,United Kingdom
509743,22222,CAKE PLATE LOVEBIRD WHITE,1,2010-05-25 13:21:00,4.95,17841.0,United Kingdom
509430,21239,PINK  SPOTTY CUP,8,2010-05-23 14:13:00,0.85,13394.0,United Kingdom
509407,20967,GREY FLORAL FELTCRAFT SHOULDER BAG,3,2010-05-23 11:45:00,3.75,12974.0,United Kingdom
509350,90025D,BAROQUE BUTTERFLY EARRINGS PINK,1,2010-05-21 13:28:00,3.75,18011.0,United Kingdom
512071,21455,PAINTED YELLOW WOODEN DAISY,4,2010-06-13 11:36:00,0.85,13736.0,United Kingdom
509986,22189,,-146,2010-05-26 14:49:00,0.0,,United Kingdom
509395,22424,ENAMEL BREAD BIN CREAM,2,2010-05-23 10:57:00,12.75,17343.0,United Kingdom
511452,37461,FUNKY MONKEY MUG,1,2010-06-08 12:44:00,2.51,,United Kingdom
512411,21874,GIN AND TONIC MUG,72,2010-06-15 13:19:00,1.06,14156.0,EIRE
512547,21527,RED RETROSPOT TRADITIONAL TEAPOT ,2,2010-06-16 13:29:00,7.95,13478.0,United Kingdom
508979,22358,KINGS CHOICE TEA CADDY ,1,2010-05-19 11:55:00,5.91,,United Kingdom
508780,22324,BLUE POLKADOT KIDS BAG,2,2010-05-18 12:24:00,1.95,15518.0,United Kingdom
509533,22356,CHARLOTTE BAG PINK WITH WHITE SPOTS,1,2010-05-24 12:01:00,1.66,,United Kingdom
512411,84849D,HOT BATHS SOAP HOLDER,96,2010-06-15 13:19:00,1.45,14156.0,EIRE
510053,22560,TRADITIONAL MODELLING CLAY,24,2010-05-27 09:49:00,1.25,13485.0,United Kingdom
511053,21975,PACK OF 60 DINOSAUR CAKE CASES,120,2010-06-06 12:16:00,0.42,16701.0,United Kingdom
510329,22244,"HOOK, 3 HANGER ,MAGIC GARDEN",3,2010-05-28 13:23:00,1.95,17822.0,United Kingdom
513047,15044A,PINK PAPER PARASOL ,1,2010-06-21 12:56:00,2.95,17841.0,United Kingdom
509071,21154,RED SPOTTY OVEN GLOVE ,10,2010-05-20 11:41:00,1.25,16471.0,United Kingdom
508643,84946,ANTIQUE SILVER TEA GLASS ETCHED,6,2010-05-17 15:30:00,2.51,,United Kingdom
509347,22202,MILK PAN PINK RETROSPOT,1,2010-05-21 13:09:00,7.62,,United Kingdom
511564,21524,DOOR MAT SPOTTY HOME SWEET HOME,1,2010-06-09 10:41:00,7.49,18231.0,United Kingdom
510806,22117,METAL SIGN HER DINNER IS SERVED ,3,2010-06-03 19:05:00,2.95,17107.0,United Kingdom
509347,35965,FOLKART HEART NAPKIN RINGS,1,2010-05-21 13:09:00,5.91,,United Kingdom
511853,21733,RED HANGING HEART T-LIGHT HOLDER,12,2010-06-11 08:08:00,2.55,14298.0,United Kingdom
510054,21704,BAG 250g SWIRLY MARBLES,12,2010-05-27 09:59:00,0.85,17499.0,United Kingdom
512889,22315,200 RED + WHITE BENDY STRAWS,1,2010-06-18 12:04:00,1.25,16797.0,United Kingdom
512525,22078,RIBBON REEL LACE DESIGN ,10,2010-06-16 11:52:00,1.85,17448.0,United Kingdom
508627,21034,REX CASH+CARRY JUMBO SHOPPER,1,2010-05-17 14:15:00,0.95,16932.0,United Kingdom
509433,22352,LUNCH BOX WITH CUTLERY RETROSPOT ,6,2010-05-23 14:30:00,2.55,12621.0,Germany
509743,21216,"SET 3 RED SPOT TIN TEA,COFFEE,SUGAR",1,2010-05-25 13:21:00,4.95,17841.0,United Kingdom
510637,21238,RED SPOTTY CUP,1,2010-06-02 11:54:00,1.66,,United Kingdom
511074,21610,SET 12 PEAR BOTANICAL T-LIGHTS,1,2010-06-06 13:45:00,2.95,18137.0,United Kingdom
511992,82551,LAUNDRY 15C METAL SIGN,12,2010-06-11 15:20:00,1.25,17738.0,United Kingdom
510088,21977,PACK OF 60 PINK PAISLEY CAKE CASES,1,2010-05-27 11:27:00,0.55,16391.0,United Kingdom
511841,84675,FROG KING WATERING CAN,6,2010-06-10 17:31:00,2.95,13450.0,United Kingdom
511063,21623,VINTAGE UNION JACK MEMOBOARD,1,2010-06-06 12:45:00,9.95,15988.0,United Kingdom
509745,22502,PICNIC BASKET WICKER SMALL,1,2010-05-25 13:32:00,4.25,17920.0,United Kingdom
509373,21865,PINK UNION JACK  PASSPORT COVER ,2,2010-05-21 14:24:00,2.1,15861.0,United Kingdom
513176,20685,DOOR MAT RED SPOT,6,2010-06-22 12:30:00,7.49,16631.0,United Kingdom
512743,21975,PACK OF 60 DINOSAUR CAKE CASES,3,2010-06-17 14:43:00,0.55,17799.0,United Kingdom
511452,22378,WALL TIDY RETROSPOT ,1,2010-06-08 12:44:00,4.21,,United Kingdom
509759,20676,RED SPOTTY BOWL,8,2010-05-25 15:21:00,1.25,14930.0,Channel Islands
512437,47597,NEW ENGLAND TEATOWELS,6,2010-06-15 16:17:00,1.66,,United Kingdom
509936,21541,DINOSAURS WATER TRANSFER TATTOOS ,1,2010-05-26 12:38:00,1.66,,United Kingdom
511334,79323B,BLACK CHERRY LIGHTS,22,2010-06-08 10:39:00,5.45,17677.0,United Kingdom
510994,85099B,JUMBO BAG RED RETROSPOT,20,2010-06-04 13:54:00,1.95,16705.0,United Kingdom
512071,82578,KITCHEN METAL SIGN,1,2010-06-13 11:36:00,0.55,13736.0,United Kingdom
511042,22275,WEEKEND BAG VINTAGE ROSE PAISLEY,2,2010-06-06 11:22:00,8.5,18234.0,United Kingdom
509439,22547,MINI JIGSAW DINOSAUR ,48,2010-05-23 15:28:00,0.42,17863.0,United Kingdom
512949,21875,KINGS CHOICE MUG,2,2010-06-20 16:06:00,1.25,15555.0,United Kingdom
510192,17165B,ASS COL LARGE SAND GECKO P'WEIGHT,1,2010-05-27 18:13:00,1.05,17841.0,United Kingdom
510291,21773,DECORATIVE ROSE BATHROOM BOTTLE,12,2010-05-28 11:47:00,1.25,13338.0,United Kingdom
512386,22705,WRAP GREEN PEARS ,25,2010-06-15 12:14:00,0.42,12472.0,Germany
511509,21259,VICTORIAN SEWING BOX SMALL ,1,2010-06-08 15:26:00,12.72,,United Kingdom
508995,22332,SKULLS PARTY BAG + STICKER SET,8,2010-05-19 12:47:00,1.65,15544.0,United Kingdom
508652,22128,PARTY CONES CANDY ASSORTED,12,2010-05-17 15:48:00,1.25,16400.0,United Kingdom
512439,21623,VINTAGE UNION JACK MEMOBOARD,3,2010-06-15 16:31:00,9.95,17364.0,United Kingdom
511052,84535B,FAIRY CAKES NOTEBOOK A6 SIZE,2,2010-06-06 12:15:00,0.65,17841.0,United Kingdom
511284,82552,WASHROOM METAL SIGN,4,2010-06-07 14:39:00,1.25,14467.0,United Kingdom
509460,84378,SET OF 3 HEART COOKIE CUTTERS,12,2010-05-24 10:44:00,1.25,12759.0,Netherlands
509347,22644,CERAMIC CHERRY CAKE MONEY BANK,1,2010-05-21 13:09:00,3.36,,United Kingdom
513207,21622,VINTAGE UNION JACK CUSHION COVER,12,2010-06-23 09:32:00,4.95,15199.0,United Kingdom
512541,82552,WASHROOM METAL SIGN,12,2010-06-16 12:55:00,1.25,13183.0,United Kingdom
510414,47566B,TEA TIME PARTY BUNTING,1,2010-05-30 11:02:00,4.65,15555.0,United Kingdom
512072,37482P,CUBIC MUG PINK POLKA DOT,6,2010-06-13 11:39:00,2.55,13619.0,United Kingdom
509100,21348,PINK SPOTS CHOCOLATE NESTING BOXES ,1,2010-05-20 11:49:00,2.95,17841.0,United Kingdom
509207,47556B,TEA TIME TEA TOWELS ,1,2010-05-21 09:40:00,5.91,,United Kingdom
510001,21535,RED RETROSPOT SMALL MILK JUG,1,2010-05-26 15:06:00,2.55,14649.0,United Kingdom
508858,22082,RIBBON REEL STRIPES DESIGN ,1,2010-05-18 15:30:00,1.65,17920.0,United Kingdom
509962,47566,PARTY BUNTING,1,2010-05-26 12:54:00,8.47,,United Kingdom
511841,22521,CHILDS GARDEN TROWEL PINK,12,2010-06-10 17:31:00,0.85,13450.0,United Kingdom
510675,46138B,BLUE CHENILLE SHAGGY CUSHION COVER ,3,2010-06-02 16:20:00,1.95,17841.0,United Kingdom
512432,22420,LIPSTICK PEN BABY PINK,12,2010-06-15 15:23:00,0.42,15625.0,United Kingdom
512950,22057,CERAMIC PLATE STRAWBERRY DESIGN,12,2010-06-21 09:26:00,1.49,17593.0,United Kingdom
509476,22360,GLASS JAR ENGLISH CONFECTIONERY,6,2010-05-24 11:21:00,2.55,17448.0,United Kingdom
511512,84997B,RED 3 PIECE MINI DOTS CUTLERY SET,2,2010-06-08 15:51:00,3.75,18145.0,United Kingdom
511092,22423,REGENCY CAKESTAND 3 TIER,6,2010-06-06 15:18:00,12.75,12836.0,United Kingdom
513387,21155,RED SPOTTY PEG BAG,1,2010-06-24 11:40:00,4.21,,United Kingdom
509407,22624,IVORY KITCHEN SCALES,1,2010-05-23 11:45:00,8.5,12974.0,United Kingdom
509574,21562,HAWAIIAN GRASS SKIRT ,6,2010-05-24 13:50:00,2.1,13206.0,United Kingdom
511300,46776C,WOVEN FROST CUSHION COVER,1,2010-06-07 15:31:00,4.95,16788.0,United Kingdom
511328,22502,PICNIC BASKET WICKER SMALL,4,2010-06-08 10:06:00,4.25,13178.0,United Kingdom
511026,21625,VINTAGE UNION JACK APRON,1,2010-06-06 10:25:00,6.95,14441.0,United Kingdom
513186,84970S,HANGING HEART ZINC T-LIGHT HOLDER,24,2010-06-22 13:28:00,0.85,16227.0,United Kingdom
513190,85131B,BEADED CRYSTAL HEART GREEN ON STICK,1,2010-06-22 14:21:00,1.25,16894.0,United Kingdom
511544,22568,FELTCRAFT CUSHION OWL,1,2010-06-08 17:48:00,7.62,,United Kingdom
513266,22645,CERAMIC HEART FAIRY CAKE MONEY BANK,8,2010-06-23 11:46:00,1.45,15002.0,United Kingdom
509759,22504,CABIN BAG VINTAGE RETROSPOT,2,2010-05-25 15:21:00,29.95,14930.0,Channel Islands
C510832,21527,RED RETROSPOT TRADITIONAL TEAPOT ,-2,2010-06-03 20:14:00,7.95,17581.0,United Kingdom
511635,22646,CERAMIC STRAWBERRY CAKE MONEY BANK,12,2010-06-09 13:00:00,1.45,13317.0,United Kingdom
509186,21933,PINK VINTAGE PAISLEY PICNIC BAG,5,2010-05-20 16:53:00,2.95,13659.0,United Kingdom
508646,71038,WHITE HANGING BEADS CANDLE HOLDER,4,2010-05-17 15:35:00,5.45,15023.0,United Kingdom
511972,21913,VINTAGE SEASIDE JIGSAW PUZZLES,1,2010-06-11 14:35:00,7.62,,United Kingdom
509207,21926,RED/CREAM STRIPE CUSHION COVER ,1,2010-05-21 09:40:00,5.91,,United Kingdom
513450,22372,AIRLINE BAG VINTAGE WORLD CHAMPION ,1,2010-06-24 15:03:00,0.0,,United Kingdom
511046,22275,WEEKEND BAG VINTAGE ROSE PAISLEY,2,2010-06-06 11:35:00,8.5,16335.0,United Kingdom
511515,21324,HANGING MEDINA LANTERN SMALL,2,2010-06-08 16:15:00,2.95,17962.0,United Kingdom
513308,21002,ROSE DU SUD DRAWSTRING BAG,2,2010-06-23 14:49:00,3.36,,United Kingdom
511284,85123A,WHITE HANGING HEART T-LIGHT HOLDER,4,2010-06-07 14:39:00,2.95,14467.0,United Kingdom
509610,47566,PARTY BUNTING,5,2010-05-25 08:44:00,4.65,16592.0,United Kingdom
513557,85232D,SET/3 DECOUPAGE STACKING TINS,3,2010-06-25 13:26:00,4.95,16497.0,United Kingdom
511864,21720,CAKE SHOP  STICKER SHEET,5,2010-06-11 10:23:00,0.85,15910.0,United Kingdom
511270,85099F,JUMBO BAG STRAWBERRY,1,2010-06-07 13:03:00,1.95,14159.0,United Kingdom
509935,22519,CHILDS GARDEN BRUSH PINK,1,2010-05-26 12:38:00,4.21,,United Kingdom
511322,22505,MEMO BOARD COTTAGE DESIGN,5,2010-06-07 17:15:00,4.95,13975.0,United Kingdom
510593,47566,PARTY BUNTING,6,2010-06-02 10:07:00,4.65,17377.0,United Kingdom
513555,22379,RECYCLING BAG RETROSPOT ,6,2010-06-25 13:17:00,2.1,13291.0,United Kingdom
510987,84016,FLAG OF ST GEORGE CAR FLAG,12,2010-06-04 12:50:00,0.42,13443.0,United Kingdom
511267,90203,SILVER CHARM NECKLACE 70CM,1,2010-06-07 12:59:00,7.5,13623.0,United Kingdom
512739,85099F,JUMBO BAG STRAWBERRY,20,2010-06-17 14:14:00,1.95,13037.0,United Kingdom
509158,22464,HANGING METAL HEART LANTERN,1,2010-05-20 13:28:00,1.65,14850.0,United Kingdom
512126,22386,JUMBO BAG PINK WITH WHITE SPOTS,2,2010-06-13 16:10:00,1.95,16558.0,United Kingdom
511452,22469,HEART OF WICKER SMALL,1,2010-06-08 12:44:00,3.36,,United Kingdom
509208,21612,SET 12 WILDFLOWER BOTANICAL T-LIGHT,2,2010-05-21 09:40:00,2.95,,United Kingdom
510519,22210,WOOD STAMP SET BEST WISHES,1,2010-06-01 13:49:00,3.36,,United Kingdom
512075,22421,LIPSTICK PEN FUSCHIA,12,2010-06-13 11:45:00,0.42,16945.0,United Kingdom
509431,22422,TOOTHPASTE TUBE PEN,12,2010-05-23 14:25:00,0.65,15394.0,United Kingdom
510351,22565,FELTCRAFT HAIRBANDS PINK AND WHITE ,4,2010-05-28 14:30:00,0.85,17238.0,United Kingdom
511481,22480,RED TEA TOWEL CLASSIC DESIGN,3,2010-06-08 14:00:00,1.25,15353.0,United Kingdom
509956,21833,CAMOUFLAGE LED TORCH,1,2010-05-26 12:49:00,1.69,14715.0,United Kingdom
510772,22068,BLACK PIRATE TREASURE CHEST,1,2010-06-03 14:02:00,3.36,,United Kingdom
510180,21282,NATURAL BARK CANDLE LARGE,1,2010-05-27 15:28:00,4.25,17238.0,United Kingdom
510806,21908,CHOCOLATE THIS WAY METAL SIGN,3,2010-06-03 19:05:00,2.1,17107.0,United Kingdom
512406,22543,MINI JIGSAW BAKE A CAKE ,24,2010-06-15 13:06:00,0.42,17020.0,United Kingdom
513050,85031B,BLOSSOM IMAGES SCRAP BOOK SET,1,2010-06-21 13:18:00,4.95,14493.0,United Kingdom
513426,22066,LOVE HEART TRINKET POT,2,2010-06-24 13:01:00,1.45,17142.0,United Kingdom
512282,84880,WHITE WIRE EGG HOLDER,6,2010-06-14 14:06:00,5.95,14911.0,EIRE
510870,90035B,,-2,2010-06-04 09:55:00,0.0,,United Kingdom
509599,37422,,-250,2010-05-24 15:44:00,0.0,,United Kingdom
511942,21891,TRADITIONAL WOODEN SKIPPING ROPE,12,2010-06-11 12:22:00,1.25,16499.0,United Kingdom
509953,22423,REGENCY CAKESTAND 3 TIER,2,2010-05-26 12:48:00,25.49,,United Kingdom
511058,85049F,BABY BOOM RIBBONS ,2,2010-06-06 12:26:00,1.25,18149.0,United Kingdom
509438,48129,DOOR MAT TOPIARY,2,2010-05-23 15:25:00,7.49,14920.0,United Kingdom
513308,47597,NEW ENGLAND TEATOWELS,2,2010-06-23 14:49:00,1.66,,United Kingdom
510416,47566,PARTY BUNTING,2,2010-05-30 11:21:00,4.65,13113.0,United Kingdom
513190,84509A,SET OF 4 ENGLISH ROSE PLACEMATS,2,2010-06-22 14:21:00,3.75,16894.0,United Kingdom
512102,22553,PLASTERS IN TIN SKULLS,1,2010-06-13 13:46:00,1.65,14224.0,United Kingdom
509422,84755,COLOUR GLASS T-LIGHT HOLDER HANGING,24,2010-05-23 13:03:00,0.65,14249.0,United Kingdom
510136,84806B,WHITE CANDYSTUFT ARTIFICIAL FLOWER,6,2010-05-27 12:17:00,1.45,15878.0,United Kingdom
512421,90214H,"LETTER ""H"" BLING KEY RING",4,2010-06-15 14:32:00,1.25,16779.0,United Kingdom
511285,22508,DOORSTOP RETROSPOT HEART,4,2010-06-07 14:46:00,3.75,15260.0,United Kingdom
510064,20679,EDWARDIAN PARASOL RED,1,2010-05-27 10:56:00,12.72,,United Kingdom
510544,22300,COFFEE MUG DOG + BALL DESIGN,6,2010-06-01 15:05:00,2.55,13869.0,United Kingdom
513372,21916,SET 12 RETRO WHITE CHALK STICKS,24,2010-06-24 11:35:00,0.42,14911.0,EIRE
512907,21498,RED SPOTS  WRAP ,50,2010-06-18 14:22:00,0.42,12932.0,United Kingdom
509051,22468,BABUSHKA LIGHTS STRING OF 10,4,2010-05-20 11:04:00,6.75,15854.0,United Kingdom
510412,21216,"SET 3 RED SPOT TIN TEA,COFFEE,SUGAR",24,2010-05-30 10:40:00,4.25,17920.0,United Kingdom
508732,22029,SPACEBOY BIRTHDAY CARD,12,2010-05-18 10:24:00,0.42,16147.0,United Kingdom
509648,22273,FELTCRAFT DOLL MOLLY,12,2010-05-25 11:46:00,2.95,16571.0,United Kingdom
509868,20738,GREEN MINI TAPE MEASURE ,50,2010-05-26 10:41:00,0.85,16013.0,United Kingdom
511935,85150,LADIES & GENTLEMEN METAL SIGN,12,2010-06-11 12:04:00,2.55,17146.0,United Kingdom
513231,15034,PAPER POCKET TRAVELING FAN ,120,2010-06-23 10:43:00,0.14,17596.0,United Kingdom
511132,84270,ASSTD DESIGN BUBBLE GUM RING,30,2010-06-07 11:23:00,0.21,17987.0,United Kingdom
509389,21275,ZINC TOP  2 DOOR WOODEN SHELF ,1,2010-05-21 17:19:00,16.95,13174.0,United Kingdom
512098,84972L,GIANT PINK HEART MEMO HOLDER,1,2010-06-13 13:30:00,3.95,17790.0,United Kingdom
508721,20886,BOX OF 9 PEBBLE CANDLES,1,2010-05-17 17:24:00,1.95,14606.0,United Kingdom
511038,84985A,SET OF 72 GREEN PAPER DOILIES,12,2010-06-06 11:11:00,1.45,14766.0,United Kingdom
509937,22621,TRADITIONAL KNITTING NANCY,12,2010-05-26 12:39:00,1.45,14186.0,United Kingdom
512262,21918,SET 12 KIDS COLOUR  CHALK STICKS,4,2010-06-14 13:18:00,0.42,16007.0,United Kingdom
510180,20675,BLUE SPOTTY BOWL,8,2010-05-27 15:28:00,1.25,17238.0,United Kingdom
511122,90173,PAIR BUTTERFLY HAIR CLIPS,1,2010-06-07 10:54:00,3.81,,United Kingdom
510777,22645,CERAMIC HEART FAIRY CAKE MONEY BANK,4,2010-06-03 14:57:00,1.45,13031.0,United Kingdom
509156,82482,WOODEN PICTURE FRAME WHITE FINISH,4,2010-05-20 13:28:00,2.55,15025.0,United Kingdom
509535,22072,RED RETROSPOT TEA CUP AND SAUCER ,4,2010-05-24 12:07:00,3.75,13615.0,United Kingdom
513568,21975,PACK OF 60 DINOSAUR CAKE CASES,48,2010-06-25 14:23:00,0.55,12921.0,United Kingdom
510983,21688,SILVER PLATE CANDLE BOWL SMALL,1,2010-06-04 12:23:00,5.91,,United Kingdom
511641,21231,SWEETHEART CERAMIC TRINKET BOX,4,2010-06-09 13:24:00,1.25,,United Kingdom
513335,22613,PACK OF 20 SPACEBOY NAPKINS,12,2010-06-24 09:49:00,0.85,17686.0,United Kingdom
508733,85123A,WHITE HANGING HEART T-LIGHT HOLDER,6,2010-05-18 10:34:00,2.95,15622.0,United Kingdom
511106,22483,RED GINGHAM TEDDY BEAR ,6,2010-06-07 09:43:00,2.95,17071.0,United Kingdom
510902,90171,,-51,2010-06-04 10:10:00,0.0,,United Kingdom
509030,22559,SEASIDE FLYING DISC,4,2010-05-19 15:47:00,1.25,13764.0,United Kingdom
509873,21239,PINK  SPOTTY CUP,96,2010-05-26 11:12:00,0.72,17511.0,United Kingdom
509143,22635,CHILDS BREAKFAST SET DOLLY GIRL ,8,2010-05-20 12:44:00,8.5,16985.0,United Kingdom
509621,21715,GIRLS VINTAGE TIN SEASIDE BUCKET,8,2010-05-25 09:51:00,2.55,15321.0,United Kingdom
513338,20726,LUNCH BAG WOODLAND,20,2010-06-24 09:58:00,1.65,13093.0,United Kingdom
509389,22212,FOUR HOOK  WHITE LOVEBIRDS,2,2010-05-21 17:19:00,2.1,13174.0,United Kingdom
513494,22424,ENAMEL BREAD BIN CREAM,1,2010-06-25 10:10:00,12.75,16992.0,United Kingdom
510488,84797A,PINK HAWAIIAN PICNIC HAMPER FOR 4,12,2010-06-01 12:00:00,4.95,18226.0,United Kingdom
C512314,79191C,RETRO PLASTIC ELEPHANT TRAY,-12,2010-06-15 09:07:00,0.85,17691.0,United Kingdom
510069,16161P,WRAP ENGLISH ROSE ,25,2010-05-27 11:09:00,0.42,16735.0,United Kingdom
511866,21411,GINGHAM HEART  DOORSTOP RED,1,2010-06-11 10:28:00,4.25,12835.0,United Kingdom
512889,22470,HEART OF WICKER LARGE,1,2010-06-18 12:04:00,2.95,16797.0,United Kingdom
513199,22245,"HOOK, 1 HANGER ,MAGIC GARDEN",2,2010-06-22 16:21:00,1.66,,United Kingdom
509916,21989,PACK OF 20 SKULL PAPER NAPKINS,3,2010-05-26 11:46:00,0.85,14606.0,United Kingdom
508854,22078,RIBBON REEL LACE DESIGN ,1,2010-05-18 15:13:00,3.96,,United Kingdom
508998,85099B,JUMBO BAG RED RETROSPOT,3,2010-05-19 13:07:00,1.95,14598.0,United Kingdom
513099,21306,SET/4 DAISY MIRROR MAGNETS,1,2010-06-21 15:13:00,3.36,,United Kingdom
510639,21668,RED STRIPE CERAMIC DRAWER KNOB,6,2010-06-02 12:07:00,1.25,17241.0,United Kingdom
510169,22495,SET OF 2 ROUND TINS CAMEMBERT ,1,2010-05-27 14:27:00,2.95,15768.0,United Kingdom
512683,85066,CREAM SWEETHEART MINI CHEST,2,2010-06-17 11:40:00,12.75,13921.0,United Kingdom
511122,85099C,JUMBO  BAG BAROQUE BLACK WHITE,3,2010-06-07 10:54:00,4.21,,United Kingdom
508824,84688,BEACH HUT DESIGN BLACKBOARD,24,2010-05-18 13:28:00,1.65,13162.0,United Kingdom
513096,85099F,JUMBO BAG STRAWBERRY,4,2010-06-21 14:49:00,1.95,15747.0,United Kingdom
509392,37503,TEA TIME CAKE STAND IN GIFT BOX,3,2010-05-23 10:46:00,10.75,16889.0,United Kingdom
509980,22646,CERAMIC STRAWBERRY CAKE MONEY BANK,12,2010-05-26 14:07:00,1.45,12378.0,Switzerland
512416,22383,LUNCH BAG SUKI  DESIGN ,50,2010-06-15 13:50:00,1.65,17139.0,United Kingdom
509291,44091C,,-6,2010-05-21 11:53:00,0.0,,United Kingdom
512539,21239,PINK  SPOTTY CUP,2,2010-06-16 12:48:00,0.85,13567.0,United Kingdom
509745,21034,REX CASH+CARRY JUMBO SHOPPER,1,2010-05-25 13:32:00,0.95,17920.0,United Kingdom
511763,84839,SWEETHEART KEY CABINET,2,2010-06-10 11:44:00,6.75,13065.0,United Kingdom
511522,21622,VINTAGE UNION JACK CUSHION COVER,1,2010-06-08 16:47:00,4.95,16072.0,United Kingdom
509668,21747,SMALL SKULL WINDMILL,4,2010-05-25 12:03:00,1.25,14049.0,United Kingdom
508629,21955,DOOR MAT UNION JACK GUNS AND ROSES,2,2010-05-17 14:21:00,7.49,13857.0,United Kingdom
509873,22197,SMALL POPCORN HOLDER,100,2010-05-26 11:12:00,0.72,17511.0,United Kingdom
511681,84580,MOUSE TOY WITH PINK T-SHIRT,4,2010-06-09 15:16:00,3.75,16225.0,United Kingdom
511610,21559,STRAWBERRY LUNCH BOX WITH CUTLERY,6,2010-06-09 11:23:00,2.55,14260.0,United Kingdom
511435,21067,VINTAGE RED TEATIME MUG,612,2010-06-08 11:51:00,0.8,18102.0,United Kingdom
516954,85124B,BLUE JUICY FRUIT PHOTO FRAME,2,2010-07-25 15:40:00,2.55,13137.0,United Kingdom
514461,20867,PINK ROSE FABRIC MIRROR,1,2010-07-02 12:41:00,1.25,17841.0,United Kingdom
513574,47593B,SCOTTIES DESIGN BABY BIB,2,2010-06-25 15:13:00,0.85,,United Kingdom
514716,22444,GROW YOUR OWN PLANT IN A CAN ,24,2010-07-05 16:07:00,1.25,15253.0,United Kingdom
517553,22469,HEART OF WICKER SMALL,2,2010-07-29 18:53:00,1.65,16032.0,United Kingdom
517931,22353,LUNCH BOX WITH CUTLERY FAIRY CAKES ,11,2010-08-03 10:42:00,2.55,16161.0,United Kingdom
514529,21721,CANDY SHOP  STICKER SHEET,12,2010-07-05 09:58:00,0.85,12681.0,France
518570,20963,APPLE BATH SPONGE,1,2010-08-10 11:49:00,2.51,,United Kingdom
513939,22295,HEART FILIGREE DOVE LARGE,24,2010-06-29 12:50:00,1.65,13562.0,United Kingdom
517328,21080,SET/20 RED SPOTTY PAPER NAPKINS ,24,2010-07-28 12:46:00,0.85,13408.0,United Kingdom
517967,47589,CONGRATULATIONS BUNTING,1,2010-08-03 13:03:00,5.45,18048.0,United Kingdom
517482,85059,FRENCH ENAMEL WATER BASIN,4,2010-07-29 12:28:00,3.75,17651.0,United Kingdom
514108,21877,HOME SWEET HOME MUG,18,2010-06-30 12:47:00,1.25,13756.0,United Kingdom
513630,22622,BOX OF VINTAGE ALPHABET BLOCKS,2,2010-06-27 13:25:00,9.95,17372.0,United Kingdom
515345,21034,REX CASH+CARRY JUMBO SHOPPER,1,2010-07-12 10:23:00,0.95,14672.0,United Kingdom
516588,21733,RED HANGING HEART T-LIGHT HOLDER,6,2010-07-21 13:38:00,2.95,17663.0,United Kingdom
515012,22030,SWALLOWS GREETING CARD,12,2010-07-07 16:14:00,0.42,15581.0,United Kingdom
517017,47591D,PINK FAIRY CAKE CHILDRENS APRON,8,2010-07-26 11:34:00,1.95,13004.0,United Kingdom
514724,22522,CHILDS GARDEN FORK BLUE ,12,2010-07-06 08:46:00,0.85,16503.0,United Kingdom
514679,21535,RED RETROSPOT SMALL MILK JUG,12,2010-07-05 13:46:00,2.55,16705.0,United Kingdom
514105,84949,SILVER HANGING T-LIGHT HOLDER,6,2010-06-30 12:35:00,1.65,16814.0,United Kingdom
515115,85214,TUB 24 PINK FLOWER PEGS,1,2010-07-08 13:07:00,1.65,16383.0,United Kingdom
513614,21844,RED RETROSPOT MUG,12,2010-06-27 12:19:00,2.95,17618.0,United Kingdom
515012,22300,COFFEE MUG DOG + BALL DESIGN,6,2010-07-07 16:14:00,2.55,15581.0,United Kingdom
514835,21673,WHITE SPOT BLUE CERAMIC DRAWER KNOB,2,2010-07-06 14:25:00,2.51,,United Kingdom
516267,22063,CERAMIC BOWL WITH STRAWBERRY DESIGN,1,2010-07-19 12:17:00,5.91,,United Kingdom
517860,22138,BAKING SET 9 PIECE RETROSPOT ,9,2010-08-02 14:03:00,4.95,12857.0,United Kingdom
516705,22457,NATURAL SLATE HEART CHALKBOARD ,1,2010-07-22 12:13:00,5.91,,United Kingdom
517348,21164,HOME SWEET HOME METAL SIGN ,6,2010-07-28 14:26:00,2.95,18207.0,United Kingdom
516931,35981C,WHITE SNOW SCANDINAVIAN STOCKING ,5,2010-07-25 12:53:00,0.38,15426.0,United Kingdom
517270,48184,DOORMAT ENGLISH ROSE ,10,2010-07-28 09:28:00,6.35,12731.0,France
516040,20750,RED/WHITE DOT MINI CASES,2,2010-07-16 10:54:00,7.95,15615.0,United Kingdom
514022,21972,SET OF 36 DINOSAUR PAPER DOILIES,12,2010-06-30 11:06:00,1.45,15039.0,United Kingdom
513902,22644,CERAMIC CHERRY CAKE MONEY BANK,12,2010-06-29 12:07:00,1.45,17342.0,United Kingdom
C517458,22644,CERAMIC CHERRY CAKE MONEY BANK,-1,2010-07-29 11:30:00,1.45,17188.0,United Kingdom
515690,22501,PICNIC BASKET WICKER LARGE,2,2010-07-14 12:07:00,9.95,,EIRE
518579,84946,ANTIQUE SILVER TEA GLASS ETCHED,9,2010-08-10 12:08:00,2.51,,United Kingdom
517865,47559B,TEA TIME OVEN GLOVE,2,2010-08-02 14:24:00,1.25,16655.0,United Kingdom
518386,84580,MOUSE TOY WITH PINK T-SHIRT,2,2010-08-08 12:11:00,3.75,14161.0,United Kingdom
C514539,22649,STRAWBERRY FAIRY CAKE TEAPOT,-1,2010-07-05 10:41:00,4.95,18217.0,United Kingdom
517755,22569,FELTCRAFT CUSHION BUTTERFLY,4,2010-08-02 10:29:00,3.75,13647.0,United Kingdom
515795,84991,60 TEATIME FAIRY CAKE CASES,72,2010-07-14 16:04:00,0.55,14844.0,United Kingdom
514461,22090,PAPER BUNTING RETRO SPOTS,4,2010-07-02 12:41:00,2.95,17841.0,United Kingdom
517454,21509,COWBOYS AND INDIANS BIRTHDAY CARD ,1,2010-07-29 11:22:00,0.85,,United Kingdom
516710,85099B,JUMBO BAG RED RETROSPOT,10,2010-07-22 12:16:00,1.95,13269.0,United Kingdom
517743,20931,BLUE POT PLANT CANDLE ,1,2010-08-01 15:51:00,3.75,17984.0,United Kingdom
514973,21747,SMALL SKULL WINDMILL,12,2010-07-07 12:43:00,1.25,17213.0,United Kingdom
516263,22653,BUTTON BOX ,2,2010-07-19 11:59:00,1.95,17841.0,United Kingdom
C516459,21755,LOVE BUILDING BLOCK WORD,-6,2010-07-20 13:48:00,5.95,14492.0,United Kingdom
515287,17129F,DEEP BLUE GLASS GEMS IN BAG,4,2010-07-09 14:58:00,1.66,,United Kingdom
516131,22595,CHRISTMAS GINGHAM HEART,144,2010-07-16 15:26:00,0.72,12709.0,Germany
517712,22386,JUMBO BAG PINK WITH WHITE SPOTS,10,2010-08-01 11:17:00,1.95,13564.0,United Kingdom
513857,84879,ASSORTED COLOUR BIRD ORNAMENT,160,2010-06-29 11:29:00,1.45,13089.0,United Kingdom
517629,20719,WOODLAND CHARLOTTE BAG,10,2010-07-30 12:21:00,0.85,14291.0,United Kingdom
515013,21977,PACK OF 60 PINK PAISLEY CAKE CASES,1,2010-07-07 16:29:00,1.28,,United Kingdom
518533,22469,HEART OF WICKER SMALL,2,2010-08-09 16:22:00,1.65,14527.0,United Kingdom
516634,22386,JUMBO BAG PINK WITH WHITE SPOTS,10,2010-07-22 10:48:00,1.95,16168.0,United Kingdom
518220,85135A,YELLOW DRAGONFLY HELICOPTER,1,2010-08-05 13:31:00,7.95,14049.0,United Kingdom
517986,84760S,SMALL HANGING GLASS+ZINC LANTERN,3,2010-08-03 15:17:00,2.98,,United Kingdom
515261,21669,BLUE STRIPE CERAMIC DRAWER KNOB,6,2010-07-09 12:23:00,1.25,16814.0,United Kingdom
513965,22503,CABIN BAG VINTAGE PAISLEY,6,2010-06-29 15:28:00,24.95,12380.0,Belgium
513608,84924D,LA PALMIERA METAL SIGN CALENDAR,2,2010-06-27 12:01:00,3.75,15547.0,United Kingdom
515909,79328,BLUE FLOCK GLASS CANDLEHOLDER,48,2010-07-15 13:16:00,0.38,14156.0,EIRE
C517064,21868,POTTING SHED TEA MUG,-48,2010-07-26 13:40:00,1.25,16555.0,United Kingdom
517342,79164,BLACK WINE GLASS,4,2010-07-28 14:07:00,1.65,12748.0,United Kingdom
515590,22139,RETRO SPOT TEA SET CERAMIC 11 PC ,1,2010-07-13 13:17:00,4.95,16469.0,United Kingdom
515013,21982,PACK OF 12 SUKI TISSUES ,1,2010-07-07 16:29:00,0.81,,United Kingdom
515827,22112,CHOCOLATE HOT WATER BOTTLE,3,2010-07-15 10:20:00,4.95,16054.0,United Kingdom
517931,22595,CHRISTMAS GINGHAM HEART,1,2010-08-03 10:42:00,0.85,16161.0,United Kingdom
518270,21745,GAOLERS KEYS DECORATIVE GARDEN ,2,2010-08-05 20:03:00,3.75,16549.0,United Kingdom
514661,21470,FLOWER VINE RAFFIA FOOD COVER,1,2010-07-05 12:50:00,3.75,14701.0,United Kingdom
515353,21931,JUMBO STORAGE BAG SUKI,1,2010-07-12 10:54:00,4.21,,United Kingdom
518431,82580,BATHROOM METAL SIGN,12,2010-08-09 11:00:00,0.55,13823.0,United Kingdom
516292,22605,WOODEN CROQUET GARDEN SET,2,2010-07-19 12:56:00,12.75,13425.0,United Kingdom
518061,84843,WHITE SOAP RACK WITH 2 BOTTLES,1,2010-08-04 12:19:00,5.95,15311.0,United Kingdom
518381,21504,SKULLS GREETING CARD,12,2010-08-08 10:57:00,0.42,15580.0,United Kingdom
516885,22556,PLASTERS IN TIN CIRCUS PARADE ,12,2010-07-23 14:16:00,1.65,12615.0,France
513762,20665,RED SPOTTY PURSE ,6,2010-06-28 12:58:00,2.95,12451.0,Switzerland
515313,21232,STRAWBERRY CERAMIC TRINKET BOX,2,2010-07-11 10:28:00,1.25,15164.0,United Kingdom
514338,22341,LOVE GARLAND PAINTED ZINC ,1,2010-07-01 14:43:00,3.36,,United Kingdom
515012,22445,PENCIL CASE LIFE IS BEAUTIFUL,1,2010-07-07 16:14:00,2.95,15581.0,United Kingdom
514850,37503,TEA TIME CAKE STAND IN GIFT BOX,2,2010-07-06 16:14:00,10.75,17145.0,United Kingdom
516732,22309,TEA COSY RED  STRIPE,24,2010-07-22 13:40:00,2.55,16555.0,United Kingdom
516720,82599,FANNY'S REST STOPMETAL SIGN,1,2010-07-22 12:28:00,4.21,,United Kingdom
517237,21137,BLACK RECORD COVER FRAME,4,2010-07-27 14:02:00,3.75,15062.0,United Kingdom
517911,37495,FAIRY CAKE BIRTHDAY CANDLE SET,12,2010-08-03 10:33:00,3.75,17540.0,United Kingdom
517317,21539,RED RETROSPOT BUTTER DISH,3,2010-07-28 11:46:00,4.95,15596.0,United Kingdom
518411,85123A,WHITE HANGING HEART T-LIGHT HOLDER,1,2010-08-08 14:51:00,2.95,14575.0,United Kingdom
C516576,20828,GLITTER BUTTERFLY CLIPS,-1,2010-07-21 13:14:00,2.55,14621.0,United Kingdom
514036,22457,NATURAL SLATE HEART CHALKBOARD ,6,2010-06-30 11:38:00,2.95,15615.0,United Kingdom
514097,22352,LUNCH BOX WITH CUTLERY RETROSPOT ,1,2010-06-30 12:27:00,5.06,,United Kingdom
518406,20767,BLUE PAISLEY JOURNAL ,2,2010-08-08 14:26:00,2.55,17802.0,United Kingdom
513655,22430,ENAMEL WATERING CAN CREAM,1,2010-06-28 10:02:00,10.17,,United Kingdom
516349,22469,HEART OF WICKER SMALL,12,2010-07-20 10:23:00,1.65,13995.0,United Kingdom
515185,22439,6 ROCKET BALLOONS ,24,2010-07-09 09:08:00,0.65,15141.0,United Kingdom
513907,20966,SANDWICH BATH SPONGE,1,2010-06-29 12:08:00,2.51,,United Kingdom
517351,22329,ROUND CONTAINER SET OF 5 RETROSPOT,6,2010-07-28 14:43:00,1.65,12484.0,Spain
516146,22219,LOVEBIRD HANGING DECORATION WHITE ,1,2010-07-16 17:58:00,1.66,,United Kingdom
515096,22296,HEART IVORY TRELLIS LARGE,12,2010-07-08 11:44:00,1.65,16539.0,United Kingdom
516610,22236,CAKE STAND 3 TIER MAGIC GARDEN,1,2010-07-21 14:41:00,12.75,13615.0,United Kingdom
514511,20686,DOLLY MIXTURE CHILDREN'S UMBRELLA,1,2010-07-04 13:31:00,3.25,16032.0,United Kingdom
516183,22644,CERAMIC CHERRY CAKE MONEY BANK,12,2010-07-18 15:39:00,1.45,15306.0,United Kingdom
516548,21976,PACK OF 60 MUSHROOM CAKE CASES,1,2010-07-21 12:11:00,1.28,,United Kingdom
517275,21561,DINOSAUR LUNCH BOX WITH CUTLERY,6,2010-07-28 10:21:00,2.55,15228.0,United Kingdom
517547,22424,ENAMEL BREAD BIN CREAM,2,2010-07-29 17:22:00,12.75,14235.0,United Kingdom
517132,16161P,WRAP ENGLISH ROSE ,25,2010-07-27 10:21:00,0.42,13115.0,United Kingdom
516454,21080,SET/20 RED SPOTTY PAPER NAPKINS ,12,2010-07-20 13:34:00,0.85,14292.0,United Kingdom
515319,21922,UNION STRIPE WITH FRINGE  HAMMOCK,2,2010-07-11 12:00:00,7.95,17085.0,United Kingdom
516433,84559D,3D SHEET OF SEA WORLD STICKERS,1,2010-07-20 11:57:00,0.85,12748.0,United Kingdom
514293,84817,DANISH ROSE DECORATIVE PLATE,2,2010-07-01 12:13:00,2.1,18109.0,United Kingdom
516109,21135,VICTORIAN  METAL POSTCARD SPRING,16,2010-07-16 12:59:00,1.69,16774.0,United Kingdom
516927,22087,PAPER BUNTING WHITE LACE,6,2010-07-25 12:19:00,2.95,12841.0,United Kingdom
517133,84987,SET OF 36 TEATIME PAPER DOILIES,3,2010-07-27 10:26:00,1.45,15039.0,United Kingdom
517340,22551,PLASTERS IN TIN SPACEBOY,6,2010-07-28 14:02:00,1.65,16255.0,United Kingdom
518333,82494L,WOODEN FRAME ANTIQUE WHITE ,24,2010-08-06 12:41:00,2.55,15808.0,United Kingdom
518274,20622,VIPPASSPORT COVER ,1,2010-08-06 09:41:00,2.1,,United Kingdom
514480,84755,COLOUR GLASS T-LIGHT HOLDER HANGING,56,2010-07-02 14:15:00,0.65,16409.0,United Kingdom
517509,22147,FELTCRAFT BUTTERFLY HEARTS,40,2010-07-29 13:13:00,1.25,12917.0,United Kingdom
516119,21843,RED RETROSPOT CAKE STAND,1,2010-07-16 14:41:00,10.95,14156.0,EIRE
518016,21918,SET 12 KIDS COLOUR  CHALK STICKS,24,2010-08-04 10:57:00,0.42,15615.0,United Kingdom
516873,22306,SILVER MUG BONE CHINA TREE OF LIFE,6,2010-07-23 13:02:00,1.95,13113.0,United Kingdom
514220,84849D,HOT BATHS SOAP HOLDER,12,2010-07-01 09:36:00,1.69,17146.0,United Kingdom
516956,21671,RED SPOT CERAMIC DRAWER KNOB,3,2010-07-25 15:44:00,1.25,13148.0,United Kingdom
C516614,S,SAMPLES,-1,2010-07-21 14:49:00,49.98,,United Kingdom
515320,85226A,WHITE/BLUE PULL BACK RACING CAR,10,2010-07-11 12:06:00,0.55,15965.0,United Kingdom
515795,21174,POTTERING IN THE SHED METAL SIGN,12,2010-07-14 16:04:00,1.95,14844.0,United Kingdom
514841,22276,WASH BAG VINTAGE ROSE PAISLEY,6,2010-07-06 15:05:00,2.55,12749.0,United Kingdom
517967,20977,36 PENCILS TUBE WOODLAND,5,2010-08-03 13:03:00,1.25,18048.0,United Kingdom
517265,22150,3 STRIPEY MICE FELTCRAFT,6,2010-07-28 08:15:00,1.95,16170.0,United Kingdom
514461,21937,STRAWBERRY   PICNIC BAG,1,2010-07-02 12:41:00,2.95,17841.0,United Kingdom
514835,22437,SET OF 9 BLACK SKULL BALLOONS,6,2010-07-06 14:25:00,0.85,,United Kingdom
514164,21467,CHERRY CROCHET FOOD COVER,6,2010-06-30 15:35:00,3.75,13872.0,United Kingdom
515027,22331,WOODLAND PARTY BAG + STICKER SET,8,2010-07-08 10:24:00,1.65,17519.0,United Kingdom
518115,21933,PINK VINTAGE PAISLEY PICNIC BAG,2,2010-08-04 14:41:00,2.95,12748.0,United Kingdom
516761,20971,PINK BLUE FELT CRAFT TRINKET BOX,24,2010-07-22 16:54:00,1.06,13777.0,United Kingdom
513764,47566,PARTY BUNTING,5,2010-06-28 13:12:00,8.47,,United Kingdom
517403,21186,WHITE DOVE HONEYCOMB PAPER GARLAND,1,2010-07-29 10:46:00,1.65,14606.0,United Kingdom
516610,21212,PACK OF 72 RETRO SPOT CAKE CASES,24,2010-07-21 14:41:00,0.55,13615.0,United Kingdom
518400,20966,SANDWICH BATH SPONGE,40,2010-08-08 12:57:00,1.25,17050.0,United Kingdom
517859,22375,AIRLINE BAG VINTAGE JET SET BROWN,2,2010-08-02 14:02:00,6.35,13357.0,United Kingdom
517259,84744,S/6 SEW ON CROCHET FLOWERS,6,2010-07-27 16:56:00,1.25,13435.0,United Kingdom
514117,21210,SET OF 72 RETRO SPOT PAPER  DOILIES,12,2010-06-30 12:53:00,1.45,16592.0,United Kingdom
514023,22488,NATURAL SLATE RECTANGLE CHALKBOARD,4,2010-06-30 11:08:00,1.65,14530.0,United Kingdom
513915,21579,LOLITA  DESIGN  COTTON TOTE BAG,1,2010-06-29 12:10:00,2.25,17884.0,United Kingdom
514728,21206,STRAWBERRY HONEYCOMB  GARLAND ,5,2010-07-06 09:51:00,3.36,,United Kingdom
515768,20659,ECONOMY LUGGAGE TAG,1,2010-07-14 14:30:00,1.25,18096.0,United Kingdom
517740,22499,WOODEN UNION JACK BUNTING,1,2010-08-01 15:20:00,5.95,12862.0,United Kingdom
514116,21078,SET/20 STRAWBERRY PAPER NAPKINS ,12,2010-06-30 12:52:00,0.85,16592.0,United Kingdom
513858,22139,RETRO SPOT TEA SET CERAMIC 11 PC ,3,2010-06-29 11:30:00,4.95,13299.0,United Kingdom
517094,22358,KINGS CHOICE TEA CADDY ,1,2010-07-26 14:36:00,5.91,,United Kingdom
517636,21411,GINGHAM HEART  DOORSTOP RED,1,2010-07-30 12:47:00,8.47,,United Kingdom
517542,21558,SKULL LUNCH BOX WITH CUTLERY ,1,2010-07-29 16:35:00,2.55,15021.0,United Kingdom
514114,21375,LARGE CAMPHOR WOOD FIELD MUSHROOM ,1,2010-06-30 12:49:00,5.45,14555.0,United Kingdom
517316,85049B,LUSH GREENS RIBBONS,2,2010-07-28 11:40:00,1.25,17377.0,United Kingdom
517960,48138,DOORMAT UNION FLAG,2,2010-08-03 12:32:00,7.49,14841.0,United Kingdom
518428,21731,RED TOADSTOOL LED NIGHT LIGHT,12,2010-08-09 10:33:00,1.65,12458.0,Switzerland
514989,22050,PINK PAISLEY ROSE GIFT WRAP,25,2010-07-07 14:07:00,0.42,17706.0,United Kingdom
516696,20675,BLUE SPOTTY BOWL,12,2010-07-22 11:53:00,1.25,13564.0,United Kingdom
514367,21724,PANDA AND BUNNIES STICKER SHEET,6,2010-07-01 19:16:00,0.85,15015.0,United Kingdom
514097,48173C,DOORMAT BLACK FLOCK ,1,2010-06-30 12:27:00,14.43,,United Kingdom
518227,21123,SET/10 IVORY SPOTTY PARTY CANDLES,1,2010-08-05 14:57:00,1.25,15271.0,United Kingdom
515013,84913A,SOFT PINK ROSE TOWEL ,1,2010-07-07 16:29:00,3.36,,United Kingdom
518144,85152,HAND OVER THE CHOCOLATE   SIGN ,1,2010-08-04 16:11:00,4.21,,United Kingdom
516267,21319,GLASS CHALICE GREEN  SMALL ,1,2010-07-19 12:17:00,3.36,,United Kingdom
514097,82613B,"METAL SIGN,CUPCAKE SINGLE HOOK",1,2010-06-30 12:27:00,2.51,,United Kingdom
514316,21531,RED RETROSPOT SUGAR JAM BOWL,6,2010-07-01 13:37:00,2.55,16654.0,United Kingdom
516887,85099B,JUMBO BAG RED RETROSPOT,30,2010-07-23 14:27:00,1.95,15808.0,United Kingdom
514097,47593B,SCOTTIES DESIGN BABY BIB,1,2010-06-30 12:27:00,0.85,,United Kingdom
515771,21737,SET 3 WICKER LOG BASKETS,1,2010-07-14 14:42:00,19.95,13610.0,United Kingdom
513764,84692,BOX OF 24 COCKTAIL PARASOLS,1,2010-06-28 13:12:00,0.81,,United Kingdom
517909,21212,PACK OF 72 RETRO SPOT CAKE CASES,24,2010-08-03 10:26:00,0.55,18260.0,United Kingdom
514087,22029,SPACEBOY BIRTHDAY CARD,288,2010-06-30 12:04:00,0.36,16684.0,United Kingdom
515016,20982,12 PENCILS TALL TUBE SKULLS,1,2010-07-07 17:26:00,0.85,13677.0,United Kingdom
516610,22617,BAKING SET SPACEBOY DESIGN,3,2010-07-21 14:41:00,4.95,13615.0,United Kingdom
517552,22411,JUMBO SHOPPER VINTAGE RED PAISLEY,3,2010-07-29 18:49:00,1.95,13969.0,United Kingdom
513579,22259,FELT FARM ANIMAL HEN,4,2010-06-25 16:22:00,1.25,,United Kingdom
515254,37448,CERAMIC CAKE DESIGN SPOTTED MUG,1,2010-07-09 11:44:00,3.36,,United Kingdom
516748,20677,PINK SPOTTY BOWL,2,2010-07-22 15:06:00,2.51,,United Kingdom
514923,DOT,DOTCOM POSTAGE,1,2010-07-07 11:19:00,67.66,,United Kingdom
515770,18098C,PORCELAIN BUTTERFLY OIL BURNER,12,2010-07-14 14:35:00,2.95,16103.0,United Kingdom
515801,22429,ENAMEL MEASURING JUG CREAM,1,2010-07-14 16:20:00,4.25,17965.0,United Kingdom
515254,21375,LARGE CAMPHOR WOOD FIELD MUSHROOM ,1,2010-07-09 11:44:00,11.02,,United Kingdom
514360,84970S,HANGING HEART ZINC T-LIGHT HOLDER,12,2010-07-01 17:48:00,0.85,13004.0,United Kingdom
515109,84987,SET OF 36 TEATIME PAPER DOILIES,1,2010-07-08 12:24:00,1.45,16918.0,United Kingdom
513764,22055,MINI CAKE STAND  HANGING STRAWBERY,1,2010-06-28 13:12:00,3.36,,United Kingdom
515329,84997D,PINK 3 PIECE MINI DOTS CUTLERY SET,4,2010-07-11 13:34:00,3.75,17802.0,United Kingdom
518616,22480,RED TEA TOWEL CLASSIC DESIGN,3,2010-08-10 12:40:00,1.25,15039.0,United Kingdom
515287,46126A,ELVIS WALLHANGING / CURTAIN,2,2010-07-09 14:58:00,2.51,,United Kingdom
515795,21162,TOXIC AREA  DOOR HANGER ,12,2010-07-14 16:04:00,1.45,14844.0,United Kingdom
518231,22353,LUNCH BOX WITH CUTLERY FAIRY CAKES ,6,2010-08-05 15:28:00,2.55,12471.0,Germany
515947,84879,ASSORTED COLOUR BIRD ORNAMENT,16,2010-07-15 15:48:00,1.69,18226.0,United Kingdom
518156,22595,CHRISTMAS GINGHAM HEART,12,2010-08-05 09:30:00,0.85,13155.0,United Kingdom
517636,79321,CHILLI LIGHTS,1,2010-07-30 12:47:00,10.17,,United Kingdom
514468,22343,PARTY PIZZA DISH RED RETROSPOT,6,2010-07-02 12:59:00,0.85,16401.0,United Kingdom
517976,20684,STRAWBERRY DREAM CHILDS UMBRELLA,2,2010-08-03 14:18:00,3.25,14871.0,United Kingdom
517399,22437,SET OF 9 BLACK SKULL BALLOONS,20,2010-07-29 10:15:00,0.85,16153.0,United Kingdom
516197,62096A,PINK/YELLOW FLOWERS HANDBAG,1,2010-07-19 10:31:00,3.36,,United Kingdom
518220,21558,SKULL LUNCH BOX WITH CUTLERY ,12,2010-08-05 13:31:00,2.55,14049.0,United Kingdom
515629,22352,LUNCH BOX WITH CUTLERY RETROSPOT ,4,2010-07-14 10:23:00,2.55,16550.0,United Kingdom
517732,22626,BLACK KITCHEN SCALES,1,2010-08-01 13:48:00,8.5,17618.0,United Kingdom
515809,85047,WHITE BEADED GARLAND STRING 20LIGHT,1,2010-07-14 17:13:00,12.72,,United Kingdom
516112,15036,ASSORTED COLOURS SILK FAN,12,2010-07-16 13:53:00,0.75,13958.0,United Kingdom
517076,22508,DOORSTOP RETROSPOT HEART,1,2010-07-26 14:05:00,7.62,,United Kingdom
518451,21977,PACK OF 60 PINK PAISLEY CAKE CASES,24,2010-08-09 11:27:00,0.55,16180.0,United Kingdom
517467,21558,SKULL LUNCH BOX WITH CUTLERY ,6,2010-07-29 11:47:00,2.55,18075.0,United Kingdom
516843,22549,PICTURE DOMINOES,2,2010-07-23 11:32:00,1.45,15867.0,United Kingdom
514302,22379,RECYCLING BAG RETROSPOT ,3,2010-07-01 12:43:00,2.1,14527.0,United Kingdom
C518265,21843,RED RETROSPOT CAKE STAND,-1,2010-08-05 19:02:00,10.95,14211.0,United Kingdom
517986,22055,MINI CAKE STAND  HANGING STRAWBERY,2,2010-08-03 15:17:00,3.36,,United Kingdom
516224,22090,PAPER BUNTING RETRO SPOTS,40,2010-07-19 11:23:00,2.55,15039.0,United Kingdom
518016,21931,JUMBO STORAGE BAG SUKI,20,2010-08-04 10:57:00,1.95,15615.0,United Kingdom
518570,22090,PAPER BUNTING RETRO SPOTS,1,2010-08-10 11:49:00,5.91,,United Kingdom
515350,21754,HOME BUILDING BLOCK WORD,3,2010-07-12 10:46:00,5.95,13895.0,United Kingdom
517969,21090,SET/6 COLLAGE PAPER PLATES,10,2010-08-03 13:07:00,0.85,13984.0,United Kingdom
517300,84839,SWEETHEART KEY CABINET,2,2010-07-28 10:47:00,6.75,17419.0,United Kingdom
517981,22087,PAPER BUNTING WHITE LACE,2,2010-08-03 14:52:00,5.91,,United Kingdom
513907,22323,PINK POLKADOT KIDS BAG,1,2010-06-29 12:08:00,4.21,,United Kingdom
516779,21744,SNOWFLAKE PORTABLE TABLE LIGHT ,12,2010-07-22 20:09:00,2.95,17021.0,United Kingdom
516267,22631,CIRCUS PARADE LUNCH BOX ,1,2010-07-19 12:17:00,4.21,,United Kingdom
515996,21922,UNION STRIPE WITH FRINGE  HAMMOCK,4,2010-07-16 08:31:00,7.95,14735.0,United Kingdom
516265,21937,STRAWBERRY   PICNIC BAG,2,2010-07-19 12:07:00,2.95,16782.0,United Kingdom
518222,22470,HEART OF WICKER LARGE,6,2010-08-05 13:54:00,2.95,14217.0,United Kingdom
518432,21452,TOADSTOOL MONEY BOX,6,2010-08-09 11:06:00,2.95,14625.0,United Kingdom
515335,21563,RED HEART SHAPE LOVE BUCKET ,1,2010-07-11 14:19:00,2.95,14606.0,United Kingdom
517322,21429,RED GINGHAM ROSE JEWELLERY BOX,8,2010-07-28 12:17:00,1.65,16099.0,United Kingdom
516275,20749,ASSORTED COLOUR MINI CASES,2,2010-07-19 12:48:00,7.95,15788.0,United Kingdom
517860,22381,TOY TIDY PINK RETROSPOT  ,5,2010-08-02 14:03:00,2.1,12857.0,United Kingdom
514935,18098c,PORCELAIN BUTTERFLY OIL BURNER,1,2010-07-07 11:22:00,5.06,,United Kingdom
513830,48185,DOOR MAT FAIRY CAKE,4,2010-06-29 10:54:00,7.49,13089.0,United Kingdom
514313,21928,JUMBO BAG SCANDINAVIAN PAISLEY,20,2010-07-01 13:30:00,1.95,14709.0,United Kingdom
514097,47593A,CAROUSEL DESIGN BABY BIB,1,2010-06-30 12:27:00,0.85,,United Kingdom
515912,20728,LUNCH BAG CARS BLUE,10,2010-07-15 13:19:00,1.65,15249.0,United Kingdom
517124,82484,WOOD BLACK BOARD ANT WHITE FINISH,3,2010-07-27 09:38:00,6.45,12801.0,Sweden
518579,46776A,WOVEN BUBBLE GUM CUSHION COVER,3,2010-08-10 12:08:00,4.21,,United Kingdom
513961,21930,JUMBO STORAGE BAG SKULLS,1,2010-06-29 15:15:00,1.95,15005.0,United Kingdom
517814,22197,SMALL POPCORN HOLDER,3,2010-08-02 11:44:00,0.0,,United Kingdom
514669,84375,SET OF 20 KIDS COOKIE CUTTERS,12,2010-07-05 13:15:00,1.95,17080.0,United Kingdom
517746,79144C,PAINTED LIGHTBULB RAINBOW DESIGN,6,2010-08-02 09:14:00,0.42,17049.0,United Kingdom
514463,22224,WHITE LOVEBIRD LANTERN,6,2010-07-02 12:45:00,2.95,17428.0,United Kingdom
518115,21622,VINTAGE UNION JACK CUSHION COVER,1,2010-08-04 14:41:00,4.95,12748.0,United Kingdom
516969,22296,HEART IVORY TRELLIS LARGE,12,2010-07-26 10:06:00,1.65,17494.0,United Kingdom
516341,15056BL,EDWARDIAN PARASOL BLACK,12,2010-07-20 09:36:00,5.95,15854.0,United Kingdom
C516764,22215,CAKE STAND WHITE TWO TIER LACE,-12,2010-07-22 17:05:00,7.65,14199.0,United Kingdom
515704,84946,ANTIQUE SILVER TEA GLASS ETCHED,12,2010-07-14 12:31:00,1.25,14640.0,United Kingdom
513629,21545,CERAMIC BIRDHOUSE BUTTERFLY SMALL,1,2010-06-27 13:25:00,2.95,17561.0,United Kingdom
517403,22386,JUMBO BAG PINK WITH WHITE SPOTS,1,2010-07-29 10:46:00,1.95,14606.0,United Kingdom
517382,22426,ENAMEL WASH BOWL CREAM,3,2010-07-28 17:26:00,3.75,14898.0,United Kingdom
517859,21248,DOOR HANGER  MUM + DADS ROOM,2,2010-08-02 14:02:00,1.45,13357.0,United Kingdom
515624,21832,CHOCOLATE CALCULATOR,24,2010-07-14 10:08:00,1.65,16320.0,Unspecified
514984,15044D,RED PAPER PARASOL,3,2010-07-07 13:50:00,2.95,17841.0,United Kingdom
516264,21497,FANCY FONTS BIRTHDAY WRAP,25,2010-07-19 12:04:00,0.42,13734.0,United Kingdom
514198,21754,HOME BUILDING BLOCK WORD,1,2010-06-30 15:55:00,11.87,,United Kingdom
514387,85017B,ENVELOPE 50 BLOSSOM IMAGES,12,2010-07-02 11:44:00,0.85,12633.0,Germany
518420,84678,CLASSICAL ROSE SMALL VASE,24,2010-08-09 08:41:00,1.25,17732.0,United Kingdom
514009,84077,WORLD WAR 2 GLIDERS ASSTD DESIGNS,48,2010-06-30 10:03:00,0.21,15755.0,United Kingdom
514198,DOT,DOTCOM POSTAGE,1,2010-06-30 15:55:00,122.2,,United Kingdom
C515978,22429,ENAMEL MEASURING JUG CREAM,-1,2010-07-16 08:09:00,4.25,12749.0,United Kingdom
516896,22129,PARTY CONES CANDY TREE DECORATION,6,2010-07-23 16:54:00,0.85,18132.0,United Kingdom
517254,15039,SANDALWOOD FAN,52,2010-07-27 16:22:00,0.85,15532.0,United Kingdom
514523,22088,PAPER BUNTING COLOURED LACE,6,2010-07-05 09:38:00,2.55,17850.0,United Kingdom
514692,21929,JUMBO BAG PINK VINTAGE PAISLEY,10,2010-07-05 14:47:00,1.95,12500.0,Germany
518420,21755,LOVE BUILDING BLOCK WORD,3,2010-08-09 08:41:00,5.95,17732.0,United Kingdom
517933,22690,DOORMAT HOME SWEET HOME BLUE ,10,2010-08-03 10:52:00,6.35,15218.0,United Kingdom
516548,21452,TOADSTOOL MONEY BOX,1,2010-07-21 12:11:00,5.91,,United Kingdom
518086,21061,PARTY INVITES FOOTBALL,24,2010-08-04 14:27:00,0.85,16722.0,United Kingdom
514950,22712,CARD DOLLY GIRL ,1,2010-07-07 11:57:00,0.85,,United Kingdom
517402,35001G,HAND OPEN SHAPE GOLD,1,2010-07-29 10:43:00,4.21,,United Kingdom
513975,16161P,WRAP ENGLISH ROSE ,25,2010-06-29 16:43:00,0.42,13451.0,United Kingdom
516027,22295,HEART FILIGREE DOVE LARGE,12,2010-07-16 10:36:00,1.65,16175.0,United Kingdom
518484,84993B,75 BLACK PETIT FOUR CASES,2,2010-08-09 12:27:00,0.42,17841.0,United Kingdom
515317,22470,HEART OF WICKER LARGE,5,2010-07-11 11:35:00,2.95,17790.0,United Kingdom
513624,22500,SET OF 2 TINS JARDIN DE PROVENCE,4,2010-06-27 13:00:00,4.95,14492.0,United Kingdom
514553,22628,PICNIC BOXES SET OF 3 RETROSPOT ,1,2010-07-05 11:15:00,4.95,14710.0,United Kingdom
516728,21982,PACK OF 12 SUKI TISSUES ,48,2010-07-22 13:22:00,0.29,12724.0,France
518151,21137,BLACK RECORD COVER FRAME,24,2010-08-05 08:44:00,3.39,15587.0,United Kingdom
518411,35810B,ENAMEL BLUE RIM COFFEE CONTAINER,1,2010-08-08 14:51:00,2.1,14575.0,United Kingdom
517964,M,Manual,2,2010-08-03 12:51:00,7.95,17298.0,United Kingdom
515060,21134,,-114,2010-07-08 10:54:00,0.0,,United Kingdom
513655,20902,VINTAGE KEEPSAKE BOX PARIS DAYS,2,2010-06-28 10:02:00,12.72,,United Kingdom
513574,22528,GARDENERS KNEELING PAD,3,2010-06-25 15:13:00,2.51,,United Kingdom
516611,22383,LUNCH BAG SUKI  DESIGN ,10,2010-07-21 14:43:00,1.65,18226.0,United Kingdom
513786,84985A,SET OF 72 GREEN PAPER DOILIES,1,2010-06-28 15:05:00,1.45,18041.0,United Kingdom
517989,47585A,PINK FAIRY CAKE CUSHION COVER,1,2010-08-03 15:29:00,10.17,,United Kingdom
513747,22077,6 RIBBONS RUSTIC CHARM,12,2010-06-28 12:27:00,1.65,16571.0,United Kingdom
516783,22138,BAKING SET 9 PIECE RETROSPOT ,3,2010-07-23 09:10:00,4.95,12595.0,Germany
517901,21174,POTTERING IN THE SHED METAL SIGN,24,2010-08-03 09:15:00,1.95,15754.0,United Kingdom
517977,85040A,S/4 PINK FLOWER CANDLES IN BOWL,3,2010-08-03 14:23:00,1.65,16938.0,United Kingdom
518143,21679,SKULLS  STICKERS,1,2010-08-04 16:10:00,1.66,,United Kingdom
518276,21067,VINTAGE RED TEATIME MUG,36,2010-08-06 10:06:00,0.38,16103.0,United Kingdom
518482,22488,NATURAL SLATE RECTANGLE CHALKBOARD,12,2010-08-09 12:24:00,1.65,13488.0,United Kingdom
517285,22554,PLASTERS IN TIN WOODLAND ANIMALS,12,2010-07-28 10:31:00,1.65,15544.0,United Kingdom
514511,21985,PACK OF 12 HEARTS DESIGN TISSUES ,12,2010-07-04 13:31:00,0.29,16032.0,United Kingdom
514308,22499,WOODEN UNION JACK BUNTING,12,2010-07-01 13:12:00,5.95,14952.0,United Kingdom
514221,22356,CHARLOTTE BAG PINK WITH WHITE SPOTS,10,2010-07-01 09:56:00,0.85,12653.0,Israel
514136,85099F,JUMBO BAG STRAWBERRY,10,2010-06-30 13:41:00,1.95,16071.0,United Kingdom
516968,21890,S/6 WOODEN SKITTLES IN COTTON BAG,12,2010-07-26 10:03:00,2.95,15080.0,United Kingdom
514728,22085,PAPER CHAIN KIT SKULLS ,1,2010-07-06 09:51:00,5.91,,United Kingdom
514198,84970L,SINGLE HEART ZINC T-LIGHT HOLDER,1,2010-06-30 15:55:00,2.13,,United Kingdom
516451,22227,"DECORATION, HANGING HEART+MIRROR ",24,2010-07-20 13:16:00,0.65,15617.0,United Kingdom
517382,22585,PACK OF 6 BIRDY GIFT TAGS,1,2010-07-28 17:26:00,1.25,14898.0,United Kingdom
517552,20726,LUNCH BAG WOODLAND,5,2010-07-29 18:49:00,1.65,13969.0,United Kingdom
513772,21082,SET/20 FRUIT SALAD PAPER NAPKINS ,2,2010-06-28 13:52:00,0.85,17259.0,United Kingdom
513647,20724,RED SPOTTY CHARLOTTE BAG,200,2010-06-28 08:28:00,0.72,14646.0,Netherlands
514367,22332,SKULLS PARTY BAG + STICKER SET,3,2010-07-01 19:16:00,1.65,15015.0,United Kingdom
517381,90175A,WHITE GLASS CHUNKY CHARM BRACELET,2,2010-07-28 17:18:00,8.95,14461.0,United Kingdom
514759,22383,LUNCH BAG SUKI  DESIGN ,10,2010-07-06 10:12:00,1.65,16570.0,United Kingdom
515939,21664,RIDGED GLASS STORAGE JAR CREAM LID,1,2010-07-15 15:02:00,7.62,,United Kingdom
515099,21232,STRAWBERRY CERAMIC TRINKET BOX,12,2010-07-08 11:54:00,1.25,13468.0,United Kingdom
518004,22551,PLASTERS IN TIN SPACEBOY,12,2010-08-04 08:41:00,1.65,15363.0,United Kingdom
513926,22606,WOODEN SKITTLES GARDEN SET,1,2010-06-29 12:26:00,15.95,14774.0,United Kingdom
513596,20674,GREEN SPOTTY BOWL,8,2010-06-27 11:15:00,1.25,16258.0,United Kingdom
514129,46000M,POLYESTER FILLER PAD 45x45cm,36,2010-06-30 13:13:00,1.55,16098.0,United Kingdom
516611,21984,PACK OF 12 PINK PAISLEY TISSUES ,48,2010-07-21 14:43:00,0.29,18226.0,United Kingdom
515621,20728,LUNCH BAG CARS BLUE,30,2010-07-14 09:54:00,1.65,14258.0,United Kingdom
514116,85217,ASSORTED ICE CREAM FRIDGE MAGNETS,24,2010-06-30 12:52:00,0.65,16592.0,United Kingdom
516875,21906,PHARMACIE FIRST AID TIN,2,2010-07-23 13:29:00,6.75,13665.0,United Kingdom
514785,21307,SET/4 BUTTERFLY MIRROR MAGNETS,24,2010-07-06 10:31:00,2.1,13082.0,United Kingdom
517883,22423,REGENCY CAKESTAND 3 TIER,2,2010-08-02 17:19:00,12.75,14819.0,United Kingdom
517514,22382,LUNCH BAG SPACEBOY DESIGN ,1,2010-07-29 13:36:00,1.65,13584.0,United Kingdom
513576,22426,ENAMEL WASH BOWL CREAM,3,2010-06-25 15:24:00,3.75,16539.0,United Kingdom
514314,71459,HANGING JAM JAR T-LIGHT HOLDER,12,2010-07-01 13:33:00,0.85,14139.0,United Kingdom
514514,21363,HOME SMALL WOOD LETTERS,2,2010-07-04 13:59:00,4.95,15976.0,United Kingdom
515353,21621,VINTAGE UNION JACK BUNTING,1,2010-07-12 10:54:00,16.98,,United Kingdom
516027,85123A,WHITE HANGING HEART T-LIGHT HOLDER,18,2010-07-16 10:36:00,2.95,16175.0,United Kingdom
516954,21032,SPACE CADET WHITE,2,2010-07-25 15:40:00,1.25,13137.0,United Kingdom
514835,22272,FELTCRAFT DOLL MARIA,1,2010-07-06 14:25:00,5.91,,United Kingdom
516842,21212,PACK OF 72 RETRO SPOT CAKE CASES,48,2010-07-23 11:30:00,0.55,16092.0,United Kingdom
515954,21704,BAG 250g SWIRLY MARBLES,6,2010-07-15 19:21:00,0.85,15908.0,United Kingdom
514514,21531,RED RETROSPOT SUGAR JAM BOWL,2,2010-07-04 13:59:00,2.55,15976.0,United Kingdom
514160,17003,BROCADE RING PURSE ,720,2010-06-30 14:55:00,0.14,14609.0,United Kingdom
518165,85014a,BLACK/BLUE DOTS RUFFLED UMBRELLA,1,2010-08-05 10:44:00,12.72,,United Kingdom
517755,20728,LUNCH BAG CARS BLUE,10,2010-08-02 10:29:00,1.65,13647.0,United Kingdom
516437,21430,SET/3 RED GINGHAM ROSE STORAGE BOX,4,2010-07-20 12:08:00,3.75,13481.0,United Kingdom
514529,21238,RED SPOTTY CUP,8,2010-07-05 09:58:00,0.85,12681.0,France
517402,85232B,SET/3 RUSSIAN DOLL STACKING TINS,1,2010-07-29 10:43:00,10.17,,United Kingdom
514661,85131A,BEADED PEARL HEART WHITE ON STICK,4,2010-07-05 12:50:00,1.25,14701.0,United Kingdom
516338,22027,TEA PARTY BIRTHDAY CARD,24,2010-07-20 09:04:00,0.42,13418.0,United Kingdom
515768,22485,SET OF 2 WOODEN MARKET CRATES,1,2010-07-14 14:30:00,12.75,18096.0,United Kingdom
C516974,85123A,WHITE HANGING HEART T-LIGHT HOLDER,-1,2010-07-26 10:36:00,2.95,17469.0,United Kingdom
515908,20727,LUNCH BAG  BLACK SKULL.,3,2010-07-15 13:15:00,1.65,13772.0,United Kingdom
514328,21611,SET OF 12 LILY BOTANICAL T-LIGHTS,3,2010-07-01 14:24:00,2.95,17913.0,United Kingdom
517978,21773,DECORATIVE ROSE BATHROOM BOTTLE,12,2010-08-03 14:38:00,1.25,16316.0,United Kingdom
514979,21845,DAIRY MAID STRIPE MUG,18,2010-07-07 13:38:00,2.95,14911.0,EIRE
515018,20977,36 PENCILS TUBE WOODLAND,16,2010-07-08 08:08:00,1.25,14639.0,United Kingdom
517339,72760B,VINTAGE CREAM 3 BASKET CAKE STAND,1,2010-07-28 13:51:00,9.95,16085.0,United Kingdom
516488,22059,CERAMIC STRWBERRY DESIGN MUG,12,2010-07-21 10:04:00,1.49,17865.0,United Kingdom
513776,21988,PACK OF 6 SKULL PAPER PLATES,192,2010-06-28 14:01:00,0.64,16754.0,United Kingdom
513607,21357,TOAST ITS - DINOSAUR,12,2010-06-27 11:59:00,1.25,13802.0,United Kingdom
517454,22322,BIRD DECORATION GREEN  SPOT,1,2010-07-29 11:22:00,1.66,,United Kingdom
515939,17181,CIRCLE OF FRIENDS CANDLE HOLDER,1,2010-07-15 15:02:00,5.06,,United Kingdom
516267,22294,HEART FILIGREE DOVE  SMALL,1,2010-07-19 12:17:00,2.51,,United Kingdom
514348,22645,CERAMIC HEART FAIRY CAKE MONEY BANK,24,2010-07-01 15:39:00,1.45,18217.0,United Kingdom
514116,47591D,PINK FAIRY CAKE CHILD'S APRON,8,2010-06-30 12:52:00,1.95,16592.0,United Kingdom
518231,20719,WOODLAND CHARLOTTE BAG,10,2010-08-05 15:28:00,0.85,12471.0,Germany
517549,21171,BATHROOM METAL SIGN ,1,2010-07-29 17:30:00,1.45,16782.0,United Kingdom
515165,22242,"HOOK, 5 HANGER , MAGIC TOADSTOOL",4,2010-07-08 16:08:00,1.65,13564.0,United Kingdom
516990,21929,JUMBO BAG PINK VINTAGE PAISLEY,3,2010-07-26 11:00:00,5.06,,United Kingdom
513941,20665,RED SPOTTY PURSE ,6,2010-06-29 13:10:00,2.95,12529.0,France
514082,82600,NO SINGING METAL SIGN,96,2010-06-30 12:02:00,1.69,16684.0,United Kingdom
514728,22428,ENAMEL FIRE BUCKET CREAM,1,2010-07-06 09:51:00,14.43,,United Kingdom
513674,21974,SET OF 36 PAISLEY FLOWER DOILIES,12,2010-06-28 11:39:00,1.45,16012.0,United Kingdom
514682,84818,DANISH ROSE PHOTO FRAME,6,2010-07-05 13:56:00,2.55,12693.0,Germany
516842,47568,ENGLISH ROSE DESIGN PEG BAG,18,2010-07-23 11:30:00,2.1,16092.0,United Kingdom
515425,22501,PICNIC BASKET WICKER LARGE,2,2010-07-12 13:35:00,9.95,17651.0,United Kingdom
517396,37503,,-104,2010-07-29 10:08:00,0.0,,United Kingdom
517978,22627,MINT KITCHEN SCALES,2,2010-08-03 14:38:00,8.5,16316.0,United Kingdom
514359,82486,WOOD S/3 CABINET ANT WHITE FINISH,2,2010-07-01 17:30:00,7.95,16907.0,United Kingdom
516494,22517,CHILDS GARDEN RAKE PINK,1,2010-07-21 10:42:00,2.1,13048.0,United Kingdom
516116,22365,DOORMAT RESPECTABLE HOUSE,3,2010-07-16 14:23:00,7.49,15452.0,United Kingdom
518412,20676,RED SPOTTY BOWL,2,2010-08-08 14:57:00,1.25,17135.0,United Kingdom
514221,22326,ROUND SNACK BOXES SET OF4 WOODLAND ,12,2010-07-01 09:56:00,2.95,12653.0,Israel
514387,85099B,JUMBO BAG RED RETROSPOT,10,2010-07-02 11:44:00,1.95,12633.0,Germany
516302,21714,CITRONELLA CANDLE GARDEN POT,12,2010-07-19 13:02:00,1.25,14062.0,United Kingdom
516331,22646,CERAMIC STRAWBERRY CAKE MONEY BANK,12,2010-07-19 16:16:00,1.45,17470.0,United Kingdom
515879,21215,IVORY PAPER CUP CAKE CASES ,24,2010-07-15 11:44:00,0.55,16779.0,United Kingdom
518200,22411,JUMBO SHOPPER VINTAGE RED PAISLEY,10,2010-08-05 11:24:00,1.95,17581.0,United Kingdom
518220,22483,RED GINGHAM TEDDY BEAR ,2,2010-08-05 13:31:00,2.95,14049.0,United Kingdom
516591,84625C,BLUE NEW BAROQUE CANDLESTICK CANDLE,2,2010-07-21 13:57:00,2.95,12872.0,United Kingdom
518253,21447,12 IVORY ROSE PEG PLACE SETTINGS,1,2010-08-05 17:57:00,1.25,14064.0,United Kingdom
514529,22348,TEA BAG PLATE RED SPOTTY ,12,2010-07-05 09:58:00,0.85,12681.0,France
515663,48187,DOORMAT NEW ENGLAND,10,2010-07-14 10:50:00,6.35,16525.0,United Kingdom
516686,20828,GLITTER BUTTERFLY CLIPS,6,2010-07-22 11:38:00,2.55,16975.0,United Kingdom
513991,22431,WATERING CAN BLUE ELEPHANT,6,2010-06-30 08:35:00,1.95,14092.0,United Kingdom
513605,21473,SWEETHEART CREAM STEEL TABLE RECT,2,2010-06-27 11:45:00,19.95,13230.0,United Kingdom
516940,72122,COFFEE SCENT PILLAR CANDLE,9,2010-07-25 14:22:00,0.95,17858.0,United Kingdom
514096,21524,DOORMAT SPOTTY HOME SWEET HOME,2,2010-06-30 12:17:00,7.49,17531.0,United Kingdom
518500,21820,GLITTER HEART GARLAND WITH BELLS ,1,2010-08-09 12:51:00,3.75,17137.0,United Kingdom
515910,22700,BLACK AND WHITE DOG BOWL,6,2010-07-15 13:17:00,2.55,14298.0,United Kingdom
516535,22470,HEART OF WICKER LARGE,5,2010-07-21 11:18:00,2.95,16883.0,United Kingdom
518314,47591D,PINK FAIRY CAKE CHILDRENS APRON,16,2010-08-06 12:13:00,1.95,13920.0,United Kingdom
516267,82486,WOOD S/3 CABINET ANT WHITE FINISH,1,2010-07-19 12:17:00,16.13,,United Kingdom
514471,20784,RED RETRO BAR STOOL,1,2010-07-02 13:25:00,35.95,12748.0,United Kingdom
518570,82616B,FRAPPUCINO SCARF KNITTING KIT,2,2010-08-10 11:49:00,2.51,,United Kingdom
516892,21754,HOME BUILDING BLOCK WORD,1,2010-07-23 15:09:00,11.87,,United Kingdom
516197,22355,CHARLOTTE BAG SUKI DESIGN,2,2010-07-19 10:31:00,1.66,,United Kingdom
514660,84974,S/2 ZINC HEART DESIGN PLANTERS,2,2010-07-05 12:49:00,9.95,15678.0,United Kingdom
516324,21714,CITRONELLA CANDLE GARDEN POT,24,2010-07-19 15:34:00,1.25,17395.0,United Kingdom
515337,84839,SWEETHEART KEY CABINET,2,2010-07-11 15:34:00,6.75,15796.0,United Kingdom
518570,22365,DOORMAT RESPECTABLE HOUSE,1,2010-08-10 11:49:00,14.43,,United Kingdom
515764,21662,VINTAGE GLASS COFFEE CADDY,1,2010-07-14 14:07:00,5.95,14285.0,United Kingdom
516189,22416,36 DOILIES SPACEBOY DESIGN ,12,2010-07-18 15:56:00,1.45,12625.0,Germany
517748,21986,PACK OF 12 PINK SPOT TISSUES ,12,2010-08-02 09:27:00,0.29,13983.0,United Kingdom
513960,22551,PLASTERS IN TIN SPACEBOY,12,2010-06-29 15:04:00,1.65,15430.0,United Kingdom
517106,20972,PINK CREAM FELT CRAFT TRINKET BOX ,3,2010-07-26 15:17:00,1.25,12867.0,United Kingdom
516437,22385,JUMBO BAG SPACEBOY DESIGN,10,2010-07-20 12:08:00,1.95,13481.0,United Kingdom
514097,16218,CARTOON  PENCIL SHARPENERS,2,2010-06-30 12:27:00,2.13,,United Kingdom
515316,22464,HANGING METAL HEART LANTERN,6,2010-07-11 11:02:00,1.65,16693.0,United Kingdom
516993,37450,CERAMIC CAKE BOWL + HANGING CAKES,1,2010-07-26 11:05:00,2.95,15493.0,United Kingdom
514311,85123A,WHITE HANGING HEART T-LIGHT HOLDER,32,2010-07-01 13:17:00,2.55,14755.0,United Kingdom
515115,84901,BLACK FACE LAMB WITH PANTS,2,2010-07-08 13:07:00,3.75,16383.0,United Kingdom
516470,21232,STRAWBERRY CERAMIC TRINKET BOX,2,2010-07-20 15:28:00,2.51,,United Kingdom
514676,21470,FLOWER VINE RAFFIA FOOD COVER,1,2010-07-05 13:34:00,3.75,14606.0,United Kingdom
515510,84991,60 TEATIME FAIRY CAKE CASES,6,2010-07-13 11:57:00,0.55,15563.0,United Kingdom
514962,22423,REGENCY CAKESTAND 3 TIER,16,2010-07-07 12:08:00,10.95,14156.0,EIRE
515621,21232,STRAWBERRY CERAMIC TRINKET BOX,72,2010-07-14 09:54:00,1.06,14258.0,United Kingdom
517372,21749,LARGE RED RETROSPOT WINDMILL,2,2010-07-28 17:04:00,2.1,15353.0,United Kingdom
518016,21677,HEARTS  STICKERS,12,2010-08-04 10:57:00,0.85,15615.0,United Kingdom
518477,22331,WOODLAND PARTY BAG + STICKER SET,4,2010-08-09 12:05:00,1.65,15013.0,United Kingdom
517248,22210,WOOD STAMP SET BEST WISHES,1,2010-07-27 15:06:00,1.65,,United Kingdom
515688,22492,MINI PAINT SET VINTAGE  BOY+ GIRL,72,2010-07-14 12:05:00,0.65,,EIRE
514465,22457,NATURAL SLATE HEART CHALKBOARD ,12,2010-07-02 12:49:00,2.95,13113.0,United Kingdom
516915,20914,SET/5 RED SPOTTY LID GLASS BOWLS,32,2010-07-25 11:16:00,2.55,13093.0,United Kingdom
514673,21675,BUTTERFLIES STICKERS,24,2010-07-05 13:26:00,0.85,17491.0,United Kingdom
515949,20725,LUNCH BAG RED SPOTTY,2,2010-07-15 17:59:00,1.65,16161.0,United Kingdom
514324,21534,DAIRY MAID LARGE MILK JUG,2,2010-07-01 14:13:00,4.95,16011.0,United Kingdom
518280,20996,JAZZ HEARTS ADDRESS BOOK,24,2010-08-06 10:24:00,0.42,14329.0,United Kingdom
515165,85150,LADIES & GENTLEMEN METAL SIGN,5,2010-07-08 16:08:00,2.55,13564.0,United Kingdom
518216,21066,VINTAGE RED MUG,72,2010-08-05 12:21:00,0.38,15403.0,United Kingdom
517060,20724,RED SPOTTY CHARLOTTE BAG,20,2010-07-26 13:35:00,0.85,16553.0,United Kingdom
514289,22090,PAPER BUNTING RETRO SPOTS,18,2010-07-01 12:12:00,2.95,13735.0,United Kingdom
514851,22476,EMPIRE UNION JACK TV DINNER TRAY,3,2010-07-06 16:26:00,4.95,17145.0,United Kingdom
517385,46126A,ELVIS WALLHANGING / CURTAIN,2,2010-07-28 17:56:00,1.25,16937.0,United Kingdom
516267,21174,POTTERING IN THE SHED METAL SIGN,1,2010-07-19 12:17:00,4.21,,United Kingdom
514826,21124,SET/10 BLUE SPOTTY PARTY CANDLES,2,2010-07-06 13:13:00,1.25,14452.0,United Kingdom
515329,21677,HEARTS  STICKERS,6,2010-07-11 13:34:00,0.85,17802.0,United Kingdom
518406,22077,6 RIBBONS RUSTIC CHARM,2,2010-08-08 14:26:00,1.65,17802.0,United Kingdom
517947,22500,SET OF 2 TINS JARDIN DE PROVENCE,2,2010-08-03 11:32:00,4.95,16440.0,United Kingdom
513915,16237,SLEEPING CAT ERASERS,30,2010-06-29 12:10:00,0.21,17884.0,United Kingdom
515154,46000S,POLYESTER FILLER PAD 40x40cm,8,2010-07-08 15:09:00,1.45,13078.0,United Kingdom
513624,21612,SET 12 WILDFLOWER BOTANICAL T-LIGHT,6,2010-06-27 13:00:00,2.95,14492.0,United Kingdom
514498,21238,RED SPOTTY CUP,1,2010-07-04 10:45:00,0.85,16782.0,United Kingdom
514559,48111,DOORMAT 3 SMILEY CATS,4,2010-07-05 11:39:00,6.35,17850.0,United Kingdom
516913,21933,PINK VINTAGE PAISLEY PICNIC BAG,5,2010-07-25 11:07:00,2.95,13875.0,United Kingdom
518243,22605,WOODEN CROQUET GARDEN SET,1,2010-08-05 16:35:00,12.75,14521.0,United Kingdom
516161,22666,RECIPE BOX PANTRY YELLOW DESIGN,1,2010-07-18 12:01:00,2.95,14563.0,United Kingdom
514164,22423,REGENCY CAKESTAND 3 TIER,2,2010-06-30 15:35:00,12.75,13872.0,United Kingdom
517053,21974,SET OF 36 PAISLEY FLOWER DOILIES,48,2010-07-26 12:36:00,1.45,14115.0,United Kingdom
513618,22507,MEMO BOARD RETROSPOT  DESIGN,4,2010-06-27 12:33:00,4.95,13585.0,United Kingdom
515899,20914,SET/5 RED SPOTTY LID GLASS BOWLS,6,2010-07-15 12:34:00,2.95,15827.0,United Kingdom
514661,21527,RED RETROSPOT TRADITIONAL TEAPOT ,1,2010-07-05 12:50:00,7.95,14701.0,United Kingdom
517224,84840,SWEETHEART CARRY-ALL BASKET,2,2010-07-27 12:44:00,8.5,13161.0,United Kingdom
514964,84855,BLOKEY SILVER TOOL SET,4,2010-07-07 12:08:00,4.95,15044.0,United Kingdom
C516149,20727,LUNCH BAG  BLACK SKULL.,-4,2010-07-18 10:52:00,1.65,13798.0,United Kingdom
515593,16033,MINI HIGHLIGHTER PENS,120,2010-07-13 13:29:00,0.12,16435.0,United Kingdom
513961,21928,JUMBO BAG SCANDINAVIAN PAISLEY,2,2010-06-29 15:15:00,1.95,15005.0,United Kingdom
514370,85064,CREAM SWEETHEART LETTER RACK,2,2010-07-02 08:28:00,5.45,14693.0,United Kingdom
518579,72349B,SET/6 PURPLE BUTTERFLY T-LIGHTS,1,2010-08-10 12:08:00,4.21,,United Kingdom
515742,20975,12 PENCILS SMALL TUBE RED SPOTTY,24,2010-07-14 13:01:00,0.65,15332.0,Lithuania
516708,21218,RED SPOTTY BISCUIT TIN,1,2010-07-22 12:15:00,8.47,,United Kingdom
518384,72802C,VANILLA SCENT CANDLE JEWELLED BOX,6,2010-08-08 11:40:00,4.25,16196.0,United Kingdom
513625,21875,KINGS CHOICE MUG,1,2010-06-27 13:09:00,1.25,14505.0,United Kingdom
516137,21754,HOME BUILDING BLOCK WORD,3,2010-07-16 16:07:00,5.95,17680.0,United Kingdom
515690,21672,WHITE SPOT RED CERAMIC DRAWER KNOB,12,2010-07-14 12:07:00,1.25,,EIRE
513823,20974,12 PENCILS SMALL TUBE SKULL,48,2010-06-29 10:40:00,0.0,,United Kingdom
514563,21564,PINK  HEART SHAPE LOVE BUCKET ,2,2010-07-05 11:48:00,2.95,15039.0,United Kingdom
513950,47579,TEA TIME BREAKFAST BASKET,12,2010-06-29 13:52:00,2.1,15425.0,United Kingdom
514481,20750,RED/WHITE DOT MINI CASES,2,2010-07-02 14:37:00,7.95,14210.0,United Kingdom
518394,22445,PENCIL CASE LIFE IS BEAUTIFUL,1,2010-08-08 12:35:00,2.95,14606.0,United Kingdom
514165,21936,RED RETROSPOT PICNIC BAG,5,2010-06-30 15:35:00,2.95,12714.0,France
C518544,22616,PACK OF 12 LONDON TISSUES ,-48,2010-08-09 18:20:00,0.29,17314.0,United Kingdom
515287,47591B,SCOTTIES DES CHILD'S APRON,1,2010-07-09 14:58:00,1.66,,United Kingdom
517321,22296,HEART IVORY TRELLIS LARGE,12,2010-07-28 12:05:00,1.65,14680.0,United Kingdom
514835,22064,PINK DOUGHNUT TRINKET POT ,1,2010-07-06 14:25:00,3.36,,United Kingdom
516892,84563A,PINK & WHITE BREAKFAST TRAY,2,2010-07-23 15:09:00,11.87,,United Kingdom
517882,21743,STAR PORTABLE TABLE LIGHT ,1,2010-08-02 17:06:00,2.95,14469.0,United Kingdom
518227,22488,NATURAL SLATE RECTANGLE CHALKBOARD,2,2010-08-05 14:57:00,1.65,15271.0,United Kingdom
514601,15056N,EDWARDIAN PARASOL NATURAL,6,2010-07-05 12:16:00,4.95,17850.0,United Kingdom
513660,21541,DINOSAURS WATER TRANSFER TATTOOS ,36,2010-06-28 10:30:00,0.85,17863.0,United Kingdom
513786,21930,JUMBO STORAGE BAG SKULLS,3,2010-06-28 15:05:00,1.95,18041.0,United Kingdom
518138,21790,VINTAGE SNAP CARDS,1,2010-08-04 15:48:00,1.66,,United Kingdom
515386,21122,SET/10 PINK SPOTTY PARTY CANDLES,1,2010-07-12 11:24:00,1.25,13779.0,United Kingdom
514928,21363,HOME SMALL WOOD LETTERS,1,2010-07-07 11:21:00,11.02,,United Kingdom
517719,21124,SET/10 BLUE SPOTTY PARTY CANDLES,1,2010-08-01 12:02:00,1.25,17931.0,United Kingdom
C516149,20903,VINTAGE KEEPSAKE BOX TRAVELOGUE,-1,2010-07-18 10:52:00,6.35,13798.0,United Kingdom
513655,21080,SET/20 RED SPOTTY PAPER NAPKINS ,1,2010-06-28 10:02:00,1.66,,United Kingdom
518077,85099B,JUMBO BAG RED RETROSPOT,20,2010-08-04 13:47:00,1.95,13658.0,United Kingdom
514198,84270,ASSTD DESIGN BUBBLE GUM RING,11,2010-06-30 15:55:00,0.43,,United Kingdom
514727,22303,COFFEE MUG APPLES DESIGN,36,2010-07-06 09:39:00,2.1,17679.0,United Kingdom
517384,90175C,BLUE GLASS CHUNKY CHARM BRACELET,2,2010-07-28 17:46:00,8.95,16984.0,United Kingdom
514098,84597C,RETRO PINK BALL ASHTRAY ,12,2010-06-30 12:30:00,1.25,13097.0,United Kingdom
517542,20982,12 PENCILS TALL TUBE SKULLS,1,2010-07-29 16:35:00,0.85,15021.0,United Kingdom
514514,21158,MOODY GIRL DOOR HANGER ,1,2010-07-04 13:59:00,1.45,15976.0,United Kingdom
516752,22669,RED BABY BUNTING ,5,2010-07-22 16:01:00,2.95,13031.0,United Kingdom
516548,22133,PINK LOVE HEART SHAPE CUP,3,2010-07-21 12:11:00,1.66,,United Kingdom
514503,85152,HAND OVER THE CHOCOLATE   SIGN ,1,2010-07-04 11:16:00,2.1,15443.0,United Kingdom
513583,22489,PACK OF 12 TRADITIONAL CRAYONS,10,2010-06-25 17:20:00,0.0,,United Kingdom
514565,82482,WOODEN PICTURE FRAME WHITE FINISH,6,2010-07-05 11:54:00,2.1,17850.0,United Kingdom
516739,84879,ASSORTED COLOUR BIRD ORNAMENT,8,2010-07-22 14:20:00,1.69,17700.0,United Kingdom
516616,10002,INFLATABLE POLITICAL GLOBE ,24,2010-07-21 15:07:00,0.85,13266.0,United Kingdom
516371,84270,ASSTD DESIGN BUBBLE GUM RING,60,2010-07-20 10:54:00,0.21,15002.0,United Kingdom
521970,20906,VINTAGE NOTEBOOK BEAUTY GIRL,1,2010-09-09 19:23:00,2.95,17282.0,United Kingdom
519591,20702,PINK PADDED MOBILE,1,2010-08-18 14:32:00,4.25,15972.0,United Kingdom
518660,22433,WATERING CAN GREEN DINOSAUR,1,2010-08-10 14:03:00,4.21,,United Kingdom
519817,21687,SILVER PLATE CANDLE BOWL LARGE,4,2010-08-20 13:41:00,3.75,14243.0,United Kingdom
522466,22383,LUNCH BAG SUKI  DESIGN ,10,2010-09-15 09:38:00,1.65,16748.0,United Kingdom
C522827,22697,GREEN REGENCY TEACUP AND SAUCER,-5,2010-09-17 10:19:00,2.95,13324.0,United Kingdom
519682,22510,GINGHAM BABUSHKA DOORSTOP,2,2010-08-19 12:48:00,3.75,16529.0,United Kingdom
523346,21715,GIRLS VINTAGE TIN SEASIDE BUCKET,3,2010-09-21 16:06:00,5.06,,United Kingdom
519027,22035,VINTAGE CARAVAN GREETING CARD ,1,2010-08-13 10:00:00,0.85,,United Kingdom
522253,22480,RED TEA TOWEL CLASSIC DESIGN,12,2010-09-13 12:29:00,1.25,17426.0,United Kingdom
522904,21587,COSY HOUR GIANT TUBE MATCHES,1,2010-09-17 12:45:00,2.55,17765.0,United Kingdom
522431,21231,SWEETHEART CERAMIC TRINKET BOX,12,2010-09-14 13:32:00,1.25,17534.0,United Kingdom
519243,21578,WOODLAND DESIGN  COTTON TOTE BAG,12,2010-08-15 14:13:00,2.25,12805.0,Netherlands
518755,21671,RED SPOT CERAMIC DRAWER KNOB,12,2010-08-11 12:58:00,1.25,16985.0,United Kingdom
520407,84971S,SMALL HEART FLOWERS HOOK ,24,2010-08-26 09:31:00,0.85,14215.0,United Kingdom
521488,22355,CHARLOTTE BAG SUKI DESIGN,7,2010-09-06 13:42:00,1.66,,United Kingdom
520050,21548,CERAMIC BIRDHOUSE FINCH BLUE ROOF,8,2010-08-23 14:52:00,2.95,13611.0,United Kingdom
522043,21789,KIDS RAIN MAC PINK,1,2010-09-10 13:27:00,1.66,,United Kingdom
519822,22470,HEART OF WICKER LARGE,2,2010-08-20 14:14:00,2.95,18106.0,United Kingdom
519792,22073,RED RETROSPOT STORAGE JAR,8,2010-08-20 12:20:00,3.75,12865.0,Austria
519241,21314,SMALL GLASS HEART TRINKET POT,4,2010-08-15 14:01:00,2.1,14415.0,United Kingdom
520142,22588,CARD HOLDER GINGHAM HEART,6,2010-08-24 12:03:00,2.55,15452.0,United Kingdom
518673,84975,HEART SHAPED MIRROR,72,2010-08-10 16:10:00,1.45,14646.0,Netherlands
520047,22755,SMALL PURPLE BABUSHKA NOTEBOOK ,1,2010-08-23 14:41:00,0.85,15325.0,United Kingdom
519891,21531,RED RETROSPOT SUGAR JAM BOWL,6,2010-08-22 12:52:00,2.55,14869.0,United Kingdom
521217,20846,ZINC HEART LATTICE T-LIGHT HOLDER,12,2010-09-03 09:51:00,1.25,15260.0,United Kingdom
522792,21636,MADRAS NOTEBOOK MEDIUM,12,2010-09-16 14:52:00,2.55,17706.0,United Kingdom
521584,22624,IVORY KITCHEN SCALES,2,2010-09-07 12:34:00,8.5,16556.0,United Kingdom
522281,35981C,WHITE SNOW SCANDINAVIAN STOCKING ,3,2010-09-13 12:56:00,0.38,16374.0,United Kingdom
521932,22329,ROUND CONTAINER SET OF 5 RETROSPOT,1,2010-09-09 15:49:00,3.36,,United Kingdom
522144,15056n,EDWARDIAN PARASOL NATURAL,1,2010-09-13 10:33:00,12.72,,United Kingdom
520972,22470,HEART OF WICKER LARGE,2,2010-09-01 12:38:00,2.95,12391.0,Cyprus
519201,84992,72 SWEETHEART FAIRY CAKE CASES,240,2010-08-15 10:33:00,0.4,13027.0,United Kingdom
519010,22356,CHARLOTTE BAG PINK WITH WHITE SPOTS,10,2010-08-12 19:41:00,0.85,17323.0,United Kingdom
522418,22743,MAKE YOUR OWN FLOWERPOWER CARD KIT,6,2010-09-14 12:27:00,2.95,13152.0,United Kingdom
520685,16235,RECYCLED PENCIL WITH RABBIT ERASER,2,2010-08-27 15:49:00,0.43,,United Kingdom
523359,51008,AFGHAN SLIPPER SOCK PAIR,300,2010-09-21 17:29:00,2.95,14933.0,Channel Islands
522808,22446,PIN CUSHION BABUSHKA PINK,6,2010-09-16 16:56:00,3.35,12921.0,United Kingdom
523195,20971,PINK BLUE FELT CRAFT TRINKET BOX,12,2010-09-21 08:25:00,1.25,13802.0,United Kingdom
519694,82482,WOODEN PICTURE FRAME WHITE FINISH,12,2010-08-19 14:11:00,2.55,13089.0,United Kingdom
522739,21060,PARTY INVITES BALLOON GIRL,3,2010-09-16 13:06:00,0.85,14963.0,United Kingdom
520744,22383,LUNCH BAG SUKI  DESIGN ,30,2010-08-31 10:47:00,1.65,13178.0,United Kingdom
519590,21217,RED SPOTTY ROUND CAKE TINS,2,2010-08-18 14:23:00,9.95,14680.0,United Kingdom
522340,85123A,WHITE HANGING HEART T-LIGHT HOLDER,64,2010-09-14 10:43:00,2.55,17616.0,United Kingdom
521642,85099F,JUMBO BAG STRAWBERRY,10,2010-09-07 13:04:00,1.95,14911.0,EIRE
522711,84692,BOX OF 24 COCKTAIL PARASOLS,1,2010-09-16 11:40:00,0.42,17348.0,United Kingdom
519993,85066,CREAM SWEETHEART MINI CHEST,2,2010-08-23 11:30:00,12.75,14249.0,United Kingdom
521202,21131,GOLD STANDING GNOME,1,2010-09-02 17:52:00,8.47,,United Kingdom
521392,22271,FELTCRAFT DOLL ROSIE,6,2010-09-05 14:40:00,2.95,16170.0,United Kingdom
520344,84991,60 TEATIME FAIRY CAKE CASES,24,2010-08-25 13:05:00,0.55,13680.0,United Kingdom
521031,21908,CHOCOLATE THIS WAY METAL SIGN,1,2010-09-01 17:17:00,4.21,,United Kingdom
522619,22578,WOODEN STAR CHRISTMAS SCANDINAVIAN,12,2010-09-15 15:08:00,0.85,16395.0,United Kingdom
519007,20914,SET/5 RED SPOTTY LID GLASS BOWLS,3,2010-08-12 19:21:00,2.95,14702.0,United Kingdom
522591,22383,LUNCH BAG SUKI  DESIGN ,10,2010-09-15 12:53:00,1.65,16940.0,United Kingdom
520059,84375,SET OF 20 KIDS COOKIE CUTTERS,2,2010-08-23 15:44:00,1.95,15003.0,United Kingdom
523343,85099B,JUMBO BAG RED RETROSPOT,4,2010-09-21 15:46:00,4.21,,United Kingdom
521566,85028S,FRENCH CHATEAU SMALL FRUITBOWL,48,2010-09-07 10:54:00,1.25,13694.0,United Kingdom
523014,21259,VICTORIAN SEWING BOX SMALL ,1,2010-09-20 10:20:00,12.72,,United Kingdom
522952,22492,MINI PAINT SET VINTAGE ,36,2010-09-19 11:25:00,0.65,14553.0,United Kingdom
520324,20982,12 PENCILS TALL TUBE SKULLS,12,2010-08-25 12:18:00,0.85,14334.0,United Kingdom
519180,20718,RED SPOTTY SHOPPER BAG,1,2010-08-13 14:46:00,2.51,,United Kingdom
518665,22156,HEART DECORATION WITH PEARLS ,60,2010-08-10 14:43:00,0.85,14478.0,United Kingdom
520848,22139,RETRO SPOT TEA SET CERAMIC 11 PC ,3,2010-08-31 12:52:00,4.95,12623.0,Germany
522057,85049C,ROMANTIC PINKS RIBBONS ,1,2010-09-10 15:48:00,1.25,,United Kingdom
522281,21647,ASSORTED TUTTI FRUTTI LARGE PURSE,1,2010-09-13 12:56:00,2.1,16374.0,United Kingdom
520582,21624,VINTAGE UNION JACK DOORSTOP,3,2010-08-27 10:38:00,5.95,17732.0,United Kingdom
520059,22353,LUNCH BOX WITH CUTLERY FAIRY CAKES ,1,2010-08-23 15:44:00,2.55,15003.0,United Kingdom
520819,21671,RED SPOT CERAMIC DRAWER KNOB,24,2010-08-31 11:53:00,1.25,13089.0,United Kingdom
522825,48173C,DOORMAT BLACK FLOCK ,10,2010-09-17 10:00:00,6.75,13093.0,United Kingdom
523132,15056BL,EDWARDIAN PARASOL BLACK,1,2010-09-20 14:02:00,5.95,17167.0,United Kingdom
519733,20665,RED SPOTTY PURSE ,6,2010-08-20 08:21:00,2.95,12519.0,Germany
520414,22350,ILLUSTRATED CAT BOWL ,1,2010-08-26 09:41:00,5.06,,United Kingdom
523311,48188,DOORMAT WELCOME PUPPIES,2,2010-09-21 13:13:00,16.98,,United Kingdom
C521303,22430,ENAMEL WATERING CAN CREAM,-1,2010-09-03 11:47:00,4.95,16235.0,United Kingdom
522968,22759,SET OF 3 NOTEBOOKS IN PARCEL,2,2010-09-19 13:05:00,1.65,13137.0,United Kingdom
523192,21026,SPACE OWL,10,2010-09-20 17:32:00,1.25,15167.0,United Kingdom
521822,84912B,GREEN ROSE WASHBAG,4,2010-09-09 10:37:00,3.75,12714.0,France
518851,20728,LUNCH BAG CARS BLUE,1,2010-08-12 12:21:00,1.65,15581.0,United Kingdom
520361,22663,JUMBO BAG DOLLY GIRL DESIGN,1,2010-08-25 13:44:00,1.95,13548.0,United Kingdom
519485,22104,MIRROR MOSAIC CANDLE PLATE,2,2010-08-17 13:35:00,1.45,17753.0,United Kingdom
520046,22323,PINK POLKADOT KIDS BAG,4,2010-08-23 14:38:00,1.95,15005.0,United Kingdom
519904,22570,FELTCRAFT CUSHION RABBIT,4,2010-08-22 13:28:00,3.75,16126.0,United Kingdom
521653,85152,HAND OVER THE CHOCOLATE   SIGN ,4,2010-09-07 13:52:00,2.1,13571.0,United Kingdom
521646,47566,PARTY BUNTING,1,2010-09-07 13:20:00,4.65,,United Kingdom
522116,21430,SET/3 RED GINGHAM ROSE STORAGE BOX,2,2010-09-12 16:08:00,3.75,17921.0,United Kingdom
522824,85150,LADIES & GENTLEMEN METAL SIGN,6,2010-09-17 09:52:00,2.55,14110.0,United Kingdom
522200,22473,TV DINNER TRAY VINTAGE PAISLEY,3,2010-09-13 11:58:00,4.95,,Lebanon
523304,20727,LUNCH BAG  BLACK SKULL.,2,2010-09-21 12:46:00,1.65,14688.0,United Kingdom
521486,21231,SWEETHEART CERAMIC TRINKET BOX,1,2010-09-06 13:36:00,2.51,,United Kingdom
519213,82482,WOODEN PICTURE FRAME WHITE FINISH,3,2010-08-15 11:24:00,2.55,17377.0,United Kingdom
519234,22279,POCKET BAG BLUE PAISLEY RED SPOT,6,2010-08-15 13:18:00,2.1,17618.0,United Kingdom
523291,21888,BINGO SET,3,2010-09-21 12:22:00,3.75,14534.0,United Kingdom
518774,22356,CHARLOTTE BAG PINK WITH WHITE SPOTS,1,2010-08-11 15:40:00,1.66,,United Kingdom
521365,21985,PACK OF 12 HEARTS DESIGN TISSUES ,24,2010-09-05 10:44:00,0.29,14911.0,EIRE
520214,22569,FELTCRAFT CUSHION BUTTERFLY,8,2010-08-25 07:46:00,3.75,14895.0,United Kingdom
519011,22198,LARGE POPCORN HOLDER ,12,2010-08-13 08:53:00,1.65,16592.0,United Kingdom
522281,22628,PICNIC BOXES SET OF 3 RETROSPOT ,2,2010-09-13 12:56:00,4.95,16374.0,United Kingdom
521117,22112,CHOCOLATE HOT WATER BOTTLE,4,2010-09-02 11:37:00,4.95,14562.0,United Kingdom
520076,20723,STRAWBERRY CHARLOTTE BAG,10,2010-08-24 09:44:00,0.85,12472.0,Germany
521532,85099B,JUMBO BAG RED RETROSPOT,20,2010-09-06 14:46:00,1.95,15122.0,United Kingdom
519640,22710,WRAP I LOVE LONDON ,200,2010-08-19 10:11:00,0.34,16684.0,United Kingdom
521169,21215,IVORY PAPER CUP CAKE CASES ,1,2010-09-02 15:09:00,2.13,,United Kingdom
521486,22601,CHRISTMAS RETROSPOT ANGEL WOOD,1,2010-09-06 13:36:00,1.66,,United Kingdom
522150,22639,SET OF 4 NAPKIN CHARMS HEARTS,6,2010-09-13 10:44:00,2.55,13613.0,United Kingdom
522464,22550,HOLIDAY FUN LUDO,1,2010-09-14 17:50:00,7.62,,United Kingdom
522093,20983,12 PENCILS TALL TUBE RED SPOTTY,2,2010-09-12 13:06:00,0.85,15406.0,United Kingdom
521390,84971S,SMALL HEART FLOWERS HOOK ,12,2010-09-05 14:03:00,0.85,16327.0,United Kingdom
520363,22753,SMALL YELLOW BABUSHKA NOTEBOOK ,2,2010-08-25 14:04:00,1.66,,United Kingdom
521375,22454,MEASURING TAPE BABUSHKA RED,6,2010-09-05 11:58:00,2.95,12647.0,Germany
519405,48185,DOORMAT FAIRY CAKE,10,2010-08-17 09:11:00,6.35,13798.0,United Kingdom
520989,22666,RECIPE BOX PANTRY YELLOW DESIGN,12,2010-09-01 13:12:00,2.95,13089.0,United Kingdom
521932,85031C,CURIOUS IMAGES SCRAP BOOK SET,1,2010-09-09 15:49:00,3.36,,United Kingdom
522093,22602,CHRISTMAS RETROSPOT HEART WOOD,6,2010-09-12 13:06:00,0.85,15406.0,United Kingdom
522279,22301,COFFEE MUG CAT + BIRD DESIGN,1,2010-09-13 12:52:00,2.55,,United Kingdom
523161,20943,SET/6 GINGERBREAD STAR T-LIGHTS,12,2010-09-20 15:24:00,1.25,14146.0,United Kingdom
523149,22808,SET OF 6 T-LIGHTS EASTER CHICKS,1,2010-09-20 14:49:00,2.95,17585.0,United Kingdom
519607,84406B,CREAM CUPID HEARTS COAT HANGER,3,2010-08-18 16:21:00,3.25,14505.0,United Kingdom
522435,21039,RED SPOTTY SHOPPING BAG,1,2010-09-14 13:45:00,2.55,14606.0,United Kingdom
521031,90104,PURPLE FRANGIPANI HAIRCLIP,2,2010-09-01 17:17:00,0.83,,United Kingdom
522967,22515,CHILDS GARDEN SPADE PINK,1,2010-09-19 13:02:00,2.1,18257.0,United Kingdom
521808,21915,RED  HARMONICA IN BOX ,12,2010-09-08 14:32:00,1.25,18041.0,United Kingdom
519380,21239,PINK  SPOTTY CUP,16,2010-08-16 13:36:00,0.85,12921.0,United Kingdom
521974,22248,DECORATION  PINK CHICK MAGIC GARDEN,1,2010-09-09 19:56:00,0.85,15861.0,United Kingdom
521546,21705,BAG 500g SWIRLY MARBLES,12,2010-09-06 15:28:00,1.65,13769.0,United Kingdom
520363,20978,36 PENCILS TUBE SKULLS,2,2010-08-25 14:04:00,2.51,,United Kingdom
520738,22150,3 STRIPEY MICE FELTCRAFT,6,2010-08-31 09:36:00,1.95,14837.0,United Kingdom
519896,22072,RED RETROSPOT TEA CUP AND SAUCER ,4,2010-08-22 13:09:00,3.75,13317.0,United Kingdom
522904,22867,HAND WARMER BIRD DESIGN,1,2010-09-17 12:45:00,2.1,17765.0,United Kingdom
522142,21429,RED GINGHAM ROSE JEWELLERY BOX,1,2010-09-13 10:32:00,3.36,,United Kingdom
519590,85123A,WHITE HANGING HEART T-LIGHT HOLDER,38,2010-08-18 14:23:00,2.55,14680.0,United Kingdom
519890,21212,PACK OF 72 RETRO SPOT CAKE CASES,2,2010-08-22 12:45:00,0.55,15443.0,United Kingdom
519341,22696,WICKER WREATH LARGE,10,2010-08-16 12:00:00,1.95,15050.0,United Kingdom
520071,47421,ASSORTED COLOUR LIZARD SUCTION HOOK,48,2010-08-24 08:21:00,0.36,14298.0,United Kingdom
522982,21428,SET3 BOOK BOX GREEN GINGHAM FLOWER ,2,2010-09-19 14:03:00,4.25,12867.0,United Kingdom
521693,22496,SET OF 2 ROUND TINS DUTCH CHEESE,6,2010-09-08 09:23:00,2.95,13333.0,United Kingdom
518875,22271,FELTCRAFT DOLL ROSIE,1,2010-08-12 13:02:00,2.95,14692.0,United Kingdom
522335,22636,CHILDS BREAKFAST SET CIRCUS PARADE,4,2010-09-14 10:13:00,8.5,12583.0,France
521541,21136,PAINTED METAL PEARS ASSORTED,8,2010-09-06 14:58:00,1.69,14915.0,United Kingdom
523213,20713,JUMBO BAG OWLS,20,2010-09-21 10:47:00,1.95,16945.0,United Kingdom
522792,21169,YOU'RE CONFUSING ME METAL SIGN ,12,2010-09-16 14:52:00,1.69,17706.0,United Kingdom
522141,21166,COOK WITH WINE METAL SIGN ,1,2010-09-13 10:32:00,4.21,,United Kingdom
519246,21977,PACK OF 60 PINK PAISLEY CAKE CASES,24,2010-08-15 14:34:00,0.55,,EIRE
519203,20711,JUMBO BAG TOYS ,10,2010-08-15 10:41:00,1.95,15898.0,United Kingdom
519027,84905,PINK BUTTERFLY CUSHION COVER ,1,2010-08-13 10:00:00,5.06,,United Kingdom
519867,22686,"FRENCH BLUE METAL DOOR SIGN, No",2,2010-08-20 16:05:00,1.25,17757.0,United Kingdom
520724,22197,SMALL POPCORN HOLDER,4,2010-08-29 15:07:00,0.85,17841.0,United Kingdom
522703,21929,JUMBO BAG PINK VINTAGE PAISLEY,10,2010-09-16 11:30:00,1.95,14911.0,EIRE
519246,21161,KEEP OUT BOYS DOOR HANGER ,12,2010-08-15 14:34:00,1.45,,EIRE
519008,84857C,PINK MONTE CARLO HANDBAG,12,2010-08-12 19:32:00,1.95,13969.0,United Kingdom
522079,21166,COOK WITH WINE METAL SIGN ,2,2010-09-12 11:38:00,1.95,15422.0,United Kingdom
522594,M,Manual,2,2010-09-15 13:21:00,0.21,16005.0,United Kingdom
522461,22652,TRAVEL SEWING KIT,3,2010-09-14 16:15:00,1.65,14381.0,United Kingdom
519245,22555,PLASTERS IN TIN STRONGMAN,6,2010-08-15 14:20:00,1.65,14097.0,United Kingdom
522172,21524,DOORMAT SPOTTY HOME SWEET HOME,2,2010-09-13 11:38:00,7.95,13004.0,United Kingdom
522863,22197,SMALL POPCORN HOLDER,250,2010-09-17 11:37:00,0.72,12931.0,United Kingdom
523311,22083,PAPER CHAIN KIT RETRO SPOT,5,2010-09-21 13:13:00,6.77,,United Kingdom
520039,20914,SET/5 RED SPOTTY LID GLASS BOWLS,6,2010-08-23 13:49:00,2.95,18223.0,United Kingdom
521570,22513,DOORSTOP FOOTBALL DESIGN,2,2010-09-07 11:43:00,3.75,15039.0,United Kingdom
519560,21935,SUKI  SHOULDER BAG,1,2010-08-18 11:34:00,3.36,,United Kingdom
519237,20725,LUNCH BAG RED SPOTTY,10,2010-08-15 13:26:00,1.65,13715.0,United Kingdom
523019,22334,DINOSAUR PARTY BAG + STICKER SET,2,2010-09-20 11:24:00,1.65,17811.0,United Kingdom
520055,48138,DOORMAT UNION FLAG,6,2010-08-23 15:03:00,7.49,18225.0,United Kingdom
522997,21121,SET/10 RED SPOTTY PARTY CANDLES,2,2010-09-19 15:47:00,1.25,16770.0,United Kingdom
521222,84997D,PINK 3 PIECE MINI DOTS CUTLERY SET,2,2010-09-03 10:39:00,3.75,17287.0,United Kingdom
519237,21755,LOVE BUILDING BLOCK WORD,2,2010-08-15 13:26:00,5.95,13715.0,United Kingdom
519464,84247K,"FOLK ART GREETING CARD,pack/12",2,2010-08-17 11:30:00,2.95,13278.0,United Kingdom
521822,84674,FLYING PIG WATERING CAN,12,2010-09-09 10:37:00,2.95,12714.0,France
519237,20726,LUNCH BAG WOODLAND,10,2010-08-15 13:26:00,1.65,13715.0,United Kingdom
520727,22151,PLACE SETTING WHITE HEART,24,2010-08-29 15:45:00,0.42,16755.0,United Kingdom
518881,22591,CARDHOLDER GINGHAM CHRISTMAS TREE,1,2010-08-12 13:14:00,2.55,13069.0,United Kingdom
522821,85061W,WHITE JEWELLED HEART DECORATION,24,2010-09-17 09:04:00,0.85,14734.0,United Kingdom
519227,35957,SMALLFOLKART BAUBLE CHRISTMAS DEC,96,2010-08-15 12:37:00,0.19,15789.0,United Kingdom
520061,20727,LUNCH BAG  BLACK SKULL.,3,2010-08-23 15:57:00,4.21,,United Kingdom
521515,21172,PARTY METAL SIGN ,2,2010-09-06 14:36:00,1.45,13736.0,United Kingdom
522466,85099C,JUMBO  BAG BAROQUE BLACK WHITE,10,2010-09-15 09:38:00,1.95,16748.0,United Kingdom
518660,21446,12 RED ROSE PEG PLACE SETTINGS,5,2010-08-10 14:03:00,2.51,,United Kingdom
520221,22691,DOORMAT WELCOME SUNRISE,1,2010-08-25 09:44:00,7.49,16456.0,United Kingdom
521668,85123A,WHITE HANGING HEART T-LIGHT HOLDER,12,2010-09-07 15:20:00,2.95,12819.0,United Kingdom
519923,21123,SET/10 IVORY SPOTTY PARTY CANDLES,24,2010-08-22 14:56:00,1.25,14560.0,United Kingdom
520726,22559,SEASIDE FLYING DISC,12,2010-08-29 15:43:00,1.25,17442.0,United Kingdom
520744,21499,BLUE SPOTS  WRAP,25,2010-08-31 10:47:00,0.42,13178.0,United Kingdom
520226,22457,NATURAL SLATE HEART CHALKBOARD ,6,2010-08-25 10:16:00,2.95,14344.0,United Kingdom
519550,21181,PLEASE ONE PERSON METAL SIGN,24,2010-08-18 10:37:00,2.1,14911.0,EIRE
C520090,22423,REGENCY CAKESTAND 3 TIER,-1,2010-08-24 11:09:00,12.75,17865.0,United Kingdom
518880,21622,VINTAGE UNION JACK CUSHION COVER,4,2010-08-12 13:11:00,4.95,17623.0,United Kingdom
520381,84836,ZINC METAL HEART DECORATION,12,2010-08-25 14:53:00,1.25,14260.0,United Kingdom
523376,82483,WOOD 2 DRAWER CABINET WHITE FINISH,6,2010-09-21 19:14:00,4.95,17850.0,United Kingdom
520337,84375,SET OF 20 KIDS COOKIE CUTTERS,4,2010-08-25 12:42:00,1.95,15950.0,United Kingdom
520738,21901,"KEY FOB , BACK DOOR ",24,2010-08-31 09:36:00,0.65,14837.0,United Kingdom
523114,84945,MULTI COLOUR SILVER T-LIGHT HOLDER,144,2010-09-20 12:34:00,0.85,17268.0,United Kingdom
520884,22196,SMALL HEART MEASURING SPOONS,2,2010-08-31 16:11:00,0.85,16919.0,United Kingdom
523002,84880,WHITE WIRE EGG HOLDER,2,2010-09-19 16:02:00,5.95,16655.0,United Kingdom
522594,21704,BAG 250g SWIRLY MARBLES,1,2010-09-15 13:21:00,0.85,16005.0,United Kingdom
519600,21361,LOVE LARGE WOOD LETTERS ,1,2010-08-18 15:47:00,12.75,15353.0,United Kingdom
522911,21889,WOODEN BOX OF DOMINOES,12,2010-09-17 13:38:00,1.25,14748.0,United Kingdom
522315,85099C,JUMBO  BAG BAROQUE BLACK WHITE,4,2010-09-13 15:14:00,4.21,,United Kingdom
521202,82494L,WOODEN FRAME ANTIQUE WHITE ,1,2010-09-02 17:52:00,7.62,,United Kingdom
523014,82483,WOOD 2 DRAWER CABINET WHITE FINISH,1,2010-09-20 10:20:00,12.72,,United Kingdom
520681,M,Manual,1,2010-08-27 15:28:00,2197.45,,United Kingdom
522641,22361,GLASS JAR DAISY FRESH COTTON WOOL,6,2010-09-16 10:22:00,2.95,12782.0,Portugal
520771,22327,ROUND SNACK BOXES SET OF 4 SKULLS,4,2010-08-31 11:19:00,6.77,,United Kingdom
520992,22625,RED KITCHEN SCALES,1,2010-09-01 13:29:00,16.98,,United Kingdom
522070,21755,LOVE BUILDING BLOCK WORD,9,2010-09-12 10:30:00,5.95,17377.0,United Kingdom
523313,22752,SET 7 BABUSHKA NESTING BOXES,4,2010-09-21 13:21:00,8.5,14936.0,Channel Islands
522421,POST,POSTAGE,1,2010-09-14 12:48:00,15.0,12778.0,Netherlands
521795,82494L,WOODEN FRAME ANTIQUE WHITE ,7,2010-09-08 13:57:00,2.95,,United Kingdom
519409,22198,LARGE POPCORN HOLDER ,12,2010-08-17 09:59:00,1.65,13945.0,United Kingdom
523129,20723,STRAWBERRY CHARLOTTE BAG,1,2010-09-20 13:44:00,0.85,17841.0,United Kingdom
522952,21917,SET 12 KIDS  WHITE CHALK STICKS,3,2010-09-19 11:25:00,0.42,14553.0,United Kingdom
521202,21385,IVORY HANGING DECORATION  HEART,2,2010-09-02 17:52:00,1.66,,United Kingdom
522967,22521,CHILDS GARDEN TROWEL PINK,1,2010-09-19 13:02:00,0.85,18257.0,United Kingdom
523351,82483,WOOD 2 DRAWER CABINET WHITE FINISH,4,2010-09-21 16:37:00,4.95,17850.0,United Kingdom
520410,84520B,PACK 20 ENGLISH ROSE PAPER NAPKINS,4,2010-08-26 09:35:00,0.85,16271.0,United Kingdom
522906,22663,JUMBO BAG DOLLY GIRL DESIGN,5,2010-09-17 12:54:00,1.95,17241.0,United Kingdom
522169,47591B,SCOTTIES CHILDRENS APRON,1,2010-09-13 11:28:00,1.66,,United Kingdom
522942,22865,HAND WARMER OWL DESIGN,12,2010-09-17 15:42:00,2.1,13552.0,United Kingdom
519011,85217,ASSORTED ICE CREAM FRIDGE MAGNETS,24,2010-08-13 08:53:00,0.65,16592.0,United Kingdom
521775,20676,RED SPOTTY BOWL,8,2010-09-08 12:38:00,1.25,13728.0,United Kingdom
521223,85064,CREAM SWEETHEART LETTER RACK,2,2010-09-03 10:43:00,5.45,17454.0,United Kingdom
520950,20676,RED SPOTTY BOWL,8,2010-09-01 11:23:00,1.25,13815.0,Germany
521205,22331,WOODLAND PARTY BAG + STICKER SET,2,2010-09-02 18:22:00,1.65,17324.0,United Kingdom
523014,21815,STAR  T-LIGHT HOLDER ,6,2010-09-20 10:20:00,2.98,,United Kingdom
523312,21791,VINTAGE HEADS AND TAILS CARD GAME ,1,2010-09-21 13:16:00,1.25,15041.0,United Kingdom
520401,20958,PORCELAIN HANGING BELL LARGE,4,2010-08-25 16:58:00,1.95,16448.0,United Kingdom
522250,21171,BATHROOM METAL SIGN ,12,2010-09-13 12:23:00,1.45,17426.0,United Kingdom
C521231,90173,PAIR BUTTERFLY HAIR CLIPS,-1,2010-09-03 11:11:00,3.75,,United Kingdom
522792,22114,HOT WATER BOTTLE TEA AND SYMPATHY,12,2010-09-16 14:52:00,3.95,17706.0,United Kingdom
519929,84580,MOUSE TOY WITH PINK T-SHIRT,2,2010-08-22 15:39:00,3.75,17589.0,United Kingdom
519005,22753,SMALL YELLOW BABUSHKA NOTEBOOK ,1,2010-08-12 19:18:00,0.85,16549.0,United Kingdom
519462,22754,SMALL RED BABUSHKA NOTEBOOK ,24,2010-08-17 11:21:00,0.85,17511.0,United Kingdom
519237,20724,RED SPOTTY CHARLOTTE BAG,10,2010-08-15 13:26:00,0.85,13715.0,United Kingdom
520856,21928,JUMBO BAG SCANDINAVIAN PAISLEY,10,2010-08-31 13:26:00,1.95,16458.0,United Kingdom
522092,22659,LUNCH BOX I LOVE LONDON,2,2010-09-12 13:03:00,1.95,15006.0,United Kingdom
523356,21715,GIRLS VINTAGE TIN SEASIDE BUCKET,32,2010-09-21 17:10:00,2.1,14911.0,EIRE
519177,21673,WHITE SPOT BLUE CERAMIC DRAWER KNOB,6,2010-08-13 14:40:00,1.25,17589.0,United Kingdom
522748,22452,MEASURING TAPE BABUSHKA PINK,1,2010-09-16 13:18:00,2.95,13243.0,United Kingdom
519783,22704,WRAP RED APPLES ,25,2010-08-20 11:45:00,0.42,16562.0,United Kingdom
522720,22114,HOT WATER BOTTLE TEA AND SYMPATHY,4,2010-09-16 12:20:00,3.95,16912.0,United Kingdom
519594,22120,WELCOME  WOODEN BLOCK LETTERS,2,2010-08-18 14:43:00,9.95,16769.0,United Kingdom
522981,82482,WOODEN PICTURE FRAME WHITE FINISH,36,2010-09-19 14:03:00,2.1,18094.0,United Kingdom
522016,21258,VICTORIAN SEWING BOX LARGE,2,2010-09-10 11:30:00,12.75,15291.0,United Kingdom
521357,90086,CRYSTAL FROG PHONE CHARM,1,2010-09-03 16:04:00,1.66,,United Kingdom
521693,22555,PLASTERS IN TIN STRONGMAN,12,2010-09-08 09:23:00,1.65,13333.0,United Kingdom
520697,82583,HOT BATHS METAL SIGN,24,2010-08-29 11:03:00,2.1,16923.0,United Kingdom
518752,21385,IVORY HANGING DECORATION  HEART,24,2010-08-11 12:39:00,0.85,17716.0,United Kingdom
522337,22940,FELTCRAFT CHRISTMAS FAIRY,10,2010-09-14 10:34:00,4.25,13440.0,United Kingdom
522299,21357,TOAST ITS - DINOSAUR,5,2010-09-13 14:49:00,1.25,16550.0,United Kingdom
522792,71038,WHITE HANGING BEADS CANDLE HOLDER,6,2010-09-16 14:52:00,5.45,17706.0,United Kingdom
520680,21708,FOLDING UMBRELLA  CREAM/MULTI  SPOT,4,2010-08-27 15:14:00,4.95,15480.0,Malta
520023,46000S,POLYESTER FILLER PAD 40x40cm,8,2010-08-23 12:27:00,1.45,13999.0,United Kingdom
521205,21988,PACK OF 6 SKULL PAPER PLATES,1,2010-09-02 18:22:00,0.85,17324.0,United Kingdom
519343,21162,TOXIC AREA  DOOR HANGER ,12,2010-08-16 12:12:00,1.45,12687.0,Sweden
519576,21260,FIRST AID TIN,12,2010-08-18 12:47:00,3.25,13381.0,United Kingdom
523311,22379,RECYCLING BAG RETROSPOT ,2,2010-09-21 13:13:00,5.06,,United Kingdom
519196,22556,PLASTERS IN TIN CIRCUS PARADE ,4,2010-08-13 18:25:00,4.21,,United Kingdom
519358,21741,COSY SLIPPER SHOES LARGE GREEN,1,2010-08-16 12:36:00,5.91,,United Kingdom
520948,22697,GREEN REGENCY TEACUP AND SAUCER,24,2010-09-01 11:05:00,2.55,14646.0,Netherlands
521898,21754,HOME BUILDING BLOCK WORD,2,2010-09-09 12:24:00,5.95,17243.0,United Kingdom
522138,21559,STRAWBERRY LUNCH BOX WITH CUTLERY,1,2010-09-13 10:30:00,5.06,,United Kingdom
C519679,20676,RED SPOTTY BOWL,-8,2010-08-19 12:37:00,1.25,16278.0,United Kingdom
519811,84199,GLOW IN DARK DOLPHINS,24,2010-08-20 12:53:00,0.21,13520.0,Switzerland
523308,22151,PLACE SETTING WHITE HEART,48,2010-09-21 13:06:00,0.42,14156.0,EIRE
522835,84077,WORLD WAR 2 GLIDERS ASSTD DESIGNS,48,2010-09-17 10:37:00,0.29,15362.0,United Kingdom
521486,22332,SKULLS PARTY BAG + STICKER SET,1,2010-09-06 13:36:00,3.36,,United Kingdom
522981,84029G,KNITTED UNION FLAG HOT WATER BOTTLE,24,2010-09-19 14:03:00,3.39,18094.0,United Kingdom
519933,82483,WOOD 2 DRAWER CABINET WHITE FINISH,2,2010-08-22 16:07:00,5.95,16409.0,United Kingdom
522331,21700,BIG DOUGHNUT FRIDGE MAGNETS,12,2010-09-14 09:05:00,0.85,15639.0,United Kingdom
519192,90082A,DIAMANTE BOW BROOCH GREEN COLOUR,1,2010-08-13 16:58:00,6.35,14525.0,United Kingdom
520972,85231B,CINAMMON SET OF 9 T-LIGHTS,2,2010-09-01 12:38:00,0.85,12391.0,Cyprus
523324,22086,PAPER CHAIN KIT 50'S CHRISTMAS ,6,2010-09-21 14:12:00,2.95,17438.0,United Kingdom
520363,22593,CHRISTMAS GINGHAM STAR,1,2010-08-25 14:04:00,1.66,,United Kingdom
518687,22149,FELTCRAFT 6 FLOWER FRIENDS,6,2010-08-11 10:16:00,2.1,15837.0,United Kingdom
519714,85217,ASSORTED ICE CREAM FRIDGE MAGNETS,60,2010-08-19 15:45:00,0.65,17829.0,United Arab Emirates
521650,21186,WHITE DOVE HONEYCOMB PAPER GARLAND,24,2010-09-07 13:36:00,1.65,14060.0,United Kingdom
523002,21823,PAINTED METAL HEART WITH HOLLY BELL,9,2010-09-19 16:02:00,1.45,16655.0,United Kingdom
523302,22959,WRAP CHRISTMAS VILLAGE,25,2010-09-21 12:43:00,0.42,14911.0,EIRE
522902,22212,FOUR HOOK  WHITE LOVEBIRDS,6,2010-09-17 12:29:00,2.1,12554.0,Spain
520073,22585,PACK OF 6 BIRDY GIFT TAGS,12,2010-08-24 09:12:00,1.25,13870.0,United Kingdom
518775,22227,"DECORATION, HANGING HEART+MIRROR ",10,2010-08-11 15:46:00,1.28,,United Kingdom
518660,15056N,EDWARDIAN PARASOL NATURAL,1,2010-08-10 14:03:00,12.72,,United Kingdom
521544,22139,RETRO SPOT TEA SET CERAMIC 11 PC ,12,2010-09-06 15:12:00,4.95,16705.0,United Kingdom
518948,85123A,WHITE HANGING HEART T-LIGHT HOLDER,6,2010-08-12 15:01:00,2.95,15874.0,United Kingdom
522952,21755,LOVE BUILDING BLOCK WORD,3,2010-09-19 11:25:00,5.95,14553.0,United Kingdom
518819,21164,HOME SWEET HOME METAL SIGN ,1,2010-08-12 10:36:00,5.91,,United Kingdom
521786,84879,ASSORTED COLOUR BIRD ORNAMENT,160,2010-09-08 12:47:00,1.45,15793.0,United Kingdom
522820,22679,"FRENCH BLUE METAL DOOR SIGN, 4",10,2010-09-17 08:38:00,1.25,15841.0,United Kingdom
522912,21807,WHITE CHRISTMAS STAR DECORATION,4,2010-09-17 13:47:00,0.42,17289.0,United Kingdom
522995,22713,CARD I LOVE LONDON ,12,2010-09-19 15:40:00,0.42,14606.0,United Kingdom
523150,22557,PLASTERS IN TIN VINTAGE PAISLEY ,1,2010-09-20 14:52:00,3.36,,United Kingdom
523322,21407,BROWN CHECK CAT DOORSTOP ,3,2010-09-21 13:50:00,4.25,15329.0,United Kingdom
522166,22464,HANGING METAL HEART LANTERN,6,2010-09-13 11:20:00,1.65,17504.0,United Kingdom
519656,22131,FOOD CONTAINER SET 3 LOVE HEART ,6,2010-08-19 10:58:00,1.95,12647.0,Germany
519419,22469,HEART OF WICKER SMALL,12,2010-08-17 10:29:00,1.65,12431.0,Australia
519385,21497,FANCY FONTS BIRTHDAY WRAP,25,2010-08-16 14:15:00,0.42,16168.0,United Kingdom
519252,22236,CAKE STAND 3 TIER MAGIC GARDEN,2,2010-08-15 15:26:00,12.75,17841.0,United Kingdom
521999,84406B,CREAM CUPID HEARTS COAT HANGER,2,2010-09-10 11:09:00,3.25,14445.0,United Kingdom
519832,22326,ROUND SNACK BOXES SET OF4 WOODLAND ,1,2010-08-20 15:14:00,2.95,16401.0,United Kingdom
519358,21311,SET/4 BIRD MIRROR MAGNETS ,1,2010-08-16 12:36:00,3.36,,United Kingdom
521389,22059,CERAMIC STRWBERRY DESIGN MUG,1,2010-09-05 14:01:00,1.49,13032.0,United Kingdom
522299,22667,RECIPE BOX RETRO SPOT DESIGN,2,2010-09-13 14:49:00,2.95,16550.0,United Kingdom
522466,21928,JUMBO BAG SCANDINAVIAN PAISLEY,10,2010-09-15 09:38:00,1.95,16748.0,United Kingdom
518910,72799E,IVORY PILLAR CANDLE SILVER FLOCK,4,2010-08-12 14:35:00,2.95,15984.0,United Kingdom
518771,22690,DOORMAT HOME SWEET HOME BLUE ,1,2010-08-11 15:21:00,7.49,14736.0,United Kingdom
519560,21849,SILVER DIAMANTE PEN IN GIFT BOX,2,2010-08-18 11:34:00,4.21,,United Kingdom
522298,21558,SKULL LUNCH BOX WITH CUTLERY ,12,2010-09-13 14:45:00,2.55,14913.0,United Kingdom
519868,21328,BALLOONS  WRITING SET ,1,2010-08-20 16:21:00,3.36,,United Kingdom
520878,84406B,CREAM CUPID HEARTS COAT HANGER,7,2010-08-31 15:36:00,3.25,,United Kingdom
520081,21982,PACK OF 12 SUKI TISSUES ,24,2010-08-24 10:39:00,0.29,15222.0,United Kingdom
522963,22474,SPACEBOY TV DINNER TRAY,3,2010-09-19 12:40:00,4.95,16053.0,United Kingdom
519027,16237,SLEEPING CAT ERASERS,1,2010-08-13 10:00:00,0.43,,United Kingdom
518663,35980C,REDWHITE STRIPE SCANDINAVIAN HEART ,10,2010-08-10 14:27:00,0.38,14044.0,United Kingdom
519251,22577,WOODEN HEART CHRISTMAS SCANDINAVIAN,54,2010-08-15 15:20:00,0.85,17107.0,United Kingdom
521544,22423,REGENCY CAKESTAND 3 TIER,6,2010-09-06 15:12:00,12.75,16705.0,United Kingdom
520680,20671,BLUE TEATIME PRINT BOWL ,8,2010-08-27 15:14:00,1.25,15480.0,Malta
519246,20985,HEART CALCULATOR,12,2010-08-15 14:34:00,1.25,,EIRE
521811,85232B,SET OF 3 BABUSHKA STACKING TINS,2,2010-09-08 14:57:00,4.95,16713.0,United Kingdom
519868,22381,TOY TIDY PINK RETROSPOT  ,1,2010-08-20 16:21:00,4.21,,United Kingdom
522816,85099C,JUMBO  BAG BAROQUE BLACK WHITE,20,2010-09-16 19:17:00,1.95,17594.0,United Kingdom
522443,21121,SET/10 RED SPOTTY PARTY CANDLES,4,2010-09-14 14:30:00,1.25,15998.0,United Kingdom
518660,84832,ZINC WILLIE WINKIE  CANDLE STICK,4,2010-08-10 14:03:00,1.66,,United Kingdom
519462,22673,FRENCH GARDEN SIGN BLUE METAL,12,2010-08-17 11:21:00,1.25,17511.0,United Kingdom
519658,21082,SET/20 FRUIT SALAD PAPER NAPKINS ,2,2010-08-19 11:32:00,0.85,16225.0,United Kingdom
520412,84970s,HANGING HEART ZINC T-LIGHT HOLDER,7,2010-08-26 09:36:00,2.13,,United Kingdom
520968,84988,SET OF 72 PINK HEART PAPER DOILIES,12,2010-09-01 12:21:00,1.45,14299.0,United Kingdom
521958,21673,WHITE SPOT BLUE CERAMIC DRAWER KNOB,12,2010-09-09 18:14:00,1.25,12708.0,Germany
519891,82494L,WOODEN FRAME ANTIQUE WHITE ,6,2010-08-22 12:52:00,2.95,14869.0,United Kingdom
521796,21123,SET/10 IVORY SPOTTY PARTY CANDLES,2,2010-09-08 13:57:00,1.25,17220.0,United Kingdom
520893,21528,DAIRY MAID TRADITIONAL TEAPOT ,1,2010-08-31 17:31:00,6.95,16819.0,United Kingdom
519660,82581,TOILET METAL SIGN,12,2010-08-19 11:48:00,0.55,17159.0,United Kingdom
519262,21232,STRAWBERRY CERAMIC TRINKET BOX,12,2010-08-16 08:49:00,1.25,16186.0,United Kingdom
523004,22110,BIRD HOUSE HOT WATER BOTTLE,1,2010-09-19 16:18:00,2.55,13451.0,United Kingdom
C522736,21238,RED SPOTTY CUP,-1,2010-09-16 12:57:00,0.85,15521.0,United Kingdom
521381,21485,RED SPOT HEART HOT WATER BOTTLE,3,2010-09-05 12:33:00,4.95,13506.0,United Kingdom
519682,21034,REX CASH+CARRY JUMBO SHOPPER,1,2010-08-19 12:48:00,0.95,16529.0,United Kingdom
522333,22356,CHARLOTTE BAG PINK WITH WHITE SPOTS,20,2010-09-14 09:43:00,0.85,12483.0,Sweden
519732,21533,RETRO SPOT LARGE MILK JUG,1,2010-08-19 20:00:00,4.95,17884.0,United Kingdom
521357,82483,WOOD 2 DRAWER CABINET WHITE FINISH,1,2010-09-03 16:04:00,12.72,,United Kingdom
520720,21034,REX CASH+CARRY JUMBO SHOPPER,1,2010-08-29 14:36:00,0.95,13069.0,United Kingdom
522024,21982,PACK OF 12 SUKI TISSUES ,12,2010-09-10 11:40:00,0.29,17228.0,United Kingdom
520847,22453,MEASURING TAPE BABUSHKA BLUE,1,2010-08-31 12:48:00,2.95,16791.0,United Kingdom
519473,82552,WASHROOM METAL SIGN,1,2010-08-17 12:03:00,2.51,,United Kingdom
522914,22170,PICTURE FRAME WOOD TRIPLE PORTRAIT,4,2010-09-17 13:53:00,6.75,17139.0,United Kingdom
520019,22492,MINI PAINT SET VINTAGE ,36,2010-08-23 12:01:00,0.65,15683.0,United Kingdom
520061,84029E,RED WOOLLY HOTTIE WHITE HEART.,1,2010-08-23 15:57:00,7.62,,United Kingdom
522277,21622,VINTAGE UNION JACK CUSHION COVER,2,2010-09-13 12:51:00,4.95,16458.0,United Kingdom
521473,21004,ROSE DU SUD CHILDRENS APRON,1,2010-09-06 12:16:00,4.25,15719.0,United Kingdom
518931,37441,,3,2010-08-12 14:43:00,0.0,,United Kingdom
518664,22151,PLACE SETTING WHITE HEART,4,2010-08-10 14:31:00,1.66,,United Kingdom
522385,44089C,LILAC GAUZE BUTTERFLY LAMPSHADE,6,2010-09-14 11:15:00,0.42,16919.0,United Kingdom
520878,22358,KINGS CHOICE TEA CADDY ,1,2010-08-31 15:36:00,5.91,,United Kingdom
521219,22189,CREAM HEART CARD HOLDER,36,2010-09-03 10:13:00,3.39,13089.0,United Kingdom
519502,22468,BABUSHKA LIGHTS STRING OF 10,24,2010-08-17 15:08:00,5.95,17513.0,United Kingdom
519246,22481,BLACK TEA TOWEL CLASSIC DESIGN,3,2010-08-15 14:34:00,1.25,,EIRE
523097,22810,SET OF 6 T-LIGHTS SNOWMEN,6,2010-09-20 12:21:00,2.95,17055.0,United Kingdom
522464,84969,BOX OF 6 ASSORTED COLOUR TEASPOONS,1,2010-09-14 17:50:00,8.47,,United Kingdom
520192,22662,LUNCH BAG DOLLY GIRL DESIGN,10,2010-08-24 14:46:00,1.65,14766.0,United Kingdom
522029,85068,CREAM SWEETHEART SHELF + HOOKS,2,2010-09-10 12:05:00,7.95,12474.0,Germany
519027,37343,SPOTS DESIGN MUG W PINK INSIDE,4,2010-08-13 10:00:00,3.36,,United Kingdom
C519225,37449,CERAMIC CAKE STAND + HANGING CAKES,-2,2010-08-15 12:35:00,8.5,15311.0,United Kingdom
519834,22681,"FRENCH BLUE METAL DOOR SIGN, 6",10,2010-08-20 15:20:00,1.25,17675.0,United Kingdom
518791,85123A,WHITE HANGING HEART T-LIGHT HOLDER,6,2010-08-12 09:43:00,2.95,16477.0,United Kingdom
519792,22029,SPACEBOY BIRTHDAY CARD,12,2010-08-20 12:20:00,0.42,12865.0,Austria
521796,16237,SLEEPING CAT ERASERS,2,2010-09-08 13:57:00,0.21,17220.0,United Kingdom
520508,21907,I'M ON HOLIDAY METAL SIGN,12,2010-08-26 13:00:00,2.1,13802.0,United Kingdom
522315,21790,VINTAGE SNAP CARDS,1,2010-09-13 15:14:00,1.66,,United Kingdom
522917,85049G,CHOCOLATE BOX RIBBONS ,12,2010-09-17 14:10:00,1.25,12425.0,Portugal
519529,84510A,SET OF 4 ENGLISH ROSE COASTERS,10,2010-08-18 10:29:00,1.25,13320.0,United Kingdom
521477,22444,GROW YOUR OWN PLANT IN A CAN ,24,2010-09-06 12:43:00,1.25,12986.0,United Kingdom
521004,21928,JUMBO BAG SCANDINAVIAN PAISLEY,10,2010-09-01 13:59:00,1.95,13399.0,United Kingdom
523305,85123A,WHITE HANGING HEART T-LIGHT HOLDER,3,2010-09-21 12:49:00,2.95,12751.0,Brazil
519384,22280,POCKET BAG PINK PAISELY BROWN SPOT,2,2010-08-16 14:12:00,2.1,18109.0,United Kingdom
519580,37444B,BLUE BREAKFAST CUP AND SAUCER ,2,2010-08-18 13:11:00,2.95,16675.0,United Kingdom
521307,22335,HEART DECORATION PAINTED ZINC ,11,2010-09-03 11:49:00,0.65,16823.0,United Kingdom
521357,22089,PAPER BUNTING VINTAGE PAISLEY,2,2010-09-03 16:04:00,5.91,,United Kingdom
520824,85099C,JUMBO  BAG BAROQUE BLACK WHITE,1,2010-08-31 12:30:00,4.21,,United Kingdom
523005,22112,CHOCOLATE HOT WATER BOTTLE,4,2010-09-19 16:20:00,4.95,12748.0,United Kingdom
523014,37491D,PURPLE/BLUE CERAMIC CANDLE HOLDER,1,2010-09-20 10:20:00,3.36,,United Kingdom
521488,21774,DECORATIVE CATS BATHROOM BOTTLE,1,2010-09-06 13:42:00,2.51,,United Kingdom
523124,22909,SET OF 20 VINTAGE CHRISTMAS NAPKINS,768,2010-09-20 13:26:00,0.64,18251.0,United Kingdom
519682,22644,CERAMIC CHERRY CAKE MONEY BANK,8,2010-08-19 12:48:00,1.45,16529.0,United Kingdom
520685,22755,SMALL PURPLE BABUSHKA NOTEBOOK ,1,2010-08-27 15:49:00,1.66,,United Kingdom
521568,21428,SET3 BOOK BOX GREEN GINGHAM FLOWER ,16,2010-09-07 10:59:00,3.75,17511.0,United Kingdom
519194,21670,BLUE SPOT CERAMIC DRAWER KNOB,6,2010-08-13 17:13:00,1.25,16345.0,United Kingdom
518664,71459,HANGING JAM JAR T-LIGHT HOLDER,4,2010-08-10 14:31:00,1.69,,United Kingdom
521945,22670,FRENCH WC SIGN BLUE METAL,12,2010-09-09 16:54:00,1.25,16095.0,United Kingdom
519229,15056N,EDWARDIAN PARASOL NATURAL,1,2010-08-15 12:42:00,5.95,15311.0,United Kingdom
523328,22115,METAL SIGN EMPIRE TEA,6,2010-09-21 14:26:00,2.95,17865.0,United Kingdom
520850,21790,VINTAGE SNAP CARDS,72,2010-08-31 12:59:00,0.72,16656.0,United Kingdom
521478,84968B,SET OF 16 VINTAGE IVORY CUTLERY,1,2010-09-06 12:55:00,12.75,17841.0,United Kingdom
523155,79066K,RETRO MOD TRAY,2,2010-09-20 15:03:00,0.85,14668.0,United Kingdom
521220,22557,PLASTERS IN TIN VINTAGE PAISLEY ,12,2010-09-03 10:24:00,1.65,12808.0,Portugal
519602,20726,LUNCH BAG WOODLAND,20,2010-08-18 16:00:00,1.65,18226.0,United Kingdom
523348,21519,GIN & TONIC DIET GREETING CARD ,12,2010-09-21 16:26:00,0.36,17850.0,United Kingdom
521871,21531,RED RETROSPOT SUGAR JAM BOWL,2,2010-09-09 11:20:00,2.55,16972.0,United Kingdom
521202,22629,SPACEBOY LUNCH BOX ,2,2010-09-02 17:52:00,1.95,,United Kingdom
519732,84991,60 TEATIME FAIRY CAKE CASES,1,2010-08-19 20:00:00,0.55,17884.0,United Kingdom
521353,21671,RED SPOT CERAMIC DRAWER KNOB,2,2010-09-03 14:41:00,1.25,18036.0,United Kingdom
520405,15056BL,EDWARDIAN PARASOL BLACK,3,2010-08-25 17:27:00,5.95,17338.0,United Kingdom
523346,21955,DOORMAT UNION JACK GUNS AND ROSES,1,2010-09-21 16:06:00,14.43,,United Kingdom
520719,35400,WOODEN BOX ADVENT CALENDAR ,1,2010-08-29 14:30:00,8.95,17792.0,United Kingdom
521182,72130,COLUMBIAN CANDLE ROUND,96,2010-09-02 16:14:00,0.19,14298.0,United Kingdom
522723,20727,LUNCH BAG  BLACK SKULL.,1,2010-09-16 12:27:00,1.65,14701.0,United Kingdom
519177,72807B,SET/3 OCEAN SCENT CANDLE JEWEL BOX,3,2010-08-13 14:40:00,4.25,17589.0,United Kingdom
522083,22197,SMALL POPCORN HOLDER,12,2010-09-12 11:47:00,0.85,16218.0,United Kingdom
521381,48185,DOORMAT FAIRY CAKE,2,2010-09-05 12:33:00,7.49,13506.0,United Kingdom
519230,22470,HEART OF WICKER LARGE,6,2010-08-15 13:03:00,2.95,16756.0,United Kingdom
520363,21915,RED  HARMONICA IN BOX ,1,2010-08-25 14:04:00,2.51,,United Kingdom
522041,21588,RETRO SPOT GIANT  TUBE MATCHES,12,2010-09-10 12:32:00,2.55,16858.0,United Kingdom
C519459,84949,SILVER HANGING T-LIGHT HOLDER,-4,2010-08-17 11:03:00,1.65,17340.0,United Kingdom
520166,22550,HOLIDAY FUN LUDO,3,2010-08-24 12:55:00,3.75,17774.0,United Kingdom
521403,22548,HEADS AND TAILS SPORTING FUN,12,2010-09-06 10:19:00,1.25,12744.0,Singapore
519785,71459,HANGING JAM JAR T-LIGHT HOLDER,12,2010-08-20 11:57:00,0.85,18286.0,United Kingdom
520570,22073,RED RETROSPOT STORAGE JAR,1,2010-08-26 20:07:00,3.75,16549.0,United Kingdom
519938,21533,RETRO SPOT LARGE MILK JUG,3,2010-08-23 09:23:00,4.95,15260.0,United Kingdom
520680,20677,PINK SPOTTY BOWL,8,2010-08-27 15:14:00,1.25,15480.0,Malta
522291,21801,CHRISTMAS TREE DECORATION WITH BELL,36,2010-09-13 14:26:00,0.42,16625.0,United Kingdom
522967,22587,FELTCRAFT HAIRBAND RED AND BLUE,9,2010-09-19 13:02:00,0.85,18257.0,United Kingdom
523318,85033G,,-2,2010-09-21 13:32:00,0.0,,United Kingdom
522122,22661,CHARLOTTE BAG DOLLY GIRL DESIGN,10,2010-09-13 09:29:00,0.85,17416.0,United Kingdom
520685,22628,PICNIC BOXES SET OF 3 RETROSPOT ,1,2010-08-27 15:49:00,10.17,,United Kingdom
519595,22080,RIBBON REEL SPOTS DESIGN ,10,2010-08-18 15:10:00,1.65,17492.0,United Kingdom
521916,22386,JUMBO BAG PINK WITH WHITE SPOTS,4,2010-09-09 13:52:00,1.95,16809.0,United Kingdom
519785,21926,RED/CREAM STRIPE CUSHION COVER ,12,2010-08-20 11:57:00,1.25,18286.0,United Kingdom
520891,21611,SET OF 12 LILY BOTANICAL T-LIGHTS,1,2010-08-31 17:17:00,2.95,,United Kingdom
519473,22426,ENAMEL WASH BOWL CREAM,1,2010-08-17 12:03:00,7.62,,United Kingdom
523150,22816,CARD MOTORBIKE SANTA,1,2010-09-20 14:52:00,0.85,,United Kingdom
520192,21172,PARTY METAL SIGN ,12,2010-08-24 14:46:00,1.45,14766.0,United Kingdom
523011,48189,DOORMAT FRIENDSHIP ,10,2010-09-20 10:07:00,6.75,13881.0,United Kingdom
522054,48188,DOORMAT WELCOME PUPPIES,2,2010-09-10 15:42:00,7.95,15078.0,United Kingdom
519404,22505,MEMO BOARD COTTAGE DESIGN,24,2010-08-17 08:56:00,4.25,14646.0,Netherlands
519905,22617,BAKING SET SPACEBOY DESIGN,3,2010-08-22 13:36:00,4.95,14855.0,United Kingdom
522310,21002,ROSE DU SUD DRAWSTRING BAG,2,2010-09-13 15:12:00,3.36,,United Kingdom
521221,82552,WASHROOM METAL SIGN,12,2010-09-03 10:31:00,1.25,16353.0,United Kingdom
519883,22628,PICNIC BOXES SET OF 3 RETROSPOT ,12,2010-08-22 11:47:00,4.95,16004.0,United Kingdom
520384,82581,TOILET METAL SIGN,12,2010-08-25 14:58:00,0.55,17470.0,United Kingdom
523291,22403,MAGNETS PACK OF 4 VINTAGE LABELS ,1,2010-09-21 12:22:00,1.25,14534.0,United Kingdom
522839,22318,FIVE HEART HANGING DECORATION,6,2010-09-17 10:46:00,2.95,16146.0,United Kingdom
519027,85099B,JUMBO BAG RED RETROSPOT,1,2010-08-13 10:00:00,4.21,,United Kingdom
520186,22411,JUMBO SHOPPER VINTAGE RED PAISLEY,2,2010-08-24 14:20:00,1.95,13567.0,United Kingdom
518686,37495,FAIRY CAKE BIRTHDAY CANDLE SET,4,2010-08-11 09:40:00,3.75,13717.0,United Kingdom
519611,22679,"FRENCH BLUE METAL DOOR SIGN, 4",5,2010-08-18 17:30:00,1.25,16984.0,United Kingdom
519718,21805,WHITE CHRISTMAS TREE DECORATION ,36,2010-08-19 16:19:00,0.42,13479.0,United Kingdom
521912,85152,HAND OVER THE CHOCOLATE   SIGN ,1,2010-09-09 13:23:00,2.1,15005.0,United Kingdom
523117,22698,PINK REGENCY TEACUP AND SAUCER,6,2010-09-20 12:53:00,2.95,16316.0,United Kingdom
521148,22101,MIRROR MOSAIC VOTIVE HOLDER,6,2010-09-02 13:27:00,2.1,16065.0,United Kingdom
519341,85049C,ROMANTIC PINKS RIBBONS ,6,2010-08-16 12:00:00,1.25,15050.0,United Kingdom
522051,21670,BLUE SPOT CERAMIC DRAWER KNOB,12,2010-09-10 14:50:00,1.25,13319.0,United Kingdom
C518682,22607,WOODEN ROUNDERS GARDEN SET ,-2,2010-08-10 17:27:00,8.5,17799.0,United Kingdom
520833,46000S,POLYESTER FILLER PAD 40x40cm,100,2010-08-31 12:41:00,0.0,,United Kingdom
519734,22417,PACK OF 60 SPACEBOY CAKE CASES,24,2010-08-20 09:01:00,0.55,12826.0,United Kingdom
522107,22579,WOODEN TREE CHRISTMAS SCANDINAVIAN,4,2010-09-12 14:44:00,0.85,16208.0,United Kingdom
519939,21126,SET OF 6 GIRLS CELEBRATION CANDLES,12,2010-08-23 09:48:00,1.25,14565.0,United Kingdom
521119,22385,JUMBO BAG SPACEBOY DESIGN,5,2010-09-02 11:45:00,1.95,17068.0,United Kingdom
520602,82484,WOOD BLACK BOARD ANT WHITE FINISH,3,2010-08-27 11:57:00,6.45,14499.0,United Kingdom
519177,21670,BLUE SPOT CERAMIC DRAWER KNOB,12,2010-08-13 14:40:00,1.25,17589.0,United Kingdom
519560,79067,CORONA MEXICAN TRAY,1,2010-08-18 11:34:00,8.47,,United Kingdom
523357,21504,SKULLS GREETING CARD,12,2010-09-21 17:21:00,0.36,17850.0,United Kingdom
520701,20971,PINK BLUE FELT CRAFT TRINKET BOX,24,2010-08-29 11:38:00,1.25,15058.0,United Kingdom
521617,22406,MONEY BOX KINGS CHOICE DESIGN,24,2010-09-07 12:53:00,1.25,16336.0,United Kingdom
523194,22536,MAGIC DRAWING SLATE PURDEY,48,2010-09-21 08:12:00,0.42,13375.0,United Kingdom
518708,72760B,VINTAGE CREAM 3 BASKET CAKE STAND,3,2010-08-11 10:51:00,9.95,14693.0,United Kingdom
521035,21213,PACK OF 72 SKULL CAKE CASES,24,2010-09-02 08:57:00,0.55,16258.0,United Kingdom
520685,21403,BLUE EGG  SPOON,1,2010-08-27 15:49:00,0.85,,United Kingdom
519005,82605,OLD DOC RUSSEL METAL SIGN,1,2010-08-12 19:18:00,2.1,16549.0,United Kingdom
519722,85124A,PINK JUICY FRUIT PHOTO FRAME,9,2010-08-19 16:53:00,2.1,12435.0,Denmark
519125,22595,CHRISTMAS GINGHAM HEART,12,2010-08-13 12:23:00,0.85,15255.0,United Kingdom
519607,82551,LAUNDRY 15C METAL SIGN,3,2010-08-18 16:21:00,1.25,14505.0,United Kingdom
523203,22661,CHARLOTTE BAG DOLLY GIRL DESIGN,10,2010-09-21 09:51:00,0.85,14152.0,United Kingdom
519342,POST,POSTAGE,1,2010-08-16 12:10:00,280.0,12687.0,Sweden
523343,21891,TRADITIONAL WOODEN SKIPPING ROPE,1,2010-09-21 15:46:00,2.51,,United Kingdom
520337,22548,HEADS AND TAILS SPORTING FUN,6,2010-08-25 12:42:00,1.25,15950.0,United Kingdom
522250,21232,STRAWBERRY CERAMIC TRINKET BOX,12,2010-09-13 12:23:00,1.25,17426.0,United Kingdom
519888,22579,WOODEN TREE CHRISTMAS SCANDINAVIAN,2,2010-08-22 12:12:00,0.85,16814.0,United Kingdom
521888,47591D,PINK FAIRY CAKE CHILDRENS APRON,50,2010-09-09 11:43:00,1.65,12770.0,Japan
522814,22561,WOODEN SCHOOL COLOURING SET,12,2010-09-16 18:24:00,1.65,12921.0,United Kingdom
523019,47590B,PINK HAPPY BIRTHDAY BUNTING,1,2010-09-20 11:24:00,5.45,17811.0,United Kingdom
519728,21175,GIN + TONIC DIET METAL SIGN,12,2010-08-19 18:13:00,2.1,16743.0,United Kingdom
518783,22667,RECIPE BOX RETRO SPOT DESIGN,1,2010-08-11 16:44:00,2.95,16033.0,United Kingdom
518948,21763,VINTAGE WOODEN BAR STOOL,1,2010-08-12 15:01:00,29.95,15874.0,United Kingdom
522987,21733,RED HANGING HEART T-LIGHT HOLDER,10,2010-09-19 14:51:00,2.95,17625.0,United Kingdom
520428,22619,SET OF 6 SOLDIER SKITTLES,36,2010-08-26 11:13:00,3.75,18093.0,United Kingdom
519929,20726,LUNCH BAG WOODLAND,6,2010-08-22 15:39:00,1.65,17589.0,United Kingdom
522622,21828,EIGHT PIECE SNAKE  SET,2,2010-09-15 15:32:00,1.25,17589.0,United Kingdom
521118,21977,PACK OF 60 PINK PAISLEY CAKE CASES,24,2010-09-02 11:45:00,0.55,14092.0,United Kingdom
518774,21523,DOORMAT FANCY FONT HOME SWEET HOME,1,2010-08-11 15:40:00,14.43,,United Kingdom
522978,22867,HAND WARMER BIRD DESIGN,2,2010-09-19 13:51:00,2.1,17085.0,United Kingdom
519343,22545,MINI JIGSAW BUNNIES,48,2010-08-16 12:12:00,0.42,12687.0,Sweden
519826,22215,CAKE STAND WHITE TWO TIER LACE,12,2010-08-20 14:47:00,7.65,17526.0,United Kingdom
522302,84992,72 SWEETHEART FAIRY CAKE CASES,24,2010-09-13 14:56:00,0.55,15271.0,United Kingdom
519240,21754,HOME BUILDING BLOCK WORD,3,2010-08-15 13:44:00,5.95,14996.0,United Kingdom
522461,85049A,TRADITIONAL CHRISTMAS RIBBONS,3,2010-09-14 16:15:00,1.25,14381.0,United Kingdom
519664,22173,METAL 4 HOOK HANGER FRENCH CHATEAU,1,2010-08-19 12:12:00,5.91,,United Kingdom
521692,20675,BLUE SPOTTY BOWL,8,2010-09-08 08:18:00,1.25,14911.0,EIRE
521486,22699,ROSES REGENCY TEACUP AND SAUCER ,1,2010-09-06 13:36:00,5.91,,United Kingdom
519613,90000B,MIDNIGHT BLUE COPPER FLOWER NECKLAC,2,2010-08-18 17:43:00,5.95,15154.0,United Kingdom
518660,21929,JUMBO BAG PINK VINTAGE PAISLEY,10,2010-08-10 14:03:00,4.21,,United Kingdom
519722,21915,RED  HARMONICA IN BOX ,36,2010-08-19 16:53:00,1.25,12435.0,Denmark
521662,22300,COFFEE MUG DOG + BALL DESIGN,3,2010-09-07 14:31:00,2.55,16952.0,United Kingdom
521554,22624,IVORY KITCHEN SCALES,2,2010-09-06 16:16:00,8.5,15489.0,United Kingdom
521366,22383,LUNCH BAG SUKI  DESIGN ,1,2010-09-05 10:54:00,1.65,16782.0,United Kingdom
526242,21481,FAWN BLUE HOT WATER BOTTLE,6,2010-10-11 09:18:00,2.95,14911.0,EIRE
524211,22464,HANGING METAL HEART LANTERN,12,2010-09-28 10:42:00,1.65,14423.0,United Kingdom
523424,22910,PAPER CHAIN KIT VINTAGE CHRISTMAS,40,2010-09-22 10:19:00,2.55,14739.0,United Kingdom
524490,22383,LUNCH BAG SUKI  DESIGN ,2,2010-09-29 12:22:00,1.65,14451.0,United Kingdom
526865,22565,FELTCRAFT HAIRBANDS PINK AND WHITE ,1,2010-10-13 13:12:00,0.85,15356.0,United Kingdom
527124,22138,BAKING SET 9 PIECE RETROSPOT ,48,2010-10-14 19:46:00,4.25,14088.0,United Kingdom
524327,71143,SILVER BOOK MARK WITH BEADS,1,2010-09-28 15:07:00,2.51,,United Kingdom
527520,84568,GIRLS ALPHABET IRON ON PATCHES ,9,2010-10-18 13:18:00,0.43,,United Kingdom
523864,20724,RED RETROSPOT CHARLOTTE BAG,6,2010-09-24 12:24:00,0.85,15034.0,United Kingdom
526638,85017B,ENVELOPE 50 BLOSSOM IMAGES,1,2010-10-12 13:19:00,0.85,,United Kingdom
527149,72741,GRAND CHOCOLATECANDLE,9,2010-10-15 11:07:00,1.45,15817.0,United Kingdom
526756,22669,RED BABY BUNTING ,10,2010-10-13 10:29:00,2.95,12424.0,Australia
523993,22601,CHRISTMAS RETROSPOT ANGEL WOOD,5,2010-09-26 14:43:00,0.85,16161.0,United Kingdom
523572,22121,NOEL WOODEN BLOCK LETTERS ,5,2010-09-22 16:04:00,5.95,13576.0,United Kingdom
525030,85135B,BLUE DRAGONFLY HELICOPTER,1,2010-10-03 12:18:00,7.95,15351.0,United Kingdom
525943,22198,LARGE POPCORN HOLDER ,12,2010-10-07 17:37:00,1.65,18223.0,United Kingdom
524765,22556,PLASTERS IN TIN CIRCUS PARADE ,1,2010-09-30 15:47:00,3.36,,United Kingdom
526383,22716,CARD CIRCUS PARADE,12,2010-10-11 12:33:00,0.42,14412.0,United Kingdom
524507,85123A,WHITE HANGING HEART T-LIGHT HOLDER,6,2010-09-29 12:41:00,2.95,14891.0,United Kingdom
524441,84978,HANGING HEART JAR T-LIGHT HOLDER,36,2010-09-29 11:15:00,1.06,14275.0,United Kingdom
523990,22315,200 RED + WHITE BENDY STRAWS,9,2010-09-26 14:20:00,1.25,14688.0,United Kingdom
524864,22752,SET 7 BABUSHKA NESTING BOXES,2,2010-10-01 09:02:00,8.5,14564.0,Channel Islands
523524,22398,MAGNETS PACK OF 4 SWALLOWS,3,2010-09-22 13:07:00,1.25,14570.0,United Kingdom
524765,21791,VINTAGE HEADS AND TAILS CARD GAME ,1,2010-09-30 15:47:00,2.51,,United Kingdom
524566,21892,TRADITIONAL WOODEN CATCH CUP GAME ,12,2010-09-29 15:02:00,1.25,15129.0,United Kingdom
525753,22573,STAR WOODEN CHRISTMAS DECORATION,5,2010-10-07 10:19:00,1.66,,United Kingdom
527087,22706,WRAP COWBOYS  ,25,2010-10-14 15:49:00,0.42,14291.0,United Kingdom
525995,22327,ROUND SNACK BOXES SET OF 4 SKULLS,1,2010-10-08 11:31:00,2.95,17196.0,United Kingdom
526647,90085,CRYSTAL STILETTO PHONE CHARM,12,2010-10-12 13:39:00,0.85,12748.0,United Kingdom
526217,21693,SMALL HAMMERED SILVER CANDLEPOT ,18,2010-10-10 14:30:00,2.95,14390.0,United Kingdom
526564,22807,SET OF 6 T-LIGHTS TOADSTOOLS,2,2010-10-12 11:39:00,2.95,16161.0,United Kingdom
525459,22867,HAND WARMER BIRD DESIGN,5,2010-10-05 14:46:00,2.1,17091.0,United Kingdom
523958,47566,PARTY BUNTING,50,2010-09-26 12:21:00,3.75,14626.0,United Kingdom
523821,22729,ALARM CLOCK BAKELIKE ORANGE,4,2010-09-24 11:55:00,3.75,15658.0,United Kingdom
526741,72586,SET OF 6 HALLOWEEN GHOST T-LIGHTS,72,2010-10-12 18:16:00,0.42,16701.0,United Kingdom
525221,35004C,SET OF 3 COLOURED  FLYING DUCKS,1,2010-10-04 12:51:00,12.72,,United Kingdom
527561,84029G,KNITTED UNION FLAG HOT WATER BOTTLE,2,2010-10-18 13:30:00,3.75,14606.0,United Kingdom
527099,22839,3 TIER CAKE TIN GREEN AND CREAM,6,2010-10-14 16:30:00,14.95,15123.0,United Kingdom
527426,22083,PAPER CHAIN KIT RETROSPOT,6,2010-10-17 16:16:00,2.95,17703.0,United Kingdom
524337,22575,METAL MERRY CHRISTMAS WREATH,8,2010-09-28 15:46:00,1.95,14410.0,United Kingdom
527053,20886,BOX OF 9 PEBBLE CANDLES,3,2010-10-14 13:05:00,1.95,14343.0,United Kingdom
525288,82494L,WOODEN FRAME ANTIQUE WHITE ,12,2010-10-05 08:45:00,2.95,14440.0,United Kingdom
524210,22952,72 CAKE CASES VINTAGE CHRISTMAS,24,2010-09-28 10:40:00,0.55,14634.0,United Kingdom
526738,85114B,IVORY ENCHANTED FOREST PLACEMAT,1,2010-10-12 18:02:00,3.36,,United Kingdom
525995,21187,WHITE BELL HONEYCOMB PAPER GARLAND ,2,2010-10-08 11:31:00,1.65,17196.0,United Kingdom
527042,22699,ROSES REGENCY TEACUP AND SAUCER ,12,2010-10-14 12:31:00,2.95,14911.0,EIRE
524724,22377,BOTTLE BAG RETROSPOT ,5,2010-09-30 14:07:00,2.1,14742.0,United Kingdom
525753,84991,60 TEATIME FAIRY CAKE CASES,1,2010-10-07 10:19:00,1.28,,United Kingdom
525883,71477,COLOUR GLASS. STAR T-LIGHT HOLDER,4,2010-10-07 14:28:00,3.25,13652.0,United Kingdom
524999,22835,HOT WATER BOTTLE I AM SO POORLY,1,2010-10-01 17:34:00,9.32,,United Kingdom
C525532,22355,CHARLOTTE BAG SUKI DESIGN,-1,2010-10-05 19:05:00,0.85,12468.0,Germany
526916,21212,PACK OF 72 RETROSPOT CAKE CASES,2,2010-10-13 16:20:00,1.28,,United Kingdom
523792,22588,CARD HOLDER GINGHAM HEART,1,2010-09-24 11:34:00,2.55,14994.0,United Kingdom
526897,22689,DOORMAT MERRY CHRISTMAS RED ,2,2010-10-13 14:57:00,7.95,13663.0,United Kingdom
524828,85049G,CHOCOLATE BOX RIBBONS ,12,2010-09-30 17:05:00,1.25,12705.0,Germany
527507,47559B,TEA TIME OVEN GLOVE,3,2010-10-18 12:43:00,1.25,17085.0,United Kingdom
525973,21172,PARTY METAL SIGN ,1,2010-10-08 10:22:00,4.21,,United Kingdom
527379,22158,3 HEARTS HANGING DECORATION RUSTIC,8,2010-10-17 12:52:00,2.95,13527.0,United Kingdom
527247,22866,HAND WARMER SCOTTY DOG DESIGN,3,2010-10-15 12:22:00,2.1,15957.0,United Kingdom
524982,16238,PARTY TIME PENCIL ERASERS,3,2010-10-01 15:28:00,0.21,12926.0,United Kingdom
523915,22895,,-100,2010-09-24 16:13:00,0.0,,United Kingdom
523515,71053,WHITE METAL LANTERN,1,2010-09-22 12:44:00,3.75,15039.0,United Kingdom
525410,22629,SPACEBOY LUNCH BOX ,12,2010-10-05 12:37:00,1.95,16393.0,United Kingdom
526396,21989,PACK OF 20 SKULL PAPER NAPKINS,1,2010-10-11 13:28:00,0.85,18109.0,United Kingdom
526647,21535,RED RETROSPOT SMALL MILK JUG,1,2010-10-12 13:39:00,2.55,12748.0,United Kingdom
525113,22551,PLASTERS IN TIN SPACEBOY,36,2010-10-04 11:30:00,1.65,13329.0,United Kingdom
524828,85049F,BABY BOOM RIBBONS ,12,2010-09-30 17:05:00,1.25,12705.0,Germany
525308,21249,WOODLAND  HEIGHT CHART STICKERS ,6,2010-10-05 10:23:00,2.95,12644.0,Germany
527124,47570B,TEA TIME TABLE CLOTH,10,2010-10-14 19:46:00,10.65,14088.0,United Kingdom
527401,22810,SET OF 6 T-LIGHTS SNOWMEN,1,2010-10-17 14:17:00,2.95,14507.0,United Kingdom
524389,20871,OPULENT VELVET SET/3 CANDLES,24,2010-09-28 18:23:00,1.25,16600.0,United Kingdom
525037,21983,PACK OF 12 BLUE PAISLEY TISSUES ,48,2010-10-03 12:40:00,0.29,14911.0,EIRE
527473,20983,12 PENCILS TALL TUBE RED RETROSPOT,2,2010-10-18 11:22:00,0.85,15900.0,United Kingdom
525761,21803,CHRISTMAS TREE STAR DECORATION,72,2010-10-07 10:37:00,0.42,16325.0,United Kingdom
527280,22297,HEART IVORY TRELLIS SMALL,24,2010-10-15 13:37:00,1.25,16576.0,United Kingdom
527424,22665,RECIPE BOX BLUE SKETCHBOOK DESIGN,1,2010-10-17 16:08:00,2.95,15068.0,United Kingdom
526181,37444A,YELLOW BREAKFAST CUP AND SAUCER,2,2010-10-10 11:47:00,2.95,12862.0,United Kingdom
523658,20711,JUMBO BAG TOYS ,4,2010-09-23 13:38:00,1.95,15023.0,United Kingdom
525010,82583,HOT BATHS METAL SIGN,5,2010-10-03 10:51:00,2.1,16923.0,United Kingdom
524146,85014A,BLACK/BLUE DOTS RUFFLED UMBRELLA,3,2010-09-27 15:24:00,5.95,16211.0,United Kingdom
524765,20724,RED RETROSPOT CHARLOTTE BAG,1,2010-09-30 15:47:00,1.66,,United Kingdom
524599,84539,KNITTED RABBIT DOLL ,12,2010-09-29 16:34:00,1.65,,United Kingdom
526089,22342,HOME GARLAND PAINTED ZINC ,12,2010-10-08 12:14:00,1.65,15281.0,United Kingdom
526028,21955,DOORMAT UNION JACK GUNS AND ROSES,1,2010-10-08 11:45:00,7.95,16549.0,United Kingdom
526487,21207,SKULL AND CROSSBONES  GARLAND ,48,2010-10-12 08:26:00,1.45,14135.0,United Kingdom
527123,20972,PINK CREAM FELT CRAFT TRINKET BOX ,12,2010-10-14 19:39:00,1.25,12694.0,France
526637,22694,WICKER STAR ,8,2010-10-12 13:16:00,2.1,14688.0,United Kingdom
527451,22169,FAMILY ALBUM WHITE PICTURE FRAME,2,2010-10-18 10:02:00,8.5,13957.0,United Kingdom
C525940,21813,GARLAND WITH STARS AND BELLS,-12,2010-10-07 17:23:00,4.95,15614.0,United Kingdom
523960,21412,VINTAGE GOLD TINSEL REEL,2,2010-09-26 12:51:00,0.42,16340.0,United Kingdom
523984,21340,CLASSIC METAL BIRDCAGE PLANT HOLDER,24,2010-09-26 14:04:00,9.95,15093.0,United Kingdom
527444,22355,CHARLOTTE BAG SUKI DESIGN,2,2010-10-18 09:28:00,1.66,,United Kingdom
523615,21791,VINTAGE HEADS AND TAILS CARD GAME ,12,2010-09-23 10:51:00,1.25,13107.0,United Kingdom
525856,22591,CARDHOLDER GINGHAM CHRISTMAS TREE,3,2010-10-07 13:05:00,2.55,13569.0,United Kingdom
524958,84509a,SET OF 4 ENGLISH ROSE PLACEMATS,1,2010-10-01 13:30:00,7.62,,United Kingdom
523835,22696,WICKER WREATH LARGE,12,2010-09-24 12:03:00,1.95,16140.0,United Kingdom
526649,21807,WHITE CHRISTMAS STAR DECORATION,36,2010-10-12 13:50:00,0.42,17685.0,United Kingdom
525577,20969,RED FLORAL FELTCRAFT SHOULDER BAG,8,2010-10-06 10:41:00,3.75,16253.0,United Kingdom
524856,22866,HAND WARMER SCOTTY DOG DESIGN,3,2010-09-30 19:43:00,2.1,14713.0,United Kingdom
525959,85202,HANGING WOOD AND FELT HEART,3,2010-10-07 19:51:00,0.42,16111.0,United Kingdom
524306,22743,MAKE YOUR OWN FLOWERPOWER CARD KIT,6,2010-09-28 13:51:00,2.95,17007.0,United Kingdom
525716,48194,DOORMAT HEARTS,4,2010-10-06 14:34:00,7.95,14329.0,United Kingdom
525928,22502,PICNIC BASKET WICKER SMALL,1,2010-10-07 16:48:00,5.95,16072.0,United Kingdom
526564,22809,SET OF 6 T-LIGHTS SANTA,6,2010-10-12 11:39:00,2.95,16161.0,United Kingdom
526857,22630,DOLLY GIRL LUNCH BOX,6,2010-10-13 12:59:00,1.95,16279.0,United Kingdom
526418,21328,BALLOONS  WRITING SET ,2,2010-10-11 14:33:00,1.65,15898.0,United Kingdom
525879,20971,PINK BLUE FELT CRAFT TRINKET BOX,12,2010-10-07 14:24:00,1.25,15228.0,United Kingdom
525012,22750,FELTCRAFT PRINCESS LOLA DOLL,4,2010-10-03 11:01:00,3.75,16848.0,United Kingdom
525869,20726,LUNCH BAG WOODLAND,4,2010-10-07 13:35:00,1.65,14963.0,United Kingdom
524107,84823,DANISH ROSE FOLDING CHAIR,1,2010-09-27 13:10:00,39.95,15616.0,United Kingdom
525477,22699,ROSES REGENCY TEACUP AND SAUCER ,6,2010-10-05 15:32:00,2.95,15122.0,United Kingdom
526217,22579,WOODEN TREE CHRISTMAS SCANDINAVIAN,2,2010-10-10 14:30:00,0.85,14390.0,United Kingdom
526419,22867,HAND WARMER BIRD DESIGN,12,2010-10-11 14:38:00,2.1,14299.0,United Kingdom
526647,22561,WOODEN SCHOOL COLOURING SET,3,2010-10-12 13:39:00,1.65,12748.0,United Kingdom
527415,22119,PEACE WOODEN BLOCK LETTERS,1,2010-10-17 15:21:00,6.95,16421.0,United Kingdom
527407,21892,TRADITIONAL WOODEN CATCH CUP GAME ,1,2010-10-17 14:44:00,1.25,17141.0,United Kingdom
524267,21249,WOODLAND  HEIGHT CHART STICKERS ,6,2010-09-28 11:44:00,2.95,17364.0,United Kingdom
526759,22573,STAR WOODEN CHRISTMAS DECORATION,12,2010-10-13 10:46:00,0.85,18075.0,United Kingdom
525524,22469,HEART OF WICKER SMALL,2,2010-10-05 17:55:00,1.65,15750.0,United Kingdom
527277,21989,PACK OF 20 SKULL PAPER NAPKINS,20,2010-10-15 13:21:00,0.85,16779.0,United Kingdom
526170,21484,CHICK GREY HOT WATER BOTTLE,4,2010-10-10 10:48:00,3.45,15179.0,United Kingdom
524087,20726,LUNCH BAG WOODLAND,1,2010-09-27 11:41:00,4.21,,United Kingdom
526248,22617,BAKING SET SPACEBOY DESIGN,12,2010-10-11 10:15:00,4.95,13090.0,United Kingdom
525960,22719,GUMBALL MONOCHROME COAT RACK,2,2010-10-07 19:56:00,1.25,13230.0,United Kingdom
525013,22130,PARTY CONE CHRISTMAS DECORATION ,12,2010-10-03 11:15:00,0.85,14911.0,EIRE
525282,85038,6 CHOCOLATE LOVE HEART T-LIGHTS,18,2010-10-05 08:27:00,2.1,17740.0,United Kingdom
524577,22090,PAPER BUNTING RETROSPOT,6,2010-09-29 16:14:00,2.95,16202.0,United Kingdom
527149,84944,SET OF 6 KASHMIR FOLKART BAUBLES,4,2010-10-15 11:07:00,4.25,15817.0,United Kingdom
526513,35400,WOODEN BOX ADVENT CALENDAR ,2,2010-10-12 11:04:00,8.95,15039.0,United Kingdom
524210,22578,WOODEN STAR CHRISTMAS SCANDINAVIAN,12,2010-09-28 10:40:00,0.85,14634.0,United Kingdom
524563,22357,KINGS CHOICE BISCUIT TIN,4,2010-09-29 14:43:00,4.25,15985.0,United Kingdom
524017,85123A,WHITE HANGING HEART T-LIGHT HOLDER,6,2010-09-27 10:09:00,2.95,15469.0,United Kingdom
524842,22411,JUMBO SHOPPER VINTAGE RED PAISLEY,10,2010-09-30 18:02:00,1.95,12951.0,United Kingdom
527306,85152,HAND OVER THE CHOCOLATE   SIGN ,5,2010-10-15 14:45:00,2.1,13052.0,United Kingdom
C526116,37495,FAIRY CAKE BIRTHDAY CANDLE SET,-6,2010-10-08 13:21:00,3.75,13014.0,United Kingdom
523661,20972,PINK CREAM FELT CRAFT TRINKET BOX ,12,2010-09-23 14:06:00,1.25,14857.0,United Kingdom
526738,22291,"SPRING DEC , HANGING CHICK CREAM",1,2010-10-12 18:02:00,2.98,,United Kingdom
525959,21401,BLUE PUDDING SPOON,3,2010-10-07 19:51:00,0.42,16111.0,United Kingdom
527436,22796,PHOTO FRAME 3 CLASSIC HANGING,2,2010-10-18 08:11:00,9.95,15786.0,United Kingdom
527086,22837,HOT WATER BOTTLE BABUSHKA ,2,2010-10-14 15:45:00,4.65,17965.0,United Kingdom
526512,21028,NINJA RABBIT BLACK,10,2010-10-12 11:04:00,1.25,14981.0,United Kingdom
523994,22834,HAND WARMER BABUSHKA DESIGN,1,2010-09-26 15:07:00,2.1,16549.0,United Kingdom
523960,20971,PINK BLUE FELT CRAFT TRINKET BOX,3,2010-09-26 12:51:00,1.25,16340.0,United Kingdom
523841,22077,6 RIBBONS RUSTIC CHARM,12,2010-09-24 12:11:00,1.65,14934.0,Channel Islands
524525,22865,HAND WARMER OWL DESIGN,3,2010-09-29 13:15:00,2.1,14449.0,United Kingdom
525276,21668,RED STRIPE CERAMIC DRAWER KNOB,1,2010-10-04 16:44:00,2.51,,United Kingdom
C527031,22796,PHOTO FRAME 3 CLASSIC HANGING,-1,2010-10-14 12:14:00,9.95,15696.0,United Kingdom
523994,22571,ROCKING HORSE RED CHRISTMAS ,1,2010-09-26 15:07:00,0.85,16549.0,United Kingdom
523792,M,Manual,1,2010-09-24 11:34:00,1.0,14994.0,United Kingdom
526405,22549,PICTURE DOMINOES,1,2010-10-11 13:53:00,3.36,,United Kingdom
526907,21929,JUMBO BAG PINK VINTAGE PAISLEY,10,2010-10-13 15:22:00,1.95,17978.0,United Kingdom
526853,22152,PLACE SETTING WHITE STAR,24,2010-10-13 12:48:00,0.42,12540.0,Spain
523994,47566B,TEA TIME PARTY BUNTING,5,2010-09-26 15:07:00,4.65,16549.0,United Kingdom
526634,22138,BAKING SET 9 PIECE RETROSPOT ,1,2010-10-12 13:07:00,4.95,13440.0,United Kingdom
527141,47566,PARTY BUNTING,5,2010-10-15 10:17:00,4.65,13136.0,United Kingdom
527471,22470,HEART OF WICKER LARGE,6,2010-10-18 11:16:00,2.95,14395.0,United Kingdom
524730,22867,HAND WARMER BIRD DESIGN,4,2010-09-30 14:25:00,2.1,16958.0,United Kingdom
525975,22946,WOODEN ADVENT CALENDAR CREAM,2,2010-10-08 10:26:00,16.95,17920.0,United Kingdom
524184,82483,WOOD 2 DRAWER CABINET WHITE FINISH,4,2010-09-27 17:15:00,5.95,14030.0,United Kingdom
523989,22949,36 DOILIES DOLLY GIRL,12,2010-09-26 14:15:00,1.45,14105.0,United Kingdom
527384,21524,DOORMAT SPOTTY HOME SWEET HOME,1,2010-10-17 13:02:00,7.95,14044.0,United Kingdom
524827,22161,HEART DECORATION RUSTIC HANGING ,24,2010-09-30 16:45:00,0.65,12523.0,France
527362,71477,COLOUR GLASS. STAR T-LIGHT HOLDER,24,2010-10-17 10:57:00,2.75,14907.0,United Kingdom
525755,21231,SWEETHEART CERAMIC TRINKET BOX,1,2010-10-07 10:23:00,2.51,,United Kingdom
523989,22352,LUNCH BOX WITH CUTLERY RETROSPOT ,6,2010-09-26 14:15:00,2.55,14105.0,United Kingdom
524116,21350,GINGHAM HEART WREATH,2,2010-09-27 13:49:00,2.95,18109.0,United Kingdom
526181,21416,CLAM SHELL LARGE,1,2010-10-10 11:47:00,3.75,12862.0,United Kingdom
523989,22107,PIZZA PLATE IN BOX,4,2010-09-26 14:15:00,3.75,14105.0,United Kingdom
525276,22750,FELTCRAFT PRINCESS LOLA DOLL,1,2010-10-04 16:44:00,7.62,,United Kingdom
523664,22750,FELTCRAFT PRINCESS LOLA DOLL,1,2010-09-23 14:15:00,3.75,15005.0,United Kingdom
527116,22626,BLACK KITCHEN SCALES,4,2010-10-14 17:59:00,8.5,16523.0,United Kingdom
523971,22666,RECIPE BOX PANTRY YELLOW DESIGN,2,2010-09-26 13:53:00,2.95,15967.0,United Kingdom
524832,22595,CHRISTMAS GINGHAM HEART,12,2010-09-30 17:15:00,0.85,14568.0,Channel Islands
525953,22139,RETROSPOT TEA SET CERAMIC 11 PC ,2,2010-10-07 19:16:00,4.95,13291.0,United Kingdom
526865,22548,HEADS AND TAILS SPORTING FUN,1,2010-10-13 13:12:00,1.25,15356.0,United Kingdom
523448,47480,HANGING PHOTO CLIP ROPE LADDER,12,2010-09-22 11:19:00,1.65,12578.0,Italy
524965,21328,BALLOONS  WRITING SET ,2,2010-10-01 14:07:00,1.65,17555.0,United Kingdom
526091,21918,SET 12 KIDS COLOUR  CHALK STICKS,4,2010-10-08 12:18:00,0.42,13564.0,United Kingdom
524691,22940,FELTCRAFT CHRISTMAS FAIRY,4,2010-09-30 11:51:00,4.25,18178.0,United Kingdom
525276,22561,WOODEN SCHOOL COLOURING SET,2,2010-10-04 16:44:00,3.36,,United Kingdom
525290,22745,POPPY'S PLAYHOUSE BEDROOM ,6,2010-10-05 08:46:00,2.1,18241.0,United Kingdom
524967,21900,"KEY FOB , SHED",24,2010-10-01 14:31:00,0.65,16570.0,United Kingdom
524174,85109,PINK BOUDOIR T-LIGHT HOLDER,1872,2010-09-27 16:30:00,0.07,13687.0,United Kingdom
524861,82494L,WOODEN FRAME ANTIQUE WHITE ,12,2010-10-01 08:19:00,2.95,13784.0,United Kingdom
523661,22812,PACK 3 BOXES CHRISTMAS PANNETONE,12,2010-09-23 14:06:00,1.95,14857.0,United Kingdom
525017,22467,GUMBALL COAT RACK,6,2010-10-03 11:35:00,2.55,13014.0,United Kingdom
527657,21900,"KEY FOB , SHED",24,2010-10-18 14:12:00,0.65,16141.0,United Kingdom
524990,84406B,CREAM CUPID HEARTS COAT HANGER,16,2010-10-01 16:11:00,3.25,17858.0,United Kingdom
525283,20713,JUMBO BAG OWLS,20,2010-10-05 08:29:00,1.95,14282.0,United Kingdom
527392,22898,CHILDRENS APRON APPLES DESIGN,3,2010-10-17 13:28:00,1.95,14044.0,United Kingdom
525447,22065,CHRISTMAS PUDDING TRINKET POT ,4,2010-10-05 13:57:00,1.45,16348.0,United Kingdom
527370,22499,WOODEN UNION JACK BUNTING,1,2010-10-17 11:58:00,5.95,14479.0,United Kingdom
526907,16169C,WRAP BLUE REINDEER,25,2010-10-13 15:22:00,0.42,17978.0,United Kingdom
524218,21541,DINOSAURS WATER TRANSFER TATTOOS ,12,2010-09-28 10:52:00,0.85,12759.0,Netherlands
527155,22355,CHARLOTTE BAG SUKI DESIGN,1,2010-10-15 11:22:00,1.66,,United Kingdom
526712,22697,GREEN REGENCY TEACUP AND SAUCER,6,2010-10-12 16:38:00,2.95,14154.0,United Kingdom
525747,22362,GLASS JAR PEACOCK BATH SALTS,6,2010-10-07 09:28:00,2.95,13382.0,United Kingdom
527380,22420,LIPSTICK PEN BABY PINK,11,2010-10-17 12:52:00,0.42,14953.0,United Kingdom
525221,20979,36 PENCILS TUBE RED RETROSPOT,1,2010-10-04 12:51:00,2.51,,United Kingdom
527017,21158,MOODY GIRL DOOR HANGER ,12,2010-10-14 11:43:00,1.45,14696.0,United Kingdom
525300,21212,PACK OF 72 RETROSPOT CAKE CASES,48,2010-10-05 09:43:00,0.55,12516.0,Germany
525493,21547,CERAMIC BIRDHOUSE CRESTED TIT SMALL,3,2010-10-05 16:18:00,2.95,17576.0,United Kingdom
526403,22189,CREAM HEART CARD HOLDER,1,2010-10-11 13:49:00,8.47,,United Kingdom
527478,22799,SWEETHEART WIRE FRUIT BOWL,4,2010-10-18 11:33:00,8.5,14952.0,United Kingdom
526747,21903,MAN FLU METAL SIGN,12,2010-10-13 09:32:00,2.1,16625.0,United Kingdom
526163,84992,72 SWEETHEART FAIRY CAKE CASES,1,2010-10-08 17:28:00,0.55,15579.0,United Kingdom
524111,22950,36 DOILIES VINTAGE CHRISTMAS,36,2010-09-27 13:22:00,1.45,12471.0,Germany
527399,22776,SWEETHEART CAKESTAND 3 TIER,2,2010-10-17 13:58:00,9.95,15590.0,United Kingdom
527247,85049B,LUSH GREENS RIBBONS,1,2010-10-15 12:22:00,1.25,15957.0,United Kingdom
525750,22438,BALLOON ART MAKE YOUR OWN FLOWERS,10,2010-10-07 09:53:00,1.95,14682.0,United Kingdom
527277,21731,RED TOADSTOOL LED NIGHT LIGHT,24,2010-10-15 13:21:00,1.65,16779.0,United Kingdom
527520,21672,WHITE SPOT RED CERAMIC DRAWER KNOB,5,2010-10-18 13:18:00,2.51,,United Kingdom
525036,22945,CHRISTMAS METAL TAGS ASSORTED ,24,2010-10-03 12:34:00,0.85,14310.0,United Kingdom
527152,22698,PINK REGENCY TEACUP AND SAUCER,1,2010-10-15 11:21:00,5.91,,United Kingdom
526625,20674,GREEN POLKADOT BOWL,12,2010-10-12 12:36:00,1.25,16401.0,United Kingdom
527204,22572,ROCKING HORSE GREEN CHRISTMAS ,12,2010-10-15 11:50:00,0.85,13802.0,United Kingdom
523835,48185,DOORMAT FAIRY CAKE,6,2010-09-24 12:03:00,7.95,16140.0,United Kingdom
526151,22090,PAPER BUNTING RETROSPOT,1,2010-10-08 15:19:00,5.91,,United Kingdom
525755,22057,CERAMIC PLATE STRAWBERRY DESIGN,1,2010-10-07 10:23:00,3.36,,United Kingdom
525458,22059,CERAMIC STRAWBERRY DESIGN MUG,1,2010-10-05 14:45:00,3.36,,United Kingdom
525753,21259,VICTORIAN SEWING BOX SMALL ,1,2010-10-07 10:19:00,12.72,,United Kingdom
527379,22591,CARDHOLDER GINGHAM CHRISTMAS TREE,6,2010-10-17 12:52:00,2.55,13527.0,United Kingdom
527474,22904,CALENDAR PAPER CUT DESIGN,3,2010-10-18 11:25:00,2.95,17220.0,United Kingdom
525024,22507,MEMO BOARD RETROSPOT  DESIGN,3,2010-10-03 12:05:00,4.95,17150.0,United Kingdom
526638,22614,PACK OF 12 SPACEBOY TISSUES,1,2010-10-12 13:19:00,0.85,,United Kingdom
525755,84968C,SET OF 16 VINTAGE PISTACHIO CUTLERY,1,2010-10-07 10:23:00,25.49,,United Kingdom
527091,84978,HANGING HEART JAR T-LIGHT HOLDER,12,2010-10-14 16:04:00,1.25,15271.0,United Kingdom
524694,21832,CHOCOLATE CALCULATOR,12,2010-09-30 12:01:00,1.65,15434.0,United Kingdom
523769,22734,SET OF 6 RIBBONS VINTAGE CHRISTMAS,6,2010-09-24 10:48:00,2.55,17567.0,United Kingdom
524117,20728,LUNCH BAG CARS BLUE,10,2010-09-27 13:49:00,1.65,17738.0,United Kingdom
523989,22109,FULL ENGLISH BREAKFAST PLATE,4,2010-09-26 14:15:00,3.75,14105.0,United Kingdom
525420,85047,WHITE BEADED GARLAND STRING 20LIGHT,6,2010-10-05 12:46:00,6.35,16422.0,United Kingdom
526417,21155,RED RETROSPOT PEG BAG,6,2010-10-11 14:32:00,2.1,15111.0,United Kingdom
527536,21640,ASSORTED TUTTI FRUTTI  FOB NOTEBOOK,1,2010-10-18 13:22:00,0.85,14667.0,United Kingdom
523911,22900, SET 2 TEA TOWELS I LOVE LONDON ,1,2010-09-24 16:06:00,5.91,,United Kingdom
527061,85038,6 CHOCOLATE LOVE HEART T-LIGHTS,1,2010-10-14 13:37:00,2.1,17796.0,United Kingdom
524421,21107,CREAM SLICE FLANNEL PINK SPOT ,6,2010-09-29 10:26:00,2.95,13804.0,United Kingdom
527043,84997C,BLUE 3 PIECE POLKADOT CUTLERY SET,2,2010-10-14 12:32:00,3.75,18090.0,United Kingdom
524214,21826,EIGHT PIECE DINOSAUR SET,3,2010-09-28 10:49:00,1.25,17348.0,United Kingdom
527320,35832,WOOLLY HAT SOCK GLOVE ADVENT STRING,12,2010-10-15 14:52:00,2.95,14868.0,United Kingdom
526276,21672,WHITE SPOT RED CERAMIC DRAWER KNOB,12,2010-10-11 11:50:00,1.25,14756.0,United Kingdom
525854,22631,CIRCUS PARADE LUNCH BOX ,1,2010-10-07 12:51:00,1.95,13567.0,United Kingdom
C526117,22423,REGENCY CAKESTAND 3 TIER,-2,2010-10-08 13:22:00,12.75,12471.0,Germany
525225,21213,PACK OF 72 SKULL CAKE CASES,4,2010-10-04 13:10:00,0.55,17841.0,United Kingdom
523570,21016,LIGHT BIRD HOUSE TREE DECORATION,3,2010-09-22 15:58:00,0.85,13857.0,United Kingdom
526738,22348,TEA BAG PLATE RED RETROSPOT,1,2010-10-12 18:02:00,1.66,,United Kingdom
526665,22202,MILK PAN PINK POLKADOT,4,2010-10-12 15:20:00,3.75,17428.0,United Kingdom
527085,22145,CHRISTMAS CRAFT HEART STOCKING ,2,2010-10-14 15:45:00,2.1,17611.0,United Kingdom
525216,21326,AGED GLASS SILVER T-LIGHT HOLDER,12,2010-10-04 12:46:00,0.65,16205.0,United Kingdom
524726,22689,DOORMAT MERRY CHRISTMAS RED ,2,2010-09-30 14:19:00,7.95,15736.0,United Kingdom
525753,21212,PACK OF 72 RETROSPOT CAKE CASES,1,2010-10-07 10:19:00,1.28,,United Kingdom
524021,22940,FELTCRAFT CHRISTMAS FAIRY,4,2010-09-27 10:36:00,4.25,13015.0,United Kingdom
524199,22625,RED KITCHEN SCALES,1,2010-09-28 09:37:00,16.98,,United Kingdom
527467,84968A,SET OF 16 VINTAGE ROSE CUTLERY,1,2010-10-18 11:03:00,12.75,15921.0,United Kingdom
523951,21034,REX CASH+CARRY JUMBO SHOPPER,3,2010-09-26 11:58:00,0.95,14094.0,United Kingdom
524038,20685,DOORMAT RED SPOT,2,2010-09-27 11:22:00,7.95,13018.0,United Kingdom
525456,22909,SET OF 20 VINTAGE CHRISTMAS NAPKINS,12,2010-10-05 14:29:00,0.85,17758.0,United Kingdom
526194,22596,CHRISTMAS STAR WISH LIST CHALKBOARD,24,2010-10-10 12:48:00,0.85,15177.0,United Kingdom
526509,21790,VINTAGE SNAP CARDS,12,2010-10-12 10:48:00,0.85,17094.0,United Kingdom
524323,21741,COSY SLIPPER SHOES LARGE GREEN,12,2010-09-28 14:41:00,2.95,12476.0,Germany
524484,47556B,TEA TIME TEA TOWELS ,6,2010-09-29 11:48:00,2.95,14422.0,United Kingdom
527463,21791,VINTAGE HEADS AND TAILS CARD GAME ,12,2010-10-18 10:47:00,1.25,14940.0,United Kingdom
527124,85232A,SET/3 POLKADOT STACKING TINS,9,2010-10-14 19:46:00,4.95,14088.0,United Kingdom
525928,21527,RED RETROSPOT TRADITIONAL TEAPOT ,1,2010-10-07 16:48:00,7.95,16072.0,United Kingdom
527306,21035,SET/2 RED RETROSPOT TEA TOWELS ,1,2010-10-15 14:45:00,2.95,13052.0,United Kingdom
524706,21215,IVORY PAPER CUP CAKE CASES ,4,2010-09-30 12:33:00,2.13,,United Kingdom
526724,22909,SET OF 20 VINTAGE CHRISTMAS NAPKINS,6,2010-10-12 17:22:00,0.85,13909.0,United Kingdom
523924,22698,PINK REGENCY TEACUP AND SAUCER,6,2010-09-24 16:36:00,2.95,14031.0,United Kingdom
525459,84270,ASSTD DESIGN BUBBLE GUM RING,30,2010-10-05 14:46:00,0.21,17091.0,United Kingdom
527494,21705,BAG 500g SWIRLY MARBLES,12,2010-10-18 12:04:00,1.65,14156.0,EIRE
525012,22909,SET OF 20 VINTAGE CHRISTMAS NAPKINS,12,2010-10-03 11:01:00,0.85,16848.0,United Kingdom
523552,21947,SET OF 6 HEART CHOPSTICKS,2,2010-09-22 15:07:00,2.51,,United Kingdom
524351,21556,CERAMIC STRAWBERRY MONEY BOX,1,2010-09-28 16:25:00,2.55,13554.0,United Kingdom
526089,21733,RED HANGING HEART T-LIGHT HOLDER,12,2010-10-08 12:14:00,2.95,15281.0,United Kingdom
527369,22738,RIBBON REEL SNOWY VILLAGE,10,2010-10-17 11:38:00,1.65,16054.0,United Kingdom
527451,22768,FAMILY PHOTO FRAME CORNICE,2,2010-10-18 10:02:00,9.95,13957.0,United Kingdom
527145,22045,SPACEBOY GIFT WRAP,100,2010-10-15 10:24:00,0.42,12409.0,Switzerland
524852,22084,PAPER CHAIN KIT EMPIRE,24,2010-09-30 18:57:00,2.95,12971.0,United Kingdom
523626,35832,WOOLLY HAT SOCK GLOVE ADVENT STRING,12,2010-09-23 11:26:00,2.95,17735.0,United Kingdom
523420,21071,VINTAGE BILLBOARD DRINK ME MUG,6,2010-09-22 09:53:00,1.06,17850.0,United Kingdom
525959,85049D,BRIGHT BLUES RIBBONS ,2,2010-10-07 19:51:00,1.25,16111.0,United Kingdom
523721,POST,POSTAGE,1,2010-09-23 16:23:00,45.0,12748.0,United Kingdom
527247,22272,FELTCRAFT DOLL MARIA,2,2010-10-15 12:22:00,2.95,15957.0,United Kingdom
523652,22950,36 DOILIES VINTAGE CHRISTMAS,12,2010-09-23 13:07:00,1.45,15140.0,United Kingdom
526151,22411,JUMBO SHOPPER VINTAGE RED PAISLEY,2,2010-10-08 15:19:00,4.21,,United Kingdom
527115,51008,AFGHAN SLIPPER SOCK PAIR,10,2010-10-14 17:51:00,3.45,14911.0,EIRE
527155,47593B,SCOTTIE DOGS BABY BIB,1,2010-10-15 11:22:00,0.85,,United Kingdom
527361,21843,RED RETROSPOT CAKE STAND,3,2010-10-17 10:56:00,10.95,15034.0,United Kingdom
527407,21212,PACK OF 72 RETROSPOT CAKE CASES,1,2010-10-17 14:44:00,0.55,17141.0,United Kingdom
527493,20723,STRAWBERRY CHARLOTTE BAG,20,2010-10-18 12:01:00,0.85,15173.0,United Kingdom
526585,22150,3 STRIPEY MICE FELTCRAFT,300,2010-10-12 11:52:00,1.65,12931.0,United Kingdom
524307,22734,SET OF 6 RIBBONS VINTAGE CHRISTMAS,27,2010-09-28 13:54:00,2.55,17092.0,United Kingdom
524112,22436,12 COLOURED PARTY BALLOONS,20,2010-09-27 13:24:00,0.65,15358.0,United Kingdom
524087,22585,PACK OF 6 BIRDY GIFT TAGS,2,2010-09-27 11:41:00,2.51,,United Kingdom
524000,22382,LUNCH BAG SPACEBOY DESIGN ,4,2010-09-26 15:58:00,1.65,16794.0,United Kingdom
526276,21324,HANGING MEDINA LANTERN SMALL,6,2010-10-11 11:50:00,2.95,14756.0,United Kingdom
524523,20711,JUMBO BAG TOYS ,10,2010-09-29 13:14:00,1.95,14829.0,United Kingdom
524028,48188,DOORMAT WELCOME PUPPIES,1,2010-09-27 11:13:00,7.95,16895.0,United Kingdom
525875,22151,PLACE SETTING WHITE HEART,2,2010-10-07 14:11:00,0.42,17908.0,United Kingdom
526665,22382,LUNCH BAG SPACEBOY DESIGN ,10,2010-10-12 15:20:00,1.65,17428.0,United Kingdom
526865,85123A,WHITE HANGING HEART T-LIGHT HOLDER,2,2010-10-13 13:12:00,2.95,15356.0,United Kingdom
523709,22029,SPACEBOY BIRTHDAY CARD,12,2010-09-23 15:12:00,0.42,12731.0,France
523591,21591,COSY HOUR CIGAR BOX MATCHES ,24,2010-09-23 10:06:00,1.25,13635.0,United Kingdom
524184,85231B,CINAMMON SET OF 9 T-LIGHTS,3,2010-09-27 17:15:00,0.85,14030.0,United Kingdom
526665,21976,PACK OF 60 MUSHROOM CAKE CASES,24,2010-10-12 15:20:00,0.55,17428.0,United Kingdom
524534,22034,ROBIN CHRISTMAS CARD,48,2010-09-29 13:35:00,0.42,14510.0,United Kingdom
525443,22033,BOTANICAL ROSE GREETING CARD,12,2010-10-05 13:48:00,0.42,14085.0,United Kingdom
524857,21231,SWEETHEART CERAMIC TRINKET BOX,2,2010-09-30 19:45:00,1.25,13230.0,United Kingdom
527262,37464,ROBOT MUG IN DISPLAY BOX,1,2010-10-15 12:45:00,1.25,15574.0,United Kingdom
523841,21916,SET 12 RETRO WHITE CHALK STICKS,24,2010-09-24 12:11:00,0.42,14934.0,Channel Islands
523508,84580,MOUSE TOY WITH PINK T-SHIRT,1,2010-09-22 12:13:00,4.21,,United Kingdom
523996,22726,ALARM CLOCK BAKELIKE GREEN,12,2010-09-26 15:24:00,3.75,14292.0,United Kingdom
525959,85049B,LUSH GREENS RIBBONS,2,2010-10-07 19:51:00,1.25,16111.0,United Kingdom
525215,22603,CHRISTMAS RETROSPOT TREE WOOD,24,2010-10-04 12:46:00,0.85,14849.0,United Kingdom
523994,22573,STAR WOODEN CHRISTMAS DECORATION,3,2010-09-26 15:07:00,0.85,16549.0,United Kingdom
526174,22072,RED RETROSPOT TEA CUP AND SAUCER ,8,2010-10-10 11:16:00,3.75,12359.0,Cyprus
524537,21564,PINK  HEART SHAPE LOVE BUCKET ,2,2010-09-29 13:44:00,2.95,14606.0,United Kingdom
527110,22654,DELUXE SEWING KIT ,3,2010-10-14 17:23:00,5.95,14817.0,United Kingdom
526763,22219,LOVEBIRD HANGING DECORATION WHITE ,12,2010-10-13 11:05:00,0.85,13792.0,United Kingdom
523432,21982,PACK OF 12 SUKI TISSUES ,24,2010-09-22 11:05:00,0.29,16723.0,United Kingdom
524117,84970S,HANGING HEART ZINC T-LIGHT HOLDER,12,2010-09-27 13:49:00,0.85,17738.0,United Kingdom
524308,22414,DOORMAT NEIGHBOURHOOD WITCH ,4,2010-09-28 13:59:00,7.49,16198.0,United Kingdom
525037,22382,LUNCH BAG SPACEBOY DESIGN ,20,2010-10-03 12:40:00,1.65,14911.0,EIRE
525459,22219,LOVEBIRD HANGING DECORATION WHITE ,20,2010-10-05 14:46:00,0.85,17091.0,United Kingdom
526238,22596,CHRISTMAS STAR WISH LIST CHALKBOARD,12,2010-10-11 08:30:00,0.85,17714.0,United Kingdom
524568,47599A,PINK PARTY BAGS,12,2010-09-29 15:07:00,2.1,16287.0,United Kingdom
526162,21186,WHITE DOVE HONEYCOMB PAPER GARLAND,12,2010-10-08 17:07:00,1.65,14846.0,United Kingdom
525448,22897,OVEN MITT APPLE DESIGN,2,2010-10-05 14:05:00,1.45,16938.0,United Kingdom
524310,21327,SKULLS WRITING SET ,12,2010-09-28 14:07:00,1.65,17624.0,United Kingdom
524004,85035C,ROSE 3 WICK MORRIS BOX CANDLE,1,2010-09-26 16:06:00,4.25,15532.0,United Kingdom
527371,22726,ALARM CLOCK BAKELIKE GREEN,2,2010-10-17 12:03:00,3.75,17769.0,United Kingdom
527052,22492,MINI PAINT SET VINTAGE ,72,2010-10-14 13:02:00,0.65,17311.0,United Kingdom
525871,22617,BAKING SET SPACEBOY DESIGN,1,2010-10-07 13:42:00,4.95,17354.0,United Kingdom
524326,22112,CHOCOLATE HOT WATER BOTTLE,3,2010-09-28 14:59:00,4.95,16992.0,United Kingdom
526733,21429,RED GINGHAM ROSE JEWELLERY BOX,8,2010-10-12 17:53:00,1.65,16975.0,United Kingdom
524389,21892,TRADITIONAL WOODEN CATCH CUP GAME ,12,2010-09-28 18:23:00,1.25,16600.0,United Kingdom
525840,22079,RIBBON REEL HEARTS DESIGN ,10,2010-10-07 12:39:00,1.65,12903.0,United Kingdom
C525274,TEST001,This is a test product.,-1,2010-10-04 16:33:00,4.5,12346.0,United Kingdom
526276,22726,ALARM CLOCK BAKELIKE GREEN,4,2010-10-11 11:50:00,3.75,14756.0,United Kingdom
525408,22469,HEART OF WICKER SMALL,12,2010-10-05 12:25:00,1.65,15240.0,United Kingdom
524128,82605,OLD DOC RUSSEL METAL SIGN,6,2010-09-27 14:35:00,2.1,13013.0,United Kingdom
527174,21864,UNION JACK FLAG PASSPORT COVER ,3,2010-10-15 11:40:00,4.21,,United Kingdom
524726,22405,MONEY BOX POCKET MONEY DESIGN,12,2010-09-30 14:19:00,1.25,15736.0,United Kingdom
524834,21054,NURSE'S BAG SOFT TOY,1,2010-09-30 17:28:00,8.95,15243.0,United Kingdom
526646,22454,MEASURING TAPE BABUSHKA RED,6,2010-10-12 13:35:00,2.95,12553.0,France
525903,21892,TRADITIONAL WOODEN CATCH CUP GAME ,12,2010-10-07 15:45:00,1.25,16841.0,United Kingdom
523713,22119,PEACE WOODEN BLOCK LETTERS,12,2010-09-23 15:43:00,6.35,16546.0,United Kingdom
523513,22367,CHILDRENS APRON SPACEBOY DESIGN,8,2010-09-22 12:38:00,1.65,17850.0,United Kingdom
526738,21009,ETCHED GLASS STAR TREE DECORATION,4,2010-10-12 18:02:00,2.51,,United Kingdom
525442,22049,WRAP CHRISTMAS SCREEN PRINT,25,2010-10-05 13:47:00,0.19,14825.0,United Kingdom
525753,22603,CHRISTMAS RETROSPOT TREE WOOD,1,2010-10-07 10:19:00,1.66,,United Kingdom
524153,22197,SMALL POPCORN HOLDER,1,2010-09-27 15:56:00,1.66,,United Kingdom
523994,22812,PACK 3 BOXES CHRISTMAS PANNETONE,4,2010-09-26 15:07:00,1.95,16549.0,United Kingdom
527392,21609,SET 12 LAVENDER  BOTANICAL T-LIGHTS,1,2010-10-17 13:28:00,2.95,14044.0,United Kingdom
526859,22476,EMPIRE UNION JACK TV DINNER TRAY,3,2010-10-13 13:01:00,4.95,14021.0,United Kingdom
524939,22556,PLASTERS IN TIN CIRCUS PARADE ,1,2010-10-01 12:07:00,1.65,17360.0,United Kingdom
526298,37450,CERAMIC CAKE BOWL + HANGING CAKES,2,2010-10-11 12:00:00,2.95,14590.0,United Kingdom
523864,22675,FRENCH KITCHEN SIGN BLUE METAL,4,2010-09-24 12:24:00,1.25,15034.0,United Kingdom
523970,21914,BLUE HARMONICA IN BOX ,1,2010-09-26 13:40:00,1.25,17299.0,United Kingdom
524522,22551,PLASTERS IN TIN SPACEBOY,12,2010-09-29 13:14:00,1.65,14911.0,EIRE
523647,85184C,S/4 VALENTINE DECOUPAGE HEART BOX,2,2010-09-23 12:33:00,2.95,14507.0,United Kingdom
524446,82615,PINK MARSHMALLOW SCARF KNITTING KIT,2,2010-09-29 11:19:00,2.95,14049.0,United Kingdom
526162,22149,FELTCRAFT 6 FLOWER FRIENDS,6,2010-10-08 17:07:00,2.1,14846.0,United Kingdom
525068,84050,PINK HEART SHAPE EGG FRYING PAN,3,2010-10-03 14:37:00,1.65,15579.0,United Kingdom
526710,22732,3D VINTAGE CHRISTMAS STICKERS ,20,2010-10-12 16:37:00,1.25,15151.0,United Kingdom
527174,22631,CIRCUS PARADE LUNCH BOX ,2,2010-10-15 11:40:00,3.36,,United Kingdom
C524168,22816,CARD MOTORBIKE SANTA,-36,2010-09-27 16:24:00,0.42,17524.0,United Kingdom
525919,85054,FRENCH ENAMEL POT W LID,1,2010-10-07 16:28:00,2.95,13280.0,United Kingdom
525497,22375,AIRLINE BAG VINTAGE JET SET BROWN,4,2010-10-05 16:46:00,4.25,15128.0,United Kingdom
527453,35607A,PINK FLUFFY CHRISTMAS DECORATION,72,2010-10-18 10:13:00,0.19,15934.0,United Kingdom
524087,22572,ROCKING HORSE GREEN CHRISTMAS ,1,2010-09-27 11:41:00,1.66,,United Kingdom
524201,22551,PLASTERS IN TIN SPACEBOY,24,2010-09-28 09:42:00,1.65,17863.0,United Kingdom
525764,21260,FIRST AID TIN,6,2010-10-07 10:39:00,3.25,12511.0,Greece
525837,21803,CHRISTMAS TREE STAR DECORATION,3,2010-10-07 12:23:00,0.42,17841.0,United Kingdom
525317,21467,CHERRY CROCHET FOOD COVER,2,2010-10-05 11:17:00,3.75,15311.0,United Kingdom
527373,21258,VICTORIAN SEWING BOX LARGE,1,2010-10-17 12:11:00,12.75,12841.0,United Kingdom
527380,22557,PLASTERS IN TIN VINTAGE PAISLEY ,1,2010-10-17 12:52:00,1.65,14953.0,United Kingdom
525944,22114,HOT WATER BOTTLE TEA AND SYMPATHY,2,2010-10-07 17:42:00,3.95,16059.0,United Kingdom
527397,22090,PAPER BUNTING RETROSPOT,1,2010-10-17 13:40:00,2.95,17757.0,United Kingdom
524324,84559B,3D SHEET OF CAT STICKERS,2,2010-09-28 14:44:00,0.85,17886.0,United Kingdom
525221,21544,SKULLS  WATER TRANSFER TATTOOS ,1,2010-10-04 12:51:00,1.66,,United Kingdom
525973,82580,BATHROOM METAL SIGN,1,2010-10-08 10:22:00,1.28,,United Kingdom
523944,84199,GLOW IN DARK DOLPHINS,6,2010-09-26 11:20:00,0.21,15581.0,United Kingdom
523510,22574,HEART WOODEN CHRISTMAS DECORATION,3,2010-09-22 12:24:00,0.85,17840.0,United Kingdom
526224,21877,HOME SWEET HOME MUG,2,2010-10-10 15:05:00,1.25,12748.0,United Kingdom
523971,22156,HEART DECORATION WITH PEARLS ,1,2010-09-26 13:53:00,0.85,15967.0,United Kingdom
527495,22064,PINK DOUGHNUT TRINKET POT ,6,2010-10-18 12:07:00,1.65,14796.0,United Kingdom
525412,22469,HEART OF WICKER SMALL,12,2010-10-05 12:38:00,1.65,13964.0,United Kingdom
525920,22212,FOUR HOOK  WHITE LOVEBIRDS,6,2010-10-07 16:33:00,2.1,16350.0,United Kingdom
527413,22704,WRAP RED APPLES ,25,2010-10-17 15:13:00,0.42,13131.0,United Kingdom
525753,21730,GLASS STAR FROSTED T-LIGHT HOLDER,6,2010-10-07 10:19:00,4.95,,United Kingdom
C524235,84924F,PSYCHEDELIC METAL SIGN CALENDAR,-480,2010-09-28 11:02:00,0.25,14277.0,France
527520,17012B,ORIGAMI JASMINE INCENSE/CANDLE SET,1,2010-10-18 13:18:00,2.51,,United Kingdom
526189,22746,POPPY'S PLAYHOUSE LIVINGROOM ,1,2010-10-10 12:09:00,2.1,17555.0,United Kingdom
525747,22679,"FRENCH BLUE METAL DOOR SIGN, 4",10,2010-10-07 09:28:00,1.25,13382.0,United Kingdom
524388,22384,LUNCH BAG PINK RETROSPOT,10,2010-09-28 18:11:00,1.65,15321.0,United Kingdom
525825,21035,SET/2 RED RETROSPOT TEA TOWELS ,2,2010-10-07 11:46:00,2.95,15858.0,United Kingdom
525025,22319,HAIRCLIPS FORTIES FABRIC ASSORTED,24,2010-10-03 12:07:00,0.65,13838.0,United Kingdom
527520,85071D,CHARLIE+LOLA MY ROOM DOOR SIGN,1,2010-10-18 13:18:00,5.06,,United Kingdom
525260,21112,"SWISS ROLL TOWEL, PINK  SPOTS",6,2010-10-04 15:41:00,2.95,13021.0,United Kingdom
525727,84378,SET OF 3 HEART COOKIE CUTTERS,5,2010-10-06 15:33:00,1.25,14657.0,United Kingdom
527045,20703,BLUE PADDED SOFT MOBILE,2,2010-10-14 12:44:00,4.25,15339.0,United Kingdom
523911,84913B,MINT GREEN ROSE TOWEL,1,2010-09-24 16:06:00,3.36,,United Kingdom
526407,47591D,PINK FAIRY CAKE CHILDRENS APRON,25,2010-10-11 13:56:00,1.95,14466.0,United Kingdom
525871,72586,SET OF 6 HALLOWEEN GHOST T-LIGHTS,1,2010-10-07 13:42:00,0.42,17354.0,United Kingdom
523971,22694,WICKER STAR ,2,2010-09-26 13:53:00,2.1,15967.0,United Kingdom
525011,22189,CREAM HEART CARD HOLDER,36,2010-10-03 10:52:00,3.39,14156.0,EIRE
526349,22447,PIN CUSHION BABUSHKA BLUE,6,2010-10-11 12:16:00,3.35,15948.0,United Kingdom
524112,22739,"RIBBON REEL, XMAS SOCK/BAUBLE",10,2010-09-27 13:24:00,1.65,15358.0,United Kingdom
524868,21892,TRADITIONAL WOODEN CATCH CUP GAME ,12,2010-10-01 09:36:00,1.25,16306.0,United Kingdom
525885,20757,RED DAISY POCKET BOOK ,3,2010-10-07 14:39:00,0.85,12748.0,United Kingdom
524437,84997A,GREEN 3 PIECE POLKADOT CUTLERY SET,72,2010-09-29 10:57:00,3.39,17511.0,United Kingdom
525097,84879,ASSORTED COLOUR BIRD ORNAMENT,32,2010-10-04 09:37:00,1.69,17621.0,United Kingdom
524712,71477,COLOUR GLASS. STAR T-LIGHT HOLDER,144,2010-09-30 12:47:00,2.75,16013.0,United Kingdom
525215,22574,HEART WOODEN CHRISTMAS DECORATION,12,2010-10-04 12:46:00,0.85,14849.0,United Kingdom
526661,22730,ALARM CLOCK BAKELIKE IVORY,2,2010-10-12 15:08:00,3.75,15570.0,United Kingdom
527277,35607B,BLACK FEATHER CHRISTMAS DECORATION,6,2010-10-15 13:21:00,0.19,16779.0,United Kingdom
527488,22688,DOORMAT PEACE ON EARTH BLUE,2,2010-10-18 11:47:00,7.95,16347.0,United Kingdom
526503,22768,FAMILY PHOTO FRAME CORNICE,2,2010-10-12 10:24:00,9.95,15696.0,United Kingdom
525221,22686,"FRENCH BLUE METAL DOOR SIGN, No",1,2010-10-04 12:51:00,2.51,,United Kingdom
524214,47591B,SCOTTIES CHILDRENS APRON,2,2010-09-28 10:49:00,1.65,17348.0,United Kingdom
526207,22219,LOVEBIRD HANGING DECORATION WHITE ,1,2010-10-10 13:31:00,0.85,15547.0,United Kingdom
524423,82494L,WOODEN FRAME ANTIQUE WHITE ,6,2010-09-29 10:34:00,2.95,13797.0,United Kingdom
525448,22622,BOX OF VINTAGE ALPHABET BLOCKS,3,2010-10-05 14:05:00,9.95,16938.0,United Kingdom
524125,84692,BOX OF 24 COCKTAIL PARASOLS,50,2010-09-27 14:20:00,0.42,15382.0,United Kingdom
527409,22508,DOORSTOP RETROSPOT HEART,1,2010-10-17 14:54:00,3.75,17141.0,United Kingdom
524939,22384,LUNCH BAG PINK POLKADOT,1,2010-10-01 12:07:00,1.65,17360.0,United Kingdom
527376,84270,ASSTD DESIGN BUBBLE GUM RING,30,2010-10-17 12:37:00,0.21,14953.0,United Kingdom
526394,20910,VINTAGE PHOTO ALBUM PARIS DAYS,1,2010-10-11 13:25:00,6.35,16527.0,United Kingdom
524105,72814,SET OF 3 CHRISTMAS BRIAR CANDLES,1,2010-09-27 12:50:00,3.75,17081.0,United Kingdom
524602,22578,WOODEN STAR CHRISTMAS SCANDINAVIAN,24,2010-09-29 16:49:00,0.85,12857.0,United Kingdom
C526670,20749,ASSORTED COLOUR MINI CASES,-1,2010-10-12 15:58:00,7.95,13541.0,United Kingdom
525755,21069,VINTAGE BILLBOARD TEA MUG,2,2010-10-07 10:23:00,2.51,,United Kingdom
524558,79071B,ENGLISH ROSE METAL WASTE BIN,1,2010-09-29 14:36:00,5.91,,United Kingdom
525017,84884A,ANT WHITE WIRE HEART SPIRAL,5,2010-10-03 11:35:00,3.95,13014.0,United Kingdom
527444,22726,ALARM CLOCK BAKELIKE GREEN,1,2010-10-18 09:28:00,7.62,,United Kingdom
527125,22411,JUMBO SHOPPER VINTAGE RED PAISLEY,10,2010-10-15 08:26:00,1.95,14549.0,United Kingdom
523841,22507,MEMO BOARD RETROSPOT  DESIGN,4,2010-09-24 12:11:00,4.95,14934.0,Channel Islands
524937,21210,SET OF 72 RETROSPOT PAPER  DOILIES,12,2010-10-01 11:59:00,1.45,15261.0,United Kingdom
523552,21544,SKULLS  WATER TRANSFER TATTOOS ,1,2010-09-22 15:07:00,1.66,,United Kingdom
524290,20752,BLUE POLKADOT WASHING UP GLOVES,4,2010-09-28 12:54:00,2.1,14461.0,United Kingdom
524368,20677,PINK POLKADOT BOWL,1,2010-09-28 17:18:00,2.51,,United Kingdom
526207,72586,SET OF 6 HALLOWEEN GHOST T-LIGHTS,12,2010-10-10 13:31:00,0.42,15547.0,United Kingdom
527392,22242,5 HOOK HANGER MAGIC TOADSTOOL,3,2010-10-17 13:28:00,1.65,14044.0,United Kingdom
525698,POST,POSTAGE,12,2010-10-06 12:36:00,18.0,12668.0,Germany
524016,22192,BLUE DINER WALL CLOCK,12,2010-09-27 09:57:00,7.65,13881.0,United Kingdom
526392,22189,CREAM HEART CARD HOLDER,16,2010-10-11 13:19:00,3.95,17675.0,United Kingdom
523541,22041,"RECORD FRAME 7"" SINGLE SIZE ",36,2010-09-22 14:22:00,2.55,15057.0,United Kingdom
525366,22497,SET OF 2 TINS VINTAGE BATHROOM ,1,2010-10-05 11:34:00,4.25,17019.0,United Kingdom
524405,22662,LUNCH BAG DOLLY GIRL DESIGN,10,2010-09-29 08:43:00,1.65,17091.0,United Kingdom
526465,22121,NOEL WOODEN BLOCK LETTERS ,3,2010-10-11 16:24:00,5.95,16235.0,United Kingdom
524715,82580,BATHROOM METAL SIGN,12,2010-09-30 13:08:00,0.55,13966.0,United Kingdom
525579,21429,RED GINGHAM ROSE JEWELLERY BOX,16,2010-10-06 11:04:00,1.65,17421.0,United Kingdom
525141,35980C,REDWHITE STRIPE SCANDINAVIAN HEART ,24,2010-10-04 11:48:00,0.38,16145.0,United Kingdom
523911,22817,CARD SUKI BIRTHDAY,1,2010-09-24 16:06:00,0.85,,United Kingdom
524185,21791,VINTAGE HEADS AND TAILS CARD GAME ,24,2010-09-28 09:12:00,1.25,13139.0,United Kingdom
527536,22119,PEACE WOODEN BLOCK LETTERS,1,2010-10-18 13:22:00,6.95,14667.0,United Kingdom
525231,21136,PAINTED METAL PEARS ASSORTED,16,2010-10-04 14:10:00,1.69,12849.0,United Kingdom
525995,21928,JUMBO BAG SCANDINAVIAN PAISLEY,2,2010-10-08 11:31:00,1.95,17196.0,United Kingdom
527427,21867,PINK UNION JACK  LUGGAGE TAG,2,2010-10-17 16:16:00,1.25,15555.0,United Kingdom
523556,79066k,RETRO MOD TRAY,4,2010-09-22 15:11:00,1.66,,United Kingdom
525564,21806,WHITE CHRISTMAS HEART DECORATION,36,2010-10-06 08:17:00,0.42,13055.0,United Kingdom
525221,22894,TABLECLOTH RED APPLES DESIGN ,1,2010-10-04 12:51:00,16.98,,United Kingdom
523768,22533,MAGIC DRAWING SLATE BAKE A CAKE ,24,2010-09-24 10:29:00,0.42,14134.0,United Kingdom
524368,22113,GREY HEART HOT WATER BOTTLE,1,2010-09-28 17:18:00,7.62,,United Kingdom
523874,22726,ALARM CLOCK BAKELIKE GREEN,12,2010-09-24 13:04:00,3.75,17396.0,United Kingdom
524267,84520B,PACK 20 ENGLISH ROSE PAPER NAPKINS,12,2010-09-28 11:44:00,0.85,17364.0,United Kingdom
527428,82483,WOOD 2 DRAWER CABINET WHITE FINISH,3,2010-10-17 16:17:00,5.95,16283.0,United Kingdom
524018,84378,SET OF 3 HEART COOKIE CUTTERS,12,2010-09-27 10:23:00,1.25,14911.0,EIRE
527508,22952,60 CAKE CASES VINTAGE CHRISTMAS,24,2010-10-18 12:46:00,0.55,15674.0,United Kingdom
524992,21888,BINGO SET,4,2010-10-01 16:16:00,3.75,16864.0,United Kingdom
526638,22444,GROW YOUR OWN PLANT IN A CAN ,1,2010-10-12 13:19:00,2.51,,United Kingdom
524558,22262,FELT EGG COSY CHICKEN,2,2010-09-29 14:36:00,1.66,,United Kingdom
526190,22807,SET OF 6 T-LIGHTS TOADSTOOLS,6,2010-10-10 12:09:00,2.95,15046.0,United Kingdom
527107,82580,BATHROOM METAL SIGN,12,2010-10-14 17:16:00,0.55,15626.0,United Kingdom
527384,22602,CHRISTMAS RETROSPOT HEART WOOD,5,2010-10-17 13:02:00,0.85,14044.0,United Kingdom
524368,85031C,CURIOUS IMAGES SCRAP BOOK SET,1,2010-09-28 17:18:00,3.36,,United Kingdom
523638,21974,SET OF 36 PAISLEY FLOWER DOILIES,3,2010-09-23 12:01:00,1.45,13097.0,United Kingdom
523722,22304,COFFEE MUG BLUE PAISLEY DESIGN,6,2010-09-23 16:40:00,2.55,16261.0,United Kingdom
527344,21870,I CAN ONLY PLEASE ONE PERSON MUG,1,2010-10-15 15:38:00,1.25,13069.0,United Kingdom
525045,22170,PICTURE FRAME WOOD TRIPLE PORTRAIT,4,2010-10-03 13:21:00,6.75,16823.0,United Kingdom
524694,22985,"WRAP, BILLBOARD FONTS DESIGN",25,2010-09-30 12:01:00,0.42,15434.0,United Kingdom
526924,21232,STRAWBERRY CERAMIC TRINKET BOX,6,2010-10-13 16:58:00,1.25,17180.0,United Kingdom
525579,22759,SET OF 3 NOTEBOOKS IN PARCEL,12,2010-10-06 11:04:00,1.65,17421.0,United Kingdom
523623,84997C,BLUE 3 PIECE MINI DOTS CUTLERY SET,6,2010-09-23 11:04:00,3.75,13590.0,United Kingdom
527304,85123A,WHITE HANGING HEART T-LIGHT HOLDER,2,2010-10-15 14:35:00,2.95,17316.0,United Kingdom
524022,22734,SET OF 6 RIBBONS VINTAGE CHRISTMAS,12,2010-09-27 10:39:00,2.55,13015.0,United Kingdom
524513,21930,JUMBO STORAGE BAG SKULLS,2,2010-09-29 13:00:00,1.95,13246.0,United Kingdom
526668,22909,SET OF 20 VINTAGE CHRISTMAS NAPKINS,12,2010-10-12 15:41:00,0.85,12467.0,USA
523989,85175,CACTI T-LIGHT CANDLES,32,2010-09-26 14:15:00,0.42,14105.0,United Kingdom
526853,21268,VINTAGE BLUE TINSEL REEL,12,2010-10-13 12:48:00,0.42,12540.0,Spain
524311,17165D,ASS COL LARGE SAND FROG P'WEIGHT,2,2010-09-28 14:09:00,1.05,17841.0,United Kingdom
526109,20723,STRAWBERRY CHARLOTTE BAG,20,2010-10-08 12:58:00,2.51,,United Kingdom
525928,22191,IVORY DINER WALL CLOCK,1,2010-10-07 16:48:00,8.5,16072.0,United Kingdom
524296,22449,SILK PURSE BABUSHKA PINK,6,2010-09-28 13:10:00,3.35,13397.0,United Kingdom
523448,21063,PARTY INVITES JAZZ HEARTS,12,2010-09-22 11:19:00,0.85,12578.0,Italy
524368,22207,FRYING PAN UNION FLAG,1,2010-09-28 17:18:00,8.47,,United Kingdom
526089,47593B,SCOTTIE DOGS BABY BIB,12,2010-10-08 12:14:00,1.25,15281.0,United Kingdom
525961,85183A,CHARLIE & LOLA WASTEPAPER BIN BLUE,1,2010-10-07 19:57:00,3.75,,United Kingdom
525858,84708B,PINK JEWELLED PHOTO FRAME ,1,2010-10-07 13:15:00,4.95,14177.0,United Kingdom
530830,20970,PINK FLORAL FELTCRAFT SHOULDER BAG,3,2010-11-04 13:32:00,3.75,15580.0,United Kingdom
528609,22435,SET OF 9 HEART SHAPED BALLOONS,12,2010-10-22 15:42:00,1.25,16491.0,United Kingdom
527728,22035,VINTAGE CARAVAN GREETING CARD ,1,2010-10-18 15:44:00,0.85,,United Kingdom
528782,21186,WHITE DOVE HONEYCOMB PAPER GARLAND,12,2010-10-25 10:00:00,1.65,13462.0,United Kingdom
531368,22384,LUNCH BAG PINK POLKADOT,2,2010-11-07 15:00:00,1.65,16899.0,United Kingdom
531516,22731,3D CHRISTMAS STAMPS STICKERS ,59,2010-11-08 16:45:00,2.95,,United Kingdom
528676,22158,3 HEARTS HANGING DECORATION RUSTIC,16,2010-10-24 12:51:00,2.95,14211.0,United Kingdom
532125,21808,"CHRISTMAS GARLAND STARS,TREES",36,2010-11-11 10:19:00,1.25,15623.0,United Kingdom
528089,20758,ABSTRACT CIRCLES POCKET BOOK,2,2010-10-20 13:12:00,0.85,14449.0,United Kingdom
531162,22955,36 FOIL STAR CAKE CASES ,1,2010-11-05 14:21:00,2.1,17841.0,United Kingdom
531567,22173,METAL 4 HOOK HANGER FRENCH CHATEAU,8,2010-11-09 10:31:00,2.95,14867.0,United Kingdom
531350,21990,MODERN FLORAL STATIONERY SET,1,2010-11-07 13:31:00,2.95,12748.0,United Kingdom
528313,21491,SET OF THREE VINTAGE GIFT WRAPS,12,2010-10-21 12:22:00,1.95,13047.0,United Kingdom
527887,85099C,JUMBO  BAG BAROQUE BLACK WHITE,10,2010-10-19 12:08:00,1.95,14388.0,United Kingdom
529337,84990,60 GOLD AND SILVER FAIRY CAKE CASES,4,2010-10-27 16:04:00,0.55,16014.0,United Kingdom
530391,21843,RED RETROSPOT CAKE STAND,8,2010-11-02 17:12:00,10.95,16705.0,United Kingdom
529074,21911,GARDEN METAL SIGN ,12,2010-10-26 12:39:00,1.65,17122.0,United Kingdom
530850,85184C,S/4 VALENTINE DECOUPAGE HEART BOX,1,2010-11-04 14:49:00,5.91,,United Kingdom
528853,22727,ALARM CLOCK BAKELIKE RED ,4,2010-10-25 10:41:00,3.75,12481.0,Germany
528763,22303,COFFEE MUG APPLES DESIGN,6,2010-10-24 15:57:00,2.55,12926.0,United Kingdom
528306,22086,PAPER CHAIN KIT 50'S CHRISTMAS ,6,2010-10-21 12:09:00,2.95,16590.0,United Kingdom
529133,22423,REGENCY CAKESTAND 3 TIER,1,2010-10-26 14:47:00,25.49,,United Kingdom
527776,21929,JUMBO BAG PINK VINTAGE PAISLEY,10,2010-10-19 10:58:00,1.95,12476.0,Germany
529072,22727,ALARM CLOCK BAKELIKE RED ,2,2010-10-26 12:22:00,3.75,12577.0,France
528915,21329,DINOSAURS  WRITING SET ,2,2010-10-25 13:57:00,1.65,17432.0,United Kingdom
530115,21328,BALLOONS  WRITING SET ,1,2010-11-01 14:22:00,1.65,17190.0,United Kingdom
531489,37424,WHITE WITH BLACK CATS MUG,1,2010-11-08 15:02:00,1.66,,United Kingdom
530436,22867,HAND WARMER BIRD DESIGN,7,2010-11-03 11:11:00,2.1,14498.0,United Kingdom
531210,21877,HOME SWEET HOME MUG,2,2010-11-05 16:07:00,1.25,13263.0,United Kingdom
530810,22800,ANTIQUE TALL SWIRLGLASS TRINKET POT,4,2010-11-04 13:03:00,3.75,16327.0,United Kingdom
531055,22579,WOODEN TREE CHRISTMAS SCANDINAVIAN,20,2010-11-05 12:06:00,0.85,12841.0,United Kingdom
529937,22827,RUSTIC  SEVENTEEN DRAWER SIDEBOARD,1,2010-10-31 14:43:00,165.0,16539.0,United Kingdom
528159,22451,SILK PURSE BABUSHKA RED,12,2010-10-21 07:48:00,3.35,13081.0,United Kingdom
528084,21755,LOVE BUILDING BLOCK WORD,1,2010-10-20 13:00:00,5.95,16898.0,United Kingdom
531342,21357,TOAST ITS - DINOSAUR,1,2010-11-07 12:56:00,1.25,17041.0,United Kingdom
529720,22492,MINI PAINT SET VINTAGE ,36,2010-10-29 13:58:00,0.65,12705.0,Germany
532139,21446,12 RED ROSE PEG PLACE SETTINGS,1,2010-11-11 11:18:00,2.51,,United Kingdom
531493,84032B,CHARLIE + LOLA RED HOT WATER BOTTLE,2,2010-11-08 15:12:00,2.95,17984.0,United Kingdom
532028,22734,SET OF 6 RIBBONS VINTAGE CHRISTMAS,72,2010-11-10 13:21:00,2.55,17511.0,United Kingdom
528705,22384,LUNCH BAG PINK POLKADOT,1,2010-10-24 13:07:00,1.65,13137.0,United Kingdom
531477,22666,RECIPE BOX PANTRY YELLOW DESIGN,2,2010-11-08 14:19:00,2.95,13538.0,United Kingdom
529787,21877,HOME SWEET HOME MUG,2,2010-10-29 15:34:00,1.25,13263.0,United Kingdom
528608,22111,SCOTTIE DOG HOT WATER BOTTLE,3,2010-10-22 15:37:00,4.95,15073.0,United Kingdom
531336,22383,LUNCH BAG SUKI  DESIGN ,10,2010-11-07 12:37:00,1.65,17160.0,United Kingdom
530437,22530,MAGIC DRAWING SLATE DOLLY GIRL ,1,2010-11-03 11:13:00,0.42,15915.0,United Kingdom
C531448,22949,36 DOILIES DOLLY GIRL,-4,2010-11-08 12:45:00,1.45,17735.0,United Kingdom
528985,21080,SET/20 RED SPOTTY PAPER NAPKINS ,24,2010-10-26 11:07:00,0.85,13363.0,United Kingdom
530088,21668,RED STRIPE CERAMIC DRAWER KNOB,96,2010-11-01 13:39:00,1.06,15311.0,United Kingdom
C530305,21172,PARTY METAL SIGN ,-24,2010-11-02 13:15:00,1.45,16255.0,United Kingdom
529313,22176,BLUE OWL SOFT TOY,2,2010-10-27 13:18:00,2.95,15373.0,United Kingdom
529990,22372,AIRLINE BAG VINTAGE WORLD CHAMPION ,1,2010-10-31 16:16:00,4.25,14505.0,United Kingdom
531387,22748,POPPY'S PLAYHOUSE KITCHEN,1,2010-11-08 09:20:00,4.21,,United Kingdom
528083,22580,ADVENT CALENDAR GINGHAM SACK,1,2010-10-20 12:56:00,5.95,16916.0,United Kingdom
531382,22154,ANGEL DECORATION 3 BUTTONS ,4,2010-11-07 16:29:00,0.42,16549.0,United Kingdom
529077,20682,RED RETROSPOT CHILDRENS UMBRELLA,1,2010-10-26 12:54:00,3.25,16372.0,United Kingdom
532096,21895,POTTING SHED SOW 'N' GROW SET,1,2010-11-10 16:06:00,4.25,15276.0,United Kingdom
530427,22297,HEART IVORY TRELLIS SMALL,3,2010-11-03 10:28:00,1.25,17894.0,United Kingdom
531843,21581,SKULLS  DESIGN  COTTON TOTE BAG,1,2010-11-10 09:34:00,5.06,,United Kingdom
531732,22485,SET OF 2 WOODEN MARKET CRATES,2,2010-11-09 12:26:00,12.75,15394.0,United Kingdom
529296,22865,HAND WARMER OWL DESIGN,24,2010-10-27 12:20:00,2.1,15159.0,United Kingdom
528134,22834,HAND WARMER BABUSHKA DESIGN,12,2010-10-20 15:09:00,2.1,15647.0,United Kingdom
527767,85232B,SET OF 3 BABUSHKA STACKING TINS,3,2010-10-19 09:35:00,4.95,12623.0,Germany
529833,20973,12 PENCIL SMALL TUBE WOODLAND,2,2010-10-31 12:32:00,0.65,16791.0,United Kingdom
530915,22442,GROW YOUR OWN FLOWERS SET OF 3,1,2010-11-04 16:10:00,7.95,13660.0,United Kingdom
531210,22113,GREY HEART HOT WATER BOTTLE,2,2010-11-05 16:07:00,3.75,13263.0,United Kingdom
529593,20725,LUNCH BAG RED RETROSPOT,10,2010-10-29 08:23:00,1.65,12921.0,United Kingdom
529077,21705,BAG 500g SWIRLY MARBLES,2,2010-10-26 12:54:00,1.65,16372.0,United Kingdom
529810,22417,PACK OF 60 SPACEBOY CAKE CASES,2,2010-10-31 11:01:00,0.55,16010.0,United Kingdom
531513,85114B,IVORY ENCHANTED FOREST PLACEMAT,8,2010-11-08 16:31:00,1.65,18098.0,United Kingdom
531903,22335,HEART DECORATION PAINTED ZINC ,24,2010-11-10 12:03:00,0.65,13632.0,United Kingdom
528747,22603,CHRISTMAS RETROSPOT TREE WOOD,4,2010-10-24 14:40:00,0.85,16770.0,United Kingdom
529342,21912,VINTAGE SNAKES & LADDERS,4,2010-10-27 16:41:00,3.75,18060.0,United Kingdom
532063,22765,NEWSPAPER STAND,1,2010-11-10 14:48:00,29.79,,United Kingdom
530140,21871,SAVE THE PLANET MUG,1,2010-11-01 16:45:00,3.36,,United Kingdom
531754,82484,WOOD BLACK BOARD ANT WHITE FINISH,1,2010-11-09 13:17:00,6.45,16977.0,United Kingdom
532022,22468,BABUSHKA LIGHTS STRING OF 10,6,2010-11-10 13:11:00,6.75,16679.0,United Kingdom
530719,22149,FELTCRAFT 6 FLOWER FRIENDS,18,2010-11-04 11:39:00,1.85,18087.0,United Kingdom
527950,22674,FRENCH TOILET SIGN BLUE METAL,2,2010-10-19 15:33:00,1.25,16795.0,United Kingdom
529322,22892,SET OF SALT AND PEPPER TOADSTOOLS,6,2010-10-27 14:01:00,1.25,13246.0,United Kingdom
528470,22698,PINK REGENCY TEACUP AND SAUCER,1,2010-10-22 11:40:00,2.95,16392.0,United Kingdom
529068,20978,36 PENCILS TUBE SKULLS,1,2010-10-26 12:14:00,2.51,,United Kingdom
528919,22804,CANDLEHOLDER PINK HANGING HEART,2,2010-10-25 14:27:00,2.95,16259.0,United Kingdom
530540,22278,OVERNIGHT BAG VINTAGE ROSE PAISLEY,3,2010-11-03 13:05:00,4.95,12793.0,Portugal
530509,71053,WHITE METAL LANTERN,24,2010-11-03 12:07:00,3.39,16779.0,United Kingdom
531036,20992,JAZZ HEARTS PURSE NOTEBOOK,1,2010-11-05 11:58:00,1.66,,United Kingdom
531513,85099B,JUMBO BAG RED RETROSPOT,2,2010-11-08 16:31:00,1.95,18098.0,United Kingdom
531131,22585,PACK OF 6 BIRDY GIFT TAGS,12,2010-11-05 13:55:00,1.25,12749.0,United Kingdom
532062,21791,VINTAGE HEADS AND TAILS CARD GAME ,12,2010-11-10 14:44:00,1.25,17288.0,United Kingdom
530379,22473,TV DINNER TRAY VINTAGE PAISLEY,3,2010-11-02 16:40:00,4.95,13468.0,United Kingdom
528166,22844,VINTAGE CREAM DOG FOOD CONTAINER,2,2010-10-21 09:48:00,8.5,12586.0,Italy
528276,22222,CAKE PLATE LOVEBIRD WHITE,3,2010-10-21 11:56:00,4.95,16992.0,United Kingdom
532055,20752,BLUE POLKADOT WASHING UP GLOVES,2,2010-11-10 14:26:00,2.1,15529.0,United Kingdom
527910,22218,CAKE STAND LACE WHITE,6,2010-10-19 12:50:00,4.25,14156.0,EIRE
530272,22245,"HOOK, 1 HANGER ,MAGIC GARDEN",12,2010-11-02 11:52:00,0.85,12389.0,Australia
529196,22325,MOBILE VINTAGE HEARTS ,3,2010-10-27 08:36:00,4.95,12537.0,Sweden
528084,84997B,RED 3 PIECE RETROSPOT CUTLERY SET,1,2010-10-20 13:00:00,3.75,16898.0,United Kingdom
531227,22810,SET OF 6 T-LIGHTS SNOWMEN,6,2010-11-05 16:42:00,2.95,14825.0,United Kingdom
530003,DOT,DOTCOM POSTAGE,1,2010-11-01 09:14:00,62.43,,United Kingdom
529129,22176,BLUE OWL SOFT TOY,1,2010-10-26 14:37:00,2.95,14963.0,United Kingdom
530420,21328,BALLOONS  WRITING SET ,12,2010-11-03 09:16:00,1.65,17735.0,United Kingdom
528640,22738,RIBBON REEL SNOWY VILLAGE,5,2010-10-24 11:47:00,1.65,13555.0,United Kingdom
C530065,22413,METAL SIGN TAKE IT OR LEAVE IT ,-6,2010-11-01 11:45:00,2.95,14934.0,Channel Islands
530368,84613A,poor quality,-72,2010-11-02 16:07:00,0.0,,United Kingdom
531112,21976,PACK OF 60 MUSHROOM CAKE CASES,24,2010-11-05 12:38:00,0.55,12588.0,Finland
531362,20724,RED RETROSPOT CHARLOTTE BAG,1,2010-11-07 14:28:00,0.85,13561.0,United Kingdom
530969,21980,PACK OF 12 RED RETROSPOT TISSUES ,24,2010-11-05 09:07:00,0.29,13448.0,United Kingdom
530303,22083,PAPER CHAIN KIT RETROSPOT,6,2010-11-02 13:12:00,2.95,15950.0,United Kingdom
529324,20829,GLITTER HANGING BUTTERFLY STRING,1,2010-10-27 14:07:00,2.1,17894.0,United Kingdom
530296,21892,TRADITIONAL WOODEN CATCH CUP GAME ,12,2010-11-02 12:37:00,1.25,13937.0,United Kingdom
528399,22943,CHRISTMAS LIGHTS 10 VINTAGE BAUBLES,3,2010-10-22 08:51:00,4.95,14156.0,EIRE
529942,21179,NO JUNK MAIL METAL SIGN,2,2010-10-31 14:59:00,1.25,15867.0,United Kingdom
530809,85176,SEWING SUSAN 21 NEEDLE SET,6,2010-11-04 13:02:00,0.85,13772.0,United Kingdom
530970,22243,5 HOOK HANGER RED MAGIC TOADSTOOL,24,2010-11-05 09:35:00,1.65,12477.0,Germany
531210,21904,HOUSE WRECKING METAL SIGN ,1,2010-11-05 16:07:00,2.1,13263.0,United Kingdom
531971,22460,EMBOSSED GLASS TEALIGHT HOLDER,12,2010-11-10 12:24:00,1.25,13464.0,United Kingdom
531922,90214M,"LETTER ""M"" BLING KEY RING",1,2010-11-10 12:09:00,1.25,17974.0,United Kingdom
528615,21733,RED HANGING HEART T-LIGHT HOLDER,2,2010-10-22 16:36:00,2.95,17231.0,United Kingdom
531350,22210,WOOD STAMP SET BEST WISHES,24,2010-11-07 13:31:00,1.65,12748.0,United Kingdom
529990,79321,CHILLI LIGHTS,4,2010-10-31 16:16:00,4.95,14505.0,United Kingdom
531750,22554,PLASTERS IN TIN WOODLAND ANIMALS,1,2010-11-09 13:06:00,1.65,15325.0,United Kingdom
530657,22147,FELTCRAFT BUTTERFLY HEARTS,2,2010-11-04 10:13:00,1.45,12933.0,United Kingdom
528377,21807,WHITE CHRISTMAS STAR DECORATION,6,2010-10-21 17:38:00,0.42,15998.0,United Kingdom
530840,22892,SET OF SALT AND PEPPER TOADSTOOLS,12,2010-11-04 14:11:00,1.25,16563.0,United Kingdom
530422,22113,GREY HEART HOT WATER BOTTLE,1,2010-11-03 09:36:00,7.62,,United Kingdom
529325,21891,TRADITIONAL WOODEN SKIPPING ROPE,1,2010-10-27 14:10:00,2.51,,United Kingdom
529787,21818,GLITTER CHRISTMAS HEART ,1,2010-10-29 15:34:00,0.85,13263.0,United Kingdom
528916,22667,RECIPE BOX RETROSPOT ,1,2010-10-25 14:01:00,2.95,16782.0,United Kingdom
C531569,37444A,YELLOW BREAKFAST CUP AND SAUCER,-1,2010-11-09 10:32:00,2.95,16684.0,United Kingdom
531043,21479,WHITE SKULL HOT WATER BOTTLE ,1,2010-11-05 12:00:00,3.75,13646.0,United Kingdom
528608,22762,CUPBOARD 3 DRAWER MA CAMPAGNE,1,2010-10-22 15:37:00,14.95,15073.0,United Kingdom
528913,35958,FOLKART ZINC STAR CHRISTMAS DEC,12,2010-10-25 13:43:00,0.85,17432.0,United Kingdom
528340,21446,12 RED ROSE PEG PLACE SETTINGS,6,2010-10-21 14:05:00,1.25,17673.0,United Kingdom
529093,20871,OPULENT VELVET SET/3 CANDLES,6,2010-10-26 13:39:00,2.1,14911.0,EIRE
531773,22588,CARD HOLDER GINGHAM HEART,6,2010-11-09 14:38:00,2.55,15678.0,United Kingdom
530571,22534,MAGIC DRAWING SLATE SPACEBOY ,6,2010-11-03 14:22:00,0.42,15752.0,United Kingdom
527951,20973,12 PENCIL SMALL TUBE WOODLAND,2,2010-10-19 15:36:00,1.28,,United Kingdom
531333,22659,LUNCH BOX I LOVE LONDON,3,2010-11-07 12:31:00,1.95,17774.0,United Kingdom
530422,21041,RED RETROSPOT OVEN GLOVE DOUBLE,1,2010-11-03 09:36:00,5.91,,United Kingdom
532050,22571,ROCKING HORSE RED CHRISTMAS ,12,2010-11-10 14:14:00,0.85,14911.0,EIRE
531489,22855,FINE WICKER HEART ,4,2010-11-08 15:02:00,2.51,,United Kingdom
531036,17012A,ORIGAMI VANILLA INCENSE/CANDLE SET ,1,2010-11-05 11:58:00,2.51,,United Kingdom
528318,22627,MINT KITCHEN SCALES,2,2010-10-21 12:38:00,8.5,16933.0,United Kingdom
528159,21212,PACK OF 72 RETROSPOT CAKE CASES,24,2010-10-21 07:48:00,0.55,13081.0,United Kingdom
528087,21868,POTTING SHED TEA MUG,1,2010-10-20 13:09:00,1.25,16521.0,United Kingdom
528874,22865,HAND WARMER OWL DESIGN,2,2010-10-25 11:54:00,2.1,16005.0,United Kingdom
529763,22113,GREY HEART HOT WATER BOTTLE,1,2010-10-29 15:00:00,3.75,14081.0,United Kingdom
531441,22795,SWEETHEART RECIPE BOOK STAND,2,2010-11-08 12:30:00,6.75,14927.0,United Kingdom
528318,22532,MAGIC DRAWING SLATE LEAP FROG ,10,2010-10-21 12:38:00,0.42,16933.0,United Kingdom
528083,85199S,SMALL HANGING IVORY/RED WOOD BIRD,10,2010-10-20 12:56:00,0.42,16916.0,United Kingdom
530950,22939,APRON APPLE DELIGHT,4,2010-11-04 18:13:00,4.95,15425.0,United Kingdom
531383,84725,FREESTYLE CANVAS ART PICTURE,1,2010-11-07 17:40:00,4.25,,United Kingdom
531359,22749,FELTCRAFT PRINCESS CHARLOTTE DOLL,2,2010-11-07 14:17:00,3.75,13276.0,United Kingdom
528315,90000A,RASPBERRY ANT COPPER FLOWER NECKLAC,1,2010-10-21 12:25:00,5.95,,United Kingdom
531130,22752,SET 7 BABUSHKA NESTING BOXES,2,2010-11-05 13:42:00,8.5,13615.0,United Kingdom
531558,84880,WHITE WIRE EGG HOLDER,24,2010-11-09 10:07:00,4.95,14258.0,United Kingdom
532063,22651,GENTLEMAN SHIRT REPAIR KIT ,1,2010-11-10 14:48:00,1.66,,United Kingdom
529039,47599A,PINK PARTY BAGS,36,2010-10-26 11:47:00,2.1,16422.0,United Kingdom
530433,21936,RED RETROSPOT PICNIC BAG,5,2010-11-03 10:46:00,2.95,12673.0,Germany
528582,22571,ROCKING HORSE RED CHRISTMAS ,4,2010-10-22 13:31:00,0.85,15311.0,United Kingdom
528304,21098,CHRISTMAS TOILET ROLL,12,2010-10-21 12:05:00,1.25,16550.0,United Kingdom
531843,22594,CHRISTMAS GINGHAM TREE,2,2010-11-10 09:34:00,1.66,,United Kingdom
529077,22619,SET OF 6 SOLDIER SKITTLES,4,2010-10-26 12:54:00,3.75,16372.0,United Kingdom
531800,22631,CIRCUS PARADE LUNCH BOX ,12,2010-11-09 15:45:00,1.95,15281.0,United Kingdom
530123,22665,RECIPE BOX BLUE SKETCHBOOK DESIGN,6,2010-11-01 15:05:00,2.95,13359.0,United Kingdom
528304,21821,GLITTER STAR GARLAND WITH BELLS ,6,2010-10-21 12:05:00,3.75,16550.0,United Kingdom
528424,35400,WOODEN BOX ADVENT CALENDAR ,2,2010-10-22 09:53:00,8.95,12899.0,United Kingdom
530733,22363,GLASS JAR MARMALADE ,12,2010-11-04 11:48:00,2.95,15489.0,United Kingdom
528276,22111,SCOTTIE DOG HOT WATER BOTTLE,6,2010-10-21 11:56:00,4.95,16992.0,United Kingdom
529763,21034,REX CASH+CARRY JUMBO SHOPPER,2,2010-10-29 15:00:00,0.95,14081.0,United Kingdom
527951,22195,LARGE HEART MEASURING SPOONS,1,2010-10-19 15:36:00,3.36,,United Kingdom
531513,22294,HEART FILIGREE DOVE  SMALL,4,2010-11-08 16:31:00,1.25,18098.0,United Kingdom
528184,21042,RED RETROSPOT APRON ,3,2010-10-21 11:10:00,5.95,15358.0,United Kingdom
529080,22578,WOODEN STAR CHRISTMAS SCANDINAVIAN,12,2010-10-26 13:07:00,0.85,13213.0,United Kingdom
530420,22555,PLASTERS IN TIN STRONGMAN,12,2010-11-03 09:16:00,1.65,17735.0,United Kingdom
531368,22525,CHILDRENS GARDEN GLOVES PINK,3,2010-11-07 15:00:00,1.25,16899.0,United Kingdom
527728,84536B,FAIRY CAKES NOTEBOOK A7 SIZE,1,2010-10-18 15:44:00,0.85,,United Kingdom
529203,21080,SET/20 RED RETROSPOT PAPER NAPKINS ,24,2010-10-27 09:59:00,0.85,14911.0,EIRE
530561,21466,RED FLOWER CROCHET FOOD COVER,2,2010-11-03 13:46:00,3.75,14398.0,United Kingdom
528952,20725,LUNCH BAG RED RETROSPOT,1,2010-10-25 16:57:00,4.21,,United Kingdom
529763,22032,BOTANICAL LILY GREETING CARD,12,2010-10-29 15:00:00,0.42,14081.0,United Kingdom
529788,22847,BREAD BIN DINER STYLE IVORY,3,2010-10-29 15:42:00,16.95,15906.0,United Kingdom
529209,22035,VINTAGE CARAVAN GREETING CARD ,12,2010-10-27 10:20:00,0.42,15271.0,United Kingdom
528577,21523,DOORMAT FANCY FONT HOME SWEET HOME,2,2010-10-22 13:13:00,16.98,,United Kingdom
529133,21212,PACK OF 72 RETROSPOT CAKE CASES,2,2010-10-26 14:47:00,1.28,,United Kingdom
527951,21386,IVORY HANGING DECORATION  EGG,1,2010-10-19 15:36:00,1.66,,United Kingdom
529325,85017A,ENVELOPE 50 ROMANTIC IMAGES,1,2010-10-27 14:10:00,0.85,,United Kingdom
532139,22754,SMALL RED BABUSHKA NOTEBOOK ,2,2010-11-11 11:18:00,1.66,,United Kingdom
529306,22665,RECIPE BOX BLUE SKETCHBOOK DESIGN,12,2010-10-27 12:52:00,2.95,13093.0,United Kingdom
529787,21819,GLITTER CHRISTMAS STAR ,2,2010-10-29 15:34:00,0.85,13263.0,United Kingdom
531854,22628,PICNIC BOXES SET OF 3 RETROSPOT ,1,2010-11-10 10:13:00,4.95,17894.0,United Kingdom
529847,35991,SET/6 BLACK SNOWFLAKE T-LIGHTS ,4,2010-10-31 13:23:00,0.42,13050.0,United Kingdom
C531807,22624,IVORY KITCHEN SCALES,-2,2010-11-09 16:12:00,8.5,15215.0,United Kingdom
531382,22834,HAND WARMER BABUSHKA DESIGN,2,2010-11-07 16:29:00,2.1,16549.0,United Kingdom
528613,22632,HAND WARMER RED RETROSPOT,1,2010-10-22 15:57:00,4.21,,United Kingdom
531672,22952,60 CAKE CASES VINTAGE CHRISTMAS,4,2010-11-09 11:41:00,0.55,14467.0,United Kingdom
531260,85232B,SET OF 3 BABUSHKA STACKING TINS,1,2010-11-07 11:44:00,4.95,18083.0,United Kingdom
530085,21624,VINTAGE UNION JACK DOORSTOP,1,2010-11-01 13:26:00,5.95,17315.0,United Kingdom
531843,21192,WHITE BELL HONEYCOMB PAPER ,1,2010-11-10 09:34:00,3.36,,United Kingdom
529676,21041,RED RETROSPOT OVEN GLOVE DOUBLE,6,2010-10-29 12:37:00,2.95,16858.0,United Kingdom
531435,22192,BLUE DINER WALL CLOCK,2,2010-11-08 12:06:00,8.5,14688.0,United Kingdom
529798,22652,TRAVEL SEWING KIT,10,2010-10-29 17:33:00,1.65,16231.0,United Kingdom
529981,22751,FELTCRAFT PRINCESS OLIVIA DOLL,1,2010-10-31 15:31:00,3.75,16686.0,United Kingdom
530927,22627,MINT KITCHEN SCALES,1,2010-11-04 16:51:00,8.5,18181.0,United Kingdom
532063,85017A,ENVELOPE 50 ROMANTIC IMAGES,1,2010-11-10 14:48:00,0.85,,United Kingdom
531343,22766,PHOTO FRAME CORNICE,8,2010-11-07 13:08:00,2.95,15044.0,United Kingdom
530652,22196,SMALL HEART MEASURING SPOONS,3,2010-11-04 09:38:00,1.66,,United Kingdom
528407,22659,LUNCH BOX I LOVE LONDON,12,2010-10-22 09:09:00,1.95,17863.0,United Kingdom
531875,72351A,SET/6 TURQUOISE BUTTERFLY T-LIGHTS,4,2010-11-10 11:47:00,2.1,14725.0,United Kingdom
531734,22383,LUNCH BAG SUKI  DESIGN ,2,2010-11-09 12:27:00,1.65,15719.0,United Kingdom
530087,21592,RETRO SPOT  CIGAR BOX MATCHES ,24,2010-11-01 13:33:00,1.25,16732.0,United Kingdom
531750,84927F,PSYCHEDELIC TILE HOOK,2,2010-11-09 13:06:00,2.1,15325.0,United Kingdom
532128,21534,DAIRY MAID LARGE MILK JUG,3,2010-11-11 10:41:00,4.95,17688.0,United Kingdom
529341,21328,BALLOONS  WRITING SET ,1,2010-10-27 16:38:00,1.65,17322.0,United Kingdom
531571,22835,HOT WATER BOTTLE I AM SO POORLY,4,2010-11-09 10:38:00,4.65,14496.0,United Kingdom
531125,22910,PAPER CHAIN KIT VINTAGE CHRISTMAS,6,2010-11-05 13:18:00,2.95,17691.0,United Kingdom
531727,22835,HOT WATER BOTTLE I AM SO POORLY,8,2010-11-09 12:07:00,4.65,16477.0,United Kingdom
528084,22443,GROW YOUR OWN HERBS SET OF 3,1,2010-10-20 13:00:00,7.95,16898.0,United Kingdom
530612,22168,ORGANISER WOOD ANTIQUE WHITE ,1,2010-11-03 15:45:00,8.5,16712.0,United Kingdom
530124,22734,SET OF 6 RIBBONS VINTAGE CHRISTMAS,4,2010-11-01 15:14:00,2.55,13174.0,United Kingdom
529924,21372,MIRRORED WALL ART TABLE LAMP,24,2010-10-31 14:20:00,0.85,12347.0,Iceland
530091,85099C,JUMBO  BAG BAROQUE BLACK WHITE,10,2010-11-01 13:46:00,1.95,13975.0,United Kingdom
531843,21724,PANDA AND BUNNIES STICKER SHEET,1,2010-11-10 09:34:00,1.66,,United Kingdom
532063,35923,CANDY HEART HANGING DECORATION,1,2010-11-10 14:48:00,2.51,,United Kingdom
529332,22454,MEASURING TAPE BABUSHKA RED,24,2010-10-27 15:01:00,2.95,17478.0,United Kingdom
531135,47591B,SCOTTIES CHILDRENS APRON,3,2010-11-05 14:09:00,1.65,16919.0,United Kingdom
530136,21034,REX CASH+CARRY JUMBO SHOPPER,1,2010-11-01 15:52:00,0.95,,United Kingdom
531489,72817,SET OF 2 CHRISTMAS DECOUPAGE CANDLE,11,2010-11-08 15:02:00,1.66,,United Kingdom
528952,22421,LIPSTICK PEN FUSCHIA,1,2010-10-25 16:57:00,0.85,,United Kingdom
528081,85099B,JUMBO BAG RED RETROSPOT,3,2010-10-20 12:52:00,1.95,12872.0,United Kingdom
528422,22642,SET OF 4 NAPKIN CHARMS STARS   ,6,2010-10-22 09:45:00,2.55,12615.0,France
528276,22938,CUPCAKE LACE PAPER SET 6,24,2010-10-21 11:56:00,1.95,16992.0,United Kingdom
529837,22597,CHRISTMAS MUSICAL ZINC HEART ,6,2010-10-31 12:34:00,0.85,16784.0,United Kingdom
530966,22197,SMALL POPCORN HOLDER,36,2010-11-05 08:27:00,0.85,12433.0,Norway
532139,21186,WHITE DOVE HONEYCOMB PAPER GARLAND,2,2010-11-11 11:18:00,3.36,,United Kingdom
528129,79000,MOROCCAN TEA GLASS,12,2010-10-20 14:58:00,0.85,14062.0,United Kingdom
531479,22121,NOEL WOODEN BLOCK LETTERS ,6,2010-11-08 14:24:00,5.95,13485.0,United Kingdom
528758,84992,72 SWEETHEART FAIRY CAKE CASES,1,2010-10-24 15:29:00,0.55,18116.0,United Kingdom
531459,21658,GLASS  BEURRE DISH,4,2010-11-08 13:31:00,3.95,15227.0,United Kingdom
528613,21352,EUCALYPTUS & PINECONE  WREATH,1,2010-10-22 15:57:00,5.91,,United Kingdom
531774,21232,STRAWBERRY CERAMIC TRINKET BOX,72,2010-11-09 14:41:00,1.06,13715.0,United Kingdom
530850,22190,LOCAL CAFE MUG,3,2010-11-04 14:49:00,2.51,,United Kingdom
530263,22865,HAND WARMER OWL DESIGN,3,2010-11-02 11:33:00,2.1,16005.0,United Kingdom
530571,22279,POCKET BAG BLUE PAISLEY RED SPOT,3,2010-11-03 14:22:00,1.25,15752.0,United Kingdom
529727,21479,WHITE SKULL HOT WATER BOTTLE ,4,2010-10-29 14:12:00,7.62,,United Kingdom
527886,21733,RED HANGING HEART T-LIGHT HOLDER,6,2010-10-19 12:06:00,2.95,18277.0,United Kingdom
531334,22687,DOORMAT CHRISTMAS VILLAGE,1,2010-11-07 12:35:00,7.95,16416.0,United Kingdom
531247,22611,VINTAGE UNION JACK SHOPPING BAG,6,2010-11-07 10:57:00,4.95,16923.0,United Kingdom
531489,22470,HEART OF WICKER LARGE,1,2010-11-08 15:02:00,5.91,,United Kingdom
529626,22569,FELTCRAFT CUSHION BUTTERFLY,4,2010-10-29 12:06:00,3.75,15498.0,United Kingdom
529000,84755,COLOUR GLASS T-LIGHT HOLDER HANGING,16,2010-10-26 11:32:00,0.65,15620.0,United Kingdom
530092,21485,RETROSPOT HEART HOT WATER BOTTLE,6,2010-11-01 13:46:00,4.95,15253.0,United Kingdom
528351,82580,BATHROOM METAL SIGN,25,2010-10-21 14:29:00,0.55,13166.0,United Kingdom
528595,22585,PACK OF 6 BIRDY GIFT TAGS,24,2010-10-22 14:30:00,1.25,15067.0,United Kingdom
532063,22178,VICTORIAN GLASS HANGING T-LIGHT,1,2010-11-10 14:48:00,2.51,,United Kingdom
528156,21868,POTTING SHED TEA MUG,4,2010-10-20 17:12:00,1.25,17817.0,United Kingdom
528357,22421,LIPSTICK PEN FUSCHIA,12,2010-10-21 15:07:00,0.42,14216.0,United Kingdom
529904,22734,SET OF 6 RIBBONS VINTAGE CHRISTMAS,12,2010-10-31 14:11:00,2.55,13833.0,United Kingdom
530763,22423,REGENCY CAKESTAND 3 TIER,2,2010-11-04 11:59:00,12.75,15379.0,United Kingdom
531036,84581,DOG TOY WITH PINK CROCHET SKIRT,1,2010-11-05 11:58:00,4.21,,United Kingdom
528657,21703,BAG 125g SWIRLY MARBLES,3,2010-10-24 12:44:00,0.42,14277.0,France
528766,22766,PHOTO FRAME CORNICE,4,2010-10-24 16:13:00,2.95,13564.0,United Kingdom
532063,22120,WELCOME  WOODEN BLOCK LETTERS,1,2010-11-10 14:48:00,20.38,,United Kingdom
531516,22631,CIRCUS PARADE LUNCH BOX ,10,2010-11-08 16:45:00,4.95,,United Kingdom
530367,22767,TRIPLE PHOTO FRAME CORNICE ,4,2010-11-02 16:06:00,9.95,14209.0,United Kingdom
531772,22696,WICKER WREATH LARGE,2,2010-11-09 14:33:00,1.95,17797.0,United Kingdom
528957,21578,WOODLAND DESIGN  COTTON TOTE BAG,6,2010-10-26 08:49:00,2.25,12475.0,Germany
531328,22077,6 RIBBONS RUSTIC CHARM,24,2010-11-07 12:13:00,1.65,13849.0,United Kingdom
528145,21385,IVORY HANGING DECORATION  HEART,3,2010-10-20 15:56:00,1.66,,United Kingdom
529936,21165,BEWARE OF THE CAT METAL SIGN ,3,2010-10-31 14:42:00,1.69,17085.0,United Kingdom
532083,21591,COSY HOUR CIGAR BOX MATCHES ,15,2010-11-10 15:16:00,1.25,13735.0,United Kingdom
529323,21668,RED STRIPE CERAMIC DRAWER KNOB,6,2010-10-27 14:05:00,1.25,16713.0,United Kingdom
527796,22271,FELTCRAFT DOLL ROSIE,144,2010-10-19 11:14:00,2.55,12454.0,Spain
528730,84988,SET OF 72 PINK HEART PAPER DOILIES,1,2010-10-24 13:28:00,1.45,13574.0,United Kingdom
530529,22737,RIBBON REEL CHRISTMAS PRESENT ,10,2010-11-03 12:45:00,1.65,16823.0,United Kingdom
531806,21154,RED RETROSPOT OVEN GLOVE ,2,2010-11-09 16:10:00,1.25,17757.0,United Kingdom
532059,22023,EMPIRE BIRTHDAY CARD,12,2010-11-10 14:37:00,0.42,15646.0,United Kingdom
531566,84997A,GREEN 3 PIECE POLKADOT CUTLERY SET,6,2010-11-09 10:29:00,3.75,14902.0,United Kingdom
529099,22156,HEART DECORATION WITH PEARLS ,12,2010-10-26 14:00:00,0.85,17034.0,United Kingdom
527912,85184C,S/4 VALENTINE DECOUPAGE HEART BOX,2,2010-10-19 13:00:00,2.95,16919.0,United Kingdom
527724,82494L,WOODEN FRAME ANTIQUE WHITE ,6,2010-10-18 15:37:00,2.95,17023.0,United Kingdom
530422,21931,JUMBO STORAGE BAG SUKI,1,2010-11-03 09:36:00,4.21,,United Kingdom
527971,22078,RIBBON REEL LACE DESIGN ,20,2010-10-20 10:09:00,2.1,13373.0,United Kingdom
531734,22665,RECIPE BOX BLUE SKETCHBOOK DESIGN,2,2010-11-09 12:27:00,2.95,15719.0,United Kingdom
527944,21039,RED RETROSPOT SHOPPING BAG,6,2010-10-19 14:54:00,2.55,13510.0,United Kingdom
530613,22804,CANDLEHOLDER PINK HANGING HEART,6,2010-11-03 15:46:00,2.95,15628.0,United Kingdom
531510,20971,PINK BLUE FELT CRAFT TRINKET BOX,12,2010-11-08 15:50:00,1.25,15441.0,United Kingdom
531690,21215,IVORY PAPER CUP CAKE CASES ,6,2010-11-09 11:49:00,2.13,,United Kingdom
531799,22196,SMALL HEART MEASURING SPOONS,96,2010-11-09 15:39:00,0.85,13093.0,United Kingdom
531922,21328,BALLOONS  WRITING SET ,3,2010-11-10 12:09:00,1.65,17974.0,United Kingdom
532083,22673,FRENCH GARDEN SIGN BLUE METAL,6,2010-11-10 15:16:00,1.25,13735.0,United Kingdom
531115,20724,RED RETROSPOT CHARLOTTE BAG,1,2010-11-05 12:43:00,0.85,12748.0,United Kingdom
528642,22865,HAND WARMER OWL DESIGN,12,2010-10-24 11:50:00,2.1,13295.0,United Kingdom
528417,22618,COOKING SET RETROSPOT,2,2010-10-22 09:36:00,9.95,14156.0,EIRE
528377,21587,COSY HOUR GIANT TUBE MATCHES,1,2010-10-21 17:38:00,2.55,15998.0,United Kingdom
528329,84992,72 SWEETHEART FAIRY CAKE CASES,2,2010-10-21 13:23:00,0.55,13891.0,United Kingdom
530850,22145,CHRISTMAS CRAFT HEART STOCKING ,3,2010-11-04 14:49:00,2.1,,United Kingdom
528868,21462,"NURSERY A,B,C PAINTED LETTERS",1,2010-10-25 11:33:00,6.75,15976.0,United Kingdom
528356,22366,DOORMAT AIRMAIL ,1,2010-10-21 14:55:00,7.95,12877.0,United Kingdom
530299,22178,VICTORIAN GLASS HANGING T-LIGHT,6,2010-11-02 12:48:00,1.25,14449.0,United Kingdom
531247,22909,SET OF 20 VINTAGE CHRISTMAS NAPKINS,6,2010-11-07 10:57:00,0.85,16923.0,United Kingdom
531368,20684,STRAWBERRY DREAM CHILDS UMBRELLA,2,2010-11-07 15:00:00,3.25,16899.0,United Kingdom
527964,22892,SALT AND PEPPER SHAKERS TOADSTOOLS,12,2010-10-20 09:45:00,1.25,14790.0,United Kingdom
527891,22809,SET OF 6 T-LIGHTS SANTA,6,2010-10-19 12:16:00,2.95,14524.0,United Kingdom
528581,72802B,OCEAN SCENT CANDLE IN JEWELLED BOX,6,2010-10-22 13:27:00,4.25,18055.0,United Kingdom
531247,21653,GLASS ETCHED T-LIGHT HOLDER LARGE,2,2010-11-07 10:57:00,2.1,16923.0,United Kingdom
528880,47591D,PINK FAIRY CAKE CHILDRENS APRON,8,2010-10-25 12:18:00,1.95,13733.0,United Kingdom
529847,75013B,"STRING OF 8 BUTTERFLIES,PINK",2,2010-10-31 13:23:00,1.65,13050.0,United Kingdom
529130,21231,SWEETHEART CERAMIC TRINKET BOX,72,2010-10-26 14:38:00,1.06,16258.0,United Kingdom
531742,21121,SET/10 RED POLKADOT PARTY CANDLES,2,2010-11-09 12:50:00,1.25,17208.0,United Kingdom
528088,22158,3 HEARTS HANGING DECORATION RUSTIC,8,2010-10-20 13:11:00,2.95,13703.0,United Kingdom
527754,22672,FRENCH BATHROOM SIGN BLUE METAL,2,2010-10-18 17:05:00,1.65,15710.0,United Kingdom
528326,21916,SET 12 RETRO WHITE CHALK STICKS,2,2010-10-21 13:07:00,0.42,13195.0,United Kingdom
530422,21976,PACK OF 60 MUSHROOM CAKE CASES,1,2010-11-03 09:36:00,1.28,,United Kingdom
529626,22910,PAPER CHAIN KIT VINTAGE CHRISTMAS,6,2010-10-29 12:06:00,2.95,15498.0,United Kingdom
528318,22620,4 TRADITIONAL SPINNING TOPS,6,2010-10-21 12:38:00,1.25,16933.0,United Kingdom
530658,84030E,ENGLISH ROSE HOT WATER BOTTLE,4,2010-11-04 10:22:00,4.25,15724.0,United Kingdom
528882,21673,WHITE SPOT BLUE CERAMIC DRAWER KNOB,6,2010-10-25 12:19:00,1.25,15039.0,United Kingdom
531506,22333,RETROSPOT PARTY BAG + STICKER SET,8,2010-11-08 15:34:00,1.65,12472.0,Germany
531352,20712,JUMBO BAG WOODLAND ANIMALS,2,2010-11-07 13:45:00,1.95,13137.0,United Kingdom
527728,22883,NUMBER TILE VINTAGE FONT 4,1,2010-10-18 15:44:00,4.21,,United Kingdom
528423,22896,PEG BAG APPLES DESIGN,50,2010-10-22 09:48:00,2.1,13629.0,United Kingdom
528644,22131,FOOD CONTAINER SET 3 LOVE HEART ,1,2010-10-24 12:00:00,1.95,14553.0,United Kingdom
529342,22594,CHRISTMAS GINGHAM TREE,12,2010-10-27 16:41:00,0.85,18060.0,United Kingdom
529936,22371,AIRLINE BAG VINTAGE TOKYO 78,2,2010-10-31 14:42:00,4.25,17085.0,United Kingdom
530829,22147,FELTCRAFT BUTTERFLY HEARTS,12,2010-11-04 13:32:00,1.45,14447.0,United Kingdom
528915,22328,ROUND SNACK BOXES SET OF 4 FRUITS ,2,2010-10-25 13:57:00,2.95,17432.0,United Kingdom
530651,22139,RETROSPOT TEA SET CERAMIC 11 PC ,3,2010-11-04 09:06:00,4.95,16590.0,United Kingdom
529868,21231,SWEETHEART CERAMIC TRINKET BOX,4,2010-10-31 13:58:00,1.25,14247.0,United Kingdom
528645,22882,NUMBER TILE VINTAGE FONT 3,1,2010-10-24 12:14:00,1.95,15994.0,United Kingdom
528335,22201,FRYING PAN BLUE POLKADOT,4,2010-10-21 13:45:00,4.25,12400.0,Australia
C531813,22801,ANTIQUE GLASS PEDESTAL BOWL,-1,2010-11-09 16:40:00,3.75,14105.0,United Kingdom
531477,21584,RETROSPOT SMALL TUBE MATCHES,3,2010-11-08 14:19:00,1.65,13538.0,United Kingdom
530297,22356,CHARLOTTE BAG PINK POLKADOT,1,2010-11-02 12:37:00,0.85,14966.0,United Kingdom
528667,84997B,RED 3 PIECE RETROSPOT CUTLERY SET,3,2010-10-24 12:46:00,3.75,17871.0,United Kingdom
531332,22900, SET 2 TEA TOWELS I LOVE LONDON ,2,2010-11-07 12:28:00,2.95,17372.0,United Kingdom
528747,21805,WHITE CHRISTMAS TREE DECORATION ,8,2010-10-24 14:40:00,0.42,16770.0,United Kingdom
530263,21232,STRAWBERRY CERAMIC TRINKET BOX,8,2010-11-02 11:33:00,1.25,16005.0,United Kingdom
529763,22155,STAR DECORATION RUSTIC,11,2010-10-29 15:00:00,0.42,14081.0,United Kingdom
530850,22315,200 RED + WHITE BENDY STRAWS,1,2010-11-04 14:49:00,2.51,,United Kingdom
529832,84536B,FAIRY CAKES NOTEBOOK A7 SIZE,32,2010-10-31 12:22:00,0.42,14848.0,United Kingdom
528448,22959,WRAP CHRISTMAS VILLAGE,25,2010-10-22 11:09:00,0.42,15805.0,United Kingdom
531690,84991,60 TEATIME FAIRY CAKE CASES,6,2010-11-09 11:49:00,2.13,,United Kingdom
528990,22862,LOVE HEART NAPKIN BOX ,8,2010-10-26 11:21:00,4.25,14524.0,United Kingdom
529082,21239,PINK  POLKADOT CUP,1,2010-10-26 13:11:00,0.85,14546.0,United Kingdom
531209,21067,VINTAGE RED TEATIME MUG,2,2010-11-05 16:05:00,1.25,,Unspecified
530335,22809,SET OF 6 T-LIGHTS SANTA,1,2010-11-02 14:02:00,2.95,17841.0,United Kingdom
527968,22624,IVORY KITCHEN SCALES,2,2010-10-20 09:59:00,8.5,16133.0,United Kingdom
527765,47580,TEA TIME DES TEA COSY,6,2010-10-19 09:10:00,2.55,14915.0,United Kingdom
531338,22794,SWEETHEART WIRE MAGAZINE RACK,1,2010-11-07 12:47:00,7.95,16928.0,United Kingdom
529847,85049A,TRADITIONAL CHRISTMAS RIBBONS,5,2010-10-31 13:23:00,1.25,13050.0,United Kingdom
530119,72780,,-20,2010-11-01 14:39:00,0.0,,United Kingdom
528504,22694,WICKER STAR ,1,2010-10-22 12:22:00,2.1,16428.0,United Kingdom
528318,22535,MAGIC DRAWING SLATE BUNNIES ,6,2010-10-21 12:38:00,0.42,16933.0,United Kingdom
531854,22866,HAND WARMER SCOTTY DOG DESIGN,2,2010-11-10 10:13:00,2.1,17894.0,United Kingdom
531365,21818,GLITTER CHRISTMAS HEART ,2,2010-11-07 14:51:00,0.85,17550.0,United Kingdom
529156,21591,COSY HOUR CIGAR BOX MATCHES ,1,2010-10-26 16:47:00,1.25,16549.0,United Kingdom
530850,22654,DELUXE SEWING KIT ,1,2010-11-04 14:49:00,11.87,,United Kingdom
528089,47013C,WINE BOTTLE DRESSING DARK BLUE,12,2010-10-20 13:12:00,0.29,14449.0,United Kingdom
528181,22149,FELTCRAFT 6 FLOWER FRIENDS,6,2010-10-21 10:55:00,2.1,15271.0,United Kingdom
528868,22227,HANGING HEART MIRROR DECORATION ,3,2010-10-25 11:33:00,0.65,15976.0,United Kingdom
527935,16169N,WRAP BLUE RUSSIAN FOLKART,25,2010-10-19 13:38:00,0.42,16719.0,United Kingdom
528764,21906,PHARMACIE FIRST AID TIN,1,2010-10-24 16:03:00,6.75,16904.0,United Kingdom
530651,22593,CHRISTMAS GINGHAM STAR,12,2010-11-04 09:06:00,0.85,16590.0,United Kingdom
529505,84270,ASSTD DESIGN BUBBLE GUM RING,90,2010-10-28 14:19:00,0.21,15167.0,United Kingdom
531259,22512,DOORSTOP RACING CAR DESIGN,4,2010-11-07 11:37:00,3.75,14127.0,United Kingdom
531691,37340,MULTICOLOUR SPRING FLOWER MUG,1,2010-11-09 11:50:00,8.47,,United Kingdom
528577,20963,APPLE BATH SPONGE,1,2010-10-22 13:13:00,2.51,,United Kingdom
530339,22739,"RIBBON REEL, XMAS SOCK/BAUBLE",10,2010-11-02 14:55:00,1.65,13523.0,United Kingdom
529985,85049D,BRIGHT BLUES RIBBONS ,12,2010-10-31 15:39:00,1.25,14286.0,United Kingdom
532063,20956,PORCELAIN T-LIGHT HOLDERS ASSORTED,1,2010-11-10 14:48:00,2.51,,United Kingdom
528377,21829,DINOSAUR KEYRINGS ASSORTED,36,2010-10-21 17:38:00,0.21,15998.0,United Kingdom
528597,85178,VICTORIAN SEWING KIT,12,2010-10-22 14:49:00,1.25,13155.0,United Kingdom
530140,22774,RED DRAWER KNOB ACRYLIC EDWARDIAN,3,2010-11-01 16:45:00,2.51,,United Kingdom
C530187,47590A,BLUE HAPPY BIRTHDAY BUNTING,-50,2010-11-02 11:01:00,4.65,12986.0,United Kingdom
529813,22173,METAL 4 HOOK HANGER FRENCH CHATEAU,1,2010-10-31 11:09:00,2.95,13888.0,United Kingdom
531820,84879,ASSORTED COLOUR BIRD ORNAMENT,8,2010-11-09 17:14:00,1.69,17374.0,United Kingdom
531843,21017,RED BIRD HOUSE TREE DECORATION,1,2010-11-10 09:34:00,1.28,,United Kingdom
530391,22406,MONEY BOX KINGS CHOICE DESIGN,48,2010-11-02 17:12:00,1.06,16705.0,United Kingdom
531866,85064,CREAM SWEETHEART LETTER RACK,400,2010-11-10 11:28:00,3.88,18102.0,United Kingdom
528667,21801,CHRISTMAS TREE DECORATION WITH BELL,2,2010-10-24 12:46:00,0.42,17871.0,United Kingdom
529694,22579,WOODEN TREE CHRISTMAS SCANDINAVIAN,24,2010-10-29 12:48:00,0.85,16836.0,United Kingdom
530427,21479,WHITE SKULL HOT WATER BOTTLE ,1,2010-11-03 10:28:00,3.75,17894.0,United Kingdom
528145,85150,LADIES & GENTLEMEN METAL SIGN,1,2010-10-20 15:56:00,5.06,,United Kingdom
527759,22604,SET OF 4 NAPKIN CHARMS CUTLERY,6,2010-10-18 17:11:00,2.55,14572.0,United Kingdom
530811,84032B,CHARLIE + LOLA RED HOT WATER BOTTLE,1,2010-11-04 13:04:00,2.95,13137.0,United Kingdom
528239,21188,3D HEARTS  HONEYCOMB PAPER GARLAND,12,2010-10-21 11:42:00,2.95,16954.0,United Kingdom
532085,15056N,EDWARDIAN PARASOL NATURAL,12,2010-11-10 15:20:00,5.95,14031.0,United Kingdom
529833,22147,FELTCRAFT BUTTERFLY HEARTS,1,2010-10-31 12:32:00,1.45,16791.0,United Kingdom
530342,85049E,SCANDINAVIAN REDS RIBBONS,3,2010-11-02 15:34:00,1.25,18041.0,United Kingdom
531951,84032A,CHARLIE+LOLA PINK HOT WATER BOTTLE,2,2010-11-10 12:19:00,2.95,14577.0,United Kingdom
530122,21976,PACK OF 60 MUSHROOM CAKE CASES,24,2010-11-01 14:58:00,0.55,12492.0,Germany
528613,22801,ANTIQUE GLASS PEDESTAL BOWL,1,2010-10-22 15:57:00,7.62,,United Kingdom
532127,22360,GLASS JAR ENGLISH CONFECTIONERY,4,2010-11-11 10:25:00,2.95,14796.0,United Kingdom
530753,22654,DELUXE SEWING KIT ,6,2010-11-04 11:56:00,5.95,12949.0,United Kingdom
530085,22488,NATURAL SLATE RECTANGLE CHALKBOARD,1,2010-11-01 13:26:00,1.65,17315.0,United Kingdom
528746,21870,I CAN ONLY PLEASE ONE PERSON MUG,12,2010-10-24 14:37:00,1.25,14243.0,United Kingdom
530167,37475,SET/4 COLOURFUL MIXING BOWLS,1,2010-11-02 09:06:00,9.95,14794.0,United Kingdom
529334,21587,COSY HOUR GIANT TUBE MATCHES,2,2010-10-27 15:11:00,2.55,,United Kingdom
532126,22845,VINTAGE CREAM CAT FOOD CONTAINER,2,2010-11-11 10:21:00,6.35,18226.0,United Kingdom
529748,22431,WATERING CAN BLUE ELEPHANT,1,2010-10-29 14:19:00,4.21,,United Kingdom
530070,22894,TABLECLOTH RED APPLES DESIGN ,1,2010-11-01 11:59:00,8.5,16876.0,United Kingdom
531468,22086,PAPER CHAIN KIT 50'S CHRISTMAS ,1,2010-11-08 13:58:00,2.95,14821.0,United Kingdom
528126,22107,PIZZA PLATE IN BOX,1,2010-10-20 14:42:00,3.75,16797.0,United Kingdom
530955,22909,SET OF 20 VINTAGE CHRISTMAS NAPKINS,12,2010-11-04 18:48:00,0.85,16128.0,United Kingdom
530297,21586,KINGS CHOICE GIANT TUBE MATCHES,1,2010-11-02 12:37:00,2.55,14966.0,United Kingdom
528255,22662,LUNCH BAG DOLLY GIRL DESIGN,2,2010-10-21 11:47:00,1.65,17068.0,United Kingdom
529323,22768,FAMILY PHOTO FRAME CORNICE,1,2010-10-27 14:05:00,9.95,16713.0,United Kingdom
530850,35598D,PINK/WHITE CHRISTMAS TREE 60CM,2,2010-11-04 14:49:00,2.51,,United Kingdom
528419,22947,WOODEN ADVENT CALENDAR RED,2,2010-10-22 09:44:00,16.95,12615.0,France
529133,22632,HAND WARMER RED RETROSPOT,1,2010-10-26 14:47:00,4.21,,United Kingdom
530329,21035,SET/2 RED RETROSPOT TEA TOWELS ,12,2010-11-02 13:45:00,2.95,16670.0,United Kingdom
528761,21992,VINTAGE PAISLEY STATIONERY SET,6,2010-10-24 15:42:00,2.95,13898.0,United Kingdom
529573,85150,LADIES & GENTLEMEN METAL SIGN,12,2010-10-28 18:54:00,2.55,16242.0,United Kingdom
528966,22059,CERAMIC STRAWBERRY DESIGN MUG,12,2010-10-26 10:03:00,1.49,16863.0,United Kingdom
529626,21819,GLITTER CHRISTMAS STAR ,12,2010-10-29 12:06:00,0.85,15498.0,United Kingdom
531243,22740,POLKADOT PEN,48,2010-11-07 10:46:00,0.85,16889.0,United Kingdom
531750,21975,PACK OF 60 DINOSAUR CAKE CASES,1,2010-11-09 13:06:00,0.55,15325.0,United Kingdom
532068,21908,CHOCOLATE THIS WAY METAL SIGN,1,2010-11-10 14:54:00,2.1,12855.0,United Kingdom
531036,22588,CARD HOLDER GINGHAM HEART,1,2010-11-05 11:58:00,5.06,,United Kingdom
529716,22509,SEWING BOX RETROSPOT DESIGN ,1,2010-10-29 13:40:00,16.95,13418.0,United Kingdom
528613,21781,MA CAMPAGNE CUTLERY BOX,1,2010-10-22 15:57:00,29.74,,United Kingdom
530796,22222,CAKE PLATE LOVEBIRD WHITE,2,2010-11-04 12:27:00,4.95,16391.0,United Kingdom
528761,21355,TOAST ITS - I LOVE YOU ,12,2010-10-24 15:42:00,1.25,13898.0,United Kingdom
529850,22384,LUNCH BAG PINK POLKADOT,1,2010-10-31 13:35:00,1.65,16788.0,United Kingdom
528443,84406B,CREAM CUPID HEARTS COAT HANGER,8,2010-10-22 10:59:00,3.25,16497.0,United Kingdom
531922,22553,PLASTERS IN TIN SKULLS,2,2010-11-10 12:09:00,1.65,17974.0,United Kingdom
529156,71477,COLOUR GLASS. STAR T-LIGHT HOLDER,1,2010-10-26 16:47:00,3.25,16549.0,United Kingdom
531836,71477,COLOUR GLASS. STAR T-LIGHT HOLDER,8,2010-11-10 08:50:00,3.25,12982.0,United Kingdom
530913,21889,WOODEN BOX OF DOMINOES,1,2010-11-04 16:03:00,1.25,17757.0,United Kingdom
528394,22652,TRAVEL SEWING KIT,4,2010-10-21 19:01:00,1.65,13291.0,United Kingdom
528919,47566,PARTY BUNTING,1,2010-10-25 14:27:00,4.65,16259.0,United Kingdom
531252,22649,STRAWBERRY FAIRY CAKE TEAPOT,1,2010-11-07 11:11:00,4.95,16206.0,United Kingdom
530122,20973,12 PENCIL SMALL TUBE WOODLAND,24,2010-11-01 14:58:00,0.65,12492.0,Germany
528912,37447,CERAMIC CAKE DESIGN SPOTTED PLATE,4,2010-10-25 13:40:00,1.49,16241.0,United Kingdom
529325,20961,STRAWBERRY BATH SPONGE ,1,2010-10-27 14:10:00,2.51,,United Kingdom
532056,22073,RED RETROSPOT STORAGE JAR,4,2010-11-10 14:27:00,3.75,12739.0,United Arab Emirates
531516,22561,WOODEN SCHOOL COLOURING SET,96,2010-11-08 16:45:00,3.95,,United Kingdom
528087,21107,CREAM SLICE FLANNEL PINK SPOT ,1,2010-10-20 13:09:00,2.95,16521.0,United Kingdom
529156,22620,4 TRADITIONAL SPINNING TOPS,4,2010-10-26 16:47:00,1.25,16549.0,United Kingdom
C527790,22341,LOVE GARLAND PAINTED ZINC ,-576,2010-10-19 11:12:00,1.65,12454.0,Spain
528624,85033S,SET/6 SILVER REINDEER T-LIGHTS,2,2010-10-24 10:56:00,0.65,17358.0,United Kingdom
528735,22586,FELTCRAFT HAIRBAND PINK AND BLUE,6,2010-10-24 13:57:00,0.85,13240.0,United Kingdom
530793,22423,REGENCY CAKESTAND 3 TIER,1,2010-11-04 12:18:00,12.75,15910.0,United Kingdom
531861,84832,ZINC WILLIE WINKIE  CANDLE STICK,96,2010-11-10 10:45:00,0.72,17511.0,United Kingdom
530060,21351,CINAMMON & ORANGE WREATH,3,2010-11-01 11:35:00,5.91,,United Kingdom
528340,20974,12 PENCILS SMALL TUBE SKULL,6,2010-10-21 14:05:00,0.65,17673.0,United Kingdom
530912,48194,DOORMAT HEARTS,2,2010-11-04 15:58:00,7.95,17049.0,United Kingdom
527789,35961,FOLKART ZINC HEART CHRISTMAS DEC,1,2010-10-19 11:10:00,1.66,,United Kingdom
529821,22510,GINGHAM BABUSHKA DOORSTOP,1,2010-10-31 11:32:00,3.75,13677.0,United Kingdom
528747,21901,"KEY FOB , BACK DOOR ",2,2010-10-24 14:40:00,0.65,16770.0,United Kingdom
531003,20823,GOLD WINE GOBLET,4,2010-11-05 11:34:00,4.65,15584.0,United Kingdom
528966,22489,PACK OF 12 TRADITIONAL CRAYONS,24,2010-10-26 10:03:00,0.42,16863.0,United Kingdom
530007,22730,ALARM CLOCK BAKELIKE IVORY,4,2010-11-01 09:33:00,3.75,16611.0,United Kingdom
529597,21889,WOODEN BOX OF DOMINOES,24,2010-10-29 08:48:00,1.25,17675.0,United Kingdom
528129,22730,ALARM CLOCK BAKELIKE IVORY,1,2010-10-20 14:58:00,3.75,14062.0,United Kingdom
528586,84836,ZINC METAL HEART DECORATION,3,2010-10-22 13:59:00,1.25,17191.0,United Kingdom
532139,21212,PACK OF 72 RETROSPOT CAKE CASES,1,2010-11-11 11:18:00,1.28,,United Kingdom
529727,22574,HEART WOODEN CHRISTMAS DECORATION,3,2010-10-29 14:12:00,1.66,,United Kingdom
530437,21992,VINTAGE PAISLEY STATIONERY SET,1,2010-11-03 11:13:00,2.95,15915.0,United Kingdom
532024,22904,CALENDAR PAPER CUT DESIGN,1,2010-11-10 13:17:00,2.95,15953.0,United Kingdom
527827,21485,RETROSPOT HEART HOT WATER BOTTLE,3,2010-10-19 11:24:00,4.95,17676.0,United Kingdom
529994,22363,GLASS JAR MARMALADE ,2,2010-10-31 16:26:00,2.95,16984.0,United Kingdom
529720,22352,LUNCH BOX WITH CUTLERY RETROSPOT ,12,2010-10-29 13:58:00,2.55,12705.0,Germany
528079,22602,CHRISTMAS RETROSPOT HEART WOOD,2,2010-10-20 12:47:00,0.85,15501.0,United Kingdom
528735,85226C,BLUE PULL BACK RACING CAR,2,2010-10-24 13:57:00,0.55,13240.0,United Kingdom
528106,21467,CHERRY CROCHET FOOD COVER,2,2010-10-20 13:43:00,3.75,15311.0,United Kingdom
528615,22807,SET OF 6 T-LIGHTS TOADSTOOLS,1,2010-10-22 16:36:00,2.95,17231.0,United Kingdom
532042,90192,JADE DROP EARRINGS W FILIGREE,6,2010-11-10 14:03:00,4.95,15551.0,United Kingdom
528340,22436,12 COLOURED PARTY BALLOONS,10,2010-10-21 14:05:00,0.65,17673.0,United Kingdom
532101,84032B,CHARLIE + LOLA RED HOT WATER BOTTLE,1,2010-11-10 16:15:00,2.95,17350.0,United Kingdom
529306,79321,CHILLI LIGHTS,24,2010-10-27 12:52:00,4.25,13093.0,United Kingdom
531135,48185,DOORMAT FAIRY CAKE,2,2010-11-05 14:09:00,7.95,16919.0,United Kingdom
528912,20996,JAZZ HEARTS ADDRESS BOOK,2,2010-10-25 13:40:00,0.42,16241.0,United Kingdom
530753,22424,ENAMEL BREAD BIN CREAM,2,2010-11-04 11:56:00,12.75,12949.0,United Kingdom
531496,22591,CARDHOLDER GINGHAM CHRISTMAS TREE,2,2010-11-08 15:23:00,2.55,13738.0,United Kingdom
531843,22499,WOODEN UNION JACK BUNTING,1,2010-11-10 09:34:00,12.72,,United Kingdom
528741,22784,LANTERN CREAM GAZEBO ,4,2010-10-24 14:08:00,4.95,15665.0,United Kingdom
C527923,35004B,SET OF 3 BLACK FLYING DUCKS,-1,2010-10-19 13:19:00,1.95,13078.0,United Kingdom
527971,21668,RED STRIPE CERAMIC DRAWER KNOB,12,2010-10-20 10:09:00,1.25,13373.0,United Kingdom
531782,84341B,SMALL PINK MAGIC CHRISTMAS TREE,2,2010-11-09 14:48:00,0.85,16021.0,United Kingdom
529349,21720,CAKE SHOP  STICKER SHEET,12,2010-10-28 09:27:00,0.85,13362.0,United Kingdom
528952,22379,RECYCLING BAG RETROSPOT ,2,2010-10-25 16:57:00,4.21,,United Kingdom
531395,22444,GROW YOUR OWN PLANT IN A CAN ,96,2010-11-08 10:07:00,1.06,12435.0,Denmark
530008,M,Manual,1,2010-11-01 09:33:00,92.03,13050.0,United Kingdom
527910,22908,PACK OF 20 NAPKINS RED APPLES,12,2010-10-19 12:50:00,0.85,14156.0,EIRE
531771,22173,METAL 4 HOOK HANGER FRENCH CHATEAU,8,2010-11-09 14:24:00,2.95,17738.0,United Kingdom
528352,82484,WOOD BLACK BOARD ANT WHITE FINISH,3,2010-10-21 14:29:00,6.45,18243.0,United Kingdom
528866,22943,CHRISTMAS LIGHTS 10 VINTAGE BAUBLES,6,2010-10-25 11:16:00,4.95,15955.0,United Kingdom
531248,22477,WATERING CAN GARDEN MARKER,2,2010-11-07 10:59:00,1.25,16444.0,United Kingdom
528305,22419,LIPSTICK PEN RED,50,2010-10-21 12:09:00,0.42,17834.0,United Kingdom
531359,21260,FIRST AID TIN,3,2010-11-07 14:17:00,3.25,13276.0,United Kingdom
528645,22111,SCOTTIE DOG HOT WATER BOTTLE,2,2010-10-24 12:14:00,4.95,15994.0,United Kingdom
530570,22535,MAGIC DRAWING SLATE BUNNIES ,1,2010-11-03 14:15:00,0.42,16725.0,United Kingdom
530371,22892,SET OF SALT AND PEPPER TOADSTOOLS,6,2010-11-02 16:18:00,1.25,15727.0,United Kingdom
528629,21591,COSY HOUR CIGAR BOX MATCHES ,24,2010-10-24 11:18:00,1.25,13654.0,United Kingdom
527728,85199L,LARGE HANGING IVORY & RED WOOD BIRD,1,2010-10-18 15:44:00,1.28,,United Kingdom
528735,22113,GREY HEART HOT WATER BOTTLE,3,2010-10-24 13:57:00,3.75,13240.0,United Kingdom
530548,21212,PACK OF 72 RETROSPOT CAKE CASES,24,2010-11-03 13:16:00,0.55,13500.0,United Kingdom
530422,22423,REGENCY CAKESTAND 3 TIER,1,2010-11-03 09:36:00,25.49,,United Kingdom
C530283,21314,SMALL GLASS HEART TRINKET POT,-3,2010-11-02 12:09:00,2.1,13767.0,United Kingdom
534705,22171,3 HOOK PHOTO SHELF ANTIQUE WHITE,1,2010-11-23 16:40:00,8.5,16242.0,United Kingdom
532935,21428,SET3 BOOK BOX GREEN GINGHAM FLOWER ,16,2010-11-15 12:06:00,3.75,16314.0,United Kingdom
532146,84508A,CAMOUFLAGE DESIGN TEDDY,4,2010-11-11 11:55:00,2.55,15039.0,United Kingdom
533069,22746,POPPY'S PLAYHOUSE LIVINGROOM ,2,2010-11-15 17:37:00,2.1,16161.0,United Kingdom
535268,85199S,SMALL HANGING IVORY/RED WOOD BIRD,10,2010-11-25 13:38:00,0.42,12841.0,United Kingdom
535427,22564,ALPHABET STENCIL CRAFT,1,2010-11-26 12:05:00,1.25,15872.0,United Kingdom
532990,22795,SWEETHEART RECIPE BOOK STAND,1,2010-11-15 14:11:00,6.75,17106.0,United Kingdom
536024,22667,RECIPE BOX RETROSPOT ,3,2010-11-29 16:13:00,2.95,17338.0,United Kingdom
532564,22577,WOODEN HEART CHRISTMAS SCANDINAVIAN,12,2010-11-12 13:15:00,0.85,17685.0,United Kingdom
534864,21730,GLASS STAR FROSTED T-LIGHT HOLDER,9,2010-11-24 14:13:00,4.95,13495.0,United Kingdom
535472,21201,TROPICAL  HONEYCOMB PAPER GARLAND ,12,2010-11-26 13:50:00,2.55,12637.0,France
535240,22086,PAPER CHAIN KIT 50'S CHRISTMAS ,2,2010-11-25 12:33:00,2.95,18025.0,United Kingdom
532665,22632,HAND WARMER RED RETROSPOT,1,2010-11-14 11:37:00,2.1,14052.0,United Kingdom
532306,22328,ROUND SNACK BOXES SET OF 4 FRUITS ,1,2010-11-11 14:29:00,2.95,12637.0,France
533547,72351B,SET/6 PINK  BUTTERFLY T-LIGHTS,8,2010-11-17 16:48:00,2.1,16409.0,United Kingdom
534383,22580,ADVENT CALENDAR GINGHAM SACK,3,2010-11-22 12:53:00,5.95,14527.0,United Kingdom
533333,22383,LUNCH BAG SUKI  DESIGN ,10,2010-11-16 18:07:00,1.65,16748.0,United Kingdom
534724,22212,FOUR HOOK  WHITE LOVEBIRDS,6,2010-11-23 18:20:00,2.1,15951.0,United Kingdom
533080,22489,PACK OF 12 TRADITIONAL CRAYONS,24,2010-11-16 09:28:00,0.42,14189.0,United Kingdom
533065,85035C,ROSE 3 WICK MORRIS BOX CANDLE,1,2010-11-15 17:04:00,8.47,,United Kingdom
532663,84992,72 SWEETHEART FAIRY CAKE CASES,24,2010-11-14 11:32:00,0.55,14936.0,Channel Islands
533348,21279,VINTAGE KITCHEN PRINT FRUITS,1,2010-11-17 09:22:00,5.06,,United Kingdom
532263,21479,WHITE SKULL HOT WATER BOTTLE ,1,2010-11-11 12:54:00,3.75,13246.0,United Kingdom
C533319,22654,DELUXE SEWING KIT ,-1,2010-11-16 17:24:00,5.95,16048.0,United Kingdom
533132,21986,PACK OF 12 PINK POLKADOT TISSUES,24,2010-11-16 12:49:00,0.29,15235.0,United Kingdom
534193,21137,BLACK RECORD COVER FRAME,12,2010-11-21 14:35:00,3.75,15519.0,United Kingdom
535407,22964,3 PIECE SPACEBOY COOKIE CUTTER SET,2,2010-11-26 11:20:00,4.21,,United Kingdom
534403,21755,LOVE BUILDING BLOCK WORD,2,2010-11-22 13:59:00,5.95,14649.0,United Kingdom
534877,21488,RED WHITE SCARF  HOT WATER BOTTLE,1,2010-11-24 14:39:00,3.95,15471.0,United Kingdom
534673,72818,CHRISTMAS DECOUPAGE CANDLE,12,2010-11-23 14:28:00,0.85,12748.0,United Kingdom
534859,21194,PINK  HONEYCOMB PAPER FAN,1,2010-11-24 13:56:00,4.21,,United Kingdom
534041,16156S,WRAP PINK FAIRY CAKES ,25,2010-11-19 16:41:00,0.42,17648.0,United Kingdom
532642,22950,36 DOILIES VINTAGE CHRISTMAS,1,2010-11-12 17:00:00,1.45,,United Kingdom
532551,21430,SET/3 RED GINGHAM ROSE STORAGE BOX,4,2010-11-12 12:26:00,3.75,14194.0,United Kingdom
535195,22318,FIVE HEART HANGING DECORATION,6,2010-11-25 12:03:00,2.95,14907.0,United Kingdom
533771,84818,DANISH ROSE PHOTO FRAME,2,2010-11-18 15:34:00,2.55,17315.0,United Kingdom
536030,22430,ENAMEL WATERING CAN CREAM,1,2010-11-29 16:41:00,4.95,15828.0,United Kingdom
535413,22149,FELTCRAFT 6 FLOWER FRIENDS,8,2010-11-26 11:34:00,5.06,,United Kingdom
535946,21498,RED RETROSPOT WRAP ,25,2010-11-29 11:54:00,0.42,17345.0,United Kingdom
532994,22630,DOLLY GIRL LUNCH BOX,4,2010-11-15 14:30:00,1.95,16933.0,United Kingdom
535394,22381,TOY TIDY PINK POLKADOT,50,2010-11-26 10:25:00,1.85,15347.0,United Kingdom
533849,21164,HOME SWEET HOME METAL SIGN ,6,2010-11-19 11:27:00,2.95,15805.0,United Kingdom
532935,20967,GREY FLORAL FELTCRAFT SHOULDER BAG,4,2010-11-15 12:06:00,3.75,16314.0,United Kingdom
535124,22147,FELTCRAFT BUTTERFLY HEARTS,24,2010-11-25 11:34:00,1.45,13851.0,United Kingdom
534404,22118,JOY WOODEN BLOCK LETTERS,1,2010-11-22 14:08:00,4.95,14048.0,United Kingdom
535382,22130,PARTY CONE CHRISTMAS DECORATION ,12,2010-11-25 19:24:00,0.85,17921.0,United Kingdom
533293,22468,BABUSHKA LIGHTS STRING OF 10,2,2010-11-16 15:58:00,6.75,16145.0,United Kingdom
534187,21380,WOODEN HAPPY BIRTHDAY GARLAND,1,2010-11-21 14:10:00,2.95,16501.0,United Kingdom
534289,20617,FIRST CLASS PASSPORT COVER ,1,2010-11-22 11:25:00,4.21,,United Kingdom
533474,22899,CHILDREN'S APRON DOLLY GIRL ,5,2010-11-17 12:49:00,2.1,12838.0,United Kingdom
534073,21294,ETCHED GLASS COASTER,12,2010-11-21 11:47:00,1.25,13873.0,United Kingdom
535322,84536A,ENGLISH ROSE NOTEBOOK A7 SIZE,3,2010-11-25 15:19:00,0.85,,United Kingdom
532548,21891,TRADITIONAL WOODEN SKIPPING ROPE,5,2010-11-12 12:15:00,1.25,17210.0,United Kingdom
535318,21892,TRADITIONAL WOODEN CATCH CUP GAME ,1,2010-11-25 15:01:00,1.25,13573.0,United Kingdom
533336,21539,RED RETROSPOT BUTTER DISH,3,2010-11-16 18:10:00,4.95,12714.0,France
536009,21218,RED SPOTTY BISCUIT TIN,48,2010-11-29 15:07:00,3.25,12415.0,Australia
534398,21485,RETROSPOT HEART HOT WATER BOTTLE,6,2010-11-22 13:25:00,4.95,13889.0,United Kingdom
535803,22649,STRAWBERRY FAIRY CAKE TEAPOT,1,2010-11-28 14:57:00,4.95,14410.0,United Kingdom
535590,16216,LETTER SHAPE PENCIL SHARPENER,2,2010-11-26 16:20:00,0.16,17218.0,United Kingdom
533458,22834,HAND WARMER BABUSHKA DESIGN,1,2010-11-17 12:03:00,2.1,16006.0,United Kingdom
532613,84991,60 TEATIME FAIRY CAKE CASES,2,2010-11-12 15:20:00,2.13,,United Kingdom
532252,20970,PINK FLORAL FELTCRAFT SHOULDER BAG,4,2010-11-11 12:45:00,3.75,17416.0,United Kingdom
533966,21813,GARLAND WITH STARS AND BELLS,4,2010-11-19 13:07:00,10.17,,United Kingdom
534751,21888,BINGO SET,1,2010-11-24 09:55:00,7.62,,United Kingdom
534877,22242,5 HOOK HANGER MAGIC TOADSTOOL,2,2010-11-24 14:39:00,1.65,15471.0,United Kingdom
533740,20726,LUNCH BAG WOODLAND,3,2010-11-18 14:07:00,4.21,,United Kingdom
533336,84997B,RED 3 PIECE RETROSPOT CUTLERY SET,6,2010-11-16 18:10:00,3.75,12714.0,France
533906,22525,CHILDRENS GARDEN GLOVES PINK,1,2010-11-19 11:55:00,1.25,17360.0,United Kingdom
535427,21360,JOY LARGE WOOD LETTERS,1,2010-11-26 12:05:00,9.95,15872.0,United Kingdom
535835,22577,WOODEN HEART CHRISTMAS SCANDINAVIAN,1,2010-11-29 09:46:00,1.66,,United Kingdom
533053,48194,DOORMAT HEARTS,4,2010-11-15 16:22:00,7.95,12836.0,United Kingdom
533550,22427,ENAMEL FLOWER JUG CREAM,1,2010-11-17 17:01:00,5.95,17995.0,United Kingdom
535988,22661,CHARLOTTE BAG DOLLY GIRL DESIGN,100,2010-11-29 13:21:00,0.72,14646.0,Netherlands
534204,21485,RETROSPOT HEART HOT WATER BOTTLE,3,2010-11-21 15:30:00,4.95,15634.0,United Kingdom
535661,21874,GIN AND TONIC MUG,1,2010-11-28 11:33:00,1.25,13069.0,United Kingdom
535940,21357,TOAST ITS - DINOSAUR,1,2010-11-29 11:48:00,1.25,16005.0,United Kingdom
534623,84596L,BISCUITS SMALL BOWL LIGHT BLUE,16,2010-11-23 12:48:00,1.25,15506.0,United Kingdom
532384,22157,ANGEL DECORATION WITH LACE PADDED,24,2010-11-11 18:34:00,0.85,12748.0,United Kingdom
533487,84030E,ENGLISH ROSE HOT WATER BOTTLE,1,2010-11-17 13:11:00,4.25,13593.0,United Kingdom
532811,22730,ALARM CLOCK BAKELIKE IVORY,4,2010-11-14 15:27:00,3.75,15606.0,United Kingdom
533314,20677,PINK POLKADOT BOWL,8,2010-11-16 17:12:00,1.25,13158.0,United Kingdom
533134,21709,FOLDING UMBRELLA CHOCOLATE POLKADOT,4,2010-11-16 12:51:00,4.95,16717.0,United Kingdom
534449,20676,RED RETROSPOT BOWL,3,2010-11-22 15:52:00,1.25,17179.0,United Kingdom
534432,20727,LUNCH BAG  BLACK SKULL.,1,2010-11-22 15:01:00,1.65,18283.0,United Kingdom
534832,21242,RED RETROSPOT PLATE ,8,2010-11-24 13:03:00,1.69,15279.0,United Kingdom
535426,21156,RETROSPOT CHILDRENS APRON,3,2010-11-26 12:03:00,1.95,15024.0,United Kingdom
534859,85227,SET OF 6 3D KIT CARDS FOR KIDS,1,2010-11-24 13:56:00,1.66,,United Kingdom
535963,82484,WOOD BLACK BOARD ANT WHITE FINISH,2,2010-11-29 12:36:00,6.45,12748.0,United Kingdom
534380,20724,RED RETROSPOT CHARLOTTE BAG,1,2010-11-22 12:38:00,0.85,17238.0,United Kingdom
532642,22333,RETROSPOT PARTY BAG + STICKER SET,1,2010-11-12 17:00:00,3.36,,United Kingdom
532659,22386,JUMBO BAG PINK POLKADOT,4,2010-11-14 11:18:00,1.95,16121.0,United Kingdom
535958,22693,GROW A FLYTRAP OR SUNFLOWER IN TIN,24,2010-11-29 12:33:00,1.25,16161.0,United Kingdom
532325,21756,BATH BUILDING BLOCK WORD,3,2010-11-11 15:25:00,5.95,16735.0,United Kingdom
534235,22147,FELTCRAFT BUTTERFLY HEARTS,2,2010-11-22 10:28:00,1.45,13086.0,United Kingdom
533380,22786,CUSHION COVER PINK UNION JACK,2,2010-11-17 10:54:00,5.95,17965.0,United Kingdom
532551,21866,UNION JACK FLAG LUGGAGE TAG,12,2010-11-12 12:26:00,1.25,14194.0,United Kingdom
534885,20914,SET/5 RED RETROSPOT LID GLASS BOWLS,1,2010-11-24 14:48:00,2.95,15509.0,United Kingdom
534154,72800E,4 IVORY DINNER CANDLES SILVER FLOCK,1,2010-11-21 12:29:00,2.55,16007.0,United Kingdom
533338,22150,3 STRIPEY MICE FELTCRAFT,3,2010-11-16 18:18:00,4.21,,United Kingdom
534389,22113,GREY HEART HOT WATER BOTTLE,1,2010-11-22 13:02:00,7.62,,United Kingdom
532976,21232,STRAWBERRY CERAMIC TRINKET BOX,4,2010-11-15 13:24:00,1.25,16919.0,United Kingdom
534172,21703,BAG 125g SWIRLY MARBLES,48,2010-11-21 13:30:00,0.42,14800.0,United Kingdom
534378,22654,DELUXE SEWING KIT ,2,2010-11-22 12:33:00,5.95,14461.0,United Kingdom
534859,21741,COSY SLIPPER SHOES LARGE GREEN,1,2010-11-24 13:56:00,5.91,,United Kingdom
535266,22600,CHRISTMAS RETROSPOT STAR WOOD,4,2010-11-25 13:32:00,0.85,14159.0,United Kingdom
534800,22367,CHILDRENS APRON SPACEBOY DESIGN,3,2010-11-24 12:04:00,1.95,17019.0,United Kingdom
534289,90177E,DROP DIAMANTE EARRINGS GREEN,1,2010-11-22 11:25:00,2.96,,United Kingdom
C533493,22618,COOKING SET RETROSPOT,-1,2010-11-17 13:30:00,9.95,12766.0,Portugal
534289,22041,"RECORD FRAME 7"" SINGLE SIZE ",2,2010-11-22 11:25:00,5.06,,United Kingdom
532798,22541,MINI JIGSAW LEAP FROG,1,2010-11-14 14:47:00,0.42,17544.0,United Kingdom
534054,22454,MEASURING TAPE BABUSHKA RED,2,2010-11-21 10:38:00,2.95,16746.0,United Kingdom
534671,84836,ZINC METAL HEART DECORATION,12,2010-11-23 14:17:00,1.25,17766.0,United Kingdom
534801,85123A,WHITE HANGING HEART T-LIGHT HOLDER,6,2010-11-24 12:06:00,2.95,14673.0,United Kingdom
534877,21818,GLITTER CHRISTMAS HEART ,1,2010-11-24 14:39:00,0.85,15471.0,United Kingdom
535835,22294,HEART FILIGREE DOVE  SMALL,3,2010-11-29 09:46:00,2.51,,United Kingdom
535835,84946,ANTIQUE SILVER TEA GLASS ETCHED,16,2010-11-29 09:46:00,2.51,,United Kingdom
532953,22741,FUNKY DIVA PEN,2,2010-11-15 12:17:00,1.66,,United Kingdom
535247,20713,JUMBO BAG OWLS,10,2010-11-25 12:40:00,1.95,14824.0,United Kingdom
534070,22851,SET 20 NAPKINS FAIRY CAKES DESIGN ,12,2010-11-21 11:37:00,0.85,17540.0,United Kingdom
535658,48194,DOORMAT HEARTS,2,2010-11-28 11:24:00,7.95,13542.0,United Kingdom
534517,22666,RECIPE BOX PANTRY YELLOW DESIGN,4,2010-11-23 12:01:00,2.95,16229.0,United Kingdom
532748,21269,ANTIQUE CREAM CUTLERY SHELF ,1,2010-11-14 13:19:00,8.5,16074.0,United Kingdom
534709,21915,RED  HARMONICA IN BOX ,13,2010-11-23 16:53:00,2.51,,United Kingdom
534389,22444,GROW YOUR OWN PLANT IN A CAN ,5,2010-11-22 13:02:00,2.51,,United Kingdom
533496,21829,DINOSAUR KEYRINGS ASSORTED,72,2010-11-17 13:42:00,0.21,17768.0,United Kingdom
533841,21735,TWO DOOR CURIO CABINET,2,2010-11-19 11:12:00,12.75,17269.0,United Kingdom
533133,21027,NINJA RABBIT PINK,2,2010-11-16 12:50:00,1.25,15850.0,United Kingdom
535472,22326,ROUND SNACK BOXES SET OF4 WOODLAND ,6,2010-11-26 13:50:00,2.95,12637.0,France
534854,21051,RIBBONS PURSE ,2,2010-11-24 13:49:00,2.1,16065.0,United Kingdom
532905,21642,ASSORTED TUTTI FRUTTI PEN,6,2010-11-15 11:49:00,0.85,17811.0,United Kingdom
533127,35095B,RED VICTORIAN FABRIC OVAL BOX,24,2010-11-16 12:46:00,0.42,13611.0,United Kingdom
532679,22579,WOODEN TREE CHRISTMAS SCANDINAVIAN,5,2010-11-14 12:17:00,0.85,16960.0,United Kingdom
533338,21116,OWL DOORSTOP,1,2010-11-16 18:18:00,8.47,,United Kingdom
535677,84969,BOX OF 6 ASSORTED COLOUR TEASPOONS,2,2010-11-28 12:15:00,4.25,14546.0,United Kingdom
534459,85227,SET OF 6 3D KIT CARDS FOR KIDS,1,2010-11-23 09:12:00,1.66,,United Kingdom
532416,21430,SET/3 RED GINGHAM ROSE STORAGE BOX,4,2010-11-12 08:18:00,3.75,18054.0,United Kingdom
535107,21430,SET/3 RED GINGHAM ROSE STORAGE BOX,24,2010-11-25 11:17:00,3.39,14680.0,United Kingdom
534389,22207,FRYING PAN UNION FLAG,1,2010-11-22 13:02:00,8.47,,United Kingdom
535951,48111,DOORMAT 3 SMILEY CATS,2,2010-11-29 12:06:00,14.43,,United Kingdom
535407,20682,RED RETROSPOT CHILDRENS UMBRELLA,1,2010-11-26 11:20:00,6.77,,United Kingdom
534854,22866,HAND WARMER SCOTTY DOG DESIGN,2,2010-11-24 13:49:00,2.1,16065.0,United Kingdom
532665,22141,CHRISTMAS CRAFT TREE TOP ANGEL,1,2010-11-14 11:37:00,2.1,14052.0,United Kingdom
532642,82484,WOOD BLACK BOARD ANT WHITE FINISH,1,2010-11-12 17:00:00,13.57,,United Kingdom
532557,84536B,FAIRY CAKES NOTEBOOK A7 SIZE,6,2010-11-12 12:49:00,0.42,13032.0,United Kingdom
533088,22025,RING OF ROSES BIRTHDAY CARD,24,2010-11-16 10:05:00,0.42,12357.0,Switzerland
533828,21843,RED RETROSPOT CAKE STAND,2,2010-11-19 10:06:00,10.95,13317.0,United Kingdom
535377,22086,PAPER CHAIN KIT 50'S CHRISTMAS ,6,2010-11-25 18:49:00,2.95,15144.0,United Kingdom
532665,22076,6 RIBBONS EMPIRE  ,1,2010-11-14 11:37:00,1.65,14052.0,United Kingdom
532548,22866,HAND WARMER SCOTTY DOG DESIGN,5,2010-11-12 12:15:00,2.1,17210.0,United Kingdom
534767,21479,WHITE SKULL HOT WATER BOTTLE ,8,2010-11-24 10:30:00,3.75,16125.0,United Kingdom
535322,21820,GLITTER HEART GARLAND WITH BELLS ,1,2010-11-25 15:19:00,7.62,,United Kingdom
535265,21488,RED WHITE SCARF  HOT WATER BOTTLE,8,2010-11-25 13:30:00,3.95,13381.0,United Kingdom
532665,22728,ALARM CLOCK BAKELIKE PINK,1,2010-11-14 11:37:00,3.75,14052.0,United Kingdom
534859,10135,COLOURING PENCILS BROWN TUBE,3,2010-11-24 13:56:00,2.51,,United Kingdom
535464,22575,METAL MERRY CHRISTMAS WREATH,1,2010-11-26 13:16:00,1.95,17999.0,United Kingdom
535984,22837,HOT WATER BOTTLE BABUSHKA ,24,2010-11-29 13:17:00,4.65,16131.0,United Kingdom
533301,22078,RIBBON REEL LACE DESIGN ,5,2010-11-16 16:46:00,2.1,15811.0,United Kingdom
534403,22294,HEART FILIGREE DOVE  SMALL,9,2010-11-22 13:59:00,1.25,14649.0,United Kingdom
532826,21991,BOHEMIAN COLLAGE STATIONERY SET,1,2010-11-15 09:32:00,2.51,,United Kingdom
532660,47566,PARTY BUNTING,13,2010-11-14 11:19:00,4.65,17377.0,United Kingdom
535802,22178,VICTORIAN GLASS HANGING T-LIGHT,12,2010-11-28 14:57:00,1.25,14030.0,United Kingdom
533336,22712,CARD DOLLY GIRL ,12,2010-11-16 18:10:00,0.42,12714.0,France
535780,21326,AGED GLASS SILVER T-LIGHT HOLDER,24,2010-11-28 13:51:00,0.65,13435.0,United Kingdom
534194,22616,PACK OF 12 LONDON TISSUES ,1,2010-11-21 14:36:00,0.29,13069.0,United Kingdom
532661,22513,DOORSTOP FOOTBALL DESIGN,1,2010-11-14 11:27:00,3.75,13545.0,United Kingdom
532803,90002D,FLOWER BURST SILVER RING CRYSTAL,2,2010-11-14 14:57:00,3.75,17544.0,United Kingdom
534630,35597A,DUSTY PINK CHRISTMAS TREE 30CM,1,2010-11-23 12:54:00,1.25,13569.0,United Kingdom
532660,22716,CARD CIRCUS PARADE,12,2010-11-14 11:19:00,0.42,17377.0,United Kingdom
533841,22554,PLASTERS IN TIN WOODLAND ANIMALS,1,2010-11-19 11:12:00,1.65,17269.0,United Kingdom
532419,22083,PAPER CHAIN KIT RETROSPOT,3,2010-11-12 09:18:00,5.91,,United Kingdom
535424,22075,6 RIBBONS ELEGANT CHRISTMAS ,12,2010-11-26 11:58:00,1.65,12651.0,France
532650,21363,HOME SMALL WOOD LETTERS,9,2010-11-14 10:39:00,4.95,13854.0,United Kingdom
533338,22749,FELTCRAFT PRINCESS CHARLOTTE DOLL,2,2010-11-16 18:18:00,7.62,,United Kingdom
534389,21874,GIN AND TONIC MUG,1,2010-11-22 13:02:00,3.36,,United Kingdom
535269,22666,RECIPE BOX PANTRY YELLOW DESIGN,8,2010-11-25 13:38:00,2.95,14597.0,United Kingdom
532150,90199B,5 STRAND GLASS NECKLACE AMETHYST,1,2010-11-11 12:06:00,6.35,16395.0,United Kingdom
533381,47570B,TEA TIME TABLE CLOTH,1,2010-11-17 10:55:00,10.65,14417.0,United Kingdom
534459,21916,SET 12 RETRO WHITE CHALK STICKS,1,2010-11-23 09:12:00,0.85,,United Kingdom
533149,22956,36 FOIL HEART CAKE CASES,1,2010-11-16 13:43:00,2.1,13571.0,United Kingdom
533837,21232,STRAWBERRY CERAMIC TRINKET BOX,36,2010-11-19 10:55:00,1.25,18097.0,United Kingdom
533860,22065,CHRISTMAS PUDDING TRINKET POT ,4,2010-11-19 11:32:00,1.45,14813.0,United Kingdom
533423,21891,TRADITIONAL WOODEN SKIPPING ROPE,6,2010-11-17 11:19:00,1.25,16386.0,United Kingdom
532824,20712,JUMBO BAG WOODLAND ANIMALS,10,2010-11-15 09:14:00,1.95,16620.0,United Kingdom
533343,22114,HOT WATER BOTTLE TEA AND SYMPATHY,4,2010-11-16 19:29:00,3.95,15194.0,United Kingdom
532418,22595,CHRISTMAS GINGHAM HEART,12,2010-11-12 09:10:00,0.85,14911.0,EIRE
533505,85049B,LUSH GREENS RIBBONS,2,2010-11-17 14:05:00,1.25,12890.0,United Kingdom
536031,22161,HEART DECORATION RUSTIC HANGING ,6,2010-11-29 16:45:00,0.81,,United Kingdom
533462,20978,36 PENCILS TUBE SKULLS,1,2010-11-17 12:15:00,1.25,17349.0,United Kingdom
533842,21181,PLEASE ONE PERSON METAL SIGN,1,2010-11-19 11:21:00,2.1,14723.0,United Kingdom
535814,22632,HAND WARMER RED RETROSPOT,4,2010-11-28 15:24:00,2.1,16987.0,United Kingdom
533996,72741,GRAND CHOCOLATECANDLE,54,2010-11-19 14:14:00,1.45,17865.0,United Kingdom
535788,22467,GUMBALL COAT RACK,1,2010-11-28 14:15:00,2.55,16595.0,United Kingdom
535322,21723,ALPHABET HEARTS STICKER SHEET,1,2010-11-25 15:19:00,1.66,,United Kingdom
532953,21705,BAG 500g SWIRLY MARBLES,1,2010-11-15 12:17:00,3.36,,United Kingdom
535485,22300,COFFEE MUG DOG + BALL DESIGN,1,2010-11-26 14:40:00,5.06,,United Kingdom
535084,21165,BEWARE OF THE CAT METAL SIGN ,6,2010-11-25 09:46:00,1.69,14796.0,United Kingdom
534187,21174,POTTERING IN THE SHED METAL SIGN,1,2010-11-21 14:10:00,1.95,16501.0,United Kingdom
535801,22697,GREEN REGENCY TEACUP AND SAUCER,24,2010-11-28 14:56:00,2.55,14014.0,United Kingdom
533756,22295,HEART FILIGREE DOVE LARGE,12,2010-11-18 14:28:00,1.65,14051.0,United Kingdom
535349,21508,VINTAGE KID DOLLY CARD ,12,2010-11-25 16:52:00,0.42,18245.0,United Kingdom
533895,84670,,6,2010-11-19 11:45:00,0.0,,United Kingdom
534059,47591D,PINK FAIRY CAKE CHILDRENS APRON,1,2010-11-21 10:49:00,1.95,17796.0,United Kingdom
534754,85038,6 CHOCOLATE LOVE HEART T-LIGHTS,1,2010-11-24 10:02:00,4.21,,United Kingdom
535993,21876,POTTERING MUG,12,2010-11-29 13:42:00,1.25,12870.0,United Kingdom
535215,22920,HERB MARKER BASIL,5,2010-11-25 12:18:00,0.65,16354.0,United Kingdom
534507,72349B,SET/6 PURPLE BUTTERFLY T-LIGHTS,1,2010-11-23 11:43:00,2.1,17841.0,United Kingdom
532799,21707,FOLDING UMBRELLA BLACKBLUE POLKADOT,2,2010-11-14 14:49:00,4.95,14599.0,United Kingdom
535831,22739,RIBBON REEL CHRISTMAS SOCK BAUBLE,10,2010-11-29 09:38:00,1.65,12767.0,Korea
535590,85049A,TRADITIONAL CHRISTMAS RIBBONS,2,2010-11-26 16:20:00,1.25,17218.0,United Kingdom
534187,84569A,PACK 3 IRON ON DOG PATCHES,1,2010-11-21 14:10:00,1.25,16501.0,United Kingdom
535658,21523,DOORMAT FANCY FONT HOME SWEET HOME,2,2010-11-28 11:24:00,7.95,13542.0,United Kingdom
536026,22834,HAND WARMER BABUSHKA DESIGN,12,2010-11-29 16:25:00,2.1,16556.0,United Kingdom
533547,22601,CHRISTMAS RETROSPOT ANGEL WOOD,6,2010-11-17 16:48:00,0.85,16409.0,United Kingdom
535472,21121,SET/10 RED POLKADOT PARTY CANDLES,24,2010-11-26 13:50:00,1.25,12637.0,France
534859,22469,HEART OF WICKER SMALL,49,2010-11-24 13:56:00,3.36,,United Kingdom
535571,22511,RETROSPOT BABUSHKA DOORSTOP,1,2010-11-26 15:36:00,3.75,16904.0,United Kingdom
532554,22144,CHRISTMAS CRAFT LITTLE FRIENDS,3,2010-11-12 12:32:00,2.1,15983.0,United Kingdom
534500,21314,SMALL GLASS HEART TRINKET POT,4,2010-11-23 11:13:00,2.1,17290.0,United Kingdom
534194,21889,WOODEN BOX OF DOMINOES,2,2010-11-21 14:36:00,1.25,13069.0,United Kingdom
C534026,21868,POTTING SHED TEA MUG,-4,2010-11-19 15:06:00,1.25,14907.0,United Kingdom
534188,22835,HOT WATER BOTTLE I AM SO POORLY,1,2010-11-21 14:13:00,4.65,17085.0,United Kingdom
535803,22130,PARTY CONE CHRISTMAS DECORATION ,12,2010-11-28 14:57:00,0.85,14410.0,United Kingdom
535992,21928,JUMBO BAG SCANDINAVIAN PAISLEY,20,2010-11-29 13:35:00,1.65,14298.0,United Kingdom
533530,22427,ENAMEL FLOWER JUG CREAM,3,2010-11-17 15:20:00,5.95,16634.0,United Kingdom
534859,85039A,SET/4 RED MINI ROSE CANDLE IN BOWL,7,2010-11-24 13:56:00,1.66,,United Kingdom
534200,20725,LUNCH BAG RED RETROSPOT,10,2010-11-21 15:14:00,1.65,15350.0,United Kingdom
535407,72799F,IVORY PILLAR CANDLE GOLD FLOCK,1,2010-11-26 11:20:00,3.36,,United Kingdom
533154,20728,LUNCH BAG CARS BLUE,10,2010-11-16 14:01:00,1.65,13458.0,United Kingdom
532486,22492,MINI PAINT SET VINTAGE ,36,2010-11-12 11:45:00,0.65,12474.0,Germany
532802,22866,HAND WARMER SCOTTY DOG DESIGN,6,2010-11-14 14:56:00,2.1,17255.0,United Kingdom
532660,84247L,FAWN AND MUSHROOM GREETING CARD,12,2010-11-14 11:19:00,0.42,17377.0,United Kingdom
533968,22567,20 DOLLY PEGS RETROSPOT,1,2010-11-19 13:14:00,1.25,13884.0,United Kingdom
534800,22745,POPPY'S PLAYHOUSE BEDROOM ,1,2010-11-24 12:04:00,2.1,17019.0,United Kingdom
536030,21326,AGED GLASS SILVER T-LIGHT HOLDER,12,2010-11-29 16:41:00,0.65,15828.0,United Kingdom
532613,21976,PACK OF 60 MUSHROOM CAKE CASES,1,2010-11-12 15:20:00,2.13,,United Kingdom
C535401,21686,MEDINA STAMPED METAL STOOL,-6,2010-11-26 11:13:00,34.95,15550.0,United Kingdom
533065,22553,PLASTERS IN TIN SKULLS,3,2010-11-15 17:04:00,3.36,,United Kingdom
535385,22809,SET OF 6 T-LIGHTS SANTA,6,2010-11-25 19:36:00,2.95,15518.0,United Kingdom
532953,84659A,WHITE TRAVEL ALARM CLOCK,3,2010-11-15 12:17:00,2.51,,United Kingdom
535677,48138,DOORMAT UNION FLAG,1,2010-11-28 12:15:00,7.95,14546.0,United Kingdom
534711,22488,NATURAL SLATE RECTANGLE CHALKBOARD,12,2010-11-23 17:10:00,1.65,16001.0,United Kingdom
534224,15056N,EDWARDIAN PARASOL NATURAL,12,2010-11-22 08:54:00,5.95,15377.0,United Kingdom
534459,90003C,MIDNIGHT BLUE PAIR HEART HAIR SLIDE,1,2010-11-23 09:12:00,3.81,,United Kingdom
533781,22584,PACK OF 6 PANNETONE GIFT BOXES,6,2010-11-18 16:27:00,2.55,13996.0,United Kingdom
532305,22071,SMALL WHITE RETROSPOT MUG IN BOX ,36,2010-11-11 14:23:00,3.39,12356.0,Portugal
535107,22326,ROUND SNACK BOXES SET OF4 WOODLAND ,5,2010-11-25 11:17:00,2.95,14680.0,United Kingdom
534959,85230G,ORANGE VOTIVE CANDLE,24,2010-11-24 15:35:00,0.29,13162.0,United Kingdom
535407,84880,WHITE WIRE EGG HOLDER,1,2010-11-26 11:20:00,11.87,,United Kingdom
533754,21257,VICTORIAN SEWING BOX MEDIUM,2,2010-11-18 14:20:00,7.95,17659.0,United Kingdom
533299,84947,ANTIQUE SILVER TEA GLASS ENGRAVED,12,2010-11-16 16:37:00,1.25,16961.0,United Kingdom
534188,22489,PACK OF 12 TRADITIONAL CRAYONS,8,2010-11-21 14:13:00,0.42,17085.0,United Kingdom
532680,21872,GLAMOROUS  MUG,6,2010-11-14 12:31:00,1.25,15547.0,United Kingdom
532846,21181,PLEASE ONE PERSON METAL SIGN,24,2010-11-15 10:32:00,2.1,15311.0,United Kingdom
535979,22127,PARTY CONES CARNIVAL ASSORTED,6,2010-11-29 13:03:00,1.25,14099.0,United Kingdom
532642,22099,CARAVAN SQUARE TISSUE BOX,1,2010-11-12 17:00:00,2.51,,United Kingdom
532699,22158,3 HEARTS HANGING DECORATION RUSTIC,8,2010-11-14 12:50:00,2.95,16950.0,United Kingdom
C534014,35400,WOODEN BOX ADVENT CALENDAR ,-1,2010-11-19 14:31:00,8.95,12749.0,United Kingdom
534645,85099B,JUMBO BAG RED RETROSPOT,9,2010-11-23 13:07:00,1.95,15719.0,United Kingdom
534848,90128C,GREEN LEAVES AND BEADS PHONE CHARM,1,2010-11-24 13:36:00,1.25,13623.0,United Kingdom
532989,21245,GREEN POLKADOT PLATE ,2,2010-11-15 14:09:00,1.69,14451.0,United Kingdom
533067,47599B,BLUE PARTY BAGS ,4,2010-11-15 17:14:00,2.1,17284.0,United Kingdom
535979,47566B,TEA TIME PARTY BUNTING,1,2010-11-29 13:03:00,4.65,14099.0,United Kingdom
535427,21706,FOLDING UMBRELLA RED/WHITE POLKADOT,1,2010-11-26 12:05:00,4.95,15872.0,United Kingdom
534378,20971,PINK BLUE FELT CRAFT TRINKET BOX,2,2010-11-22 12:33:00,1.25,14461.0,United Kingdom
535676,21429,RED GINGHAM ROSE JEWELLERY BOX,10,2010-11-28 12:14:00,1.65,15037.0,United Kingdom
533187,22381,TOY TIDY PINK POLKADOT,1,2010-11-16 14:45:00,2.1,16782.0,United Kingdom
535102,22623,BOX OF VINTAGE JIGSAW BLOCKS ,1,2010-11-25 11:00:00,4.95,17996.0,United Kingdom
532617,21157,RED RETROSPOT WASHBAG,2,2010-11-12 15:23:00,4.21,,United Kingdom
534041,22707,WRAP MONSTER FUN ,25,2010-11-19 16:41:00,0.42,17648.0,United Kingdom
536000,22472,TV DINNER TRAY DOLLY GIRL,1,2010-11-29 14:13:00,4.95,14606.0,United Kingdom
533491,22759,SET OF 3 NOTEBOOKS IN PARCEL,3,2010-11-17 13:16:00,1.65,15581.0,United Kingdom
532297,22837,HOT WATER BOTTLE BABUSHKA ,2,2010-11-11 13:50:00,4.65,13979.0,United Kingdom
533001,22082,RIBBON REEL STRIPES DESIGN ,10,2010-11-15 14:55:00,1.65,17633.0,United Kingdom
534444,22783,SET 3 WICKER OVAL BASKETS W LIDS,1,2010-11-22 15:29:00,19.95,14478.0,United Kingdom
535787,22139,RETROSPOT TEA SET CERAMIC 11 PC ,3,2010-11-28 14:14:00,4.95,13295.0,United Kingdom
535961,35966,FOLKART CHRISTMAS TREE T-LIGHT HOLD,12,2010-11-29 12:36:00,0.38,18034.0,United Kingdom
535465,21576,LETS GO SHOPPING COTTON TOTE BAG,1,2010-11-26 13:22:00,2.25,16254.0,United Kingdom
533338,21744,SNOWFLAKE PORTABLE TABLE LIGHT ,2,2010-11-16 18:18:00,5.91,,United Kingdom
532337,21175,GIN + TONIC DIET METAL SIGN,2,2010-11-11 15:49:00,2.1,13263.0,United Kingdom
532143,20728,LUNCH BAG CARS BLUE,5,2010-11-11 11:44:00,1.65,16782.0,United Kingdom
534389,22349,DOG BOWL CHASING BALL DESIGN,1,2010-11-22 13:02:00,7.62,,United Kingdom
532421,22530,MAGIC DRAWING SLATE DOLLY GIRL ,24,2010-11-12 09:39:00,0.42,15468.0,United Kingdom
535590,21587,COSY HOUR GIANT TUBE MATCHES,12,2010-11-26 16:20:00,2.55,17218.0,United Kingdom
532371,21207,SKULL AND CROSSBONES  GARLAND ,12,2010-11-11 17:55:00,1.65,15358.0,United Kingdom
534500,21314,SMALL GLASS HEART TRINKET POT,12,2010-11-23 11:13:00,2.1,17290.0,United Kingdom
535421,21481,FAWN BLUE HOT WATER BOTTLE,3,2010-11-26 11:50:00,2.95,13555.0,United Kingdom
535487,21874,GIN AND TONIC MUG,1,2010-11-26 14:41:00,3.36,,United Kingdom
535777,20970,PINK FLORAL FELTCRAFT SHOULDER BAG,6,2010-11-28 13:43:00,3.75,13735.0,United Kingdom
535835,90161B,ANT COPPER TURQ BOUDICCA BRACELET,1,2010-11-29 09:46:00,5.09,,United Kingdom
536000,20726,LUNCH BAG WOODLAND,2,2010-11-29 14:13:00,1.65,14606.0,United Kingdom
534859,22030,SWALLOWS GREETING CARD,1,2010-11-24 13:56:00,0.85,,United Kingdom
532977,21929,JUMBO BAG PINK VINTAGE PAISLEY,2,2010-11-15 13:27:00,1.95,16385.0,United Kingdom
532801,21705,BAG 500g SWIRLY MARBLES,2,2010-11-14 14:54:00,1.65,17802.0,United Kingdom
532752,22273,FELTCRAFT DOLL MOLLY,2,2010-11-14 13:27:00,2.95,15058.0,United Kingdom
532669,22620,4 TRADITIONAL SPINNING TOPS,3,2010-11-14 11:46:00,1.25,,United Kingdom
534711,84945,MULTI COLOUR SILVER T-LIGHT HOLDER,24,2010-11-23 17:10:00,0.85,16001.0,United Kingdom
533088,48188,DOORMAT WELCOME PUPPIES,40,2010-11-16 10:05:00,6.75,12357.0,Switzerland
532692,71459,HANGING JAM JAR T-LIGHT HOLDER,12,2010-11-14 12:47:00,0.85,14807.0,United Kingdom
534289,71495B,CD WALL TIDY RED FLOWERS,1,2010-11-22 11:25:00,0.84,,United Kingdom
534948,22063,CERAMIC BOWL WITH STRAWBERRY DESIGN,6,2010-11-24 15:32:00,2.95,15269.0,United Kingdom
535268,22593,CHRISTMAS GINGHAM STAR,36,2010-11-25 13:38:00,0.85,12841.0,United Kingdom
532419,85099F,JUMBO BAG STRAWBERRY,1,2010-11-12 09:18:00,4.21,,United Kingdom
532316,84849D,HOT BATHS SOAP HOLDER,6,2010-11-11 14:54:00,1.69,14667.0,United Kingdom
532826,21931,JUMBO STORAGE BAG SUKI,4,2010-11-15 09:32:00,4.21,,United Kingdom
534946,21791,VINTAGE HEADS AND TAILS CARD GAME ,24,2010-11-24 15:31:00,1.25,17998.0,United Kingdom
533096,21124,SET/10 BLUE POLKADOT PARTY CANDLES,24,2010-11-16 10:56:00,1.25,14911.0,EIRE
533987,84558A,3D DOG PICTURE PLAYING CARDS,6,2010-11-19 13:54:00,2.95,14911.0,EIRE
533338,22321,BIRD DECORATION RED RETROSPOT,1,2010-11-16 18:18:00,1.66,,United Kingdom
C535649,22371,AIRLINE BAG VINTAGE TOKYO 78,-2,2010-11-28 10:54:00,4.25,13118.0,United Kingdom
532558,21164,HOME SWEET HOME METAL SIGN ,6,2010-11-12 12:51:00,2.95,13693.0,United Kingdom
532158,22616,PACK OF 12 LONDON TISSUES ,4,2010-11-11 12:18:00,0.29,16395.0,United Kingdom
532667,21034,REX CASH+CARRY JUMBO SHOPPER,1,2010-11-14 11:41:00,0.95,16121.0,United Kingdom
534389,22356,CHARLOTTE BAG PINK POLKADOT,3,2010-11-22 13:02:00,1.66,,United Kingdom
533750,15036,ASSORTED COLOURS SILK FAN,12,2010-11-18 14:17:00,0.75,15571.0,United Kingdom
532665,21992,VINTAGE PAISLEY STATIONERY SET,1,2010-11-14 11:37:00,2.95,14052.0,United Kingdom
534526,22964,3 PIECE SPACEBOY COOKIE CUTTER SET,6,2010-11-23 12:04:00,2.1,15384.0,United Kingdom
C533099,21843,RED RETROSPOT CAKE STAND,-1,2010-11-16 11:14:00,10.95,13353.0,United Kingdom
535419,22059,CERAMIC STRAWBERRY DESIGN MUG,12,2010-11-26 11:48:00,1.49,12668.0,Germany
535253,85008,SET OF 3 CONEY ISLAND OVAL BOXES,2,2010-11-25 13:08:00,4.95,16874.0,United Kingdom
532147,84029E,RED WOOLLY HOTTIE WHITE HEART.,2,2010-11-11 12:01:00,3.75,14988.0,United Kingdom
532802,84032B,CHARLIE + LOLA RED HOT WATER BOTTLE,1,2010-11-14 14:56:00,2.95,17255.0,United Kingdom
532979,21212,PACK OF 72 RETROSPOT CAKE CASES,1,2010-11-15 13:39:00,0.55,17346.0,United Kingdom
533550,22585,PACK OF 6 BIRDY GIFT TAGS,6,2010-11-17 17:01:00,1.25,17995.0,United Kingdom
C534042,22654,DELUXE SEWING KIT ,-1,2010-11-19 16:41:00,5.95,17659.0,United Kingdom
534704,22637,PIGGY BANK RETROSPOT ,6,2010-11-23 16:30:00,2.55,16003.0,United Kingdom
533133,21535,RED RETROSPOT SMALL MILK JUG,1,2010-11-16 12:50:00,2.55,15850.0,United Kingdom
534508,20754,RETROSPOT RED WASHING UP GLOVES,2,2010-11-23 11:43:00,2.1,17458.0,United Kingdom
534008,22121,NOEL WOODEN BLOCK LETTERS ,1,2010-11-19 14:29:00,5.95,12978.0,United Kingdom
532979,21756,BATH BUILDING BLOCK WORD,1,2010-11-15 13:39:00,5.95,17346.0,United Kingdom
532674,20751,FUNKY WASHING UP GLOVES ASSORTED,1,2010-11-14 11:54:00,2.1,,United Kingdom
535789,22255,FELT TOADSTOOL  SMALL,12,2010-11-28 14:18:00,0.85,12605.0,Germany
535393,21224,SET/4 SKULL BADGES,10,2010-11-26 10:24:00,1.25,16812.0,United Kingdom
534289,22464,HANGING METAL HEART LANTERN,1,2010-11-22 11:25:00,3.36,,United Kingdom
532990,22119,PEACE WOODEN BLOCK LETTERS,1,2010-11-15 14:11:00,6.95,17106.0,United Kingdom
535104,72351B,SET/6 PINK  BUTTERFLY T-LIGHTS,72,2010-11-25 11:04:00,1.69,16684.0,United Kingdom
533053,21735,TWO DOOR CURIO CABINET,2,2010-11-15 16:22:00,12.75,12836.0,United Kingdom
534221,22412,METAL SIGN NEIGHBOURHOOD WITCH ,1,2010-11-21 16:15:00,2.1,16049.0,United Kingdom
533824,POST,POSTAGE,1,2010-11-19 09:42:00,15.0,12739.0,United Arab Emirates
534712,22776,SWEETHEART CAKESTAND 3 TIER,3,2010-11-23 17:13:00,9.95,14202.0,United Kingdom
533965,84559b,3D SHEET OF CAT STICKERS,2,2010-11-19 13:06:00,1.69,,United Kingdom
532809,84993A,75 GREEN PETIT FOUR CASES,1,2010-11-14 15:22:00,0.42,12748.0,United Kingdom
535531,21484,CHICK GREY HOT WATER BOTTLE,1,2010-11-26 15:16:00,3.45,17841.0,United Kingdom
533294,22551,PLASTERS IN TIN SPACEBOY,12,2010-11-16 16:01:00,1.65,13081.0,United Kingdom
533338,84536A,ENGLISH ROSE NOTEBOOK A7 SIZE,1,2010-11-16 18:18:00,0.85,,United Kingdom
534873,84945,MULTI COLOUR SILVER T-LIGHT HOLDER,72,2010-11-24 14:35:00,0.85,14060.0,United Kingdom
534327,20914,SET/5 RED RETROSPOT LID GLASS BOWLS,4,2010-11-22 11:39:00,2.95,16005.0,United Kingdom
532419,21232,STRAWBERRY CERAMIC TRINKET BOX,5,2010-11-12 09:18:00,2.51,,United Kingdom
532239,22111,SCOTTIE DOG HOT WATER BOTTLE,1,2010-11-11 12:41:00,4.95,13857.0,United Kingdom
535131,82484,WOOD BLACK BOARD ANT WHITE FINISH,12,2010-11-25 11:38:00,5.55,14733.0,United Kingdom
533986,22757,LARGE RED BABUSHKA NOTEBOOK ,2,2010-11-19 13:52:00,1.25,18036.0,United Kingdom
534193,21463,MIRRORED DISCO BALL ,1,2010-11-21 14:35:00,5.95,15519.0,United Kingdom
532819,22066,LOVE HEART TRINKET POT,2,2010-11-14 16:19:00,1.45,13230.0,United Kingdom
532665,22652,TRAVEL SEWING KIT,1,2010-11-14 11:37:00,1.65,14052.0,United Kingdom
535814,21481,FAWN BLUE HOT WATER BOTTLE,2,2010-11-28 15:24:00,2.95,16987.0,United Kingdom
535266,84596L,BISCUITS SMALL BOWL LIGHT BLUE,1,2010-11-25 13:32:00,1.25,14159.0,United Kingdom
533355,22378,WALL TIDY RETROSPOT ,50,2010-11-17 10:03:00,1.85,14646.0,Netherlands
534716,22178,VICTORIAN GLASS HANGING T-LIGHT,288,2010-11-23 17:43:00,1.06,16684.0,United Kingdom
532566,21889,WOODEN BOX OF DOMINOES,12,2010-11-12 13:18:00,1.25,14911.0,EIRE
532647,35471A,SET OF 3 BIRD L.BLUE FEATHER,4,2010-11-14 10:11:00,1.25,17243.0,United Kingdom
533088,22407,MONEY BOX FIRST ADE DESIGN,12,2010-11-16 10:05:00,1.25,12357.0,Switzerland
532357,22149,FELTCRAFT 6 FLOWER FRIENDS,6,2010-11-11 16:55:00,2.1,18057.0,United Kingdom
533065,20914,SET/5 RED RETROSPOT LID GLASS BOWLS,1,2010-11-15 17:04:00,5.91,,United Kingdom
534508,22645,CERAMIC HEART FAIRY CAKE MONEY BANK,8,2010-11-23 11:43:00,1.45,17458.0,United Kingdom
533589,22457,NATURAL SLATE HEART CHALKBOARD ,6,2010-11-18 11:55:00,2.95,17411.0,United Kingdom
535082,22633,HAND WARMER UNION JACK,12,2010-11-25 09:22:00,2.1,16988.0,United Kingdom
535531,21231,SWEETHEART CERAMIC TRINKET BOX,4,2010-11-26 15:16:00,1.25,17841.0,United Kingdom
532823,22566,FELTCRAFT HAIRBAND PINK AND PURPLE,60,2010-11-15 09:02:00,0.85,16126.0,United Kingdom
534362,22781,GUMBALL MAGAZINE RACK,1,2010-11-22 11:57:00,7.65,16200.0,United Kingdom
534061,21243,PINK  POLKADOT PLATE ,12,2010-11-21 11:03:00,1.69,12967.0,United Kingdom
535961,21181,PLEASE ONE PERSON METAL SIGN,1,2010-11-29 12:36:00,2.1,18034.0,United Kingdom
532752,20766,GARDEN PATH SKETCHBOOK,2,2010-11-14 13:27:00,3.75,15058.0,United Kingdom
532856,84992,72 SWEETHEART FAIRY CAKE CASES,4,2010-11-15 11:01:00,0.55,14467.0,United Kingdom
534205,22482,BLUE TEA TOWEL CLASSIC DESIGN,1,2010-11-21 15:38:00,1.25,15579.0,United Kingdom
534220,22458,CAST IRON HOOK GARDEN FORK,8,2010-11-21 16:14:00,2.55,15114.0,United Kingdom
533948,22661,CHARLOTTE BAG DOLLY GIRL DESIGN,1,2010-11-19 12:09:00,0.85,17346.0,United Kingdom
535790,21813,GARLAND WITH STARS AND BELLS,1,2010-11-28 14:28:00,4.95,17368.0,United Kingdom
535801,22818,CARD CHRISTMAS VILLAGE,24,2010-11-28 14:56:00,0.42,14014.0,United Kingdom
534384,20971,PINK BLUE FELT CRAFT TRINKET BOX,12,2010-11-22 12:55:00,1.25,18145.0,United Kingdom
535824,22444,GROW YOUR OWN PLANT IN A CAN ,24,2010-11-28 16:09:00,1.25,17802.0,United Kingdom
532990,84685,BEACH HUT KEY CABINET,1,2010-11-15 14:11:00,3.75,17106.0,United Kingdom
533759,21174,POTTERING IN THE SHED METAL SIGN,6,2010-11-18 14:45:00,1.95,14911.0,EIRE
534401,22577,WOODEN HEART CHRISTMAS SCANDINAVIAN,4,2010-11-22 13:42:00,0.85,16765.0,United Kingdom
532635,22666,RECIPE BOX PANTRY YELLOW DESIGN,6,2010-11-12 15:40:00,2.95,15856.0,United Kingdom
532233,84773,RED ROSE AND LACE C/COVER,4,2010-11-11 12:40:00,2.95,13719.0,United Kingdom
534683,70007,HI TEC ALPINE HAND WARMER,12,2010-11-23 14:53:00,1.65,16430.0,United Kingdom
532654,21351,CINAMMON & ORANGE WREATH,1,2010-11-14 10:56:00,6.75,17300.0,United Kingdom
536001,22417,PACK OF 60 SPACEBOY CAKE CASES,24,2010-11-29 14:21:00,0.55,17814.0,United Kingdom
533966,72349b,SET/6 PURPLE BUTTERFLY T-LIGHTS,1,2010-11-19 13:07:00,4.21,,United Kingdom
534364,22139,RETROSPOT TEA SET CERAMIC 11 PC ,3,2010-11-22 11:58:00,4.95,12681.0,France
535835,21929,JUMBO BAG PINK VINTAGE PAISLEY,2,2010-11-29 09:46:00,4.21,,United Kingdom
534194,90129C,GREEN GLASS TASSLE BAG CHARM,1,2010-11-21 14:36:00,2.95,13069.0,United Kingdom
532953,21934,SKULL SHOULDER BAG,1,2010-11-15 12:17:00,3.36,,United Kingdom
536024,22746,POPPY'S PLAYHOUSE LIVINGROOM ,5,2010-11-29 16:13:00,2.1,17338.0,United Kingdom
534633,21158,MOODY GIRL DOOR HANGER ,1,2010-11-23 13:01:00,1.45,12573.0,France
534187,90129C,GREEN GLASS TASSLE BAG CHARM,3,2010-11-21 14:10:00,2.95,16501.0,United Kingdom
533041,84836,ZINC METAL HEART DECORATION,2,2010-11-15 16:15:00,1.25,12748.0,United Kingdom
534218,22900, SET 2 TEA TOWELS I LOVE LONDON ,1,2010-11-21 16:11:00,2.95,17402.0,United Kingdom
533535,21955,DOORMAT UNION JACK GUNS AND ROSES,1,2010-11-17 15:31:00,7.95,13610.0,United Kingdom
536024,21813,GARLAND WITH STARS AND BELLS,6,2010-11-29 16:13:00,4.95,17338.0,United Kingdom
533820,22768,FAMILY PHOTO FRAME CORNICE,16,2010-11-19 09:34:00,8.5,13093.0,United Kingdom
534177,47566,PARTY BUNTING,5,2010-11-21 13:46:00,4.65,12872.0,United Kingdom
535388,20728,LUNCH BAG CARS BLUE,10,2010-11-26 09:49:00,1.65,12811.0,Portugal
532612,85152,HAND OVER THE CHOCOLATE   SIGN ,1,2010-11-12 15:20:00,2.1,13601.0,United Kingdom
534786,21544,SKULLS  WATER TRANSFER TATTOOS ,1,2010-11-24 11:21:00,0.85,15854.0,United Kingdom
534289,22507,MEMO BOARD RETROSPOT  DESIGN,1,2010-11-22 11:25:00,11.02,,United Kingdom
532654,85049E,SCANDINAVIAN REDS RIBBONS,1,2010-11-14 10:56:00,1.25,17300.0,United Kingdom
533490,62096A,PINK/YELLOW FLOWERS HANDBAG,6,2010-11-17 13:14:00,1.25,16224.0,United Kingdom
534719,22834,HAND WARMER BABUSHKA DESIGN,12,2010-11-23 17:51:00,2.1,14154.0,United Kingdom
532801,22479,DAISY GARDEN MARKER,1,2010-11-14 14:54:00,1.25,17802.0,United Kingdom
533348,21544,SKULLS  WATER TRANSFER TATTOOS ,1,2010-11-17 09:22:00,1.66,,United Kingdom
534319,21914,BLUE HARMONICA IN BOX ,2,2010-11-22 11:37:00,2.51,,United Kingdom
533065,22954,HEN PARTY CORDON BARRIER TAPE,1,2010-11-15 17:04:00,2.51,,United Kingdom
533737,22183,CAKE STAND VICTORIAN FILIGREE MED,1,2010-11-18 13:55:00,5.91,,United Kingdom
533278,17003,BROCADE RING PURSE ,36,2010-11-16 15:24:00,0.21,13439.0,United Kingdom
533750,21429,RED GINGHAM ROSE JEWELLERY BOX,6,2010-11-18 14:17:00,1.65,15571.0,United Kingdom
534902,22835,HOT WATER BOTTLE I AM SO POORLY,1,2010-11-24 15:09:00,4.65,17349.0,United Kingdom
535658,22365,DOORMAT RESPECTABLE HOUSE,1,2010-11-28 11:24:00,7.95,13542.0,United Kingdom
535995,22575,METAL MERRY CHRISTMAS WREATH,4,2010-11-29 13:50:00,1.95,15026.0,United Kingdom
534842,22969,HOMEMADE JAM SCENTED CANDLES,12,2010-11-24 13:21:00,1.45,15262.0,United Kingdom
533762,20871,OPULENT VELVET SET/3 CANDLES,3,2010-11-18 14:55:00,2.1,,United Kingdom
532953,85131B,BEADED CRYSTAL HEART GREEN ON STICK,1,2010-11-15 12:17:00,0.85,,United Kingdom
534656,22633,HAND WARMER UNION JACK,1,2010-11-23 13:36:00,2.1,13869.0,United Kingdom
533065,22752,SET 7 BABUSHKA NESTING BOXES,1,2010-11-15 17:04:00,16.98,,United Kingdom
534002,22617,BAKING SET SPACEBOY DESIGN,3,2010-11-19 14:26:00,4.95,17735.0,United Kingdom
532808,35400,WOODEN BOX ADVENT CALENDAR ,2,2010-11-14 15:19:00,8.95,15532.0,United Kingdom
535835,20725,LUNCH BAG RED RETROSPOT,1,2010-11-29 09:46:00,4.21,,United Kingdom
533357,22620,4 TRADITIONAL SPINNING TOPS,12,2010-11-17 10:06:00,1.25,16206.0,United Kingdom
535799,22545,MINI JIGSAW BUNNIES,1,2010-11-28 14:49:00,0.42,16720.0,United Kingdom
534750,22941,CHRISTMAS LIGHTS 10 REINDEER,1,2010-11-24 09:54:00,16.98,,United Kingdom
532795,22617,BAKING SET SPACEBOY DESIGN,9,2010-11-14 14:32:00,4.95,12591.0,Italy
533136,84946,ANTIQUE SILVER TEA GLASS ETCHED,60,2010-11-16 12:52:00,1.25,17203.0,United Kingdom
535037,20971,PINK BLUE FELT CRAFT TRINKET BOX,36,2010-11-24 16:41:00,1.25,13654.0,United Kingdom
534194,21380,WOODEN HAPPY BIRTHDAY GARLAND,1,2010-11-21 14:36:00,2.95,13069.0,United Kingdom
533114,22136,LOVE HEART SOCK HANGER,1,2010-11-16 12:22:00,1.65,14675.0,United Kingdom
533505,22411,JUMBO SHOPPER VINTAGE RED PAISLEY,1,2010-11-17 14:06:00,1.95,12890.0,United Kingdom
535958,20996,JAZZ HEARTS ADDRESS BOOK,24,2010-11-29 12:33:00,0.42,16161.0,United Kingdom
535429,20665,RED RETROSPOT PURSE ,6,2010-11-26 12:13:00,2.95,16138.0,United Kingdom
532558,22112,CHOCOLATE HOT WATER BOTTLE,3,2010-11-12 12:51:00,4.95,13693.0,United Kingdom
533348,85184C,S/4 VALENTINE DECOUPAGE HEART BOX,1,2010-11-17 09:23:00,5.91,,United Kingdom
532297,22866,HAND WARMER SCOTTY DOG DESIGN,4,2010-11-11 13:50:00,2.1,13979.0,United Kingdom
532964,22062,CERAMIC BOWL WITH LOVE HEART DESIGN,1,2010-11-15 12:43:00,2.95,15493.0,United Kingdom
533004,22585,PACK OF 6 BIRDY GIFT TAGS,4,2010-11-15 15:03:00,1.25,17231.0,United Kingdom
534655,22151,PLACE SETTING WHITE HEART,24,2010-11-23 13:35:00,0.42,17165.0,United Kingdom
535817,84821,DANISH ROSE DELUXE COASTER,36,2010-11-28 15:31:00,0.85,18116.0,United Kingdom
534164,22075,6 RIBBONS ELEGANT CHRISTMAS ,2,2010-11-21 13:13:00,1.65,16241.0,United Kingdom
532679,22326,ROUND SNACK BOXES SET OF4 WOODLAND ,1,2010-11-14 12:17:00,2.95,16960.0,United Kingdom
534750,22326,ROUND SNACK BOXES SET OF4 WOODLAND ,8,2010-11-24 09:54:00,6.77,,United Kingdom
532292,21833,CAMOUFLAGE LED TORCH,12,2010-11-11 13:30:00,1.69,18262.0,United Kingdom
533962,72803A,ROSE SCENT CANDLE JEWELLED DRAWER,2,2010-11-19 13:01:00,4.25,16535.0,United Kingdom
533053,20711,JUMBO BAG TOYS ,4,2010-11-15 16:22:00,1.95,12836.0,United Kingdom
534820,21326,AGED GLASS SILVER T-LIGHT HOLDER,12,2010-11-24 12:53:00,0.65,14988.0,United Kingdom
533280,22417,PACK OF 60 SPACEBOY CAKE CASES,240,2010-11-16 15:27:00,0.42,15523.0,United Kingdom
534154,22732,3D VINTAGE CHRISTMAS STICKERS ,3,2010-11-21 12:29:00,1.25,16007.0,United Kingdom
533740,21932,SCANDINAVIAN PAISLEY PICNIC BAG,1,2010-11-18 14:07:00,5.91,,United Kingdom
532613,21928,JUMBO BAG SCANDINAVIAN PAISLEY,3,2010-11-12 15:20:00,5.06,,United Kingdom
532826,22573,STAR WOODEN CHRISTMAS DECORATION,4,2010-11-15 09:32:00,1.66,,United Kingdom
536030,72807C,SET/3 VANILLA SCENTED CANDLE IN BOX,12,2010-11-29 16:41:00,4.25,15828.0,United Kingdom
533791,22348,TEA BAG PLATE RED RETROSPOT,12,2010-11-18 17:50:00,0.85,15422.0,United Kingdom
534404,20992,JAZZ HEARTS PURSE NOTEBOOK,3,2010-11-22 14:08:00,0.85,14048.0,United Kingdom
535946,22399,MAGNETS PACK OF 4 CHILDHOOD MEMORY,1,2010-11-29 11:54:00,1.25,17345.0,United Kingdom
532297,22840,ROUND CAKE TIN VINTAGE RED,1,2010-11-11 13:50:00,7.95,13979.0,United Kingdom
534108,21742,LARGE ROUND WICKER PLATTER ,2,2010-11-21 12:09:00,5.95,13275.0,United Kingdom
533767,21181,PLEASE ONE PERSON METAL SIGN,24,2010-11-18 15:29:00,2.1,18225.0,United Kingdom
532470,21212,PACK OF 72 RETROSPOT CAKE CASES,24,2010-11-12 11:41:00,0.55,12647.0,Germany
533010,22382,LUNCH BAG SPACEBOY DESIGN ,10,2010-11-15 15:30:00,1.65,13985.0,United Kingdom
532579,22086,PAPER CHAIN KIT 50'S CHRISTMAS ,10,2010-11-12 14:13:00,2.95,14450.0,United Kingdom
532953,22759,SET OF 3 NOTEBOOKS IN PARCEL,1,2010-11-15 12:17:00,3.36,,United Kingdom
535952,21700,BIG DOUGHNUT FRIDGE MAGNETS,1,2010-11-29 12:06:00,8.47,,United Kingdom
532679,22865,HAND WARMER OWL DESIGN,8,2010-11-14 12:17:00,2.1,16960.0,United Kingdom
536010,21041,RED RETROSPOT OVEN GLOVE DOUBLE,6,2010-11-29 15:18:00,2.95,16592.0,United Kingdom
533462,22030,SWALLOWS GREETING CARD,12,2010-11-17 12:15:00,0.42,17349.0,United Kingdom
534859,84913B,MINT GREEN ROSE TOWEL,2,2010-11-24 13:56:00,3.36,,United Kingdom
533115,22197,SMALL POPCORN HOLDER,24,2010-11-16 12:28:00,0.85,14655.0,United Kingdom
534633,21929,JUMBO BAG PINK VINTAGE PAISLEY,1,2010-11-23 13:01:00,1.95,12573.0,France
535418,85123A,WHITE HANGING HEART T-LIGHT HOLDER,5,2010-11-26 11:47:00,2.95,17377.0,United Kingdom
535802,22700,BLACK AND WHITE DOG BOWL,1,2010-11-28 14:57:00,2.95,14030.0,United Kingdom
533025,22135,LADLE LOVE HEART PINK,12,2010-11-15 15:55:00,0.42,15596.0,United Kingdom
532348,22569,FELTCRAFT CUSHION BUTTERFLY,4,2010-11-11 16:18:00,3.75,13975.0,United Kingdom
532422,21888,BINGO SET,4,2010-11-12 09:44:00,3.75,16133.0,United Kingdom
535722,21114,LAVENDER SCENTED FABRIC HEART,10,2010-11-28 13:11:00,1.25,17607.0,United Kingdom
533562,22725,ALARM CLOCK BAKELIKE CHOCOLATE,8,2010-11-18 10:08:00,3.75,18066.0,United Kingdom
533154,21122,SET/10 PINK POLKADOT PARTY CANDLES,24,2010-11-16 14:01:00,1.25,13458.0,United Kingdom
535325,22114,HOT WATER BOTTLE TEA AND SYMPATHY,8,2010-11-25 15:36:00,3.95,16558.0,United Kingdom
534154,21985,PACK OF 12 HEARTS DESIGN TISSUES ,12,2010-11-21 12:29:00,0.29,16007.0,United Kingdom
532325,22339,CHRISTMAS TREE PAINTED ZINC ,24,2010-11-11 15:25:00,0.65,16735.0,United Kingdom
535670,22714,CARD BIRTHDAY COWBOY,12,2010-11-28 12:03:00,0.42,15834.0,United Kingdom
532681,21385,IVORY HANGING DECORATION  HEART,1,2010-11-14 12:36:00,0.85,17561.0,United Kingdom
533082,22910,PAPER CHAIN KIT VINTAGE CHRISTMAS,1,2010-11-16 09:49:00,2.95,17894.0,United Kingdom
535016,22572,ROCKING HORSE GREEN CHRISTMAS ,12,2010-11-24 16:16:00,0.85,14013.0,United Kingdom
532662,21034,REX CASH+CARRY JUMBO SHOPPER,1,2010-11-14 11:30:00,0.95,16601.0,United Kingdom
535265,22193,RED DINER WALL CLOCK,4,2010-11-25 13:30:00,8.5,13381.0,United Kingdom
532980,21210,SET OF 72 RETRO SPOT PAPER  DOILIES,12,2010-11-15 13:43:00,1.45,13862.0,United Kingdom
534459,62096A,PINK/YELLOW FLOWERS HANDBAG,1,2010-11-23 09:12:00,8.47,,United Kingdom
534379,22984,CARD GINGHAM ROSE ,12,2010-11-22 12:36:00,0.42,14646.0,Netherlands
532965,85049B,LUSH GREENS RIBBONS,3,2010-11-15 12:50:00,1.25,15466.0,United Kingdom
532150,22749,FELTCRAFT PRINCESS CHARLOTTE DOLL,1,2010-11-11 12:06:00,3.75,16395.0,United Kingdom
533009,22464,HANGING METAL HEART LANTERN,48,2010-11-15 15:30:00,1.45,16191.0,United Kingdom
534458,21563,RED HEART SHAPE LOVE BUCKET ,12,2010-11-23 08:38:00,2.95,14057.0,United Kingdom
534389,22652,TRAVEL SEWING KIT,1,2010-11-22 13:02:00,3.36,,United Kingdom
534238,71477,COLOUR GLASS. STAR T-LIGHT HOLDER,4,2010-11-22 10:41:00,3.25,17730.0,United Kingdom
537126,84536A,ENGLISH ROSE NOTEBOOK A7 SIZE,1,2010-12-05 12:13:00,0.42,18118.0,United Kingdom
536945,21465,PINK FLOWER CROCHET FOOD COVER,1,2010-12-03 12:24:00,3.75,14083.0,United Kingdom
536031,72807A,SET/3 ROSE CANDLE IN JEWELLED BOX,1,2010-11-29 16:45:00,8.47,,United Kingdom
537204,21014,SWISS CHALET TREE DECORATION ,5,2010-12-05 14:45:00,0.85,15555.0,United Kingdom
537446,21411,GINGHAM HEART  DOORSTOP RED,3,2010-12-07 09:13:00,4.25,18055.0,United Kingdom
537692,84596B,SMALL DOLLY MIX DESIGN ORANGE BOWL,4,2010-12-08 10:40:00,1.25,14796.0,United Kingdom
537059,21034,REX CASH+CARRY JUMBO SHOPPER,1,2010-12-05 11:54:00,0.95,14813.0,United Kingdom
538312,22603,CHRISTMAS RETROSPOT TREE WOOD,6,2010-12-10 13:48:00,0.85,16727.0,United Kingdom
536530,21662,VINTAGE GLASS COFFEE CADDY,1,2010-12-01 13:21:00,5.95,17905.0,United Kingdom
537250,22467,GUMBALL COAT RACK,6,2010-12-06 10:43:00,2.55,12708.0,Germany
537772,21467,CHERRY CROCHET FOOD COVER,1,2010-12-08 12:35:00,3.75,18043.0,United Kingdom
537428,22151,PLACE SETTING WHITE HEART,24,2010-12-06 15:38:00,0.42,17320.0,United Kingdom
536613,22029,SPACEBOY BIRTHDAY CARD,12,2010-12-02 09:44:00,0.42,17855.0,United Kingdom
536166,22505,MEMO BOARD COTTAGE DESIGN,4,2010-11-30 12:09:00,4.95,18075.0,United Kingdom
537638,72819,CUPID DESIGN SCENTED CANDLES,1,2010-12-07 15:28:00,5.06,,United Kingdom
536688,22632,HAND WARMER RED POLKA DOT,6,2010-12-02 12:24:00,1.85,17850.0,United Kingdom
537371,22902,TOTE BAG I LOVE LONDON,12,2010-12-06 12:47:00,2.1,15028.0,United Kingdom
537154,21479,WHITE SKULL HOT WATER BOTTLE ,8,2010-12-05 13:05:00,3.75,15808.0,United Kingdom
537209,21042,RED RETROSPOT APRON ,2,2010-12-05 15:12:00,5.95,14606.0,United Kingdom
537196,22607,WOODEN ROUNDERS GARDEN SET ,1,2010-12-05 13:55:00,9.95,15426.0,United Kingdom
536607,21481,FAWN BLUE HOT WATER BOTTLE,6,2010-12-02 09:29:00,2.95,17732.0,United Kingdom
537405,15044C,PURPLE PAPER PARASOL,1,2010-12-06 14:51:00,2.95,17841.0,United Kingdom
536067,84352,SILVER CHRISTMAS TREE BAUBLE STAND ,4,2010-11-30 10:48:00,14.95,17044.0,United Kingdom
537370,84569B,PACK 3 FIRE ENGINE/CAR PATCHES,12,2010-12-06 12:44:00,1.25,13155.0,United Kingdom
537237,22465,HANGING METAL STAR LANTERN,3,2010-12-06 09:58:00,3.36,,United Kingdom
536522,21121,SET/10 RED POLKADOT PARTY CANDLES,1,2010-12-01 12:49:00,1.25,15012.0,United Kingdom
537666,35954,SMALL FOLKART STAR CHRISTMAS DEC,1,2010-12-07 18:36:00,3.36,,United Kingdom
536799,21930,JUMBO STORAGE BAG SKULLS,4,2010-12-02 16:00:00,1.95,17228.0,United Kingdom
537301,84926D,LA PALMIERA TILE COASTER,1,2010-12-06 11:38:00,1.25,15860.0,United Kingdom
537050,90167,BEADED LOVE HEART JEWELLERY SET,10,2010-12-05 11:10:00,0.85,14800.0,United Kingdom
537240,21027,NINJA RABBIT PINK,1,2010-12-06 10:08:00,2.51,,United Kingdom
538071,82613B,"METAL SIGN,CUPCAKE SINGLE HOOK",1,2010-12-09 14:09:00,2.51,,United Kingdom
536592,21559,STRAWBERRY LUNCH BOX WITH CUTLERY,1,2010-12-01 17:06:00,5.06,,United Kingdom
536520,22575,METAL MERRY CHRISTMAS WREATH,1,2010-12-01 12:43:00,1.95,14729.0,United Kingdom
537407,22847,BREAD BIN DINER STYLE IVORY,4,2010-12-06 14:55:00,14.95,15502.0,United Kingdom
537804,72128,COLUMBIAN CANDLE ROUND,9,2010-12-08 13:17:00,0.85,12748.0,United Kingdom
538346,22112,CHOCOLATE HOT WATER BOTTLE,3,2010-12-10 14:53:00,4.95,17865.0,United Kingdom
537666,21167,WHITE SAGE INCENSE,3,2010-12-07 18:36:00,0.43,,United Kingdom
538153,22778,GLASS CLOCHE SMALL,1,2010-12-09 16:31:00,8.47,,United Kingdom
537126,22386,JUMBO BAG PINK POLKADOT,1,2010-12-05 12:13:00,1.95,18118.0,United Kingdom
537643,22430,ENAMEL WATERING CAN CREAM,1,2010-12-07 15:34:00,10.17,,United Kingdom
C537838,22299,PIG KEYRING WITH LIGHT & SOUND ,-4,2010-12-08 15:01:00,1.25,13115.0,United Kingdom
536945,37489C,GREEN/BLUE FLOWER DESIGN BIG MUG,1,2010-12-03 12:24:00,1.95,14083.0,United Kingdom
537399,22625,RED KITCHEN SCALES,1,2010-12-06 14:31:00,8.5,13030.0,United Kingdom
536804,21658,GLASS  BEURRE DISH,8,2010-12-02 16:34:00,3.95,14031.0,United Kingdom
537640,20726,LUNCH BAG WOODLAND,8,2010-12-07 15:31:00,5.06,,United Kingdom
537262,48138,DOORMAT UNION FLAG,2,2010-12-06 11:26:00,7.95,15039.0,United Kingdom
536477,22619,SET OF 6 SOLDIER SKITTLES,4,2010-12-01 12:27:00,3.75,16210.0,United Kingdom
536592,22082,RIBBON REEL STRIPES DESIGN ,6,2010-12-01 17:06:00,3.36,,United Kingdom
537604,22488,NATURAL SLATE RECTANGLE CHALKBOARD,12,2010-12-07 13:01:00,1.65,13488.0,United Kingdom
538126,22627,MINT KITCHEN SCALES,2,2010-12-09 15:50:00,8.5,17838.0,United Kingdom
537634,21804,WHITE CHRISTMAS GARLAND STARS TREES,4,2010-12-07 15:15:00,3.75,16775.0,United Kingdom
536488,70007,HI TEC ALPINE HAND WARMER,1,2010-12-01 12:31:00,1.65,17897.0,United Kingdom
537604,37446,MINI CAKE STAND WITH HANGING CAKES,8,2010-12-07 13:01:00,1.45,13488.0,United Kingdom
537374,22619,SET OF 6 SOLDIER SKITTLES,1,2010-12-06 12:55:00,3.75,17259.0,United Kingdom
538209,22529,MAGIC DRAWING SLATE GO TO THE FAIR ,1,2010-12-10 11:42:00,0.42,12748.0,United Kingdom
536790,22752,SET 7 BABUSHKA NESTING BOXES,4,2010-12-02 15:26:00,7.65,17850.0,United Kingdom
538053,20914,SET/5 RED RETROSPOT LID GLASS BOWLS,32,2010-12-09 13:34:00,2.55,15856.0,United Kingdom
537822,21790,VINTAGE SNAP CARDS,24,2010-12-08 14:22:00,0.85,13523.0,United Kingdom
537489,22961,JAM MAKING SET PRINTED,24,2010-12-07 11:33:00,1.45,17017.0,United Kingdom
536544,21564,PINK  HEART SHAPE LOVE BUCKET ,2,2010-12-01 14:32:00,5.91,,United Kingdom
536060,22569,FELTCRAFT CUSHION BUTTERFLY,4,2010-11-30 10:25:00,3.75,16122.0,United Kingdom
538002,21630,FLOOR CUSHION ELEPHANT CARNIVAL,2,2010-12-09 11:48:00,8.95,14932.0,Channel Islands
537196,22156,HEART DECORATION WITH PEARLS ,1,2010-12-05 13:55:00,0.85,15426.0,United Kingdom
537262,20685,DOORMAT RED RETROSPOT,1,2010-12-06 11:26:00,7.95,15039.0,United Kingdom
537754,21531,RED RETROSPOT SUGAR JAM BOWL,2,2010-12-08 11:16:00,2.55,16081.0,United Kingdom
537374,22865,HAND WARMER OWL DESIGN,2,2010-12-06 12:55:00,2.1,17259.0,United Kingdom
537859,22827,RUSTIC  SEVENTEEN DRAWER SIDEBOARD,2,2010-12-08 16:11:00,145.0,14030.0,United Kingdom
537691,21326,AGED GLASS SILVER T-LIGHT HOLDER,12,2010-12-08 10:39:00,0.65,13842.0,United Kingdom
538071,85039B,S/4 IVORY MINI ROSE CANDLE IN BOWL,2,2010-12-09 14:09:00,1.66,,United Kingdom
537153,22975,SPACEBOY CHILDRENS EGG CUP,12,2010-12-05 13:03:00,1.25,16718.0,United Kingdom
537640,21931,JUMBO STORAGE BAG SUKI,20,2010-12-07 15:31:00,5.06,,United Kingdom
538177,72807B,SET/3 OCEAN SCENT CANDLE JEWEL BOX,1,2010-12-10 09:51:00,8.47,,United Kingdom
536537,22798,ANTIQUE GLASS DRESSING TABLE POT,8,2010-12-01 13:51:00,2.95,15922.0,United Kingdom
537823,22444,GROW YOUR OWN PLANT IN A CAN ,5,2010-12-08 14:25:00,1.25,,United Kingdom
538149,85152,HAND OVER THE CHOCOLATE   SIGN ,1,2010-12-09 16:27:00,4.21,,United Kingdom
536975,20981,12 PENCILS TALL TUBE WOODLAND,12,2010-12-03 14:04:00,0.85,14911.0,EIRE
536262,21539,RED RETROSPOT BUTTER DISH,2,2010-11-30 15:33:00,4.95,14085.0,United Kingdom
537622,85049A,TRADITIONAL CHRISTMAS RIBBONS,1,2010-12-07 14:30:00,1.25,13173.0,United Kingdom
536859,22595,CHRISTMAS GINGHAM HEART,36,2010-12-03 10:43:00,0.85,12841.0,United Kingdom
537369,85099B,JUMBO BAG RED RETROSPOT,1,2010-12-06 12:41:00,1.95,17860.0,United Kingdom
537237,46776E,WOVEN CANDY CUSHION COVER ,1,2010-12-06 09:58:00,4.21,,United Kingdom
536846,22443,GROW YOUR OWN HERBS SET OF 3,1,2010-12-02 19:59:00,7.95,14573.0,United Kingdom
536833,22593,CHRISTMAS GINGHAM STAR,12,2010-12-02 17:48:00,0.85,18239.0,United Kingdom
537237,22699,ROSES REGENCY TEACUP AND SAUCER ,7,2010-12-06 09:58:00,5.91,,United Kingdom
537689,85150,LADIES & GENTLEMEN METAL SIGN,6,2010-12-08 10:36:00,2.55,15750.0,United Kingdom
537240,85061W,WHITE JEWELLED HEART DECORATION,2,2010-12-06 10:08:00,1.66,,United Kingdom
538177,22041,"RECORD FRAME 7"" SINGLE SIZE ",1,2010-12-10 09:51:00,5.06,,United Kingdom
536674,21364,PEACE SMALL WOOD LETTERS,1,2010-12-02 12:16:00,6.75,15923.0,United Kingdom
536592,22312,OFFICE MUG WARMER POLKADOT,1,2010-12-01 17:06:00,5.91,,United Kingdom
536592,22448,PIN CUSHION BABUSHKA RED,3,2010-12-01 17:06:00,3.35,,United Kingdom
538177,17012A,ORIGAMI VANILLA INCENSE/CANDLE SET ,2,2010-12-10 09:51:00,2.51,,United Kingdom
536199,22743,MAKE YOUR OWN FLOWERPOWER CARD KIT,1,2010-11-30 13:07:00,2.95,18039.0,United Kingdom
536560,22846,BREAD BIN DINER STYLE RED ,4,2010-12-01 15:00:00,14.95,13093.0,United Kingdom
537434,85185B,PINK HORSE SOCK PUPPET,1,2010-12-06 16:57:00,5.91,,United Kingdom
536520,22241,GARLAND WOODEN HAPPY EASTER,2,2010-12-01 12:43:00,1.25,14729.0,United Kingdom
537334,84030E,ENGLISH ROSE HOT WATER BOTTLE,1,2010-12-06 12:06:00,4.25,16719.0,United Kingdom
538153,21945,STRAWBERRIES  DESIGN FLANNEL ,2,2010-12-09 16:31:00,1.66,,United Kingdom
537396,22292,HANGING CHICK  YELLOW DECORATION,3,2010-12-06 14:08:00,1.45,17223.0,United Kingdom
536749,15056N,EDWARDIAN PARASOL NATURAL,1,2010-12-02 13:49:00,5.95,17976.0,United Kingdom
537042,21930,JUMBO STORAGE BAG SKULLS,1,2010-12-05 10:45:00,1.95,13838.0,United Kingdom
536398,22866,HAND WARMER SCOTTY DOG DESIGN,12,2010-12-01 10:52:00,2.1,13448.0,United Kingdom
536638,22502,PICNIC BASKET WICKER SMALL,4,2010-12-02 11:41:00,5.95,16244.0,United Kingdom
537240,21523,DOORMAT FANCY FONT HOME SWEET HOME,1,2010-12-06 10:08:00,14.43,,United Kingdom
537434,85049C,ROMANTIC PINKS RIBBONS ,1,2010-12-06 16:57:00,2.51,,United Kingdom
537224,22579,WOODEN TREE CHRISTMAS SCANDINAVIAN,7,2010-12-05 16:24:00,0.85,13174.0,United Kingdom
536592,21906,PHARMACIE FIRST AID TIN,1,2010-12-01 17:06:00,13.57,,United Kingdom
537624,21820,GLITTER HEART GARLAND WITH BELLS ,1,2010-12-07 14:41:00,3.75,12748.0,United Kingdom
536580,22975,SPACEBOY CHILDRENS EGG CUP,12,2010-12-01 16:17:00,1.25,17690.0,United Kingdom
536800,22960,JAM MAKING SET WITH JARS,6,2010-12-02 16:12:00,4.25,14829.0,United Kingdom
538073,16008,SMALL FOLDING SCISSOR(POINTED EDGE),2,2010-12-09 14:10:00,0.25,17816.0,United Kingdom
537047,22632,HAND WARMER RED RETROSPOT,2,2010-12-05 11:02:00,2.1,13069.0,United Kingdom
537225,20770,ABSTRACT CIRCLE JOURNAL ,1,2010-12-05 16:41:00,2.55,12748.0,United Kingdom
537262,84997B,RED 3 PIECE RETROSPOT CUTLERY SET,2,2010-12-06 11:26:00,3.75,15039.0,United Kingdom
538108,22574,HEART WOODEN CHRISTMAS DECORATION,12,2010-12-09 15:23:00,0.85,17456.0,United Kingdom
538079,22243,5 HOOK HANGER RED MAGIC TOADSTOOL,12,2010-12-09 14:27:00,1.65,17671.0,United Kingdom
536982,21864,UNION JACK FLAG PASSPORT COVER ,14,2010-12-03 14:27:00,4.21,,United Kingdom
537434,21272,SALLE DE BAIN HOOK,1,2010-12-06 16:57:00,2.51,,United Kingdom
538116,22086,PAPER CHAIN KIT 50'S CHRISTMAS ,12,2010-12-09 15:32:00,2.95,13327.0,United Kingdom
537823,22161,HEART DECORATION RUSTIC HANGING ,11,2010-12-08 14:25:00,0.81,,United Kingdom
536945,22557,PLASTERS IN TIN VINTAGE PAISLEY ,1,2010-12-03 12:24:00,1.65,14083.0,United Kingdom
536752,84029G,KNITTED UNION FLAG HOT WATER BOTTLE,6,2010-12-02 14:06:00,3.39,17850.0,United Kingdom
537131,21294,ETCHED GLASS COASTER,48,2010-12-05 12:26:00,1.25,15716.0,United Kingdom
536752,22803,IVORY EMBROIDERED QUILT ,2,2010-12-02 14:06:00,35.75,17850.0,United Kingdom
537626,21171,BATHROOM METAL SIGN ,12,2010-12-07 14:57:00,1.45,12347.0,Iceland
537830,20761,BLUE PAISLEY SKETCHBOOK,2,2010-12-08 14:46:00,3.75,13649.0,United Kingdom
537237,22729,ALARM CLOCK BAKELIKE ORANGE,1,2010-12-06 09:58:00,7.62,,United Kingdom
537772,22636,CHILDS BREAKFAST SET CIRCUS PARADE,2,2010-12-08 12:35:00,8.5,18043.0,United Kingdom
537240,22715,CARD WEDDING DAY,1,2010-12-06 10:08:00,0.85,,United Kingdom
536945,17107D,"FLOWER FAIRY,5 SUMMER B'DRAW LINERS",3,2010-12-03 12:24:00,2.55,14083.0,United Kingdom
537237,22261,FELT EGG COSY WHITE RABBIT ,1,2010-12-06 09:58:00,1.66,,United Kingdom
536676,84846A,SCENTED CANDLE IN DIGITALIS TIN,6,2010-12-02 12:18:00,2.1,16752.0,United Kingdom
537391,21380,WOODEN HAPPY BIRTHDAY GARLAND,4,2010-12-06 13:53:00,2.95,16550.0,United Kingdom
537852,71403,"PINK/WHITE ""KEEP CLEAN"" BULLET BIN",1,2010-12-08 15:56:00,2.95,17340.0,United Kingdom
536865,84970l,SINGLE HEART ZINC T-LIGHT HOLDER,6,2010-12-03 11:28:00,2.13,,United Kingdom
536346,84970S,HANGING HEART ZINC T-LIGHT HOLDER,18,2010-11-30 16:37:00,0.85,17812.0,United Kingdom
537395,22728,ALARM CLOCK BAKELIKE PINK,1,2010-12-06 14:05:00,3.75,15356.0,United Kingdom
536750,15056BL,EDWARDIAN PARASOL BLACK,6,2010-12-02 14:04:00,4.95,17850.0,United Kingdom
538170,22834,HAND WARMER BABUSHKA DESIGN,20,2010-12-09 19:32:00,2.1,13969.0,United Kingdom
537666,22918,HERB MARKER PARSLEY,2,2010-12-07 18:36:00,1.66,,United Kingdom
537240,22646,CERAMIC STRAWBERRY CAKE MONEY BANK,2,2010-12-06 10:08:00,3.36,,United Kingdom
536620,21215,IVORY PAPER CUP CAKE CASES ,120,2010-12-02 10:27:00,0.42,14135.0,United Kingdom
536592,21875,KINGS CHOICE MUG,1,2010-12-01 17:06:00,3.36,,United Kingdom
536528,22585,PACK OF 6 BIRDY GIFT TAGS,6,2010-12-01 13:17:00,1.25,15525.0,United Kingdom
537224,84375,SET OF 20 KIDS COOKIE CUTTERS,2,2010-12-05 16:24:00,2.1,13174.0,United Kingdom
537823,22540,MINI JIGSAW CIRCUS PARADE ,1,2010-12-08 14:25:00,0.85,,United Kingdom
537640,22147,FELTCRAFT BUTTERFLY HEARTS,6,2010-12-07 15:31:00,4.21,,United Kingdom
536618,22434,BALLOON PUMP WITH 10 BALLOONS,16,2010-12-02 10:17:00,1.95,17017.0,United Kingdom
536500,22113,GREY HEART HOT WATER BOTTLE,3,2010-12-01 12:35:00,3.75,17377.0,United Kingdom
537209,21616,4 PEAR BOTANICAL DINNER CANDLES,4,2010-12-05 15:12:00,3.75,14606.0,United Kingdom
537614,22727,ALARM CLOCK BAKELIKE RED ,3,2010-12-07 13:29:00,3.75,16904.0,United Kingdom
537434,71053,WHITE METAL LANTERN,2,2010-12-06 16:57:00,8.47,,United Kingdom
536617,79302M,"ART LIGHTS,FUNK MONKEY",20,2010-12-02 10:17:00,2.55,13941.0,United Kingdom
537240,84559A,3D SHEET OF DOG STICKERS,1,2010-12-06 10:08:00,1.69,,United Kingdom
537765,85039C,S/4 BLACK MINI ROSE CANDLE IN BOWL,1,2010-12-08 12:08:00,1.65,14606.0,United Kingdom
538177,35471D,SET OF 3 BIRD LIGHT PINK FEATHER ,3,2010-12-10 09:51:00,2.51,,United Kingdom
537346,22732,3D VINTAGE CHRISTMAS STICKERS ,18,2010-12-06 12:21:00,1.25,15301.0,United Kingdom
536796,22562,MONSTERS STENCIL CRAFT,1,2010-12-02 15:46:00,1.25,15574.0,United Kingdom
536876,22757,LARGE RED BABUSHKA NOTEBOOK ,2,2010-12-03 11:36:00,2.51,,United Kingdom
536597,21703,BAG 125g SWIRLY MARBLES,4,2010-12-01 17:35:00,0.42,18011.0,United Kingdom
538069,22956,36 FOIL HEART CAKE CASES,1,2010-12-09 14:08:00,2.1,16795.0,United Kingdom
537375,84997A,GREEN 3 PIECE POLKADOT CUTLERY SET,2,2010-12-06 12:55:00,3.75,17019.0,United Kingdom
537897,22454,MEASURING TAPE BABUSHKA RED,6,2010-12-09 10:37:00,2.95,12683.0,France
536525,22548,HEADS AND TAILS SPORTING FUN,1,2010-12-01 12:54:00,1.25,14078.0,United Kingdom
536597,21739,COSY SLIPPER SHOES SMALL GREEN,1,2010-12-01 17:35:00,2.95,18011.0,United Kingdom
536833,71053,WHITE METAL LANTERN,4,2010-12-02 17:48:00,3.75,18239.0,United Kingdom
536976,22411,JUMBO SHOPPER VINTAGE RED PAISLEY,2,2010-12-03 14:18:00,1.95,14723.0,United Kingdom
536596,22802,FAUX FUR CHOCOLATE THROW,1,2010-12-01 17:29:00,19.95,,United Kingdom
537823,22766,PHOTO FRAME CORNICE,1,2010-12-08 14:25:00,5.91,,United Kingdom
536353,22966,GINGERBREAD MAN COOKIE CUTTER,12,2010-11-30 17:43:00,1.25,17160.0,United Kingdom
537685,22653,BUTTON BOX ,6,2010-12-08 10:21:00,1.95,18077.0,United Kingdom
536592,35916C,PINK FELT HANGING HEART W FLOWER,1,2010-12-01 17:06:00,1.66,,United Kingdom
537378,22119,PEACE WOODEN BLOCK LETTERS,6,2010-12-06 13:06:00,6.95,14911.0,EIRE
536749,90082D,DIAMANTE BOW BROOCH BLACK COLOUR,4,2010-12-02 13:49:00,6.35,17976.0,United Kingdom
537441,21872,GLAMOROUS  MUG,6,2010-12-06 17:26:00,1.25,13564.0,United Kingdom
536031,90165B,WHITE ROSEBUD  PEARL EARRINGS,1,2010-11-29 16:45:00,2.54,,United Kingdom
537441,22423,REGENCY CAKESTAND 3 TIER,2,2010-12-06 17:26:00,12.75,13564.0,United Kingdom
536862,22144,CHRISTMAS CRAFT LITTLE FRIENDS,7,2010-12-03 11:13:00,4.21,,United Kingdom
537240,82599,FANNY'S REST STOPMETAL SIGN,1,2010-12-06 10:08:00,4.21,,United Kingdom
537823,22695,WICKER WREATH SMALL,1,2010-12-08 14:25:00,3.36,,United Kingdom
537840,22385,JUMBO BAG SPACEBOY DESIGN,10,2010-12-08 15:03:00,1.95,13531.0,United Kingdom
537457,82600,NO SINGING METAL SIGN,48,2010-12-07 09:51:00,1.69,17511.0,United Kingdom
536876,22198,LARGE POPCORN HOLDER ,8,2010-12-03 11:36:00,3.36,,United Kingdom
537400,71477,COLOUR GLASS. STAR T-LIGHT HOLDER,4,2010-12-06 14:36:00,3.25,17191.0,United Kingdom
536353,22385,JUMBO BAG SPACEBOY DESIGN,10,2010-11-30 17:43:00,1.95,17160.0,United Kingdom
537638,21065,BOOM BOX SPEAKER GIRLS,1,2010-12-07 15:28:00,11.87,,United Kingdom
538349,21949,SET OF 6 STRAWBERRY CHOPSTICKS,1,2010-12-10 14:59:00,2.51,,United Kingdom
537567,21034,REX CASH+CARRY JUMBO SHOPPER,1,2010-12-07 11:59:00,0.95,18119.0,United Kingdom
537830,22423,REGENCY CAKESTAND 3 TIER,1,2010-12-08 14:46:00,12.75,13649.0,United Kingdom
538071,22115,METAL SIGN EMPIRE TEA,2,2010-12-09 14:09:00,5.91,,United Kingdom
538067,22119,PEACE WOODEN BLOCK LETTERS,2,2010-12-09 13:59:00,6.95,15288.0,United Kingdom
538005,22617,BAKING SET SPACEBOY DESIGN,24,2010-12-09 12:12:00,4.25,13090.0,United Kingdom
537612,85150,LADIES & GENTLEMEN METAL SIGN,6,2010-12-07 13:28:00,2.55,13769.0,United Kingdom
536974,20726,LUNCH BAG WOODLAND,10,2010-12-03 13:59:00,1.65,12682.0,France
537781,21625,VINTAGE UNION JACK APRON,1,2010-12-08 12:46:00,6.95,17341.0,United Kingdom
537377,22534,MAGIC DRAWING SLATE SPACEBOY ,1,2010-12-06 13:01:00,0.42,15882.0,United Kingdom
536425,22644,CERAMIC CHERRY CAKE MONEY BANK,12,2010-12-01 12:08:00,1.45,13758.0,United Kingdom
538051,21484,CHICK GREY HOT WATER BOTTLE,1,2010-12-09 13:24:00,3.45,18041.0,United Kingdom
537792,22168,ORGANISER WOOD ANTIQUE WHITE ,1,2010-12-08 12:56:00,8.5,16385.0,United Kingdom
537638,37450,CERAMIC CAKE BOWL + HANGING CAKES,3,2010-12-07 15:28:00,5.91,,United Kingdom
537852,22867,HAND WARMER BIRD DESIGN,11,2010-12-08 15:56:00,2.1,17340.0,United Kingdom
538079,22927,GREEN GIANT GARDEN THERMOMETER,2,2010-12-09 14:27:00,5.95,17671.0,United Kingdom
537201,21914,BLUE HARMONICA IN BOX ,24,2010-12-05 14:19:00,1.25,12472.0,Germany
538177,90200C,BLUE SWEETHEART BRACELET,1,2010-12-10 09:51:00,4.24,,United Kingdom
537418,22141,CHRISTMAS CRAFT TREE TOP ANGEL,1,2010-12-06 15:13:00,2.1,17884.0,United Kingdom
536876,21790,VINTAGE SNAP CARDS,3,2010-12-03 11:36:00,1.66,,United Kingdom
536805,20972,PINK CREAM FELT CRAFT TRINKET BOX ,12,2010-12-02 16:38:00,1.25,14775.0,United Kingdom
538071,35961,FOLKART ZINC HEART CHRISTMAS DEC,2,2010-12-09 14:09:00,1.66,,United Kingdom
537822,22090,PAPER BUNTING RETROSPOT,6,2010-12-08 14:22:00,2.95,13523.0,United Kingdom
536460,21977,PACK OF 60 PINK PAISLEY CAKE CASES,24,2010-12-01 12:22:00,0.55,14849.0,United Kingdom
537823,22149,FELTCRAFT 6 FLOWER FRIENDS,1,2010-12-08 14:25:00,4.21,,United Kingdom
C538314,22586,FELTCRAFT HAIRBAND PINK AND BLUE,-47,2010-12-10 13:52:00,0.85,15514.0,United Kingdom
537638,85135C,RED DRAGONFLY HELICOPTER,4,2010-12-07 15:28:00,8.47,,United Kingdom
537772,85183B,CHARLIE & LOLA WASTEPAPER BIN FLORA,1,2010-12-08 12:35:00,3.75,18043.0,United Kingdom
537240,22178,VICTORIAN GLASS HANGING T-LIGHT,6,2010-12-06 10:08:00,2.51,,United Kingdom
537804,72709,IVORY SCULPTED RND CANDLE ,9,2010-12-08 13:17:00,0.85,12748.0,United Kingdom
536520,21122,SET/10 PINK POLKADOT PARTY CANDLES,1,2010-12-01 12:43:00,1.25,14729.0,United Kingdom
536876,72351A,SET/6 TURQUOISE BUTTERFLY T-LIGHTS,1,2010-12-03 11:36:00,4.21,,United Kingdom
536528,22839,3 TIER CAKE TIN GREEN AND CREAM,1,2010-12-01 13:17:00,14.95,15525.0,United Kingdom
538071,22411,JUMBO SHOPPER VINTAGE RED PAISLEY,3,2010-12-09 14:09:00,4.21,,United Kingdom
536514,22485,SET OF 2 WOODEN MARKET CRATES,4,2010-12-01 12:40:00,12.75,17951.0,United Kingdom
538053,82581,TOILET METAL SIGN,25,2010-12-09 13:34:00,0.55,15856.0,United Kingdom
538177,84754,S/15 SILVER GLASS BAUBLES IN BAG,2,2010-12-10 09:51:00,2.51,,United Kingdom
537638,22581,WOOD STOCKING CHRISTMAS SCANDISPOT,2,2010-12-07 15:28:00,1.66,,United Kingdom
537242,21985,PACK OF 12 HEARTS DESIGN TISSUES ,24,2010-12-06 10:19:00,0.29,14748.0,United Kingdom
536531,22688,DOORMAT PEACE ON EARTH BLUE,4,2010-12-01 13:23:00,7.95,15485.0,United Kingdom
537666,72351B,SET/6 PINK  BUTTERFLY T-LIGHTS,2,2010-12-07 18:36:00,4.21,,United Kingdom
537240,20682,RED RETROSPOT CHILDRENS UMBRELLA,3,2010-12-06 10:08:00,6.77,,United Kingdom
536464,21260,FIRST AID TIN,1,2010-12-01 12:23:00,3.25,17968.0,United Kingdom
C536828,84946,ANTIQUE SILVER TEA GLASS ETCHED,-3,2010-12-02 17:35:00,1.25,14264.0,United Kingdom
536596,84926A,WAKE UP COCKEREL TILE COASTER,4,2010-12-01 17:29:00,1.25,,United Kingdom
538008,22938,CUPCAKE LACE PAPER SET 6,12,2010-12-09 12:17:00,1.95,12683.0,France
537224,79191C,RETRO PLASTIC ELEPHANT TRAY,1,2010-12-05 16:24:00,0.85,13174.0,United Kingdom
538346,21166,COOK WITH WINE METAL SIGN ,12,2010-12-10 14:53:00,1.95,17865.0,United Kingdom
536544,20914,SET/5 RED RETROSPOT LID GLASS BOWLS,3,2010-12-01 14:32:00,5.91,,United Kingdom
537645,DOT,DOTCOM POSTAGE,1,2010-12-07 15:34:00,607.96,,United Kingdom
537179,22699,ROSES REGENCY TEACUP AND SAUCER ,8,2010-12-05 13:29:00,2.95,13767.0,United Kingdom
537641,47566,PARTY BUNTING,1,2010-12-07 15:32:00,9.32,,United Kingdom
536956,21533,RETROSPOT LARGE MILK JUG,3,2010-12-03 12:43:00,4.95,14210.0,United Kingdom
537852,22494,EMERGENCY FIRST AID TIN ,8,2010-12-08 15:56:00,1.25,17340.0,United Kingdom
537140,21786,POLKADOT RAIN HAT ,1,2010-12-05 12:53:00,0.42,12748.0,United Kingdom
536551,22551,PLASTERS IN TIN SPACEBOY,1,2010-12-01 14:34:00,1.65,17346.0,United Kingdom
536865,85099B,JUMBO BAG RED RETROSPOT,1,2010-12-03 11:28:00,4.21,,United Kingdom
537818,21481,FAWN BLUE HOT WATER BOTTLE,6,2010-12-08 13:53:00,2.95,12766.0,Portugal
536162,85104,SILVER GLASS T-LIGHT SET,3,2010-11-30 12:07:00,2.95,15939.0,United Kingdom
537396,22415,WHITE TISSUE REAM,1,2010-12-06 14:08:00,7.95,17223.0,United Kingdom
537369,22719,GUMBALL MONOCHROME COAT RACK,1,2010-12-06 12:41:00,1.25,17860.0,United Kingdom
537666,22666,RECIPE BOX PANTRY YELLOW DESIGN,1,2010-12-07 18:36:00,5.91,,United Kingdom
537781,22114,HOT WATER BOTTLE TEA AND SYMPATHY,1,2010-12-08 12:46:00,3.95,17341.0,United Kingdom
537334,22461,SAVOY ART DECO CLOCK,1,2010-12-06 12:06:00,12.75,16719.0,United Kingdom
536502,85123A,WHITE HANGING HEART T-LIGHT HOLDER,6,2010-12-01 12:36:00,2.95,16552.0,United Kingdom
536707,22423,REGENCY CAKESTAND 3 TIER,2,2010-12-02 12:33:00,12.75,12915.0,United Kingdom
536876,21725,SWEETIES  STICKERS,2,2010-12-03 11:36:00,1.66,,United Kingdom
538177,22679,FRENCH BLUE METAL DOOR SIGN 4,1,2010-12-10 09:51:00,2.51,,United Kingdom
536591,21488,RED WHITE SCARF  HOT WATER BOTTLE,1,2010-12-01 16:58:00,3.95,14606.0,United Kingdom
536742,22557,PLASTERS IN TIN VINTAGE PAISLEY ,1,2010-12-02 13:14:00,1.65,16916.0,United Kingdom
538071,22197,SMALL POPCORN HOLDER,13,2010-12-09 14:09:00,1.66,,United Kingdom
536987,21818,GLITTER CHRISTMAS HEART ,36,2010-12-03 14:54:00,0.85,17198.0,United Kingdom
537240,22477,WATERING CAN GARDEN MARKER,1,2010-12-06 10:08:00,2.51,,United Kingdom
537057,20681,PINK POLKADOT CHILDRENS UMBRELLA,2,2010-12-05 11:49:00,3.25,15351.0,United Kingdom
537200,22632,HAND WARMER RED RETROSPOT,2,2010-12-05 14:17:00,2.1,15867.0,United Kingdom
538177,22654,DELUXE SEWING KIT ,2,2010-12-10 09:51:00,11.87,,United Kingdom
537693,22086,PAPER CHAIN KIT 50'S CHRISTMAS ,6,2010-12-08 10:45:00,2.95,12441.0,France
536638,21538,DAIRY MAID  PUDDING BOWL,4,2010-12-02 11:41:00,3.75,16244.0,United Kingdom
537850,10125,MINI FUNKY DESIGN TAPES,20,2010-12-08 15:38:00,0.85,16722.0,United Kingdom
537240,22904,CALENDAR PAPER CUT DESIGN,2,2010-12-06 10:08:00,5.91,,United Kingdom
537393,22653,BUTTON BOX ,24,2010-12-06 13:59:00,1.95,13089.0,United Kingdom
536561,22750,FELTCRAFT PRINCESS LOLA DOLL,4,2010-12-01 15:06:00,3.75,12921.0,United Kingdom
538071,47591B,SCOTTIES CHILDRENS APRON,4,2010-12-09 14:09:00,1.66,,United Kingdom
538198,22909,SET OF 20 VINTAGE CHRISTMAS NAPKINS,5,2010-12-10 11:01:00,0.85,17827.0,United Kingdom
537624,21826,EIGHT PIECE DINOSAUR SET,3,2010-12-07 14:41:00,1.25,12748.0,United Kingdom
536156,21928,JUMBO BAG SCANDINAVIAN PAISLEY,1,2010-11-30 11:51:00,5.06,,United Kingdom
537134,22271,FELTCRAFT DOLL ROSIE,2,2010-12-05 12:34:00,2.95,16983.0,United Kingdom
536845,84832,ZINC WILLIE WINKIE  CANDLE STICK,4,2010-12-02 19:18:00,0.85,17961.0,United Kingdom
538002,21523,DOORMAT FANCY FONT HOME SWEET HOME,2,2010-12-09 11:48:00,7.95,14932.0,Channel Islands
538177,21942,SKULLS DESIGN FLANNEL,2,2010-12-10 09:51:00,1.66,,United Kingdom
537769,22350,ILLUSTRATED CAT BOWL ,3,2010-12-08 12:17:00,2.55,15021.0,United Kingdom
537393,22169,FAMILY ALBUM WHITE PICTURE FRAME,8,2010-12-06 13:59:00,7.65,13089.0,United Kingdom
536205,22194,BLACK DINER WALL CLOCK,2,2010-11-30 13:18:00,8.5,13078.0,United Kingdom
536031,22900, SET 2 TEA TOWELS I LOVE LONDON ,2,2010-11-29 16:45:00,5.91,,United Kingdom
536751,22633,HAND WARMER UNION JACK,6,2010-12-02 14:05:00,1.85,17850.0,United Kingdom
536395,22729,ALARM CLOCK BAKELIKE ORANGE,8,2010-12-01 10:47:00,3.75,13767.0,United Kingdom
537823,22921,HERB MARKER CHIVES ,1,2010-12-08 14:25:00,1.66,,United Kingdom
536247,21464,DISCO BALL ROTATOR BATTERY OPERATED,4,2010-11-30 14:45:00,4.25,13199.0,United Kingdom
536876,84032B,CHARLIE + LOLA RED HOT WATER BOTTLE,12,2010-12-03 11:36:00,3.36,,United Kingdom
537683,84997B,RED 3 PIECE RETROSPOT CUTLERY SET,6,2010-12-08 10:14:00,3.75,12921.0,United Kingdom
537781,22755,SMALL PURPLE BABUSHKA NOTEBOOK ,1,2010-12-08 12:46:00,0.85,17341.0,United Kingdom
537895,22188,BLACK HEART CARD HOLDER,36,2010-12-09 10:30:00,3.39,14299.0,United Kingdom
538086,22961,JAM MAKING SET PRINTED,4,2010-12-09 14:44:00,1.45,12872.0,United Kingdom
538198,22586,FELTCRAFT HAIRBAND PINK AND BLUE,6,2010-12-10 11:01:00,0.85,17827.0,United Kingdom
537240,21871,SAVE THE PLANET MUG,2,2010-12-06 10:08:00,3.36,,United Kingdom
537044,21479,WHITE SKULL HOT WATER BOTTLE ,4,2010-12-05 10:52:00,3.75,18055.0,United Kingdom
C536816,21129,SILVER FISHING GNOME ,-2,2010-12-02 17:06:00,6.95,14443.0,United Kingdom
536755,22895,SET OF 2 TEA TOWELS APPLE AND PEARS,1,2010-12-02 14:14:00,2.95,,United Kingdom
536632,22923,FRIDGE MAGNETS LES ENFANTS ASSORTED,12,2010-12-02 11:02:00,0.85,14388.0,United Kingdom
537139,22595,CHRISTMAS GINGHAM HEART,12,2010-12-05 12:47:00,0.85,17026.0,United Kingdom
537218,21381,MINI WOODEN HAPPY BIRTHDAY GARLAND,12,2010-12-05 15:46:00,1.69,12763.0,Japan
536742,22974,CHILDRENS DOLLY GIRL MUG,1,2010-12-02 13:14:00,1.65,16916.0,United Kingdom
536592,21232,STRAWBERRY CERAMIC TRINKET BOX,5,2010-12-01 17:06:00,2.51,,United Kingdom
537369,22558,CLOTHES PEGS RETROSPOT PACK 24 ,2,2010-12-06 12:41:00,1.49,17860.0,United Kingdom
C537444,22580,ADVENT CALENDAR GINGHAM SACK,-8,2010-12-07 08:42:00,5.95,14850.0,United Kingdom
536375,84029G,KNITTED UNION FLAG HOT WATER BOTTLE,6,2010-12-01 09:32:00,3.39,17850.0,United Kingdom
536185,84569D,PACK 6 HEART/ICE-CREAM PATCHES,12,2010-11-30 12:29:00,1.25,17889.0,United Kingdom
536876,22738,RIBBON REEL SNOWY VILLAGE,1,2010-12-03 11:36:00,3.36,,United Kingdom
537369,22835,HOT WATER BOTTLE I AM SO POORLY,1,2010-12-06 12:41:00,4.65,17860.0,United Kingdom
537224,22863,SOAP DISH BROCANTE,1,2010-12-05 16:24:00,2.95,13174.0,United Kingdom
C538062,21430,SET/3 RED GINGHAM ROSE STORAGE BOX,-1,2010-12-09 13:40:00,3.75,17702.0,United Kingdom
537397,21354,TOAST ITS - BEST MUM,12,2010-12-06 14:19:00,1.25,16817.0,United Kingdom
537823,21195,PINK  HONEYCOMB PAPER BALL ,1,2010-12-08 14:25:00,4.21,,United Kingdom
536528,22867,HAND WARMER BIRD DESIGN,3,2010-12-01 13:17:00,2.1,15525.0,United Kingdom
536042,20914,SET/5 RED RETROSPOT LID GLASS BOWLS,1,2010-11-29 17:35:00,2.95,13955.0,United Kingdom
536627,22777,GLASS BELL JAR LARGE,2,2010-12-02 10:53:00,8.5,15658.0,United Kingdom
536752,71053,WHITE METAL LANTERN,6,2010-12-02 14:06:00,3.39,17850.0,United Kingdom
537781,22585,PACK OF 6 BIRDY GIFT TAGS,3,2010-12-08 12:46:00,1.25,17341.0,United Kingdom
536618,22564,ALPHABET STENCIL CRAFT,12,2010-12-02 10:17:00,1.25,17017.0,United Kingdom
536947,21210,SET OF 72 RETROSPOT PAPER  DOILIES,12,2010-12-03 12:29:00,1.45,13013.0,United Kingdom
537224,21802,CHRISTMAS TREE HEART DECORATION,6,2010-12-05 16:24:00,0.42,13174.0,United Kingdom
537673,21429,RED GINGHAM ROSE JEWELLERY BOX,10,2010-12-08 09:49:00,1.65,12709.0,Germany
537434,21990,MODERN FLORAL STATIONERY SET,3,2010-12-06 16:57:00,2.51,,United Kingdom
536031,85039A,SET/4 RED MINI ROSE CANDLE IN BOWL,4,2010-11-29 16:45:00,1.66,,United Kingdom
536832,71477,COLOUR GLASS. STAR T-LIGHT HOLDER,4,2010-12-02 17:41:00,3.25,16634.0,United Kingdom
537046,21259,VICTORIAN SEWING BOX SMALL ,8,2010-12-05 10:58:00,5.95,18109.0,United Kingdom
537640,21329,DINOSAURS  WRITING SET ,7,2010-12-07 15:31:00,3.36,,United Kingdom
538071,35957,SMALLFOLKART BAUBLE CHRISTMAS DEC,1,2010-12-09 14:09:00,1.66,,United Kingdom
537111,22727,ALARM CLOCK BAKELIKE RED ,1,2010-12-05 12:08:00,3.75,14810.0,United Kingdom
537237,22494,EMERGENCY FIRST AID TIN ,1,2010-12-06 09:58:00,2.51,,United Kingdom
536876,21479,WHITE SKULL HOT WATER BOTTLE ,9,2010-12-03 11:36:00,7.62,,United Kingdom
538071,21164,HOME SWEET HOME METAL SIGN ,1,2010-12-09 14:09:00,5.91,,United Kingdom
537047,22662,LUNCH BAG DOLLY GIRL DESIGN,4,2010-12-05 11:02:00,1.65,13069.0,United Kingdom
536638,22070,SMALL RED RETROSPOT MUG IN BOX ,6,2010-12-02 11:41:00,3.75,16244.0,United Kingdom
538008,22972,CHILDREN'S SPACEBOY MUG,12,2010-12-09 12:17:00,1.65,12683.0,France
537643,22297,HEART IVORY TRELLIS SMALL,1,2010-12-07 15:34:00,2.51,,United Kingdom
536590,21340,CLASSIC METAL BIRDCAGE PLANT HOLDER,1,2010-12-01 16:52:00,12.75,13065.0,United Kingdom
537059,22450,SILK PURSE BABUSHKA BLUE,1,2010-12-05 11:54:00,3.35,14813.0,United Kingdom
537395,82600,NO SINGING METAL SIGN,1,2010-12-06 14:05:00,2.1,15356.0,United Kingdom
537153,21014,SWISS CHALET TREE DECORATION ,24,2010-12-05 13:03:00,0.85,16718.0,United Kingdom
C536548,22333,RETROSPOT PARTY BAG + STICKER SET,-1,2010-12-01 14:33:00,1.65,12472.0,Germany
537823,22428,ENAMEL FIRE BUCKET CREAM,1,2010-12-08 14:25:00,14.43,,United Kingdom
537140,22632,HAND WARMER RED RETROSPOT,1,2010-12-05 12:53:00,2.1,12748.0,United Kingdom
537967,22667,RECIPE BOX RETROSPOT ,6,2010-12-09 11:31:00,2.95,12494.0,France
536846,22776,SWEETHEART CAKESTAND 3 TIER,1,2010-12-02 19:59:00,9.95,14573.0,United Kingdom
537792,47420,ASSORTED COLOUR SUCTION CUP HOOK,2,2010-12-08 12:56:00,0.19,16385.0,United Kingdom
537301,22694,WICKER STAR ,4,2010-12-06 11:38:00,2.1,15860.0,United Kingdom
537382,21818,GLITTER CHRISTMAS HEART ,2,2010-12-06 13:13:00,0.85,16710.0,United Kingdom
537262,22795,SWEETHEART RECIPE BOOK STAND,1,2010-12-06 11:26:00,6.75,15039.0,United Kingdom
536618,84375,SET OF 20 KIDS COOKIE CUTTERS,12,2010-12-02 10:17:00,2.1,17017.0,United Kingdom
536384,22428,ENAMEL FIRE BUCKET CREAM,6,2010-12-01 09:53:00,6.95,18074.0,United Kingdom
536058,21114,LAVENDER SCENTED FABRIC HEART,40,2010-11-30 10:12:00,1.25,14414.0,United Kingdom
537400,21034,REX CASH+CARRY JUMBO SHOPPER,4,2010-12-06 14:36:00,0.95,17191.0,United Kingdom
538058,20966,,-150,2010-12-09 13:38:00,0.0,,United Kingdom
536522,20914,SET/5 RED RETROSPOT LID GLASS BOWLS,1,2010-12-01 12:49:00,2.95,15012.0,United Kingdom
536864,22502,PICNIC BASKET WICKER SMALL,2,2010-12-03 11:27:00,8.47,,United Kingdom
536618,21915,RED  HARMONICA IN BOX ,24,2010-12-02 10:17:00,1.25,17017.0,United Kingdom
538071,22108,PING! MICROWAVE PLATE,2,2010-12-09 14:09:00,3.36,,United Kingdom
537434,90073,VINTAGE ENAMEL & CRYSTAL EARRINGS,1,2010-12-06 16:57:00,5.09,,United Kingdom
537434,21944,KITTENS DESIGN FLANNEL,1,2010-12-06 16:57:00,1.66,,United Kingdom
537144,21900,"KEY FOB , SHED",2,2010-12-05 13:00:00,0.65,15880.0,United Kingdom
536531,22194,BLACK DINER WALL CLOCK,2,2010-12-01 13:23:00,8.5,15485.0,United Kingdom
536592,22947,WOODEN ADVENT CALENDAR RED,1,2010-12-01 17:06:00,34.0,,United Kingdom
537219,84029G,KNITTED UNION FLAG HOT WATER BOTTLE,2,2010-12-05 15:47:00,3.75,14081.0,United Kingdom
536235,21744,SNOWFLAKE PORTABLE TABLE LIGHT ,1,2010-11-30 14:21:00,2.95,18101.0,United Kingdom
537196,15060B,FAIRY CAKE DESIGN UMBRELLA,3,2010-12-05 13:55:00,3.75,15426.0,United Kingdom
536876,21484,CHICK GREY HOT WATER BOTTLE,3,2010-12-03 11:36:00,7.62,,United Kingdom
537646,22770,MIRROR CORNICE,1,2010-12-07 15:39:00,14.95,17591.0,United Kingdom
537376,22570,FELTCRAFT CUSHION RABBIT,24,2010-12-06 12:59:00,3.39,16722.0,United Kingdom
537794,82494L,WOODEN FRAME ANTIQUE WHITE ,2,2010-12-08 13:01:00,2.95,16713.0,United Kingdom
536876,22135,LADLE LOVE HEART PINK,1,2010-12-03 11:36:00,0.85,,United Kingdom
536623,22771,CLEAR DRAWER KNOB ACRYLIC EDWARDIAN,12,2010-12-02 10:39:00,1.25,15601.0,United Kingdom
538093,22556,PLASTERS IN TIN CIRCUS PARADE ,12,2010-12-09 14:49:00,1.65,12682.0,France
538177,22170,PICTURE FRAME WOOD TRIPLE PORTRAIT,1,2010-12-10 09:51:00,13.57,,United Kingdom
536755,22972,CHILDREN'S SPACEBOY MUG,1,2010-12-02 14:14:00,1.65,,United Kingdom
536876,21985,PACK OF 12 HEARTS DESIGN TISSUES ,1,2010-12-03 11:36:00,0.85,,United Kingdom
536538,22752,SET 7 BABUSHKA NESTING BOXES,2,2010-12-01 13:54:00,8.5,14594.0,United Kingdom
536544,21166,COOK WITH WINE METAL SIGN ,2,2010-12-01 14:32:00,4.21,,United Kingdom
537868,22966,GINGERBREAD MAN COOKIE CUTTER,24,2010-12-08 16:49:00,1.25,12433.0,Norway
538012,82484,WOOD BLACK BOARD ANT WHITE FINISH,2,2010-12-09 12:32:00,6.45,14527.0,United Kingdom
538051,22659,LUNCH BOX I LOVE LONDON,2,2010-12-09 13:24:00,1.95,18041.0,United Kingdom
536732,84997D,PINK 3 PIECE POLKADOT CUTLERY SET,6,2010-12-02 12:47:00,3.75,15544.0,United Kingdom
538071,22696,WICKER WREATH LARGE,2,2010-12-09 14:09:00,4.21,,United Kingdom
537058,22531,MAGIC DRAWING SLATE CIRCUS PARADE  ,24,2010-12-05 11:51:00,0.42,13269.0,United Kingdom
537793,22383,LUNCH BAG SUKI  DESIGN ,3,2010-12-08 12:57:00,1.65,15032.0,United Kingdom
536796,20665,RED RETROSPOT PURSE ,1,2010-12-02 15:46:00,2.95,15574.0,United Kingdom
536572,22594,CHRISTMAS GINGHAM TREE,24,2010-12-01 15:40:00,0.85,16539.0,United Kingdom
536053,22984,CARD GINGHAM ROSE ,12,2010-11-30 09:50:00,0.42,15392.0,United Kingdom
537054,22300,COFFEE MUG DOG + BALL DESIGN,1,2010-12-05 11:40:00,2.55,16931.0,United Kingdom
536592,82552,WASHROOM METAL SIGN,1,2010-12-01 17:06:00,2.51,,United Kingdom
538199,21466,RED FLOWER CROCHET FOOD COVER,1,2010-12-10 11:02:00,3.75,14082.0,United Kingdom
538007,22254,FELT TOADSTOOL LARGE,12,2010-12-09 12:16:00,1.25,14355.0,United Kingdom
536627,21756,BATH BUILDING BLOCK WORD,3,2010-12-02 10:53:00,5.95,15658.0,United Kingdom
C538100,84798A,PINK FOXGLOVE ARTIIFCIAL FLOWER,-12,2010-12-09 15:00:00,2.55,16579.0,United Kingdom
536522,22632,HAND WARMER RED RETROSPOT,1,2010-12-01 12:49:00,2.1,15012.0,United Kingdom
536975,21888,BINGO SET,4,2010-12-03 14:04:00,3.75,14911.0,EIRE
538311,21931,JUMBO STORAGE BAG SUKI,10,2010-12-10 13:48:00,1.95,12785.0,Portugal
536982,22645,CERAMIC HEART FAIRY CAKE MONEY BANK,30,2010-12-03 14:27:00,4.21,,United Kingdom
536420,22110,BIRD HOUSE HOT WATER BOTTLE,6,2010-12-01 12:03:00,2.55,16583.0,United Kingdom
537144,35953,FOLKART STAR CHRISTMAS DECORATIONS,24,2010-12-05 13:00:00,1.25,15880.0,United Kingdom
536544,85099B,JUMBO BAG RED RETROSPOT,1,2010-12-01 14:32:00,4.21,,United Kingdom
537638,22685,FRENCH BLUE METAL DOOR SIGN 0,3,2010-12-07 15:28:00,2.51,,United Kingdom
538312,22083,PAPER CHAIN KIT RETROSPOT,3,2010-12-10 13:48:00,2.95,16727.0,United Kingdom
537823,22190,LOCAL CAFE MUG,1,2010-12-08 14:25:00,2.51,,United Kingdom
536408,22716,CARD CIRCUS PARADE,12,2010-12-01 11:41:00,0.42,14307.0,United Kingdom
537642,22412,METAL SIGN NEIGHBOURHOOD WITCH ,1,2010-12-07 15:33:00,4.21,,United Kingdom
536544,84988,SET OF 72 PINK HEART PAPER DOILIES,1,2010-12-01 14:32:00,2.98,,United Kingdom
537214,21094,SET/6 RED SPOTTY PAPER PLATES,192,2010-12-05 15:35:00,0.64,16422.0,United Kingdom
536590,71477,COLOUR GLASS. STAR T-LIGHT HOLDER,4,2010-12-01 16:52:00,3.25,13065.0,United Kingdom
536592,84029E,RED WOOLLY HOTTIE WHITE HEART.,1,2010-12-01 17:06:00,7.62,,United Kingdom
537623,21314,SMALL GLASS HEART TRINKET POT,8,2010-12-07 14:31:00,2.1,15858.0,United Kingdom
537144,21723,ALPHABET HEARTS STICKER SHEET,1,2010-12-05 13:00:00,0.85,15880.0,United Kingdom
536819,22429,ENAMEL MEASURING JUG CREAM,4,2010-12-02 17:12:00,4.25,13402.0,United Kingdom
537405,22755,SMALL PURPLE BABUSHKA NOTEBOOK ,1,2010-12-06 14:51:00,0.85,17841.0,United Kingdom
536592,47593B,SCOTTIE DOGS BABY BIB,3,2010-12-01 17:06:00,0.85,,United Kingdom
537193,22112,CHOCOLATE HOT WATER BOTTLE,4,2010-12-05 13:49:00,4.95,15023.0,United Kingdom
537680,22712,CARD DOLLY GIRL ,12,2010-12-08 10:11:00,0.42,13599.0,United Kingdom
537254,21292,SMALL STRIPES CHOCOLATE GIFT BAG ,12,2010-12-06 11:01:00,0.85,15898.0,United Kingdom
537781,21327,SKULLS WRITING SET ,1,2010-12-08 12:46:00,1.65,17341.0,United Kingdom
537362,22418,10 COLOUR SPACEBOY PEN,48,2010-12-06 12:34:00,0.85,17596.0,United Kingdom
537823,22164,STRING OF STARS CARD HOLDER,1,2010-12-08 14:25:00,5.91,,United Kingdom
538183,22627,MINT KITCHEN SCALES,2,2010-12-10 10:21:00,8.5,16265.0,United Kingdom
537237,85132C,CHARLIE AND LOLA FIGURES TINS,1,2010-12-06 09:58:00,8.47,,United Kingdom
537799,21034,REX CASH+CARRY JUMBO SHOPPER,1,2010-12-08 13:07:00,0.95,15916.0,United Kingdom
536957,22585,PACK OF 6 BIRDY GIFT TAGS,24,2010-12-03 12:43:00,1.25,17809.0,United Kingdom
537030,22587,FELTCRAFT HAIRBAND RED AND BLUE,12,2010-12-03 16:44:00,0.85,16455.0,United Kingdom
537192,22865,HAND WARMER OWL DESIGN,1,2010-12-05 13:42:00,2.1,16402.0,United Kingdom
538069,22594,CHRISTMAS GINGHAM TREE,2,2010-12-09 14:08:00,0.85,16795.0,United Kingdom
536842,22617,BAKING SET SPACEBOY DESIGN,6,2010-12-02 18:45:00,4.95,17552.0,United Kingdom
538086,21034,REX CASH+CARRY JUMBO SHOPPER,2,2010-12-09 14:44:00,0.95,12872.0,United Kingdom
537434,21993,FLORAL FOLK STATIONERY SET,6,2010-12-06 16:57:00,2.51,,United Kingdom
538036,21690,,34,2010-12-09 13:04:00,0.0,,United Kingdom
537193,22577,WOODEN HEART CHRISTMAS SCANDINAVIAN,24,2010-12-05 13:49:00,0.85,15023.0,United Kingdom
536796,22661,CHARLOTTE BAG DOLLY GIRL DESIGN,1,2010-12-02 15:46:00,0.85,15574.0,United Kingdom
537237,84270,ASSTD DESIGN BUBBLE GUM RING,2,2010-12-06 09:58:00,0.21,,United Kingdom
537374,21724,PANDA AND BUNNIES STICKER SHEET,1,2010-12-06 12:55:00,0.85,17259.0,United Kingdom
536523,22219,LOVEBIRD HANGING DECORATION WHITE ,12,2010-12-01 12:50:00,0.85,12868.0,United Kingdom
537237,21627,ELEPHANT CARNIVAL POUFFE,1,2010-12-06 09:58:00,29.79,,United Kingdom
537638,21356,TOAST ITS - FAIRY FLOWER,2,2010-12-07 15:28:00,2.51,,United Kingdom
538177,20780,BLACK EAR MUFF HEADPHONES,1,2010-12-10 09:51:00,11.02,,United Kingdom
537700,22726,ALARM CLOCK BAKELIKE GREEN,8,2010-12-08 10:51:00,3.75,18229.0,United Kingdom
536528,22839,3 TIER CAKE TIN GREEN AND CREAM,1,2010-12-01 13:17:00,14.95,15525.0,United Kingdom
537434,21356,TOAST ITS - FAIRY FLOWER,4,2010-12-06 16:57:00,2.51,,United Kingdom
536156,21668,RED STRIPE CERAMIC DRAWER KNOB,2,2010-11-30 11:51:00,3.36,,United Kingdom
536990,20728,LUNCH BAG CARS BLUE,14,2010-12-03 15:14:00,1.65,12793.0,Portugal
537135,22585,PACK OF 6 BIRDY GIFT TAGS,2,2010-12-05 12:35:00,1.25,17059.0,United Kingdom
537022,85078,SCANDINAVIAN 3 HEARTS NAPKIN RING,24,2010-12-03 15:45:00,0.65,12725.0,Italy
538071,22372,AIRLINE BAG VINTAGE WORLD CHAMPION ,2,2010-12-09 14:09:00,8.47,,United Kingdom
538168,22731,3D CHRISTMAS STAMPS STICKERS ,9,2010-12-09 19:23:00,1.25,14702.0,United Kingdom
536674,84755,COLOUR GLASS T-LIGHT HOLDER HANGING,32,2010-12-02 12:16:00,0.65,15923.0,United Kingdom
537192,22956,36 FOIL HEART CAKE CASES,2,2010-12-05 13:42:00,2.1,16402.0,United Kingdom
536152,22086,PAPER CHAIN KIT 50'S CHRISTMAS ,4,2010-11-30 11:50:00,2.95,16223.0,United Kingdom
537894,22891,TEA FOR ONE POLKADOT,6,2010-12-09 10:16:00,4.25,12621.0,Germany
537153,22913,RED COAT RACK PARIS FASHION,2,2010-12-05 13:03:00,4.95,16718.0,United Kingdom
537237,22136,LOVE HEART SOCK HANGER,1,2010-12-06 09:58:00,3.36,,United Kingdom
537254,22974,CHILDRENS DOLLY GIRL MUG,6,2010-12-06 11:01:00,1.65,15898.0,United Kingdom
538153,22776,SWEETHEART CAKESTAND 3 TIER,2,2010-12-09 16:31:00,20.38,,United Kingdom
537764,22557,PLASTERS IN TIN VINTAGE PAISLEY ,1,2010-12-08 12:06:00,1.65,16893.0,United Kingdom
536544,20839,FRENCH PAISLEY CUSHION COVER ,1,2010-12-01 14:32:00,9.32,,United Kingdom
536876,84031A,CHARLIE+LOLA RED HOT WATER BOTTLE ,2,2010-12-03 11:36:00,4.21,,United Kingdom
538346,21903,MAN FLU METAL SIGN,12,2010-12-10 14:53:00,2.1,17865.0,United Kingdom
537823,79144C,PAINTED LIGHTBULB RAINBOW DESIGN,1,2010-12-08 14:25:00,0.84,,United Kingdom
536802,22179,SET 10 LIGHTS NIGHT OWL,8,2010-12-02 16:29:00,6.75,17412.0,United Kingdom
538153,22176,BLUE OWL SOFT TOY,1,2010-12-09 16:31:00,5.91,,United Kingdom
536156,22644,CERAMIC CHERRY CAKE MONEY BANK,6,2010-11-30 11:51:00,4.21,,United Kingdom
538148,21935,SUKI  SHOULDER BAG,3,2010-12-09 16:26:00,4.21,,United Kingdom
537802,22423,REGENCY CAKESTAND 3 TIER,5,2010-12-08 13:11:00,12.75,13455.0,United Kingdom
536446,84625C,BLUE NEW BAROQUE CANDLESTICK CANDLE,10,2010-12-01 12:15:00,2.95,15983.0,United Kingdom
537137,22791,T-LIGHT GLASS FLUTED ANTIQUE,1,2010-12-05 12:43:00,1.25,16327.0,United Kingdom
536544,22190,LOCAL CAFE MUG,3,2010-12-01 14:32:00,2.51,,United Kingdom
536982,21931,JUMBO STORAGE BAG SUKI,20,2010-12-03 14:27:00,5.06,,United Kingdom
538163,22631,CIRCUS PARADE LUNCH BOX ,1,2010-12-09 17:27:00,1.95,17841.0,United Kingdom
536685,84406B,CREAM CUPID HEARTS COAT HANGER,6,2010-12-02 12:23:00,2.75,17850.0,United Kingdom
538210,21976,PACK OF 60 MUSHROOM CAKE CASES,24,2010-12-10 11:44:00,0.55,14256.0,United Kingdom
537592,22585,PACK OF 6 BIRDY GIFT TAGS,144,2010-12-07 12:18:00,1.06,17491.0,United Kingdom
537241,21915,RED  HARMONICA IN BOX ,12,2010-12-06 10:18:00,1.25,14293.0,United Kingdom
537237,22096,PINK PAISLEY SQUARE TISSUE BOX ,1,2010-12-06 09:58:00,2.51,,United Kingdom
536982,79321,CHILLI LIGHTS,34,2010-12-03 14:27:00,11.02,,United Kingdom
537669,72741,GRAND CHOCOLATECANDLE,9,2010-12-08 08:58:00,1.45,16863.0,United Kingdom
538068,21080,SET/20 RED RETROSPOT PAPER NAPKINS ,3,2010-12-09 14:05:00,0.85,17978.0,United Kingdom
537140,21785,RAIN PONCHO ,1,2010-12-05 12:53:00,0.85,12748.0,United Kingdom
C536212,35004C,SET OF 3 COLOURED  FLYING DUCKS,-12,2010-11-30 13:32:00,4.65,15611.0,United Kingdom
536396,37370,RETRO COFFEE MUGS ASSORTED,6,2010-12-01 10:51:00,1.06,17850.0,United Kingdom
537868,22114,HOT WATER BOTTLE TEA AND SYMPATHY,8,2010-12-08 16:49:00,3.95,12433.0,Norway
537641,21814,HEART T-LIGHT HOLDER ,1,2010-12-07 15:32:00,2.98,,United Kingdom
537240,16237,SLEEPING CAT ERASERS,1,2010-12-06 10:08:00,0.43,,United Kingdom
537638,21935,SUKI  SHOULDER BAG,4,2010-12-07 15:28:00,3.36,,United Kingdom
538153,22666,RECIPE BOX PANTRY YELLOW DESIGN,4,2010-12-09 16:31:00,5.91,,United Kingdom
536199,22629,SPACEBOY LUNCH BOX ,1,2010-11-30 13:07:00,1.95,18039.0,United Kingdom
537844,20695,FLORAL BLUE MONSTER,1,2010-12-08 15:17:00,4.25,17999.0,United Kingdom
536733,84375,SET OF 20 KIDS COOKIE CUTTERS,12,2010-12-02 12:50:00,2.1,15738.0,United Kingdom
537211,21531,RED RETROSPOT SUGAR JAM BOWL,6,2010-12-05 15:18:00,2.55,16143.0,United Kingdom
537370,22452,MEASURING TAPE BABUSHKA PINK,4,2010-12-06 12:44:00,2.95,13155.0,United Kingdom
536605,20966,SANDWICH BATH SPONGE,10,2010-12-02 08:52:00,1.25,13715.0,United Kingdom
537434,70006,LOVE HEART POCKET WARMER,2,2010-12-06 16:57:00,3.36,,United Kingdom
537049,21485,RETROSPOT HEART HOT WATER BOTTLE,3,2010-12-05 11:04:00,4.95,16241.0,United Kingdom
536865,22352,LUNCH BOX WITH CUTLERY RETROSPOT ,2,2010-12-03 11:28:00,5.06,,United Kingdom
536638,22335,HEART DECORATION PAINTED ZINC ,24,2010-12-02 11:41:00,0.65,16244.0,United Kingdom
537023,21977,PACK OF 60 PINK PAISLEY CAKE CASES,1,2010-12-03 16:02:00,0.55,16725.0,United Kingdom
536031,20677,PINK POLKADOT BOWL,2,2010-11-29 16:45:00,2.51,,United Kingdom
537137,21422,PORCELAIN ROSE SMALL,3,2010-12-05 12:43:00,0.85,16327.0,United Kingdom
536856,22636,CHILDS BREAKFAST SET CIRCUS PARADE,2,2010-12-03 10:26:00,8.5,13370.0,United Kingdom
536754,22147,FELTCRAFT BUTTERFLY HEARTS,4,2010-12-02 14:09:00,1.45,14449.0,United Kingdom
536569,84870B,BLUE GEISHA GIRL ,1,2010-12-01 15:35:00,3.75,16274.0,United Kingdom
541220,22505,MEMO BOARD COTTAGE DESIGN,120,2011-01-14 14:11:00,4.25,14156.0,EIRE
539309,22379,RECYCLING BAG RETROSPOT ,5,2010-12-16 17:49:00,2.1,16945.0,United Kingdom
538349,22952,60 CAKE CASES VINTAGE CHRISTMAS,5,2010-12-10 14:59:00,1.28,,United Kingdom
539453,84077,WORLD WAR 2 GLIDERS ASSTD DESIGNS,11,2010-12-17 17:08:00,0.43,,United Kingdom
541592,22628,PICNIC BOXES SET OF 3 RETROSPOT ,10,2011-01-19 15:08:00,4.13,,United Kingdom
541827,85087,CANDY SPOT CUSHION COVER,7,2011-01-21 17:05:00,3.29,,United Kingdom
539436,22120,WELCOME  WOODEN BLOCK LETTERS,1,2010-12-17 14:49:00,20.38,,United Kingdom
542399,22839,3 TIER CAKE TIN GREEN AND CREAM,3,2011-01-27 15:38:00,14.95,15549.0,United Kingdom
538652,21145,ANTIQUE GLASS PLACE SETTING,24,2010-12-13 15:12:00,1.25,17890.0,United Kingdom
541424,22211,WOOD STAMP SET FLOWERS,1,2011-01-17 17:57:00,1.63,,United Kingdom
541843,85212,MINI PAINTED GARDEN DECORATION ,12,2011-01-23 12:08:00,0.85,13659.0,United Kingdom
541530,22045,SPACEBOY GIFT WRAP,25,2011-01-19 10:56:00,0.42,14769.0,United Kingdom
538878,22730,ALARM CLOCK BAKELIKE IVORY,8,2010-12-14 15:43:00,3.75,13767.0,United Kingdom
538437,20681,PINK POLKADOT CHILDRENS UMBRELLA,1,2010-12-12 12:18:00,3.25,16010.0,United Kingdom
540026,22728,ALARM CLOCK BAKELIKE PINK,1,2011-01-04 13:25:00,7.62,,United Kingdom
540848,22249,DECORATION WHITE CHICK MAGIC GARDEN,6,2011-01-12 09:26:00,0.81,,United Kingdom
539663,22493,PAINT YOUR OWN CANVAS SET,2,2010-12-21 10:26:00,1.65,17961.0,United Kingdom
541265,22661,CHARLOTTE BAG DOLLY GIRL DESIGN,2,2011-01-16 16:23:00,0.85,17609.0,United Kingdom
539453,21658,GLASS  BEURRE DISH,3,2010-12-17 17:08:00,8.47,,United Kingdom
539451,22478,BIRDHOUSE GARDEN MARKER ,1,2010-12-17 16:59:00,2.51,,United Kingdom
538877,22151,PLACE SETTING WHITE HEART,1,2010-12-14 15:29:00,2.51,,United Kingdom
539737,22414,DOORMAT NEIGHBOURHOOD WITCH ,1,2010-12-21 15:19:00,14.43,,United Kingdom
538368,21648,ASSORTED TUTTI FRUTTI SMALL PURSE,1,2010-12-12 10:57:00,1.25,15503.0,United Kingdom
539659,22425,ENAMEL COLANDER CREAM,2,2010-12-21 09:47:00,4.95,15034.0,United Kingdom
539492,21755,LOVE BUILDING BLOCK WORD,1,2010-12-20 10:14:00,11.87,,United Kingdom
540635,22676,FRENCH BLUE METAL DOOR SIGN 1,10,2011-01-10 12:03:00,1.25,14229.0,United Kingdom
541810,84559a,3D SHEET OF DOG STICKERS,1,2011-01-21 15:00:00,1.66,,United Kingdom
540976,21111,"SWISS ROLL TOWEL, CHOCOLATE  SPOTS",6,2011-01-12 15:00:00,2.95,12652.0,France
541485,21866,UNION JACK FLAG LUGGAGE TAG,1,2011-01-18 13:05:00,1.25,18118.0,United Kingdom
541215,21523,DOORMAT FANCY FONT HOME SWEET HOME,4,2011-01-14 13:42:00,7.95,14329.0,United Kingdom
541423,84870C,GREEN GEISHA GIRL ,1,2011-01-17 17:54:00,2.46,,United Kingdom
540472,21700,BIG DOUGHNUT FRIDGE MAGNETS,12,2011-01-07 14:22:00,0.85,18179.0,United Kingdom
538843,22192,BLUE DINER WALL CLOCK,1,2010-12-14 13:18:00,8.5,16033.0,United Kingdom
538638,22738,RIBBON REEL SNOWY VILLAGE,1,2010-12-13 14:16:00,1.65,17231.0,United Kingdom
541518,22432,WATERING CAN PINK BUNNY,12,2011-01-19 09:05:00,1.95,12451.0,Switzerland
540275,47566B,TEA TIME PARTY BUNTING,50,2011-01-06 12:11:00,3.75,13680.0,United Kingdom
542412,21844,RED RETROSPOT MUG,3,2011-01-27 16:49:00,2.95,16725.0,United Kingdom
C541823,21155,RED RETROSPOT PEG BAG,-1,2011-01-21 16:55:00,2.1,17677.0,United Kingdom
542231,21677,HEARTS  STICKERS,8,2011-01-26 13:40:00,0.85,16714.0,United Kingdom
539436,85099B,JUMBO BAG RED RETROSPOT,3,2010-12-17 14:49:00,4.21,,United Kingdom
541711,20717,STRAWBERRY SHOPPER BAG,100,2011-01-21 11:18:00,1.06,14646.0,Netherlands
540355,22327,ROUND SNACK BOXES SET OF 4 SKULLS,1,2011-01-06 15:11:00,6.77,,United Kingdom
539309,22749,FELTCRAFT PRINCESS CHARLOTTE DOLL,4,2010-12-16 17:49:00,3.75,16945.0,United Kingdom
541516,22111,SCOTTIE DOG HOT WATER BOTTLE,1,2011-01-18 17:34:00,10.79,,United Kingdom
540977,22084,PAPER CHAIN KIT EMPIRE,2,2011-01-12 15:01:00,5.91,,United Kingdom
541696,84931A,PINK SCOTTIE DOG W FLOWER PATTERN,2,2011-01-20 18:08:00,1.63,,United Kingdom
539631,22355,CHARLOTTE BAG SUKI DESIGN,1,2010-12-20 15:03:00,1.66,,United Kingdom
540566,22930,BAKING MOULD HEART MILK CHOCOLATE,1,2011-01-10 10:58:00,2.55,17811.0,United Kingdom
540809,20970,PINK FLORAL FELTCRAFT SHOULDER BAG,8,2011-01-11 12:37:00,3.75,18095.0,United Kingdom
539958,22279,POCKET BAG BLUE PAISLEY RED SPOT,9,2010-12-23 13:26:00,0.85,,United Kingdom
540509,22348,TEA BAG PLATE RED RETROSPOT,2,2011-01-09 11:27:00,0.85,14800.0,United Kingdom
541684,84799,SPRIG LAVENDER ARTIFICIAL FLOWER,16,2011-01-20 15:22:00,1.25,15498.0,United Kingdom
538636,22670,FRENCH WC SIGN BLUE METAL,12,2010-12-13 13:50:00,1.25,14639.0,United Kingdom
541655,22426,ENAMEL WASH BOWL CREAM,4,2011-01-20 12:04:00,3.75,14779.0,United Kingdom
539708,21786,POLKADOT RAIN HAT ,1,2010-12-21 12:18:00,0.85,,United Kingdom
542373,22148,EASTER CRAFT 4 CHICKS ,12,2011-01-27 13:38:00,1.95,16767.0,United Kingdom
540955,22985,"WRAP, BILLBOARD FONTS DESIGN",25,2011-01-12 13:27:00,0.42,14715.0,United Kingdom
C542060,20726,LUNCH BAG WOODLAND,-2,2011-01-25 12:01:00,1.65,14680.0,United Kingdom
C541863,37450,CERAMIC CAKE BOWL + HANGING CAKES,-1,2011-01-23 16:08:00,2.55,13798.0,United Kingdom
539958,21031,SPACE CADET BLACK,2,2010-12-23 13:26:00,0.85,,United Kingdom
538796,22667,RECIPE BOX RETROSPOT ,12,2010-12-14 11:43:00,2.95,17041.0,United Kingdom
538364,72799E,IVORY PILLAR CANDLE SILVER FLOCK,4,2010-12-10 17:26:00,2.95,14448.0,United Kingdom
C540417,84997D,PINK 3 PIECE POLKADOT CUTLERY SET,-24,2011-01-07 10:56:00,3.75,13680.0,United Kingdom
541277,47590A,BLUE HAPPY BIRTHDAY BUNTING,1,2011-01-17 11:46:00,5.45,12673.0,Germany
541485,21865,PINK UNION JACK  PASSPORT COVER ,1,2011-01-18 13:05:00,2.1,18118.0,United Kingdom
540240,22391,PAPERWEIGHT HOME SWEET HOME,12,2011-01-05 15:09:00,0.85,17585.0,United Kingdom
539708,21865,PINK UNION JACK  PASSPORT COVER ,2,2010-12-21 12:18:00,4.21,,United Kingdom
540372,22720,SET OF 3 CAKE TINS PANTRY DESIGN ,3,2011-01-06 16:41:00,4.95,13081.0,United Kingdom
541827,47570B,TEA TIME TABLE CLOTH,1,2011-01-21 17:05:00,20.79,,United Kingdom
542114,22925,BLUE GIANT GARDEN THERMOMETER,2,2011-01-25 14:00:00,5.95,16943.0,United Kingdom
539446,21232,STRAWBERRY CERAMIC TRINKET BOX,12,2010-12-17 15:58:00,1.25,12705.0,Germany
540026,21819,GLITTER CHRISTMAS STAR ,1,2011-01-04 13:25:00,1.66,,United Kingdom
542277,22789,T-LIGHT HOLDER SWEETHEART HANGING,8,2011-01-27 10:30:00,1.95,14440.0,United Kingdom
540646,20619,TROPICAL PASSPORT COVER ,1,2011-01-10 14:32:00,1.66,,United Kingdom
541878,22041,"RECORD FRAME 7"" SINGLE SIZE ",2,2011-01-24 10:28:00,4.96,,United Kingdom
542228,22297,HEART IVORY TRELLIS SMALL,12,2011-01-26 13:37:00,1.25,13113.0,United Kingdom
541112,22584,PACK OF 6 PANNETONE GIFT BOXES,6,2011-01-13 15:17:00,2.55,18085.0,United Kingdom
538524,22615,PACK OF 12 CIRCUS PARADE TISSUES ,1,2010-12-13 09:35:00,0.85,,United Kingdom
539978,22469,HEART OF WICKER SMALL,40,2010-12-23 14:06:00,1.45,13165.0,United Kingdom
539181,22136,LOVE HEART SOCK HANGER,1,2010-12-16 11:51:00,1.65,12748.0,United Kingdom
539654,21260,FIRST AID TIN,12,2010-12-20 17:05:00,3.25,17340.0,United Kingdom
539492,22777,GLASS CLOCHE LARGE,2,2010-12-20 10:14:00,16.98,,United Kingdom
540977,85034C,3 ROSE MORRIS BOXED CANDLES,1,2011-01-12 15:01:00,3.36,,United Kingdom
540977,21112,"SWISS ROLL TOWEL, PINK  SPOTS",7,2011-01-12 15:01:00,2.51,,United Kingdom
541422,84032A,CHARLIE+LOLA PINK HOT WATER BOTTLE,2,2011-01-17 17:48:00,3.29,,United Kingdom
541827,22798,ANTIQUE GLASS DRESSING TABLE POT,1,2011-01-21 17:05:00,5.79,,United Kingdom
541424,84970S,HANGING HEART ZINC T-LIGHT HOLDER,1,2011-01-17 17:57:00,2.08,,United Kingdom
542265,84974,S/2 ZINC HEART DESIGN PLANTERS,1,2011-01-26 17:27:00,9.95,15867.0,United Kingdom
540848,22476,EMPIRE UNION JACK TV DINNER TRAY,1,2011-01-12 09:26:00,11.02,,United Kingdom
538849,20713,JUMBO BAG OWLS,7,2010-12-14 13:31:00,1.95,14415.0,United Kingdom
538868,22440,BALLOON WATER BOMB PACK OF 35,40,2010-12-14 14:42:00,0.42,17017.0,United Kingdom
542255,22432,WATERING CAN PINK BUNNY,1,2011-01-26 16:43:00,4.13,,United Kingdom
538509,22437,SET OF 9 BLACK SKULL BALLOONS,12,2010-12-12 13:37:00,0.85,14413.0,United Kingdom
540687,20617,FIRST CLASS PASSPORT COVER ,2,2011-01-10 17:18:00,2.1,15867.0,United Kingdom
539835,22355,CHARLOTTE BAG SUKI DESIGN,10,2010-12-22 13:39:00,0.85,16477.0,United Kingdom
538638,22158,3 HEARTS HANGING DECORATION RUSTIC,2,2010-12-13 14:16:00,2.95,17231.0,United Kingdom
541486,84459B,YELLOW METAL CHICKEN HEART ,2,2011-01-18 13:15:00,1.49,18109.0,United Kingdom
540523,22624,IVORY KITCHEN SCALES,1,2011-01-09 12:51:00,8.5,13069.0,United Kingdom
539735,21481,FAWN BLUE HOT WATER BOTTLE,4,2010-12-21 15:17:00,6.77,,United Kingdom
540859,84375,SET OF 20 KIDS COOKIE CUTTERS,4,2011-01-12 10:58:00,2.1,17965.0,United Kingdom
539434,22111,SCOTTIE DOG HOT WATER BOTTLE,1,2010-12-17 14:41:00,11.02,,United Kingdom
540551,21200,MULTICOLOUR HONEYCOMB PAPER GARLAND,2,2011-01-10 09:43:00,1.66,,United Kingdom
540848,21264,WHITE GOOSE FEATHER TREE 60CM ,1,2011-01-12 09:26:00,5.91,,United Kingdom
541423,22574,HEART WOODEN CHRISTMAS DECORATION,1,2011-01-17 17:54:00,1.63,,United Kingdom
541592,21981,PACK OF 12 WOODLAND TISSUES ,12,2011-01-19 15:08:00,0.83,,United Kingdom
541421,21930,JUMBO STORAGE BAG SKULLS,2,2011-01-17 17:44:00,4.13,,United Kingdom
540803,22667,RECIPE BOX RETROSPOT ,2,2011-01-11 12:30:00,2.95,14669.0,United Kingdom
539988,22149,FELTCRAFT 6 FLOWER FRIENDS,1,2010-12-23 16:06:00,2.1,18116.0,United Kingdom
540750,20712,JUMBO BAG WOODLAND ANIMALS,10,2011-01-11 10:26:00,1.95,16351.0,United Kingdom
539047,22909,SET OF 20 VINTAGE CHRISTMAS NAPKINS,48,2010-12-15 16:03:00,0.85,15290.0,United Kingdom
540473,21726,MULTI HEARTS  STICKERS,3,2011-01-07 14:31:00,0.85,17284.0,United Kingdom
541215,84992,72 SWEETHEART FAIRY CAKE CASES,24,2011-01-14 13:42:00,0.55,14329.0,United Kingdom
541421,22099,CARAVAN SQUARE TISSUE BOX,1,2011-01-17 17:44:00,2.46,,United Kingdom
541485,84970S,HANGING HEART ZINC T-LIGHT HOLDER,1,2011-01-18 13:05:00,0.85,18118.0,United Kingdom
542192,84231,EASTER BUNNY WITH BASKET ON BACK,10,2011-01-26 11:27:00,0.65,14049.0,United Kingdom
542128,20704,MR ROBOT SOFT TOY,8,2011-01-25 15:13:00,1.95,12609.0,Germany
539336,85061W,WHITE JEWELLED HEART DECORATION,24,2010-12-17 10:34:00,0.85,17790.0,United Kingdom
541565,21259,VICTORIAN SEWING BOX SMALL ,1,2011-01-19 11:48:00,5.95,14527.0,United Kingdom
540508,85099F,JUMBO BAG STRAWBERRY,5,2011-01-09 11:20:00,1.95,14810.0,United Kingdom
541875,22040,BOTANICAL ROSE GIFT WRAP,25,2011-01-24 10:01:00,0.42,16558.0,United Kingdom
541104,84356,POMPOM CURTAIN,3,2011-01-13 14:29:00,5.79,,United Kingdom
539005,22834,HAND WARMER BABUSHKA DESIGN,24,2010-12-15 12:47:00,0.85,16638.0,United Kingdom
541223,22203,MILK PAN RED RETROSPOT,1,2011-01-14 14:39:00,3.75,17954.0,United Kingdom
540862,21584,RETROSPOT SMALL TUBE MATCHES,2,2011-01-12 11:18:00,1.65,15953.0,United Kingdom
539988,84050,PINK HEART SHAPE EGG FRYING PAN,2,2010-12-23 16:06:00,1.65,18116.0,United Kingdom
540355,22074,6 RIBBONS SHIMMERING PINKS ,2,2011-01-06 15:11:00,2.51,,United Kingdom
539492,22355,CHARLOTTE BAG SUKI DESIGN,2,2010-12-20 10:14:00,1.66,,United Kingdom
541843,21382,SET/4 SPRING FLOWER DECORATION,4,2011-01-23 12:08:00,2.95,13659.0,United Kingdom
541423,84968D,SET OF 16 VINTAGE RED CUTLERY,2,2011-01-17 17:54:00,8.29,,United Kingdom
539308,22752,SET 7 BABUSHKA NESTING BOXES,2,2010-12-16 17:48:00,8.5,17412.0,United Kingdom
539491,21981,PACK OF 12 WOODLAND TISSUES ,12,2010-12-20 10:09:00,0.29,14646.0,Netherlands
538917,48188,DOORMAT WELCOME PUPPIES,1,2010-12-15 10:57:00,7.95,17449.0,United Kingdom
539728,22560,TRADITIONAL MODELLING CLAY,24,2010-12-21 14:26:00,1.25,16270.0,United Kingdom
541969,22073,RED RETROSPOT STORAGE JAR,3,2011-01-24 13:46:00,7.46,,United Kingdom
540995,85131D,BEADED CRYSTAL HEART PINK ON STICK,2,2011-01-13 09:30:00,0.83,,United Kingdom
538524,DOT,DOTCOM POSTAGE,1,2010-12-13 09:35:00,641.86,,United Kingdom
541516,21908,CHOCOLATE THIS WAY METAL SIGN,1,2011-01-18 17:34:00,4.13,,United Kingdom
540859,22567,20 DOLLY PEGS RETROSPOT,3,2011-01-12 10:58:00,1.25,17965.0,United Kingdom
542246,21716,BOYS VINTAGE TIN SEASIDE BUCKET,8,2011-01-26 15:31:00,2.55,15227.0,United Kingdom
541810,22195,LARGE HEART MEASURING SPOONS,1,2011-01-21 15:00:00,3.29,,United Kingdom
541423,84970S,HANGING HEART ZINC T-LIGHT HOLDER,1,2011-01-17 17:54:00,2.08,,United Kingdom
538880,20941,FROG CANDLE,2,2010-12-14 15:52:00,2.51,,United Kingdom
538850,22621,TRADITIONAL KNITTING NANCY,12,2010-12-14 13:31:00,1.45,16499.0,United Kingdom
538649,22694,WICKER STAR ,2,2010-12-13 15:03:00,2.1,,United Kingdom
539462,22636,CHILDS BREAKFAST SET CIRCUS PARADE,2,2010-12-19 11:19:00,8.5,14032.0,United Kingdom
540352,90040B,MURANO STYLE GLASS BRACELET BLACK,1,2011-01-06 14:27:00,3.81,,United Kingdom
541696,22062,CERAMIC BOWL WITH LOVE HEART DESIGN,1,2011-01-20 18:08:00,5.79,,United Kingdom
538880,71477,COLOUR GLASS. STAR T-LIGHT HOLDER,1,2010-12-14 15:52:00,6.77,,United Kingdom
538637,84947,ANTIQUE SILVER TEA GLASS ENGRAVED,6,2010-12-13 13:52:00,1.25,17611.0,United Kingdom
541370,21327,SKULLS WRITING SET ,12,2011-01-17 14:51:00,1.65,18179.0,United Kingdom
541664,22138,BAKING SET 9 PIECE RETROSPOT ,4,2011-01-20 12:23:00,4.95,17862.0,United Kingdom
541592,85203,HANGING WOOD AND FELT BUTTERFLY ,11,2011-01-19 15:08:00,0.42,,United Kingdom
538880,22424,ENAMEL BREAD BIN CREAM,1,2010-12-14 15:52:00,25.49,,United Kingdom
541424,21876,POTTERING MUG,1,2011-01-17 17:57:00,1.63,,United Kingdom
541835,22766,PHOTO FRAME CORNICE,4,2011-01-23 10:15:00,2.95,17243.0,United Kingdom
542276,21260,FIRST AID TIN,12,2011-01-27 10:19:00,3.25,12764.0,Lebanon
539639,22900, SET 2 TEA TOWELS I LOVE LONDON ,2,2010-12-20 15:26:00,2.95,14083.0,United Kingdom
540968,84836,ZINC METAL HEART DECORATION,7,2011-01-12 13:40:00,1.25,17338.0,United Kingdom
539255,22028,PENNY FARTHING BIRTHDAY CARD,12,2010-12-16 14:26:00,0.42,16316.0,United Kingdom
C538874,82494L,WOODEN FRAME ANTIQUE WHITE ,-1,2010-12-14 15:16:00,2.95,12867.0,United Kingdom
542087,22722,SET OF 6 SPICE TINS PANTRY DESIGN,4,2011-01-25 12:35:00,3.95,14849.0,United Kingdom
539708,20682,RED RETROSPOT CHILDRENS UMBRELLA,1,2010-12-21 12:18:00,6.77,,United Kingdom
541987,22094,RED RETROSPOT TISSUE BOX,3,2011-01-24 16:05:00,1.25,14130.0,United Kingdom
540640,22762,CUPBOARD 3 DRAWER MA CAMPAGNE,1,2011-01-10 12:36:00,14.95,14527.0,United Kingdom
538877,20711,JUMBO BAG TOYS ,1,2010-12-14 15:29:00,4.21,,United Kingdom
539075,47580,TEA TIME DES TEA COSY,3,2010-12-15 17:28:00,2.55,17189.0,United Kingdom
541115,22301,COFFEE MUG CAT + BIRD DESIGN,12,2011-01-13 15:34:00,2.55,12578.0,Italy
C538874,21877,HOME SWEET HOME MUG,-2,2010-12-14 15:16:00,1.25,12867.0,United Kingdom
540352,21219,SET/4 BADGES BALLOON GIRL,7,2011-01-06 14:27:00,0.85,,United Kingdom
538533,85227,SET OF 6 3D KIT CARDS FOR KIDS,1,2010-12-13 10:31:00,0.85,14796.0,United Kingdom
541827,22385,JUMBO BAG SPACEBOY DESIGN,1,2011-01-21 17:05:00,4.13,,United Kingdom
538860,22197,SMALL POPCORN HOLDER,20,2010-12-14 14:02:00,0.85,17757.0,United Kingdom
539718,20886,BOX OF 9 PEBBLE CANDLES,1,2010-12-21 13:06:00,4.21,,United Kingdom
540856,22726,ALARM CLOCK BAKELIKE GREEN,4,2011-01-12 10:16:00,3.75,16655.0,United Kingdom
541592,22470,HEART OF WICKER LARGE,2,2011-01-19 15:08:00,5.79,,United Kingdom
538349,84931A,PINK SCOTTIE DOG W FLOWER PATTERN,1,2010-12-10 14:59:00,5.06,,United Kingdom
539856,22360,GLASS JAR ENGLISH CONFECTIONERY,1,2010-12-22 14:41:00,0.0,,United Kingdom
540993,62086A,PINK RETRO BIG FLOWER BAG,6,2011-01-13 09:23:00,1.95,13284.0,United Kingdom
539590,85035B,CHOCOLATE 3 WICK MORRIS BOX CANDLE,36,2010-12-20 13:21:00,1.25,14733.0,United Kingdom
540352,22988,SOLDIERS EGG CUP ,1,2011-01-06 14:27:00,2.51,,United Kingdom
540355,22745,POPPY'S PLAYHOUSE BEDROOM ,1,2011-01-06 15:11:00,3.36,,United Kingdom
539920,22483,RED GINGHAM TEDDY BEAR ,2,2010-12-23 11:06:00,2.95,14085.0,United Kingdom
539245,22785,SQUARECUSHION COVER PINK UNION FLAG,1,2010-12-16 13:25:00,6.75,,United Kingdom
539736,71053,WHITE METAL LANTERN,1,2010-12-21 15:18:00,8.47,,United Kingdom
538525,22423,REGENCY CAKESTAND 3 TIER,10,2010-12-13 09:39:00,12.75,12540.0,Spain
540013,22763,KEY CABINET MA CAMPAGNE,1,2011-01-04 11:30:00,9.95,16255.0,United Kingdom
542428,21715,GIRLS VINTAGE TIN SEASIDE BUCKET,64,2011-01-28 10:00:00,2.55,17404.0,Sweden
539958,21879,HEARTS GIFT TAPE,16,2010-12-23 13:26:00,0.43,,United Kingdom
540355,22078,RIBBON REEL LACE DESIGN ,2,2011-01-06 15:11:00,4.81,,United Kingdom
542106,22423,REGENCY CAKESTAND 3 TIER,32,2011-01-25 13:37:00,10.95,12709.0,Germany
540459,22729,ALARM CLOCK BAKELIKE ORANGE,12,2011-01-07 12:35:00,3.75,16191.0,United Kingdom
541997,85049D,BRIGHT BLUES RIBBONS ,6,2011-01-25 10:38:00,1.25,18077.0,United Kingdom
541660,22189,CREAM HEART CARD HOLDER,3,2011-01-20 12:20:00,3.95,17787.0,United Kingdom
539321,84388,WISE MAN STAR SHAPE EGG PAN,1,2010-12-16 19:19:00,1.65,14723.0,United Kingdom
541847,22295,HEART FILIGREE DOVE LARGE,12,2011-01-23 13:25:00,1.65,15443.0,United Kingdom
541497,22216,T-LIGHT HOLDER WHITE LACE,5,2011-01-18 15:19:00,0.79,,United Kingdom
540551,90014B,GOLD M PEARL  ORBIT NECKLACE,1,2011-01-10 09:43:00,10.62,,United Kingdom
542057,21324,HANGING MEDINA LANTERN SMALL,2,2011-01-25 11:57:00,2.95,15967.0,United Kingdom
540260,21868,POTTING SHED TEA MUG,12,2011-01-06 09:40:00,1.25,13097.0,United Kingdom
541696,20978,36 PENCILS TUBE SKULLS,1,2011-01-20 18:08:00,2.46,,United Kingdom
540359,20974,12 PENCILS SMALL TUBE SKULL,48,2011-01-06 15:29:00,0.65,18041.0,United Kingdom
540481,22080,RIBBON REEL POLKADOTS ,10,2011-01-07 15:42:00,1.65,16955.0,United Kingdom
541285,22138,BAKING SET 9 PIECE RETROSPOT ,3,2011-01-17 12:45:00,4.95,13001.0,United Kingdom
542303,22960,JAM MAKING SET WITH JARS,6,2011-01-27 11:05:00,4.25,12539.0,Spain
541518,20728,LUNCH BAG CARS BLUE,10,2011-01-19 09:05:00,1.65,12451.0,Switzerland
541104,22438,BALLOON ART MAKE YOUR OWN FLOWERS,9,2011-01-13 14:29:00,1.63,,United Kingdom
539050,22403,MAGNETS PACK OF 4 VINTAGE LABELS ,1,2010-12-15 16:21:00,1.25,12577.0,France
542113,22891,TEA FOR ONE POLKADOT,3,2011-01-25 13:55:00,4.25,14341.0,United Kingdom
541864,21932,SCANDINAVIAN PAISLEY PICNIC BAG,50,2011-01-23 16:17:00,2.55,13798.0,United Kingdom
540554,85180A,RED HEARTS LIGHT CHAIN ,12,2011-01-10 09:55:00,1.25,18171.0,United Kingdom
541873,21463,MIRRORED DISCO BALL ,2,2011-01-24 09:52:00,5.95,14368.0,United Kingdom
542401,21498,RED RETROSPOT WRAP ,25,2011-01-27 15:51:00,0.42,14541.0,United Kingdom
540026,72817,SET OF 2 CHRISTMAS DECOUPAGE CANDLE,2,2011-01-04 13:25:00,1.66,,United Kingdom
541843,22758,LARGE PURPLE BABUSHKA NOTEBOOK  ,12,2011-01-23 12:08:00,1.25,13659.0,United Kingdom
541424,21026,SPACE OWL,3,2011-01-17 17:57:00,0.83,,United Kingdom
541855,22457,NATURAL SLATE HEART CHALKBOARD ,2,2011-01-23 14:59:00,2.95,13742.0,United Kingdom
538638,22154,ANGEL DECORATION 3 BUTTONS ,6,2010-12-13 14:16:00,0.42,17231.0,United Kingdom
541015,84879,ASSORTED COLOUR BIRD ORNAMENT,8,2011-01-13 11:57:00,1.69,16315.0,United Kingdom
540642,22139,RETROSPOT TEA SET CERAMIC 11 PC ,3,2011-01-10 13:22:00,4.95,12681.0,France
540468,22325,MOBILE VINTAGE HEARTS ,3,2011-01-07 13:55:00,3.36,,United Kingdom
540568,22087,PAPER BUNTING WHITE LACE,8,2011-01-10 11:22:00,2.95,15039.0,United Kingdom
542065,21359,RELAX LARGE WOOD LETTERS,1,2011-01-25 12:03:00,15.95,14527.0,United Kingdom
542278,21794,CLASSIC FRENCH STYLE BASKET NATURAL,12,2011-01-27 10:43:00,6.75,14911.0,EIRE
540023,22198,LARGE POPCORN HOLDER ,2,2011-01-04 12:58:00,1.65,15039.0,United Kingdom
541424,22802,FAUX FUR CHOCOLATE THROW,1,2011-01-17 17:57:00,16.63,,United Kingdom
540646,21169,YOU'RE CONFUSING ME METAL SIGN ,1,2011-01-10 14:32:00,4.21,,United Kingdom
541811,22195,LARGE HEART MEASURING SPOONS,2,2011-01-21 15:01:00,3.29,,United Kingdom
539595,37450,CERAMIC CAKE BOWL + HANGING CAKES,4,2010-12-20 13:43:00,5.91,,United Kingdom
538634,22739,RIBBON REEL CHRISTMAS SOCK BAUBLE,10,2010-12-13 13:28:00,1.65,14085.0,United Kingdom
539075,22030,SWALLOWS GREETING CARD,12,2010-12-15 17:28:00,0.42,17189.0,United Kingdom
538873,22734,amazon sales,20,2010-12-14 15:13:00,0.0,,United Kingdom
540418,21618,4 WILDFLOWER BOTANICAL CANDLES,3,2011-01-07 11:04:00,2.51,,United Kingdom
541421,21205,MULTICOLOUR 3D BALLS GARLAND,2,2011-01-17 17:44:00,2.46,,United Kingdom
542408,22384,LUNCH BAG PINK POLKADOT,10,2011-01-27 16:29:00,1.65,13280.0,United Kingdom
C538763,22107,PIZZA PLATE IN BOX,-8,2010-12-14 11:33:00,3.75,17722.0,United Kingdom
541784,22897,OVEN MITT APPLES DESIGN,6,2011-01-21 12:37:00,1.45,17277.0,United Kingdom
539451,21485,RETROSPOT HEART HOT WATER BOTTLE,3,2010-12-17 16:59:00,11.02,,United Kingdom
541696,20801,LARGE PINK GLASS SUNDAE DISH,8,2011-01-20 18:08:00,2.46,,United Kingdom
539317,22955,36 FOIL STAR CAKE CASES ,1,2010-12-16 19:04:00,2.1,17392.0,United Kingdom
541969,22185,SLATE TILE NATURAL HANGING,1,2011-01-24 13:46:00,3.29,,United Kingdom
541256,22249,DECORATION WHITE CHICK MAGIC GARDEN,12,2011-01-16 14:36:00,0.85,13048.0,United Kingdom
540681,84032A,CHARLIE+LOLA PINK HOT WATER BOTTLE,1,2011-01-10 16:25:00,3.36,,United Kingdom
540995,85169D,PINK LOVE BIRD CANDLE,15,2011-01-13 09:30:00,0.83,,United Kingdom
540278,82581,TOILET METAL SIGN,1,2011-01-06 12:31:00,0.55,15719.0,United Kingdom
538421,47593A,CAROUSEL PONIES BABY BIB,2,2010-12-12 12:08:00,1.25,17917.0,United Kingdom
541516,21948,SET OF 6 CAKE CHOPSTICKS,1,2011-01-18 17:34:00,1.25,,United Kingdom
541497,35095B,RED VICTORIAN FABRIC OVAL BOX,1,2011-01-18 15:19:00,0.83,,United Kingdom
541809,85123a,WHITE HANGING HEART T-LIGHT HOLDER,1,2011-01-21 14:58:00,6.63,,United Kingdom
540255,21555,CERAMIC STRAWBERRY TRINKET TRAY,1,2011-01-05 16:50:00,2.51,,United Kingdom
539631,84949,SILVER HANGING T-LIGHT HOLDER,5,2010-12-20 15:03:00,3.36,,United Kingdom
540568,22676,FRENCH BLUE METAL DOOR SIGN 1,2,2011-01-10 11:22:00,1.25,15039.0,United Kingdom
538942,82001S,VINYL RECORD FRAME SILVER,1,2010-12-15 11:14:00,3.75,17346.0,United Kingdom
539294,72349B,SET/6 PURPLE BUTTERFLY T-LIGHTS,1,2010-12-16 16:45:00,2.1,15532.0,United Kingdom
542274,22459,CAST IRON HOOK GARDEN TROWEL,8,2011-01-27 10:02:00,2.55,16782.0,United Kingdom
538832,22692,DOORMAT WELCOME TO OUR HOME,2,2010-12-14 13:03:00,7.95,17158.0,United Kingdom
538991,20728,LUNCH BAG CARS BLUE,100,2010-12-15 11:53:00,1.45,17511.0,United Kingdom
540468,22134,MINI LADLE LOVE HEART RED ,10,2011-01-07 13:55:00,0.43,,United Kingdom
541130,20978,36 PENCILS TUBE SKULLS,1,2011-01-14 10:15:00,2.46,,United Kingdom
541423,21616,4 PEAR BOTANICAL DINNER CANDLES,1,2011-01-17 17:54:00,2.46,,United Kingdom
539436,21642,ASSORTED TUTTI FRUTTI PEN,1,2010-12-17 14:49:00,1.66,,United Kingdom
539453,22534,MAGIC DRAWING SLATE SPACEBOY ,1,2010-12-17 17:08:00,0.85,,United Kingdom
C542273,21936,RED RETROSPOT PICNIC BAG,-2,2011-01-27 10:01:00,2.95,12578.0,Italy
541830,82486,WOOD S/3 CABINET ANT WHITE FINISH,1,2011-01-21 17:09:00,15.79,,United Kingdom
540848,82613C,"METAL SIGN,CUPCAKE SINGLE HOOK",8,2011-01-12 09:26:00,0.85,,United Kingdom
541969,72351B,SET/6 PINK  BUTTERFLY T-LIGHTS,1,2011-01-24 13:46:00,4.13,,United Kingdom
539595,22317,FIVE CATS HANGING DECORATION,1,2010-12-20 13:43:00,5.91,,United Kingdom
541513,85036B,CHOCOLATE 1 WICK MORRIS BOX CANDLE,12,2011-01-18 16:52:00,1.25,17576.0,United Kingdom
538809,21791,VINTAGE HEADS AND TAILS CARD GAME ,24,2010-12-14 12:17:00,1.25,15514.0,United Kingdom
540471,21755,LOVE BUILDING BLOCK WORD,12,2011-01-07 14:21:00,5.95,15601.0,United Kingdom
542344,22728,ALARM CLOCK BAKELIKE PINK,1,2011-01-27 11:30:00,7.46,,United Kingdom
539985,20966,SANDWICH BATH SPONGE,50,2010-12-23 15:16:00,1.25,15856.0,United Kingdom
538379,48187,DOORMAT NEW ENGLAND,1,2010-12-12 11:26:00,7.95,17126.0,United Kingdom
539437,22042,CHRISTMAS CARD SINGING ANGEL,1,2010-12-17 14:54:00,0.43,,United Kingdom
540977,22356,CHARLOTTE BAG PINK POLKADOT,2,2011-01-12 15:01:00,1.66,,United Kingdom
541995,84997C,BLUE 3 PIECE POLKADOT CUTLERY SET,6,2011-01-25 09:58:00,3.75,13158.0,United Kingdom
C542262,21843,RED RETROSPOT CAKE STAND,-1,2011-01-26 17:15:00,10.95,17591.0,United Kingdom
541839,21915,RED  HARMONICA IN BOX ,3,2011-01-23 11:15:00,1.25,17769.0,United Kingdom
539731,22856,ASSORTED EASTER DECORATIONS  BELLS,288,2010-12-21 15:05:00,1.06,14646.0,Netherlands
538513,22111,SCOTTIE DOG HOT WATER BOTTLE,2,2010-12-12 14:21:00,4.95,15454.0,United Kingdom
538349,22749,FELTCRAFT PRINCESS CHARLOTTE DOLL,1,2010-12-10 14:59:00,7.62,,United Kingdom
540859,22150,3 STRIPEY MICE FELTCRAFT,6,2011-01-12 10:58:00,1.95,17965.0,United Kingdom
538566,22649,STRAWBERRY FAIRY CAKE TEAPOT,1,2010-12-13 11:21:00,11.02,,United Kingdom
541866,22931,BAKING MOULD HEART WHITE CHOCOLATE,6,2011-01-24 09:25:00,2.55,16477.0,United Kingdom
538524,21786,POLKADOT RAIN HAT ,10,2010-12-13 09:35:00,0.85,,United Kingdom
541018,21166,COOK WITH WINE METAL SIGN ,2,2011-01-13 12:03:00,1.95,14978.0,United Kingdom
541827,22325,MOBILE VINTAGE HEARTS ,1,2011-01-21 17:05:00,3.29,,United Kingdom
541848,21679,SKULLS  STICKERS,6,2011-01-23 13:31:00,0.85,17611.0,United Kingdom
541987,22626,BLACK KITCHEN SCALES,1,2011-01-24 16:05:00,8.5,14130.0,United Kingdom
542134,22457,NATURAL SLATE HEART CHALKBOARD ,6,2011-01-25 16:36:00,2.95,15189.0,United Kingdom
542344,82580,BATHROOM METAL SIGN,2,2011-01-27 11:30:00,1.25,,United Kingdom
541423,22248,DECORATION  PINK CHICK MAGIC GARDEN,3,2011-01-17 17:54:00,0.79,,United Kingdom
539434,22287,"DECORATION , WOBBLY CHICKEN, METAL ",1,2010-12-17 14:41:00,3.36,,United Kingdom
539053,85038,6 CHOCOLATE LOVE HEART T-LIGHTS,2,2010-12-15 16:32:00,2.1,16725.0,United Kingdom
539010,20726,LUNCH BAG WOODLAND,2,2010-12-15 13:24:00,1.65,15005.0,United Kingdom
538883,20658,RED RETROSPOT LUGGAGE TAG,2,2010-12-14 15:56:00,2.51,,United Kingdom
541253,22470,HEART OF WICKER LARGE,1,2011-01-16 13:51:00,2.95,17841.0,United Kingdom
539455,21789,KIDS RAIN MAC PINK,3,2010-12-17 17:17:00,0.85,12748.0,United Kingdom
C538971,22153,ANGEL DECORATION STARS ON DRESS,-48,2010-12-15 11:39:00,0.42,12865.0,Austria
540798,47566,PARTY BUNTING,6,2011-01-11 12:11:00,4.65,17365.0,United Kingdom
541497,22808,SET OF 6 T-LIGHTS EASTER CHICKS,1,2011-01-18 15:19:00,5.79,,United Kingdom
541592,22558,CLOTHES PEGS RETROSPOT PACK 24 ,4,2011-01-19 15:08:00,2.46,,United Kingdom
538566,22209,WOOD STAMP SET HAPPY BIRTHDAY,1,2010-12-13 11:21:00,3.36,,United Kingdom
538507,21819,GLITTER CHRISTMAS STAR ,10,2010-12-12 13:26:00,0.85,15547.0,United Kingdom
539254,22557,PLASTERS IN TIN VINTAGE PAISLEY ,24,2010-12-16 14:25:00,1.65,13199.0,United Kingdom
541497,21421,PORCELAIN ROSE LARGE ,1,2011-01-18 15:19:00,3.29,,United Kingdom
539469,22897,OVEN MITT APPLES DESIGN,2,2010-12-19 13:59:00,1.45,17841.0,United Kingdom
540458,22352,LUNCH BOX WITH CUTLERY RETROSPOT ,6,2011-01-07 12:28:00,2.55,12501.0,Germany
539735,22961,JAM MAKING SET PRINTED,2,2010-12-21 15:17:00,3.36,,United Kingdom
541871,22616,PACK OF 12 LONDON TISSUES ,1,2011-01-24 09:41:00,0.83,,United Kingdom
538651,72598,SET/12 TAPER CANDLES,3,2010-12-13 15:07:00,0.85,15311.0,United Kingdom
538351,22746,POPPY'S PLAYHOUSE LIVINGROOM ,1,2010-12-10 15:17:00,5.06,,United Kingdom
538883,47566,PARTY BUNTING,1,2010-12-14 15:56:00,9.32,,United Kingdom
540859,22804,CANDLEHOLDER PINK HANGING HEART,2,2011-01-12 10:58:00,2.95,17965.0,United Kingdom
540255,21154,RED RETROSPOT OVEN GLOVE ,2,2011-01-05 16:50:00,2.51,,United Kingdom
538880,82483,WOOD 2 DRAWER CABINET WHITE FINISH,1,2010-12-14 15:52:00,12.72,,United Kingdom
541104,35810A,ENAMEL PINK COFFEE CONTAINER,2,2011-01-13 14:29:00,4.13,,United Kingdom
539470,22461,SAVOY ART DECO CLOCK,1,2010-12-19 14:03:00,12.75,14472.0,United Kingdom
541827,21195,PINK  HONEYCOMB PAPER BALL ,15,2011-01-21 17:05:00,1.63,,United Kingdom
541570,22254,FELT TOADSTOOL LARGE,192,2011-01-19 12:34:00,1.06,14646.0,Netherlands
538349,84029G,KNITTED UNION FLAG HOT WATER BOTTLE,3,2010-12-10 14:59:00,7.62,,United Kingdom
539075,22371,AIRLINE BAG VINTAGE TOKYO 78,1,2010-12-15 17:28:00,4.25,17189.0,United Kingdom
539434,22577,WOODEN HEART CHRISTMAS SCANDINAVIAN,2,2010-12-17 14:41:00,1.66,,United Kingdom
540026,21708,FOLDING UMBRELLA CREAM POLKADOT,2,2011-01-04 13:25:00,3.36,,United Kingdom
540471,21506,"FANCY FONT BIRTHDAY CARD, ",12,2011-01-07 14:21:00,0.42,15601.0,United Kingdom
541219,22210,WOOD STAMP SET BEST WISHES,2,2011-01-14 14:06:00,1.63,,United Kingdom
539492,21829,DINOSAUR KEYRINGS ASSORTED,2,2010-12-20 10:14:00,0.43,,United Kingdom
541103,22326,ROUND SNACK BOXES SET OF4 WOODLAND ,6,2011-01-13 14:24:00,2.95,14215.0,United Kingdom
540468,21027,NINJA RABBIT PINK,1,2011-01-07 13:55:00,0.85,,United Kingdom
539434,22697,GREEN REGENCY TEACUP AND SAUCER,5,2010-12-17 14:41:00,5.91,,United Kingdom
538894,22158,3 HEARTS HANGING DECORATION RUSTIC,2,2010-12-14 17:22:00,2.95,16161.0,United Kingdom
541999,22530,MAGIC DRAWING SLATE DOLLY GIRL ,1,2011-01-25 10:45:00,0.83,,United Kingdom
541711,22962,JAM JAR WITH PINK LID,24,2011-01-21 11:18:00,0.85,14646.0,Netherlands
540782,22701,PINK DOG BOWL,6,2011-01-11 11:32:00,2.95,15370.0,United Kingdom
539436,22042,CHRISTMAS CARD SINGING ANGEL,2,2010-12-17 14:49:00,0.43,,United Kingdom
541516,22403,MAGNETS PACK OF 4 VINTAGE LABELS ,2,2011-01-18 17:34:00,0.83,,United Kingdom
539446,21731,RED TOADSTOOL LED NIGHT LIGHT,12,2010-12-17 15:58:00,1.65,12705.0,Germany
540681,22250,DECORATION  BUTTERFLY  MAGIC GARDEN,3,2011-01-10 16:25:00,0.81,,United Kingdom
540352,85053,FRENCH ENAMEL CANDLEHOLDER,2,2011-01-06 14:27:00,4.21,,United Kingdom
541256,22730,ALARM CLOCK BAKELIKE IVORY,2,2011-01-16 14:36:00,3.75,13048.0,United Kingdom
540415,22090,PAPER BUNTING RETROSPOT,6,2011-01-07 10:47:00,2.95,16889.0,United Kingdom
539098,22907,PACK OF 20 NAPKINS PANTRY DESIGN,12,2010-12-16 10:28:00,0.85,14841.0,United Kingdom
541849,85123A,WHITE HANGING HEART T-LIGHT HOLDER,1,2011-01-23 13:34:00,2.95,13230.0,United Kingdom
539631,22906,12 MESSAGE CARDS WITH ENVELOPES,1,2010-12-20 15:03:00,3.36,,United Kingdom
539718,22730,ALARM CLOCK BAKELIKE IVORY,1,2010-12-21 13:06:00,7.62,,United Kingdom
541484,22692,DOORMAT WELCOME TO OUR HOME,4,2011-01-18 12:46:00,7.95,16814.0,United Kingdom
540829,84970L,SINGLE HEART ZINC T-LIGHT HOLDER,24,2011-01-11 14:38:00,0.95,13784.0,United Kingdom
538566,20699,MOUSEY LONG LEGS SOFT TOY,1,2010-12-13 11:21:00,5.06,,United Kingdom
538363,22900, SET 2 TEA TOWELS I LOVE LONDON ,4,2010-12-10 17:14:00,2.95,18016.0,United Kingdom
541516,22184,CAKE STAND VICTORIAN FILIGREE LARGE,3,2011-01-18 17:34:00,8.29,,United Kingdom
540458,21002,ROSE DU SUD DRAWSTRING BAG,3,2011-01-07 12:28:00,4.25,12501.0,Germany
540638,72038P,damages,-990,2011-01-10 12:14:00,0.0,,United Kingdom
539215,22376,AIRLINE BAG VINTAGE JET SET WHITE,1,2010-12-16 12:42:00,4.25,15574.0,United Kingdom
538880,22757,LARGE RED BABUSHKA NOTEBOOK ,1,2010-12-14 15:52:00,2.51,,United Kingdom
542105,22457,NATURAL SLATE HEART CHALKBOARD ,4,2011-01-25 13:35:00,2.95,12854.0,United Kingdom
541592,21494,ROTATING LEAVES T-LIGHT HOLDER,4,2011-01-19 15:08:00,1.63,,United Kingdom
539746,84946,ANTIQUE SILVER TEA GLASS ETCHED,3,2010-12-21 15:22:00,2.51,,United Kingdom
541260,22962,JAM JAR WITH PINK LID,1,2011-01-16 15:44:00,0.85,16059.0,United Kingdom
538653,82486,WOOD S/3 CABINET ANT WHITE FINISH,12,2010-12-13 15:12:00,6.95,13089.0,United Kingdom
538857,22845,VINTAGE CREAM CAT FOOD CONTAINER,3,2010-12-14 13:58:00,6.35,15311.0,United Kingdom
539456,21055,TOOL BOX SOFT TOY ,1,2010-12-17 17:23:00,8.95,16885.0,United Kingdom
538519,22386,JUMBO BAG PINK POLKADOT,1,2010-12-12 16:20:00,1.95,18037.0,United Kingdom
539451,22666,RECIPE BOX PANTRY YELLOW DESIGN,2,2010-12-17 16:59:00,5.91,,United Kingdom
541103,21534,DAIRY MAID LARGE MILK JUG,3,2011-01-13 14:24:00,4.95,14215.0,United Kingdom
540146,84968C,SET OF 16 VINTAGE PISTACHIO CUTLERY,1,2011-01-05 10:51:00,12.75,15002.0,United Kingdom
541497,22371,AIRLINE BAG VINTAGE TOKYO 78,5,2011-01-18 15:19:00,4.13,,United Kingdom
541850,82599,FANNY'S REST STOPMETAL SIGN,1,2011-01-23 13:58:00,2.1,14224.0,United Kingdom
539245,22720,SET OF 3 CAKE TINS PANTRY DESIGN ,1,2010-12-16 13:25:00,4.95,,United Kingdom
540832,84380,SET OF 3 BUTTERFLY COOKIE CUTTERS,9,2011-01-11 14:42:00,3.29,,United Kingdom
540493,85150,LADIES & GENTLEMEN METAL SIGN,6,2011-01-07 16:34:00,2.55,14867.0,United Kingdom
542266,22384,LUNCH BAG PINK POLKADOT,10,2011-01-26 17:37:00,1.65,16918.0,United Kingdom
539010,20973,12 PENCIL SMALL TUBE WOODLAND,4,2010-12-15 13:24:00,0.65,15005.0,United Kingdom
539297,22149,FELTCRAFT 6 FLOWER FRIENDS,6,2010-12-16 17:20:00,2.1,17691.0,United Kingdom
540646,20981,12 PENCILS TALL TUBE WOODLAND,1,2011-01-10 14:32:00,1.66,,United Kingdom
540681,21618,4 WILDFLOWER BOTANICAL CANDLES,1,2011-01-10 16:25:00,2.51,,United Kingdom
540372,21633,SUNFLOWER DECORATIVE PARASOL,12,2011-01-06 16:41:00,3.95,13081.0,United Kingdom
541999,22903,CALENDAR FAMILY FAVOURITES,1,2011-01-25 10:45:00,5.79,,United Kingdom
542057,21448,12 DAISY PEGS IN WOOD BOX,1,2011-01-25 11:57:00,1.65,15967.0,United Kingdom
540848,84828,JUNGLE POPSICLES ICE LOLLY HOLDERS,1,2011-01-12 09:26:00,2.51,,United Kingdom
542109,22112,CHOCOLATE HOT WATER BOTTLE,2,2011-01-25 13:44:00,12.46,,United Kingdom
539436,21990,MODERN FLORAL STATIONERY SET,2,2010-12-17 14:49:00,2.51,,United Kingdom
540265,22858,EASTER TIN KEEPSAKE,6,2011-01-06 10:46:00,1.65,15271.0,United Kingdom
540957,84993A,75 GREEN PETIT FOUR CASES,2,2011-01-12 13:30:00,0.42,15311.0,United Kingdom
538826,21326,AGED GLASS SILVER T-LIGHT HOLDER,24,2010-12-14 12:58:00,0.65,12370.0,Cyprus
538356,22105,MIRROR MOSAIC GOBLET CANDLE HOLDER,4,2010-12-10 15:56:00,4.25,14062.0,United Kingdom
541219,72586,SET OF 6 HALLOWEEN GHOST T-LIGHTS,1,2011-01-14 14:06:00,0.83,,United Kingdom
538863,21865,PINK UNION JACK  PASSPORT COVER ,2,2010-12-14 14:15:00,2.1,16919.0,United Kingdom
542345,22931,BAKING MOULD HEART WHITE CHOCOLATE,1,2011-01-27 11:55:00,2.55,15910.0,United Kingdom
540418,84519A,TOMATO CHARLIE+LOLA COASTER SET,1,2011-01-07 11:04:00,3.36,,United Kingdom
540832,22730,ALARM CLOCK BAKELIKE IVORY,5,2011-01-11 14:42:00,5.79,,United Kingdom
542153,22386,JUMBO BAG PINK POLKADOT,10,2011-01-26 10:33:00,1.95,13534.0,United Kingdom
540639,22630,DOLLY GIRL LUNCH BOX,24,2011-01-10 12:28:00,1.95,13107.0,United Kingdom
539322,82486,WOOD S/3 CABINET ANT WHITE FINISH,1,2010-12-16 19:22:00,7.95,14713.0,United Kingdom
542399,20685,DOORMAT RED RETROSPOT,2,2011-01-27 15:38:00,7.95,15549.0,United Kingdom
541123,85184C,S/4 VALENTINE DECOUPAGE HEART BOX,6,2011-01-14 09:52:00,2.95,13385.0,United Kingdom
540551,85169A,IVORY LOVE BIRD CANDLE,2,2011-01-10 09:43:00,0.85,,United Kingdom
539445,37448,CERAMIC CAKE DESIGN SPOTTED MUG,12,2010-12-17 15:57:00,1.49,17865.0,United Kingdom
540680,20675,BLUE POLKADOT BOWL,1,2011-01-10 16:24:00,1.25,15311.0,United Kingdom
540026,22227,HANGING HEART MIRROR DECORATION ,1,2011-01-04 13:25:00,1.28,,United Kingdom
542399,85049C,ROMANTIC PINKS RIBBONS ,5,2011-01-27 15:38:00,1.25,15549.0,United Kingdom
540352,21027,NINJA RABBIT PINK,2,2011-01-06 14:27:00,0.85,,United Kingdom
540551,22346,PARTY PIZZA DISH GREEN POLKADOT,8,2011-01-10 09:43:00,0.43,,United Kingdom
541699,21773,DECORATIVE ROSE BATHROOM BOTTLE,24,2011-01-21 09:03:00,0.42,17744.0,United Kingdom
538744,85123A,WHITE HANGING HEART T-LIGHT HOLDER,4,2010-12-14 11:26:00,2.95,15356.0,United Kingdom
541406,22838,3 TIER CAKE TIN RED AND CREAM,1,2011-01-17 15:19:00,14.95,14657.0,United Kingdom
540785,84997B,RED 3 PIECE RETROSPOT CUTLERY SET,144,2011-01-11 11:39:00,3.39,12557.0,Spain
538863,20669,RED HEART LUGGAGE TAG,3,2010-12-14 14:15:00,1.25,16919.0,United Kingdom
539984,22623,BOX OF VINTAGE JIGSAW BLOCKS ,3,2010-12-23 14:58:00,4.95,14911.0,EIRE
541262,22021,BLUE FELT EASTER EGG BASKET,1,2011-01-16 15:50:00,1.65,18069.0,United Kingdom
539064,37449,CERAMIC CAKE STAND + HANGING CAKES,1,2010-12-15 16:50:00,9.95,17912.0,United Kingdom
539737,22752,SET 7 BABUSHKA NESTING BOXES,1,2010-12-21 15:19:00,16.98,,United Kingdom
540821,48185,DOORMAT FAIRY CAKE,3,2011-01-11 13:16:00,14.43,,United Kingdom
539451,22131,FOOD CONTAINER SET 3 LOVE HEART ,2,2010-12-17 16:59:00,4.21,,United Kingdom
540183,22423,REGENCY CAKESTAND 3 TIER,16,2011-01-05 13:37:00,10.95,15093.0,United Kingdom
539610,21888,BINGO SET,1,2010-12-20 14:33:00,3.75,14606.0,United Kingdom
540255,21719,LOVELY BONBON STICKER SHEET,1,2011-01-05 16:50:00,1.66,,United Kingdom
541495,72801d,4 SKY BLUE DINNER CANDLES,2,2011-01-18 14:59:00,2.46,,United Kingdom
541875,22704,WRAP RED APPLES ,25,2011-01-24 10:01:00,0.42,16558.0,United Kingdom
542320,85099B,JUMBO BAG RED RETROSPOT,20,2011-01-27 11:15:00,1.95,14040.0,United Kingdom
541422,22379,RECYCLING BAG RETROSPOT ,5,2011-01-17 17:48:00,4.13,,United Kingdom
540268,85152,HAND OVER THE CHOCOLATE   SIGN ,12,2011-01-06 11:25:00,2.1,13458.0,United Kingdom
539317,22089,PAPER BUNTING VINTAGE PAISLEY,1,2010-12-16 19:04:00,2.95,17392.0,United Kingdom
541139,22196,SMALL HEART MEASURING SPOONS,12,2011-01-14 11:05:00,0.85,15213.0,United Kingdom
539451,21915,RED  HARMONICA IN BOX ,4,2010-12-17 16:59:00,2.51,,United Kingdom
540464,21354,TOAST ITS - BEST MUM,12,2011-01-07 13:17:00,1.05,14298.0,United Kingdom
539091,21484,CHICK GREY HOT WATER BOTTLE,12,2010-12-16 09:52:00,3.45,13756.0,United Kingdom
C542138,20975,12 PENCILS SMALL TUBE RED RETROSPOT,-48,2011-01-25 17:21:00,0.65,17368.0,United Kingdom
539747,85099B,JUMBO BAG RED RETROSPOT,1,2010-12-21 15:23:00,4.21,,United Kingdom
542003,21122,SET/10 PINK POLKADOT PARTY CANDLES,5,2011-01-25 11:07:00,1.25,15311.0,United Kingdom
541274,22831,WHITE BROCANTE SOAP DISH,6,2011-01-17 11:24:00,2.95,15696.0,United Kingdom
539044,22878,NUMBER TILE COTTAGE GARDEN No,10,2010-12-15 15:47:00,2.1,15727.0,United Kingdom
539492,48184,DOORMAT ENGLISH ROSE ,1,2010-12-20 10:14:00,14.43,,United Kingdom
541497,85036B,CHOCOLATE 1 WICK MORRIS BOX CANDLE,1,2011-01-18 15:19:00,3.29,,United Kingdom
540640,22700,BLACK AND WHITE DOG BOWL,2,2011-01-10 12:36:00,2.95,14527.0,United Kingdom
539483,20969,RED FLORAL FELTCRAFT SHOULDER BAG,1,2010-12-19 15:31:00,3.75,17218.0,United Kingdom
540014,22414,DOORMAT NEIGHBOURHOOD WITCH ,1,2011-01-04 11:34:00,7.95,14606.0,United Kingdom
542255,85129D,BEADED CRYSTAL HEART PINK SMALL,1,2011-01-26 16:43:00,2.46,,United Kingdom
541830,84951A,SET OF 4 PISTACHIO LOVEBIRD COASTER,1,2011-01-21 17:09:00,1.63,,United Kingdom
538651,84997D,PINK 3 PIECE POLKADOT CUTLERY SET,4,2010-12-13 15:07:00,3.75,15311.0,United Kingdom
539743,48111,DOORMAT 3 SMILEY CATS,1,2010-12-21 15:20:00,14.43,,United Kingdom
538379,22796,PHOTO FRAME 3 CLASSIC HANGING,1,2010-12-12 11:26:00,9.95,17126.0,United Kingdom
539414,21824,PAINTED METAL STAR WITH HOLLY BELLS,3,2010-12-17 13:45:00,1.45,16931.0,United Kingdom
539437,22534,MAGIC DRAWING SLATE SPACEBOY ,2,2010-12-17 14:54:00,0.85,,United Kingdom
541135,22082,RIBBON REEL STRIPES DESIGN ,10,2011-01-14 10:31:00,1.65,16233.0,United Kingdom
542107,21911,GARDEN METAL SIGN ,2,2011-01-25 13:38:00,1.65,16222.0,United Kingdom
540537,21900,"KEY FOB , SHED",3,2011-01-09 14:28:00,0.65,13565.0,United Kingdom
538910,20728,LUNCH BAG CARS BLUE,10,2010-12-15 10:54:00,1.65,17454.0,United Kingdom
541270,21906,PHARMACIE FIRST AID TIN,1,2011-01-17 11:09:00,6.75,14976.0,United Kingdom
538374,84836,ZINC METAL HEART DECORATION,4,2010-12-12 11:17:00,1.25,14159.0,United Kingdom
540405,21212,PACK OF 72 RETROSPOT CAKE CASES,120,2011-01-07 09:50:00,0.42,14828.0,United Kingdom
C539448,20802,SMALL GLASS SUNDAE DISH CLEAR,-36,2010-12-17 16:25:00,0.42,15157.0,United Kingdom
541422,21110,LARGE CAKE TOWEL PINK SPOTS,2,2011-01-17 17:48:00,4.13,,United Kingdom
539610,21630,FLOOR CUSHION ELEPHANT CARNIVAL,1,2010-12-20 14:33:00,8.95,14606.0,United Kingdom
540524,85071C,"CHARLIE+LOLA""EXTREMELY BUSY"" SIGN",4,2011-01-09 12:53:00,2.55,16735.0,United Kingdom
540247,22425,ENAMEL COLANDER CREAM,1,2011-01-05 15:56:00,4.95,15464.0,United Kingdom
538753,22301,COFFEE MUG CAT + BIRD DESIGN,6,2010-12-14 11:29:00,2.55,14901.0,United Kingdom
539262,21873,IF YOU CAN'T STAND THE HEAT MUG,36,2010-12-16 14:35:00,0.42,15789.0,United Kingdom
542409,22470,HEART OF WICKER LARGE,5,2011-01-27 16:30:00,2.95,15311.0,United Kingdom
C540307,M,Manual,-2,2011-01-06 12:58:00,21.95,15823.0,United Kingdom
540977,20615,BLUE POLKADOT PASSPORT COVER,2,2011-01-12 15:01:00,1.66,,United Kingdom
542231,22931,BAKING MOULD HEART WHITE CHOCOLATE,6,2011-01-26 13:40:00,2.55,16714.0,United Kingdom
538378,21484,CHICK GREY HOT WATER BOTTLE,1,2010-12-12 11:26:00,3.45,14577.0,United Kingdom
540513,21485,RETROSPOT HEART HOT WATER BOTTLE,12,2011-01-09 11:41:00,4.95,13758.0,United Kingdom
540275,20713,JUMBO BAG OWLS,10,2011-01-06 12:11:00,1.95,13680.0,United Kingdom
538631,21390,FILIGRIS HEART WITH BUTTERFLY,72,2010-12-13 13:27:00,1.25,13408.0,United Kingdom
539437,22791,T-LIGHT GLASS FLUTED ANTIQUE,3,2010-12-17 14:54:00,2.51,,United Kingdom
538683,22792,FLUTED ANTIQUE CANDLE HOLDER,12,2010-12-13 17:40:00,0.85,14525.0,United Kingdom
539337,22969,HOMEMADE JAM SCENTED CANDLES,24,2010-12-17 10:46:00,1.45,,EIRE
542238,22066,LOVE HEART TRINKET POT,12,2011-01-26 14:35:00,1.45,12591.0,Italy
538917,21730,GLASS STAR FROSTED T-LIGHT HOLDER,1,2010-12-15 10:57:00,4.95,17449.0,United Kingdom
542374,21896,POTTING SHED TWINE,6,2011-01-27 13:40:00,2.1,15696.0,United Kingdom
539958,21884,CAKES AND BOWS GIFT  TAPE,12,2010-12-23 13:26:00,0.43,,United Kingdom
541424,22669,RED BABY BUNTING ,1,2011-01-17 17:57:00,5.79,,United Kingdom
539488,22813,PACK 3 BOXES BIRD PANNETONE ,24,2010-12-20 09:37:00,1.95,12377.0,Switzerland
541123,22500,SET OF 2 TINS JARDIN DE PROVENCE,4,2011-01-14 09:52:00,4.95,13385.0,United Kingdom
541827,22208,WOOD STAMP SET THANK YOU,5,2011-01-21 17:05:00,1.63,,United Kingdom
C542086,22423,REGENCY CAKESTAND 3 TIER,-1,2011-01-25 12:34:00,12.75,18277.0,United Kingdom
539437,84347,ROTATING SILVER ANGELS T-LIGHT HLDR,3,2010-12-17 14:54:00,5.06,,United Kingdom
538517,21164,HOME SWEET HOME METAL SIGN ,4,2010-12-12 16:05:00,2.95,17618.0,United Kingdom
538566,22692,DOORMAT WELCOME TO OUR HOME,4,2010-12-13 11:21:00,14.43,,United Kingdom
541971,90190A,SILVER/CRYSTAL DROP EARRINGS W LEAF,2,2011-01-24 13:48:00,2.9,,United Kingdom
540027,47566,PARTY BUNTING,5,2011-01-04 13:30:00,4.65,14210.0,United Kingdom
539595,22976,CIRCUS PARADE CHILDRENS EGG CUP ,1,2010-12-20 13:43:00,2.51,,United Kingdom
541695,22184,CAKE STAND VICTORIAN FILIGREE LARGE,1,2011-01-20 18:01:00,8.29,,United Kingdom
540524,22629,SPACEBOY LUNCH BOX ,4,2011-01-09 12:53:00,1.95,16735.0,United Kingdom
538509,22637,PIGGY BANK RETROSPOT ,1,2010-12-12 13:37:00,2.55,14413.0,United Kingdom
541965,22423,REGENCY CAKESTAND 3 TIER,16,2011-01-24 13:27:00,10.95,12625.0,Germany
538945,85099B,JUMBO BAG RED RETROSPOT,20,2010-12-15 11:22:00,1.95,17230.0,United Kingdom
539453,21892,TRADITIONAL WOODEN CATCH CUP GAME ,1,2010-12-17 17:08:00,2.51,,United Kingdom
541497,85169B,BLACK LOVE BIRD CANDLE,1,2011-01-18 15:19:00,0.83,,United Kingdom
538877,22077,6 RIBBONS RUSTIC CHARM,16,2010-12-14 15:29:00,4.21,,United Kingdom
541592,85184C,S/4 VALENTINE DECOUPAGE HEART BOX,6,2011-01-19 15:08:00,3.29,,United Kingdom
539434,22807,SET OF 6 T-LIGHTS TOADSTOOLS,1,2010-12-17 14:41:00,5.91,,United Kingdom
540995,48188,DOORMAT WELCOME PUPPIES,1,2011-01-13 09:30:00,14.13,,United Kingdom
540848,17012B,ORIGAMI JASMINE INCENSE/CANDLE SET,1,2011-01-12 09:26:00,2.51,,United Kingdom
539422,22380,TOY TIDY SPACEBOY  ,5,2010-12-17 14:23:00,2.1,13033.0,United Kingdom
538349,85099B,JUMBO BAG RED RETROSPOT,3,2010-12-10 14:59:00,4.21,,United Kingdom
539437,22855,FINE WICKER HEART ,2,2010-12-17 14:54:00,2.51,,United Kingdom
540984,22220,CAKE STAND LOVEBIRD 2 TIER WHITE,1,2011-01-12 15:44:00,9.95,14167.0,United Kingdom
540907,20711,JUMBO BAG TOYS ,10,2011-01-12 11:52:00,1.95,13488.0,United Kingdom
540692,21175,GIN + TONIC DIET METAL SIGN,12,2011-01-11 09:12:00,2.1,14320.0,United Kingdom
545503,21523,DOORMAT FANCY FONT HOME SWEET HOME,2,2011-03-03 11:34:00,7.95,15719.0,United Kingdom
543358,22794,SWEETHEART WIRE MAGAZINE RACK,1,2011-02-07 14:04:00,15.79,,United Kingdom
542521,22469,HEART OF WICKER SMALL,6,2011-01-28 12:28:00,1.65,17965.0,United Kingdom
543629,22196,SMALL HEART MEASURING SPOONS,1,2011-02-10 15:55:00,1.63,,United Kingdom
546007,21888,BINGO SET,1,2011-03-08 15:34:00,7.46,,United Kingdom
546376,22770,MIRROR CORNICE,1,2011-03-11 12:11:00,14.95,13842.0,United Kingdom
543467,72760B,VINTAGE CREAM 3 BASKET CAKE STAND,1,2011-02-08 14:35:00,20.79,,United Kingdom
546944,22786,CUSHION COVER PINK UNION JACK,3,2011-03-18 11:13:00,5.95,14701.0,United Kingdom
542894,22776,SWEETHEART CAKESTAND 3 TIER,1,2011-02-01 13:45:00,9.95,12775.0,Netherlands
545721,85099F,JUMBO BAG STRAWBERRY,10,2011-03-07 10:52:00,1.95,15039.0,United Kingdom
546394,20972,PINK CREAM FELT CRAFT TRINKET BOX ,12,2011-03-11 14:26:00,1.25,17164.0,United Kingdom
545928,22424,ENAMEL BREAD BIN CREAM,1,2011-03-08 11:59:00,12.75,14407.0,United Kingdom
543056,21232,STRAWBERRY CERAMIC TRINKET BOX,24,2011-02-03 10:47:00,1.25,12471.0,Germany
542617,22150,3 STRIPEY MICE FELTCRAFT,1,2011-01-30 15:48:00,1.95,17463.0,United Kingdom
544214,20724,RED RETROSPOT CHARLOTTE BAG,14,2011-02-17 11:19:00,2.46,,United Kingdom
545079,21717,EASTER TIN BUCKET,2,2011-02-28 10:30:00,2.55,18283.0,United Kingdom
543923,22931,BAKING MOULD HEART WHITE CHOCOLATE,6,2011-02-14 14:14:00,2.55,14644.0,United Kingdom
545568,23177,TREASURE ISLAND BOOK BOX,2,2011-03-03 16:22:00,4.58,,United Kingdom
C543635,84949,SILVER HANGING T-LIGHT HOLDER,-6,2011-02-10 16:33:00,1.65,13894.0,United Kingdom
543591,22778,GLASS CLOCHE SMALL,24,2011-02-10 11:46:00,3.39,13854.0,United Kingdom
543048,84536A,ENGLISH ROSE NOTEBOOK A7 SIZE,16,2011-02-03 09:58:00,0.42,12600.0,Germany
544039,22215,CAKE STAND WHITE TWO TIER LACE,1,2011-02-15 11:33:00,8.5,14744.0,United Kingdom
542586,21559,STRAWBERRY LUNCH BOX WITH CUTLERY,6,2011-01-28 15:45:00,2.55,12377.0,Switzerland
543916,22411,JUMBO SHOPPER VINTAGE RED PAISLEY,6,2011-02-14 13:22:00,1.95,,United Kingdom
C543745,85232B,SET OF 3 BABUSHKA STACKING TINS,-3,2011-02-11 13:46:00,4.95,13672.0,United Kingdom
544893,22922,FRIDGE MAGNETS US DINER ASSORTED,12,2011-02-24 12:01:00,0.85,17865.0,United Kingdom
546261,20726,LUNCH BAG WOODLAND,2,2011-03-10 15:01:00,1.65,17841.0,United Kingdom
545191,POST,POSTAGE,1,2011-02-28 15:39:00,28.0,12811.0,Portugal
545830,22412,METAL SIGN NEIGHBOURHOOD WITCH ,6,2011-03-07 13:10:00,2.1,17634.0,United Kingdom
545462,22469,HEART OF WICKER SMALL,40,2011-03-03 08:24:00,1.45,17567.0,United Kingdom
545709,22328,ROUND SNACK BOXES SET OF 4 FRUITS ,6,2011-03-07 09:49:00,2.95,12708.0,Germany
544684,22966,GINGERBREAD MAN COOKIE CUTTER,1,2011-02-22 16:32:00,2.46,,United Kingdom
543013,20801,LARGE PINK GLASS SUNDAE DISH,7,2011-02-02 13:35:00,4.96,,United Kingdom
542883,21448,,-40,2011-02-01 13:07:00,0.0,,United Kingdom
545906,21495,SKULLS AND CROSSBONES WRAP,25,2011-03-08 09:23:00,0.42,15764.0,United Kingdom
544462,22960,JAM MAKING SET WITH JARS,2,2011-02-20 14:21:00,4.25,17050.0,United Kingdom
546972,22746,POPPY'S PLAYHOUSE LIVINGROOM ,1,2011-03-18 12:04:00,3.29,,United Kingdom
546306,22745,POPPY'S PLAYHOUSE BEDROOM ,1,2011-03-10 16:16:00,4.13,,United Kingdom
546850,22662,LUNCH BAG DOLLY GIRL DESIGN,10,2011-03-17 13:20:00,1.65,13268.0,United Kingdom
543484,22520,CHILDS GARDEN TROWEL BLUE ,12,2011-02-09 10:11:00,0.85,12721.0,France
546189,23176,ABC TREASURE BOOK BOX ,8,2011-03-10 10:56:00,2.25,13102.0,United Kingdom
544571,20829,GLITTER HANGING BUTTERFLY STRING,8,2011-02-21 13:07:00,2.1,15146.0,United Kingdom
543358,22595,GINGHAM HEART DECORATION,1,2011-02-07 14:04:00,1.63,,United Kingdom
545901,84947,ANTIQUE SILVER TEA GLASS ENGRAVED,12,2011-03-07 17:52:00,1.25,15834.0,United Kingdom
545215,22097,SWALLOW SQUARE TISSUE BOX,1,2011-02-28 16:47:00,2.46,,United Kingdom
546136,20914,SET/5 RED RETROSPOT LID GLASS BOWLS,2,2011-03-09 16:32:00,5.79,,United Kingdom
543828,20724,RED RETROSPOT CHARLOTTE BAG,10,2011-02-14 09:45:00,0.85,14156.0,EIRE
544847,21922,UNION STRIPE WITH FRINGE  HAMMOCK,4,2011-02-24 11:15:00,7.95,16086.0,United Kingdom
545027,22631,CIRCUS PARADE LUNCH BOX ,4,2011-02-25 14:59:00,3.29,,United Kingdom
544177,22384,LUNCH BAG PINK POLKADOT,10,2011-02-16 14:27:00,1.65,13001.0,United Kingdom
544766,22411,JUMBO SHOPPER VINTAGE RED PAISLEY,2,2011-02-23 11:09:00,4.13,,United Kingdom
546101,84596B,SMALL DOLLY MIX DESIGN ORANGE BOWL,8,2011-03-09 12:12:00,0.42,14803.0,United Kingdom
542869,79191D,RETRO PLASTIC DAISY TRAY,12,2011-02-01 12:27:00,0.85,17035.0,United Kingdom
546028,22199,FRYING PAN RED RETROSPOT,4,2011-03-09 08:33:00,4.25,17049.0,United Kingdom
543975,84849B,FAIRY SOAP SOAP HOLDER,2,2011-02-14 15:23:00,1.69,17231.0,United Kingdom
546912,21244,BLUE POLKADOT PLATE ,2,2011-03-17 20:12:00,1.69,15861.0,United Kingdom
545186,85099F,JUMBO BAG STRAWBERRY,2,2011-02-28 15:05:00,1.95,17841.0,United Kingdom
546655,21217,RED RETROSPOT ROUND CAKE TINS,1,2011-03-15 14:19:00,20.79,,United Kingdom
546429,22522,CHILDS GARDEN FORK BLUE ,1,2011-03-13 15:25:00,0.85,17611.0,United Kingdom
544153,47590B,PINK HAPPY BIRTHDAY BUNTING,1,2011-02-16 12:11:00,5.45,15356.0,United Kingdom
542934,85123A,WHITE HANGING HEART T-LIGHT HOLDER,32,2011-02-02 11:01:00,2.55,13093.0,United Kingdom
542578,22241,GARLAND WOODEN HAPPY EASTER,12,2011-01-28 14:57:00,1.25,13709.0,United Kingdom
544637,22244,3 HOOK HANGER MAGIC GARDEN,12,2011-02-22 11:20:00,1.95,16546.0,United Kingdom
545587,23178,JAM CLOCK MAGNET,2,2011-03-04 09:46:00,2.89,14796.0,United Kingdom
545827,22982,PANTRY PASTRY BRUSH,1,2011-03-07 13:03:00,1.25,,United Kingdom
544434,20707,CRAZY DAISY HEART DECORATION,3,2011-02-18 16:12:00,0.83,,United Kingdom
543975,21745,GAOLERS KEYS DECORATIVE GARDEN ,3,2011-02-14 15:23:00,3.75,17231.0,United Kingdom
544596,22604,SET OF 4 NAPKIN CHARMS CUTLERY,6,2011-02-21 17:35:00,2.55,16441.0,United Kingdom
546368,22443,GROW YOUR OWN HERBS SET OF 3,1,2011-03-11 11:38:00,7.95,,United Kingdom
546753,22711,WRAP CIRCUS PARADE,25,2011-03-16 13:00:00,0.42,16383.0,United Kingdom
543542,22264,FELT FARM ANIMAL WHITE BUNNY ,24,2011-02-09 15:25:00,0.85,16607.0,United Kingdom
544278,22107,PIZZA PLATE IN BOX,8,2011-02-17 12:01:00,3.75,15382.0,United Kingdom
546891,22960,JAM MAKING SET WITH JARS,1,2011-03-17 18:18:00,8.29,,United Kingdom
544913,21986,PACK OF 12 PINK POLKADOT TISSUES,12,2011-02-24 15:26:00,0.29,15543.0,United Kingdom
546498,22698,PINK REGENCY TEACUP AND SAUCER,2,2011-03-14 11:44:00,2.95,15493.0,United Kingdom
546849,20773,BLUE PAISLEY NOTEBOOK,1,2011-03-17 13:13:00,1.65,13623.0,United Kingdom
545340,22185,SLATE TILE NATURAL HANGING,12,2011-03-02 08:41:00,1.65,15416.0,United Kingdom
542692,22148,EASTER CRAFT 4 CHICKS ,5,2011-01-31 12:35:00,1.95,14467.0,United Kingdom
544186,22077,6 RIBBONS RUSTIC CHARM,1,2011-02-16 15:56:00,3.29,,United Kingdom
543264,21243,PINK  POLKADOT PLATE ,2,2011-02-04 16:34:00,1.69,13069.0,United Kingdom
543913,22918,HERB MARKER PARSLEY,2,2011-02-14 13:11:00,0.65,17591.0,United Kingdom
543777,85099C,JUMBO  BAG BAROQUE BLACK WHITE,3,2011-02-11 16:20:00,1.95,15406.0,United Kingdom
545217,21892,TRADITIONAL WOODEN CATCH CUP GAME ,2,2011-02-28 16:59:00,2.46,,United Kingdom
545216,21375,LARGE CAMPHOR WOOD FIELD MUSHROOM ,1,2011-02-28 16:50:00,10.79,,United Kingdom
545690,21903,MAN FLU METAL SIGN,2,2011-03-06 12:46:00,2.1,13263.0,United Kingdom
546367,21218,RED SPOTTY BISCUIT TIN,6,2011-03-11 11:38:00,3.75,15513.0,United Kingdom
545716,85099B,JUMBO BAG RED RETROSPOT,3,2011-03-07 10:15:00,4.13,,United Kingdom
546888,21559,STRAWBERRY LUNCH BOX WITH CUTLERY,1,2011-03-17 18:15:00,4.96,,United Kingdom
545078,84347,ROTATING SILVER ANGELS T-LIGHT HLDR,1,2011-02-28 10:15:00,4.96,,United Kingdom
543022,35095B,RED VICTORIAN FABRIC OVAL BOX,6,2011-02-02 14:37:00,0.42,16771.0,United Kingdom
543040,22314,OFFICE MUG WARMER CHOC+BLUE,1,2011-02-02 17:06:00,2.95,17337.0,United Kingdom
546884,22403,MAGNETS PACK OF 4 VINTAGE LABELS ,1,2011-03-17 18:08:00,2.46,,United Kingdom
542624,21814,HEART T-LIGHT HOLDER ,1,2011-01-31 09:48:00,2.92,,United Kingdom
544969,84997B,CHILDRENS CUTLERY RETROSPOT RED ,4,2011-02-25 11:32:00,4.15,15712.0,United Kingdom
544095,22960,JAM MAKING SET WITH JARS,6,2011-02-16 09:25:00,4.25,16509.0,United Kingdom
542886,84378,SET OF 3 HEART COOKIE CUTTERS,6,2011-02-01 13:09:00,1.25,16515.0,United Kingdom
545835,21670,BLUE SPOT CERAMIC DRAWER KNOB,6,2011-03-07 13:17:00,1.25,17654.0,United Kingdom
544776,22326,ROUND SNACK BOXES SET OF4 WOODLAND ,3,2011-02-23 11:39:00,6.63,,United Kingdom
543993,20727,LUNCH BAG  BLACK SKULL.,10,2011-02-15 10:40:00,1.65,17612.0,United Kingdom
545150,21169,YOU'RE CONFUSING ME METAL SIGN ,12,2011-02-28 12:27:00,1.69,14227.0,United Kingdom
543451,22055,MINI CAKE STAND  HANGING STRAWBERY,1,2011-02-08 12:13:00,3.29,,United Kingdom
544812,20978,36 PENCILS TUBE SKULLS,1,2011-02-23 15:58:00,2.46,,United Kingdom
545073,22377,BOTTLE BAG RETROSPOT ,5,2011-02-28 09:26:00,2.1,14036.0,United Kingdom
545713,21866,UNION JACK FLAG LUGGAGE TAG,5,2011-03-07 10:11:00,3.29,,United Kingdom
545999,21774,DECORATIVE CATS BATHROOM BOTTLE,12,2011-03-08 14:44:00,1.25,13089.0,United Kingdom
545667,22851,SET 20 NAPKINS FAIRY CAKES DESIGN ,1,2011-03-04 16:07:00,1.63,,United Kingdom
545027,21866,UNION JACK FLAG LUGGAGE TAG,4,2011-02-25 14:59:00,3.29,,United Kingdom
544186,85136C,RED SHARK HELICOPTER,1,2011-02-16 15:56:00,8.29,,United Kingdom
545014,22699,ROSES REGENCY TEACUP AND SAUCER ,6,2011-02-25 13:15:00,2.95,18223.0,United Kingdom
543193,22626,BLACK KITCHEN SCALES,2,2011-02-04 12:18:00,8.5,13725.0,United Kingdom
544684,22165,"DIAMANTE HEART SHAPED WALL MIRROR, ",1,2011-02-22 16:32:00,10.79,,United Kingdom
545460,22996,TRAVEL CARD WALLET VINTAGE TICKET,2,2011-03-02 17:33:00,0.42,13230.0,United Kingdom
545667,40003,WHITE BAMBOO RIBS LAMPSHADE,1,2011-03-04 16:07:00,3.29,,United Kingdom
545821,22178,VICTORIAN GLASS HANGING T-LIGHT,96,2011-03-07 12:50:00,1.06,13001.0,United Kingdom
546778,22971,QUEENS GUARD COFFEE MUG,6,2011-03-16 16:38:00,2.55,14572.0,United Kingdom
546764,20975,12 PENCILS SMALL TUBE RED RETROSPOT,24,2011-03-16 14:31:00,0.65,15671.0,United Kingdom
543382,22766,PHOTO FRAME CORNICE,4,2011-02-07 16:21:00,2.95,14030.0,United Kingdom
545945,22980,PANTRY SCRUBBING BRUSH,1,2011-03-08 12:07:00,1.65,16710.0,United Kingdom
544749,21706,FOLDING UMBRELLA RED/WHITE POLKADOT,1,2011-02-23 10:57:00,4.95,15373.0,United Kingdom
546486,22553,PLASTERS IN TIN SKULLS,1,2011-03-14 11:41:00,1.65,15039.0,United Kingdom
545333,85099F,JUMBO BAG STRAWBERRY,3,2011-03-01 16:22:00,4.13,,United Kingdom
543171,22041,"RECORD FRAME 7"" SINGLE SIZE ",1,2011-02-04 09:11:00,4.96,,United Kingdom
545522,85159B,"WHITE TEA,COFFEE,SUGAR JARS",2,2011-03-03 12:35:00,6.35,15596.0,United Kingdom
545153,22465,HANGING METAL STAR LANTERN,12,2011-02-28 12:57:00,1.65,16667.0,United Kingdom
544189,22800,ANTIQUE TALL SWIRLGLASS TRINKET POT,4,2011-02-16 16:40:00,3.75,15867.0,United Kingdom
544571,22084,PAPER CHAIN KIT EMPIRE,6,2011-02-21 13:07:00,2.95,15146.0,United Kingdom
543759,22386,JUMBO BAG PINK POLKADOT,20,2011-02-11 15:12:00,1.95,12921.0,United Kingdom
546394,22084,PAPER CHAIN KIT EMPIRE,6,2011-03-11 14:26:00,2.95,17164.0,United Kingdom
545702,22464,HANGING METAL HEART LANTERN,3,2011-03-06 15:21:00,1.65,14247.0,United Kingdom
543358,22427,ENAMEL FLOWER JUG CREAM,1,2011-02-07 14:04:00,11.63,,United Kingdom
543737,22262,FELT EGG COSY CHICKEN,12,2011-02-11 12:45:00,0.85,12477.0,Germany
543116,22501,PICNIC BASKET WICKER LARGE,2,2011-02-03 13:29:00,9.95,17672.0,United Kingdom
543985,21014,SWISS CHALET TREE DECORATION ,1,2011-02-15 09:44:00,1.25,,United Kingdom
546538,82580,BATHROOM METAL SIGN,12,2011-03-14 14:51:00,0.55,16327.0,United Kingdom
545232,21500,PINK POLKADOT WRAP ,25,2011-03-01 10:19:00,0.42,15676.0,United Kingdom
542717,35971,ROSE FOLKART HEART DECORATIONS,1,2011-01-31 14:07:00,1.25,17580.0,United Kingdom
545901,22088,PAPER BUNTING COLOURED LACE,1,2011-03-07 17:52:00,2.95,15834.0,United Kingdom
545151,22536,MAGIC DRAWING SLATE PURDEY,48,2011-02-28 12:46:00,0.42,16668.0,United Kingdom
546872,22241,GARLAND WOODEN HAPPY EASTER,2,2011-03-17 16:11:00,1.25,14462.0,United Kingdom
546261,84228,HEN HOUSE W CHICK STANDING,1,2011-03-10 15:01:00,0.42,17841.0,United Kingdom
545701,22639,SET OF 4 NAPKIN CHARMS HEARTS,2,2011-03-06 15:17:00,2.55,17107.0,United Kingdom
543095,21584,RETROSPOT SMALL TUBE MATCHES,6,2011-02-03 11:30:00,1.65,16814.0,United Kingdom
543020,22469,HEART OF WICKER SMALL,4,2011-02-02 14:29:00,1.65,15005.0,United Kingdom
542890,84596F,SMALL MARSHMALLOWS PINK BOWL,8,2011-02-01 13:25:00,1.25,15311.0,United Kingdom
543653,22294,HEART FILIGREE DOVE  SMALL,2,2011-02-11 10:26:00,1.25,14796.0,United Kingdom
544495,22550,HOLIDAY FUN LUDO,4,2011-02-21 11:42:00,3.75,12766.0,Portugal
546136,20676,RED RETROSPOT BOWL,2,2011-03-09 16:32:00,2.46,,United Kingdom
543094,47566,PARTY BUNTING,4,2011-02-03 11:28:00,4.65,16030.0,United Kingdom
542870,22380,TOY TIDY SPACEBOY  ,5,2011-02-01 12:29:00,2.1,15203.0,United Kingdom
545655,22256,FELT FARM ANIMAL CHICKEN,6,2011-03-04 13:58:00,1.25,14670.0,United Kingdom
546079,23176,ABC TREASURE BOOK BOX ,1,2011-03-09 11:05:00,2.25,14534.0,United Kingdom
545998,22842,BISCUIT TIN VINTAGE RED,2,2011-03-08 14:35:00,6.75,13373.0,United Kingdom
543094,47566B,TEA TIME PARTY BUNTING,2,2011-02-03 11:28:00,4.65,16030.0,United Kingdom
545717,DOT,DOTCOM POSTAGE,1,2011-03-07 10:15:00,147.13,,United Kingdom
546388,21212,PACK OF 72 RETROSPOT CAKE CASES,16,2011-03-11 13:43:00,2.08,,United Kingdom
546891,22595,GINGHAM HEART DECORATION,1,2011-03-17 18:18:00,1.63,,United Kingdom
543907,22470,HEART OF WICKER LARGE,1,2011-02-14 12:16:00,2.95,17346.0,United Kingdom
545188,22904,CALENDAR PAPER CUT DESIGN,4,2011-02-28 15:19:00,2.95,14056.0,United Kingdom
543306,22587,FELTCRAFT HAIRBAND RED AND BLUE,1,2011-02-07 11:56:00,0.85,16686.0,United Kingdom
543040,21871,SAVE THE PLANET MUG,1,2011-02-02 17:06:00,1.25,17337.0,United Kingdom
546668,23128,DOLLCRAFT BOY JEAN-PAUL ,4,2011-03-15 15:33:00,4.95,14735.0,United Kingdom
C543974,21326,AGED GLASS SILVER T-LIGHT HOLDER,-4,2011-02-14 15:20:00,0.65,14606.0,United Kingdom
546625,85141,JARDIN ETCHED GLASS FRUITBOWL,1,2011-03-15 11:45:00,10.75,17542.0,United Kingdom
C544897,21633,SUNFLOWER DECORATIVE PARASOL,-1,2011-02-24 12:27:00,12.75,17867.0,United Kingdom
543040,22087,PAPER BUNTING WHITE LACE,13,2011-02-02 17:06:00,2.95,17337.0,United Kingdom
543232,22767,TRIPLE PHOTO FRAME CORNICE ,2,2011-02-04 13:28:00,9.95,13113.0,United Kingdom
545340,21380,WOODEN HAPPY BIRTHDAY GARLAND,6,2011-03-02 08:41:00,2.95,15416.0,United Kingdom
543040,22630,DOLLY GIRL LUNCH BOX,1,2011-02-02 17:06:00,1.95,17337.0,United Kingdom
544568,21843,RED RETROSPOT CAKE STAND,1,2011-02-21 12:54:00,10.95,15065.0,United Kingdom
542719,21355,TOAST ITS - I LOVE YOU ,1,2011-01-31 14:18:00,1.25,17619.0,United Kingdom
546365,20914,SET/5 RED RETROSPOT LID GLASS BOWLS,6,2011-03-11 11:35:00,2.95,12520.0,Germany
543040,22923,FRIDGE MAGNETS LES ENFANTS ASSORTED,12,2011-02-02 17:06:00,0.85,17337.0,United Kingdom
543979,37449,CERAMIC CAKE STAND + HANGING CAKES,1,2011-02-14 15:43:00,9.95,14606.0,United Kingdom
545148,47566,PARTY BUNTING,4,2011-02-28 12:14:00,4.95,13675.0,United Kingdom
546005,22138,BAKING SET 9 PIECE RETROSPOT ,3,2011-03-08 15:17:00,4.95,14426.0,United Kingdom
542530,22727,ALARM CLOCK BAKELIKE RED ,4,2011-01-28 13:08:00,3.75,15365.0,United Kingdom
544103,21244,BLUE POLKADOT PLATE ,2,2011-02-16 10:33:00,1.69,17961.0,United Kingdom
545224,22383,LUNCH BAG SUKI DESIGN ,10,2011-03-01 09:03:00,1.65,17068.0,United Kingdom
543809,22424,ENAMEL BREAD BIN CREAM,1,2011-02-13 13:52:00,12.75,17095.0,United Kingdom
C544561,22220,CAKE STAND LOVEBIRD 2 TIER WHITE,-1,2011-02-21 12:44:00,9.95,15687.0,United Kingdom
544572,22846,BREAD BIN DINER STYLE RED ,1,2011-02-21 13:21:00,16.95,14639.0,United Kingdom
544106,82484,WOOD BLACK BOARD ANT WHITE FINISH,2,2011-02-16 10:47:00,7.95,14530.0,United Kingdom
543300,22900, SET 2 TEA TOWELS I LOVE LONDON ,3,2011-02-07 11:42:00,2.95,13334.0,United Kingdom
C544034,21626,VINTAGE UNION JACK PENNANT,-2,2011-02-15 11:28:00,1.95,14701.0,United Kingdom
542717,22699,ROSES REGENCY TEACUP AND SAUCER ,1,2011-01-31 14:07:00,2.95,17580.0,United Kingdom
544201,22630,DOLLY GIRL LUNCH BOX,1,2011-02-17 10:11:00,2.46,,United Kingdom
C546978,21190,PINK HEARTS PAPER GARLAND,-50,2011-03-18 12:15:00,1.45,17857.0,United Kingdom
544160,22249,DECORATION WHITE CHICK MAGIC GARDEN,8,2011-02-16 12:49:00,0.85,16494.0,United Kingdom
544571,21981,PACK OF 12 WOODLAND TISSUES ,24,2011-02-21 13:07:00,0.29,15146.0,United Kingdom
546683,84879,ASSORTED COLOUR BIRD ORNAMENT,8,2011-03-16 09:38:00,1.69,12868.0,United Kingdom
544667,22815,CARD PSYCHEDELIC APPLES,72,2011-02-22 15:09:00,0.36,17511.0,United Kingdom
546643,21181,PLEASE ONE PERSON METAL SIGN,12,2011-03-15 13:23:00,2.1,16214.0,United Kingdom
546079,20867,PINK ROSE FABRIC MIRROR,11,2011-03-09 11:05:00,1.25,14534.0,United Kingdom
543370,22623,BOX OF VINTAGE JIGSAW BLOCKS ,3,2011-02-07 14:51:00,4.95,12359.0,Cyprus
546406,22771,CLEAR DRAWER KNOB ACRYLIC EDWARDIAN,2,2011-03-11 16:21:00,2.5,,United Kingdom
545895,85131D,BEADED CRYSTAL HEART PINK ON STICK,4,2011-03-07 17:14:00,0.83,,United Kingdom
544833,21984,PACK OF 12 PINK PAISLEY TISSUES ,24,2011-02-24 10:10:00,0.29,15974.0,United Kingdom
546655,82494l,WOODEN FRAME ANTIQUE WHITE ,1,2011-03-15 14:19:00,8.29,,United Kingdom
544459,21892,TRADITIONAL WOODEN CATCH CUP GAME ,11,2011-02-20 13:52:00,1.25,17838.0,United Kingdom
C546131,21531,RED RETROSPOT SUGAR JAM BOWL,-1,2011-03-09 15:08:00,2.55,16057.0,United Kingdom
544586,22623,BOX OF VINTAGE JIGSAW BLOCKS ,3,2011-02-21 15:04:00,4.95,17338.0,United Kingdom
544687,21285,RETROSPOT CANDLE  MEDIUM,12,2011-02-22 17:25:00,2.1,13184.0,United Kingdom
545634,23232,WRAP VINTAGE PETALS  DESIGN,25,2011-03-04 12:12:00,0.42,14911.0,EIRE
546892,23004,TRAVEL CARD WALLET PANTRY,1,2011-03-17 18:20:00,0.83,,United Kingdom
545909,21878,PACK OF 6 SANDCASTLE FLAGS ASSORTED,12,2011-03-08 09:45:00,0.85,15819.0,United Kingdom
545322,23006,TRAVEL CARD WALLET FLOWER MEADOW,24,2011-03-01 14:56:00,0.42,13599.0,United Kingdom
543197,22919,HERB MARKER MINT,12,2011-02-04 12:36:00,0.65,12842.0,United Kingdom
546739,22411,JUMBO SHOPPER VINTAGE RED PAISLEY,100,2011-03-16 12:12:00,1.65,17511.0,United Kingdom
546429,21558,SKULL LUNCH BOX WITH CUTLERY ,1,2011-03-13 15:25:00,2.55,17611.0,United Kingdom
544837,21735,TWO DOOR CURIO CABINET,1,2011-02-24 10:29:00,12.75,15910.0,United Kingdom
546479,22895,SET OF 2 TEA TOWELS APPLE AND PEARS,6,2011-03-14 11:38:00,2.95,12682.0,France
546951,85150,LADIES & GENTLEMEN METAL SIGN,3,2011-03-18 11:30:00,2.55,17673.0,United Kingdom
544214,22734,SET OF 6 RIBBONS VINTAGE CHRISTMAS,1,2011-02-17 11:19:00,5.79,,United Kingdom
546396,21985,PACK OF 12 HEARTS DESIGN TISSUES ,24,2011-03-11 14:35:00,0.29,13226.0,United Kingdom
545714,84596f,SMALL MARSHMALLOWS PINK BOWL,1,2011-03-07 10:12:00,2.46,,United Kingdom
546423,22171,3 HOOK PHOTO SHELF ANTIQUE WHITE,1,2011-03-13 12:39:00,8.5,14502.0,United Kingdom
542886,22255,FELT TOADSTOOL  SMALL,1,2011-02-01 13:09:00,0.85,16515.0,United Kingdom
545304,21937,STRAWBERRY   PICNIC BAG,5,2011-03-01 12:51:00,2.95,16212.0,United Kingdom
C544901,22670,FRENCH WC SIGN BLUE METAL,-4,2011-02-24 13:02:00,1.25,15078.0,United Kingdom
544681,22997,TRAVEL CARD WALLET UNION JACK,2,2011-02-22 16:28:00,0.83,,United Kingdom
544887,21095,SET/6 POSIES PAPER PLATES,4,2011-02-24 11:54:00,0.85,17364.0,United Kingdom
546656,84970s,HANGING HEART ZINC T-LIGHT HOLDER,4,2011-03-15 14:19:00,2.08,,United Kingdom
546891,84406B,CREAM CUPID HEARTS COAT HANGER,1,2011-03-17 18:18:00,8.29,,United Kingdom
544206,21558,SKULL LUNCH BOX WITH CUTLERY ,1,2011-02-17 10:33:00,4.96,,United Kingdom
545719,22822,CREAM WALL PLANTER HEART SHAPED,2,2011-03-07 10:28:00,5.95,13344.0,United Kingdom
544908,22861,EASTER TIN CHICKS IN GARDEN,6,2011-02-24 14:27:00,1.65,18056.0,United Kingdom
546275,82482,WOODEN PICTURE FRAME WHITE FINISH,6,2011-03-10 15:06:00,2.55,13126.0,United Kingdom
543813,22622,BOX OF VINTAGE ALPHABET BLOCKS,2,2011-02-13 15:02:00,9.95,16897.0,United Kingdom
542862,21212,PACK OF 72 RETROSPOT CAKE CASES,2,2011-02-01 11:51:00,0.55,14606.0,United Kingdom
543201,20713,JUMBO BAG OWLS,3,2011-02-04 13:03:00,4.13,,United Kingdom
543040,22629,SPACEBOY LUNCH BOX ,1,2011-02-02 17:06:00,1.95,17337.0,United Kingdom
544645,22367,CHILDRENS APRON SPACEBOY DESIGN,16,2011-02-22 11:58:00,1.95,16843.0,United Kingdom
545667,22023,EMPIRE BIRTHDAY CARD,2,2011-03-04 16:07:00,0.83,,United Kingdom
546972,21934,SKULL SHOULDER BAG,1,2011-03-18 12:04:00,3.29,,United Kingdom
542932,21955,DOORMAT UNION JACK GUNS AND ROSES,4,2011-02-02 10:54:00,7.95,13089.0,United Kingdom
546230,21430,SET/3 RED GINGHAM ROSE STORAGE BOX,4,2011-03-10 12:26:00,3.75,13871.0,United Kingdom
543555,22386,JUMBO BAG PINK POLKADOT,10,2011-02-10 10:18:00,1.95,17686.0,United Kingdom
546157,82494L,WOODEN FRAME ANTIQUE WHITE ,6,2011-03-10 08:40:00,2.95,13502.0,United Kingdom
543359,22639,SET OF 4 NAPKIN CHARMS HEARTS,3,2011-02-07 14:16:00,2.55,16332.0,United Kingdom
546541,84563A,PINK & WHITE BREAKFAST TRAY,2,2011-03-14 15:11:00,5.95,14911.0,EIRE
545555,22993,SET OF 4 PANTRY JELLY MOULDS,2,2011-03-03 15:17:00,1.25,17757.0,United Kingdom
544943,21584,RETROSPOT SMALL TUBE MATCHES,20,2011-02-25 10:39:00,1.65,15845.0,United Kingdom
545233,22819,"BIRTHDAY CARD, RETRO SPOT",12,2011-03-01 10:25:00,0.42,18044.0,United Kingdom
544464,22436,12 COLOURED PARTY BALLOONS,10,2011-02-20 14:38:00,0.65,17323.0,United Kingdom
542616,22318,FIVE HEART HANGING DECORATION,6,2011-01-30 15:40:00,2.95,16816.0,United Kingdom
545901,20774,GREEN FERN NOTEBOOK,2,2011-03-07 17:52:00,1.65,15834.0,United Kingdom
545872,22566,FELTCRAFT HAIRBAND PINK AND PURPLE,1,2011-03-07 14:51:00,0.85,15752.0,United Kingdom
546252,22470,HEART OF WICKER LARGE,6,2011-03-10 14:42:00,2.95,14930.0,Channel Islands
544455,22487,WHITE WOOD GARDEN PLANT LADDER,1,2011-02-20 13:18:00,9.95,13097.0,United Kingdom
543900,20723,STRAWBERRY CHARLOTTE BAG,10,2011-02-14 12:11:00,0.85,12621.0,Germany
544887,84558A,3D DOG PICTURE PLAYING CARDS,4,2011-02-24 11:54:00,2.95,17364.0,United Kingdom
543122,21864,UNION JACK FLAG PASSPORT COVER ,12,2011-02-03 14:01:00,2.1,13819.0,United Kingdom
543349,22752,SET 7 BABUSHKA NESTING BOXES,2,2011-02-07 13:13:00,8.5,17774.0,United Kingdom
546891,20733,GOLD MINI TAPE MEASURE ,2,2011-03-17 18:18:00,0.83,,United Kingdom
543013,22244,3 HOOK HANGER MAGIC GARDEN,1,2011-02-02 13:35:00,4.13,,United Kingdom
543161,21984,PACK OF 12 PINK PAISLEY TISSUES ,24,2011-02-03 17:01:00,0.29,14497.0,United Kingdom
544678,20886,BOX OF 9 PEBBLE CANDLES,2,2011-02-22 16:15:00,1.95,13077.0,United Kingdom
545400,22906,12 MESSAGE CARDS WITH ENVELOPES,24,2011-03-02 12:03:00,1.65,17048.0,United Kingdom
545700,21878,PACK OF 6 SANDCASTLE FLAGS ASSORTED,50,2011-03-06 14:57:00,0.85,17811.0,United Kingdom
543467,22273,FELTCRAFT DOLL MOLLY,1,2011-02-08 14:35:00,5.79,,United Kingdom
C543603,82483,WOOD 2 DRAWER CABINET WHITE FINISH,-1,2011-02-10 13:40:00,6.95,15570.0,United Kingdom
546890,22832,BROCANTE SHELF WITH HOOKS,2,2011-03-17 18:18:00,10.75,13394.0,United Kingdom
546378,22236,CAKE STAND 3 TIER MAGIC GARDEN,2,2011-03-11 12:17:00,12.75,14329.0,United Kingdom
545073,21527,RED RETROSPOT TRADITIONAL TEAPOT ,2,2011-02-28 09:26:00,7.95,14036.0,United Kingdom
546537,20723,STRAWBERRY CHARLOTTE BAG,2,2011-03-14 14:32:00,0.85,15005.0,United Kingdom
543821,22933,BAKING MOULD EASTER EGG MILK CHOC,6,2011-02-14 09:24:00,2.95,17667.0,United Kingdom
545897,85131A,BEADED PEARL HEART WHITE ON STICK,1,2011-03-07 17:22:00,0.83,,United Kingdom
542998,82482,WOODEN PICTURE FRAME WHITE FINISH,1,2011-02-02 12:16:00,4.96,,United Kingdom
544684,22698,PINK REGENCY TEACUP AND SAUCER,2,2011-02-22 16:32:00,5.79,,United Kingdom
546896,84568,GIRLS ALPHABET IRON ON PATCHES ,7,2011-03-17 18:24:00,0.42,,United Kingdom
544186,79000,MOROCCAN TEA GLASS,3,2011-02-16 15:56:00,1.65,,United Kingdom
542607,22227,HANGING HEART MIRROR DECORATION ,7,2011-01-30 13:48:00,0.65,13148.0,United Kingdom
543529,82482,WOODEN PICTURE FRAME WHITE FINISH,1,2011-02-09 12:16:00,2.55,18109.0,United Kingdom
545216,90176C,DIAMANTE NECKLACE,1,2011-02-28 16:50:00,8.32,,United Kingdom
546640,22457,NATURAL SLATE HEART CHALKBOARD ,6,2011-03-15 12:56:00,2.95,14092.0,United Kingdom
546888,21189,WHITE HONEYCOMB PAPER GARLAND ,10,2011-03-17 18:15:00,3.29,,United Kingdom
546392,22524,CHILDRENS GARDEN GLOVES BLUE,2,2011-03-11 14:15:00,1.25,14587.0,United Kingdom
543989,22556,PLASTERS IN TIN CIRCUS PARADE ,96,2011-02-15 09:52:00,1.45,12415.0,Australia
542625,22385,JUMBO BAG SPACEBOY DESIGN,1,2011-01-31 09:50:00,4.13,,United Kingdom
542519,22631,CIRCUS PARADE LUNCH BOX ,12,2011-01-28 12:19:00,1.95,15159.0,United Kingdom
545153,84674,FLYING PIG WATERING CAN,1,2011-02-28 12:57:00,2.95,16667.0,United Kingdom
542782,22957,SET 3 PAPER VINTAGE CHICK PAPER EGG,12,2011-02-01 10:00:00,2.95,12712.0,Germany
546429,22367,CHILDRENS APRON SPACEBOY DESIGN,2,2011-03-13 15:25:00,1.95,17611.0,United Kingdom
542664,22112,CHOCOLATE HOT WATER BOTTLE,1,2011-01-31 12:14:00,10.79,,United Kingdom
545308,22890,NOVELTY BISCUITS CAKE STAND 3 TIER,1,2011-03-01 13:19:00,9.95,14656.0,United Kingdom
546365,22138,BAKING SET 9 PIECE RETROSPOT ,3,2011-03-11 11:35:00,4.95,12520.0,Germany
546406,85204,HANGING WOOD AND FELT FLOWER,2,2011-03-11 16:21:00,0.42,,United Kingdom
546624,21259,VICTORIAN SEWING BOX SMALL ,2,2011-03-15 11:38:00,5.95,14193.0,United Kingdom
546769,22231,JIGSAW TREE WITH BIRDHOUSE,12,2011-03-16 14:57:00,1.45,17504.0,United Kingdom
546896,20727,LUNCH BAG  BLACK SKULL.,1,2011-03-17 18:24:00,4.13,,United Kingdom
545713,22652,TRAVEL SEWING KIT,8,2011-03-07 10:11:00,4.13,,United Kingdom
543457,21533,RETROSPOT LARGE MILK JUG,3,2011-02-08 12:47:00,4.95,17428.0,United Kingdom
543200,84375,SET OF 20 KIDS COOKIE CUTTERS,1,2011-02-04 13:03:00,4.13,,United Kingdom
543172,22469,HEART OF WICKER SMALL,3,2011-02-04 09:11:00,4.13,,United Kingdom
543097,84849D,HOT BATHS SOAP HOLDER,1,2011-02-03 11:41:00,3.29,,United Kingdom
545550,22196,SMALL HEART MEASURING SPOONS,10,2011-03-03 15:11:00,0.85,18041.0,United Kingdom
543648,22967,SET 3 SONG BIRD PAPER EGGS ASSORTED,6,2011-02-11 08:45:00,2.95,15114.0,United Kingdom
543132,21746,SMALL RED RETROSPOT WINDMILL,12,2011-02-03 15:27:00,1.25,15235.0,United Kingdom
545024,21067,VINTAGE RED TEATIME MUG,2,2011-02-25 14:38:00,2.46,,United Kingdom
545872,22912,YELLOW COAT RACK PARIS FASHION,1,2011-03-07 14:51:00,4.95,15752.0,United Kingdom
546006,21670,BLUE SPOT CERAMIC DRAWER KNOB,24,2011-03-08 15:22:00,1.25,17639.0,United Kingdom
542737,84947,ANTIQUE SILVER TEA GLASS ENGRAVED,6,2011-01-31 15:52:00,1.25,15058.0,United Kingdom
542622,21535,RED RETROSPOT SMALL MILK JUG,1,2011-01-31 09:09:00,4.96,,United Kingdom
543306,21975,PACK OF 60 DINOSAUR CAKE CASES,2,2011-02-07 11:56:00,0.55,16686.0,United Kingdom
545872,20728,LUNCH BAG CARS BLUE,2,2011-03-07 14:51:00,1.65,15752.0,United Kingdom
543660,22356,CHARLOTTE BAG PINK POLKADOT,1,2011-02-11 10:40:00,1.63,,United Kingdom
544664,22977,DOLLY GIRL CHILDRENS EGG CUP,12,2011-02-22 14:55:00,1.25,16045.0,United Kingdom
543995,22303,COFFEE MUG APPLES DESIGN,36,2011-02-15 10:45:00,2.1,13408.0,United Kingdom
546441,82482,WOODEN PICTURE FRAME WHITE FINISH,12,2011-03-14 10:36:00,2.55,15159.0,United Kingdom
542891,82494L,WOODEN FRAME ANTIQUE WHITE ,48,2011-02-01 13:26:00,2.55,16705.0,United Kingdom
542541,90141A,GREEN PENDANT TRIPLE SHELL NECKLACE,1,2011-01-28 14:25:00,5.4,,United Kingdom
543097,22301,COFFEE MUG CAT + BIRD DESIGN,2,2011-02-03 11:41:00,4.96,,United Kingdom
545153,84674,FLYING PIG WATERING CAN,1,2011-02-28 12:57:00,2.95,16667.0,United Kingdom
544454,21381,MINI WOODEN HAPPY BIRTHDAY GARLAND,3,2011-02-20 13:13:00,1.69,13301.0,United Kingdom
543095,22305,COFFEE MUG PINK PAISLEY DESIGN,6,2011-02-03 11:30:00,2.55,16814.0,United Kingdom
545333,22189,CREAM HEART CARD HOLDER,1,2011-03-01 16:22:00,8.29,,United Kingdom
543660,85204,HANGING WOOD AND FELT FLOWER,2,2011-02-11 10:40:00,0.42,,United Kingdom
546324,84378,SET OF 3 HEART COOKIE CUTTERS,12,2011-03-11 09:54:00,1.25,13265.0,United Kingdom
545978,20719,WOODLAND CHARLOTTE BAG,4,2011-03-08 12:19:00,0.85,13975.0,United Kingdom
542527,22558,CLOTHES PEGS RETROSPOT PACK 24 ,12,2011-01-28 12:48:00,1.49,17188.0,United Kingdom
543214,22722,SET OF 6 SPICE TINS PANTRY DESIGN,24,2011-02-04 13:19:00,3.45,12779.0,Poland
543461,21217,RED RETROSPOT ROUND CAKE TINS,1,2011-02-08 13:35:00,20.79,,United Kingdom
544278,22623,BOX OF VINTAGE JIGSAW BLOCKS ,3,2011-02-17 12:01:00,4.95,15382.0,United Kingdom
544684,22595,GINGHAM HEART DECORATION,1,2011-02-22 16:32:00,1.63,,United Kingdom
545475,22636,CHILDS BREAKFAST SET CIRCUS PARADE,24,2011-03-03 10:59:00,7.65,12415.0,Australia
543746,22193,RED DINER WALL CLOCK,4,2011-02-11 13:50:00,8.5,17675.0,United Kingdom
545318,22562,MONSTERS STENCIL CRAFT,48,2011-03-01 14:26:00,1.25,14676.0,United Kingdom
544673,22993,SET OF 4 PANTRY JELLY MOULDS,6,2011-02-22 15:46:00,1.25,13421.0,United Kingdom
543461,84559b,3D SHEET OF CAT STICKERS,1,2011-02-08 13:35:00,1.66,,United Kingdom
543111,20712,JUMBO BAG WOODLAND ANIMALS,3,2011-02-03 12:44:00,1.95,15719.0,United Kingdom
546648,21213,PACK OF 72 SKULL CAKE CASES,5,2011-03-15 14:15:00,2.08,,United Kingdom
546189,22191,IVORY DINER WALL CLOCK,2,2011-03-10 10:56:00,8.5,13102.0,United Kingdom
545019,22046,TEA PARTY  WRAPPING PAPER ,75,2011-02-25 13:56:00,0.42,15093.0,United Kingdom
543467,22963,JAM JAR WITH GREEN LID,1,2011-02-08 14:35:00,1.63,,United Kingdom
545898,84947,ANTIQUE SILVER TEA GLASS ENGRAVED,6,2011-03-07 17:23:00,1.25,15869.0,United Kingdom
543542,22498,WOODEN REGATTA BUNTING,3,2011-02-09 15:25:00,5.95,16607.0,United Kingdom
544941,22230,JIGSAW TREE WITH WATERING CAN,2,2011-02-25 10:25:00,0.85,12841.0,United Kingdom
544485,22686,FRENCH BLUE METAL DOOR SIGN No,1,2011-02-21 11:35:00,1.25,17757.0,United Kingdom
545557,POST,POSTAGE,1,2011-03-03 15:30:00,18.0,12500.0,Germany
544634,21156,RETROSPOT CHILDRENS APRON,1,2011-02-22 11:02:00,1.95,17994.0,United Kingdom
543242,22842,BISCUIT TIN VINTAGE RED,2,2011-02-04 14:03:00,6.75,15090.0,United Kingdom
546418,M,Manual,24,2011-03-13 10:57:00,0.42,17315.0,United Kingdom
543833,22788,BROCANTE COAT RACK,4,2011-02-14 10:24:00,9.95,12476.0,Germany
543984,21873,IF YOU CAN'T STAND THE HEAT MUG,12,2011-02-15 09:35:00,1.25,15601.0,United Kingdom
545821,21754,HOME BUILDING BLOCK WORD,9,2011-03-07 12:50:00,5.95,13001.0,United Kingdom
545059,22895,SET OF 2 TEA TOWELS APPLE AND PEARS,3,2011-02-27 13:04:00,2.95,14157.0,United Kingdom
542777,22371,AIRLINE BAG VINTAGE TOKYO 78,4,2011-02-01 08:31:00,4.25,14911.0,EIRE
542568,21539,RED RETROSPOT BUTTER DISH,3,2011-01-28 14:53:00,4.95,14215.0,United Kingdom
545901,85086A,CANDY SPOT HEART DECORATION,6,2011-03-07 17:52:00,0.85,15834.0,United Kingdom
544663,22349,DOG BOWL CHASING BALL DESIGN,6,2011-02-22 14:43:00,3.75,18188.0,United Kingdom
544894,21175,GIN + TONIC DIET METAL SIGN,6,2011-02-24 12:09:00,2.55,15805.0,United Kingdom
543277,48185,DOORMAT FAIRY CAKE,3,2011-02-06 14:33:00,7.95,15808.0,United Kingdom
543094,16161U,WRAP SUKI AND FRIENDS,25,2011-02-03 11:28:00,0.42,16030.0,United Kingdom
546683,85231G,ORANGE SCENTED SET/9 T-LIGHTS,12,2011-03-16 09:38:00,0.85,12868.0,United Kingdom
545999,22629,SPACEBOY LUNCH BOX ,12,2011-03-08 14:44:00,1.95,13089.0,United Kingdom
544074,22173,METAL 4 HOOK HANGER FRENCH CHATEAU,3,2011-02-15 14:49:00,2.95,14156.0,EIRE
545568,21716,BOYS VINTAGE TIN SEASIDE BUCKET,1,2011-03-03 16:22:00,4.96,,United Kingdom
542895,22754,SMALL RED BABUSHKA NOTEBOOK ,1,2011-02-01 13:47:00,0.85,14549.0,United Kingdom
543038,20979,36 PENCILS TUBE RED RETROSPOT,16,2011-02-02 16:15:00,1.25,14735.0,United Kingdom
543651,20979,36 PENCILS TUBE RED RETROSPOT,16,2011-02-11 10:06:00,1.25,16306.0,United Kingdom
542646,21328,BALLOONS  WRITING SET ,3,2011-01-31 11:42:00,1.65,17220.0,United Kingdom
543595,21326,AGED GLASS SILVER T-LIGHT HOLDER,144,2011-02-10 12:19:00,0.55,16027.0,United Kingdom
545318,17003,BROCADE RING PURSE ,108,2011-03-01 14:26:00,0.29,14676.0,United Kingdom
544311,72800E,4 IVORY DINNER CANDLES SILVER FLOCK,4,2011-02-17 14:19:00,2.55,17841.0,United Kingdom
545895,22860,EASTER TIN CHICKS PINK DAISY,1,2011-03-07 17:14:00,3.29,,United Kingdom
546420,22173,METAL 4 HOOK HANGER FRENCH CHATEAU,2,2011-03-13 11:18:00,2.95,14810.0,United Kingdom
543293,22139,RETROSPOT TEA SET CERAMIC 11 PC ,3,2011-02-07 11:20:00,4.95,17613.0,United Kingdom
545062,21876,POTTERING MUG,2,2011-02-27 14:07:00,1.25,12748.0,United Kingdom
544691,22935,BAKING MOULD ROSE MILK CHOCOLATE,6,2011-02-23 09:09:00,3.25,13804.0,United Kingdom
546888,22183,CAKE STAND VICTORIAN FILIGREE MED,2,2011-03-17 18:15:00,5.79,,United Kingdom
543172,22383,LUNCH BAG SUKI  DESIGN ,1,2011-02-04 09:11:00,4.96,,United Kingdom
543355,22079,RIBBON REEL HEARTS DESIGN ,5,2011-02-07 13:50:00,1.65,16033.0,United Kingdom
544914,21930,JUMBO STORAGE BAG SKULLS,10,2011-02-24 15:39:00,1.95,16722.0,United Kingdom
544937,85099F,JUMBO BAG STRAWBERRY,10,2011-02-25 10:09:00,1.95,12839.0,United Kingdom
544598,21931,JUMBO STORAGE BAG SUKI,1,2011-02-21 18:10:00,4.13,,United Kingdom
546650,22424,ENAMEL BREAD BIN CREAM,1,2011-03-15 14:17:00,24.96,,United Kingdom
546654,85099C,JUMBO  BAG BAROQUE BLACK WHITE,2,2011-03-15 14:18:00,4.13,,United Kingdom
545081,22722,SET OF 6 SPICE TINS PANTRY DESIGN,4,2011-02-28 10:35:00,3.95,16057.0,United Kingdom
546732,85130D,BEADED CRYSTAL HEART PINK LARGE,1,2011-03-16 11:41:00,1.65,14606.0,United Kingdom
543467,22898,CHILDRENS APRON APPLES DESIGN,1,2011-02-08 14:35:00,4.13,,United Kingdom
544460,22834,HAND WARMER BABUSHKA DESIGN,5,2011-02-20 14:01:00,2.1,16931.0,United Kingdom
545188,21981,PACK OF 12 WOODLAND TISSUES ,4,2011-02-28 15:19:00,0.29,14056.0,United Kingdom
543001,84712B,PINK JEWELLED PHOTO FRAME,2,2011-02-02 12:26:00,7.95,14127.0,United Kingdom
542542,21243,PINK  POLKADOT PLATE ,8,2011-01-28 14:37:00,1.69,12431.0,Australia
545464,22501,PICNIC BASKET WICKER LARGE,1,2011-03-03 09:10:00,20.79,,United Kingdom
543040,84789,ENCHANTED BIRD PLANT CAGE,1,2011-02-02 17:06:00,3.75,17337.0,United Kingdom
546896,21080,SET/20 RED RETROSPOT PAPER NAPKINS ,2,2011-03-17 18:24:00,1.63,,United Kingdom
544642,22845,VINTAGE CREAM CAT FOOD CONTAINER,1,2011-02-22 11:41:00,6.35,17811.0,United Kingdom
545062,85054,FRENCH ENAMEL POT W LID,2,2011-02-27 14:07:00,2.95,12748.0,United Kingdom
546774,84457,SET/3 RABBITS FLOWER SKIPPPING ROPE,1,2011-03-16 15:45:00,0.85,14505.0,United Kingdom
544894,16161P,WRAP ENGLISH ROSE ,25,2011-02-24 12:09:00,0.42,15805.0,United Kingdom
543371,22817,CARD SUKI BIRTHDAY,12,2011-02-07 14:53:00,0.42,14048.0,United Kingdom
546950,22084,PAPER CHAIN KIT EMPIRE,4,2011-03-18 11:24:00,2.95,16511.0,United Kingdom
545377,21700,BIG DOUGHNUT FRIDGE MAGNETS,12,2011-03-02 11:32:00,0.85,14606.0,United Kingdom
544826,84755,COLOUR GLASS T-LIGHT HOLDER HANGING,1,2011-02-24 09:36:00,0.65,14513.0,United Kingdom
543541,84212,"ASSORTED FLOWER COLOUR ""LEIS""",24,2011-02-09 14:44:00,0.65,12462.0,Spain
544931,21733,RED HANGING HEART T-LIGHT HOLDER,36,2011-02-24 18:59:00,2.55,13501.0,Switzerland
544207,22352,LUNCH BOX WITH CUTLERY RETROSPOT ,2,2011-02-17 10:34:00,4.96,,United Kingdom
546949,84856L,LARGE TAHITI BEACH BAG,1,2011-03-18 11:22:00,5.95,,United Kingdom
544483,84796B,BLUE SAVANNAH PICNIC HAMPER FOR 2,12,2011-02-21 10:53:00,10.95,12524.0,Germany
544815,21340,CLASSIC METAL BIRDCAGE PLANT HOLDER,2,2011-02-23 16:37:00,12.75,17171.0,United Kingdom
C546162,85178,VICTORIAN SEWING KIT,-144,2011-03-10 09:53:00,1.25,17404.0,Sweden
542929,21258,VICTORIAN SEWING BOX LARGE,1,2011-02-02 10:34:00,12.75,17811.0,United Kingdom
545658,21448,12 DAISY PEGS IN WOOD BOX,2,2011-03-04 14:13:00,1.65,14670.0,United Kingdom
545019,22677,FRENCH BLUE METAL DOOR SIGN 2,10,2011-02-25 13:56:00,1.25,15093.0,United Kingdom
543040,22193,RED DINER WALL CLOCK,1,2011-02-02 17:06:00,8.5,17337.0,United Kingdom
544186,22961,JAM MAKING SET PRINTED,3,2011-02-16 15:56:00,3.29,,United Kingdom
545568,22457,NATURAL SLATE HEART CHALKBOARD ,1,2011-03-03 16:22:00,5.79,,United Kingdom
543201,22131,FOOD CONTAINER SET 3 LOVE HEART ,1,2011-02-04 13:03:00,4.13,,United Kingdom
544040,21908,CHOCOLATE THIS WAY METAL SIGN,1,2011-02-15 11:40:00,2.1,14701.0,United Kingdom
545044,21238,RED RETROSPOT CUP,8,2011-02-27 11:31:00,0.85,15738.0,United Kingdom
543565,48138,DOORMAT UNION FLAG,6,2011-02-10 10:40:00,7.95,14431.0,United Kingdom
544394,22728,ALARM CLOCK BAKELIKE PINK,4,2011-02-18 12:02:00,3.75,13932.0,United Kingdom
543826,17012C,ORIGAMI LAVENDER INCENSE/CANDL SET ,1,2011-02-14 09:41:00,2.46,,United Kingdom
544454,85049F,BABY BOOM RIBBONS ,2,2011-02-20 13:13:00,1.25,13301.0,United Kingdom
545865,22385,JUMBO BAG SPACEBOY DESIGN,300,2011-03-07 14:17:00,1.65,15769.0,United Kingdom
546486,15058A,BLUE POLKADOT GARDEN PARASOL,1,2011-03-14 11:41:00,7.95,15039.0,United Kingdom
546892,21580,RABBIT  DESIGN  COTTON TOTE BAG,2,2011-03-17 18:20:00,4.96,,United Kingdom
545695,22667,RECIPE BOX RETROSPOT ,2,2011-03-06 14:15:00,2.95,17050.0,United Kingdom
544462,21890,S/6 WOODEN SKITTLES IN COTTON BAG,6,2011-02-20 14:21:00,2.95,17050.0,United Kingdom
543367,21181,PLEASE ONE PERSON METAL SIGN,12,2011-02-07 14:33:00,2.1,18225.0,United Kingdom
545425,22470,HEART OF WICKER LARGE,3,2011-03-02 14:39:00,2.95,16792.0,United Kingdom
543555,72760B,VINTAGE CREAM 3 BASKET CAKE STAND,4,2011-02-10 10:18:00,9.95,17686.0,United Kingdom
544670,22859,EASTER TIN BUNNY BOUQUET,3,2011-02-22 15:22:00,1.65,16161.0,United Kingdom
543237,84380,SET OF 3 BUTTERFLY COOKIE CUTTERS,12,2011-02-04 13:39:00,3.29,,United Kingdom
546769,22844,VINTAGE CREAM DOG FOOD CONTAINER,2,2011-03-16 14:57:00,8.5,17504.0,United Kingdom
544074,84406B,CREAM CUPID HEARTS COAT HANGER,3,2011-02-15 14:49:00,4.15,14156.0,EIRE
546652,72801d,4 SKY BLUE DINNER CANDLES,4,2011-03-15 14:18:00,2.46,,United Kingdom
545587,21981,PACK OF 12 WOODLAND TISSUES ,12,2011-03-04 09:46:00,0.29,14796.0,United Kingdom
543191,22951,60 CAKE CASES DOLLY GIRL DESIGN,3,2011-02-04 11:54:00,0.55,13137.0,United Kingdom
C543780,22712,CARD DOLLY GIRL ,-1,2011-02-11 16:34:00,0.42,17334.0,United Kingdom
545895,20685,DOORMAT RED RETROSPOT,1,2011-03-07 17:14:00,15.79,,United Kingdom
544895,22726,ALARM CLOCK BAKELIKE GREEN,8,2011-02-24 12:22:00,3.75,14189.0,United Kingdom
543732,22470,HEART OF WICKER LARGE,5,2011-02-11 12:02:00,5.79,,United Kingdom
544201,21947,SET OF 6 HEART CHOPSTICKS,3,2011-02-17 10:11:00,2.46,,United Kingdom
546884,22686,FRENCH BLUE METAL DOOR SIGN No,2,2011-03-17 18:08:00,2.46,,United Kingdom
546378,22265,EASTER DECORATION NATURAL CHICK,24,2011-03-11 12:17:00,0.65,14329.0,United Kingdom
542891,22667,RECIPE BOX RETROSPOT ,24,2011-02-01 13:26:00,2.55,16705.0,United Kingdom
544070,84859C,PINK DISCO HANDBAG,2,2011-02-15 14:19:00,5.95,15370.0,United Kingdom
542607,22389,PAPERWEIGHT SAVE THE PLANET,2,2011-01-30 13:48:00,2.55,13148.0,United Kingdom
543399,84978,HANGING HEART JAR T-LIGHT HOLDER,1,2011-02-08 11:07:00,2.46,,United Kingdom
543530,72760B,VINTAGE CREAM 3 BASKET CAKE STAND,2,2011-02-09 12:46:00,20.79,,United Kingdom
545417,22848,BREAD BIN DINER STYLE PINK,2,2011-03-02 13:42:00,16.95,15622.0,United Kingdom
546686,22457,NATURAL SLATE HEART CHALKBOARD ,6,2011-03-16 09:52:00,2.95,14636.0,United Kingdom
544790,47566,PARTY BUNTING,4,2011-02-23 12:27:00,4.95,16940.0,United Kingdom
543116,85066,CREAM SWEETHEART MINI CHEST,2,2011-02-03 13:29:00,12.75,17672.0,United Kingdom
545583,21731,RED TOADSTOOL LED NIGHT LIGHT,12,2011-03-04 09:08:00,1.65,12553.0,France
542603,23231,WRAP DOILEY DESIGN,25,2011-01-30 12:09:00,0.42,16985.0,United Kingdom
544599,84913B,MINT GREEN ROSE TOWEL,2,2011-02-21 18:15:00,3.29,,United Kingdom
543543,75172,PAINTED SEA SHELL METAL WINDCHIME,2,2011-02-09 15:33:00,3.75,17843.0,United Kingdom
545687,84378,SET OF 3 HEART COOKIE CUTTERS,2,2011-03-06 12:20:00,1.25,17769.0,United Kingdom
543826,20751,FUNKY WASHING UP GLOVES ASSORTED,1,2011-02-14 09:41:00,4.13,,United Kingdom
544776,47566,PARTY BUNTING,8,2011-02-23 11:39:00,10.79,,United Kingdom
544434,22467,GUMBALL COAT RACK,1,2011-02-18 16:12:00,4.96,,United Kingdom
542932,22087,PAPER BUNTING WHITE LACE,12,2011-02-02 10:54:00,2.95,13089.0,United Kingdom
543309,20682,RED RETROSPOT CHILDRENS UMBRELLA,1,2011-02-07 12:05:00,3.25,18118.0,United Kingdom
546972,22077,6 RIBBONS RUSTIC CHARM,1,2011-03-18 12:04:00,4.13,,United Kingdom
544467,22784,LANTERN CREAM GAZEBO ,1,2011-02-20 15:51:00,4.95,14502.0,United Kingdom
545215,21790,VINTAGE SNAP CARDS,1,2011-02-28 16:47:00,1.63,,United Kingdom
546850,22029,SPACEBOY BIRTHDAY CARD,12,2011-03-17 13:20:00,0.42,13268.0,United Kingdom
542608,21454,PAINTED PINK RABBIT ,5,2011-01-30 13:51:00,0.85,16770.0,United Kingdom
544767,22357,KINGS CHOICE BISCUIT TIN,1,2011-02-23 11:10:00,8.29,,United Kingdom
544462,22720,SET OF 3 CAKE TINS PANTRY DESIGN ,3,2011-02-20 14:21:00,4.95,17050.0,United Kingdom
542862,22377,BOTTLE BAG RETROSPOT ,1,2011-02-01 11:51:00,2.1,14606.0,United Kingdom
543532,22318,FIVE HEART HANGING DECORATION,1,2011-02-09 12:59:00,5.79,,United Kingdom
542906,22739,RIBBON REEL CHRISTMAS SOCK BAUBLE,1,2011-02-01 15:12:00,3.29,,United Kingdom
543382,22760,"TRAY, BREAKFAST IN BED",1,2011-02-07 16:21:00,12.75,14030.0,United Kingdom
546861,84375,SET OF 20 KIDS COOKIE CUTTERS,12,2011-03-17 15:03:00,2.1,14911.0,EIRE
C543119,84380,SET OF 3 BUTTERFLY COOKIE CUTTERS,-1,2011-02-03 13:31:00,1.25,14606.0,United Kingdom
546912,22446,PIN CUSHION BABUSHKA PINK,3,2011-03-17 20:12:00,3.35,15861.0,United Kingdom
544160,21455,PAINTED YELLOW WOODEN DAISY,8,2011-02-16 12:49:00,0.85,16494.0,United Kingdom
545719,21977,PACK OF 60 PINK PAISLEY CAKE CASES,24,2011-03-07 10:28:00,0.55,13344.0,United Kingdom
543736,21755,LOVE BUILDING BLOCK WORD,12,2011-02-11 12:36:00,5.95,15044.0,United Kingdom
545398,22729,ALARM CLOCK BAKELIKE ORANGE,8,2011-03-02 11:43:00,3.75,13722.0,United Kingdom
546317,84375,SET OF 20 KIDS COOKIE CUTTERS,12,2011-03-11 09:07:00,2.1,14913.0,United Kingdom
546665,20802,SMALL GLASS SUNDAE DISH CLEAR,36,2011-03-15 15:06:00,1.45,15867.0,United Kingdom
543533,84970s,HANGING HEART ZINC T-LIGHT HOLDER,1,2011-02-09 13:00:00,2.08,,United Kingdom
542629,22560,TRADITIONAL MODELLING CLAY,48,2011-01-31 09:57:00,1.06,12731.0,France
542785,21922,UNION STRIPE WITH FRINGE  HAMMOCK,12,2011-02-01 10:14:00,6.95,13881.0,United Kingdom
546549,21918,SET 12 KIDS COLOUR  CHALK STICKS,4,2011-03-14 16:46:00,0.42,17799.0,United Kingdom
544286,21060,PARTY INVITES BALLOON GIRL,3,2011-02-17 12:29:00,0.85,13151.0,United Kingdom
543813,21038,SET/4 MODERN VINTAGE COTTON NAPKINS,2,2011-02-13 15:02:00,2.95,16897.0,United Kingdom
546111,21625,VINTAGE UNION JACK APRON,1,2011-03-09 12:39:00,6.95,14165.0,United Kingdom
544776,22835,HOT WATER BOTTLE I AM SO POORLY,2,2011-02-23 11:39:00,7.46,,United Kingdom
542624,22208,WOOD STAMP SET THANK YOU,1,2011-01-31 09:48:00,3.29,,United Kingdom
546533,79000,MOROCCAN TEA GLASS,12,2011-03-14 13:53:00,0.85,15388.0,Canada
543124,85014A,BLACK/BLUE POLKADOT UMBRELLA,1,2011-02-03 14:15:00,5.95,15311.0,United Kingdom
543639,21216,"SET 3 RETROSPOT TEA,COFFEE,SUGAR",1,2011-02-10 16:52:00,4.95,16725.0,United Kingdom
545873,21056,DOCTOR'S BAG SOFT TOY,3,2011-03-07 14:54:00,8.95,13092.0,United Kingdom
543045,22549,PICTURE DOMINOES,12,2011-02-03 09:04:00,1.45,14309.0,United Kingdom
545996,48185,DOORMAT FAIRY CAKE,2,2011-03-08 14:12:00,7.95,14367.0,United Kingdom
543463,22247,BUNNY DECORATION MAGIC GARDEN,1,2011-02-08 14:06:00,0.85,15311.0,United Kingdom
545231,22149,FELTCRAFT 6 FLOWER FRIENDS,6,2011-03-01 10:08:00,2.1,15194.0,United Kingdom
545074,22283,6 EGG HOUSE PAINTED WOOD,4,2011-02-28 09:28:00,7.95,17655.0,United Kingdom
543447,22858,EASTER TIN KEEPSAKE,12,2011-02-08 12:01:00,1.65,16265.0,United Kingdom
542534,21624,VINTAGE UNION JACK DOORSTOP,3,2011-01-28 13:27:00,5.95,13707.0,United Kingdom
543532,22668,PINK BABY BUNTING,1,2011-02-09 12:59:00,5.79,,United Kingdom
545217,85016,SET OF 6 VINTAGE NOTELETS KIT,1,2011-02-28 16:59:00,2.46,,United Kingdom
545157,21535,RED RETROSPOT SMALL MILK JUG,6,2011-02-28 13:27:00,2.55,14239.0,United Kingdom
544996,22487,WHITE WOOD GARDEN PLANT LADDER,1,2011-02-25 11:53:00,9.95,12474.0,Germany
550274,22089,PAPER BUNTING VINTAGE PAISLEY,6,2011-04-15 12:23:00,2.95,15498.0,United Kingdom
547810,22441,GROW YOUR OWN BASIL IN ENAMEL MUG,1,2011-03-25 14:00:00,2.1,,United Kingdom
546986,85186A,EASTER BUNNY GARLAND OF FLOWERS,24,2011-03-18 12:56:00,0.42,14194.0,United Kingdom
548011,20723,STRAWBERRY CHARLOTTE BAG,200,2011-03-29 11:14:00,0.72,14646.0,Netherlands
550633,90200B,BLACK SWEETHEART BRACELET,3,2011-04-19 14:57:00,4.25,17449.0,United Kingdom
550986,72760B,VINTAGE CREAM 3 BASKET CAKE STAND,1,2011-04-21 18:06:00,20.79,,United Kingdom
547892,22400,MAGNETS PACK OF 4 HOME SWEET HOME,12,2011-03-28 10:15:00,1.25,12669.0,France
551733,21175,GIN + TONIC DIET METAL SIGN,12,2011-05-04 10:15:00,2.55,13012.0,United Kingdom
547358,22560,TRADITIONAL MODELLING CLAY,2,2011-03-22 12:25:00,1.25,15998.0,United Kingdom
550474,22255,FELT TOADSTOOL  SMALL,2,2011-04-18 13:58:00,1.63,,United Kingdom
550997,22100,SKULLS SQUARE TISSUE BOX,12,2011-04-26 09:04:00,1.25,17735.0,United Kingdom
550541,85094,CANDY SPOT EGG WARMER RABBIT,1,2011-04-19 11:33:00,0.83,,United Kingdom
547504,21094,SET/6 RED SPOTTY PAPER PLATES,24,2011-03-23 13:33:00,0.85,12683.0,France
547063,22773,GREEN DRAWER KNOB ACRYLIC EDWARDIAN,24,2011-03-20 13:33:00,1.25,14769.0,United Kingdom
548663,21930,JUMBO STORAGE BAG SKULLS,2,2011-04-01 14:44:00,4.96,,United Kingdom
549826,48111,DOORMAT 3 SMILEY CATS,1,2011-04-12 12:53:00,7.95,15044.0,United Kingdom
548339,21827,,-42,2011-03-30 14:08:00,0.0,,United Kingdom
550317,21791,VINTAGE HEADS AND TAILS CARD GAME ,12,2011-04-17 11:56:00,1.25,15172.0,United Kingdom
548017,21977,PACK OF 60 PINK PAISLEY CAKE CASES,24,2011-03-29 11:42:00,0.55,16871.0,United Kingdom
547967,85199L,LARGE HANGING IVORY & RED WOOD BIRD,1,2011-03-28 15:49:00,1.25,,United Kingdom
547498,82494L,WOODEN FRAME ANTIQUE WHITE ,4,2011-03-23 12:24:00,2.95,15021.0,United Kingdom
548405,22961,JAM MAKING SET PRINTED,12,2011-03-31 09:48:00,1.45,17088.0,United Kingdom
547042,85131D,BEADED CRYSTAL HEART PINK ON STICK,1,2011-03-20 11:00:00,0.83,,United Kingdom
548333,22697,GREEN REGENCY TEACUP AND SAUCER,12,2011-03-30 13:44:00,2.95,15189.0,United Kingdom
548185,22558,CLOTHES PEGS RETROSPOT PACK 24 ,12,2011-03-29 14:58:00,1.49,15628.0,United Kingdom
C549530,22998,TRAVEL CARD WALLET KEEP CALM,-1,2011-04-08 17:03:00,0.42,13863.0,United Kingdom
550953,35911A,MULTICOLOUR RABBIT EGG WARMER,8,2011-04-21 16:17:00,0.83,,United Kingdom
549943,22585,PACK OF 6 BIRDY GIFT TAGS,1,2011-04-13 12:09:00,1.25,13544.0,United Kingdom
550488,23004,TRAVEL CARD WALLET PANTRY,10,2011-04-18 14:27:00,0.42,16729.0,United Kingdom
550209,21931,JUMBO STORAGE BAG SUKI,2,2011-04-15 10:39:00,4.13,,United Kingdom
550470,90214G,"LETTER ""G"" BLING KEY RING",1,2011-04-18 13:49:00,0.83,,United Kingdom
549250,20674,GREEN POLKADOT BOWL,1,2011-04-07 12:10:00,1.25,14446.0,United Kingdom
547400,82482,WOODEN PICTURE FRAME WHITE FINISH,2,2011-03-22 16:56:00,4.96,,United Kingdom
547334,22720,SET OF 3 CAKE TINS PANTRY DESIGN ,6,2011-03-22 11:43:00,4.95,15044.0,United Kingdom
550527,22037,ROBOT BIRTHDAY CARD,12,2011-04-19 10:48:00,0.42,12476.0,Germany
548894,35965,FOLKART HEART NAPKIN RINGS,1,2011-04-04 16:01:00,3.29,,United Kingdom
551776,22418,10 COLOUR SPACEBOY PEN,12,2011-05-04 11:23:00,0.85,13268.0,United Kingdom
550953,23199,JUMBO BAG APPLES,1,2011-04-21 16:17:00,4.13,,United Kingdom
551518,22626,BLACK KITCHEN SCALES,1,2011-05-01 11:36:00,8.5,15708.0,United Kingdom
547906,21174,POTTERING IN THE SHED METAL SIGN,2,2011-03-28 12:13:00,2.08,14410.0,United Kingdom
550838,22412,METAL SIGN NEIGHBOURHOOD WITCH ,2,2011-04-21 11:31:00,2.1,14577.0,United Kingdom
549000,35972,,-45,2011-04-05 14:35:00,0.0,,United Kingdom
547809,84978,HANGING HEART JAR T-LIGHT HOLDER,6,2011-03-25 13:54:00,1.25,12748.0,United Kingdom
550521,84992,72 SWEETHEART FAIRY CAKE CASES,24,2011-04-19 09:49:00,0.55,13647.0,United Kingdom
549949,72051S,BAG OF SILVER STONES,6,2011-04-13 12:57:00,0.42,13208.0,United Kingdom
550829,23146,TRIPLE HOOK ANTIQUE IVORY ROSE,2,2011-04-21 10:19:00,3.29,17841.0,United Kingdom
548308,22840,ROUND CAKE TIN VINTAGE RED,1,2011-03-30 12:00:00,7.95,17220.0,United Kingdom
549525,20886,BOX OF 9 PEBBLE CANDLES,1,2011-04-08 15:44:00,4.13,,United Kingdom
549678,22087,PAPER BUNTING WHITE LACE,40,2011-04-11 12:57:00,2.55,16525.0,United Kingdom
548545,90026D,GLASS BEAD HOOP NECKLACE AMETHYST,1,2011-03-31 19:12:00,8.5,13118.0,United Kingdom
549283,22969,HOMEMADE JAM SCENTED CANDLES,12,2011-04-07 13:32:00,1.45,13005.0,United Kingdom
550755,22585,PACK OF 6 BIRDY GIFT TAGS,24,2011-04-20 12:01:00,1.25,17548.0,United Kingdom
547273,85066,CREAM SWEETHEART MINI CHEST,2,2011-03-22 11:05:00,12.75,14530.0,United Kingdom
550651,21401,BLUE PUDDING SPOON,1,2011-04-19 16:52:00,0.12,15436.0,United Kingdom
C548355,22561,WOODEN SCHOOL COLOURING SET,-12,2011-03-30 15:06:00,1.65,12921.0,United Kingdom
551718,21931,JUMBO STORAGE BAG SUKI,9,2011-05-03 16:06:00,2.08,,United Kingdom
C549919,22672,FRENCH BATHROOM SIGN BLUE METAL,-2,2011-04-13 09:50:00,1.65,15201.0,United Kingdom
551301,21671,RED SPOT CERAMIC DRAWER KNOB,12,2011-04-27 14:49:00,1.25,17675.0,United Kingdom
551033,23207,LUNCH BAG ALPHABET DESIGN,1,2011-04-26 11:32:00,1.65,15039.0,United Kingdom
548522,21084,SET/6 COLLAGE PAPER CUPS,3,2011-03-31 16:43:00,0.83,,United Kingdom
547385,21731,RED TOADSTOOL LED NIGHT LIGHT,11,2011-03-22 15:48:00,3.29,,United Kingdom
547035,47591D,PINK FAIRY CAKE CHILDRENS APRON,8,2011-03-20 10:33:00,1.95,13911.0,United Kingdom
549118,21471,STRAWBERRY RAFFIA FOOD COVER,6,2011-04-06 13:18:00,3.75,14911.0,EIRE
550328,22055,MINI CAKE STAND  HANGING STRAWBERY,2,2011-04-17 13:18:00,1.65,17582.0,United Kingdom
550481,22499,WOODEN UNION JACK BUNTING,20,2011-04-18 14:08:00,5.95,17634.0,United Kingdom
C548857,21313,GLASS HEART T-LIGHT HOLDER ,-1,2011-04-04 13:28:00,0.64,15311.0,United Kingdom
C548356,22467,GUMBALL COAT RACK,-9,2011-03-30 15:12:00,2.55,12472.0,Germany
549023,22917,HERB MARKER ROSEMARY,1,2011-04-05 16:27:00,1.63,,United Kingdom
550986,22639,SET OF 4 NAPKIN CHARMS HEARTS,2,2011-04-21 18:06:00,4.96,,United Kingdom
551399,21625,VINTAGE UNION JACK APRON,3,2011-04-28 13:17:00,6.95,17874.0,United Kingdom
547950,35241,damages?,-40,2011-03-28 15:11:00,0.0,,United Kingdom
548666,84970L,SINGLE HEART ZINC T-LIGHT HOLDER,12,2011-04-01 14:58:00,0.95,13124.0,United Kingdom
551650,47566,PARTY BUNTING,12,2011-05-03 12:02:00,4.95,13089.0,United Kingdom
549551,22502,PICNIC BASKET WICKER SMALL,4,2011-04-10 11:48:00,5.95,15955.0,United Kingdom
551142,82482,WOODEN PICTURE FRAME WHITE FINISH,6,2011-04-26 13:22:00,2.55,17613.0,United Kingdom
551516,22385,JUMBO BAG SPACEBOY DESIGN,2,2011-05-01 11:10:00,2.08,14800.0,United Kingdom
550163,22991,GIRAFFE WOODEN RULER,12,2011-04-14 16:26:00,1.95,14154.0,United Kingdom
547195,21086,SET/6 RED SPOTTY PAPER CUPS,24,2011-03-21 12:42:00,0.65,17204.0,United Kingdom
548566,22258,FELT FARM ANIMAL RABBIT,24,2011-04-01 10:27:00,1.25,17288.0,United Kingdom
547697,22441,GROW YOUR OWN BASIL IN ENAMEL MUG,8,2011-03-24 16:23:00,2.1,14348.0,United Kingdom
548330,21937,STRAWBERRY   PICNIC BAG,3,2011-03-30 13:26:00,2.95,14810.0,United Kingdom
548191,22630,DOLLY GIRL LUNCH BOX,1,2011-03-29 15:20:00,4.13,,United Kingdom
549975,48138,DOORMAT UNION FLAG,2,2011-04-13 14:38:00,7.95,16175.0,United Kingdom
549958,21715,GIRLS VINTAGE TIN SEASIDE BUCKET,3,2011-04-13 13:47:00,2.55,17589.0,United Kingdom
550464,22630,DOLLY GIRL LUNCH BOX,2,2011-04-18 13:30:00,1.95,16550.0,United Kingdom
550986,22139,RETROSPOT TEA SET CERAMIC 11 PC ,1,2011-04-21 18:06:00,10.79,,United Kingdom
550474,37500,TEA TIME TEAPOT IN GIFT BOX,1,2011-04-18 13:58:00,8.29,,United Kingdom
551558,22664,TOY TIDY DOLLY GIRL DESIGN,2,2011-05-03 10:41:00,2.1,17841.0,United Kingdom
549813,84687,BEACH HUT SHELF W 3 DRAWERS,1,2011-04-12 12:16:00,5.95,17972.0,United Kingdom
547416,22425,ENAMEL COLANDER CREAM,6,2011-03-23 10:15:00,4.95,15410.0,United Kingdom
547497,21867,PINK UNION JACK  LUGGAGE TAG,4,2011-03-23 12:15:00,1.25,14461.0,United Kingdom
551547,21556,CERAMIC STRAWBERRY MONEY BOX,4,2011-05-03 09:44:00,4.13,,United Kingdom
547072,21238,RED RETROSPOT CUP,8,2011-03-20 14:01:00,0.85,13592.0,United Kingdom
549577,22209,WOOD STAMP SET HAPPY BIRTHDAY,12,2011-04-11 08:16:00,1.65,14286.0,United Kingdom
548510,21509,COWBOYS AND INDIANS BIRTHDAY CARD ,12,2011-03-31 15:02:00,0.42,17861.0,United Kingdom
547339,84406B,?,-450,2011-03-22 11:51:00,0.0,,United Kingdom
550492,22424,ENAMEL BREAD BIN CREAM,1,2011-04-18 14:44:00,12.75,14180.0,United Kingdom
549295,22979,PANTRY WASHING UP BRUSH,1,2011-04-07 19:49:00,3.29,,United Kingdom
548388,22807,SET OF 6 T-LIGHTS TOADSTOOLS,3,2011-03-30 16:52:00,2.95,13268.0,United Kingdom
549847,22963,JAM JAR WITH GREEN LID,12,2011-04-12 14:43:00,0.85,15358.0,United Kingdom
547874,22477,WATERING CAN GARDEN MARKER,10,2011-03-27 15:39:00,1.25,14476.0,United Kingdom
549425,47567B,TEA TIME KITCHEN APRON,4,2011-04-08 11:54:00,5.95,14030.0,United Kingdom
549771,84993A,75 GREEN PETIT FOUR CASES,24,2011-04-12 11:43:00,0.42,14669.0,United Kingdom
550471,21880,RED RETROSPOT TAPE,6,2011-04-18 13:52:00,0.42,,United Kingdom
550630,84666,SQUARE CHERRY BLOSSOM CABINET,6,2011-04-19 14:49:00,3.95,14298.0,United Kingdom
550447,22384,LUNCH BAG PINK POLKADOT,2,2011-04-18 12:36:00,1.65,16033.0,United Kingdom
549667,22743,MAKE YOUR OWN FLOWERPOWER CARD KIT,6,2011-04-11 12:20:00,2.95,14911.0,EIRE
548610,84926E,FLOWERS TILE COASTER,4,2011-04-01 11:28:00,1.25,15860.0,United Kingdom
549586,20728,LUNCH BAG CARS BLUE,13,2011-04-11 10:00:00,4.96,,United Kingdom
547658,22505,MEMO BOARD COTTAGE DESIGN,1,2011-03-24 13:04:00,4.95,13736.0,United Kingdom
549257,20749,ASSORTED COLOUR MINI CASES,1,2011-04-07 12:29:00,7.95,14465.0,United Kingdom
550208,35004B,SET OF 3 BLACK FLYING DUCKS,1,2011-04-15 10:39:00,12.46,,United Kingdom
550446,71459,HANGING JAM JAR T-LIGHT HOLDER,12,2011-04-18 12:36:00,0.85,13871.0,United Kingdom
550480,22521,CHILDS GARDEN TROWEL PINK,4,2011-04-18 14:05:00,0.85,13069.0,United Kingdom
551440,21447,12 IVORY ROSE PEG PLACE SETTINGS,3,2011-04-28 15:29:00,1.25,15311.0,United Kingdom
551418,20711,JUMBO BAG TOYS ,4,2011-04-28 13:50:00,2.08,17893.0,United Kingdom
547832,21928,JUMBO BAG SCANDINAVIAN BLUE PAISLEY,200,2011-03-25 16:25:00,1.65,17511.0,United Kingdom
550542,22227,HANGING HEART MIRROR DECORATION ,6,2011-04-19 11:37:00,1.25,,United Kingdom
549281,21123,SET/10 IVORY POLKADOT PARTY CANDLES,24,2011-04-07 13:19:00,1.25,17735.0,United Kingdom
551136,22429,ENAMEL MEASURING JUG CREAM,4,2011-04-26 13:05:00,4.25,15301.0,United Kingdom
550138,85202,HANGING WOOD AND FELT HEART,4,2011-04-14 14:02:00,0.42,12841.0,United Kingdom
547580,21231,SWEETHEART CERAMIC TRINKET BOX,12,2011-03-24 10:48:00,1.25,13488.0,United Kingdom
550279,20750,RED RETROSPOT MINI CASES,4,2011-04-15 13:16:00,7.95,14700.0,United Kingdom
549874,22399,MAGNETS PACK OF 4 CHILDHOOD MEMORY,2,2011-04-12 15:23:00,1.25,16919.0,United Kingdom
548612,85152,HAND OVER THE CHOCOLATE   SIGN ,1,2011-04-01 11:34:00,2.1,13137.0,United Kingdom
548993,21896,POTTING SHED TWINE,36,2011-04-05 13:56:00,2.1,12753.0,Japan
548188,21174,POTTERING IN THE SHED METAL SIGN,2,2011-03-29 15:12:00,2.08,13263.0,United Kingdom
550999,21878,PACK OF 6 SANDCASTLE FLAGS ASSORTED,24,2011-04-26 09:12:00,0.85,17670.0,United Kingdom
550470,21224,SET/4 SKULL BADGES,7,2011-04-18 13:49:00,0.83,,United Kingdom
547809,22523,CHILDS GARDEN FORK PINK,2,2011-03-25 13:54:00,0.85,12748.0,United Kingdom
548176,22284,HEN HOUSE DECORATION,1,2011-03-29 14:20:00,1.65,13439.0,United Kingdom
547552,82482,WOODEN PICTURE FRAME WHITE FINISH,2,2011-03-23 15:55:00,4.96,,United Kingdom
548373,90214J,"LETTER ""J"" BLING KEY RING",1,2011-03-30 16:34:00,0.83,,United Kingdom
551173,22952,60 CAKE CASES VINTAGE CHRISTMAS,1,2011-04-26 16:54:00,1.25,,United Kingdom
550006,22683,FRENCH BLUE METAL DOOR SIGN 8,1,2011-04-14 10:10:00,1.25,17841.0,United Kingdom
547206,22993,SET OF 4 PANTRY JELLY MOULDS,2,2011-03-21 14:18:00,1.25,16791.0,United Kingdom
550517,85123A,WHITE HANGING HEART T-LIGHT HOLDER,6,2011-04-19 08:17:00,2.95,14352.0,United Kingdom
549851,21508,VINTAGE KID DOLLY CARD ,12,2011-04-12 15:08:00,0.42,16062.0,United Kingdom
551534,85099B,JUMBO BAG RED RETROSPOT,50,2011-05-01 14:59:00,2.08,14655.0,United Kingdom
550946,22326,ROUND SNACK BOXES SET OF4 WOODLAND ,12,2011-04-21 15:52:00,2.95,12708.0,Germany
550470,20828,GLITTER BUTTERFLY CLIPS,1,2011-04-18 13:49:00,4.96,,United Kingdom
547510,21918,SET 12 KIDS COLOUR  CHALK STICKS,48,2011-03-23 13:42:00,0.42,15245.0,United Kingdom
547405,22860,EASTER TIN CHICKS PINK DAISY,6,2011-03-23 08:22:00,1.65,17705.0,United Kingdom
547358,21719,LOVELY BONBON STICKER SHEET,6,2011-03-22 12:25:00,0.85,15998.0,United Kingdom
548158,85152,HAND OVER THE CHOCOLATE   SIGN ,3,2011-03-29 13:28:00,2.1,15906.0,United Kingdom
548984,20725,LUNCH BAG RED RETROSPOT,2,2011-04-05 12:37:00,1.65,14546.0,United Kingdom
550821,84987,SET OF 36 TEATIME PAPER DOILIES,1,2011-04-21 08:54:00,1.45,12506.0,France
547509,22725,ALARM CLOCK BAKELIKE CHOCOLATE,8,2011-03-23 13:42:00,3.75,15606.0,United Kingdom
547273,22147,FELTCRAFT BUTTERFLY HEARTS,3,2011-03-22 11:05:00,1.45,14530.0,United Kingdom
550350,22605,WOODEN CROQUET GARDEN SET,1,2011-04-18 10:04:00,14.95,15491.0,United Kingdom
550662,85014B,RED RETROSPOT UMBRELLA,4,2011-04-20 09:29:00,5.95,15078.0,United Kingdom
550626,15034,PAPER POCKET TRAVELING FAN ,12,2011-04-19 14:23:00,0.14,13184.0,United Kingdom
547508,22629,SPACEBOY LUNCH BOX ,64,2011-03-23 13:39:00,1.65,12683.0,France
550474,22933,BAKING MOULD EASTER EGG MILK CHOC,3,2011-04-18 13:58:00,3.29,,United Kingdom
550992,22178,VICTORIAN GLASS HANGING T-LIGHT,6,2011-04-21 19:05:00,1.25,14512.0,United Kingdom
551623,85141,JARDIN ETCHED GLASS FRUITBOWL,2,2011-05-03 11:44:00,3.95,12843.0,United Kingdom
548313,22967,SET 3 SONG BIRD PAPER EGGS ASSORTED,3,2011-03-30 12:15:00,2.95,15353.0,United Kingdom
549933,22087,PAPER BUNTING WHITE LACE,6,2011-04-13 11:04:00,2.95,15230.0,United Kingdom
547786,82484,WOOD BLACK BOARD ANT WHITE FINISH,1,2011-03-25 11:44:00,7.9,14587.0,United Kingdom
547497,22771,CLEAR DRAWER KNOB ACRYLIC EDWARDIAN,12,2011-03-23 12:15:00,1.25,14461.0,United Kingdom
551339,22077,6 RIBBONS RUSTIC CHARM,1,2011-04-27 17:18:00,3.29,,United Kingdom
548353,22682,FRENCH BLUE METAL DOOR SIGN 7,15,2011-03-30 15:05:00,1.25,15980.0,United Kingdom
551268,47348A,FUSCHIA VOILE POINTY SHOE DEC,4,2011-04-27 12:08:00,0.39,16965.0,United Kingdom
549541,71459,HANGING JAM JAR T-LIGHT HOLDER,192,2011-04-10 10:16:00,0.72,17268.0,United Kingdom
547497,21000,ROSE DU SUD COSMETICS BAG,2,2011-03-23 12:15:00,4.25,14461.0,United Kingdom
547665,22989,SET 2 PANTRY DESIGN TEA TOWELS,6,2011-03-24 13:17:00,3.25,14256.0,United Kingdom
550164,20727,LUNCH BAG  BLACK SKULL.,10,2011-04-14 16:31:00,1.65,13590.0,United Kingdom
547497,22900, SET 2 TEA TOWELS I LOVE LONDON ,1,2011-03-23 12:15:00,2.95,14461.0,United Kingdom
548987,21668,RED STRIPE CERAMIC DRAWER KNOB,6,2011-04-05 12:50:00,1.25,14535.0,United Kingdom
547209,22273,FELTCRAFT DOLL MOLLY,6,2011-03-21 14:44:00,2.95,13081.0,United Kingdom
550984,85008,,1,2011-04-21 17:35:00,0.0,,United Kingdom
547485,84558A,3D DOG PICTURE PLAYING CARDS,1,2011-03-23 11:16:00,2.95,17019.0,United Kingdom
548367,22727,ALARM CLOCK BAKELIKE RED ,4,2011-03-30 15:51:00,3.75,17677.0,United Kingdom
549845,22804,CANDLEHOLDER PINK HANGING HEART,4,2011-04-12 14:22:00,2.95,16729.0,United Kingdom
550633,84836,ZINC METAL HEART DECORATION,4,2011-04-19 14:57:00,1.25,17449.0,United Kingdom
546993,22602,RETROSPOT WOODEN HEART DECORATION,5,2011-03-18 13:19:00,0.85,17921.0,United Kingdom
548514,48184,DOORMAT ENGLISH ROSE ,1,2011-03-31 16:03:00,14.13,,United Kingdom
549985,22659,LUNCH BOX I LOVE LONDON,6,2011-04-13 15:58:00,1.95,15640.0,United Kingdom
548203,22771,CLEAR DRAWER KNOB ACRYLIC EDWARDIAN,50,2011-03-29 16:40:00,2.95,,United Kingdom
548987,20754,RETROSPOT RED WASHING UP GLOVES,2,2011-04-05 12:50:00,2.1,14535.0,United Kingdom
549007,84596G,SMALL CHOCOLATES PINK BOWL,24,2011-04-05 14:38:00,0.42,17470.0,United Kingdom
548516,22413,METAL SIGN TAKE IT OR LEAVE IT ,2,2011-03-31 16:28:00,5.79,,United Kingdom
547772,22662,LUNCH BAG DOLLY GIRL DESIGN,1,2011-03-25 11:34:00,1.65,17979.0,United Kingdom
548404,22457,NATURAL SLATE HEART CHALKBOARD ,6,2011-03-31 09:38:00,2.95,16398.0,United Kingdom
547206,22859,EASTER TIN BUNNY BOUQUET,1,2011-03-21 14:18:00,1.65,16791.0,United Kingdom
548616,22615,PACK OF 12 CIRCUS PARADE TISSUES ,24,2011-04-01 11:48:00,0.29,18263.0,United Kingdom
551816,21080,SET/20 RED RETROSPOT PAPER NAPKINS ,6,2011-05-04 11:50:00,0.85,15906.0,United Kingdom
548529,48111,DOORMAT 3 SMILEY CATS,2,2011-03-31 16:56:00,7.95,18223.0,United Kingdom
548993,20723,STRAWBERRY CHARLOTTE BAG,50,2011-04-05 13:56:00,0.85,12753.0,Japan
551349,22993,SET OF 4 PANTRY JELLY MOULDS,12,2011-04-28 10:03:00,1.25,14740.0,United Kingdom
549155,21402,RED  EGG  SPOON,2,2011-04-06 17:08:00,0.42,,United Kingdom
551275,23147,SINGLE ANTIQUE ROSE HOOK IVORY,12,2011-04-27 13:03:00,1.45,13285.0,United Kingdom
550662,22386,JUMBO BAG PINK POLKADOT,10,2011-04-20 09:29:00,2.08,15078.0,United Kingdom
547829,21442,GREEN BIRDHOUSE DECORATION,12,2011-03-25 15:24:00,0.85,16081.0,United Kingdom
551006,22411,JUMBO SHOPPER VINTAGE RED PAISLEY,1,2011-04-26 09:48:00,4.13,,United Kingdom
550500,21211,SET OF 72 SKULL PAPER  DOILIES,1,2011-04-18 15:26:00,2.92,,United Kingdom
549524,21195,PINK  HONEYCOMB PAPER BALL ,8,2011-04-08 15:42:00,4.13,,United Kingdom
551293,21866,UNION JACK FLAG LUGGAGE TAG,12,2011-04-27 14:28:00,1.06,14298.0,United Kingdom
548894,20717,STRAWBERRY SHOPPER BAG,1,2011-04-04 16:01:00,2.46,,United Kingdom
550805,37327,ASSTD MULTICOLOUR CIRCLES MUG,48,2011-04-20 15:38:00,0.39,13162.0,United Kingdom
549017,20981,12 PENCILS TALL TUBE WOODLAND,12,2011-04-05 15:20:00,0.85,15145.0,United Kingdom
549261,22285,HANGING HEN ON NEST DECORATION,6,2011-04-07 12:35:00,1.65,14903.0,United Kingdom
550332,21843,RED RETROSPOT CAKE STAND,1,2011-04-17 13:53:00,10.95,13474.0,United Kingdom
551655,22193,RED DINER WALL CLOCK,1,2011-05-03 12:07:00,8.5,17757.0,United Kingdom
550532,84375,SET OF 20 KIDS COOKIE CUTTERS,1,2011-04-19 11:02:00,2.1,14606.0,United Kingdom
550130,22384,LUNCH BAG PINK POLKADOT,2,2011-04-14 13:17:00,1.65,14390.0,United Kingdom
547659,22785,SQUARECUSHION COVER PINK UNION FLAG,4,2011-03-24 13:05:00,6.75,12434.0,Australia
551393,21974,SET OF 36 PAISLEY FLOWER DOILIES,12,2011-04-28 12:22:00,1.45,14973.0,United Kingdom
551033,21989,PACK OF 20 SKULL PAPER NAPKINS,4,2011-04-26 11:32:00,0.85,15039.0,United Kingdom
549524,22361,GLASS JAR DAISY FRESH COTTON WOOL,1,2011-04-08 15:42:00,5.79,,United Kingdom
551136,22425,ENAMEL COLANDER CREAM,3,2011-04-26 13:05:00,4.95,15301.0,United Kingdom
551747,35471D,SET OF 3 BIRD LIGHT PINK FEATHER ,24,2011-05-04 11:00:00,0.65,14298.0,United Kingdom
548664,22169,FAMILY ALBUM WHITE PICTURE FRAME,2,2011-04-01 14:45:00,8.5,14911.0,EIRE
551000,22749,FELTCRAFT PRINCESS CHARLOTTE DOLL,4,2011-04-26 09:15:00,3.75,18172.0,United Kingdom
550471,47574A,ENGLISH ROSE SCENTED HANGING FLOWER,1,2011-04-18 13:52:00,2.46,,United Kingdom
551014,22546,MINI JIGSAW PURDEY,24,2011-04-26 11:04:00,0.42,13209.0,United Kingdom
547346,21000,,-41,2011-03-22 11:56:00,0.0,,United Kingdom
550054,23207,LUNCH BAG ALPHABET DESIGN,10,2011-04-14 12:00:00,1.65,14040.0,United Kingdom
549543,22521,CHILDS GARDEN TROWEL PINK,2,2011-04-10 11:14:00,0.85,18118.0,United Kingdom
549240,23159,SET OF 5 PANCAKE DAY MAGNETS,2,2011-04-07 11:37:00,2.08,15910.0,United Kingdom
549525,22502,PICNIC BASKET WICKER SMALL,1,2011-04-08 15:44:00,10.79,,United Kingdom
551301,23205,CHARLOTTE BAG VINTAGE ALPHABET ,10,2011-04-27 14:49:00,0.85,17675.0,United Kingdom
551650,21507,"ELEPHANT, BIRTHDAY CARD, ",12,2011-05-03 12:02:00,0.42,13089.0,United Kingdom
548648,82482,WOODEN PICTURE FRAME WHITE FINISH,6,2011-04-01 13:20:00,2.55,12949.0,United Kingdom
550474,21401,BLUE PUDDING SPOON,3,2011-04-18 13:58:00,0.42,,United Kingdom
549547,22722,SET OF 6 SPICE TINS PANTRY DESIGN,2,2011-04-10 11:33:00,3.95,16359.0,United Kingdom
550953,84913B,MINT GREEN ROSE TOWEL,2,2011-04-21 16:17:00,3.29,,United Kingdom
548208,82581,TOILET METAL SIGN,12,2011-03-29 17:12:00,0.55,14189.0,United Kingdom
547251,84991,60 TEATIME FAIRY CAKE CASES,24,2011-03-22 09:43:00,0.55,17865.0,United Kingdom
547664,84596E,SMALL LICORICE DES PINK BOWL,40,2011-03-24 13:16:00,0.42,13069.0,United Kingdom
547497,21625,VINTAGE UNION JACK APRON,4,2011-03-23 12:15:00,6.95,14461.0,United Kingdom
549123,47590A,BLUE HAPPY BIRTHDAY BUNTING,3,2011-04-06 14:02:00,5.45,15201.0,United Kingdom
550439,22766,PHOTO FRAME CORNICE,4,2011-04-18 12:17:00,2.95,18231.0,United Kingdom
C551778,21231,SWEETHEART CERAMIC TRINKET BOX,-2,2011-05-04 11:23:00,1.25,18220.0,United Kingdom
547383,22663,JUMBO BAG DOLLY GIRL DESIGN,10,2011-03-22 15:42:00,1.95,12613.0,Germany
550906,21090,SET/6 COLLAGE PAPER PLATES,48,2011-04-21 12:34:00,0.39,14298.0,United Kingdom
547967,20712,JUMBO BAG WOODLAND ANIMALS,1,2011-03-28 15:49:00,4.13,,United Kingdom
550831,48187,DOORMAT NEW ENGLAND,2,2011-04-21 10:29:00,7.95,13534.0,United Kingdom
547820,22493,PAINT YOUR OWN CANVAS SET,12,2011-03-25 14:46:00,1.65,13743.0,United Kingdom
551173,21222,SET/4 BADGES BEETLES,1,2011-04-26 16:54:00,2.46,,United Kingdom
550302,22283,6 EGG HOUSE PAINTED WOOD,4,2011-04-17 10:17:00,7.95,14156.0,EIRE
549575,21385,IVORY HANGING DECORATION  HEART,10,2011-04-10 16:04:00,0.85,13956.0,United Kingdom
550006,84992,72 SWEETHEART FAIRY CAKE CASES,1,2011-04-14 10:10:00,0.55,17841.0,United Kingdom
548900,21340,CLASSIC METAL BIRDCAGE PLANT HOLDER,8,2011-04-04 16:36:00,9.95,17848.0,United Kingdom
547063,22924,FRIDGE MAGNETS LA VIE EN ROSE,12,2011-03-20 13:33:00,0.85,14769.0,United Kingdom
550518,21927,BLUE/CREAM STRIPE CUSHION COVER ,12,2011-04-19 08:55:00,1.25,16628.0,United Kingdom
550499,22241,GARLAND WOODEN HAPPY EASTER,3,2011-04-18 15:16:00,2.46,,United Kingdom
550941,21181,PLEASE ONE PERSON METAL SIGN,3,2011-04-21 15:46:00,2.1,17109.0,United Kingdom
548893,22247,BUNNY DECORATION MAGIC GARDEN,1,2011-04-04 15:54:00,1.63,,United Kingdom
548310,22278,OVERNIGHT BAG VINTAGE ROSE PAISLEY,2,2011-03-30 12:04:00,4.95,,United Kingdom
549525,22473,TV DINNER TRAY VINTAGE PAISLEY,1,2011-04-08 15:44:00,10.79,,United Kingdom
547553,22566,FELTCRAFT HAIRBAND PINK AND PURPLE,2,2011-03-23 16:00:00,0.85,15644.0,United Kingdom
547794,22693,GROW A FLYTRAP OR SUNFLOWER IN TIN,24,2011-03-25 12:13:00,1.25,14085.0,United Kingdom
551603,21175,GIN + TONIC DIET METAL SIGN,4,2011-05-03 11:34:00,2.55,16745.0,United Kingdom
547397,21936,RED RETROSPOT PICNIC BAG,1,2011-03-22 16:55:00,5.79,,United Kingdom
547567,85049G,CHOCOLATE BOX RIBBONS ,12,2011-03-24 09:44:00,1.25,17644.0,United Kingdom
549237,22530,MAGIC DRAWING SLATE DOLLY GIRL ,24,2011-04-07 11:29:00,0.42,13950.0,United Kingdom
550188,84086C,PINK/PURPLE RETRO RADIO,12,2011-04-14 18:57:00,2.95,12457.0,Switzerland
550470,48138,DOORMAT UNION FLAG,1,2011-04-18 13:49:00,15.79,,United Kingdom
547890,84375,SET OF 20 KIDS COOKIE CUTTERS,52,2011-03-28 10:03:00,2.1,17227.0,United Kingdom
547990,22892,SET OF SALT AND PEPPER TOADSTOOLS,12,2011-03-29 09:53:00,1.25,15589.0,United Kingdom
551603,21929,JUMBO BAG PINK VINTAGE PAISLEY,10,2011-05-03 11:34:00,2.08,16745.0,United Kingdom
550986,85131A,BEADED PEARL HEART WHITE ON STICK,16,2011-04-21 18:06:00,0.83,,United Kingdom
549771,22195,LARGE HEART MEASURING SPOONS,2,2011-04-12 11:43:00,1.65,14669.0,United Kingdom
551173,21871,SAVE THE PLANET MUG,1,2011-04-26 16:54:00,3.29,,United Kingdom
548217,85123A,WHITE HANGING HEART T-LIGHT HOLDER,32,2011-03-30 09:31:00,2.55,17616.0,United Kingdom
550515,20803,SMALL PINK GLASS SUNDAE DISH,6,2011-04-18 17:29:00,0.39,14502.0,United Kingdom
547386,22798,ANTIQUE GLASS DRESSING TABLE POT,1,2011-03-22 15:52:00,5.79,,United Kingdom
549250,20760,GARDEN PATH POCKET BOOK,6,2011-04-07 12:10:00,0.85,14446.0,United Kingdom
551693,21506,"FANCY FONT BIRTHDAY CARD, ",12,2011-05-03 13:36:00,0.42,15582.0,United Kingdom
548608,23176,ABC TREASURE BOOK BOX ,8,2011-04-01 11:20:00,2.25,13462.0,United Kingdom
547055,84459B,YELLOW METAL CHICKEN HEART ,1,2011-03-20 12:14:00,1.49,16444.0,United Kingdom
547910,22384,LUNCH BAG PINK POLKADOT,3,2011-03-28 12:23:00,1.65,14159.0,United Kingdom
549966,22244,3 HOOK HANGER MAGIC GARDEN,12,2011-04-13 14:17:00,1.95,16224.0,United Kingdom
551274,22759,SET OF 3 NOTEBOOKS IN PARCEL,24,2011-04-27 12:57:00,1.65,14235.0,United Kingdom
551558,72349B,SET/6 PURPLE BUTTERFLY T-LIGHTS,5,2011-05-03 10:41:00,2.1,17841.0,United Kingdom
550994,85066,CREAM SWEETHEART MINI CHEST,2,2011-04-21 19:55:00,12.75,14562.0,United Kingdom
548376,22533,,-80,2011-03-30 16:39:00,0.0,,United Kingdom
547076,22148,EASTER CRAFT 4 CHICKS ,12,2011-03-20 14:37:00,1.95,15140.0,United Kingdom
546984,22385,JUMBO BAG SPACEBOY DESIGN,2,2011-03-18 12:35:00,1.95,15019.0,United Kingdom
549852,48129,DOORMAT TOPIARY,2,2011-04-12 15:08:00,7.95,14289.0,United Kingdom
547248,21519,GIN & TONIC DIET GREETING CARD ,1,2011-03-22 09:23:00,0.83,,United Kingdom
551035,22045,SPACEBOY GIFT WRAP,25,2011-04-26 11:34:00,0.42,15065.0,United Kingdom
C547104,85194L,HANGING SPRING FLOWER EGG LARGE,-8,2011-03-21 11:02:00,0.85,16817.0,United Kingdom
550071,22996,TRAVEL CARD WALLET VINTAGE TICKET,24,2011-04-14 12:12:00,0.42,16735.0,United Kingdom
550978,21205,MULTICOLOUR 3D BALLS GARLAND,6,2011-04-21 17:31:00,2.55,13983.0,United Kingdom
551004,22524,CHILDRENS GARDEN GLOVES BLUE,1,2011-04-26 09:48:00,3.29,,United Kingdom
551259,22423,REGENCY CAKESTAND 3 TIER,150,2011-04-27 12:04:00,10.95,17949.0,United Kingdom
551423,20765,CHRYSANTHEMUM SKETCHBOOK ,1,2011-04-28 14:31:00,3.75,,United Kingdom
551693,22460,EMBOSSED GLASS TEALIGHT HOLDER,12,2011-05-03 13:36:00,1.25,15582.0,United Kingdom
550471,22333,RETROSPOT PARTY BAG + STICKER SET,1,2011-04-18 13:52:00,3.29,,United Kingdom
547876,84796B,BLUE SAVANNAH PICNIC HAMPER FOR 2,1,2011-03-27 15:41:00,12.75,16638.0,United Kingdom
547663,47590B,PINK HAPPY BIRTHDAY BUNTING,1,2011-03-24 13:16:00,5.45,16022.0,United Kingdom
547639,22693,GROW A FLYTRAP OR SUNFLOWER IN TIN,24,2011-03-24 11:34:00,1.25,17698.0,United Kingdom
547529,21841,,1,2011-03-23 15:05:00,0.0,,United Kingdom
550301,23230,WRAP ALPHABET DESIGN,25,2011-04-17 10:15:00,0.42,17243.0,United Kingdom
548151,47566,PARTY BUNTING,4,2011-03-29 12:57:00,4.95,13803.0,United Kingdom
547566,POST,POSTAGE,1,2011-03-24 09:42:00,27.0,12811.0,Portugal
549646,22819,"BIRTHDAY CARD, RETRO SPOT",12,2011-04-11 11:51:00,0.42,12982.0,United Kingdom
550499,22090,PAPER BUNTING RETROSPOT,1,2011-04-18 15:16:00,5.79,,United Kingdom
550633,21166,COOK WITH WINE METAL SIGN ,3,2011-04-19 14:57:00,2.08,17449.0,United Kingdom
C547232,22424,ENAMEL BREAD BIN CREAM,-1,2011-03-21 16:15:00,12.75,12994.0,United Kingdom
547066,21123,SET/10 IVORY POLKADOT PARTY CANDLES,24,2011-03-20 13:41:00,1.25,12921.0,United Kingdom
547786,21916,SET 12 RETRO WHITE CHALK STICKS,3,2011-03-25 11:44:00,0.42,14587.0,United Kingdom
550499,21932,SCANDINAVIAN PAISLEY PICNIC BAG,1,2011-04-18 15:16:00,5.79,,United Kingdom
548162,22898,CHILDRENS APRON APPLES DESIGN,3,2011-03-29 13:42:00,4.96,,United Kingdom
549155,47574A,ENGLISH ROSE SCENTED HANGING FLOWER,9,2011-04-06 17:08:00,2.46,,United Kingdom
548400,82581,TOILET METAL SIGN,3,2011-03-30 17:33:00,0.55,17400.0,United Kingdom
551088,22457,NATURAL SLATE HEART CHALKBOARD ,6,2011-04-26 12:31:00,2.95,14640.0,United Kingdom
547358,22751,FELTCRAFT PRINCESS OLIVIA DOLL,1,2011-03-22 12:25:00,3.75,15998.0,United Kingdom
547005,23177,TREASURE ISLAND BOOK BOX,8,2011-03-18 14:20:00,2.25,12474.0,Germany
547516,22457,NATURAL SLATE HEART CHALKBOARD ,12,2011-03-23 14:04:00,2.95,15189.0,United Kingdom
549874,48187,DOORMAT NEW ENGLAND,2,2011-04-12 15:23:00,7.95,16919.0,United Kingdom
548893,22026,BANQUET BIRTHDAY  CARD  ,2,2011-04-04 15:54:00,0.83,,United Kingdom
547510,21174,POTTERING IN THE SHED METAL SIGN,12,2011-03-23 13:42:00,2.08,15245.0,United Kingdom
550145,23052,RECYCLED ACAPULCO MAT TURQUOISE,4,2011-04-14 14:15:00,8.25,12637.0,France
548162,21082,SET/20 FRUIT SALAD PAPER NAPKINS ,4,2011-03-29 13:42:00,1.63,,United Kingdom
550968,22384,LUNCH BAG PINK POLKADOT,10,2011-04-21 16:59:00,1.65,14961.0,United Kingdom
550579,21240,BLUE POLKADOT CUP,8,2011-04-19 11:52:00,0.85,13266.0,United Kingdom
546991,22403,MAGNETS PACK OF 4 VINTAGE LABELS ,6,2011-03-18 13:08:00,1.25,12748.0,United Kingdom
547664,21439,BASKET OF TOADSTOOLS,1,2011-03-24 13:16:00,1.25,13069.0,United Kingdom
547880,22763,KEY CABINET MA CAMPAGNE,1,2011-03-27 16:05:00,9.95,15426.0,United Kingdom
548666,23176,ABC TREASURE BOOK BOX ,3,2011-04-01 14:58:00,2.25,13124.0,United Kingdom
549250,22695,WICKER WREATH SMALL,2,2011-04-07 12:10:00,1.45,14446.0,United Kingdom
550264,21080,SET/20 RED RETROSPOT PAPER NAPKINS ,12,2011-04-15 12:05:00,0.85,13426.0,United Kingdom
548185,21155,RED RETROSPOT PEG BAG,6,2011-03-29 14:58:00,2.55,15628.0,United Kingdom
550130,22374,AIRLINE BAG VINTAGE JET SET RED,2,2011-04-14 13:17:00,4.25,14390.0,United Kingdom
549192,22460,EMBOSSED GLASS TEALIGHT HOLDER,12,2011-04-07 10:20:00,1.25,14961.0,United Kingdom
547881,22230,JIGSAW TREE WITH WATERING CAN,2,2011-03-27 16:08:00,0.85,13110.0,United Kingdom
547547,22893,MINI CAKE STAND T-LIGHT HOLDER,5,2011-03-23 15:30:00,0.83,,United Kingdom
551277,21867,PINK UNION JACK  LUGGAGE TAG,3,2011-04-27 13:06:00,1.25,13637.0,United Kingdom
550838,22376,AIRLINE BAG VINTAGE JET SET WHITE,2,2011-04-21 11:31:00,4.25,14577.0,United Kingdom
549588,22027,TEA PARTY BIRTHDAY CARD,12,2011-04-11 10:04:00,0.42,12428.0,Finland
547892,22197,SMALL POPCORN HOLDER,12,2011-03-28 10:15:00,0.85,12669.0,France
550515,22128,PARTY CONES CANDY ASSORTED,6,2011-04-18 17:29:00,1.25,14502.0,United Kingdom
547949,22423,REGENCY CAKESTAND 3 TIER,6,2011-03-28 15:10:00,12.75,14021.0,United Kingdom
549574,84755,COLOUR GLASS T-LIGHT HOLDER HANGING,32,2011-04-10 16:02:00,0.65,18226.0,United Kingdom
548984,22907,PACK OF 20 NAPKINS PANTRY DESIGN,2,2011-04-05 12:37:00,0.85,14546.0,United Kingdom
550302,22520,CHILDS GARDEN TROWEL BLUE ,12,2011-04-17 10:17:00,0.85,14156.0,EIRE
549118,21890,S/6 WOODEN SKITTLES IN COTTON BAG,6,2011-04-06 13:18:00,3.25,14911.0,EIRE
547672,85094,CANDY SPOT EGG WARMER RABBIT,16,2011-03-24 13:54:00,0.19,17754.0,United Kingdom
551009,48138,DOORMAT UNION FLAG,2,2011-04-26 09:50:00,14.13,,United Kingdom
548309,22711,WRAP CIRCUS PARADE,25,2011-03-30 12:02:00,0.42,16657.0,United Kingdom
548373,21693,SMALL HAMMERED SILVER CANDLEPOT ,1,2011-03-30 16:34:00,5.79,,United Kingdom
550479,22964,3 PIECE SPACEBOY COOKIE CUTTER SET,6,2011-04-18 14:01:00,2.1,15625.0,United Kingdom
549735,47566,PARTY BUNTING,50,2011-04-12 08:42:00,4.15,13824.0,United Kingdom
547243,85049G,CHOCOLATE BOX RIBBONS ,2,2011-03-21 16:59:00,1.25,17231.0,United Kingdom
547034,22193,RED DINER WALL CLOCK,2,2011-03-20 10:30:00,8.5,18229.0,United Kingdom
550523,23078,ICE CREAM PEN LIP GLOSS ,24,2011-04-19 10:08:00,1.25,15594.0,United Kingdom
549155,22976,CIRCUS PARADE CHILDRENS EGG CUP ,1,2011-04-06 17:08:00,2.46,,United Kingdom
549537,22992,REVOLVER WOODEN RULER ,1,2011-04-08 17:22:00,1.95,,United Kingdom
547715,22030,SWALLOWS GREETING CARD,12,2011-03-25 08:50:00,0.42,12520.0,Germany
547509,22243,5 HOOK HANGER RED MAGIC TOADSTOOL,12,2011-03-23 13:42:00,1.65,15606.0,United Kingdom
551347,23231,WRAP DOILEY DESIGN,25,2011-04-28 09:20:00,0.42,15768.0,United Kingdom
550630,47021G,SET/6 BEAD COASTERS GAUZE BAG GOLD,48,2011-04-19 14:49:00,0.39,14298.0,United Kingdom
548490,21559,STRAWBERRY LUNCH BOX WITH CUTLERY,6,2011-03-31 13:13:00,2.55,12909.0,United Kingdom
550311,21770,OPEN CLOSED METAL SIGN,1,2011-04-17 11:04:00,4.95,16728.0,United Kingdom
547358,21181,PLEASE ONE PERSON METAL SIGN,1,2011-03-22 12:25:00,2.1,15998.0,United Kingdom
547485,84991,60 TEATIME FAIRY CAKE CASES,3,2011-03-23 11:16:00,0.55,17019.0,United Kingdom
548152,22413,METAL SIGN TAKE IT OR LEAVE IT ,6,2011-03-29 13:04:00,2.95,17398.0,United Kingdom
547096,22697,GREEN REGENCY TEACUP AND SAUCER,6,2011-03-21 09:13:00,2.95,15669.0,United Kingdom
547969,22521,CHILDS GARDEN TROWEL PINK,3,2011-03-28 16:27:00,0.85,17238.0,United Kingdom
550130,22375,AIRLINE BAG VINTAGE JET SET BROWN,2,2011-04-14 13:17:00,4.25,14390.0,United Kingdom
548712,85203,HANGING WOOD AND FELT BUTTERFLY ,20,2011-04-03 14:42:00,0.42,17050.0,United Kingdom
550500,22912,YELLOW COAT RACK PARIS FASHION,2,2011-04-18 15:26:00,4.95,,United Kingdom
551010,DOT,DOTCOM POSTAGE,1,2011-04-26 09:52:00,119.13,,United Kingdom
547730,22649,STRAWBERRY FAIRY CAKE TEAPOT,3,2011-03-25 11:01:00,4.95,14796.0,United Kingdom
549741,22061,LARGE CAKE STAND  HANGING STRAWBERY,2,2011-04-12 09:53:00,9.95,13655.0,United Kingdom
549262,21918,SET 12 KIDS COLOUR  CHALK STICKS,1,2011-04-07 12:38:00,0.42,14465.0,United Kingdom
551559,22753,SMALL YELLOW BABUSHKA NOTEBOOK ,72,2011-05-03 10:42:00,0.72,16133.0,United Kingdom
547626,20973,,60,2011-03-24 11:30:00,0.0,,United Kingdom
547799,22423,REGENCY CAKESTAND 3 TIER,4,2011-03-25 12:48:00,12.75,17139.0,United Kingdom
549552,22424,ENAMEL BREAD BIN CREAM,1,2011-04-10 11:58:00,12.75,13508.0,United Kingdom
549571,21755,LOVE BUILDING BLOCK WORD,3,2011-04-10 15:25:00,5.95,15655.0,United Kingdom
549047,22555,PLASTERS IN TIN STRONGMAN,1,2011-04-06 10:07:00,1.65,17783.0,United Kingdom
551282,23284,DOORMAT KEEP CALM AND COME IN,2,2011-04-27 13:44:00,7.95,16919.0,United Kingdom
551293,23205,CHARLOTTE BAG VINTAGE ALPHABET ,40,2011-04-27 14:28:00,0.72,14298.0,United Kingdom
549832,22489,PACK OF 12 TRADITIONAL CRAYONS,24,2011-04-12 13:10:00,0.42,17278.0,United Kingdom
551384,22423,REGENCY CAKESTAND 3 TIER,16,2011-04-28 11:31:00,10.95,15223.0,United Kingdom
547892,21983,PACK OF 12 BLUE PAISLEY TISSUES ,24,2011-03-28 10:15:00,0.29,12669.0,France
548894,21418,STARFISH SOAP DISH,1,2011-04-04 16:01:00,4.96,,United Kingdom
549926,84077,WORLD WAR 2 GLIDERS ASSTD DESIGNS,1728,2011-04-13 10:14:00,0.21,16333.0,United Kingdom
547389,21617,4 LILY  BOTANICAL DINNER CANDLES,2,2011-03-22 16:08:00,3.75,16721.0,United Kingdom
547028,84750A,PINK SMALL GLASS CAKE STAND,24,2011-03-20 10:13:00,1.95,13593.0,United Kingdom
550212,22383,LUNCH BAG SUKI DESIGN ,1,2011-04-15 10:41:00,4.96,,United Kingdom
547488,21033,JUMBO BAG CHARLIE AND LOLA TOYS,2,2011-03-23 11:30:00,2.95,13821.0,United Kingdom
551705,22655,damages/showroom etc,-11,2011-05-03 14:35:00,0.0,,United Kingdom
549120,22525,CHILDRENS GARDEN GLOVES PINK,2,2011-04-06 13:28:00,1.25,14587.0,United Kingdom
549743,22029,SPACEBOY BIRTHDAY CARD,12,2011-04-12 10:05:00,0.42,16186.0,United Kingdom
551438,21390,FILIGRIS HEART WITH BUTTERFLY,48,2011-04-28 15:23:00,1.25,13408.0,United Kingdom
549537,85176,SEWING SUSAN 21 NEEDLE SET,1,2011-04-08 17:22:00,0.85,,United Kingdom
547830,22241,GARLAND WOODEN HAPPY EASTER,2,2011-03-25 15:50:00,2.46,,United Kingdom
551739,22433,WATERING CAN GREEN DINOSAUR,1,2011-05-04 10:58:00,1.95,18118.0,United Kingdom
550183,21754,HOME BUILDING BLOCK WORD,9,2011-04-14 17:58:00,5.95,14105.0,United Kingdom
549524,20617,FIRST CLASS PASSPORT COVER ,2,2011-04-08 15:41:00,4.13,,United Kingdom
547947,21936,RED RETROSPOT PICNIC BAG,10,2011-03-28 15:03:00,2.95,15032.0,United Kingdom
549568,21212,PACK OF 72 RETROSPOT CAKE CASES,24,2011-04-10 15:09:00,0.55,15665.0,United Kingdom
548650,22557,PLASTERS IN TIN VINTAGE PAISLEY ,12,2011-04-01 13:22:00,1.65,14852.0,United Kingdom
551739,21902,"KEY FOB , FRONT  DOOR ",2,2011-05-04 10:58:00,0.65,18118.0,United Kingdom
548984,21382,SET/4 SPRING FLOWER DECORATION,4,2011-04-05 12:37:00,2.95,14546.0,United Kingdom
C549438,23155,KNICKERBOCKERGLORY MAGNET ASSORTED ,-2,2011-04-08 12:39:00,0.83,12471.0,Germany
550835,22558,CLOTHES PEGS RETROSPOT PACK 24 ,3,2011-04-21 10:52:00,1.65,15034.0,United Kingdom
547382,22382,LUNCH BAG SPACEBOY DESIGN ,2,2011-03-22 15:31:00,1.65,15457.0,United Kingdom
550359,20886,BOX OF 9 PEBBLE CANDLES,3,2011-04-18 10:41:00,1.95,17841.0,United Kingdom
549588,47599A,PINK PARTY BAGS,6,2011-04-11 10:04:00,2.1,12428.0,Finland
547489,21524,DOORMAT SPOTTY HOME SWEET HOME,4,2011-03-23 11:44:00,7.95,17830.0,United Kingdom
548604,22274,FELTCRAFT DOLL EMILY,1,2011-04-01 10:58:00,2.95,,United Kingdom
550313,23155,KNICKERBOCKERGLORY MAGNET ASSORTED ,24,2011-04-17 11:21:00,0.83,12681.0,France
547663,22631,CIRCUS PARADE LUNCH BOX ,4,2011-03-24 13:16:00,1.95,16022.0,United Kingdom
548405,22617,BAKING SET SPACEBOY DESIGN,3,2011-03-31 09:48:00,4.95,17088.0,United Kingdom
549713,21713,CITRONELLA CANDLE FLOWERPOT,2,2011-04-11 14:11:00,2.1,17611.0,United Kingdom
547967,22670,FRENCH WC SIGN BLUE METAL,1,2011-03-28 15:49:00,2.46,,United Kingdom
548749,22175,PINK OWL SOFT TOY,6,2011-04-04 12:29:00,2.95,13004.0,United Kingdom
548259,22957,SET 3 PAPER VINTAGE CHICK PAPER EGG,1,2011-03-30 11:12:00,2.95,14099.0,United Kingdom
548893,22029,SPACEBOY BIRTHDAY CARD,1,2011-04-04 15:54:00,0.83,,United Kingdom
550496,20707,CRAZY DAISY HEART DECORATION,5,2011-04-18 15:05:00,0.83,,United Kingdom
551136,22424,ENAMEL BREAD BIN CREAM,2,2011-04-26 13:05:00,12.75,15301.0,United Kingdom
551657,23164,REGENCY CAKE SLICE,4,2011-05-03 12:12:00,4.95,14911.0,EIRE
550470,22219,LOVEBIRD HANGING DECORATION WHITE ,1,2011-04-18 13:49:00,1.63,,United Kingdom
548894,22585,PACK OF 6 BIRDY GIFT TAGS,1,2011-04-04 16:01:00,2.46,,United Kingdom
547822,21558,SKULL LUNCH BOX WITH CUTLERY ,6,2011-03-25 14:53:00,2.55,12668.0,Germany
550199,22383,LUNCH BAG SUKI DESIGN ,10,2011-04-15 10:20:00,1.65,16523.0,United Kingdom
547967,22124,SET OF 2 TEA TOWELS PING MICROWAVE,1,2011-03-28 15:49:00,2.46,,United Kingdom
549182,22047,EMPIRE GIFT WRAP,25,2011-04-07 09:12:00,0.42,15646.0,United Kingdom
547670,85123A,WHITE HANGING HEART T-LIGHT HOLDER,1,2011-03-24 13:41:00,2.95,16769.0,United Kingdom
551423,22402,MAGNETS PACK OF 4 VINTAGE COLLAGE,2,2011-04-28 14:31:00,1.25,,United Kingdom
548492,22654,DELUXE SEWING KIT ,1,2011-03-31 13:14:00,5.95,17841.0,United Kingdom
C551285,37450,CERAMIC CAKE BOWL + HANGING CAKES,-1,2011-04-27 14:07:00,2.95,15005.0,United Kingdom
550326,21086,SET/6 RED SPOTTY PAPER CUPS,6,2011-04-17 13:05:00,0.65,14532.0,United Kingdom
547656,21215,IVORY PAPER CUP CAKE CASES ,1,2011-03-24 12:53:00,0.55,13263.0,United Kingdom
548191,79000,MOROCCAN TEA GLASS,15,2011-03-29 15:20:00,1.65,,United Kingdom
550500,22329,ROUND CONTAINER SET OF 5 RETROSPOT,1,2011-04-18 15:26:00,3.29,,United Kingdom
549538,22537,MAGIC DRAWING SLATE DINOSAUR,3,2011-04-08 17:25:00,0.42,17961.0,United Kingdom
548168,20712,JUMBO BAG WOODLAND ANIMALS,5,2011-03-29 13:46:00,4.13,,United Kingdom
548618,22616,PACK OF 12 LONDON TISSUES ,24,2011-04-01 11:50:00,0.29,15197.0,United Kingdom
551547,22355,CHARLOTTE BAG SUKI DESIGN,74,2011-05-03 09:44:00,2.46,,United Kingdom
550988,85099B,JUMBO BAG RED RETROSPOT,10,2011-04-21 18:10:00,2.08,14231.0,United Kingdom
547358,22744,MAKE YOUR OWN MONSOON CARD KIT,2,2011-03-22 12:25:00,2.95,15998.0,United Kingdom
C548469,21258,VICTORIAN SEWING BOX LARGE,-4,2011-03-31 12:32:00,12.75,14543.0,United Kingdom
547055,22090,PAPER BUNTING RETROSPOT,3,2011-03-20 12:14:00,2.95,16444.0,United Kingdom
547860,84510C,SET OF 4 POLKADOT COASTERS,2,2011-03-27 12:21:00,1.25,17625.0,United Kingdom
547918,37370,RETRO COFFEE MUGS ASSORTED,12,2011-03-28 12:49:00,1.25,15249.0,United Kingdom
550196,23158,SET OF 5 LUCKY CAT MAGNETS ,1,2011-04-15 10:09:00,2.08,14796.0,United Kingdom
551351,21908,CHOCOLATE THIS WAY METAL SIGN,12,2011-04-28 10:20:00,1.85,14298.0,United Kingdom
549311,22188,BLACK HEART CARD HOLDER,4,2011-04-08 09:25:00,3.95,14924.0,United Kingdom
547552,47566b,TEA TIME PARTY BUNTING,1,2011-03-23 15:55:00,8.29,,United Kingdom
550324,21231,SWEETHEART CERAMIC TRINKET BOX,24,2011-04-17 13:02:00,1.25,12997.0,United Kingdom
547048,22550,HOLIDAY FUN LUDO,4,2011-03-20 11:52:00,3.75,14911.0,EIRE
549100,48189,DOORMAT FRIENDSHIP ,1,2011-04-06 11:14:00,16.63,,United Kingdom
547960,22432,WATERING CAN PINK BUNNY,1,2011-03-28 15:27:00,1.95,15644.0,United Kingdom
550458,16235,RECYCLED PENCIL WITH RABBIT ERASER,3,2011-04-18 13:13:00,0.42,,United Kingdom
548259,35095B,RED VICTORIAN FABRIC OVAL BOX,6,2011-03-30 11:12:00,0.42,14099.0,United Kingdom
549295,84755,COLOUR GLASS T-LIGHT HOLDER HANGING,8,2011-04-07 19:49:00,1.24,,United Kingdom
548860,22918,HERB MARKER PARSLEY,1,2011-04-04 13:38:00,0.65,13263.0,United Kingdom
547383,22907,PACK OF 20 NAPKINS PANTRY DESIGN,12,2011-03-22 15:42:00,0.85,12613.0,Germany
547788,22245,"HOOK, 1 HANGER ,MAGIC GARDEN",3,2011-03-25 12:00:00,1.63,,United Kingdom
551776,22923,FRIDGE MAGNETS LES ENFANTS ASSORTED,6,2011-05-04 11:23:00,0.85,13268.0,United Kingdom
548919,22358,KINGS CHOICE TEA CADDY ,6,2011-04-05 10:18:00,2.95,13013.0,United Kingdom
549947,22180,RETROSPOT LAMP,1,2011-04-13 12:47:00,9.95,18260.0,United Kingdom
551517,22993,SET OF 4 PANTRY JELLY MOULDS,3,2011-05-01 11:14:00,1.25,16931.0,United Kingdom
547058,82011A,"BATHROOM SCALES, TROPICAL BEACH",2,2011-03-20 12:44:00,3.75,14232.0,United Kingdom
549291,22908,PACK OF 20 NAPKINS RED APPLES,1,2011-04-07 19:05:00,0.85,16261.0,United Kingdom
548894,23002,TRAVEL CARD WALLET SKULLS,1,2011-04-04 16:01:00,0.83,,United Kingdom
547250,79190D,RETRO PLASTIC DAISY TRAY,5,2011-03-22 09:30:00,0.83,,United Kingdom
547921,22722,SET OF 6 SPICE TINS PANTRY DESIGN,4,2011-03-28 13:28:00,3.95,14766.0,United Kingdom
547373,20724,RED RETROSPOT CHARLOTTE BAG,100,2011-03-22 13:52:00,0.72,13798.0,United Kingdom
547832,85099F,JUMBO BAG STRAWBERRY,200,2011-03-25 16:25:00,1.65,17511.0,United Kingdom
551529,20726,LUNCH BAG WOODLAND,10,2011-05-01 13:18:00,1.65,12524.0,Germany
547551,20711,JUMBO BAG TOYS ,4,2011-03-23 15:55:00,4.13,,United Kingdom
551719,22297,HEART IVORY TRELLIS SMALL,1,2011-05-03 16:09:00,2.46,,United Kingdom
548529,21165,BEWARE OF THE CAT METAL SIGN ,12,2011-03-31 16:56:00,1.69,18223.0,United Kingdom
550474,21314,SMALL GLASS HEART TRINKET POT,1,2011-04-18 13:58:00,4.13,,United Kingdom
548172,10133,COLOURING PENCILS BROWN TUBE,10,2011-03-29 14:13:00,0.85,15738.0,United Kingdom
550183,21523,DOORMAT FANCY FONT HOME SWEET HOME,2,2011-04-14 17:58:00,7.95,14105.0,United Kingdom
550964,23159,SET OF 5 PANCAKE DAY MAGNETS,12,2011-04-21 16:48:00,2.08,15856.0,United Kingdom
551339,21394,RED POLKADOT BEAKER ,2,2011-04-27 17:18:00,1.63,,United Kingdom
547925,22524,CHILDRENS GARDEN GLOVES BLUE,10,2011-03-28 13:57:00,1.25,12481.0,Germany
547083,21318,GLASS CHALICE BLUE SMALL ,2,2011-03-20 15:21:00,1.65,15452.0,United Kingdom
547248,21843,RED RETROSPOT CAKE STAND,1,2011-03-22 09:23:00,20.79,,United Kingdom
551188,23201,JUMBO BAG ALPHABET,10,2011-04-27 10:03:00,2.08,15898.0,United Kingdom
548675,85185D,,-2,2011-04-01 16:39:00,0.0,,United Kingdom
548208,21912,VINTAGE SNAKES & LADDERS,4,2011-03-29 17:12:00,3.75,14189.0,United Kingdom
550774,84755,COLOUR GLASS T-LIGHT HOLDER HANGING,16,2011-04-20 13:18:00,0.65,14626.0,United Kingdom
549295,84510C,SET OF 4 POLKADOT COASTERS,1,2011-04-07 19:49:00,2.46,,United Kingdom
547073,22844,VINTAGE CREAM DOG FOOD CONTAINER,1,2011-03-20 14:23:00,8.5,17211.0,United Kingdom
551171,82580,BATHROOM METAL SIGN,2,2011-04-26 16:45:00,0.55,13263.0,United Kingdom
547556,21324,HANGING MEDINA LANTERN SMALL,4,2011-03-23 16:45:00,2.95,17250.0,United Kingdom
548038,82484,WOOD BLACK BOARD ANT WHITE FINISH,2,2011-03-29 12:03:00,7.9,15696.0,United Kingdom
550499,22792,FLUTED ANTIQUE CANDLE HOLDER,1,2011-04-18 15:16:00,1.63,,United Kingdom
547498,71038,WHITE HANGING BEADS CANDLE HOLDER,1,2011-03-23 12:24:00,5.45,15021.0,United Kingdom
550626,21676,FLOWERS  STICKERS,6,2011-04-19 14:23:00,0.85,13184.0,United Kingdom
547882,79000,MOROCCAN TEA GLASS,12,2011-03-28 07:53:00,0.85,14911.0,EIRE
550000,22986,GINGHAM ROSE WRAP,25,2011-04-14 09:18:00,0.42,17058.0,United Kingdom
C549783,22060,LARGE CAKE STAND HANGING HEARTS,-5,2011-04-12 11:50:00,3.95,16558.0,United Kingdom
547866,22249,DECORATION WHITE CHICK MAGIC GARDEN,4,2011-03-27 13:21:00,0.85,14878.0,United Kingdom
546993,21038,SET/4 MODERN VINTAGE COTTON NAPKINS,2,2011-03-18 13:19:00,0.79,17921.0,United Kingdom
547921,84625A,PINK NEW BAROQUECANDLESTICK CANDLE,24,2011-03-28 13:28:00,0.85,14766.0,United Kingdom
549981,23010,CIRCUS PARADE BABY GIFT SET,2,2011-04-13 15:49:00,16.95,16348.0,United Kingdom
549881,22659,LUNCH BOX I LOVE LONDON,12,2011-04-12 15:30:00,1.95,14032.0,United Kingdom
549578,82486,WOOD S/3 CABINET ANT WHITE FINISH,12,2011-04-11 08:49:00,8.15,17340.0,United Kingdom
555094,22628,PICNIC BOXES SET OF 3 RETROSPOT ,4,2011-05-31 13:17:00,4.95,13398.0,United Kingdom
552673,21936,RED RETROSPOT PICNIC BAG,1,2011-05-10 15:07:00,5.79,,United Kingdom
551846,23126,FELTCRAFT GIRL AMELIE KIT,4,2011-05-04 14:11:00,4.95,13047.0,United Kingdom
552904,71477,COLOUR GLASS. STAR T-LIGHT HOLDER,428,2011-05-12 11:07:00,2.75,16013.0,United Kingdom
555562,22754,SMALL RED BABUSHKA NOTEBOOK ,1,2011-06-05 14:45:00,0.85,17841.0,United Kingdom
555923,22457,NATURAL SLATE HEART CHALKBOARD ,1,2011-06-07 17:09:00,5.79,,United Kingdom
552811,23082,SET 6 PAPER TABLE LANTERN HEARTS ,6,2011-05-11 12:43:00,3.75,17677.0,United Kingdom
556503,21504,SKULLS GREETING CARD,12,2011-06-13 08:44:00,0.42,13517.0,United Kingdom
552234,21086,SET/6 RED SPOTTY PAPER CUPS,5,2011-05-06 16:01:00,1.63,,United Kingdom
555383,47590B,PINK HAPPY BIRTHDAY BUNTING,2,2011-06-02 15:13:00,5.45,12517.0,Germany
555927,22489,PACK OF 12 TRADITIONAL CRAYONS,24,2011-06-07 17:43:00,0.42,,United Kingdom
555524,22383,LUNCH BAG SUKI DESIGN ,10,2011-06-05 11:37:00,1.65,16923.0,United Kingdom
552337,23232,WRAP VINTAGE PETALS  DESIGN,25,2011-05-09 11:34:00,0.42,12621.0,Germany
551995,22817,CARD SUKI BIRTHDAY,1,2011-05-05 15:42:00,0.83,,United Kingdom
553503,20782,CAMOUFLAGE EAR MUFF HEADPHONES,1,2011-05-17 13:20:00,5.49,14606.0,United Kingdom
554557,15034,PAPER POCKET TRAVELING FAN ,24,2011-05-25 10:12:00,0.14,15804.0,United Kingdom
553162,82613C,"METAL SIGN,CUPCAKE SINGLE HOOK",1,2011-05-13 15:53:00,2.46,,United Kingdom
555149,21988,PACK OF 6 SKULL PAPER PLATES,2,2011-05-31 15:49:00,1.63,,United Kingdom
552951,21121,SET/10 RED POLKADOT PARTY CANDLES,2,2011-05-12 12:05:00,1.25,14988.0,United Kingdom
552878,22027,TEA PARTY BIRTHDAY CARD,12,2011-05-12 09:54:00,0.42,12625.0,Germany
552333,47599A,PINK PARTY BAGS,4,2011-05-09 10:38:00,2.1,15039.0,United Kingdom
553194,21244,BLUE POLKADOT PLATE ,12,2011-05-15 13:37:00,1.69,16283.0,United Kingdom
551954,84879,ASSORTED COLOUR BIRD ORNAMENT,27,2011-05-05 12:13:00,1.69,14515.0,United Kingdom
553162,22384,LUNCH BAG PINK POLKADOT,1,2011-05-13 15:53:00,4.13,,United Kingdom
553013,22698,PINK REGENCY TEACUP AND SAUCER,1,2011-05-12 18:19:00,5.79,,United Kingdom
554261,21889,WOODEN BOX OF DOMINOES,1,2011-05-23 12:32:00,1.25,16033.0,United Kingdom
555851,20748,KENSINGTON COFFEE SET,1,2011-06-07 13:37:00,12.75,13050.0,United Kingdom
554694,21621,VINTAGE UNION JACK BUNTING,1,2011-05-25 17:06:00,16.63,,United Kingdom
555397,22385,JUMBO BAG SPACEBOY DESIGN,2,2011-06-02 17:26:00,4.13,,United Kingdom
554996,22469,HEART OF WICKER SMALL,10,2011-05-29 14:28:00,1.65,16407.0,United Kingdom
555340,22895,SET OF 2 TEA TOWELS APPLE AND PEARS,3,2011-06-02 11:33:00,3.25,13334.0,United Kingdom
554059,22951,60 CAKE CASES DOLLY GIRL DESIGN,24,2011-05-20 16:25:00,0.55,14388.0,United Kingdom
552297,48129,DOORMAT TOPIARY,2,2011-05-08 14:10:00,7.95,15092.0,United Kingdom
552232,20719,WOODLAND CHARLOTTE BAG,2,2011-05-06 15:54:00,1.63,,United Kingdom
555516,48185,DOORMAT FAIRY CAKE,1,2011-06-05 10:50:00,7.95,17706.0,United Kingdom
553732,23167,SMALL CERAMIC TOP STORAGE JAR ,24,2011-05-19 08:27:00,0.83,12481.0,Germany
556512,21936,RED RETROSPOT PICNIC BAG,2,2011-06-13 10:44:00,2.95,14688.0,United Kingdom
555855,85099B,JUMBO BAG RED RETROSPOT,100,2011-06-07 13:56:00,1.79,15311.0,United Kingdom
556365,22776,SWEETHEART CAKESTAND 3 TIER,1,2011-06-10 11:44:00,9.95,16370.0,United Kingdom
552822,22429,ENAMEL MEASURING JUG CREAM,1,2011-05-11 12:59:00,4.25,15521.0,United Kingdom
555815,23205,CHARLOTTE BAG VINTAGE ALPHABET ,10,2011-06-07 11:47:00,0.85,13089.0,United Kingdom
553856,22666,RECIPE BOX PANTRY YELLOW DESIGN,1,2011-05-19 13:28:00,2.95,16813.0,United Kingdom
552672,85123a,WHITE HANGING HEART T-LIGHT HOLDER,1,2011-05-10 15:06:00,6.63,,United Kingdom
555510,23118,PARISIENNE JEWELLERY DRAWER ,1,2011-06-03 17:09:00,14.96,,United Kingdom
554694,22728,ALARM CLOCK BAKELIKE PINK,1,2011-05-25 17:06:00,7.46,,United Kingdom
555736,21506,"FANCY FONT BIRTHDAY CARD, ",12,2011-06-07 09:13:00,0.42,17730.0,United Kingdom
553141,79030G,TUMBLER NEW ENGLAND,24,2011-05-13 13:01:00,0.39,15907.0,United Kingdom
554160,22907,PACK OF 20 NAPKINS PANTRY DESIGN,1,2011-05-23 11:49:00,0.85,17841.0,United Kingdom
554490,21754,HOME BUILDING BLOCK WORD,3,2011-05-24 13:50:00,5.95,17058.0,United Kingdom
553389,84919,BLUE CUSHION COVER WITH FLOWER,1,2011-05-16 16:37:00,5.79,,United Kingdom
554092,21313,GLASS HEART T-LIGHT HOLDER ,12,2011-05-22 12:41:00,0.85,17176.0,United Kingdom
555642,21212,PACK OF 72 RETROSPOT CAKE CASES,24,2011-06-06 13:18:00,0.55,18248.0,United Kingdom
552232,22335,HEART DECORATION PAINTED ZINC ,2,2011-05-06 15:54:00,1.25,,United Kingdom
555588,47574A,ENGLISH ROSE SCENTED HANGING FLOWER,3,2011-06-06 09:16:00,4.25,16849.0,United Kingdom
553167,20723,STRAWBERRY CHARLOTTE BAG,15,2011-05-13 16:19:00,2.46,,United Kingdom
556487,21899,"KEY FOB , GARAGE DESIGN",6,2011-06-12 13:51:00,0.65,17289.0,United Kingdom
554669,22380,TOY TIDY SPACEBOY  ,5,2011-05-25 15:31:00,2.1,15203.0,United Kingdom
556194,21452,TOADSTOOL MONEY BOX,6,2011-06-09 12:20:00,2.95,12483.0,Sweden
556041,22090,PAPER BUNTING RETROSPOT,3,2011-06-08 12:44:00,2.95,17954.0,United Kingdom
553387,21455,PAINTED YELLOW WOODEN DAISY,1,2011-05-16 16:33:00,0.83,,United Kingdom
552277,21714,CITRONELLA CANDLE GARDEN POT,6,2011-05-08 12:34:00,1.25,13642.0,United Kingdom
551944,22197,SMALL POPCORN HOLDER,1,2011-05-05 11:08:00,0.85,14553.0,United Kingdom
553912,23201,JUMBO BAG ALPHABET,20,2011-05-19 19:32:00,1.95,15122.0,United Kingdom
555194,22088,PAPER BUNTING COLOURED LACE,40,2011-06-01 11:13:00,2.55,16422.0,United Kingdom
555397,22178,VICTORIAN GLASS HANGING T-LIGHT,9,2011-06-02 17:26:00,2.46,,United Kingdom
553673,22773,GREEN DRAWER KNOB ACRYLIC EDWARDIAN,12,2011-05-18 12:46:00,1.25,16814.0,United Kingdom
553167,20725,LUNCH BAG RED RETROSPOT,2,2011-05-13 16:19:00,4.96,,United Kingdom
553873,21928,JUMBO BAG SCANDINAVIAN BLUE PAISLEY,10,2011-05-19 14:42:00,2.08,14859.0,United Kingdom
555923,21285,RETROSPOT CANDLE  MEDIUM,1,2011-06-07 17:09:00,4.13,,United Kingdom
556243,22697,GREEN REGENCY TEACUP AND SAUCER,1,2011-06-09 16:07:00,5.79,,United Kingdom
552857,21754,HOME BUILDING BLOCK WORD,1,2011-05-11 15:34:00,11.63,,United Kingdom
553515,22677,FRENCH BLUE METAL DOOR SIGN 2,5,2011-05-17 14:03:00,1.25,17515.0,United Kingdom
556470,84970L,SINGLE HEART ZINC T-LIGHT HOLDER,24,2011-06-12 11:41:00,0.95,15291.0,United Kingdom
554281,22766,PHOTO FRAME CORNICE,8,2011-05-23 13:41:00,2.95,18160.0,United Kingdom
556072,20969,RED FLORAL FELTCRAFT SHOULDER BAG,8,2011-06-08 14:57:00,3.75,16126.0,United Kingdom
C556327,21700,BIG DOUGHNUT FRIDGE MAGNETS,-36,2011-06-10 11:22:00,0.85,17659.0,United Kingdom
554956,21976,PACK OF 60 MUSHROOM CAKE CASES,2,2011-05-27 15:17:00,2.08,,United Kingdom
552039,20972,PINK CREAM FELT CRAFT TRINKET BOX ,12,2011-05-06 08:10:00,1.25,13081.0,United Kingdom
553393,90119,METALIC LEAVES BAG CHARMS,2,2011-05-16 16:46:00,2.46,,United Kingdom
552574,20712,JUMBO BAG WOODLAND ANIMALS,100,2011-05-10 12:20:00,1.79,15311.0,United Kingdom
553162,21086,SET/6 RED SPOTTY PAPER CUPS,3,2011-05-13 15:53:00,1.63,,United Kingdom
553014,23156,SET OF 5 MINI GROCERY MAGNETS,6,2011-05-12 18:49:00,2.08,13451.0,United Kingdom
554714,23146,TRIPLE HOOK ANTIQUE IVORY ROSE,1,2011-05-26 10:44:00,6.63,,United Kingdom
554698,71459,HANGING JAM JAR T-LIGHT HOLDER,36,2011-05-26 08:38:00,0.85,16678.0,United Kingdom
555284,85095,THREE CANVAS LUGGAGE TAGS,16,2011-06-02 09:37:00,1.65,14298.0,United Kingdom
555920,21955,DOORMAT UNION JACK GUNS AND ROSES,200,2011-06-07 16:35:00,4.58,18102.0,United Kingdom
555367,46000S,POLYESTER FILLER PAD 40x40cm,24,2011-06-02 14:28:00,1.45,17900.0,United Kingdom
556459,21906,PHARMACIE FIRST AID TIN,1,2011-06-10 17:25:00,13.29,,United Kingdom
554555,22554,PLASTERS IN TIN WOODLAND ANIMALS,12,2011-05-25 10:08:00,1.65,12437.0,France
552307,23284,DOORMAT KEEP CALM AND COME IN,1,2011-05-08 15:20:00,7.95,12748.0,United Kingdom
552324,22697,GREEN REGENCY TEACUP AND SAUCER,6,2011-05-09 09:46:00,2.95,16672.0,United Kingdom
556435,23307,SET OF 60 PANTRY DESIGN CAKE CASES ,24,2011-06-10 14:08:00,0.55,14895.0,United Kingdom
551997,21884,CAKES AND BOWS GIFT  TAPE,1,2011-05-05 15:47:00,1.63,,United Kingdom
554363,47341B,BLUE TABLE RUN FLOWER,12,2011-05-24 10:19:00,1.25,12647.0,Germany
553351,48194,DOORMAT HEARTS,1,2011-05-16 13:35:00,7.95,18118.0,United Kingdom
552232,22907,PACK OF 20 NAPKINS PANTRY DESIGN,4,2011-05-06 15:54:00,1.63,,United Kingdom
555397,23190,BUNDLE OF 3 SCHOOL EXERCISE BOOKS  ,1,2011-06-02 17:26:00,3.29,,United Kingdom
554098,21889,WOODEN BOX OF DOMINOES,2,2011-05-22 13:01:00,1.25,14769.0,United Kingdom
553187,23199,JUMBO BAG APPLES,5,2011-05-15 12:53:00,2.08,16809.0,United Kingdom
554636,21915,RED  HARMONICA IN BOX ,12,2011-05-25 11:52:00,1.25,16763.0,United Kingdom
552724,23108,SET OF 10 LED DOLLY LIGHTS,12,2011-05-11 10:29:00,5.39,13418.0,United Kingdom
554124,84817,DANISH ROSE DECORATIVE PLATE,6,2011-05-23 08:31:00,2.1,13339.0,United Kingdom
C554537,22061,LARGE CAKE STAND  HANGING STRAWBERY,-1,2011-05-24 17:45:00,9.95,16057.0,United Kingdom
555340,84970S,HANGING HEART ZINC T-LIGHT HOLDER,12,2011-06-02 11:33:00,0.85,13334.0,United Kingdom
555558,21394,RED POLKADOT BEAKER ,6,2011-06-05 14:06:00,0.39,14159.0,United Kingdom
555276,22918,HERB MARKER PARSLEY,1,2011-06-01 17:28:00,1.63,,United Kingdom
554489,22149,FELTCRAFT 6 FLOWER FRIENDS,6,2011-05-24 13:46:00,2.1,17272.0,United Kingdom
553410,85123A,WHITE HANGING HEART T-LIGHT HOLDER,12,2011-05-17 09:24:00,2.95,14320.0,United Kingdom
554380,22605,WOODEN CROQUET GARDEN SET,8,2011-05-24 11:45:00,12.75,16709.0,United Kingdom
552529,46000M,POLYESTER FILLER PAD 45x45cm,6,2011-05-09 17:24:00,1.55,14541.0,United Kingdom
554070,22469,HEART OF WICKER SMALL,10,2011-05-22 11:06:00,1.65,13555.0,United Kingdom
554994,21985,PACK OF 12 HEARTS DESIGN TISSUES ,1,2011-05-29 14:18:00,0.29,14606.0,United Kingdom
555276,23199,JUMBO BAG APPLES,5,2011-06-01 17:28:00,4.13,,United Kingdom
555397,21868,POTTING SHED TEA MUG,1,2011-06-02 17:26:00,3.29,,United Kingdom
556263,23242,TREASURE TIN BUFFALO BILL ,1,2011-06-09 18:41:00,2.08,13969.0,United Kingdom
556246,22613,PACK OF 20 SPACEBOY NAPKINS,3,2011-06-09 16:16:00,0.85,16113.0,United Kingdom
552687,22569,FELTCRAFT CUSHION BUTTERFLY,1,2011-05-10 15:09:00,7.46,,United Kingdom
555537,22921,HERB MARKER CHIVES ,9,2011-06-05 12:37:00,0.65,15453.0,United Kingdom
554089,23089,GLASS BON BON JAR,6,2011-05-22 12:16:00,1.65,13527.0,United Kingdom
556067,20728,LUNCH BAG CARS BLUE,1,2011-06-08 14:35:00,1.65,12748.0,United Kingdom
554938,20723,STRAWBERRY CHARLOTTE BAG,20,2011-05-27 13:34:00,0.85,12876.0,Belgium
552508,22605,WOODEN CROQUET GARDEN SET,1,2011-05-09 16:27:00,24.96,,United Kingdom
555108,21621,VINTAGE UNION JACK BUNTING,3,2011-05-31 14:18:00,8.5,18231.0,United Kingdom
554643,22423,REGENCY CAKESTAND 3 TIER,16,2011-05-25 12:28:00,10.95,16133.0,United Kingdom
553412,85123A,WHITE HANGING HEART T-LIGHT HOLDER,6,2011-05-17 09:40:00,2.95,14344.0,United Kingdom
553856,21126,SET OF 6 GIRLS CELEBRATION CANDLES,1,2011-05-19 13:28:00,1.25,16813.0,United Kingdom
553013,37370,RETRO COFFEE MUGS ASSORTED,1,2011-05-12 18:19:00,15.79,,United Kingdom
555929,82494L,WOODEN FRAME ANTIQUE WHITE ,24,2011-06-08 08:12:00,2.55,16525.0,United Kingdom
555332,84801A,wet damaged,-48,2011-06-02 11:11:00,0.0,,United Kingdom
552672,47591d,PINK FAIRY CAKE CHILDRENS APRON,1,2011-05-10 15:06:00,4.96,,United Kingdom
553013,21731,RED TOADSTOOL LED NIGHT LIGHT,1,2011-05-12 18:19:00,3.29,,United Kingdom
552461,47566,PARTY BUNTING,50,2011-05-09 14:44:00,4.15,17723.0,United Kingdom
553182,23102,SILVER HEARTS TABLE DECORATION,12,2011-05-15 12:21:00,0.83,17107.0,United Kingdom
556091,22961,JAM MAKING SET PRINTED,1,2011-06-08 15:25:00,3.29,,United Kingdom
554827,23082,SET 6 PAPER TABLE LANTERN HEARTS ,96,2011-05-26 15:19:00,3.29,14646.0,Netherlands
552051,84596B,SMALL DOLLY MIX DESIGN ORANGE BOWL,24,2011-05-06 10:10:00,0.42,14796.0,United Kingdom
555510,21096,SET/6 FRUIT SALAD  PAPER PLATES,1,2011-06-03 17:09:00,0.83,,United Kingdom
554638,22386,JUMBO BAG PINK POLKADOT,6,2011-05-25 11:59:00,2.08,14810.0,United Kingdom
556428,47566b,TEA TIME PARTY BUNTING,1,2011-06-10 13:23:00,8.29,,United Kingdom
555851,22921,HERB MARKER CHIVES ,2,2011-06-07 13:37:00,0.65,13050.0,United Kingdom
555327,22630,DOLLY GIRL LUNCH BOX,1,2011-06-02 11:03:00,2.46,,United Kingdom
552353,20685,DOORMAT RED RETROSPOT,2,2011-05-09 12:14:00,7.95,17612.0,United Kingdom
552302,21390,FILIGRIS HEART WITH BUTTERFLY,2,2011-05-08 14:59:00,1.25,14606.0,United Kingdom
552232,21626,VINTAGE UNION JACK PENNANT,1,2011-05-06 15:54:00,4.13,,United Kingdom
552965,21065,BOOM BOX SPEAKER GIRLS,2,2011-05-12 13:10:00,5.95,13477.0,United Kingdom
553838,23206,LUNCH BAG APPLE DESIGN,10,2011-05-19 12:10:00,1.65,12620.0,France
555728,21942,SKULLS DESIGN FLANNEL,2,2011-06-06 16:41:00,0.85,17252.0,United Kingdom
552353,23144,ZINC T-LIGHT HOLDER STARS SMALL,12,2011-05-09 12:14:00,0.83,17612.0,United Kingdom
552232,22419,LIPSTICK PEN RED,1,2011-05-06 15:54:00,0.83,,United Kingdom
555257,22418,10 COLOUR SPACEBOY PEN,12,2011-06-01 15:28:00,0.85,17596.0,United Kingdom
555604,22758,LARGE PURPLE BABUSHKA NOTEBOOK  ,12,2011-06-06 11:37:00,1.25,16612.0,United Kingdom
555558,22379,RECYCLING BAG RETROSPOT ,5,2011-06-05 14:06:00,2.1,14159.0,United Kingdom
552342,84796B,BLUE SAVANNAH PICNIC HAMPER FOR 2,24,2011-05-09 12:07:00,10.95,17949.0,United Kingdom
555363,23263,SET OF 3 WOODEN HEART DECORATIONS,12,2011-06-02 14:15:00,1.25,14453.0,United Kingdom
555925,21868,POTTING SHED TEA MUG,1,2011-06-07 17:13:00,3.29,,United Kingdom
556468,22891,TEA FOR ONE POLKADOT,4,2011-06-12 11:26:00,4.25,14878.0,United Kingdom
553148,22989,SET 2 PANTRY DESIGN TEA TOWELS,6,2011-05-13 14:09:00,3.25,,Hong Kong
554682,84945,MULTI COLOUR SILVER T-LIGHT HOLDER,6,2011-05-25 16:08:00,0.85,14085.0,United Kingdom
552659,21912,VINTAGE SNAKES & LADDERS,2,2011-05-10 15:03:00,7.46,,United Kingdom
552326,22501,PICNIC BASKET WICKER LARGE,4,2011-05-09 10:02:00,9.95,15596.0,United Kingdom
556204,23103,BELL HEART DECORATION,12,2011-06-09 13:16:00,1.65,17169.0,United Kingdom
553165,85123A,WHITE HANGING HEART T-LIGHT HOLDER,3,2011-05-13 16:12:00,2.95,13623.0,United Kingdom
556108,22266,EASTER DECORATION HANGING BUNNY,5,2011-06-08 17:59:00,1.25,,United Kingdom
554268,22383,LUNCH BAG SUKI DESIGN ,2,2011-05-23 12:59:00,1.65,15311.0,United Kingdom
552328,20718,RED RETROSPOT SHOPPER BAG,30,2011-05-09 10:03:00,1.25,14188.0,United Kingdom
552547,23233,WRAP POPPIES  DESIGN,25,2011-05-10 10:34:00,0.42,13098.0,United Kingdom
554956,22384,LUNCH BAG PINK POLKADOT,2,2011-05-27 15:17:00,4.96,,United Kingdom
552326,21217,RED RETROSPOT ROUND CAKE TINS,2,2011-05-09 10:02:00,9.95,15596.0,United Kingdom
553845,23112,PARISIENNE CURIO CABINET,2,2011-05-19 12:38:00,7.5,17675.0,United Kingdom
552055,82551,LAUNDRY 15C METAL SIGN,12,2011-05-06 10:32:00,1.45,16353.0,United Kingdom
555896,23256,CHILDRENS CUTLERY SPACEBOY ,6,2011-06-07 16:04:00,4.15,15640.0,United Kingdom
552315,23065,LARGE DECO JEWELLERY STAND,4,2011-05-08 16:10:00,12.5,12700.0,France
553175,21191,LARGE WHITE HONEYCOMB PAPER BELL  ,5,2011-05-15 11:17:00,2.1,,United Kingdom
554630,22649,STRAWBERRY FAIRY CAKE TEAPOT,2,2011-05-25 11:34:00,4.95,13268.0,United Kingdom
555562,21927,BLUE/CREAM STRIPE CUSHION COVER ,6,2011-06-05 14:45:00,1.25,17841.0,United Kingdom
551855,21913,VINTAGE SEASIDE JIGSAW PUZZLES,3,2011-05-04 15:08:00,3.75,12836.0,United Kingdom
553371,21915,RED  HARMONICA IN BOX ,36,2011-05-16 14:32:00,1.25,17288.0,United Kingdom
554808,22662,LUNCH BAG DOLLY GIRL DESIGN,2,2011-05-26 13:01:00,1.65,17059.0,United Kingdom
553048,20725,LUNCH BAG RED RETROSPOT,10,2011-05-13 10:02:00,1.65,14291.0,United Kingdom
553843,22748,POPPY'S PLAYHOUSE KITCHEN,6,2011-05-19 12:29:00,2.1,12553.0,France
553857,85125,SMALL ROUND CUT GLASS CANDLESTICK,3,2011-05-19 13:30:00,4.95,,Unspecified
553375,22980,PANTRY SCRUBBING BRUSH,12,2011-05-16 14:53:00,1.65,14911.0,EIRE
552655,22068,BLACK PIRATE TREASURE CHEST,2,2011-05-10 14:22:00,1.65,14587.0,United Kingdom
553189,21364,PEACE SMALL WOOD LETTERS,1,2011-05-15 13:14:00,6.75,15033.0,United Kingdom
552051,21318,GLASS CHALICE BLUE SMALL ,6,2011-05-06 10:10:00,0.39,14796.0,United Kingdom
553462,21122,SET/10 PINK POLKADOT PARTY CANDLES,24,2011-05-17 10:57:00,1.25,17147.0,United Kingdom
556528,22610,PENS ASSORTED FUNNY FACE,36,2011-06-13 11:36:00,0.19,13269.0,United Kingdom
553387,DOT,DOTCOM POSTAGE,1,2011-05-16 16:33:00,182.67,,United Kingdom
553856,21980,PACK OF 12 RED RETROSPOT TISSUES ,3,2011-05-19 13:28:00,0.29,16813.0,United Kingdom
556237,21900,"KEY FOB , SHED",1,2011-06-09 15:34:00,1.63,,United Kingdom
554009,18097C,WHITE TALL PORCELAIN T-LIGHT HOLDER,6,2011-05-20 12:38:00,2.55,12935.0,United Kingdom
556113,21499,BLUE POLKADOT WRAP,25,2011-06-09 09:32:00,0.42,13510.0,United Kingdom
555604,22411,JUMBO SHOPPER VINTAGE RED PAISLEY,10,2011-06-06 11:37:00,2.08,16612.0,United Kingdom
552676,84987,SET OF 36 TEATIME PAPER DOILIES,2,2011-05-10 15:07:00,3.75,,United Kingdom
555937,20963,APPLE BATH SPONGE,10,2011-06-08 09:39:00,1.25,12683.0,France
555477,23110,PARISIENNE KEY CABINET ,2,2011-06-03 12:26:00,5.75,12359.0,Cyprus
554151,22523,CHILDS GARDEN FORK PINK,6,2011-05-23 11:07:00,0.85,14049.0,United Kingdom
556191,21136,PAINTED METAL PEARS ASSORTED,16,2011-06-09 12:02:00,1.69,14501.0,United Kingdom
553718,23301,GARDENERS KNEELING PAD KEEP CALM ,1,2011-05-18 16:14:00,3.29,,United Kingdom
555722,22752,SET 7 BABUSHKA NESTING BOXES,1,2011-06-06 16:06:00,16.63,,United Kingdom
553863,22813,PACK 3 BOXES BIRD PANNETONE ,4,2011-05-19 14:05:00,1.95,13418.0,United Kingdom
554076,23298,SPOTTY BUNTING,3,2011-05-22 11:30:00,4.95,16556.0,United Kingdom
555213,84946,ANTIQUE SILVER T-LIGHT GLASS,72,2011-06-01 12:22:00,1.06,13094.0,United Kingdom
556473,22443,GROW YOUR OWN HERBS SET OF 3,1,2011-06-12 12:00:00,7.95,17265.0,United Kingdom
555518,22093,MOTORING TISSUE BOX,12,2011-06-05 10:58:00,1.25,14891.0,United Kingdom
554923,21922,UNION STRIPE WITH FRINGE  HAMMOCK,10,2011-05-27 12:48:00,7.95,14735.0,United Kingdom
552534,23191,BUNDLE OF 3 RETRO NOTE BOOKS,1,2011-05-10 09:58:00,1.65,,United Kingdom
556241,22784,LANTERN CREAM GAZEBO ,3,2011-06-09 16:04:00,4.95,12597.0,Spain
556042,22669,RED BABY BUNTING ,5,2011-06-08 12:44:00,2.95,14367.0,United Kingdom
554157,22384,LUNCH BAG PINK POLKADOT,1,2011-05-23 11:33:00,1.65,18283.0,United Kingdom
556067,23169,CLASSIC GLASS COOKIE JAR,1,2011-06-08 14:35:00,4.15,12748.0,United Kingdom
556507,22467,GUMBALL COAT RACK,12,2011-06-13 09:55:00,2.55,12567.0,France
553507,21122,SET/10 PINK POLKADOT PARTY CANDLES,2,2011-05-17 13:35:00,1.25,17220.0,United Kingdom
555930,84970L,SINGLE HEART ZINC T-LIGHT HOLDER,12,2011-06-08 08:26:00,0.95,14745.0,United Kingdom
555350,22328,ROUND SNACK BOXES SET OF 4 FRUITS ,6,2011-06-02 12:08:00,2.95,17652.0,United Kingdom
556021,20676,RED RETROSPOT BOWL,24,2011-06-08 12:03:00,1.25,12921.0,United Kingdom
552232,22993,SET OF 4 PANTRY JELLY MOULDS,1,2011-05-06 15:54:00,2.46,,United Kingdom
554860,23301,GARDENERS KNEELING PAD KEEP CALM ,12,2011-05-27 10:20:00,1.65,15249.0,United Kingdom
554270,21756,BATH BUILDING BLOCK WORD,2,2011-05-23 13:05:00,5.95,15046.0,United Kingdom
554050,21034,REX CASH+CARRY JUMBO SHOPPER,1,2011-05-20 14:54:00,0.95,18048.0,United Kingdom
554163,22283,6 EGG HOUSE PAINTED WOOD,1,2011-05-23 11:52:00,7.95,14573.0,United Kingdom
556195,22386,JUMBO BAG PINK POLKADOT,10,2011-06-09 12:21:00,2.08,16745.0,United Kingdom
556472,22804,CANDLEHOLDER PINK HANGING HEART,6,2011-06-12 11:48:00,2.95,16633.0,United Kingdom
553487,22908,PACK OF 20 NAPKINS RED APPLES,3,2011-05-17 12:38:00,0.85,13246.0,United Kingdom
555383,23004,TRAVEL CARD WALLET PANTRY,4,2011-06-02 15:13:00,0.42,12517.0,Germany
554275,84978,HANGING HEART JAR T-LIGHT HOLDER,12,2011-05-23 13:17:00,1.25,14903.0,United Kingdom
555851,82494L,WOODEN FRAME ANTIQUE WHITE ,6,2011-06-07 13:37:00,2.95,13050.0,United Kingdom
553057,23199,JUMBO BAG APPLES,10,2011-05-13 10:41:00,2.08,16161.0,United Kingdom
552229,23200,JUMBO BAG PEARS,10,2011-05-06 15:40:00,2.08,,United Kingdom
552544,23209,LUNCH BAG DOILEY PATTERN ,10,2011-05-10 10:29:00,1.65,13320.0,United Kingdom
552326,21216,"SET 3 RETROSPOT TEA,COFFEE,SUGAR",4,2011-05-09 10:02:00,4.95,15596.0,United Kingdom
553916,21242,RED RETROSPOT PLATE ,8,2011-05-20 08:18:00,1.69,17166.0,United Kingdom
555276,21714,CITRONELLA CANDLE GARDEN POT,1,2011-06-01 17:28:00,2.46,,United Kingdom
556510,11001,ASSTD DESIGN RACING CAR PEN,16,2011-06-13 10:36:00,1.69,14911.0,EIRE
552271,21932,SCANDINAVIAN PAISLEY PICNIC BAG,3,2011-05-08 12:00:00,1.65,13069.0,United Kingdom
555835,22763,KEY CABINET MA CAMPAGNE,2,2011-06-07 12:34:00,9.95,14525.0,United Kingdom
552869,21497,FANCY FONTS BIRTHDAY WRAP,25,2011-05-12 08:41:00,0.42,15106.0,United Kingdom
555739,84997B,CHILDRENS CUTLERY RETROSPOT RED ,4,2011-06-07 09:49:00,4.15,12380.0,Belgium
552675,DOT,DOTCOM POSTAGE,1,2011-05-10 15:07:00,166.88,,United Kingdom
556092,84559a,3D SHEET OF DOG STICKERS,1,2011-06-08 15:25:00,1.66,,United Kingdom
555124,21122,SET/10 PINK POLKADOT PARTY CANDLES,3,2011-05-31 15:26:00,1.25,18204.0,United Kingdom
554350,22180,RETROSPOT LAMP,2,2011-05-24 08:51:00,9.95,13523.0,United Kingdom
554827,21936,RED RETROSPOT PICNIC BAG,250,2011-05-26 15:19:00,2.55,14646.0,Netherlands
553741,21244,BLUE POLKADOT PLATE ,8,2011-05-19 09:37:00,1.69,12520.0,Germany
551995,22602,RETROSPOT WOODEN HEART DECORATION,1,2011-05-05 15:42:00,1.63,,United Kingdom
555510,21244,BLUE POLKADOT PLATE ,1,2011-06-03 17:09:00,3.29,,United Kingdom
555414,23205,CHARLOTTE BAG VINTAGE ALPHABET ,10,2011-06-03 10:06:00,0.85,16230.0,United Kingdom
555850,84828,JUNGLE POPSICLES ICE LOLLY MOULDS,6,2011-06-07 13:35:00,1.25,16550.0,United Kingdom
553718,21531,RED RETROSPOT SUGAR JAM BOWL,1,2011-05-18 16:14:00,4.96,,United Kingdom
553146,23153,ZINC SWEETHEART WIRE LETTER RACK,4,2011-05-13 13:52:00,3.75,14873.0,United Kingdom
554163,22175,PINK OWL SOFT TOY,1,2011-05-23 11:52:00,2.95,14573.0,United Kingdom
552466,23209,LUNCH BAG DOILEY PATTERN ,10,2011-05-09 15:21:00,1.65,13458.0,United Kingdom
552668,48138,DOORMAT UNION FLAG,1,2011-05-10 15:05:00,14.13,,United Kingdom
556462,23202,JUMBO BAG VINTAGE LEAF,2,2011-06-12 10:46:00,2.08,14450.0,United Kingdom
552293,21175,GIN + TONIC DIET METAL SIGN,6,2011-05-08 14:05:00,2.55,16232.0,United Kingdom
552472,22138,BAKING SET 9 PIECE RETROSPOT ,3,2011-05-09 15:48:00,4.95,16503.0,United Kingdom
554039,22493,PAINT YOUR OWN CANVAS SET,24,2011-05-20 14:27:00,1.65,15095.0,United Kingdom
554964,21523,DOORMAT FANCY FONT HOME SWEET HOME,1,2011-05-27 15:57:00,7.95,15867.0,United Kingdom
555326,22352,LUNCH BOX WITH CUTLERY RETROSPOT ,1,2011-06-02 11:03:00,4.96,,United Kingdom
552803,62097B,BLUE STRIPES SHOULDER BAG,2,2011-05-11 12:32:00,0.83,14573.0,United Kingdom
552883,22553,PLASTERS IN TIN SKULLS,96,2011-05-12 10:13:00,1.45,14646.0,Netherlands
556462,21086,SET/6 RED SPOTTY PAPER CUPS,2,2011-06-12 10:46:00,0.65,14450.0,United Kingdom
555923,17012A,ORIGAMI VANILLA INCENSE/CANDLE SET ,1,2011-06-07 17:09:00,2.46,,United Kingdom
C554529,23174,REGENCY SUGAR BOWL GREEN,-1,2011-05-24 17:27:00,4.15,14226.0,United Kingdom
556089,21866,UNION JACK FLAG LUGGAGE TAG,1,2011-06-08 15:25:00,3.29,,United Kingdom
553067,22063,CERAMIC BOWL WITH STRAWBERRY DESIGN,6,2011-05-13 11:44:00,2.95,16871.0,United Kingdom
555508,21171,BATHROOM METAL SIGN ,4,2011-06-03 16:45:00,1.45,16880.0,United Kingdom
552282,22568,FELTCRAFT CUSHION OWL,2,2011-05-08 12:44:00,3.75,14040.0,United Kingdom
554058,22149,FELTCRAFT 6 FLOWER FRIENDS,2,2011-05-20 16:04:00,2.1,17757.0,United Kingdom
556481,82581,TOILET METAL SIGN,3,2011-06-12 13:00:00,0.55,16115.0,United Kingdom
553405,22674,FRENCH TOILET SIGN BLUE METAL,12,2011-05-17 08:37:00,1.25,14952.0,United Kingdom
551982,22431,WATERING CAN BLUE ELEPHANT,2,2011-05-05 13:56:00,1.95,15023.0,United Kingdom
552826,82582,AREA PATROLLED METAL SIGN,4,2011-05-11 13:20:00,2.1,14277.0,France
554712,21039,RED RETROSPOT SHOPPING BAG,12,2011-05-26 10:43:00,2.55,16873.0,United Kingdom
556111,23148,MINIATURE ANTIQUE ROSE HOOK IVORY,12,2011-06-09 09:16:00,0.83,13004.0,United Kingdom
556459,21716,BOYS VINTAGE TIN SEASIDE BUCKET,3,2011-06-10 17:25:00,4.96,,United Kingdom
555925,23107,WHITE HEARTS WIRE PLANT POT HOLDER,1,2011-06-07 17:13:00,5.79,,United Kingdom
553184,22993,SET OF 4 PANTRY JELLY MOULDS,1,2011-05-15 12:33:00,1.25,13232.0,United Kingdom
552000,22023,EMPIRE BIRTHDAY CARD,1,2011-05-05 15:56:00,0.83,,United Kingdom
551842,22557,PLASTERS IN TIN VINTAGE PAISLEY ,8,2011-05-04 13:52:00,1.65,16678.0,United Kingdom
554638,35810A,ENAMEL PINK COFFEE CONTAINER,3,2011-05-25 11:59:00,0.83,14810.0,United Kingdom
552180,21915,RED  HARMONICA IN BOX ,12,2011-05-06 13:35:00,1.25,18235.0,United Kingdom
556042,22386,JUMBO BAG PINK POLKADOT,10,2011-06-08 12:44:00,2.08,14367.0,United Kingdom
552037,22196,SMALL HEART MEASURING SPOONS,24,2011-05-05 19:48:00,0.85,13450.0,United Kingdom
554861,21394,RED POLKADOT BEAKER ,48,2011-05-27 10:29:00,0.39,12633.0,Germany
555896,23203,JUMBO BAG DOILEY PATTERNS,10,2011-06-07 16:04:00,2.08,15640.0,United Kingdom
555942,21523,DOORMAT FANCY FONT HOME SWEET HOME,2,2011-06-08 10:14:00,7.95,15743.0,United Kingdom
556108,21932,SCANDINAVIAN PAISLEY PICNIC BAG,1,2011-06-08 17:59:00,2.46,,United Kingdom
556252,22412,METAL SIGN NEIGHBOURHOOD WITCH ,72,2011-06-09 16:44:00,1.85,16779.0,United Kingdom
556480,22791,T-LIGHT GLASS FLUTED ANTIQUE,24,2011-06-12 12:55:00,1.25,13617.0,United Kingdom
555344,20728,LUNCH BAG CARS BLUE,1,2011-06-02 11:45:00,1.65,15311.0,United Kingdom
552726,20750,RED RETROSPOT MINI CASES,2,2011-05-11 10:31:00,7.95,14920.0,United Kingdom
552540,21181,PLEASE ONE PERSON METAL SIGN,12,2011-05-10 10:18:00,2.1,,EIRE
552508,85130D,BEADED CRYSTAL HEART PINK LARGE,1,2011-05-09 16:27:00,3.29,,United Kingdom
552376,48188,DOORMAT WELCOME PUPPIES,1,2011-05-09 12:30:00,7.95,16326.0,United Kingdom
555124,84380,SET OF 3 BUTTERFLY COOKIE CUTTERS,1,2011-05-31 15:26:00,1.25,18204.0,United Kingdom
552957,23080,RED METAL BOX TOP SECRET,4,2011-05-12 12:36:00,8.25,17404.0,Sweden
552469,22712,CARD DOLLY GIRL ,12,2011-05-09 15:34:00,0.42,12867.0,United Kingdom
554465,48185,DOORMAT FAIRY CAKE,2,2011-05-24 12:36:00,7.95,13534.0,United Kingdom
555413,22489,PACK OF 12 TRADITIONAL CRAYONS,2,2011-06-03 09:50:00,0.42,17994.0,United Kingdom
555562,15044C,PURPLE PAPER PARASOL,1,2011-06-05 14:45:00,2.95,17841.0,United Kingdom
552121,22998,TRAVEL CARD WALLET KEEP CALM,24,2011-05-06 11:40:00,0.42,15757.0,United Kingdom
551997,22432,WATERING CAN PINK BUNNY,1,2011-05-05 15:47:00,4.13,,United Kingdom
552659,21239,PINK  POLKADOT CUP,3,2011-05-10 15:03:00,1.63,,United Kingdom
555413,22384,LUNCH BAG PINK POLKADOT,10,2011-06-03 09:50:00,1.65,17994.0,United Kingdom
552977,21716,BOYS VINTAGE TIN SEASIDE BUCKET,8,2011-05-12 14:13:00,2.55,18221.0,United Kingdom
553996,23053,RECYCLED ACAPULCO MAT PINK,2,2011-05-20 11:33:00,8.25,15220.0,United Kingdom
553190,84789,ENCHANTED BIRD PLANT CAGE,3,2011-05-15 13:14:00,3.75,15164.0,United Kingdom
556056,85099C,JUMBO  BAG BAROQUE BLACK WHITE,1,2011-06-08 13:35:00,2.08,17841.0,United Kingdom
552234,23144,ZINC T-LIGHT HOLDER STARS SMALL,2,2011-05-06 16:01:00,1.63,,United Kingdom
551870,22433,WATERING CAN GREEN DINOSAUR,1,2011-05-04 16:51:00,1.95,17811.0,United Kingdom
552364,35815P,"ACRYLIC JEWEL SNOWFLAKE, PINK",48,2011-05-09 12:25:00,0.38,13004.0,United Kingdom
554638,22662,LUNCH BAG DOLLY GIRL DESIGN,4,2011-05-25 11:59:00,1.65,14810.0,United Kingdom
553718,20978,36 PENCILS TUBE SKULLS,12,2011-05-18 16:14:00,2.46,,United Kingdom
552353,23298,SPOTTY BUNTING,3,2011-05-09 12:14:00,4.95,17612.0,United Kingdom
554941,22553,PLASTERS IN TIN SKULLS,4,2011-05-27 13:53:00,1.65,16016.0,United Kingdom
552978,21907,I'M ON HOLIDAY METAL SIGN,24,2011-05-12 14:46:00,2.1,12590.0,Germany
555872,21391,FRENCH LAVENDER SCENT HEART,12,2011-06-07 15:04:00,0.75,13395.0,United Kingdom
555541,22800,ANTIQUE TALL SWIRLGLASS TRINKET POT,1,2011-06-05 12:51:00,3.75,16883.0,United Kingdom
551851,23298,SPOTTY BUNTING,150,2011-05-04 14:43:00,4.15,17511.0,United Kingdom
552545,22895,SET OF 2 TEA TOWELS APPLE AND PEARS,6,2011-05-10 10:30:00,2.95,13320.0,United Kingdom
552730,22763,KEY CABINET MA CAMPAGNE,2,2011-05-11 10:42:00,9.95,16837.0,United Kingdom
C553512,22997,TRAVEL CARD WALLET UNION JACK,-1,2011-05-17 13:50:00,0.42,15005.0,United Kingdom
554058,22430,ENAMEL WATERING CAN CREAM,1,2011-05-20 16:04:00,4.95,17757.0,United Kingdom
555091,22385,JUMBO BAG SPACEBOY DESIGN,2,2011-05-31 12:50:00,2.08,12748.0,United Kingdom
553013,47559B,TEA TIME OVEN GLOVE,1,2011-05-12 18:19:00,2.46,,United Kingdom
554920,22615,PACK OF 12 CIRCUS PARADE TISSUES ,24,2011-05-27 12:41:00,0.29,16275.0,United Kingdom
554019,82600,NO SINGING METAL SIGN,24,2011-05-20 13:16:00,2.1,17591.0,United Kingdom
552731,22555,PLASTERS IN TIN STRONGMAN,12,2011-05-11 10:43:00,1.65,12372.0,Denmark
552446,23077,DOUGHNUT LIP GLOSS ,20,2011-05-09 13:28:00,1.25,16729.0,United Kingdom
556120,22608,PENS ASSORTED FUNKY JEWELED ,36,2011-06-09 10:06:00,0.19,16722.0,United Kingdom
555813,85099B,JUMBO BAG RED RETROSPOT,10,2011-06-07 11:40:00,2.08,13643.0,United Kingdom
554382,21124,SET/10 BLUE POLKADOT PARTY CANDLES,6,2011-05-24 11:55:00,1.25,17365.0,United Kingdom
552806,23110,PARISIENNE KEY CABINET ,4,2011-05-11 12:36:00,5.75,15729.0,United Kingdom
555510,17129F,BLUE GLASS GEMS IN BAG,1,2011-06-03 17:09:00,1.63,,United Kingdom
552857,21716,BOYS VINTAGE TIN SEASIDE BUCKET,2,2011-05-11 15:34:00,4.96,,United Kingdom
554348,23154,SET OF 4 JAM JAR MAGNETS,6,2011-05-24 08:49:00,2.08,13523.0,United Kingdom
553836,22197,SMALL POPCORN HOLDER,100,2011-05-19 12:08:00,0.72,17017.0,United Kingdom
555124,22534,MAGIC DRAWING SLATE SPACEBOY ,3,2011-05-31 15:26:00,0.42,18204.0,United Kingdom
553909,22379,RECYCLING BAG RETROSPOT ,5,2011-05-19 19:00:00,2.1,12951.0,United Kingdom
552560,22663,JUMBO BAG DOLLY GIRL DESIGN,10,2011-05-10 11:48:00,2.08,17581.0,United Kingdom
555948,22088,PAPER BUNTING COLOURED LACE,6,2011-06-08 10:49:00,2.95,13752.0,United Kingdom
553142,21930,JUMBO STORAGE BAG SKULLS,2,2011-05-13 13:05:00,2.08,14527.0,United Kingdom
553179,21918,SET 12 KIDS COLOUR  CHALK STICKS,2,2011-05-15 11:30:00,0.42,15440.0,United Kingdom
555397,21385,IVORY HANGING DECORATION  HEART,3,2011-06-02 17:26:00,1.63,,United Kingdom
554514,21937,STRAWBERRY   PICNIC BAG,2,2011-05-24 15:58:00,5.79,,United Kingdom
552166,23078,ICE CREAM PEN LIP GLOSS ,24,2011-05-06 12:21:00,1.25,13475.0,United Kingdom
551896,22062,CERAMIC BOWL WITH LOVE HEART DESIGN,18,2011-05-05 10:29:00,0.83,13711.0,United Kingdom
555510,85131B,BEADED CRYSTAL HEART GREEN ON STICK,2,2011-06-03 17:09:00,0.83,,United Kingdom
553946,22170,PICTURE FRAME WOOD TRIPLE PORTRAIT,4,2011-05-20 10:48:00,6.75,15601.0,United Kingdom
554261,22169,FAMILY ALBUM WHITE PICTURE FRAME,1,2011-05-23 12:32:00,8.5,16033.0,United Kingdom
552640,84519B,CARROT CHARLIE+LOLA COASTER SET,2,2011-05-10 13:19:00,1.25,17841.0,United Kingdom
552353,22985,WRAP BILLBOARD FONTS DESIGN,25,2011-05-09 12:14:00,0.42,17612.0,United Kingdom
556237,21866,UNION JACK FLAG LUGGAGE TAG,1,2011-06-09 15:34:00,2.46,,United Kingdom
555559,23207,LUNCH BAG ALPHABET DESIGN,10,2011-06-05 14:18:00,1.65,13862.0,United Kingdom
553221,23190,BUNDLE OF 3 SCHOOL EXERCISE BOOKS  ,12,2011-05-16 09:58:00,1.65,16607.0,United Kingdom
555147,20675,BLUE POLKADOT BOWL,8,2011-05-31 15:41:00,1.25,13505.0,Switzerland
552234,21884,CAKES AND BOWS GIFT  TAPE,2,2011-05-06 16:01:00,1.63,,United Kingdom
552315,22699,ROSES REGENCY TEACUP AND SAUCER ,12,2011-05-08 16:10:00,2.95,12700.0,France
552959,21109,LARGE CAKE TOWEL CHOCOLATE SPOTS,1,2011-05-12 12:53:00,6.75,12748.0,United Kingdom
552013,47566,PARTY BUNTING,12,2011-05-05 17:34:00,4.95,12451.0,Switzerland
552880,84970L,SINGLE HEART ZINC T-LIGHT HOLDER,12,2011-05-12 09:59:00,0.95,18245.0,United Kingdom
554920,23163,REGENCY SUGAR TONGS,8,2011-05-27 12:41:00,2.49,16275.0,United Kingdom
553543,84987,SET OF 36 TEATIME PAPER DOILIES,1,2011-05-17 15:35:00,3.75,,United Kingdom
555477,22907,PACK OF 20 NAPKINS PANTRY DESIGN,12,2011-06-03 12:26:00,0.85,12359.0,Cyprus
555979,71053,WHITE METAL LANTERN,6,2011-06-08 11:18:00,3.75,15039.0,United Kingdom
552654,84509A,SET OF 4 ENGLISH ROSE PLACEMATS,2,2011-05-10 14:20:00,3.75,15756.0,United Kingdom
554514,22805,BLUE DRAWER KNOB ACRYLIC EDWARDIAN,2,2011-05-24 15:58:00,2.46,,United Kingdom
554080,22381,TOY TIDY PINK POLKADOT,7,2011-05-22 11:42:00,2.1,16931.0,United Kingdom
556459,22361,GLASS JAR DAISY FRESH COTTON WOOL,1,2011-06-10 17:25:00,5.79,,United Kingdom
552508,85016,SET OF 6 VINTAGE NOTELETS KIT,1,2011-05-09 16:27:00,2.46,,United Kingdom
552670,48116,DOORMAT MULTICOLOUR STRIPE,1,2011-05-10 15:06:00,14.13,,United Kingdom
554282,22385,JUMBO BAG SPACEBOY DESIGN,300,2011-05-23 14:01:00,1.79,15769.0,United Kingdom
554347,84755,COLOUR GLASS T-LIGHT HOLDER HANGING,16,2011-05-24 08:21:00,0.65,16523.0,United Kingdom
553886,23209,LUNCH BAG DOILEY PATTERN ,10,2011-05-19 15:53:00,1.65,15648.0,United Kingdom
556126,47480,HANGING PHOTO CLIP ROPE LADDER,12,2011-06-09 10:23:00,1.65,14911.0,EIRE
556189,23201,JUMBO BAG ALPHABET,10,2011-06-09 11:57:00,2.08,15615.0,United Kingdom
554570,22366,DOORMAT AIRMAIL ,2,2011-05-25 10:53:00,7.95,13728.0,United Kingdom
556237,15039,SANDALWOOD FAN,4,2011-06-09 15:34:00,1.63,,United Kingdom
C552805,22326,ROUND SNACK BOXES SET OF4 WOODLAND ,-6,2011-05-11 12:34:00,2.95,14149.0,United Kingdom
553718,84968C,SET OF 16 VINTAGE PISTACHIO CUTLERY,1,2011-05-18 16:14:00,24.96,,United Kingdom
554672,22663,JUMBO BAG DOLLY GIRL DESIGN,10,2011-05-25 15:54:00,2.08,14415.0,United Kingdom
552285,20725,LUNCH BAG RED RETROSPOT,1,2011-05-08 12:58:00,1.65,14684.0,United Kingdom
551890,22354,RETROSPOT PADDED SEAT CUSHION,6,2011-05-05 09:44:00,3.75,14340.0,United Kingdom
555002,23192,BUNDLE OF 3 ALPHABET EXERCISE BOOKS,12,2011-05-31 08:50:00,1.65,17682.0,United Kingdom
552318,22432,WATERING CAN PINK BUNNY,2,2011-05-08 16:13:00,1.95,17231.0,United Kingdom
556484,23184,BULL DOG BOTTLE OPENER,2,2011-06-12 13:17:00,4.95,16938.0,United Kingdom
553913,22855,FINE WICKER HEART ,4,2011-05-19 19:47:00,1.25,18109.0,United Kingdom
554514,84596B,SMALL DOLLY MIX DESIGN ORANGE BOWL,1,2011-05-24 15:58:00,0.83,,United Kingdom
556259,23101,SILVER STARS TABLE DECORATION,12,2011-06-09 17:53:00,0.83,12721.0,France
554265,85099C,JUMBO  BAG BAROQUE BLACK WHITE,1,2011-05-23 12:38:00,2.08,,United Kingdom
552674,22411,JUMBO SHOPPER VINTAGE RED PAISLEY,4,2011-05-10 15:07:00,4.13,,United Kingdom
556503,85160B,BLACK BIRD GARDEN DESIGN MUG,6,2011-06-13 08:44:00,0.39,13517.0,United Kingdom
554959,85099B,JUMBO BAG RED RETROSPOT,2,2011-05-27 15:18:00,4.13,,United Kingdom
554151,22825,DECORATIVE PLANT POT WITH FRIEZE,1,2011-05-23 11:07:00,7.95,14049.0,United Kingdom
552857,21181,PLEASE ONE PERSON METAL SIGN,2,2011-05-11 15:34:00,2.1,,United Kingdom
554323,23209,LUNCH BAG DOILEY PATTERN ,10,2011-05-23 15:33:00,1.65,16729.0,United Kingdom
553488,79051A,SMOKEY GREY COLOUR D.O.F. GLASS,6,2011-05-17 12:40:00,0.29,18043.0,United Kingdom
556503,22030,SWALLOWS GREETING CARD,12,2011-06-13 08:44:00,0.42,13517.0,United Kingdom
553833,85123A,WHITE HANGING HEART T-LIGHT HOLDER,2,2011-05-19 11:41:00,2.95,17346.0,United Kingdom
554134,20981,12 PENCILS TALL TUBE WOODLAND,12,2011-05-23 09:48:00,0.85,12583.0,France
555743,84406B,CREAM CUPID HEARTS COAT HANGER,4,2011-06-07 10:42:00,4.15,12868.0,United Kingdom
552269,22953,BIRTHDAY PARTY CORDON BARRIER TAPE,1,2011-05-08 11:52:00,1.25,16121.0,United Kingdom
C555274,23112,PARISIENNE CURIO CABINET,-1,2011-06-01 16:34:00,7.5,14911.0,EIRE
554392,22992,REVOLVER WOODEN RULER ,5,2011-05-24 12:04:00,1.95,14534.0,United Kingdom
552318,84946,ANTIQUE SILVER T-LIGHT GLASS,6,2011-05-08 16:13:00,1.25,17231.0,United Kingdom
553405,84849A,HELLO SAILOR BLUE SOAP HOLDER,12,2011-05-17 08:37:00,1.69,14952.0,United Kingdom
555149,22819,"BIRTHDAY CARD, RETRO SPOT",3,2011-05-31 15:49:00,0.83,,United Kingdom
552542,84596G,SMALL CHOCOLATES PINK BOWL,16,2011-05-10 10:20:00,0.42,16841.0,United Kingdom
553194,22197,SMALL POPCORN HOLDER,10,2011-05-15 13:37:00,0.85,16283.0,United Kingdom
554509,21175,GIN + TONIC DIET METAL SIGN,3,2011-05-24 15:45:00,2.55,17375.0,United Kingdom
552874,84279B,CHERRY BLOSSOM DECORATIVE FLASK,4,2011-05-12 09:40:00,3.75,12621.0,Germany
553657,21933,PINK VINTAGE PAISLEY PICNIC BAG,1,2011-05-18 11:28:00,1.65,14583.0,United Kingdom
553100,22435,SET OF 9 HEART SHAPED BALLOONS,1,2011-05-13 11:57:00,1.25,,United Kingdom
553718,21026,SPACE OWL,1,2011-05-18 16:14:00,2.46,,United Kingdom
555406,23159,SET OF 5 PANCAKE DAY MAGNETS,3,2011-06-02 19:50:00,2.08,17231.0,United Kingdom
556067,21623,VINTAGE UNION JACK MEMOBOARD,1,2011-06-08 14:35:00,9.95,12748.0,United Kingdom
556474,23301,GARDENERS KNEELING PAD KEEP CALM ,1,2011-06-12 12:01:00,1.65,16007.0,United Kingdom
555322,22629,SPACEBOY LUNCH BOX ,1,2011-06-02 11:01:00,2.46,,United Kingdom
553727,21155,RED RETROSPOT PEG BAG,6,2011-05-18 16:56:00,2.55,13531.0,United Kingdom
552677,22095,LADS ONLY TISSUE BOX,1,2011-05-10 15:07:00,2.46,,United Kingdom
554981,23300,GARDENERS KNEELING PAD CUP OF TEA ,2,2011-05-29 12:06:00,1.65,17613.0,United Kingdom
552872,48138,DOORMAT UNION FLAG,10,2011-05-12 09:09:00,6.75,16985.0,United Kingdom
554015,23146,TRIPLE HOOK ANTIQUE IVORY ROSE,4,2011-05-20 13:14:00,3.29,17644.0,United Kingdom
552557,23174,REGENCY SUGAR BOWL GREEN,24,2011-05-10 11:31:00,3.75,16696.0,United Kingdom
556253,22457,NATURAL SLATE HEART CHALKBOARD ,6,2011-06-09 16:55:00,2.95,17652.0,United Kingdom
C553222,23201,JUMBO BAG ALPHABET,-1,2011-05-16 10:10:00,2.08,13662.0,United Kingdom
556183,84817,DANISH ROSE DECORATIVE PLATE,12,2011-06-09 11:37:00,2.1,13134.0,United Kingdom
555162,82484,WOOD BLACK BOARD ANT WHITE FINISH,2,2011-06-01 10:15:00,7.95,12473.0,Germany
552520,22352,LUNCH BOX WITH CUTLERY RETROSPOT ,2,2011-05-09 16:34:00,4.96,,United Kingdom
553016,20970,PINK FLORAL FELTCRAFT SHOULDER BAG,2,2011-05-12 18:58:00,3.75,12748.0,United Kingdom
555470,23208,LUNCH BAG VINTAGE LEAF DESIGN,10,2011-06-03 11:33:00,1.65,12455.0,Spain
554268,20711,JUMBO BAG TOYS ,100,2011-05-23 12:59:00,1.79,15311.0,United Kingdom
553007,16014,SMALL CHINESE STYLE SCISSOR,80,2011-05-12 16:50:00,0.42,14000.0,United Kingdom
553461,22712,CARD DOLLY GIRL ,12,2011-05-17 10:57:00,0.42,16316.0,United Kingdom
556440,82483,WOOD 2 DRAWER CABINET WHITE FINISH,16,2011-06-10 14:51:00,5.95,14401.0,United Kingdom
555923,22920,HERB MARKER BASIL,1,2011-06-07 17:09:00,1.63,,United Kingdom
552232,20725,LUNCH BAG RED RETROSPOT,6,2011-05-06 15:54:00,1.65,,United Kingdom
553210,84077,WORLD WAR 2 GLIDERS ASSTD DESIGNS,48,2011-05-16 09:40:00,0.29,14016.0,EIRE
551982,23283,DOORMAT VINTAGE LEAVES DESIGN ,1,2011-05-05 13:56:00,7.95,15023.0,United Kingdom
552703,21892,TRADITIONAL WOODEN CATCH CUP GAME ,2,2011-05-10 16:00:00,1.25,14462.0,United Kingdom
552831,22602,RETROSPOT WOODEN HEART DECORATION,30,2011-05-11 14:12:00,0.85,13052.0,United Kingdom
554979,22268,DECORATION SITTING BUNNY,6,2011-05-29 11:34:00,0.85,16931.0,United Kingdom
556237,22692,DOORMAT WELCOME TO OUR HOME,3,2011-06-09 15:34:00,8.29,,United Kingdom
554104,22326,ROUND SNACK BOXES SET OF4 WOODLAND ,6,2011-05-22 14:03:00,2.95,12705.0,Germany
552456,21238,RED RETROSPOT CUP,16,2011-05-09 14:40:00,0.85,13999.0,United Kingdom
555158,84755,COLOUR GLASS T-LIGHT HOLDER HANGING,16,2011-06-01 08:38:00,0.65,14842.0,United Kingdom
551966,21907,I'M ON HOLIDAY METAL SIGN,3,2011-05-05 13:14:00,2.1,15356.0,United Kingdom
553894,22605,WOODEN CROQUET GARDEN SET,2,2011-05-19 17:15:00,14.95,13658.0,United Kingdom
552857,22207,FRYING PAN UNION FLAG,1,2011-05-11 15:34:00,8.29,,United Kingdom
555278,22356,CHARLOTTE BAG PINK POLKADOT,2,2011-06-01 17:33:00,1.63,,United Kingdom
553120,22501,PICNIC BASKET WICKER LARGE,2,2011-05-13 12:12:00,9.95,17139.0,United Kingdom
554098,20728,LUNCH BAG CARS BLUE,2,2011-05-22 13:01:00,1.65,14769.0,United Kingdom
553680,22784,LANTERN CREAM GAZEBO ,4,2011-05-18 13:11:00,4.95,13258.0,United Kingdom
552270,21794,CLASSIC FRENCH STYLE BASKET NATURAL,4,2011-05-08 11:56:00,3.95,16928.0,United Kingdom
552663,22501,PICNIC BASKET WICKER LARGE,1,2011-05-10 15:04:00,20.79,,United Kingdom
556510,23310,BUBBLEGUM RING ASSORTED,72,2011-06-13 10:36:00,0.42,14911.0,EIRE
553762,21213,PACK OF 72 SKULL CAKE CASES,24,2011-05-19 10:38:00,0.55,18145.0,United Kingdom
554694,22498,WOODEN REGATTA BUNTING,1,2011-05-25 17:06:00,12.46,,United Kingdom
556330,22188,BLACK HEART CARD HOLDER,2,2011-06-10 11:29:00,3.95,17797.0,United Kingdom
551982,22384,LUNCH BAG PINK POLKADOT,3,2011-05-05 13:56:00,1.65,15023.0,United Kingdom
554096,21377,SMALL CAMPHOR WOOD FIELD  MUSHROOM,6,2011-05-22 12:51:00,1.65,14921.0,United Kingdom
553731,22556,PLASTERS IN TIN CIRCUS PARADE ,12,2011-05-19 08:26:00,1.65,12481.0,Germany
552229,21786,POLKADOT RAIN HAT ,1,2011-05-06 15:40:00,0.83,,United Kingdom
552839,22897,OVEN MITT APPLES DESIGN,3,2011-05-11 14:25:00,1.45,14367.0,United Kingdom
552257,22178,VICTORIAN GLASS HANGING T-LIGHT,2,2011-05-08 11:08:00,1.25,16923.0,United Kingdom
552687,23182,TOILET SIGN OCCUPIED OR VACANT,1,2011-05-10 15:09:00,2.5,,United Kingdom
556415,22440,BALLOON WATER BOMB PACK OF 35,100,2011-06-10 12:19:00,0.42,12409.0,Switzerland
552460,23255,CHILDRENS CUTLERY CIRCUS PARADE,4,2011-05-09 14:44:00,4.15,13178.0,United Kingdom
556489,21391,FRENCH LAVENDER SCENT HEART,3,2011-06-12 13:59:00,0.75,14704.0,United Kingdom
553388,23156,SET OF 5 MINI GROCERY MAGNETS,1,2011-05-16 16:36:00,2.08,15910.0,United Kingdom
555381,46000S,POLYESTER FILLER PAD 40x40cm,12,2011-06-02 14:38:00,1.45,17900.0,United Kingdom
553011,21918,SET 12 KIDS COLOUR  CHALK STICKS,10,2011-05-12 17:03:00,0.42,14390.0,United Kingdom
554960,85049e,SCANDINAVIAN REDS RIBBONS,2,2011-05-27 15:18:00,3.29,,United Kingdom
555865,23083,SET 6 PAPER TABLE LANTERN STARS ,3,2011-06-07 14:30:00,3.75,14530.0,United Kingdom
556202,90214J,"LETTER ""J"" BLING KEY RING",2,2011-06-09 13:08:00,1.25,14606.0,United Kingdom
552844,22956,36 FOIL HEART CAKE CASES,6,2011-05-11 14:37:00,2.1,12649.0,Germany
552005,46000M,POLYESTER FILLER PAD 45x45cm,6,2011-05-05 16:34:00,1.55,15491.0,United Kingdom
552180,22382,LUNCH BAG SPACEBOY DESIGN ,10,2011-05-06 13:35:00,1.65,18235.0,United Kingdom
556102,23126,FELTCRAFT GIRL AMELIE KIT,4,2011-06-08 16:15:00,4.95,13115.0,United Kingdom
553524,84673B,BLUE FLY SWAT,3,2011-05-17 14:46:00,0.65,15570.0,United Kingdom
553055,22698,PINK REGENCY TEACUP AND SAUCER,6,2011-05-13 10:35:00,2.95,16618.0,United Kingdom
555650,22191,IVORY DINER WALL CLOCK,2,2011-06-06 13:48:00,8.5,14156.0,EIRE
554098,21623,VINTAGE UNION JACK MEMOBOARD,1,2011-05-22 13:01:00,9.95,14769.0,United Kingdom
551997,21932,SCANDINAVIAN PAISLEY PICNIC BAG,1,2011-05-05 15:47:00,2.46,,United Kingdom
556087,21679,SKULLS  STICKERS,1,2011-06-08 15:24:00,1.63,,United Kingdom
552468,22817,CARD SUKI BIRTHDAY,12,2011-05-09 15:33:00,0.42,13141.0,United Kingdom
552951,22897,OVEN MITT APPLES DESIGN,4,2011-05-12 12:05:00,1.45,14988.0,United Kingdom
555418,21735,TWO DOOR CURIO CABINET,4,2011-06-03 10:19:00,12.75,15498.0,United Kingdom
552332,21533,RETROSPOT LARGE MILK JUG,3,2011-05-09 10:24:00,4.95,13908.0,United Kingdom
555558,20679,EDWARDIAN PARASOL RED,1,2011-06-05 14:06:00,5.95,14159.0,United Kingdom
552735,22892,SET OF SALT AND PEPPER TOADSTOOLS,12,2011-05-11 10:49:00,1.25,17428.0,United Kingdom
554823,84792,ENCHANTED BIRD COATHANGER 5 HOOK,6,2011-05-26 14:20:00,4.65,16624.0,United Kingdom
C554540,22847,BREAD BIN DINER STYLE IVORY,-2,2011-05-24 17:49:00,14.95,15125.0,United Kingdom
552702,23206,LUNCH BAG APPLE DESIGN,1,2011-05-10 16:00:00,4.13,,United Kingdom
551855,22665,RECIPE BOX BLUE SKETCHBOOK DESIGN,2,2011-05-04 15:08:00,2.95,12836.0,United Kingdom
552839,20829,GLITTER HANGING BUTTERFLY STRING,6,2011-05-11 14:25:00,2.1,14367.0,United Kingdom
554787,21905,MORE BUTTER METAL SIGN ,2,2011-05-26 11:51:00,2.1,16356.0,United Kingdom
554644,15056N,EDWARDIAN PARASOL NATURAL,1,2011-05-25 12:34:00,5.95,15311.0,United Kingdom
554371,21830,ASSORTED CREEPY CRAWLIES,24,2011-05-24 10:42:00,0.42,17659.0,United Kingdom
559552,21232,STRAWBERRY CERAMIC TRINKET BOX,3,2011-07-10 16:29:00,1.25,16014.0,United Kingdom
557497,15056n,EDWARDIAN PARASOL NATURAL,1,2011-06-20 15:20:00,12.46,,United Kingdom
556575,22077,6 RIBBONS RUSTIC CHARM,5,2011-06-13 13:44:00,1.65,17027.0,United Kingdom
557794,16259,PIECE OF CAMO STATIONERY SET,216,2011-06-23 09:08:00,0.08,16287.0,United Kingdom
560051,22432,WATERING CAN PINK BUNNY,6,2011-07-14 15:22:00,1.95,15306.0,United Kingdom
560292,21217,RED RETROSPOT ROUND CAKE TINS,1,2011-07-18 10:19:00,20.79,,United Kingdom
557636,22355,CHARLOTTE BAG SUKI DESIGN,4,2011-06-21 15:41:00,0.85,17841.0,United Kingdom
560876,22037,ROBOT BIRTHDAY CARD,12,2011-07-21 15:14:00,0.42,12626.0,Germany
556937,22085,PAPER CHAIN KIT SKULLS ,6,2011-06-15 16:05:00,2.95,17716.0,United Kingdom
559865,16161U,WRAP SUKI AND FRIENDS,25,2011-07-13 10:39:00,0.42,14409.0,United Kingdom
560359,84991,60 TEATIME FAIRY CAKE CASES,6,2011-07-18 11:47:00,0.55,14159.0,United Kingdom
559951,22469,HEART OF WICKER SMALL,12,2011-07-14 10:52:00,1.65,14847.0,United Kingdom
557217,84992,72 SWEETHEART FAIRY CAKE CASES,24,2011-06-17 12:30:00,0.55,17426.0,United Kingdom
556768,22470,HEART OF WICKER LARGE,11,2011-06-14 12:21:00,2.95,17243.0,United Kingdom
558388,22744,MAKE YOUR OWN MONSOON CARD KIT,6,2011-06-29 10:00:00,2.95,,EIRE
559174,85019B,BLOSSOM  IMAGES NOTEBOOK SET,24,2011-07-07 10:04:00,1.25,18263.0,United Kingdom
558066,23285,PINK VINTAGE SPOT BEAKER,1,2011-06-24 15:45:00,1.63,,United Kingdom
559673,85130B,BEADED CRYSTAL HEART GREEN LARGE,6,2011-07-11 14:10:00,0.79,13224.0,United Kingdom
557802,22508,DOORSTOP RETROSPOT HEART,4,2011-06-23 10:15:00,3.75,15130.0,United Kingdom
557771,22772,PINK DRAWER KNOB ACRYLIC EDWARDIAN,12,2011-06-22 14:43:00,1.25,15601.0,United Kingdom
557213,23269,SET OF 2 CERAMIC CHRISTMAS TREES,1,2011-06-17 12:16:00,1.45,15021.0,United Kingdom
558102,84997B,CHILDRENS CUTLERY RETROSPOT RED ,3,2011-06-26 14:06:00,4.15,17372.0,United Kingdom
556671,21977,PACK OF 60 PINK PAISLEY CAKE CASES,2,2011-06-13 16:33:00,0.55,17841.0,United Kingdom
558066,21739,COSY SLIPPER SHOES SMALL GREEN,1,2011-06-24 15:45:00,5.79,,United Kingdom
557892,23192,BUNDLE OF 3 ALPHABET EXERCISE BOOKS,1,2011-06-23 14:11:00,1.65,14534.0,United Kingdom
559052,85214,TUB 24 PINK FLOWER PEGS,2,2011-07-05 16:53:00,1.63,,United Kingdom
560261,22894,TABLECLOTH RED APPLES DESIGN ,1,2011-07-17 13:35:00,9.95,12841.0,United Kingdom
559337,15056N,EDWARDIAN PARASOL NATURAL,1,2011-07-07 16:27:00,12.46,,United Kingdom
559887,79066K,RETRO MOD TRAY,2,2011-07-13 11:44:00,0.85,13263.0,United Kingdom
559538,82552,WASHROOM METAL SIGN,2,2011-07-10 12:25:00,1.45,16880.0,United Kingdom
559817,15058B,PINK POLKADOT GARDEN PARASOL,1,2011-07-12 16:20:00,10.79,,United Kingdom
558863,22470,HEART OF WICKER LARGE,5,2011-07-04 12:28:00,2.95,17243.0,United Kingdom
557118,21718,RED METAL BEACH SPADE ,12,2011-06-16 17:05:00,1.25,14849.0,United Kingdom
556932,22798,ANTIQUE GLASS DRESSING TABLE POT,1,2011-06-15 15:41:00,5.79,,United Kingdom
559930,84375,SET OF 20 KIDS COOKIE CUTTERS,12,2011-07-14 09:22:00,2.1,17738.0,United Kingdom
558623,22630,DOLLY GIRL LUNCH BOX,12,2011-06-30 16:52:00,1.95,12395.0,Belgium
560894,23201,JUMBO BAG ALPHABET,20,2011-07-21 17:09:00,2.08,14911.0,EIRE
560271,35646,VINTAGE BEAD PINK EVENING BAG,2,2011-07-17 14:51:00,1.25,16474.0,United Kingdom
560736,23068,ALUMINIUM STAMPED HEART,16,2011-07-20 15:33:00,2.49,15260.0,United Kingdom
557644,23226,FILIGREE HEART DAISY WHITE,1,2011-06-21 17:06:00,2.46,,United Kingdom
560240,22523,CHILDS GARDEN FORK PINK,2,2011-07-17 11:59:00,0.85,15716.0,United Kingdom
558707,21872,GLAMOROUS  MUG,2,2011-07-01 12:58:00,1.25,12748.0,United Kingdom
557496,22630,DOLLY GIRL LUNCH BOX,1,2011-06-20 15:19:00,2.46,,United Kingdom
559923,21992,VINTAGE PAISLEY STATIONERY SET,3,2011-07-13 16:07:00,2.46,,United Kingdom
559337,21716,BOYS VINTAGE TIN SEASIDE BUCKET,10,2011-07-07 16:27:00,2.46,,United Kingdom
560228,17091J,VANILLA INCENSE IN TIN,6,2011-07-15 17:29:00,0.38,17750.0,United Kingdom
558028,82001S,VINYL RECORD FRAME SILVER,4,2011-06-24 11:39:00,3.75,15128.0,United Kingdom
559051,22248,DECORATION  PINK CHICK MAGIC GARDEN,1,2011-07-05 16:47:00,0.83,,United Kingdom
559133,22713,CARD I LOVE LONDON ,12,2011-07-06 13:13:00,0.42,17861.0,United Kingdom
558310,85049A,TRADITIONAL CHRISTMAS RIBBONS,288,2011-06-28 11:20:00,1.06,16671.0,United Kingdom
558892,21208,PASTEL COLOUR HONEYCOMB FAN,12,2011-07-04 15:46:00,0.39,17581.0,United Kingdom
560203,22670,FRENCH WC SIGN BLUE METAL,3,2011-07-15 13:13:00,1.25,15311.0,United Kingdom
556927,22863,SOAP DISH BROCANTE,48,2011-06-15 14:47:00,2.55,14156.0,EIRE
560105,23103,JINGLE BELL HEART DECORATION,6,2011-07-14 19:23:00,1.65,16794.0,United Kingdom
558068,21033,JUMBO BAG CHARLIE AND LOLA TOYS,1,2011-06-24 15:51:00,4.13,,United Kingdom
C560855,47591D,PINK FAIRY CAKE CHILDRENS APRON,-1,2011-07-21 13:00:00,1.95,14410.0,United Kingdom
559318,22753,SMALL YELLOW BABUSHKA NOTEBOOK ,3,2011-07-07 14:08:00,0.85,18013.0,United Kingdom
560568,22090,PAPER BUNTING RETROSPOT,6,2011-07-19 14:03:00,2.95,13895.0,United Kingdom
560410,22485,SET OF 2 WOODEN MARKET CRATES,2,2011-07-18 14:28:00,12.75,17213.0,United Kingdom
558240,23123,COCKTAIL SWORDS 50 PIECES,2,2011-06-27 15:27:00,1.67,,United Kingdom
557055,22328,ROUND SNACK BOXES SET OF 4 FRUITS ,24,2011-06-16 14:45:00,2.95,12621.0,Germany
556642,23044,PAPER LANTERN 9 POINT HOLLY STAR S,1,2011-06-13 15:47:00,4.15,17236.0,United Kingdom
558771,85130D,BEADED CRYSTAL HEART PINK LARGE,4,2011-07-03 15:53:00,0.79,17105.0,United Kingdom
559692,21328,BALLOONS  WRITING SET ,1,2011-07-11 15:52:00,1.65,,United Kingdom
559886,22698,PINK REGENCY TEACUP AND SAUCER,6,2011-07-13 11:44:00,2.95,13669.0,United Kingdom
558558,22038,BOTANICAL LAVENDER GIFT WRAP ,25,2011-06-30 13:17:00,0.42,17841.0,United Kingdom
558068,21080,SET/20 RED RETROSPOT PAPER NAPKINS ,4,2011-06-24 15:51:00,1.63,,United Kingdom
C558745,20723,STRAWBERRY CHARLOTTE BAG,-9,2011-07-01 17:02:00,0.85,14415.0,United Kingdom
560291,85123a,WHITE HANGING HEART T-LIGHT HOLDER,3,2011-07-18 10:17:00,6.63,,United Kingdom
560686,22554,PLASTERS IN TIN WOODLAND ANIMALS,12,2011-07-20 11:50:00,1.65,15632.0,United Kingdom
557745,23103,JINGLE BELL HEART DECORATION,3,2011-06-22 12:16:00,1.65,15750.0,United Kingdom
558430,21931,JUMBO STORAGE BAG SUKI,10,2011-06-29 12:12:00,2.08,13238.0,United Kingdom
560777,23199,JUMBO BAG APPLES,2,2011-07-21 09:30:00,4.13,,United Kingdom
559052,22878,NUMBER TILE COTTAGE GARDEN No,1,2011-07-05 16:53:00,4.13,,United Kingdom
560434,22167, OVAL WALL MIRROR DIAMANTE ,1,2011-07-18 15:56:00,8.29,,United Kingdom
560729,23209,LUNCH BAG DOILEY PATTERN ,100,2011-07-20 14:39:00,1.45,17511.0,United Kingdom
559506,21802,CHRISTMAS TREE HEART DECORATION,2,2011-07-08 15:17:00,0.42,,United Kingdom
556816,22439,6 ROCKET BALLOONS ,24,2011-06-15 09:01:00,0.65,12437.0,France
558330,82567,"AIRLINE LOUNGE,METAL SIGN",1,2011-06-28 12:16:00,2.1,12748.0,United Kingdom
557330,22630,DOLLY GIRL LUNCH BOX,12,2011-06-20 10:20:00,1.95,14291.0,United Kingdom
558066,20700,GREEN CAT FLORAL CUSHION COVER ,1,2011-06-24 15:45:00,4.13,,United Kingdom
557933,22675,FRENCH KITCHEN SIGN BLUE METAL,12,2011-06-23 15:07:00,1.25,13014.0,United Kingdom
559338,35653,VINTAGE BEAD NOTEBOOK,13,2011-07-07 16:30:00,2.46,,United Kingdom
559337,82551,LAUNDRY 15C METAL SIGN,1,2011-07-07 16:27:00,2.46,,United Kingdom
559816,21403,BLUE EGG  SPOON,1,2011-07-12 16:11:00,0.42,,United Kingdom
560290,20711,JUMBO BAG TOYS ,2,2011-07-18 10:17:00,4.13,,United Kingdom
559831,23201,JUMBO BAG ALPHABET,10,2011-07-13 09:58:00,2.08,14709.0,United Kingdom
560773,23198,PANTRY MAGNETIC  SHOPPING LIST,1,2011-07-20 16:17:00,3.29,,United Kingdom
559171,22723,SET OF 6 HERB TINS SKETCHBOOK,4,2011-07-07 08:21:00,3.95,17651.0,United Kingdom
557125,23288,GREEN VINTAGE SPOT BEAKER,612,2011-06-16 18:40:00,0.72,17450.0,United Kingdom
557153,23238,SET OF 4 KNICK KNACK TINS LONDON ,4,2011-06-17 11:07:00,4.15,13735.0,United Kingdom
560772,90103,PURPLE FRANGIPANI NECKLACE,1,2011-07-20 16:12:00,2.48,,United Kingdom
556791,23028,DRAWER KNOB CRACKLE GLAZE BLUE,3,2011-06-14 13:51:00,1.65,16928.0,United Kingdom
559064,21164,HOME SWEET HOME METAL SIGN ,12,2011-07-06 10:15:00,2.95,15673.0,United Kingdom
558198,23089,GLASS BON BON JAR,6,2011-06-27 12:49:00,1.65,14104.0,United Kingdom
556932,23054,RECYCLED ACAPULCO MAT LAVENDER,1,2011-06-15 15:41:00,16.63,,United Kingdom
559889,23287,RED VINTAGE SPOT BEAKER,96,2011-07-13 11:48:00,0.72,12678.0,France
558904,21128,GOLD FISHING GNOME,1,2011-07-04 16:18:00,12.46,,United Kingdom
558096,21110,LARGE CAKE TOWEL PINK SPOTS,1,2011-06-26 13:24:00,6.75,15532.0,United Kingdom
559297,23159,SET OF 5 PANCAKE DAY MAGNETS,6,2011-07-07 12:36:00,2.08,16743.0,United Kingdom
557621,22762,CUPBOARD 3 DRAWER MA CAMPAGNE,3,2011-06-21 14:00:00,14.95,12444.0,Norway
559017,22158,3 HEARTS HANGING DECORATION RUSTIC,4,2011-07-05 13:06:00,2.95,14034.0,United Kingdom
559163,82001S,VINYL RECORD FRAME SILVER,2,2011-07-06 16:33:00,7.46,,United Kingdom
559817,21422,PORCELAIN ROSE SMALL,4,2011-07-12 16:20:00,1.63,,United Kingdom
560036,23209,LUNCH BAG DOILEY PATTERN ,10,2011-07-14 13:51:00,1.65,14911.0,EIRE
559797,21220,SET/4 BADGES DOGS,10,2011-07-12 13:31:00,1.25,12720.0,Germany
559132,22949,36 DOILIES DOLLY GIRL,1,2011-07-06 13:06:00,1.45,15053.0,United Kingdom
558339,22775,PURPLE DRAWERKNOB ACRYLIC EDWARDIAN,24,2011-06-28 13:55:00,1.25,16928.0,United Kingdom
559109,23343,JUMBO BAG VINTAGE CHRISTMAS ,3,2011-07-06 11:52:00,2.08,15021.0,United Kingdom
557311,22296,HEART IVORY TRELLIS LARGE,6,2011-06-19 15:36:00,1.65,15700.0,United Kingdom
558873,22423,REGENCY CAKESTAND 3 TIER,6,2011-07-04 13:28:00,12.75,15290.0,United Kingdom
559538,22796,PHOTO FRAME 3 CLASSIC HANGING,1,2011-07-10 12:25:00,9.95,16880.0,United Kingdom
559799,22659,LUNCH BOX I LOVE LONDON,1,2011-07-12 13:46:00,2.46,,United Kingdom
559884,23206,LUNCH BAG APPLE DESIGN,10,2011-07-13 11:34:00,1.65,16843.0,United Kingdom
560712,21034,REX CASH+CARRY JUMBO SHOPPER,2,2011-07-20 13:06:00,0.95,14456.0,United Kingdom
560694,22384,LUNCH BAG PINK POLKADOT,20,2011-07-20 12:05:00,1.65,12757.0,Portugal
557502,85099C,JUMBO  BAG BAROQUE BLACK WHITE,1,2011-06-20 15:32:00,4.13,,United Kingdom
559984,84378,SET OF 3 HEART COOKIE CUTTERS,1,2011-07-14 11:45:00,1.25,16657.0,United Kingdom
558888,22727,ALARM CLOCK BAKELIKE RED ,2,2011-07-04 15:29:00,3.75,14056.0,United Kingdom
560434,21232,STRAWBERRY CERAMIC TRINKET BOX,2,2011-07-18 15:56:00,2.46,,United Kingdom
559493,21218,RED SPOTTY BISCUIT TIN,1,2011-07-08 13:53:00,8.29,,United Kingdom
557276,22431,WATERING CAN BLUE ELEPHANT,5,2011-06-19 12:05:00,1.95,16931.0,United Kingdom
559557,23174,REGENCY SUGAR BOWL GREEN,4,2011-07-11 10:33:00,4.15,17444.0,Canada
559299,22367,CHILDRENS APRON SPACEBOY DESIGN,8,2011-07-07 12:39:00,1.95,16929.0,United Kingdom
558341,23251,VINTAGE RED ENAMEL TRIM MUG ,12,2011-06-28 14:20:00,1.25,14741.0,United Kingdom
558705,21932,SCANDINAVIAN PAISLEY PICNIC BAG,1,2011-07-01 12:52:00,1.65,12748.0,United Kingdom
557896,22176,BLUE OWL SOFT TOY,1,2011-06-23 14:22:00,2.95,17611.0,United Kingdom
560359,22348,TEA BAG PLATE RED RETROSPOT,5,2011-07-18 11:47:00,0.85,14159.0,United Kingdom
559817,71143,ANTIQUE SILVER BOOK MARK WITH BEADS,8,2011-07-12 16:20:00,0.83,,United Kingdom
557496,22379,RECYCLING BAG RETROSPOT ,2,2011-06-20 15:19:00,4.96,,United Kingdom
557891,21155,RED RETROSPOT PEG BAG,6,2011-06-23 14:05:00,2.55,17652.0,United Kingdom
557258,82552,WASHROOM METAL SIGN,12,2011-06-19 10:35:00,1.45,12951.0,United Kingdom
558087,21880,RED RETROSPOT TAPE,3,2011-06-26 12:04:00,0.65,17323.0,United Kingdom
560444,21497,FANCY FONTS BIRTHDAY WRAP,25,2011-07-18 17:15:00,0.42,13764.0,United Kingdom
559360,79191C,RETRO PLASTIC ELEPHANT TRAY,1,2011-07-07 19:54:00,0.85,14657.0,United Kingdom
556826,84997a,CHILDRENS CUTLERY POLKADOT GREEN ,1,2011-06-15 10:25:00,8.29,,United Kingdom
559923,20713,JUMBO BAG OWLS,1,2011-07-13 16:07:00,4.13,,United Kingdom
559297,82600,NO SINGING METAL SIGN,12,2011-07-07 12:36:00,2.1,16743.0,United Kingdom
560772,22720,SET OF 3 CAKE TINS PANTRY DESIGN ,1,2011-07-20 16:12:00,10.79,,United Kingdom
560260,23002,TRAVEL CARD WALLET SKULLS,2,2011-07-17 13:32:00,0.42,14044.0,United Kingdom
559816,85099B,JUMBO BAG RED RETROSPOT,1,2011-07-12 16:11:00,4.13,,United Kingdom
557217,21124,SET/10 BLUE POLKADOT PARTY CANDLES,48,2011-06-17 12:30:00,1.25,17426.0,United Kingdom
557120,23087,ZINC  HEART T-LIGHT HOLDER,16,2011-06-16 17:12:00,1.25,15669.0,United Kingdom
556932,21902,"KEY FOB , FRONT  DOOR ",1,2011-06-15 15:41:00,1.63,,United Kingdom
557855,23012,GLASS APOTHECARY BOTTLE PERFUME,2,2011-06-23 11:46:00,3.95,16806.0,United Kingdom
558696,22621,TRADITIONAL KNITTING NANCY,10,2011-07-01 12:09:00,1.65,16746.0,United Kingdom
560225,23284,DOORMAT KEEP CALM AND COME IN,1,2011-07-15 16:27:00,16.63,,United Kingdom
557217,22993,SET OF 4 PANTRY JELLY MOULDS,12,2011-06-17 12:30:00,1.25,17426.0,United Kingdom
556927,84992,72 SWEETHEART FAIRY CAKE CASES,120,2011-06-15 14:47:00,0.42,14156.0,EIRE
559698,85136A,YELLOW SHARK HELICOPTER,1,2011-07-11 17:07:00,7.95,17589.0,United Kingdom
560115,23147,SINGLE ANTIQUE ROSE HOOK IVORY,7,2011-07-15 10:05:00,1.45,17841.0,United Kingdom
560035,84406B,CREAM CUPID HEARTS COAT HANGER,6,2011-07-14 13:41:00,4.15,17706.0,United Kingdom
557217,22750,FELTCRAFT PRINCESS LOLA DOLL,4,2011-06-17 12:30:00,3.75,17426.0,United Kingdom
559824,47566,PARTY BUNTING,4,2011-07-12 17:23:00,4.95,17576.0,United Kingdom
560300,21126,SET OF 6 GIRLS CELEBRATION CANDLES,12,2011-07-18 10:29:00,1.25,14911.0,EIRE
560777,21078,SET/20 STRAWBERRY PAPER NAPKINS ,1,2011-07-21 09:30:00,2.46,,United Kingdom
558045,22385,JUMBO BAG SPACEBOY DESIGN,10,2011-06-24 13:35:00,2.08,12615.0,France
559327,85123A,WHITE HANGING HEART T-LIGHT HOLDER,4,2011-07-07 15:21:00,2.95,13681.0,United Kingdom
557470,22064,PINK DOUGHNUT TRINKET POT ,48,2011-06-20 13:21:00,1.45,13798.0,United Kingdom
557208,22714,CARD BIRTHDAY COWBOY,12,2011-06-17 11:38:00,0.42,16172.0,United Kingdom
560579,84247E,PACK/12 XMAS FUN CARD,12,2011-07-19 15:13:00,2.95,15867.0,United Kingdom
558067,20726,LUNCH BAG WOODLAND,20,2011-06-24 15:51:00,1.65,14156.0,EIRE
560504,22998,TRAVEL CARD WALLET KEEP CALM,24,2011-07-19 11:47:00,0.42,13081.0,United Kingdom
559052,21154,RED RETROSPOT OVEN GLOVE ,1,2011-07-05 16:53:00,2.46,,United Kingdom
557208,84879,ASSORTED COLOUR BIRD ORNAMENT,8,2011-06-17 11:38:00,1.69,16172.0,United Kingdom
557319,23229,VINTAGE DONKEY TAIL GAME ,6,2011-06-20 08:23:00,3.75,15076.0,United Kingdom
559506,21946,PARTY TIME DESIGN FLANNEL,1,2011-07-08 15:17:00,0.83,,United Kingdom
557208,23108,SET OF 10 LED DOLLY LIGHTS,4,2011-06-17 11:38:00,6.25,16172.0,United Kingdom
558700,21243,PINK  POLKADOT PLATE ,2,2011-07-01 12:33:00,1.69,17920.0,United Kingdom
556829,85054,FRENCH ENAMEL POT W LID,6,2011-06-15 10:51:00,2.95,12809.0,Portugal
560287,22725,ALARM CLOCK BAKELIKE CHOCOLATE,1,2011-07-18 09:49:00,3.75,13821.0,United Kingdom
557141,22998,TRAVEL CARD WALLET KEEP CALM,24,2011-06-17 09:54:00,0.42,16779.0,United Kingdom
558073,23245,SET OF 3 REGENCY CAKE TINS,4,2011-06-24 16:21:00,4.95,13004.0,United Kingdom
559293,23237,SET OF 4 KNICK KNACK TINS LEAF,1,2011-07-07 12:29:00,4.15,16743.0,United Kingdom
560050,22563,HAPPY STENCIL CRAFT,1,2011-07-14 15:07:00,1.25,,United Kingdom
556578,22303,COFFEE MUG APPLES DESIGN,6,2011-06-13 14:13:00,2.55,12472.0,Germany
558232,47566,PARTY BUNTING,3,2011-06-27 14:30:00,4.95,17841.0,United Kingdom
559342,23065,LARGE DECO JEWELLERY STAND,3,2011-07-07 16:59:00,12.5,14493.0,United Kingdom
557949,23076,ICE CREAM SUNDAE LIP GLOSS,24,2011-06-23 17:20:00,1.25,15530.0,United Kingdom
558700,22332,SKULLS PARTY BAG + STICKER SET,1,2011-07-01 12:33:00,1.65,17920.0,United Kingdom
558709,21707,FOLDING UMBRELLA BLACKBLUE POLKADOT,2,2011-07-01 13:02:00,4.95,17338.0,United Kingdom
558234,22464,HANGING METAL HEART LANTERN,12,2011-06-27 14:37:00,1.65,18073.0,United Kingdom
557466,23169,CLASSIC GLASS COOKIE JAR,12,2011-06-20 13:08:00,4.15,13815.0,Germany
558099,35648,VINTAGE BEAD PINK PURSE ,7,2011-06-26 13:45:00,0.83,17593.0,United Kingdom
556827,22231,JIGSAW TREE WITH BIRDHOUSE,12,2011-06-15 10:29:00,0.59,15134.0,United Kingdom
558358,22716,CARD CIRCUS PARADE,12,2011-06-28 15:05:00,0.42,17965.0,United Kingdom
560918,21790,VINTAGE SNAP CARDS,12,2011-07-21 18:27:00,0.85,14849.0,United Kingdom
558262,21930,JUMBO STORAGE BAG SKULLS,100,2011-06-28 08:45:00,1.79,14646.0,Netherlands
558707,22906,12 MESSAGE CARDS WITH ENVELOPES,2,2011-07-01 12:58:00,1.65,12748.0,United Kingdom
560601,21915,RED  HARMONICA IN BOX ,1,2011-07-19 17:17:00,1.25,16764.0,United Kingdom
558777,35004B,SET OF 3 BLACK FLYING DUCKS,3,2011-07-04 10:23:00,5.79,,United Kingdom
560538,22274,FELTCRAFT DOLL EMILY,6,2011-07-19 12:19:00,2.95,16128.0,United Kingdom
560115,22222,CAKE PLATE LOVEBIRD WHITE,2,2011-07-15 10:05:00,4.95,17841.0,United Kingdom
557502,20659,ECONOMY LUGGAGE TAG,1,2011-06-20 15:32:00,2.46,,United Kingdom
560362,23121,PACK OF 6 COCKTAIL PARASOL STRAWS,24,2011-07-18 11:59:00,0.42,13488.0,United Kingdom
559918,21035,SET/2 RED RETROSPOT TEA TOWELS ,6,2011-07-13 15:29:00,3.25,18225.0,United Kingdom
559043,21179,NO JUNK MAIL METAL SIGN,1,2011-07-05 15:35:00,3.29,,United Kingdom
560567,20726,LUNCH BAG WOODLAND,19,2011-07-19 13:57:00,4.96,,United Kingdom
558614,84907,PINK YELLOW PATCH CUSHION COVER,1,2011-06-30 15:56:00,5.79,,United Kingdom
560225,21581,SKULLS  DESIGN  COTTON TOTE BAG,2,2011-07-15 16:27:00,1.63,,United Kingdom
558718,22083,PAPER CHAIN KIT RETROSPOT,6,2011-07-01 13:31:00,2.95,16589.0,United Kingdom
558876,20727,LUNCH BAG  BLACK SKULL.,2,2011-07-04 13:36:00,1.65,17841.0,United Kingdom
559693,22609,PENS ASSORTED SPACEBALL,1,2011-07-11 16:21:00,0.42,,United Kingdom
560780,21928,JUMBO BAG SCANDINAVIAN BLUE PAISLEY,1,2011-07-21 09:31:00,4.13,,United Kingdom
559933,22796,PHOTO FRAME 3 CLASSIC HANGING,1,2011-07-14 09:54:00,9.95,16719.0,United Kingdom
559477,22457,NATURAL SLATE HEART CHALKBOARD ,6,2011-07-08 13:44:00,2.95,14315.0,United Kingdom
557311,84509A,SET OF 4 ENGLISH ROSE PLACEMATS,2,2011-06-19 15:36:00,3.75,15700.0,United Kingdom
560650,22029,SPACEBOY BIRTHDAY CARD,12,2011-07-20 11:38:00,0.42,15529.0,United Kingdom
560412,22970,LONDON BUS COFFEE MUG,3,2011-07-18 14:32:00,2.55,12748.0,United Kingdom
559050,23119,PACK OF 6 LARGE FRUIT STRAWS ,288,2011-07-05 16:08:00,0.53,13694.0,United Kingdom
560434,21212,PACK OF 72 RETROSPOT CAKE CASES,1,2011-07-18 15:56:00,1.25,,United Kingdom
560883,85130D,BEADED CRYSTAL HEART PINK LARGE,72,2011-07-21 16:10:00,0.79,13694.0,United Kingdom
558417,21833,CAMOUFLAGE LED TORCH,144,2011-06-29 10:50:00,1.49,14156.0,EIRE
560359,23198,PANTRY MAGNETIC  SHOPPING LIST,1,2011-07-18 11:47:00,1.45,14159.0,United Kingdom
559817,22773,GREEN DRAWER KNOB ACRYLIC EDWARDIAN,1,2011-07-12 16:20:00,2.46,,United Kingdom
560393,22610,PENS ASSORTED FUNNY FACE,36,2011-07-18 13:33:00,0.19,14808.0,United Kingdom
556932,23168,CLASSIC CAFE SUGAR DISPENSER,1,2011-06-15 15:41:00,2.46,,United Kingdom
559424,22488,NATURAL SLATE RECTANGLE CHALKBOARD,12,2011-07-08 12:14:00,1.65,18121.0,United Kingdom
559052,21471,STRAWBERRY RAFFIA FOOD COVER,1,2011-07-05 16:53:00,3.29,,United Kingdom
558837,85039a,SET/4 RED MINI ROSE CANDLE IN BOWL,2,2011-07-04 11:58:00,3.29,,United Kingdom
559051,47563A,RETRO LONGBOARD IRONING BOARD COVER,1,2011-07-05 16:47:00,3.29,,United Kingdom
560568,47566,PARTY BUNTING,8,2011-07-19 14:03:00,4.95,13895.0,United Kingdom
560779,21507,"ELEPHANT, BIRTHDAY CARD, ",6,2011-07-21 09:30:00,0.83,,United Kingdom
558372,21754,HOME BUILDING BLOCK WORD,3,2011-06-28 15:47:00,5.95,16200.0,United Kingdom
559863,21793,CLASSIC FRENCH STYLE BASKET BROWN,1,2011-07-13 10:33:00,3.95,15039.0,United Kingdom
559052,22203,MILK PAN RED RETROSPOT,3,2011-07-05 16:53:00,3.29,,United Kingdom
560262,23163,REGENCY SUGAR TONGS,4,2011-07-17 13:40:00,2.49,14224.0,United Kingdom
557954,22925,BLUE GIANT GARDEN THERMOMETER,2,2011-06-23 18:44:00,5.95,15023.0,United Kingdom
556917,22545,MINI JIGSAW BUNNIES,240,2011-06-15 13:37:00,0.36,12415.0,Australia
557319,23087,ZINC  HEART T-LIGHT HOLDER,16,2011-06-20 08:23:00,1.25,15076.0,United Kingdom
557208,47566,PARTY BUNTING,8,2011-06-17 11:38:00,4.95,16172.0,United Kingdom
558774,21063,PARTY INVITES JAZZ HEARTS,1,2011-07-04 10:17:00,0.83,,United Kingdom
559796,22377,BOTTLE BAG RETROSPOT ,1,2011-07-12 13:30:00,4.13,,United Kingdom
560892,22558,CLOTHES PEGS RETROSPOT PACK 24 ,12,2011-07-21 17:08:00,1.65,13089.0,United Kingdom
557033,22776,SWEETHEART CAKESTAND 3 TIER,2,2011-06-16 13:48:00,9.95,13826.0,United Kingdom
560248,23156,SET OF 5 MINI GROCERY MAGNETS,2,2011-07-17 12:24:00,2.08,16255.0,United Kingdom
557762,22385,JUMBO BAG SPACEBOY DESIGN,10,2011-06-22 14:01:00,2.08,15810.0,United Kingdom
560233,85099F,JUMBO BAG STRAWBERRY,4,2011-07-17 11:10:00,2.08,16813.0,United Kingdom
557500,22174,PHOTO CUBE,2,2011-06-20 15:27:00,3.29,,United Kingdom
560445,22675,FRENCH KITCHEN SIGN BLUE METAL,192,2011-07-19 09:08:00,1.06,14156.0,EIRE
559662,22907,PACK OF 20 NAPKINS PANTRY DESIGN,24,2011-07-11 13:32:00,0.85,16572.0,United Kingdom
559060,21210,SET OF 72 RETROSPOT PAPER  DOILIES,12,2011-07-06 10:00:00,1.45,15738.0,United Kingdom
559360,84378,SET OF 3 HEART COOKIE CUTTERS,6,2011-07-07 19:54:00,1.25,14657.0,United Kingdom
558631,82551,LAUNDRY 15C METAL SIGN,2,2011-06-30 18:17:00,1.45,17921.0,United Kingdom
556767,22699,ROSES REGENCY TEACUP AND SAUCER ,6,2011-06-14 12:17:00,2.95,18073.0,United Kingdom
559923,20769,DAISY JOURNAL ,1,2011-07-13 16:07:00,2.46,,United Kingdom
559902,84970L,SINGLE HEART ZINC T-LIGHT HOLDER,2,2011-07-13 13:14:00,0.95,14502.0,United Kingdom
560259,22628,PICNIC BOXES SET OF 3 RETROSPOT ,4,2011-07-17 13:29:00,4.95,13654.0,United Kingdom
558614,22796,PHOTO FRAME 3 CLASSIC HANGING,1,2011-06-30 15:56:00,20.79,,United Kingdom
558042,22895,SET OF 2 TEA TOWELS APPLE AND PEARS,6,2011-06-24 13:26:00,3.25,13870.0,United Kingdom
559051,35004B,SET OF 3 BLACK FLYING DUCKS,1,2011-07-05 16:47:00,5.79,,United Kingdom
557263,22382,LUNCH BAG SPACEBOY DESIGN ,100,2011-06-19 11:08:00,1.45,14646.0,Netherlands
557485,20713,JUMBO BAG OWLS,200,2011-06-20 14:38:00,1.79,15769.0,United Kingdom
560773,21708,FOLDING UMBRELLA CREAM POLKADOT,1,2011-07-20 16:17:00,3.29,,United Kingdom
557112,35471D,SET OF 3 BIRD LIGHT PINK FEATHER ,1,2011-06-16 16:31:00,1.25,,United Kingdom
557268,23181,BULL DOG BOTTLE TOP WALL CLOCK,2,2011-06-19 11:26:00,8.25,13097.0,United Kingdom
558814,22097,SWALLOW SQUARE TISSUE BOX,3,2011-07-04 11:47:00,0.39,14049.0,United Kingdom
559508,84212,"ASSORTED FLOWER COLOUR ""LEIS""",6,2011-07-08 15:23:00,0.65,12748.0,United Kingdom
559816,71143,ANTIQUE SILVER BOOK MARK WITH BEADS,4,2011-07-12 16:11:00,0.83,,United Kingdom
557635,22494,EMERGENCY FIRST AID TIN ,5,2011-06-21 15:27:00,1.25,12748.0,United Kingdom
557787,22214,CANDLE PLATE LACE WHITE,2,2011-06-22 16:16:00,2.55,15041.0,United Kingdom
560773,21578,WOODLAND DESIGN  COTTON TOTE BAG,3,2011-07-20 16:17:00,1.63,,United Kingdom
560293,15056n,EDWARDIAN PARASOL NATURAL,1,2011-07-18 10:20:00,12.46,,United Kingdom
559163,23344,JUMBO BAG 50'S CHRISTMAS ,3,2011-07-06 16:33:00,4.13,,United Kingdom
560444,22128,PARTY CONES CANDY ASSORTED,6,2011-07-18 17:15:00,1.25,13764.0,United Kingdom
557958,47599B,BLUE PARTY BAGS ,3,2011-06-23 19:27:00,2.1,16161.0,United Kingdom
559923,84251B,"GREETING CARD, STICKY GORDON",1,2011-07-13 16:07:00,0.42,,United Kingdom
557066,23322,LARGE WHITE HEART OF WICKER,6,2011-06-16 15:10:00,2.95,17463.0,United Kingdom
558862,22749,FELTCRAFT PRINCESS CHARLOTTE DOLL,8,2011-07-04 12:25:00,3.75,13901.0,United Kingdom
560827,22789,T-LIGHT HOLDER SWEETHEART HANGING,16,2011-07-21 11:42:00,1.95,14517.0,United Kingdom
558336,21793,CLASSIC FRENCH STYLE BASKET BROWN,8,2011-06-28 13:17:00,3.95,14364.0,United Kingdom
556728,20723,STRAWBERRY CHARLOTTE BAG,2,2011-06-14 11:36:00,0.85,15719.0,United Kingdom
557645,21936,RED RETROSPOT PICNIC BAG,1,2011-06-21 17:08:00,5.79,,United Kingdom
559338,22798,ANTIQUE GLASS DRESSING TABLE POT,2,2011-07-07 16:30:00,5.79,,United Kingdom
560537,85099B,JUMBO BAG RED RETROSPOT,2,2011-07-19 12:19:00,2.08,17779.0,United Kingdom
560773,23144,ZINC T-LIGHT HOLDER STARS SMALL,4,2011-07-20 16:17:00,1.63,,United Kingdom
560305,22382,LUNCH BAG SPACEBOY DESIGN ,1,2011-07-18 10:49:00,1.65,16511.0,United Kingdom
558089,POST,POSTAGE,3,2011-06-26 12:36:00,40.0,13505.0,Switzerland
556803,22644,CERAMIC CHERRY CAKE MONEY BANK,1,2011-06-14 14:57:00,4.13,,United Kingdom
556541,22386,JUMBO BAG PINK POLKADOT,30,2011-06-13 12:52:00,2.08,13552.0,United Kingdom
559298,21731,RED TOADSTOOL LED NIGHT LIGHT,24,2011-07-07 12:38:00,1.65,12471.0,Germany
556905,21165,BEWARE OF THE CAT METAL SIGN ,1,2011-06-15 13:05:00,1.69,16904.0,United Kingdom
560412,85099B,JUMBO BAG RED RETROSPOT,6,2011-07-18 14:32:00,2.08,12748.0,United Kingdom
556813,23290,SPACEBOY CHILDRENS BOWL,1,2011-06-14 17:28:00,2.46,,United Kingdom
559436,22092,BLUE PAISLEY TISSUE BOX,1,2011-07-08 12:18:00,0.39,15901.0,United Kingdom
560285,21122,SET/10 PINK POLKADOT PARTY CANDLES,24,2011-07-18 09:21:00,1.25,14944.0,United Kingdom
560366,23022,SMALL BONNE JAM JAR  T-LIGHT HOLDER,6,2011-07-18 12:19:00,2.08,16859.0,United Kingdom
560504,21498,RED RETROSPOT WRAP ,25,2011-07-19 11:47:00,0.42,13081.0,United Kingdom
560697,21158,MOODY GIRL DOOR HANGER ,24,2011-07-20 12:16:00,0.39,14401.0,United Kingdom
560824,22209,WOOD STAMP SET HAPPY BIRTHDAY,1,2011-07-21 11:23:00,0.83,17935.0,United Kingdom
559817,22133,PINK LOVE HEART SHAPE CUP,3,2011-07-12 16:20:00,1.63,,United Kingdom
557621,22494,EMERGENCY FIRST AID TIN ,12,2011-06-21 14:00:00,1.25,12444.0,Norway
557315,72351B,SET/6 PINK  BUTTERFLY T-LIGHTS,2,2011-06-19 16:02:00,2.1,15535.0,United Kingdom
557279,22999,TRAVEL CARD WALLET RETRO PETALS,24,2011-06-19 12:10:00,0.42,18077.0,United Kingdom
557223,23284,DOORMAT KEEP CALM AND COME IN,2,2011-06-17 13:17:00,7.95,13647.0,United Kingdom
559661,48138,DOORMAT UNION FLAG,8,2011-07-11 13:22:00,7.95,18061.0,United Kingdom
557848,23036,T-LIGHT HOLDER SILVER PETIT FOUR ,12,2011-06-23 10:52:00,1.25,15220.0,United Kingdom
557268,47590B,PINK HAPPY BIRTHDAY BUNTING,1,2011-06-19 11:26:00,5.45,13097.0,United Kingdom
559125,20914,SET/5 RED RETROSPOT LID GLASS BOWLS,12,2011-07-06 12:32:00,2.95,13985.0,United Kingdom
559902,84879,ASSORTED COLOUR BIRD ORNAMENT,10,2011-07-13 13:14:00,1.69,14502.0,United Kingdom
560051,20969,RED FLORAL FELTCRAFT SHOULDER BAG,4,2011-07-14 15:22:00,3.75,15306.0,United Kingdom
556882,84692,BOX OF 24 COCKTAIL PARASOLS,2,2011-06-15 12:21:00,0.42,14395.0,United Kingdom
556781,22717,CARD DOG AND BALL ,24,2011-06-14 12:47:00,0.42,13384.0,United Kingdom
557469,21363,HOME SMALL WOOD LETTERS,1,2011-06-20 13:18:00,4.95,12904.0,United Kingdom
559902,22156,HEART DECORATION WITH PEARLS ,2,2011-07-13 13:14:00,0.85,14502.0,United Kingdom
557861,85174,S/4 CACTI CANDLES,4,2011-06-23 12:13:00,4.95,13437.0,United Kingdom
558777,22640,SET OF 4 NAPKIN CHARMS 3 KEYS ,1,2011-07-04 10:23:00,4.96,,United Kingdom
558096,22667,RECIPE BOX RETROSPOT ,1,2011-06-26 13:24:00,2.95,15532.0,United Kingdom
560433,84558A,3D DOG PICTURE PLAYING CARDS,1,2011-07-18 15:49:00,2.29,,United Kingdom
556935,22380,TOY TIDY SPACEBOY  ,5,2011-06-15 15:57:00,2.1,17651.0,United Kingdom
556636,10133,COLOURING PENCILS BROWN TUBE,5,2011-06-13 15:30:00,0.83,,United Kingdom
557222,22961,JAM MAKING SET PRINTED,12,2011-06-17 13:14:00,1.45,14936.0,Channel Islands
559298,21232,STRAWBERRY CERAMIC TRINKET BOX,24,2011-07-07 12:38:00,1.25,12471.0,Germany
558614,22659,LUNCH BOX I LOVE LONDON,1,2011-06-30 15:56:00,4.13,,United Kingdom
557217,22960,JAM MAKING SET WITH JARS,6,2011-06-17 12:30:00,4.25,17426.0,United Kingdom
559497,20658,RED RETROSPOT LUGGAGE TAG,2,2011-07-08 13:54:00,2.46,,United Kingdom
557870,21544,SKULLS  WATER TRANSFER TATTOOS ,12,2011-06-23 12:36:00,0.85,14404.0,United Kingdom
560281,21890,S/6 WOODEN SKITTLES IN COTTON BAG,2,2011-07-17 15:59:00,3.25,17984.0,United Kingdom
559990,23250,ENAMEL BOWL PANTRY,12,2011-07-14 12:22:00,1.25,13319.0,United Kingdom
556576,85169D,PINK LOVE BIRD CANDLE,6,2011-06-13 13:55:00,1.25,14606.0,United Kingdom
557319,22294,HEART FILIGREE DOVE  SMALL,24,2011-06-20 08:23:00,1.25,15076.0,United Kingdom
557622,22529,MAGIC DRAWING SLATE GO TO THE FAIR ,1,2011-06-21 14:15:00,0.42,17960.0,United Kingdom
558420,22385,JUMBO BAG SPACEBOY DESIGN,4,2011-06-29 11:46:00,2.08,14577.0,United Kingdom
558862,20971,PINK BLUE FELT CRAFT TRINKET BOX,12,2011-07-04 12:25:00,1.25,13901.0,United Kingdom
559550,22865,HAND WARMER OWL DESIGN,2,2011-07-10 15:38:00,2.1,17757.0,United Kingdom
557892,21617,4 LILY  BOTANICAL DINNER CANDLES,1,2011-06-23 14:11:00,3.75,14534.0,United Kingdom
559469,84987,SET OF 36 TEATIME PAPER DOILIES,12,2011-07-08 13:37:00,1.45,15182.0,United Kingdom
558808,22961,JAM MAKING SET PRINTED,1,2011-07-04 11:10:00,3.29,,United Kingdom
557625,21365,MIRRORED WALL ART STARS,12,2011-06-21 14:23:00,0.75,15159.0,United Kingdom
557233,21033,JUMBO BAG CHARLIE AND LOLA TOYS,2,2011-06-17 14:44:00,2.08,15356.0,United Kingdom
560545,22055,MINI CAKE STAND  HANGING STRAWBERY,8,2011-07-19 12:38:00,1.65,12569.0,Germany
560239,21888,BINGO SET,4,2011-07-17 11:50:00,3.75,13507.0,United Kingdom
559120,22417,PACK OF 60 SPACEBOY CAKE CASES,5,2011-07-06 12:18:00,0.55,16393.0,United Kingdom
557636,22464,HANGING METAL HEART LANTERN,10,2011-06-21 15:41:00,1.65,17841.0,United Kingdom
559923,90108,BLUE BLOSSOM HAIR CLIP,1,2011-07-13 16:07:00,2.46,,United Kingdom
557745,23194,GYMKHANA TREASURE BOOK BOX,3,2011-06-22 12:16:00,2.25,15750.0,United Kingdom
559057,22985,WRAP BILLBOARD FONTS DESIGN,25,2011-07-06 09:46:00,0.42,13089.0,United Kingdom
558696,23289,DOLLY GIRL CHILDRENS BOWL,4,2011-07-01 12:09:00,1.25,16746.0,United Kingdom
559665,22553,PLASTERS IN TIN SKULLS,2,2011-07-11 13:35:00,1.65,12556.0,Spain
558770,22851,SET 20 NAPKINS FAIRY CAKES DESIGN ,2,2011-07-03 15:19:00,0.85,12748.0,United Kingdom
557324,23307,SET OF 60 PANTRY DESIGN CAKE CASES ,3,2011-06-20 09:41:00,1.25,,United Kingdom
560368,21495,SKULLS AND CROSSBONES WRAP,25,2011-07-18 12:25:00,0.42,17841.0,United Kingdom
558035,22697,GREEN REGENCY TEACUP AND SAUCER,6,2011-06-24 12:30:00,2.95,15258.0,United Kingdom
558077,22746,POPPY'S PLAYHOUSE LIVINGROOM ,12,2011-06-26 10:59:00,2.1,13408.0,United Kingdom
559884,21395,BLUE POLKADOT BEAKER ,48,2011-07-13 11:34:00,0.39,16843.0,United Kingdom
559162,48194,DOORMAT HEARTS,1,2011-07-06 16:29:00,15.79,,United Kingdom
556891,23288,GREEN VINTAGE SPOT BEAKER,8,2011-06-15 12:48:00,0.85,17581.0,United Kingdom
556641,23170,REGENCY TEA PLATE ROSES ,12,2011-06-13 15:44:00,1.65,13663.0,United Kingdom
559925,21429,RED GINGHAM ROSE JEWELLERY BOX,8,2011-07-13 16:47:00,1.95,17644.0,United Kingdom
558777,20670,VIP HOLIDAY PURSE,1,2011-07-04 10:23:00,2.46,,United Kingdom
559052,90209C,PINK ENAMEL+GLASS HAIR COMB,1,2011-07-05 16:53:00,2.07,,United Kingdom
557409,22917,HERB MARKER ROSEMARY,12,2011-06-20 11:34:00,0.65,15410.0,United Kingdom
557217,22489,PACK OF 12 TRADITIONAL CRAYONS,24,2011-06-17 12:30:00,0.42,17426.0,United Kingdom
560601,21790,VINTAGE SNAP CARDS,2,2011-07-19 17:17:00,0.85,16764.0,United Kingdom
560042,23202,JUMBO BAG VINTAGE LEAF,10,2011-07-14 14:46:00,2.08,17068.0,United Kingdom
558119,21080,SET/20 RED RETROSPOT PAPER NAPKINS ,1,2011-06-27 09:12:00,2.46,,United Kingdom
559669,15060B,FAIRY CAKE DESIGN UMBRELLA,4,2011-07-11 13:47:00,3.75,16332.0,United Kingdom
556942,21878,PACK OF 6 SANDCASTLE FLAGS ASSORTED,12,2011-06-15 16:42:00,0.85,14222.0,United Kingdom
557136,22191,IVORY DINER WALL CLOCK,2,2011-06-17 09:23:00,8.5,14911.0,EIRE
557852,22900, SET 2 TEA TOWELS I LOVE LONDON ,12,2011-06-23 10:57:00,3.25,15384.0,United Kingdom
556812,23110,PARISIENNE KEY CABINET ,1,2011-06-14 17:25:00,12.46,,United Kingdom
557776,22920,HERB MARKER BASIL,12,2011-06-22 15:07:00,0.65,14422.0,United Kingdom
559469,21175,GIN + TONIC DIET METAL SIGN,12,2011-07-08 13:37:00,2.55,15182.0,United Kingdom
558475,20977,36 PENCILS TUBE WOODLAND,2,2011-06-29 15:58:00,2.46,,United Kingdom
559914,85049a,TRADITIONAL CHRISTMAS RIBBONS,1,2011-07-13 15:13:00,3.29,,United Kingdom
560383,22990,COTTON APRON PANTRY DESIGN,6,2011-07-18 12:52:00,4.95,16762.0,United Kingdom
557466,22503,CABIN BAG VINTAGE PAISLEY,2,2011-06-20 13:08:00,29.95,13815.0,Germany
559163,85123A,WHITE HANGING HEART T-LIGHT HOLDER,2,2011-07-06 16:33:00,5.79,,United Kingdom
558877,21672,WHITE SPOT RED CERAMIC DRAWER KNOB,4,2011-07-04 13:50:00,1.25,17841.0,United Kingdom
560773,37475,SET/4 COLOURFUL MIXING BOWLS,1,2011-07-20 16:17:00,8.29,,United Kingdom
557279,21012,ANTIQUE ALL GLASS CANDLESTICK,4,2011-06-19 12:10:00,2.1,18077.0,United Kingdom
557492,85212,MINI PAINTED GARDEN DECORATION ,24,2011-06-20 15:08:00,0.29,13717.0,United Kingdom
559052,22979,PANTRY WASHING UP BRUSH,1,2011-07-05 16:53:00,3.29,,United Kingdom
559055,21616,4 PEAR BOTANICAL DINNER CANDLES,1,2011-07-05 17:09:00,2.46,,United Kingdom
558751,21563,RED HEART SHAPE LOVE BUCKET ,5,2011-07-03 11:26:00,2.95,16009.0,United Kingdom
560551,72802B,OCEAN SCENT CANDLE IN JEWELLED BOX,1,2011-07-19 12:47:00,4.25,18041.0,United Kingdom
560567,79321,CHILLI LIGHTS,5,2011-07-19 13:57:00,12.46,,United Kingdom
559200,84879,ASSORTED COLOUR BIRD ORNAMENT,16,2011-07-07 10:36:00,1.69,13291.0,United Kingdom
560641,22041,"RECORD FRAME 7"" SINGLE SIZE ",12,2011-07-20 11:00:00,2.55,15587.0,United Kingdom
557636,82580,BATHROOM METAL SIGN,2,2011-06-21 15:41:00,0.55,17841.0,United Kingdom
558614,85231G,ORANGE SCENTED SET/9 T-LIGHTS,1,2011-06-30 15:56:00,1.63,,United Kingdom
559321,23316,RED REFECTORY CLOCK ,2,2011-07-07 14:30:00,9.95,17069.0,United Kingdom
557112,21098,CHRISTMAS TOILET ROLL,2,2011-06-16 16:31:00,2.46,,United Kingdom
556636,71143,SILVER BOOK MARK WITH BEADS,2,2011-06-13 15:30:00,0.83,,United Kingdom
559544,22210,WOOD STAMP SET BEST WISHES,1,2011-07-10 13:52:00,0.83,17126.0,United Kingdom
557145,22698,PINK REGENCY TEACUP AND SAUCER,6,2011-06-17 10:43:00,2.95,17139.0,United Kingdom
560828,81952B,ROUND BLUE CLOCK WITH SUCKER,1,2011-07-21 11:55:00,0.19,14298.0,United Kingdom
558772,22469,HEART OF WICKER SMALL,2,2011-07-03 16:00:00,1.65,15007.0,United Kingdom
559163,21200,MULTICOLOUR HONEYCOMB PAPER GARLAND,1,2011-07-06 16:33:00,3.29,,United Kingdom
560711,21121,SET/10 RED POLKADOT PARTY CANDLES,2,2011-07-20 12:58:00,1.25,17841.0,United Kingdom
559052,20932,PINK POT PLANT CANDLE,1,2011-07-05 16:53:00,7.46,,United Kingdom
557502,21731,RED TOADSTOOL LED NIGHT LIGHT,1,2011-06-20 15:32:00,3.29,,United Kingdom
560878,23284,DOORMAT KEEP CALM AND COME IN,1,2011-07-21 15:16:00,7.95,14410.0,United Kingdom
559506,47590A,BLUE HAPPY BIRTHDAY BUNTING,1,2011-07-08 15:17:00,10.79,,United Kingdom
559042,22362,GLASS JAR PEACOCK BATH SALTS,1,2011-07-05 15:34:00,5.79,,United Kingdom
557745,21558,SKULL LUNCH BOX WITH CUTLERY ,3,2011-06-22 12:16:00,2.55,15750.0,United Kingdom
559055,85176,SEWING SUSAN 21 NEEDLE SET,3,2011-07-05 17:09:00,0.79,,United Kingdom
558375,22727,ALARM CLOCK BAKELIKE RED ,12,2011-06-28 16:02:00,3.75,13418.0,United Kingdom
560878,22434,BALLOON PUMP WITH 10 BALLOONS,4,2011-07-21 15:16:00,1.95,14410.0,United Kingdom
558685,23068,ALUMINIUM HEART,6,2011-07-01 11:32:00,2.49,17706.0,United Kingdom
559032,47566,PARTY BUNTING,50,2011-07-05 14:53:00,4.15,17511.0,United Kingdom
560234,22917,HERB MARKER ROSEMARY,12,2011-07-17 11:21:00,0.65,16180.0,United Kingdom
557026,16237,SLEEPING CAT ERASERS,30,2011-06-16 13:14:00,0.21,16571.0,United Kingdom
559707,15056BL,EDWARDIAN PARASOL BLACK,12,2011-07-12 10:04:00,5.95,12358.0,Austria
559120,22988,SOLDIERS EGG CUP ,12,2011-07-06 12:18:00,1.25,16393.0,United Kingdom
557145,22662,LUNCH BAG DOLLY GIRL DESIGN,20,2011-06-17 10:43:00,1.65,17139.0,United Kingdom
558335,22896,PEG BAG APPLES DESIGN,6,2011-06-28 13:16:00,2.55,17442.0,United Kingdom
559672,22064,PINK DOUGHNUT TRINKET POT ,4,2011-07-11 14:04:00,1.65,14796.0,United Kingdom
557317,22457,NATURAL SLATE HEART CHALKBOARD ,3,2011-06-19 16:07:00,2.95,12837.0,United Kingdom
558102,23166,MEDIUM CERAMIC TOP STORAGE JAR,2,2011-06-26 14:06:00,1.25,17372.0,United Kingdom
559145,23307,SET OF 60 PANTRY DESIGN CAKE CASES ,480,2011-07-06 14:17:00,0.55,17404.0,Sweden
557764,22771,CLEAR DRAWER KNOB ACRYLIC EDWARDIAN,24,2011-06-22 14:21:00,1.25,13089.0,United Kingdom
558536,22812,PACK 3 BOXES CHRISTMAS PANNETONE,48,2011-06-30 12:06:00,1.95,12424.0,Australia
C557965,20682,RED RETROSPOT CHILDRENS UMBRELLA,-1,2011-06-24 09:32:00,3.25,13115.0,United Kingdom
558614,22675,FRENCH KITCHEN SIGN BLUE METAL,1,2011-06-30 15:56:00,2.46,,United Kingdom
559898,22831,WHITE BROCANTE SOAP DISH,2,2011-07-13 12:18:00,2.95,16225.0,United Kingdom
560434,21288,STRIPEY CHOCOLATE NESTING BOXES,4,2011-07-18 15:56:00,3.29,,United Kingdom
560782,23243,SET OF TEA COFFEE SUGAR TINS PANTRY,4,2011-07-21 10:10:00,4.95,14769.0,United Kingdom
559816,22659,LUNCH BOX I LOVE LONDON,1,2011-07-12 16:11:00,4.13,,United Kingdom
558620,85014A,BLACK/BLUE POLKADOT UMBRELLA,1,2011-06-30 16:39:00,5.95,15584.0,United Kingdom
557500,22508,DOORSTOP RETROSPOT HEART,2,2011-06-20 15:27:00,7.46,,United Kingdom
559521,22083,PAPER CHAIN KIT RETROSPOT,1,2011-07-08 16:26:00,2.95,,Unspecified
557763,23286,BLUE VINTAGE SPOT BEAKER,8,2011-06-22 14:10:00,0.85,17669.0,United Kingdom
558777,85214,TUB 24 PINK FLOWER PEGS,2,2011-07-04 10:23:00,1.63,,United Kingdom
557324,22617,BAKING SET SPACEBOY DESIGN,1,2011-06-20 09:41:00,10.79,,United Kingdom
560698,79321,CHILLI LIGHTS,48,2011-07-20 12:29:00,4.95,16353.0,United Kingdom
558119,21931,JUMBO STORAGE BAG SUKI,5,2011-06-27 09:12:00,4.13,,United Kingdom
C560561,23146,TRIPLE HOOK ANTIQUE IVORY ROSE,-3,2011-07-19 13:28:00,3.29,17651.0,United Kingdom
559691,21165,BEWARE OF THE CAT METAL SIGN ,12,2011-07-11 15:52:00,1.69,13089.0,United Kingdom
557308,85014A,BLACK/BLUE POLKADOT UMBRELLA,1,2011-06-19 15:13:00,5.95,16744.0,United Kingdom
557937,21381,MINI WOODEN HAPPY BIRTHDAY GARLAND,1,2011-06-23 15:30:00,3.29,,United Kingdom
559907,23284,DOORMAT KEEP CALM AND COME IN,2,2011-07-13 13:37:00,7.95,12766.0,Portugal
559052,21080,SET/20 RED RETROSPOT PAPER NAPKINS ,2,2011-07-05 16:53:00,1.63,,United Kingdom
557886,15056BL,EDWARDIAN PARASOL BLACK,2,2011-06-23 13:39:00,5.95,17799.0,United Kingdom
558367,20682,RED RETROSPOT CHILDRENS UMBRELLA,3,2011-06-28 15:31:00,3.25,16550.0,United Kingdom
560772,18007,ESSENTIAL BALM 3.5g TIN IN ENVELOPE,1,2011-07-20 16:12:00,0.42,,United Kingdom
560293,21935,SUKI  SHOULDER BAG,1,2011-07-18 10:20:00,4.13,,United Kingdom
556935,22384,LUNCH BAG PINK POLKADOT,10,2011-06-15 15:57:00,1.65,17651.0,United Kingdom
558118,22679,FRENCH BLUE METAL DOOR SIGN 4,1,2011-06-27 09:11:00,2.46,,United Kingdom
556728,82494L,WOODEN FRAME ANTIQUE WHITE ,2,2011-06-14 11:36:00,2.95,15719.0,United Kingdom
557570,20773,BLUE PAISLEY NOTEBOOK,2,2011-06-21 10:48:00,1.65,15998.0,United Kingdom
C557658,22778,GLASS CLOCHE SMALL,-1,2011-06-21 17:41:00,3.95,13630.0,United Kingdom
559520,90122A,PINK CRYSTAL+GLASS BRACELET,1,2011-07-08 16:26:00,4.95,,United Kingdom
560602,21985,PACK OF 12 HEARTS DESIGN TISSUES ,24,2011-07-20 08:48:00,0.29,13629.0,United Kingdom
558927,21930,JUMBO STORAGE BAG SKULLS,10,2011-07-05 10:23:00,2.08,18177.0,United Kingdom
557258,82551,LAUNDRY 15C METAL SIGN,12,2011-06-19 10:35:00,1.45,12951.0,United Kingdom
559689,23102,SILVER HEARTS TABLE DECORATION,1,2011-07-11 15:46:00,0.83,,United Kingdom
556721,21868,POTTING SHED TEA MUG,6,2011-06-14 11:23:00,1.25,15218.0,United Kingdom
558761,23201,JUMBO BAG ALPHABET,3,2011-07-03 12:52:00,2.08,15033.0,United Kingdom
557746,23280,FOLDING BUTTERFLY MIRROR HOT PINK ,2,2011-06-22 12:24:00,0.83,15059.0,United Kingdom
559812,84509A,SET OF 4 ENGLISH ROSE PLACEMATS,3,2011-07-12 15:29:00,3.75,15051.0,United Kingdom
557967,22667,RECIPE BOX RETROSPOT ,6,2011-06-24 09:40:00,2.95,17704.0,United Kingdom
558904,21650,ASSORTED TUTTI FRUTTI BRACELET,2,2011-07-04 16:18:00,0.83,,United Kingdom
558563,84978,HANGING HEART JAR T-LIGHT HOLDER,12,2011-06-30 13:43:00,1.25,14561.0,United Kingdom
557033,84991,60 TEATIME FAIRY CAKE CASES,24,2011-06-16 13:48:00,0.55,13826.0,United Kingdom
557473,82483,WOOD 2 DRAWER CABINET WHITE FINISH,2,2011-06-20 13:28:00,6.95,17428.0,United Kingdom
560892,22666,RECIPE BOX PANTRY YELLOW DESIGN,6,2011-07-21 17:08:00,2.95,13089.0,United Kingdom
558638,23245,SET OF 3 REGENCY CAKE TINS,4,2011-07-01 08:16:00,4.95,16317.0,United Kingdom
559337,21520,BOOZE & WOMEN GREETING CARD ,1,2011-07-07 16:27:00,0.83,,United Kingdom
560732,23209,LUNCH BAG DOILEY PATTERN ,6,2011-07-20 14:55:00,1.65,14056.0,United Kingdom
556728,22791,T-LIGHT GLASS FLUTED ANTIQUE,3,2011-06-14 11:36:00,1.25,15719.0,United Kingdom
558904,21984,PACK OF 12 PINK PAISLEY TISSUES ,6,2011-07-04 16:18:00,0.83,,United Kingdom
558622,47566,PARTY BUNTING,8,2011-06-30 16:51:00,4.95,16357.0,United Kingdom
556917,22492,MINI PAINT SET VINTAGE ,576,2011-06-15 13:37:00,0.55,12415.0,Australia
557669,23076,ICE CREAM SUNDAE LIP GLOSS,24,2011-06-22 09:43:00,1.25,12674.0,France
557007,21122,SET/10 PINK POLKADOT PARTY CANDLES,10,2011-06-16 11:30:00,1.25,12484.0,Spain
557503,23023,RIDGED BONNE JAM JAR T-LIGHT HOLDER,6,2011-06-20 15:47:00,1.65,16839.0,United Kingdom
560772,21934,SKULL SHOULDER BAG,10,2011-07-20 16:12:00,1.63,,United Kingdom
557260,22974,CHILDRENS DOLLY GIRL MUG,12,2011-06-19 10:39:00,1.65,17932.0,United Kingdom
560856,82552,WASHROOM METAL SIGN,12,2011-07-21 13:06:00,1.45,16607.0,United Kingdom
558262,21558,SKULL LUNCH BOX WITH CUTLERY ,60,2011-06-28 08:45:00,2.1,14646.0,Netherlands
559862,22740,POLKADOT PEN,48,2011-07-13 10:30:00,0.85,12782.0,Portugal
557888,22780,LIGHT GARLAND BUTTERFILES PINK,1,2011-06-23 13:51:00,4.25,14656.0,United Kingdom
559506,84692,BOX OF 24 COCKTAIL PARASOLS,1,2011-07-08 15:17:00,0.83,,United Kingdom
560278,23300,GARDENERS KNEELING PAD CUP OF TEA ,1,2011-07-17 15:45:00,1.65,13610.0,United Kingdom
560579,23233,WRAP POPPIES  DESIGN,25,2011-07-19 15:13:00,0.42,15867.0,United Kingdom
557675,20750,RED RETROSPOT MINI CASES,8,2011-06-22 10:27:00,7.95,,Hong Kong
556812,21098,CHRISTMAS TOILET ROLL,1,2011-06-14 17:25:00,2.46,,United Kingdom
556905,22433,WATERING CAN GREEN DINOSAUR,1,2011-06-15 13:05:00,1.95,16904.0,United Kingdom
560454,20750,RED RETROSPOT MINI CASES,2,2011-07-19 10:06:00,7.95,12947.0,United Kingdom
558442,22509,SEWING BOX RETROSPOT DESIGN ,1,2011-06-29 13:10:00,16.95,15537.0,United Kingdom
557954,23091,ZINC HERB GARDEN CONTAINER,2,2011-06-23 18:44:00,6.25,15023.0,United Kingdom
560209,23118,PARISIENNE JEWELLERY DRAWER ,1,2011-07-15 14:05:00,7.5,15004.0,United Kingdom
558904,21578,WOODLAND DESIGN  COTTON TOTE BAG,5,2011-07-04 16:18:00,1.63,,United Kingdom
556791,21668,RED STRIPE CERAMIC DRAWER KNOB,4,2011-06-14 13:51:00,1.25,16928.0,United Kingdom
560441,15044A,PINK PAPER PARASOL ,6,2011-07-18 16:57:00,2.95,14029.0,United Kingdom
557265,23104,IVORY CAFE HANGING LAMP ,1,2011-06-19 11:10:00,12.5,13097.0,United Kingdom
557804,23032,DRAWER KNOB CRACKLE GLAZE IVORY,12,2011-06-23 10:24:00,1.65,18198.0,United Kingdom
559904,47566,PARTY BUNTING,4,2011-07-13 13:20:00,4.95,13149.0,United Kingdom
557213,21063,PARTY INVITES JAZZ HEARTS,1,2011-06-17 12:16:00,0.85,15021.0,United Kingdom
560035,37501,TEA TIME TEA SET IN GIFT BOX,6,2011-07-14 13:41:00,6.95,17706.0,United Kingdom
557625,23207,LUNCH BAG ALPHABET DESIGN,10,2011-06-21 14:23:00,1.65,15159.0,United Kingdom
559357,23157,SET OF 6 NATIVITY MAGNETS ,12,2011-07-07 18:56:00,2.08,17107.0,United Kingdom
559163,84251G,"GREETING CARD, OVERCROWDED POOL.",2,2011-07-06 16:33:00,0.42,,United Kingdom
557595,22919,HERB MARKER MINT,5,2011-06-21 11:19:00,0.65,15507.0,United Kingdom
556578,22417,PACK OF 60 SPACEBOY CAKE CASES,24,2011-06-13 14:13:00,0.55,12472.0,Germany
557669,23158,SET OF 5 LUCKY CAT MAGNETS ,12,2011-06-22 09:43:00,2.08,12674.0,France
559338,21084,SET/6 COLLAGE PAPER CUPS,1,2011-07-07 16:30:00,0.83,,United Kingdom
559301,22855,FINE WICKER HEART ,12,2011-07-07 12:41:00,1.25,13842.0,United Kingdom
C559079,23148,MINIATURE ANTIQUE ROSE HOOK IVORY,-1,2011-07-06 10:44:00,0.83,17841.0,United Kingdom
563936,22766,PHOTO FRAME CORNICE,8,2011-08-22 09:03:00,2.95,17828.0,Malta
561820,21844,RED RETROSPOT MUG,1,2011-07-29 16:00:00,5.79,,United Kingdom
560926,85019B,BLOSSOM  IMAGES NOTEBOOK SET,1,2011-07-22 09:20:00,2.46,,United Kingdom
562046,21537,RED RETROSPOT PUDDING BOWL,4,2011-08-02 10:34:00,4.25,12378.0,Switzerland
564557,23189,SET OF 12 FORK CANDLES,2,2011-08-25 19:55:00,2.89,17576.0,United Kingdom
564758,84580,MOUSE TOY WITH PINK T-SHIRT,1,2011-08-30 10:39:00,4.13,,United Kingdom
561901,84378,SET OF 3 HEART COOKIE CUTTERS,288,2011-07-31 15:42:00,1.25,14156.0,EIRE
565386,22398,MAGNETS PACK OF 4 SWALLOWS,2,2011-09-02 15:48:00,0.39,17997.0,United Kingdom
561217,22072,RED RETROSPOT TEA CUP AND SAUCER ,2,2011-07-25 17:09:00,7.46,,United Kingdom
564301,23236,STORAGE TIN VINTAGE DOILY ,6,2011-08-24 11:54:00,2.89,14299.0,United Kingdom
564817,84509A,SET OF 4 ENGLISH ROSE PLACEMATS,1,2011-08-30 12:02:00,7.46,,United Kingdom
564477,22946,WOODEN ADVENT CALENDAR CREAM,12,2011-08-25 12:59:00,12.75,13854.0,United Kingdom
561488,22383,LUNCH BAG SUKI DESIGN ,10,2011-07-27 13:51:00,1.65,16609.0,United Kingdom
561025,21078,SET/20 STRAWBERRY PAPER NAPKINS ,1,2011-07-24 10:37:00,0.85,16241.0,United Kingdom
562574,82482,WOODEN PICTURE FRAME WHITE FINISH,6,2011-08-07 12:42:00,2.55,14903.0,United Kingdom
563555,22192,BLUE DINER WALL CLOCK,1,2011-08-17 13:21:00,8.5,16755.0,United Kingdom
562282,22847,BREAD BIN DINER STYLE IVORY,4,2011-08-04 10:38:00,14.95,13098.0,United Kingdom
564052,35953,FOLKART STAR CHRISTMAS DECORATIONS,3,2011-08-22 13:40:00,1.25,15033.0,United Kingdom
562085,21524,DOORMAT SPOTTY HOME SWEET HOME,2,2011-08-02 12:27:00,7.95,15228.0,United Kingdom
562034,22624,IVORY KITCHEN SCALES,2,2011-08-02 09:14:00,8.5,12449.0,Belgium
561476,21839,,-36,2011-07-27 13:29:00,0.0,,United Kingdom
562377,47590B,PINK HAPPY BIRTHDAY BUNTING,1,2011-08-04 15:04:00,5.45,14535.0,United Kingdom
560979,72741,GRAND CHOCOLATECANDLE,18,2011-07-22 12:21:00,1.45,15232.0,United Kingdom
562276,22631,CIRCUS PARADE LUNCH BOX ,12,2011-08-04 10:23:00,1.95,17735.0,United Kingdom
562128,47566,PARTY BUNTING,4,2011-08-03 09:06:00,4.95,16150.0,United Kingdom
563234,23289,DOLLY GIRL CHILDRENS BOWL,8,2011-08-15 08:26:00,1.25,13621.0,United Kingdom
564755,22996,TRAVEL CARD WALLET VINTAGE TICKET,1,2011-08-30 10:31:00,0.83,,United Kingdom
563613,21279,VINTAGE KITCHEN PRINT FRUITS,6,2011-08-18 08:49:00,2.55,12688.0,Israel
564319,22413,METAL SIGN TAKE IT OR LEAVE IT ,2,2011-08-24 13:18:00,2.95,15059.0,United Kingdom
563924,22557,PLASTERS IN TIN VINTAGE PAISLEY ,3,2011-08-21 14:32:00,1.65,15984.0,United Kingdom
564221,22813,PACK 3 BOXES BIRD PANNETONE ,1,2011-08-24 09:36:00,4.13,,United Kingdom
563032,21790,VINTAGE SNAP CARDS,12,2011-08-11 14:39:00,0.85,16076.0,United Kingdom
561371,23293,SET OF 12 FAIRY CAKE BAKING CASES,2,2011-07-26 16:25:00,2.46,,United Kingdom
561214,47566B,TEA TIME PARTY BUNTING,1,2011-07-25 17:00:00,10.79,,United Kingdom
564433,20750,RED RETROSPOT MINI CASES,2,2011-08-25 11:46:00,7.95,16503.0,United Kingdom
562807,85099B,JUMBO BAG RED RETROSPOT,10,2011-08-09 14:57:00,2.08,16053.0,United Kingdom
565396,22962,JAM JAR WITH PINK LID,3,2011-09-02 16:39:00,1.63,,United Kingdom
564756,22907,PACK OF 20 NAPKINS PANTRY DESIGN,2,2011-08-30 10:33:00,1.63,,United Kingdom
565230,22624,IVORY KITCHEN SCALES,2,2011-09-02 09:24:00,8.5,16705.0,United Kingdom
561915,22895,SET OF 2 TEA TOWELS APPLE AND PEARS,1,2011-08-01 11:23:00,3.25,14408.0,United Kingdom
564744,47590B,PINK HAPPY BIRTHDAY BUNTING,5,2011-08-28 15:25:00,5.45,13778.0,United Kingdom
562925,22606,WOODEN SKITTLES GARDEN SET,12,2011-08-10 14:51:00,12.75,17389.0,United Kingdom
561820,21314,SMALL GLASS HEART TRINKET POT,5,2011-07-29 16:00:00,4.13,,United Kingdom
564378,23112,PARISIENNE CURIO CABINET,2,2011-08-25 10:26:00,7.5,12417.0,Belgium
563613,22139,RETROSPOT TEA SET CERAMIC 11 PC ,6,2011-08-18 08:49:00,4.95,12688.0,Israel
564734,47559B,TEA TIME OVEN GLOVE,1,2011-08-28 13:32:00,1.25,12484.0,Spain
562256,22427,ENAMEL FLOWER JUG CREAM,3,2011-08-03 15:14:00,5.95,15152.0,United Kingdom
563216,23253,16 PIECE CUTLERY SET PANTRY DESIGN,2,2011-08-14 13:14:00,15.95,17841.0,United Kingdom
563440,16054,POPART RECT PENCIL SHARPENER ASST,36,2011-08-16 13:12:00,0.12,13189.0,United Kingdom
562539,22568,FELTCRAFT CUSHION OWL,1,2011-08-05 15:30:00,3.75,17220.0,United Kingdom
563093,23169,CLASSIC GLASS COOKIE JAR,1,2011-08-11 17:28:00,4.15,,United Kingdom
564715,22296,HEART IVORY TRELLIS LARGE,1,2011-08-28 11:01:00,1.65,14472.0,United Kingdom
561214,22505,MEMO BOARD COTTAGE DESIGN,1,2011-07-25 17:00:00,10.79,,United Kingdom
564646,22197,POPCORN HOLDER,1,2011-08-26 13:39:00,1.63,,United Kingdom
562290,22411,JUMBO SHOPPER VINTAGE RED PAISLEY,10,2011-08-04 11:16:00,2.08,14825.0,United Kingdom
565327,21231,SWEETHEART CERAMIC TRINKET BOX,12,2011-09-02 13:48:00,1.25,12832.0,United Kingdom
563584,23165,LARGE CERAMIC TOP STORAGE JAR,12,2011-08-17 16:48:00,1.65,15122.0,United Kingdom
564975,23175,REGENCY MILK JUG PINK ,1,2011-08-31 15:35:00,3.25,17097.0,Spain
564835,22654,DELUXE SEWING KIT ,1,2011-08-30 12:31:00,11.63,,United Kingdom
562518,22959,WRAP CHRISTMAS VILLAGE,25,2011-08-05 12:30:00,0.42,16818.0,United Kingdom
561322,23204,CHARLOTTE BAG APPLES DESIGN,10,2011-07-26 13:03:00,0.85,15203.0,United Kingdom
560972,21313,GLASS HEART T-LIGHT HOLDER ,12,2011-07-22 11:44:00,0.85,14209.0,United Kingdom
562950,22752,SET 7 BABUSHKA NESTING BOXES,2,2011-08-11 09:56:00,8.5,15608.0,United Kingdom
564065,22739,RIBBON REEL CHRISTMAS SOCK BAUBLE,10,2011-08-22 15:05:00,1.65,15150.0,United Kingdom
564316,21708,FOLDING UMBRELLA CREAM POLKADOT,4,2011-08-24 13:11:00,4.95,13985.0,United Kingdom
562720,20725,LUNCH BAG RED RETROSPOT,1,2011-08-08 16:18:00,1.65,15033.0,United Kingdom
562313,22138,BAKING SET 9 PIECE RETROSPOT ,3,2011-08-04 11:38:00,4.95,14640.0,United Kingdom
562933,22295,HEART FILIGREE DOVE LARGE,1,2011-08-10 16:51:00,3.29,,United Kingdom
564758,23124,18PC WOODEN CUTLERY SET DISPOSABLE,4,2011-08-30 10:39:00,2.46,,United Kingdom
565141,85038,6 CHOCOLATE LOVE HEART T-LIGHTS,1,2011-09-01 13:40:00,2.1,17841.0,United Kingdom
562024,23287,RED VINTAGE SPOT BEAKER,2,2011-08-01 16:07:00,1.63,,United Kingdom
C562582,15034,PAPER POCKET TRAVELING FAN ,-18,2011-08-07 13:53:00,0.14,15640.0,United Kingdom
565238,22386,JUMBO BAG PINK POLKADOT,10,2011-09-02 09:48:00,2.08,16945.0,United Kingdom
563256,21411,GINGHAM HEART  DOORSTOP RED,3,2011-08-15 12:07:00,4.25,18143.0,United Kingdom
564838,22819,"BIRTHDAY CARD, RETRO SPOT",4,2011-08-30 12:43:00,0.42,,United Kingdom
565223,23163,REGENCY SUGAR TONGS,16,2011-09-01 19:08:00,2.49,15410.0,United Kingdom
563842,22178,VICTORIAN GLASS HANGING T-LIGHT,12,2011-08-19 13:54:00,1.25,13871.0,United Kingdom
561091,21731,RED TOADSTOOL LED NIGHT LIGHT,1,2011-07-25 09:55:00,4.13,,United Kingdom
562549,23240,SET OF 4 KNICK KNACK TINS DOILY ,4,2011-08-05 16:10:00,4.15,17092.0,United Kingdom
561658,22700,BLACK AND WHITE DOG BOWL,1,2011-07-28 16:06:00,2.95,12743.0,Unspecified
562275,22661,CHARLOTTE BAG DOLLY GIRL DESIGN,10,2011-08-04 10:04:00,0.85,12689.0,France
562138,21533,RETROSPOT LARGE MILK JUG,12,2011-08-03 10:04:00,4.25,14737.0,United Kingdom
563638,22297,HEART IVORY TRELLIS SMALL,24,2011-08-18 10:36:00,1.25,15311.0,United Kingdom
563615,23334,IVORY WICKER HEART SMALL,48,2011-08-18 09:01:00,0.63,16945.0,United Kingdom
564191,21992,VINTAGE PAISLEY STATIONERY SET,1,2011-08-23 16:16:00,1.25,17315.0,United Kingdom
564758,22501,PICNIC BASKET WICKER LARGE,1,2011-08-30 10:39:00,20.79,,United Kingdom
564256,84992,72 SWEETHEART FAIRY CAKE CASES,4,2011-08-24 10:45:00,0.55,14796.0,United Kingdom
565234,22662,LUNCH BAG DOLLY GIRL DESIGN,2,2011-09-02 09:38:00,4.13,,United Kingdom
563555,21731,RED TOADSTOOL LED NIGHT LIGHT,4,2011-08-17 13:21:00,1.65,16755.0,United Kingdom
561382,20802,SMALL GLASS SUNDAE DISH CLEAR,6,2011-07-26 17:27:00,1.65,16750.0,United Kingdom
561465,22871,NUMBER TILE COTTAGE GARDEN 3 ,1,2011-07-27 12:45:00,1.95,16447.0,United Kingdom
565233,22333,RETROSPOT PARTY BAG + STICKER SET,2,2011-09-02 09:34:00,3.29,,United Kingdom
561040,84978,HANGING HEART JAR T-LIGHT HOLDER,36,2011-07-24 12:05:00,1.06,12431.0,Australia
563376,23332,IVORY WICKER HEART LARGE,5,2011-08-16 10:36:00,1.65,15752.0,United Kingdom
562449,22918,HERB MARKER PARSLEY,6,2011-08-04 20:01:00,0.65,14562.0,United Kingdom
561214,84712B,PINK JEWELLED PHOTO FRAME,1,2011-07-25 17:00:00,7.46,,United Kingdom
564322,20750,RED RETROSPOT MINI CASES,48,2011-08-24 13:23:00,6.35,13694.0,United Kingdom
563111,21671,RED SPOT CERAMIC DRAWER KNOB,12,2011-08-12 11:08:00,1.25,15249.0,United Kingdom
562371,16161P,WRAP ENGLISH ROSE ,25,2011-08-04 14:30:00,0.42,13709.0,United Kingdom
563565,22623,BOX OF VINTAGE JIGSAW BLOCKS ,3,2011-08-17 14:22:00,5.95,17338.0,United Kingdom
561894,22305,COFFEE MUG PINK PAISLEY DESIGN,1,2011-07-31 15:00:00,2.55,14456.0,United Kingdom
563195,35971,ROSE FOLKART HEART DECORATIONS,1,2011-08-12 16:36:00,2.46,,United Kingdom
563549,22838,3 TIER CAKE TIN RED AND CREAM,1,2011-08-17 12:34:00,29.17,,United Kingdom
564221,84832,ZINC WILLIE WINKIE  CANDLE STICK,2,2011-08-24 09:36:00,1.63,,United Kingdom
564542,21931,JUMBO STORAGE BAG SUKI,10,2011-08-25 15:47:00,2.08,16458.0,United Kingdom
564165,23144,ZINC T-LIGHT HOLDER STARS SMALL,12,2011-08-23 13:35:00,0.83,13593.0,United Kingdom
563439,22725,ALARM CLOCK BAKELIKE CHOCOLATE,1,2011-08-16 13:05:00,8.29,,United Kingdom
562553,20700,GREEN CAT FLORAL CUSHION COVER ,1,2011-08-05 16:34:00,4.13,,United Kingdom
563427,22382,LUNCH BAG SPACEBOY DESIGN ,1,2011-08-16 11:40:00,1.65,16470.0,United Kingdom
561631,84978,HANGING HEART JAR T-LIGHT HOLDER,12,2011-07-28 14:27:00,1.25,14911.0,EIRE
563062,22201,FRYING PAN BLUE POLKADOT,1,2011-08-11 15:25:00,4.25,17811.0,United Kingdom
563924,21974,SET OF 36 PAISLEY FLOWER DOILIES,1,2011-08-21 14:32:00,1.45,15984.0,United Kingdom
564166,22898,CHILDRENS APRON APPLES DESIGN,8,2011-08-23 13:40:00,1.95,15089.0,United Kingdom
564315,23294,SET OF 6 SNACK LOAF BAKING CASES,2,2011-08-24 13:07:00,0.83,14730.0,United Kingdom
565197,23307,SET OF 60 PANTRY DESIGN CAKE CASES ,24,2011-09-01 16:16:00,0.55,13376.0,United Kingdom
565150,22488,NATURAL SLATE RECTANGLE CHALKBOARD,12,2011-09-01 14:26:00,1.45,14298.0,United Kingdom
561870,84595E,LARGE TORTILLA DESIGN RED BOWL,12,2011-07-31 11:45:00,1.65,14911.0,EIRE
564484,85099C,JUMBO  BAG BAROQUE BLACK WHITE,3,2011-08-25 13:46:00,2.08,13634.0,United Kingdom
563093,22366,DOORMAT AIRMAIL ,1,2011-08-11 17:28:00,15.79,,United Kingdom
564838,21930,JUMBO STORAGE BAG SKULLS,1,2011-08-30 12:43:00,4.13,,United Kingdom
563755,21137,BLACK RECORD COVER FRAME,4,2011-08-19 10:58:00,3.75,17612.0,United Kingdom
C561590,84968A,SET OF 16 VINTAGE ROSE CUTLERY,-2,2011-07-28 11:16:00,12.75,18268.0,United Kingdom
563944,22384,LUNCH BAG PINK POLKADOT,10,2011-08-22 10:08:00,1.65,17581.0,United Kingdom
563565,21063,PARTY INVITES JAZZ HEARTS,3,2011-08-17 14:22:00,0.85,17338.0,United Kingdom
562553,22326,ROUND SNACK BOXES SET OF4 WOODLAND ,2,2011-08-05 16:34:00,5.79,,United Kingdom
562918,21746,SMALL RED RETROSPOT WINDMILL,24,2011-08-10 13:51:00,1.25,15615.0,United Kingdom
562129,21217,RED RETROSPOT ROUND CAKE TINS,1,2011-08-03 09:09:00,9.95,13186.0,United Kingdom
564817,84949,SILVER HANGING T-LIGHT HOLDER,3,2011-08-30 12:02:00,3.29,,United Kingdom
564221,22090,PAPER BUNTING RETROSPOT,2,2011-08-24 09:36:00,6.63,,United Kingdom
561820,21111,"SWISS ROLL TOWEL, CHOCOLATE  SPOTS",1,2011-07-29 16:00:00,5.79,,United Kingdom
562120,47566,PARTY BUNTING,8,2011-08-02 17:04:00,4.95,13756.0,United Kingdom
561515,22974,CHILDRENS DOLLY GIRL MUG,2,2011-07-27 15:16:00,3.29,,United Kingdom
562353,22663,JUMBO BAG DOLLY GIRL DESIGN,100,2011-08-04 13:15:00,1.79,16180.0,United Kingdom
564846,23131,MISTLETOE HEART WREATH CREAM,3,2011-08-30 15:16:00,4.15,14507.0,United Kingdom
563707,22624,IVORY KITCHEN SCALES,4,2011-08-18 14:53:00,8.5,16626.0,United Kingdom
561098,23298,SPOTTY BUNTING,4,2011-07-25 10:56:00,4.95,14194.0,United Kingdom
564372,22449,SILK PURSE BABUSHKA PINK,6,2011-08-25 09:55:00,3.35,12714.0,France
563565,22766,PHOTO FRAME CORNICE,4,2011-08-17 14:22:00,2.95,17338.0,United Kingdom
565232,22970,LONDON BUS COFFEE MUG,3,2011-09-02 09:30:00,4.96,,United Kingdom
564755,22646,CERAMIC STRAWBERRY CAKE MONEY BANK,1,2011-08-30 10:31:00,3.29,,United Kingdom
564221,21843,RED RETROSPOT CAKE STAND,1,2011-08-24 09:36:00,20.79,,United Kingdom
561502,22113,GREY HEART HOT WATER BOTTLE,4,2011-07-27 14:14:00,3.75,14305.0,United Kingdom
561371,85099B,JUMBO BAG RED RETROSPOT,6,2011-07-26 16:25:00,4.13,,United Kingdom
561217,22355,CHARLOTTE BAG SUKI DESIGN,1,2011-07-25 17:09:00,1.63,,United Kingdom
562102,20726,LUNCH BAG WOODLAND,20,2011-08-02 14:21:00,1.65,13089.0,United Kingdom
562888,22970,LONDON BUS COFFEE MUG,6,2011-08-10 11:58:00,2.55,14388.0,United Kingdom
564734,84826,ASSTD DESIGN 3D PAPER STICKERS,60,2011-08-28 13:32:00,0.85,12484.0,Spain
561502,82001S,VINYL RECORD FRAME SILVER,8,2011-07-27 14:14:00,3.75,14305.0,United Kingdom
561214,22726,ALARM CLOCK BAKELIKE GREEN,1,2011-07-25 17:00:00,7.46,,United Kingdom
564135,21975,PACK OF 60 DINOSAUR CAKE CASES,12,2011-08-23 11:12:00,0.55,16550.0,United Kingdom
564650,23281,FOLDING BUTTERFLY MIRROR RED  ,192,2011-08-26 14:17:00,0.72,14646.0,Netherlands
564537,20728,LUNCH BAG CARS BLUE,4,2011-08-25 15:18:00,1.65,15550.0,United Kingdom
561500,85040B,,-1,2011-07-27 14:12:00,0.0,,United Kingdom
564256,21877,HOME SWEET HOME MUG,4,2011-08-24 10:45:00,1.25,14796.0,United Kingdom
564800,21407,BROWN CHECK CAT DOORSTOP ,3,2011-08-30 11:32:00,4.25,14108.0,United Kingdom
565236,21930,JUMBO STORAGE BAG SKULLS,10,2011-09-02 09:45:00,2.08,14276.0,United Kingdom
562264,22379,RECYCLING BAG RETROSPOT ,1,2011-08-03 16:14:00,4.13,,United Kingdom
563589,48187,DOORMAT NEW ENGLAND,20,2011-08-17 19:40:00,8.0,17450.0,United Kingdom
561713,23294,SET OF 6 SNACK LOAF BAKING CASES,6,2011-07-29 11:56:00,0.83,12901.0,United Kingdom
561468,22907,PACK OF 20 NAPKINS PANTRY DESIGN,24,2011-07-27 13:00:00,0.85,12709.0,Germany
565067,21261,GREEN GOOSE FEATHER CHRISTMAS TREE ,2,2011-08-31 17:16:00,2.95,15856.0,United Kingdom
562284,22727,ALARM CLOCK BAKELIKE RED ,4,2011-08-04 10:44:00,3.75,15133.0,United Kingdom
564904,22113,GREY HEART HOT WATER BOTTLE,54,2011-08-31 12:11:00,3.39,15984.0,United Kingdom
563239,23051,RECYCLED ACAPULCO MAT BLUE,1,2011-08-15 10:02:00,8.25,15048.0,United Kingdom
561471,21985,PACK OF 12 HEARTS DESIGN TISSUES ,48,2011-07-27 13:14:00,0.29,14911.0,EIRE
561650,22047,EMPIRE GIFT WRAP,25,2011-07-28 15:31:00,0.42,15329.0,United Kingdom
563842,21430,SET/3 RED GINGHAM ROSE STORAGE BOX,8,2011-08-19 13:54:00,3.75,13871.0,United Kingdom
561467,20726,LUNCH BAG WOODLAND,20,2011-07-27 12:58:00,1.65,14040.0,United Kingdom
562893,84971S,SMALL HEART FLOWERS HOOK ,24,2011-08-10 12:25:00,0.85,17442.0,United Kingdom
561102,22027,TEA PARTY BIRTHDAY CARD,12,2011-07-25 11:17:00,0.42,12412.0,Denmark
564758,21928,JUMBO BAG SCANDINAVIAN BLUE PAISLEY,4,2011-08-30 10:39:00,4.13,,United Kingdom
561396,22178,VICTORIAN GLASS HANGING T-LIGHT,24,2011-07-27 10:40:00,1.25,13458.0,United Kingdom
562341,85071B,RED CHARLIE+LOLA PERSONAL DOORSIGN,4,2011-08-04 12:13:00,0.39,15005.0,United Kingdom
563563,20971,PINK BLUE FELT CRAFT TRINKET BOX,576,2011-08-17 14:03:00,1.06,16029.0,United Kingdom
564556,23148,MINIATURE ANTIQUE ROSE HOOK IVORY,2,2011-08-25 19:48:00,0.83,12748.0,United Kingdom
560926,23035,DRAWER KNOB CERAMIC IVORY,1,2011-07-22 09:20:00,3.29,,United Kingdom
562456,23548,WRAP MAGIC FOREST ,25,2011-08-05 10:39:00,0.42,15194.0,United Kingdom
563688,21078,SET/20 STRAWBERRY PAPER NAPKINS ,12,2011-08-18 12:41:00,0.85,16767.0,United Kingdom
562199,22386,JUMBO BAG PINK POLKADOT,3,2011-08-03 12:20:00,2.08,12748.0,United Kingdom
562892,23340,VINTAGE CHRISTMAS CAKE FRILL,12,2011-08-10 12:24:00,1.65,16292.0,United Kingdom
562926,22678,FRENCH BLUE METAL DOOR SIGN 3,10,2011-08-10 14:55:00,1.25,17512.0,United Kingdom
562460,85099C,JUMBO  BAG BAROQUE BLACK WHITE,1,2011-08-05 11:19:00,2.08,17841.0,United Kingdom
561705,23293,SET OF 12 FAIRY CAKE BAKING CASES,24,2011-07-29 11:23:00,0.83,14735.0,United Kingdom
C562375,22950,36 DOILIES VINTAGE CHRISTMAS,-288,2011-08-04 14:46:00,1.25,14911.0,EIRE
561100,23263,SET OF 3 WOODEN HEART DECORATIONS,12,2011-07-25 11:01:00,1.25,15289.0,United Kingdom
562558,22232,JIGSAW TOADSTOOLS 3 PIECE,6,2011-08-05 16:43:00,0.59,13451.0,United Kingdom
565401,22082,RIBBON REEL STRIPES DESIGN ,5,2011-09-02 17:38:00,1.65,16686.0,United Kingdom
562528,22621,TRADITIONAL KNITTING NANCY,12,2011-08-05 13:52:00,1.65,12610.0,Italy
562920,23165,LARGE CERAMIC TOP STORAGE JAR,12,2011-08-10 14:13:00,1.65,14495.0,United Kingdom
565118,47566,PARTY BUNTING,18,2011-09-01 11:33:00,4.95,15039.0,United Kingdom
562980,23026,DRAWER KNOB VINTAGE GLASS STAR,6,2011-08-11 11:44:00,2.08,17686.0,United Kingdom
564958,23238,SET OF 4 KNICK KNACK TINS LONDON ,6,2011-08-31 13:56:00,4.15,13089.0,United Kingdom
564650,84406B,CREAM CUPID HEARTS COAT HANGER,64,2011-08-26 14:17:00,3.75,14646.0,Netherlands
561861,20725,LUNCH BAG RED RETROSPOT,10,2011-07-31 10:28:00,1.65,16839.0,United Kingdom
564818,22028,PENNY FARTHING BIRTHDAY CARD,1,2011-08-30 12:10:00,0.83,,United Kingdom
564353,22781,GUMBALL MAGAZINE RACK,4,2011-08-24 15:08:00,7.65,15764.0,United Kingdom
563211,22661,CHARLOTTE BAG DOLLY GIRL DESIGN,10,2011-08-14 12:33:00,0.85,17049.0,United Kingdom
564974,84969,BOX OF 6 ASSORTED COLOUR TEASPOONS,1,2011-08-31 15:32:00,8.29,,United Kingdom
562789,23287,RED VINTAGE SPOT BEAKER,96,2011-08-09 13:50:00,0.72,14646.0,Netherlands
564729,23321,SMALL WHITE HEART OF WICKER,1,2011-08-28 12:44:00,1.65,13137.0,United Kingdom
562932,22668,PINK BABY BUNTING,3,2011-08-10 16:39:00,2.95,16904.0,United Kingdom
563073,22417,PACK OF 60 SPACEBOY CAKE CASES,24,2011-08-11 15:56:00,0.55,18235.0,United Kingdom
564088,23199,JUMBO BAG APPLES,10,2011-08-23 09:38:00,2.08,17702.0,United Kingdom
565244,23088,ZINC HEART FLOWER T-LIGHT HOLDER,16,2011-09-02 10:21:00,1.25,16735.0,United Kingdom
564436,82567,"AIRLINE LOUNGE,METAL SIGN",1,2011-08-25 12:06:00,2.1,17841.0,United Kingdom
563745,22729,ALARM CLOCK BAKELIKE ORANGE,4,2011-08-19 09:38:00,3.75,15159.0,United Kingdom
561641,84970S,HANGING HEART ZINC T-LIGHT HOLDER,50,2011-07-28 15:03:00,0.85,15939.0,United Kingdom
565129,82494L,WOODEN FRAME ANTIQUE WHITE ,3,2011-09-01 12:41:00,2.95,15719.0,United Kingdom
564835,22716,CARD CIRCUS PARADE,1,2011-08-30 12:31:00,0.83,,United Kingdom
563213,22666,RECIPE BOX PANTRY YELLOW DESIGN,3,2011-08-14 12:55:00,2.95,16115.0,United Kingdom
564838,21739,COSY SLIPPER SHOES SMALL GREEN,1,2011-08-30 12:43:00,2.46,,United Kingdom
565396,16237,SLEEPING CAT ERASERS,1,2011-09-02 16:39:00,0.42,,United Kingdom
562576,22627,MINT KITCHEN SCALES,1,2011-08-07 13:08:00,8.5,15518.0,United Kingdom
564817,10133,COLOURING PENCILS BROWN TUBE,6,2011-08-30 12:02:00,0.83,,United Kingdom
564230,21671,RED SPOT CERAMIC DRAWER KNOB,8,2011-08-24 10:22:00,3.29,,United Kingdom
564825,22086,PAPER CHAIN KIT 50'S CHRISTMAS ,1,2011-08-30 12:26:00,5.79,,United Kingdom
561214,85087,CANDY SPOT CUSHION COVER,3,2011-07-25 17:00:00,3.29,,United Kingdom
563732,23202,JUMBO BAG VINTAGE LEAF,100,2011-08-18 17:50:00,1.79,15125.0,United Kingdom
563241,22704,WRAP RED APPLES ,25,2011-08-15 10:22:00,0.42,12758.0,Portugal
563021,23025,DRAWER KNOB VINTAGE GLASS BALL,12,2011-08-11 13:25:00,2.08,18077.0,United Kingdom
C563218,22383,LUNCH BAG SUKI DESIGN ,-1,2011-08-14 14:15:00,1.65,16401.0,United Kingdom
564976,21447,12 IVORY ROSE PEG PLACE SETTINGS,24,2011-08-31 15:49:00,1.25,17315.0,United Kingdom
565240,21098,CHRISTMAS TOILET ROLL,252,2011-09-02 10:05:00,1.06,17949.0,United Kingdom
562564,22356,CHARLOTTE BAG PINK POLKADOT,10,2011-08-07 10:43:00,0.85,15058.0,United Kingdom
564300,22319,HAIRCLIPS FORTIES FABRIC ASSORTED,24,2011-08-24 11:31:00,0.65,16723.0,United Kingdom
563248,23051,RECYCLED ACAPULCO MAT BLUE,1,2011-08-15 11:30:00,8.25,14702.0,United Kingdom
564755,23172,REGENCY TEA PLATE PINK,1,2011-08-30 10:31:00,3.29,,United Kingdom
562203,22196,SMALL HEART MEASURING SPOONS,12,2011-08-03 12:50:00,0.85,16102.0,United Kingdom
561209,22951,60 CAKE CASES DOLLY GIRL DESIGN,2,2011-07-25 16:57:00,1.25,,United Kingdom
561648,85130B,BEADED CRYSTAL HEART GREEN LARGE,2,2011-07-28 15:21:00,0.79,15746.0,United Kingdom
561467,22384,LUNCH BAG PINK POLKADOT,20,2011-07-27 12:58:00,1.65,14040.0,United Kingdom
562955,22630,DOLLY GIRL LUNCH BOX,10,2011-08-11 10:14:00,2.46,,United Kingdom
564158,20726,LUNCH BAG WOODLAND,20,2011-08-23 12:37:00,1.65,16712.0,United Kingdom
565396,22457,NATURAL SLATE HEART CHALKBOARD ,2,2011-09-02 16:39:00,5.79,,United Kingdom
561295,22467,GUMBALL COAT RACK,36,2011-07-26 12:28:00,2.1,15311.0,United Kingdom
564752,22569,FELTCRAFT CUSHION BUTTERFLY,16,2011-08-30 10:07:00,3.75,16126.0,United Kingdom
562031,22178,VICTORIAN GLASS HANGING T-LIGHT,60,2011-08-01 17:37:00,1.25,16984.0,United Kingdom
564736,84380,SET OF 3 BUTTERFLY COOKIE CUTTERS,24,2011-08-28 13:42:00,1.25,16353.0,United Kingdom
561820,23207,LUNCH BAG ALPHABET DESIGN,1,2011-07-29 16:00:00,4.13,,United Kingdom
564849,23209,LUNCH BAG VINTAGE DOILY ,10,2011-08-30 15:42:00,1.65,17675.0,United Kingdom
564039,23202,JUMBO BAG VINTAGE LEAF,10,2011-08-22 12:40:00,2.08,12645.0,Germany
563369,21985,PACK OF 12 HEARTS DESIGN TISSUES ,24,2011-08-16 09:25:00,0.29,13394.0,United Kingdom
563708,22380,TOY TIDY SPACEBOY  ,5,2011-08-18 15:09:00,2.1,17001.0,United Kingdom
562841,22273,FELTCRAFT DOLL MOLLY,6,2011-08-09 16:42:00,2.95,17675.0,United Kingdom
561025,22908,PACK OF 20 NAPKINS RED APPLES,1,2011-07-24 10:37:00,0.85,16241.0,United Kingdom
564372,23207,LUNCH BAG ALPHABET DESIGN,20,2011-08-25 09:55:00,1.65,12714.0,France
564342,23078,ICE CREAM PEN LIP GLOSS ,24,2011-08-24 14:53:00,1.25,16340.0,United Kingdom
564755,20727,LUNCH BAG  BLACK SKULL.,1,2011-08-30 10:31:00,4.13,,United Kingdom
562784,22993,SET OF 4 PANTRY JELLY MOULDS,2,2011-08-09 13:22:00,1.25,16791.0,United Kingdom
562263,22558,CLOTHES PEGS RETROSPOT PACK 24 ,1,2011-08-03 15:45:00,1.65,17514.0,United Kingdom
563217,21500,PINK POLKADOT WRAP ,25,2011-08-14 13:21:00,0.42,13515.0,United Kingdom
561515,20902,VINTAGE KEEPSAKE BOX PARIS DAYS,2,2011-07-27 15:16:00,4.13,,United Kingdom
561801,22993,SET OF 4 PANTRY JELLY MOULDS,12,2011-07-29 14:14:00,1.25,12981.0,United Kingdom
565234,21993,FLORAL FOLK STATIONERY SET,1,2011-09-02 09:38:00,2.46,,United Kingdom
561369,23249,VINTAGE RED ENAMEL TRIM PLATE,1,2011-07-26 16:22:00,3.29,,United Kingdom
561529,23093,SMALL PARISIENNE HEART PHOTO FRAME ,8,2011-07-28 09:19:00,2.49,13013.0,United Kingdom
563019,21908,CHOCOLATE THIS WAY METAL SIGN,12,2011-08-11 12:58:00,2.1,17340.0,United Kingdom
563896,20749,ASSORTED COLOUR MINI CASES,12,2011-08-21 10:44:00,6.35,17061.0,United Kingdom
564216,23297,SET 40 HEART SHAPE PETIT FOUR CASES,16,2011-08-24 09:23:00,1.65,12642.0,Germany
561900,22029,SPACEBOY BIRTHDAY CARD,12,2011-07-31 15:31:00,0.42,16655.0,United Kingdom
562045,22979,PANTRY WASHING UP BRUSH,12,2011-08-02 10:33:00,1.45,12644.0,Germany
565234,21930,JUMBO STORAGE BAG SKULLS,2,2011-09-02 09:38:00,4.13,,United Kingdom
564758,85199L,LARGE HANGING IVORY & RED WOOD BIRD,1,2011-08-30 10:39:00,1.25,,United Kingdom
563549,22663,JUMBO BAG DOLLY GIRL DESIGN,2,2011-08-17 12:34:00,4.13,,United Kingdom
564843,22875,NUMBER TILE COTTAGE GARDEN 7,1,2011-08-30 14:09:00,1.95,15866.0,United Kingdom
562214,85032A,ROMANTIC IMAGES GIFT WRAP SET,12,2011-08-03 13:39:00,0.65,17731.0,United Kingdom
564366,22294,HEART FILIGREE DOVE  SMALL,24,2011-08-25 08:58:00,1.25,13236.0,United Kingdom
561334,20979,36 PENCILS TUBE RED RETROSPOT,16,2011-07-26 14:27:00,1.25,15440.0,United Kingdom
563031,23198,PANTRY MAGNETIC  SHOPPING LIST,1,2011-08-11 14:38:00,1.45,13263.0,United Kingdom
565292,22112,CHOCOLATE HOT WATER BOTTLE,12,2011-09-02 11:54:00,4.95,16102.0,United Kingdom
562551,90016A,SILVER/M.O.P PENDANT ORBIT NECKLACE,1,2011-08-05 16:19:00,8.5,17231.0,United Kingdom
561000,22383,LUNCH BAG SUKI DESIGN ,2,2011-07-22 14:16:00,1.65,,United Kingdom
561926,22965,3 TRADITIONAl BISCUIT CUTTERS  SET,6,2011-08-01 12:48:00,2.1,12749.0,United Kingdom
563638,23168,CLASSIC CAFE SUGAR DISPENSER,72,2011-08-18 10:36:00,1.04,15311.0,United Kingdom
564957,23298,SPOTTY BUNTING,6,2011-08-31 13:55:00,4.95,15260.0,United Kingdom
565234,22602,RETROSPOT WOODEN HEART DECORATION,5,2011-09-02 09:38:00,1.63,,United Kingdom
564817,22703,PINK CAT BOWL,1,2011-08-30 12:02:00,1.63,,United Kingdom
562368,22460,EMBOSSED GLASS TEALIGHT HOLDER,24,2011-08-04 14:06:00,1.25,16570.0,United Kingdom
561046,22383,LUNCH BAG SUKI DESIGN ,40,2011-07-24 12:33:00,1.65,16218.0,United Kingdom
560926,72802C,VANILLA SCENT CANDLE JEWELLED BOX,1,2011-07-22 09:20:00,8.29,,United Kingdom
563565,21390,FILIGRIS HEART WITH BUTTERFLY,4,2011-08-17 14:22:00,1.25,17338.0,United Kingdom
561192,23028,DRAWER KNOB CRACKLE GLAZE BLUE,6,2011-07-25 13:45:00,1.65,16033.0,United Kingdom
564835,22983,CARD BILLBOARD FONT,1,2011-08-30 12:31:00,0.83,,United Kingdom
561079,82484,WOOD BLACK BOARD ANT WHITE FINISH,2,2011-07-24 16:12:00,7.95,13956.0,United Kingdom
563733,22180,RETROSPOT LAMP,2,2011-08-18 17:57:00,9.95,18225.0,United Kingdom
564758,21429,RED GINGHAM ROSE JEWELLERY BOX,1,2011-08-30 10:39:00,4.13,,United Kingdom
564818,22712,CARD DOLLY GIRL ,1,2011-08-30 12:10:00,0.83,,United Kingdom
564902,20749,ASSORTED COLOUR MINI CASES,4,2011-08-31 11:50:00,7.95,18198.0,United Kingdom
565150,22650,CERAMIC PIRATE CHEST MONEY BANK,12,2011-09-01 14:26:00,1.25,14298.0,United Kingdom
565289,21380,WOODEN HAPPY BIRTHDAY GARLAND,6,2011-09-02 11:43:00,2.95,14911.0,EIRE
564224,22398,MAGNETS PACK OF 4 SWALLOWS,12,2011-08-24 09:56:00,0.39,15249.0,United Kingdom
561894,23280,FOLDING BUTTERFLY MIRROR HOT PINK ,1,2011-07-31 15:00:00,0.83,14456.0,United Kingdom
561645,22697,GREEN REGENCY TEACUP AND SAUCER,48,2011-07-28 15:16:00,2.55,14911.0,EIRE
561600,21900,"KEY FOB , SHED",3,2011-07-28 11:29:00,0.65,15861.0,United Kingdom
561512,22138,BAKING SET 9 PIECE RETROSPOT ,1,2011-07-27 15:09:00,4.95,14534.0,United Kingdom
564038,22727,ALARM CLOCK BAKELIKE RED ,4,2011-08-22 12:32:00,3.75,16555.0,United Kingdom
562100,48129,DOORMAT TOPIARY,2,2011-08-02 14:00:00,7.95,13437.0,United Kingdom
561528,23171,REGENCY TEA PLATE GREEN ,12,2011-07-28 08:55:00,1.65,13098.0,United Kingdom
563435,22219,LOVEBIRD HANGING DECORATION WHITE ,48,2011-08-16 12:29:00,0.85,16131.0,United Kingdom
564342,21172,PARTY METAL SIGN ,3,2011-08-24 14:53:00,1.45,16340.0,United Kingdom
564556,22842,BISCUIT TIN VINTAGE RED,1,2011-08-25 19:48:00,6.75,12748.0,United Kingdom
561114,21915,RED  HARMONICA IN BOX ,12,2011-07-25 12:12:00,1.25,14775.0,United Kingdom
561034,22616,PACK OF 12 LONDON TISSUES ,1,2011-07-24 11:45:00,0.29,15506.0,United Kingdom
561714,23014,GLASS APOTHECARY BOTTLE ELIXIR,4,2011-07-29 11:56:00,3.95,18081.0,United Kingdom
564342,22099,CARAVAN SQUARE TISSUE BOX,2,2011-08-24 14:53:00,0.39,16340.0,United Kingdom
562104,23208,LUNCH BAG VINTAGE LEAF DESIGN,1,2011-08-02 14:31:00,4.96,,United Kingdom
562965,22383,LUNCH BAG SUKI DESIGN ,30,2011-08-11 10:45:00,1.65,18226.0,United Kingdom
562371,22171,3 HOOK PHOTO SHELF ANTIQUE WHITE,2,2011-08-04 14:30:00,8.5,13709.0,United Kingdom
564837,22963,JAM JAR WITH GREEN LID,2,2011-08-30 12:40:00,1.63,,United Kingdom
561217,22627,MINT KITCHEN SCALES,1,2011-07-25 17:09:00,16.63,,United Kingdom
560930,21391,FRENCH LAVENDER SCENT HEART,12,2011-07-22 10:23:00,0.75,15829.0,United Kingdom
561507,POST,POSTAGE,7,2011-07-27 14:21:00,15.0,12397.0,Belgium
563565,20846,ZINC HEART LATTICE T-LIGHT HOLDER,4,2011-08-17 14:22:00,1.25,17338.0,United Kingdom
562784,22423,REGENCY CAKESTAND 3 TIER,2,2011-08-09 13:22:00,12.75,16791.0,United Kingdom
561502,22086,PAPER CHAIN KIT 50'S CHRISTMAS ,6,2011-07-27 14:14:00,2.95,14305.0,United Kingdom
563764,22196,SMALL HEART MEASURING SPOONS,1,2011-08-19 11:15:00,0.85,14606.0,United Kingdom
562106,23166,MEDIUM CERAMIC TOP STORAGE JAR,1,2011-08-02 15:19:00,1.25,14076.0,United Kingdom
564757,85078,SCANDINAVIAN 3 HEARTS NAPKIN RING,2,2011-08-30 10:36:00,1.63,,United Kingdom
564496,84508A,CAMOUFLAGE DESIGN TEDDY,6,2011-08-25 14:21:00,2.55,13050.0,United Kingdom
560926,22233,JIGSAW RABBIT AND BIRDHOUSE,3,2011-07-22 09:20:00,1.25,,United Kingdom
561648,20839,FRENCH PAISLEY CUSHION COVER ,6,2011-07-28 15:21:00,0.85,15746.0,United Kingdom
561894,22426,ENAMEL WASH BOWL CREAM,1,2011-07-31 15:00:00,3.75,14456.0,United Kingdom
562581,23237,SET OF 4 KNICK KNACK TINS LEAF,2,2011-08-07 13:43:00,4.15,15860.0,United Kingdom
563031,23301,GARDENERS KNEELING PAD KEEP CALM ,1,2011-08-11 14:38:00,1.65,13263.0,United Kingdom
563935,20677,PINK POLKADOT BOWL,2,2011-08-21 16:24:00,1.25,15547.0,United Kingdom
562128,72741,GRAND CHOCOLATECANDLE,9,2011-08-03 09:07:00,1.45,16150.0,United Kingdom
563745,23333,IVORY WICKER HEART MEDIUM,12,2011-08-19 09:38:00,1.25,15159.0,United Kingdom
563012,23332,IVORY WICKER HEART LARGE,3,2011-08-11 12:00:00,1.65,17284.0,United Kingdom
561894,23121,PACK OF 6 COCKTAIL PARASOL STRAWS,1,2011-07-31 15:00:00,0.42,14456.0,United Kingdom
561513,22419,LIPSTICK PEN RED,1,2011-07-27 15:12:00,0.83,,United Kingdom
564962,22747,POPPY'S PLAYHOUSE BATHROOM,1,2011-08-31 14:35:00,2.1,17777.0,United Kingdom
564743,21154,RED RETROSPOT OVEN GLOVE ,3,2011-08-28 15:17:00,1.25,14606.0,United Kingdom
563429,20725,LUNCH BAG RED RETROSPOT,10,2011-08-16 11:48:00,1.65,13999.0,United Kingdom
561900,84992,72 SWEETHEART FAIRY CAKE CASES,6,2011-07-31 15:31:00,0.55,16655.0,United Kingdom
564372,16048,TEATIME ROUND PENCIL SHARPENER ,24,2011-08-25 09:55:00,0.12,12714.0,France
562024,23285,PINK VINTAGE SPOT BEAKER,1,2011-08-01 16:07:00,1.63,,United Kingdom
563366,22089,PAPER BUNTING VINTAGE PAISLEY,6,2011-08-16 08:52:00,2.95,15373.0,United Kingdom
562882,22328,ROUND SNACK BOXES SET OF 4 FRUITS ,6,2011-08-10 11:23:00,2.95,12384.0,Switzerland
564042,22726,ALARM CLOCK BAKELIKE GREEN,1,2011-08-22 12:52:00,3.75,15443.0,United Kingdom
562949,22178,VICTORIAN GLASS HANGING T-LIGHT,12,2011-08-11 09:47:00,1.25,14346.0,United Kingdom
561651,35471D,SET OF 3 BIRD LIGHT PINK FEATHER ,1,2011-07-28 15:36:00,1.25,,United Kingdom
564821,22561,WOODEN SCHOOL COLOURING SET,3,2011-08-30 12:16:00,1.65,14078.0,United Kingdom
562258,10135,COLOURING PENCILS BROWN TUBE,1,2011-08-03 15:28:00,1.25,16348.0,United Kingdom
562347,22667,RECIPE BOX RETROSPOT ,1,2011-08-04 12:22:00,2.95,13263.0,United Kingdom
564315,22768,FAMILY PHOTO FRAME CORNICE,1,2011-08-24 13:07:00,9.95,14730.0,United Kingdom
563538,23193,BUFFALO BILL TREASURE BOOK BOX,1,2011-08-17 11:48:00,2.25,17841.0,United Kingdom
561128,23070,EDWARDIAN HEART PHOTO FRAME,8,2011-07-25 12:59:00,4.15,16249.0,United Kingdom
560942,23205,CHARLOTTE BAG VINTAGE ALPHABET ,6,2011-07-22 11:31:00,0.85,15005.0,United Kingdom
564379,21731,RED TOADSTOOL LED NIGHT LIGHT,12,2011-08-25 10:32:00,1.65,16779.0,United Kingdom
562963,23144,ZINC T-LIGHT HOLDER STARS SMALL,12,2011-08-11 10:29:00,0.83,13203.0,United Kingdom
563234,21892,TRADITIONAL WOODEN CATCH CUP GAME ,12,2011-08-15 08:26:00,1.25,13621.0,United Kingdom
561685,20726,LUNCH BAG WOODLAND,10,2011-07-28 19:46:00,1.65,14315.0,United Kingdom
561502,35970,ZINC FOLKART SLEIGH BELLS,12,2011-07-27 14:14:00,1.69,14305.0,United Kingdom
565118,22851,SET 20 NAPKINS FAIRY CAKES DESIGN ,1,2011-09-01 11:33:00,0.85,15039.0,United Kingdom
564551,22666,RECIPE BOX PANTRY YELLOW DESIGN,6,2011-08-25 17:21:00,2.95,17730.0,United Kingdom
562420,22420,LIPSTICK PEN BABY PINK,50,2011-08-04 16:38:00,0.83,,United Kingdom
564049,22093,MOTORING TISSUE BOX,1,2011-08-22 13:30:00,0.39,17585.0,United Kingdom
561217,23343,JUMBO BAG VINTAGE CHRISTMAS ,1,2011-07-25 17:09:00,4.13,,United Kingdom
561395,23298,SPOTTY BUNTING,12,2011-07-27 10:29:00,4.95,13999.0,United Kingdom
562101,22732,3D VINTAGE CHRISTMAS STICKERS ,18,2011-08-02 14:04:00,1.25,13850.0,United Kingdom
561073,23295,SET OF 12 MINI LOAF BAKING CASES,24,2011-07-24 15:46:00,0.83,13408.0,United Kingdom
562037,22497,SET OF 2 TINS VINTAGE BATHROOM ,4,2011-08-02 09:34:00,4.25,13023.0,United Kingdom
563745,23332,IVORY WICKER HEART LARGE,12,2011-08-19 09:38:00,1.65,15159.0,United Kingdom
C562618,20914,SET/5 RED RETROSPOT LID GLASS BOWLS,-2,2011-08-08 12:32:00,2.95,13186.0,United Kingdom
564353,84077,WORLD WAR 2 GLIDERS ASSTD DESIGNS,96,2011-08-24 15:08:00,0.29,15764.0,United Kingdom
564820,22156,HEART DECORATION WITH PEARLS ,6,2011-08-30 12:16:00,1.63,,United Kingdom
561704,22537,MAGIC DRAWING SLATE DINOSAUR,1,2011-07-29 11:07:00,0.42,14606.0,United Kingdom
563540,23287,RED VINTAGE SPOT BEAKER,8,2011-08-17 12:04:00,0.85,12473.0,Germany
563076,84406B,CREAM CUPID HEARTS COAT HANGER,128,2011-08-11 16:12:00,3.75,14646.0,Netherlands
565234,22961,JAM MAKING SET PRINTED,2,2011-09-02 09:38:00,3.29,,United Kingdom
561600,23243,SET OF TEA COFFEE SUGAR TINS PANTRY,2,2011-07-28 11:29:00,4.95,15861.0,United Kingdom
561806,22212,FOUR HOOK  WHITE LOVEBIRDS,6,2011-07-29 14:55:00,2.1,12839.0,United Kingdom
563257,21231,SWEETHEART CERAMIC TRINKET BOX,12,2011-08-15 12:07:00,1.25,13799.0,United Kingdom
563360,22904,CALENDAR PAPER CUT DESIGN,4,2011-08-15 15:06:00,2.95,15023.0,United Kingdom
562933,23300,GARDENERS KNEELING PAD CUP OF TEA ,2,2011-08-10 16:51:00,3.29,,United Kingdom
564972,23319,BOX OF 6 MINI 50'S CRACKERS,6,2011-08-31 15:30:00,2.49,12621.0,Germany
564974,72802C,VANILLA SCENT CANDLE JEWELLED BOX,1,2011-08-31 15:32:00,8.29,,United Kingdom
563557,22328,ROUND SNACK BOXES SET OF 4 FRUITS ,6,2011-08-17 13:33:00,2.95,15786.0,United Kingdom
565126,10133,COLOURING PENCILS BROWN TUBE,140,2011-09-01 12:17:00,0.42,17653.0,United Kingdom
561900,21213,PACK OF 72 SKULL CAKE CASES,3,2011-07-31 15:31:00,0.55,16655.0,United Kingdom
562789,23238,SET OF 4 KNICK KNACK TINS LONDON ,48,2011-08-09 13:50:00,3.75,14646.0,Netherlands
563585,22138,BAKING SET 9 PIECE RETROSPOT ,1,2011-08-17 17:01:00,4.95,17070.0,United Kingdom
561366,22413,METAL SIGN TAKE IT OR LEAVE IT ,6,2011-07-26 15:45:00,2.95,15152.0,United Kingdom
560938,20725,LUNCH BAG RED RETROSPOT,14,2011-07-22 11:16:00,4.96,,United Kingdom
563928,82552,WASHROOM METAL SIGN,1,2011-08-21 15:17:00,1.45,17059.0,United Kingdom
561398,22993,SET OF 4 PANTRY JELLY MOULDS,72,2011-07-27 10:52:00,1.06,16767.0,United Kingdom
565303,22529,MAGIC DRAWING SLATE GO TO THE FAIR ,2,2011-09-02 12:17:00,0.42,,Unspecified
C562952,23239,SET OF 4 KNICK KNACK TINS POPPIES,-3,2011-08-11 10:10:00,4.15,12749.0,United Kingdom
563543,21931,JUMBO STORAGE BAG SUKI,10,2011-08-17 12:06:00,2.08,15039.0,United Kingdom
565152,22940,FELTCRAFT CHRISTMAS FAIRY,2,2011-09-01 14:42:00,4.25,17799.0,United Kingdom
563237,23321,SMALL WHITE HEART OF WICKER,12,2011-08-15 09:57:00,1.65,14321.0,United Kingdom
561863,10133,COLOURING PENCILS BROWN TUBE,20,2011-07-31 10:40:00,0.42,17695.0,United Kingdom
565388,22383,LUNCH BAG SUKI DESIGN ,2,2011-09-02 15:56:00,1.65,14415.0,United Kingdom
563854,84991,60 TEATIME FAIRY CAKE CASES,24,2011-08-19 15:24:00,0.55,12364.0,Belgium
563210,23313,VINTAGE CHRISTMAS BUNTING,2,2011-08-14 12:27:00,4.95,16466.0,United Kingdom
562024,23005,TRAVEL CARD WALLET I LOVE LONDON,2,2011-08-01 16:07:00,0.83,,United Kingdom
563353,22689,DOORMAT MERRY CHRISTMAS RED ,2,2011-08-15 14:32:00,7.95,15480.0,Malta
562567,20723,STRAWBERRY CHARLOTTE BAG,10,2011-08-07 11:40:00,0.85,12877.0,United Kingdom
565386,21929,JUMBO BAG PINK VINTAGE PAISLEY,2,2011-09-02 15:48:00,2.08,17997.0,United Kingdom
562880,47591D,PINK FAIRY CAKE CHILDRENS APRON,60,2011-08-10 10:53:00,1.65,15838.0,United Kingdom
563195,22983,CARD BILLBOARD FONT,1,2011-08-12 16:36:00,0.83,,United Kingdom
564740,22383,LUNCH BAG SUKI DESIGN ,1,2011-08-28 14:39:00,1.65,14044.0,United Kingdom
561280,21688,SILVER PLATE CANDLE BOWL SMALL,6,2011-07-26 12:24:00,2.95,18211.0,United Kingdom
564139,22551,PLASTERS IN TIN SPACEBOY,2,2011-08-23 11:41:00,1.65,16904.0,United Kingdom
563430,21417,COCKLE SHELL DISH,6,2011-08-16 11:50:00,2.1,14918.0,United Kingdom
561398,23201,JUMBO BAG ALPHABET,10,2011-07-27 10:52:00,2.08,16767.0,United Kingdom
562551,21507,"ELEPHANT, BIRTHDAY CARD, ",12,2011-08-05 16:19:00,0.42,17231.0,United Kingdom
564050,22383,LUNCH BAG SUKI DESIGN ,10,2011-08-22 13:32:00,1.65,17160.0,United Kingdom
561645,22086,PAPER CHAIN KIT 50'S CHRISTMAS ,120,2011-07-28 15:16:00,2.55,14911.0,EIRE
562377,85066,CREAM SWEETHEART MINI CHEST,1,2011-08-04 15:04:00,12.75,14535.0,United Kingdom
563477,22646,CERAMIC STRAWBERRY CAKE MONEY BANK,1,2011-08-16 15:39:00,1.45,17097.0,Spain
562032,23297,SET 40 HEART SHAPE PETIT FOUR CASES,16,2011-08-02 08:48:00,1.65,12347.0,Iceland
562715,22357,KINGS CHOICE BISCUIT TIN,1,2011-08-08 15:34:00,4.13,,United Kingdom
562218,22191,IVORY DINER WALL CLOCK,2,2011-08-03 14:07:00,8.5,13851.0,United Kingdom
562784,21770,OPEN CLOSED METAL SIGN,2,2011-08-09 13:22:00,4.95,16791.0,United Kingdom
564336,22274,FELTCRAFT DOLL EMILY,1,2011-08-24 14:28:00,2.95,12748.0,United Kingdom
564838,21932,SCANDINAVIAN PAISLEY PICNIC BAG,4,2011-08-30 12:43:00,2.46,,United Kingdom
565249,22835,HOT WATER BOTTLE I AM SO POORLY,1,2011-09-02 10:38:00,4.95,18027.0,United Kingdom
564199,21165,BEWARE OF THE CAT METAL SIGN ,2,2011-08-23 17:31:00,1.69,13263.0,United Kingdom
562804,23344,JUMBO BAG 50'S CHRISTMAS ,10,2011-08-09 14:48:00,2.08,13355.0,United Kingdom
561820,51014A,"FEATHER PEN,HOT PINK",13,2011-07-29 16:00:00,0.83,,United Kingdom
563911,79066K,RETRO MOD TRAY,20,2011-08-21 12:39:00,0.85,16265.0,United Kingdom
562031,48185,DOORMAT FAIRY CAKE,1,2011-08-01 17:37:00,7.95,16984.0,United Kingdom
562980,23082,SET 6 PAPER TABLE LANTERN HEARTS ,6,2011-08-11 11:44:00,3.75,17686.0,United Kingdom
561651,15056N,EDWARDIAN PARASOL NATURAL,3,2011-07-28 15:36:00,12.46,,United Kingdom
565150,23227,FILIGREE HEART BUTTERFLY WHITE ,24,2011-09-01 14:26:00,1.04,14298.0,United Kingdom
562420,22534,MAGIC DRAWING SLATE SPACEBOY ,3,2011-08-04 16:38:00,0.83,,United Kingdom
564974,22616,PACK OF 12 LONDON TISSUES ,1,2011-08-31 15:32:00,0.83,,United Kingdom
564062,21627,ELEPHANT CARNIVAL POUFFE,6,2011-08-22 14:41:00,14.95,17706.0,United Kingdom
561627,22320,BIRDS MOBILE VINTAGE DESIGN,3,2011-07-28 14:08:00,5.95,12453.0,Austria
562143,20972,PINK CREAM FELT CRAFT TRINKET BOX ,36,2011-08-03 10:41:00,1.25,16422.0,United Kingdom
564346,23130,MISTLETOE HEART WREATH GREEN,6,2011-08-24 14:54:00,4.15,15727.0,United Kingdom
563238,22676,FRENCH BLUE METAL DOOR SIGN 1,10,2011-08-15 09:59:00,1.25,15093.0,United Kingdom
562114,21669,BLUE STRIPE CERAMIC DRAWER KNOB,4,2011-08-02 16:14:00,3.29,,United Kingdom
562558,23316,RED REFECTORY CLOCK ,1,2011-08-05 16:43:00,9.95,13451.0,United Kingdom
565233,22609,PENS ASSORTED SPACEBALL,1,2011-09-02 09:34:00,1.63,,United Kingdom
564758,20685,DOORMAT RED RETROSPOT,1,2011-08-30 10:39:00,15.79,,United Kingdom
561217,22435,SET OF 9 HEART SHAPED BALLOONS,1,2011-07-25 17:09:00,2.46,,United Kingdom
562417,21519,GIN & TONIC DIET GREETING CARD ,2,2011-08-04 16:32:00,0.83,,United Kingdom
560999,22620,4 TRADITIONAL SPINNING TOPS,3,2011-07-22 14:13:00,1.45,,United Kingdom
561879,79321,CHILLI LIGHTS,8,2011-07-31 12:43:00,5.75,13722.0,United Kingdom
561933,22670,FRENCH WC SIGN BLUE METAL,12,2011-08-01 12:56:00,1.25,12949.0,United Kingdom
563909,85204,HANGING WOOD AND FELT FLOWER,5,2011-08-21 12:36:00,0.12,15701.0,United Kingdom
565117,22662,LUNCH BAG DOLLY GIRL DESIGN,12,2011-09-01 11:33:00,1.65,13089.0,United Kingdom
563178,23035,DRAWER KNOB CERAMIC IVORY,6,2011-08-12 14:12:00,1.45,16011.0,United Kingdom
561515,22908,PACK OF 20 NAPKINS RED APPLES,1,2011-07-27 15:16:00,1.63,,United Kingdom
564061,22384,LUNCH BAG PINK POLKADOT,4,2011-08-22 14:38:00,1.65,14505.0,United Kingdom
560996,21156,RETROSPOT CHILDRENS APRON,2,2011-07-22 13:53:00,1.95,17625.0,United Kingdom
562934,84828,JUNGLE POPSICLES ICE LOLLY MOULDS,1,2011-08-10 16:56:00,2.46,,United Kingdom
562024,84596G,SMALL CHOCOLATES PINK BOWL,1,2011-08-01 16:07:00,0.83,,United Kingdom
564184,23293,SET OF 12 FAIRY CAKE BAKING CASES,8,2011-08-23 15:11:00,0.83,,EIRE
562218,84836,ZINC METAL HEART DECORATION,12,2011-08-03 14:07:00,1.25,13851.0,United Kingdom
563137,22192,BLUE DINER WALL CLOCK,1,2011-08-12 11:22:00,8.5,14534.0,United Kingdom
562730,23233,WRAP POPPIES  DESIGN,200,2011-08-09 10:16:00,0.34,17554.0,United Kingdom
561295,21672,WHITE SPOT RED CERAMIC DRAWER KNOB,1,2011-07-26 12:28:00,1.25,15311.0,United Kingdom
561773,51014L,"FEATHER PEN,LIGHT PINK",12,2011-07-29 12:41:00,0.39,17841.0,United Kingdom
565396,22543,MINI JIGSAW BAKE A CAKE ,1,2011-09-02 16:39:00,0.83,,United Kingdom
562843,40016,CHINESE DRAGON PAPER LANTERNS,1,2011-08-09 17:37:00,8.29,,United Kingdom
563613,21246,RED RETROSPOT BIG BOWL,24,2011-08-18 08:49:00,4.25,12688.0,Israel
565226,20765,CHRYSANTHEMUM SKETCHBOOK ,4,2011-09-02 08:50:00,3.75,16992.0,United Kingdom
561006,23255,CHILDRENS CUTLERY CIRCUS PARADE,4,2011-07-22 15:02:00,4.15,16161.0,United Kingdom
563094,23152,IVORY SWEETHEART WIRE LETTER RACK ,2,2011-08-11 17:35:00,3.75,14525.0,United Kingdom
562807,22838,3 TIER CAKE TIN RED AND CREAM,1,2011-08-09 14:57:00,14.95,16053.0,United Kingdom
561209,22609,PENS ASSORTED SPACEBALL,3,2011-07-25 16:57:00,0.42,,United Kingdom
561968,23052,RECYCLED ACAPULCO MAT TURQUOISE,1,2011-08-01 13:29:00,8.25,16332.0,United Kingdom
561222,21786,POLKADOT RAIN HAT ,24,2011-07-26 09:27:00,0.42,13588.0,United Kingdom
561870,84929,ASSTD FRUIT+FLOWERS FRIDGE MAGNETS,24,2011-07-31 11:45:00,0.19,14911.0,EIRE
565231,35961,FOLKART ZINC HEART CHRISTMAS DEC,35,2011-09-02 09:26:00,1.63,,United Kingdom
561515,23346,SPACEBOY BEAKER,1,2011-07-27 15:16:00,2.46,,United Kingdom
565329,22273,FELTCRAFT DOLL MOLLY,1,2011-09-02 13:54:00,2.95,14606.0,United Kingdom
562528,21080,SET/20 RED RETROSPOT PAPER NAPKINS ,12,2011-08-05 13:52:00,0.85,12610.0,Italy
564300,22403,MAGNETS PACK OF 4 VINTAGE LABELS ,2,2011-08-24 11:31:00,0.39,16723.0,United Kingdom
562114,82483,WOOD 2 DRAWER CABINET WHITE FINISH,2,2011-08-02 16:14:00,7.46,,United Kingdom
563855,23209,LUNCH BAG VINTAGE DOILY ,10,2011-08-19 15:29:00,1.65,14709.0,United Kingdom
564757,23089,GLASS BON BON JAR,1,2011-08-30 10:36:00,3.29,,United Kingdom
565056,22841,ROUND CAKE TIN VINTAGE GREEN,2,2011-08-31 17:12:00,7.95,16278.0,United Kingdom
562017,22795,SWEETHEART RECIPE BOOK STAND,12,2011-08-01 14:16:00,5.95,14937.0,Channel Islands
561058,20665,RED RETROSPOT PURSE ,6,2011-07-24 13:26:00,2.95,17724.0,United Kingdom
561192,21874,GIN AND TONIC MUG,6,2011-07-25 13:45:00,1.25,16033.0,United Kingdom
564857,21790,VINTAGE SNAP CARDS,1,2011-08-31 09:23:00,1.63,,United Kingdom
562593,23201,JUMBO BAG ALPHABET,2,2011-08-07 15:43:00,2.08,16549.0,United Kingdom
562203,23299,FOOD COVER WITH BEADS SET 2 ,12,2011-08-03 12:50:00,3.75,16102.0,United Kingdom
564724,22562,MONSTERS STENCIL CRAFT,3,2011-08-28 12:16:00,1.25,15555.0,United Kingdom
563137,20754,RETROSPOT RED WASHING UP GLOVES,1,2011-08-12 11:22:00,2.1,14534.0,United Kingdom
561042,22662,LUNCH BAG DOLLY GIRL DESIGN,10,2011-07-24 12:18:00,1.65,16305.0,United Kingdom
564841,21244,BLUE POLKADOT PLATE ,2,2011-08-30 13:42:00,3.29,,United Kingdom
561518,23306,SET OF 36 DOILIES PANTRY DESIGN,12,2011-07-27 15:20:00,1.45,15261.0,United Kingdom
562087,84969,BOX OF 6 ASSORTED COLOUR TEASPOONS,1,2011-08-02 12:31:00,4.25,14606.0,United Kingdom
564342,23156,SET OF 5 MINI GROCERY MAGNETS,3,2011-08-24 14:53:00,2.08,16340.0,United Kingdom
561474,22384,LUNCH BAG PINK POLKADOT,100,2011-07-27 13:18:00,1.45,14680.0,United Kingdom
564536,22191,IVORY DINER WALL CLOCK,1,2011-08-25 15:12:00,8.5,13159.0,United Kingdom
561894,22730,ALARM CLOCK BAKELIKE IVORY,1,2011-07-31 15:00:00,3.75,14456.0,United Kingdom
563703,84536A,ENGLISH ROSE NOTEBOOK A7 SIZE,6,2011-08-18 14:02:00,0.42,13273.0,United Kingdom
563549,22920,HERB MARKER BASIL,1,2011-08-17 12:34:00,1.63,,United Kingdom
561885,85130C,BEADED CRYSTAL HEART BLUE  LARGE,1,2011-07-31 13:13:00,0.79,15532.0,United Kingdom
560926,22621,TRADITIONAL KNITTING NANCY,2,2011-07-22 09:20:00,3.29,,United Kingdom
561969,22682,FRENCH BLUE METAL DOOR SIGN 7,3,2011-08-01 13:31:00,1.25,17757.0,United Kingdom
563662,22530,MAGIC DRAWING SLATE DOLLY GIRL ,24,2011-08-18 11:40:00,0.42,12729.0,France
563565,21843,RED RETROSPOT CAKE STAND,3,2011-08-17 14:22:00,10.95,17338.0,United Kingdom
563384,23322,LARGE WHITE HEART OF WICKER,5,2011-08-16 10:52:00,2.95,17315.0,United Kingdom
568135,22446,PIN CUSHION BABUSHKA PINK,1,2011-09-23 17:04:00,2.46,,United Kingdom
566221,85087,CANDY SPOT CUSHION COVER,1,2011-09-09 16:13:00,3.29,,United Kingdom
565415,23546,WRAP PAISLEY PARK ,25,2011-09-04 12:00:00,0.42,14067.0,United Kingdom
566421,84754,S/15 SILVER GLASS BAUBLES IN BAG,12,2011-09-12 13:55:00,1.25,12924.0,United Kingdom
568614,23355,HOT WATER BOTTLE KEEP CALM,4,2011-09-28 11:26:00,4.95,13515.0,United Kingdom
568878,23393,HOME SWEET HOME CUSHION COVER ,6,2011-09-29 12:34:00,3.75,14524.0,United Kingdom
566283,21207,SKULL AND CROSSBONES  GARLAND ,6,2011-09-11 14:34:00,1.65,17838.0,United Kingdom
569372,21259,VICTORIAN SEWING BOX SMALL ,1,2011-10-03 16:04:00,12.46,,United Kingdom
565800,15056P,EDWARDIAN PARASOL PINK,3,2011-09-07 10:23:00,5.95,14911.0,EIRE
568346,23176,ABC TREASURE BOOK BOX ,1,2011-09-26 15:28:00,4.58,14096.0,United Kingdom
568900,23342,MINT DINER WALL CLOCK,2,2011-09-29 13:21:00,8.5,13647.0,United Kingdom
568553,23298,SPOTTY BUNTING,3,2011-09-27 15:17:00,4.95,15674.0,United Kingdom
565922,22727,ALARM CLOCK BAKELIKE RED ,4,2011-09-08 09:51:00,3.75,14116.0,United Kingdom
565463,22950,36 DOILIES VINTAGE CHRISTMAS,24,2011-09-05 09:45:00,1.45,13748.0,United Kingdom
566929,23209,LUNCH BAG VINTAGE DOILY ,100,2011-09-15 15:21:00,1.45,17428.0,United Kingdom
567846,23396,LE JARDIN BOTANIQUE CUSHION COVER,4,2011-09-22 13:13:00,3.75,13486.0,United Kingdom
566602,22703,PINK CAT BOWL,2,2011-09-13 16:05:00,1.63,,United Kingdom
568165,20754,RETROSPOT RED WASHING UP GLOVES,2,2011-09-25 12:42:00,2.1,17131.0,United Kingdom
566431,23437, 50'S CHRISTMAS GIFT BAG LARGE,12,2011-09-12 14:39:00,1.25,18180.0,United Kingdom
566399,22809,SET OF 6 T-LIGHTS SANTA,6,2011-09-12 13:11:00,2.95,16141.0,United Kingdom
565919,20733,GOLD MINI TAPE MEASURE ,1,2011-09-07 16:48:00,0.83,,United Kingdom
566634,21181,PLEASE ONE PERSON METAL SIGN,48,2011-09-14 10:42:00,1.85,13183.0,United Kingdom
565437,22739,RIBBON REEL CHRISTMAS SOCK BAUBLE,10,2011-09-04 13:48:00,1.65,17050.0,United Kingdom
566602,21790,VINTAGE SNAP CARDS,1,2011-09-13 16:05:00,1.63,,United Kingdom
566491,22815,CARD PSYCHEDELIC APPLES,12,2011-09-13 10:25:00,0.42,14060.0,United Kingdom
567659,22601,CHRISTMAS RETROSPOT ANGEL WOOD,12,2011-09-21 14:55:00,0.85,17475.0,United Kingdom
568783,22366,DOORMAT AIRMAIL ,10,2011-09-29 09:03:00,7.08,17739.0,United Kingdom
567893,21485,RETROSPOT HEART HOT WATER BOTTLE,12,2011-09-22 15:54:00,4.95,17163.0,United Kingdom
568378,21677,HEARTS  STICKERS,24,2011-09-27 08:57:00,0.85,13035.0,United Kingdom
568103,22991,GIRAFFE WOODEN RULER,12,2011-09-23 15:45:00,1.95,12518.0,Germany
568323,82600,NO SINGING METAL SIGN,6,2011-09-26 13:45:00,2.1,15078.0,United Kingdom
567462,22589,CARDHOLDER GINGHAM STAR,1,2011-09-20 12:35:00,2.89,14446.0,United Kingdom
565865,22729,ALARM CLOCK BAKELIKE ORANGE,8,2011-09-07 15:07:00,3.75,12637.0,France
565778,22865,HAND WARMER OWL DESIGN,12,2011-09-06 15:04:00,2.1,17460.0,United Kingdom
568531,21181,PLEASE ONE PERSON METAL SIGN,2,2011-09-27 13:49:00,2.1,16713.0,United Kingdom
567172,22470,HEART OF WICKER LARGE,80,2011-09-18 13:29:00,2.55,18194.0,United Kingdom
569372,71270,PHOTO CLIP LINE,1,2011-10-03 16:04:00,2.46,,United Kingdom
568794,23242,TREASURE TIN BUFFALO BILL ,6,2011-09-29 10:10:00,2.08,17447.0,United Kingdom
569232,84032B,CHARLIE + LOLA RED HOT WATER BOTTLE,2,2011-10-02 15:26:00,2.95,16667.0,United Kingdom
566290,20723,STRAWBERRY CHARLOTTE BAG,3,2011-09-11 15:24:00,0.85,14456.0,United Kingdom
568719,22411,JUMBO SHOPPER VINTAGE RED PAISLEY,3,2011-09-28 16:19:00,4.13,,United Kingdom
567191,23286,BLUE VINTAGE SPOT BEAKER,8,2011-09-19 09:15:00,0.85,12562.0,France
566221,84032A,CHARLIE+LOLA PINK HOT WATER BOTTLE,5,2011-09-09 16:13:00,3.29,,United Kingdom
568528,23343,JUMBO BAG VINTAGE CHRISTMAS ,10,2011-09-27 13:32:00,2.08,13979.0,United Kingdom
567899,22163,HEART STRING MEMO HOLDER HANGING,6,2011-09-22 16:26:00,2.95,14911.0,EIRE
568716,20868,SILVER FABRIC MIRROR,1,2011-09-28 16:13:00,2.46,,United Kingdom
566581,84879,ASSORTED COLOUR BIRD ORNAMENT,40,2011-09-13 13:47:00,1.69,16081.0,United Kingdom
567656,47590A,BLUE HAPPY BIRTHDAY BUNTING,1,2011-09-21 14:40:00,10.79,14096.0,United Kingdom
567675,23129,HEART SHAPED HOLLY WREATH,6,2011-09-21 15:54:00,4.15,15351.0,United Kingdom
566789,23546,WRAP PAISLEY PARK ,25,2011-09-15 10:35:00,0.42,13134.0,United Kingdom
567483,23181,BULL DOG BOTTLE TOP WALL CLOCK,2,2011-09-20 13:45:00,8.25,16584.0,United Kingdom
568690,21669,BLUE STRIPE CERAMIC DRAWER KNOB,2,2011-09-28 14:43:00,1.45,16332.0,United Kingdom
565767,84029E,RED WOOLLY HOTTIE WHITE HEART.,7,2011-09-06 14:28:00,7.46,,United Kingdom
568668,84032A,CHARLIE+LOLA PINK HOT WATER BOTTLE,1,2011-09-28 13:00:00,2.95,15750.0,United Kingdom
566602,84978,HANGING HEART JAR T-LIGHT HOLDER,16,2011-09-13 16:05:00,2.46,,United Kingdom
569357,23201,JUMBO BAG ALPHABET,10,2011-10-03 14:52:00,2.08,15930.0,United Kingdom
567882,22992,REVOLVER WOODEN RULER ,48,2011-09-22 15:03:00,1.95,12906.0,United Kingdom
569137,22844,VINTAGE CREAM DOG FOOD CONTAINER,1,2011-09-30 14:45:00,16.63,,United Kingdom
568949,23078,ICE CREAM PEN LIP GLOSS ,1,2011-09-29 15:13:00,2.46,,United Kingdom
566783,22469,HEART OF WICKER SMALL,12,2011-09-15 10:18:00,1.65,13539.0,United Kingdom
565846,22997,TRAVEL CARD WALLET UNION JACK,2,2011-09-07 12:41:00,0.42,14606.0,United Kingdom
565434,21975,PACK OF 60 DINOSAUR CAKE CASES,5,2011-09-04 13:35:00,0.55,12867.0,United Kingdom
567306,21731,RED TOADSTOOL LED NIGHT LIGHT,60,2011-09-19 13:32:00,1.65,12752.0,Norway
568181,22594,CHRISTMAS GINGHAM TREE,12,2011-09-25 13:42:00,0.85,17154.0,United Kingdom
568376,15056N,EDWARDIAN PARASOL NATURAL,12,2011-09-26 17:20:00,5.95,14031.0,United Kingdom
567104,22907,PACK OF 20 NAPKINS PANTRY DESIGN,12,2011-09-16 13:33:00,0.85,15975.0,United Kingdom
566602,84991,60 TEATIME FAIRY CAKE CASES,2,2011-09-13 16:05:00,1.25,,United Kingdom
567211,85014A,BLACK/BLUE POLKADOT UMBRELLA,2,2011-09-19 11:02:00,5.95,14159.0,United Kingdom
568875,23341,PINK DINER WALL CLOCK,1,2011-09-29 12:23:00,8.5,14527.0,United Kingdom
569216,23004,TRAVEL CARD WALLET PANTRY,5,2011-10-02 12:41:00,0.42,15555.0,United Kingdom
566314,22731,3D CHRISTMAS STAMPS STICKERS ,18,2011-09-12 09:57:00,1.25,15358.0,United Kingdom
566938,22910,PAPER CHAIN KIT VINTAGE CHRISTMAS,24,2011-09-15 15:48:00,2.95,14557.0,United Kingdom
569257,85152,HAND OVER THE CHOCOLATE   SIGN ,48,2011-10-03 11:24:00,1.49,18102.0,United Kingdom
567665,23374,RED SPOT PAPER GIFT BAG,1,2011-09-21 15:22:00,1.63,,United Kingdom
569000,22209,WOOD STAMP SET HAPPY BIRTHDAY,12,2011-09-29 17:36:00,0.83,17015.0,United Kingdom
569230,22699,ROSES REGENCY TEACUP AND SAUCER ,6,2011-10-02 15:07:00,2.95,16533.0,United Kingdom
568059,21876,POTTERING MUG,6,2011-09-23 12:58:00,1.65,13097.0,United Kingdom
565617,22653,BUTTON BOX ,8,2011-09-05 15:30:00,1.63,,United Kingdom
566850,23008,DOLLY GIRL BABY GIFT SET,2,2011-09-15 12:04:00,16.95,13662.0,United Kingdom
566115,21981,PACK OF 12 WOODLAND TISSUES ,24,2011-09-09 10:51:00,0.29,12674.0,France
566601,23332,IVORY WICKER HEART LARGE,2,2011-09-13 15:57:00,1.65,16469.0,United Kingdom
566495,22756,LARGE YELLOW BABUSHKA NOTEBOOK ,3,2011-09-13 11:14:00,1.25,15529.0,United Kingdom
567912,47559B,TEA TIME OVEN GLOVE,2,2011-09-22 17:07:00,1.25,15555.0,United Kingdom
567901,22596,CHRISTMAS STAR WISH LIST CHALKBOARD,1,2011-09-22 16:28:00,2.46,,United Kingdom
568238,23200,JUMBO BAG PEARS,10,2011-09-26 12:00:00,2.08,13927.0,United Kingdom
568873,23203,JUMBO BAG VINTAGE DOILY ,20,2011-09-29 12:15:00,2.08,14188.0,United Kingdom
568346,22074,6 RIBBONS SHIMMERING PINKS ,1,2011-09-26 15:28:00,1.25,14096.0,United Kingdom
569246,85152,HAND OVER THE CHOCOLATE   SIGN ,6,2011-10-03 09:57:00,4.13,14096.0,United Kingdom
567822,22149,FELTCRAFT 6 FLOWER FRIENDS,6,2011-09-22 12:54:00,2.1,17644.0,United Kingdom
565916,22699,ROSES REGENCY TEACUP AND SAUCER ,12,2011-09-07 16:00:00,2.95,14156.0,EIRE
565919,22714,CARD BIRTHDAY COWBOY,1,2011-09-07 16:48:00,0.83,,United Kingdom
569246,22173,METAL 4 HOOK HANGER FRENCH CHATEAU,2,2011-10-03 09:57:00,5.79,14096.0,United Kingdom
565519,22725,ALARM CLOCK BAKELIKE CHOCOLATE,4,2011-09-05 11:52:00,3.75,12502.0,Spain
567671,21803,CHRISTMAS TREE STAR DECORATION,4,2011-09-21 15:34:00,0.42,,United Kingdom
566756,21709,FOLDING UMBRELLA CHOCOLATE POLKADOT,4,2011-09-14 15:54:00,4.95,12457.0,Switzerland
565779,22924,FRIDGE MAGNETS LA VIE EN ROSE,12,2011-09-06 15:14:00,0.85,15804.0,United Kingdom
568384,M,Manual,1,2011-09-27 09:46:00,0.0,12748.0,United Kingdom
567507,84970l,SINGLE HEART ZINC T-LIGHT HOLDER,6,2011-09-20 14:46:00,2.08,,United Kingdom
566620,85227,SET OF 6 3D KIT CARDS FOR KIDS,12,2011-09-14 09:21:00,0.85,13588.0,United Kingdom
567864,23511,EMBROIDERED RIBBON REEL EMILY ,12,2011-09-22 14:10:00,2.08,16236.0,United Kingdom
566275,22966,GINGERBREAD MAN COOKIE CUTTER,4,2011-09-11 13:58:00,1.25,16549.0,United Kingdom
567626,21523,DOORMAT FANCY FONT HOME SWEET HOME,10,2011-09-21 12:56:00,7.08,15311.0,United Kingdom
567818,23493,VINTAGE DOILY TRAVEL SEWING KIT,3,2011-09-22 12:41:00,1.95,14395.0,United Kingdom
568325,22904,CALENDAR PAPER CUT DESIGN,10,2011-09-26 13:57:00,2.95,14667.0,United Kingdom
568590,35599B,BLACK CHRISTMAS TREE 120CM,6,2011-09-28 10:29:00,1.95,13126.0,United Kingdom
568210,23130,MISTLETOE HEART WREATH GREEN,4,2011-09-25 15:56:00,4.15,17159.0,United Kingdom
567673,47591D,PINK FAIRY CAKE CHILDRENS APRON,2,2011-09-21 15:43:00,4.13,,United Kingdom
566861,21326,AGED GLASS SILVER T-LIGHT HOLDER,60,2011-09-15 12:43:00,0.65,12748.0,United Kingdom
567671,21109,LARGE CAKE TOWEL CHOCOLATE SPOTS,1,2011-09-21 15:34:00,13.29,,United Kingdom
566060,23302,KNEELING MAT HOUSEWORK  DESIGN,1,2011-09-08 15:27:00,3.29,,United Kingdom
567473,23031,DRAWER KNOB CRACKLE GLAZE PINK,2,2011-09-20 12:50:00,1.65,17841.0,United Kingdom
568101,22950,36 DOILIES VINTAGE CHRISTMAS,24,2011-09-23 15:21:00,1.45,15978.0,United Kingdom
568211,21810,CHRISTMAS HANGING STAR WITH BELL,48,2011-09-25 15:59:00,0.39,13429.0,United Kingdom
568369,21167,WHITE SAGE INCENSE,100,2011-09-26 16:15:00,0.21,16710.0,United Kingdom
569223,21207,SKULL AND CROSSBONES  GARLAND ,7,2011-10-02 13:49:00,1.65,16283.0,United Kingdom
569220,35095A,BLUE VICTORIAN FABRIC OVAL BOX,6,2011-10-02 13:26:00,0.42,16007.0,United Kingdom
566240,23318,BOX OF 6 MINI VINTAGE CRACKERS,2,2011-09-11 11:29:00,2.49,14508.0,United Kingdom
568564,21927,BLUE/CREAM STRIPE CUSHION COVER ,4,2011-09-27 17:03:00,1.25,17576.0,United Kingdom
567482,84077,WORLD WAR 2 GLIDERS ASSTD DESIGNS,96,2011-09-20 13:42:00,0.29,16464.0,United Kingdom
568995,22379,RECYCLING BAG RETROSPOT ,5,2011-09-29 16:53:00,2.1,16779.0,United Kingdom
568054,23270,SET OF 2 CERAMIC PAINTED HEARTS ,6,2011-09-23 12:50:00,1.45,16978.0,United Kingdom
566025,22671,FRENCH LAUNDRY SIGN BLUE METAL,2,2011-09-08 12:55:00,1.65,17634.0,United Kingdom
568137,21481,FAWN BLUE HOT WATER BOTTLE,8,2011-09-25 10:34:00,3.75,12488.0,France
567866,21136,PAINTED METAL PEARS ASSORTED,16,2011-09-22 14:13:00,1.69,16669.0,United Kingdom
566864,21041,RED RETROSPOT OVEN GLOVE DOUBLE,1,2011-09-15 12:51:00,2.95,17786.0,United Kingdom
567189,22383,LUNCH BAG SUKI DESIGN ,10,2011-09-19 09:10:00,1.65,17069.0,United Kingdom
566495,23373,VINTAGE CHRISTMAS PAPER GIFT BAG,20,2011-09-13 11:14:00,0.82,15529.0,United Kingdom
568901,84947,ANTIQUE SILVER TEA GLASS ENGRAVED,6,2011-09-29 13:22:00,1.25,15050.0,United Kingdom
568319,22767,TRIPLE PHOTO FRAME CORNICE ,6,2011-09-26 13:35:00,9.95,17389.0,United Kingdom
566221,47566,PARTY BUNTING,3,2011-09-09 16:13:00,10.79,,United Kingdom
566486,22726,ALARM CLOCK BAKELIKE GREEN,12,2011-09-13 09:59:00,3.75,16098.0,United Kingdom
566005,22665,RECIPE BOX BLUE SKETCHBOOK DESIGN,2,2011-09-08 11:56:00,2.95,16426.0,United Kingdom
566606,51014L,"FEATHER PEN,LIGHT PINK",24,2011-09-13 16:33:00,0.39,15194.0,United Kingdom
569025,22999,TRAVEL CARD WALLET VINTAGE LEAF,1,2011-09-30 10:08:00,0.42,18041.0,United Kingdom
567962,22149,FELTCRAFT 6 FLOWER FRIENDS,80,2011-09-23 09:19:00,1.85,15838.0,United Kingdom
565648,21912,VINTAGE SNAKES & LADDERS,1,2011-09-05 16:22:00,3.75,18196.0,United Kingdom
568518,22556,PLASTERS IN TIN CIRCUS PARADE ,12,2011-09-27 12:53:00,1.65,12680.0,France
567865,22558,CLOTHES PEGS RETROSPOT PACK 24 ,12,2011-09-22 14:11:00,1.65,17311.0,United Kingdom
569242,22734,SET OF 6 RIBBONS VINTAGE CHRISTMAS,6,2011-10-03 09:34:00,2.89,14193.0,United Kingdom
568782,22382,LUNCH BAG SPACEBOY DESIGN ,10,2011-09-29 08:53:00,1.65,13985.0,United Kingdom
568320,22029,SPACEBOY BIRTHDAY CARD,12,2011-09-26 13:35:00,0.42,17674.0,United Kingdom
565927,22989,SET 2 PANTRY DESIGN TEA TOWELS,6,2011-09-08 10:08:00,3.25,,EIRE
565915,22575,METAL MERRY CHRISTMAS WREATH,5,2011-09-07 15:52:00,1.95,15752.0,United Kingdom
565792,82484,WOOD BLACK BOARD ANT WHITE FINISH,2,2011-09-07 09:37:00,7.95,14397.0,United Kingdom
566446,22107,PIZZA PLATE IN BOX,4,2011-09-12 15:40:00,3.29,,United Kingdom
567184,21175,GIN + TONIC DIET METAL SIGN,4,2011-09-18 15:41:00,2.55,16033.0,United Kingdom
568712,82552,WASHROOM METAL SIGN,1,2011-09-28 15:50:00,1.45,17841.0,United Kingdom
565927,22464,HANGING METAL HEART LANTERN,12,2011-09-08 10:08:00,1.65,,EIRE
565767,22041,"RECORD FRAME 7"" SINGLE SIZE ",5,2011-09-06 14:28:00,5.79,,United Kingdom
568193,22689,DOORMAT MERRY CHRISTMAS RED ,1,2011-09-25 14:37:00,8.25,17107.0,United Kingdom
568671,23351,ROLL WRAP 50'S CHRISTMAS,12,2011-09-28 13:13:00,1.25,13139.0,United Kingdom
568583,22411,JUMBO SHOPPER VINTAGE RED PAISLEY,1,2011-09-28 10:09:00,2.08,15584.0,United Kingdom
565926,23234,BISCUIT TIN VINTAGE CHRISTMAS,6,2011-09-08 10:02:00,2.89,13305.0,United Kingdom
568346,21894,POTTING SHED SEED ENVELOPES,2,2011-09-26 15:28:00,2.46,14096.0,United Kingdom
568896,22885,NUMBER TILE VINTAGE FONT 6 ,2,2011-09-29 13:13:00,1.95,16361.0,United Kingdom
569255,23522,DOG AND BALL WALL ART,144,2011-10-03 11:01:00,1.63,18102.0,United Kingdom
566590,21731,RED TOADSTOOL LED NIGHT LIGHT,12,2011-09-13 14:51:00,1.65,14032.0,United Kingdom
567890,21703,BAG 125g SWIRLY MARBLES,12,2011-09-22 15:40:00,0.42,14125.0,United Kingdom
566195,17038,PORCELAIN BUDAH INCENSE HOLDER,100,2011-09-09 13:44:00,0.1,12433.0,Norway
565919,23190,BUNDLE OF 3 SCHOOL EXERCISE BOOKS  ,1,2011-09-07 16:48:00,3.29,,United Kingdom
569144,84380,SET OF 3 BUTTERFLY COOKIE CUTTERS,36,2011-09-30 15:14:00,1.45,17227.0,United Kingdom
566602,46776B,WOVEN BERRIES CUSHION COVER ,1,2011-09-13 16:05:00,4.13,,United Kingdom
569105,22995,TRAVEL CARD WALLET SUKI,24,2011-09-30 12:35:00,0.42,16729.0,United Kingdom
567661,22616,PACK OF 12 LONDON TISSUES ,12,2011-09-21 15:06:00,0.39,13959.0,United Kingdom
565919,23307,SET OF 60 PANTRY DESIGN CAKE CASES ,1,2011-09-07 16:48:00,1.25,,United Kingdom
566073,84030E,ENGLISH ROSE HOT WATER BOTTLE,2,2011-09-08 19:58:00,4.25,14562.0,United Kingdom
568059,23507,MINI PLAYING CARDS BUFFALO BILL ,6,2011-09-23 12:58:00,0.42,13097.0,United Kingdom
565919,23132,SMALL IVORY HEART WALL ORGANISER,1,2011-09-07 16:48:00,12.46,,United Kingdom
567184,23294,SET OF 6 SNACK LOAF BAKING CASES,2,2011-09-18 15:41:00,0.83,16033.0,United Kingdom
565649,23249,VINTAGE RED ENAMEL TRIM PLATE,3,2011-09-05 16:27:00,1.65,16712.0,United Kingdom
568868,85066,CREAM SWEETHEART MINI CHEST,2,2011-09-29 12:00:00,12.75,12957.0,United Kingdom
565917,90013A,MIDNIGHT BLUE VINTAGE EARRINGS,1,2011-09-07 16:15:00,3.73,,United Kingdom
566603,DOT,DOTCOM POSTAGE,1,2011-09-13 16:12:00,122.65,,United Kingdom
567859,22751,FELTCRAFT PRINCESS OLIVIA DOLL,4,2011-09-22 13:51:00,3.75,12936.0,United Kingdom
568614,22355,CHARLOTTE BAG SUKI DESIGN,10,2011-09-28 11:26:00,0.85,13515.0,United Kingdom
565418,21755,LOVE BUILDING BLOCK WORD,3,2011-09-04 12:07:00,6.25,13576.0,United Kingdom
566757,21291,SMALL POLKADOT CHOCOLATE GIFT BAG ,1,2011-09-14 15:54:00,1.63,,United Kingdom
567928,23201,JUMBO BAG ALPHABET,10,2011-09-22 17:31:00,2.08,12380.0,Belgium
566561,21212,PACK OF 72 RETROSPOT CAKE CASES,24,2011-09-13 12:13:00,0.55,18145.0,United Kingdom
567184,21232,STRAWBERRY CERAMIC TRINKET BOX,2,2011-09-18 15:41:00,1.25,16033.0,United Kingdom
567192,11001,ASSTD DESIGN RACING CAR PEN,1,2011-09-19 09:20:00,1.69,17961.0,United Kingdom
C566758,22699,ROSES REGENCY TEACUP AND SAUCER ,-3,2011-09-14 16:05:00,2.95,14292.0,United Kingdom
566191,23237,SET OF 4 KNICK KNACK TINS LEAF,6,2011-09-09 13:26:00,4.15,14388.0,United Kingdom
566625,23401,RUSTIC MIRROR WITH LACE HEART,2,2011-09-14 09:38:00,6.25,14911.0,EIRE
565648,23177,TREASURE ISLAND BOOK BOX,2,2011-09-05 16:22:00,2.25,18196.0,United Kingdom
566873,22630,DOLLY GIRL LUNCH BOX,12,2011-09-15 13:31:00,1.95,12682.0,France
569374,20675,BLUE POLKADOT BOWL,7,2011-10-03 16:14:00,2.46,,United Kingdom
566787,84032B,CHARLIE + LOLA RED HOT WATER BOTTLE,4,2011-09-15 10:31:00,3.29,,United Kingdom
567189,23290,SPACEBOY CHILDRENS BOWL,16,2011-09-19 09:10:00,1.25,17069.0,United Kingdom
569202,22271,FELTCRAFT DOLL ROSIE,1,2011-09-30 17:22:00,5.79,,United Kingdom
567374,22411,JUMBO SHOPPER VINTAGE RED PAISLEY,100,2011-09-20 09:40:00,1.79,15341.0,United Kingdom
569124,21810,CHRISTMAS HANGING STAR WITH BELL,48,2011-09-30 13:15:00,0.39,15172.0,United Kingdom
568671,23354,6 GIFT TAGS 50'S CHRISTMAS ,24,2011-09-28 13:13:00,0.83,13139.0,United Kingdom
566233,23273,HEART T-LIGHT HOLDER WILLIE WINKIE,12,2011-09-11 11:04:00,1.65,12635.0,Germany
568908,23170,REGENCY TEA PLATE ROSES ,12,2011-09-29 13:38:00,1.65,16653.0,United Kingdom
568480,23396,LE JARDIN BOTANIQUE CUSHION COVER,4,2011-09-27 11:52:00,3.75,17490.0,United Kingdom
567656,22467,GUMBALL COAT RACK,1,2011-09-21 14:40:00,4.96,14096.0,United Kingdom
569137,22375,AIRLINE BAG VINTAGE JET SET BROWN,1,2011-09-30 14:45:00,8.29,,United Kingdom
567167,21654,RIDGED GLASS FINGER BOWL,4,2011-09-18 12:21:00,0.39,15547.0,United Kingdom
568709,23295,SET OF 12 MINI LOAF BAKING CASES,4,2011-09-28 15:42:00,0.83,15036.0,United Kingdom
567202,22086,PAPER CHAIN KIT 50'S CHRISTMAS ,40,2011-09-19 10:36:00,2.55,13325.0,United Kingdom
567474,82583,HOT BATHS METAL SIGN,4,2011-09-20 12:53:00,2.1,13448.0,United Kingdom
568188,21212,PACK OF 72 RETROSPOT CAKE CASES,1,2011-09-25 14:33:00,0.55,16049.0,United Kingdom
569261,22565,FELTCRAFT HAIRBANDS PINK AND WHITE ,4,2011-10-03 11:34:00,0.85,17321.0,United Kingdom
568536,21498,RED RETROSPOT WRAP ,50,2011-09-27 14:01:00,0.36,15061.0,United Kingdom
568049,23266,SET OF 3 WOODEN STOCKING DECORATION,2,2011-09-23 12:38:00,1.25,17841.0,United Kingdom
566060,22960,JAM MAKING SET WITH JARS,1,2011-09-08 15:27:00,8.29,,United Kingdom
569214,22546,MINI JIGSAW PURDEY,48,2011-10-02 12:22:00,0.42,14533.0,United Kingdom
568949,23240,SET OF 4 KNICK KNACK TINS DOILY ,1,2011-09-29 15:13:00,8.29,,United Kingdom
567656,22737,RIBBON REEL CHRISTMAS PRESENT ,2,2011-09-21 14:40:00,3.29,14096.0,United Kingdom
568995,22804,CANDLEHOLDER PINK HANGING HEART,6,2011-09-29 16:53:00,2.95,16779.0,United Kingdom
569372,22452,MEASURING TAPE BABUSHKA PINK,3,2011-10-03 16:04:00,1.63,,United Kingdom
566932,21733,RED HANGING HEART T-LIGHT HOLDER,1,2011-09-15 15:29:00,2.95,17576.0,United Kingdom
568901,15056BL,EDWARDIAN PARASOL BLACK,2,2011-09-29 13:22:00,5.95,15050.0,United Kingdom
568331,35471D,SET OF 3 BIRD LIGHT PINK FEATHER ,24,2011-09-26 14:25:00,0.39,16600.0,United Kingdom
568949,35970,ZINC FOLKART SLEIGH BELLS,1,2011-09-29 15:13:00,4.13,,United Kingdom
565779,21888,BINGO SET,4,2011-09-06 15:14:00,3.75,15804.0,United Kingdom
C567997,M,Manual,-1,2011-09-23 11:31:00,14.95,13097.0,United Kingdom
567662,22617,BAKING SET SPACEBOY DESIGN,2,2011-09-21 15:12:00,4.95,17758.0,United Kingdom
567429,22139,RETROSPOT TEA SET CERAMIC 11 PC ,3,2011-09-20 11:39:00,4.95,17686.0,United Kingdom
567656,20971,PINK BLUE FELT CRAFT TRINKET BOX,4,2011-09-21 14:40:00,2.46,14096.0,United Kingdom
569137,23301,GARDENERS KNEELING PAD KEEP CALM ,3,2011-09-30 14:45:00,3.29,,United Kingdom
569261,21429,RED GINGHAM ROSE JEWELLERY BOX,2,2011-10-03 11:34:00,1.95,17321.0,United Kingdom
566914,22735,RIBBON REEL SOCKS AND MITTENS,2,2011-09-15 14:08:00,1.65,15466.0,United Kingdom
568346,22676,FRENCH BLUE METAL DOOR SIGN 1,1,2011-09-26 15:28:00,2.46,14096.0,United Kingdom
567665,21356,TOAST ITS - FAIRY FLOWER,6,2011-09-21 15:22:00,0.83,,United Kingdom
568786,22729,ALARM CLOCK BAKELIKE ORANGE,4,2011-09-29 09:16:00,3.75,15144.0,United Kingdom
566562,22571,ROCKING HORSE RED CHRISTMAS ,12,2011-09-13 12:18:00,0.85,17365.0,United Kingdom
565766,21175,GIN + TONIC DIET METAL SIGN,1,2011-09-06 14:23:00,2.55,17841.0,United Kingdom
566073,21035,SET/2 RED RETROSPOT TEA TOWELS ,2,2011-09-08 19:58:00,3.25,14562.0,United Kingdom
565919,23125,6PC WOOD PLATE SET DISPOSABLE,1,2011-09-07 16:48:00,2.46,,United Kingdom
567310,21992,VINTAGE PAISLEY STATIONERY SET,3,2011-09-19 13:45:00,1.25,15504.0,United Kingdom
568207,82484,WOOD BLACK BOARD ANT WHITE FINISH,2,2011-09-25 15:34:00,7.95,15150.0,United Kingdom
569372,23344,JUMBO BAG 50'S CHRISTMAS ,2,2011-10-03 16:04:00,4.13,,United Kingdom
565841,85131B,BEADED CRYSTAL HEART GREEN ON STICK,1,2011-09-07 12:04:00,0.83,,United Kingdom
568719,20996,JAZZ HEARTS ADDRESS BOOK,1,2011-09-28 16:19:00,0.83,,United Kingdom
566361,85123A,WHITE HANGING HEART T-LIGHT HOLDER,12,2011-09-12 12:32:00,2.95,15253.0,United Kingdom
568716,22470,HEART OF WICKER LARGE,4,2011-09-28 16:13:00,3.29,,United Kingdom
566221,21385,IVORY HANGING DECORATION  HEART,6,2011-09-09 16:13:00,0.85,,United Kingdom
569026,23240,SET OF 4 KNICK KNACK TINS DOILY ,6,2011-09-30 10:18:00,4.15,16101.0,United Kingdom
568156,22687,DOORMAT CHRISTMAS VILLAGE,1,2011-09-25 12:16:00,8.25,14367.0,United Kingdom
567670,22915,ASSORTED BOTTLE TOP  MAGNETS ,6,2011-09-21 15:32:00,0.83,,United Kingdom
567962,22381,TOY TIDY PINK POLKADOT,100,2011-09-23 09:19:00,1.85,15838.0,United Kingdom
567179,21622,VINTAGE UNION JACK CUSHION COVER,2,2011-09-18 14:27:00,4.95,15547.0,United Kingdom
565461,22566,FELTCRAFT HAIRBAND PINK AND PURPLE,12,2011-09-05 09:34:00,0.85,18261.0,United Kingdom
568518,22727,ALARM CLOCK BAKELIKE RED ,4,2011-09-27 12:53:00,3.75,12680.0,France
568411,DOT,DOTCOM POSTAGE,1,2011-09-27 10:52:00,837.46,,United Kingdom
568780,22492,MINI PAINT SET VINTAGE ,36,2011-09-29 08:27:00,0.65,18235.0,United Kingdom
567164,46000S,POLYESTER FILLER PAD 40x40cm,4,2011-09-18 11:51:00,1.45,14487.0,United Kingdom
566585,21175,GIN + TONIC DIET METAL SIGN,12,2011-09-13 14:06:00,2.55,16409.0,United Kingdom
567656,85053,FRENCH ENAMEL CANDLEHOLDER,1,2011-09-21 14:40:00,4.13,14096.0,United Kingdom
566010,21914,BLUE HARMONICA IN BOX ,3,2011-09-08 12:05:00,1.25,13700.0,United Kingdom
566217,22076,6 RIBBONS EMPIRE  ,1,2011-09-09 15:17:00,1.25,14096.0,United Kingdom
569253,84879,ASSORTED COLOUR BIRD ORNAMENT,16,2011-10-03 10:55:00,1.69,13635.0,United Kingdom
565859,22413,METAL SIGN TAKE IT OR LEAVE IT ,6,2011-09-07 14:40:00,2.95,16818.0,United Kingdom
566017,21843,RED RETROSPOT CAKE STAND,1,2011-09-08 12:27:00,10.95,13330.0,United Kingdom
567428,23082,SET 6 PAPER TABLE LANTERN HEARTS ,18,2011-09-20 11:35:00,3.75,14911.0,EIRE
568064,23427,STOOL HOME SWEET HOME ,1,2011-09-23 13:42:00,12.5,14880.0,United Kingdom
568316,82552,WASHROOM METAL SIGN,3,2011-09-26 13:21:00,1.45,16407.0,United Kingdom
566281,22989,SET 2 PANTRY DESIGN TEA TOWELS,10,2011-09-11 14:15:00,3.25,12748.0,United Kingdom
566408,22537,MAGIC DRAWING SLATE DINOSAUR,1,2011-09-12 13:43:00,0.42,16984.0,United Kingdom
569253,22654,DELUXE SEWING KIT ,3,2011-10-03 10:55:00,5.95,13635.0,United Kingdom
C568879,23204,CHARLOTTE BAG APPLES DESIGN,-50,2011-09-29 12:38:00,0.72,14680.0,United Kingdom
567818,23412,HEART MIRROR ANTIQUE WHITE,2,2011-09-22 12:41:00,7.5,14395.0,United Kingdom
569022,23407,SET OF 2 TRAYS HOME SWEET HOME,2,2011-09-30 09:45:00,9.95,17725.0,United Kingdom
566571,23293,SET OF 12 FAIRY CAKE BAKING CASES,8,2011-09-13 12:49:00,0.83,17037.0,United Kingdom
568517,22276,WASH BAG VINTAGE ROSE PAISLEY,1,2011-09-27 12:52:00,2.55,14456.0,United Kingdom
565847,82482,WOODEN PICTURE FRAME WHITE FINISH,3,2011-09-07 12:44:00,4.96,,United Kingdom
567461,21238,RED RETROSPOT CUP,2,2011-09-20 12:31:00,1.63,,United Kingdom
569327,23424,GINGHAM RECIPE BOOK BOX,4,2011-10-03 12:47:00,4.95,15091.0,United Kingdom
566860,21889,WOODEN BOX OF DOMINOES,12,2011-09-15 12:40:00,1.25,17002.0,United Kingdom
565450,84968C,SET OF 16 VINTAGE PISTACHIO CUTLERY,1,2011-09-04 15:22:00,12.75,17722.0,United Kingdom
566291,22720,SET OF 3 CAKE TINS PANTRY DESIGN ,2,2011-09-11 15:31:00,4.95,12965.0,United Kingdom
567908,23439,HAND WARMER RED LOVE HEART,12,2011-09-22 16:48:00,2.1,18172.0,United Kingdom
569123,21693,SMALL HAMMERED SILVER CANDLEPOT ,6,2011-09-30 13:09:00,2.95,12748.0,United Kingdom
569246,85039B,S/4 IVORY MINI ROSE CANDLE IN BOWL,1,2011-10-03 09:57:00,1.63,14096.0,United Kingdom
568898,21876,POTTERING MUG,12,2011-09-29 13:17:00,1.25,13354.0,United Kingdom
566612,23313,VINTAGE CHRISTMAS BUNTING,10,2011-09-13 17:16:00,4.95,16229.0,United Kingdom
565541,21791,VINTAGE HEADS AND TAILS CARD GAME ,4,2011-09-05 12:00:00,1.25,14159.0,United Kingdom
565411,85049E,SCANDINAVIAN REDS RIBBONS,2,2011-09-04 11:22:00,1.25,13772.0,United Kingdom
567866,22079,RIBBON REEL HEARTS DESIGN ,3,2011-09-22 14:13:00,1.65,16669.0,United Kingdom
565726,23286,BLUE VINTAGE SPOT BEAKER,8,2011-09-06 11:58:00,0.85,14360.0,United Kingdom
568950,23433,HANGING QUILTED PATCHWORK APPLES,12,2011-09-29 15:25:00,0.83,12458.0,Switzerland
565611,22910,PAPER CHAIN KIT VINTAGE CHRISTMAS,12,2011-09-05 14:57:00,2.95,14849.0,United Kingdom
568013,22491,PACK OF 12 COLOURED PENCILS,12,2011-09-23 11:39:00,0.85,17480.0,United Kingdom
568868,23274,STAR T-LIGHT HOLDER WILLIE WINKIE,12,2011-09-29 12:00:00,1.65,12957.0,United Kingdom
568910,21790,VINTAGE SNAP CARDS,12,2011-09-29 13:39:00,0.85,16574.0,United Kingdom
569104,21425,SKULLS STORAGE BOX LARGE,6,2011-09-30 12:30:00,2.95,15287.0,United Kingdom
569220,22792,FLUTED ANTIQUE CANDLE HOLDER,6,2011-10-02 13:26:00,0.85,16007.0,United Kingdom
569325,23268,SET OF 2 CERAMIC CHRISTMAS REINDEER,6,2011-10-03 12:41:00,1.45,16774.0,United Kingdom
568327,22191,IVORY DINER WALL CLOCK,2,2011-09-26 14:02:00,8.5,15492.0,United Kingdom
566275,21041,RED RETROSPOT OVEN GLOVE DOUBLE,1,2011-09-11 13:58:00,2.95,16549.0,United Kingdom
566060,22597,MUSICAL ZINC HEART DECORATION ,1,2011-09-08 15:27:00,1.63,,United Kingdom
566033,22082,RIBBON REEL STRIPES DESIGN ,5,2011-09-08 13:07:00,1.65,16031.0,United Kingdom
565932,84949,SILVER HANGING T-LIGHT HOLDER,6,2011-09-08 10:35:00,1.65,16418.0,United Kingdom
568154,22578,WOODEN STAR CHRISTMAS SCANDINAVIAN,18,2011-09-25 12:06:00,0.29,13787.0,United Kingdom
566441,22424,ENAMEL BREAD BIN CREAM,1,2011-09-12 15:23:00,12.75,17719.0,United Kingdom
566017,22211,WOOD STAMP SET FLOWERS,12,2011-09-08 12:27:00,0.83,13330.0,United Kingdom
567673,22566,FELTCRAFT HAIRBAND PINK AND PURPLE,10,2011-09-21 15:43:00,1.63,,United Kingdom
568411,84029G,KNITTED UNION FLAG HOT WATER BOTTLE,3,2011-09-27 10:52:00,8.29,,United Kingdom
568614,23322,LARGE WHITE HEART OF WICKER,6,2011-09-28 11:26:00,2.95,13515.0,United Kingdom
565677,21731,RED TOADSTOOL LED NIGHT LIGHT,12,2011-09-06 10:04:00,1.65,15521.0,United Kingdom
565475,84991,60 TEATIME FAIRY CAKE CASES,240,2011-09-05 10:47:00,0.42,14156.0,EIRE
566195,22771,CLEAR DRAWER KNOB ACRYLIC EDWARDIAN,12,2011-09-09 13:44:00,1.25,12433.0,Norway
568411,23243,SET OF TEA COFFEE SUGAR TINS PANTRY,1,2011-09-27 10:52:00,10.79,,United Kingdom
566446,85049H,URBAN BLACK RIBBONS ,1,2011-09-12 15:40:00,0.83,,United Kingdom
567368,22759,SET OF 3 NOTEBOOKS IN PARCEL,12,2011-09-20 08:23:00,1.65,17147.0,United Kingdom
566622,23083,SET 6 PAPER TABLE LANTERN STARS ,6,2011-09-14 09:27:00,3.75,13860.0,United Kingdom
568989,23199,JUMBO BAG APPLES,10,2011-09-29 16:41:00,2.08,14709.0,United Kingdom
565795,22023,EMPIRE BIRTHDAY CARD,12,2011-09-07 09:57:00,0.42,17481.0,United Kingdom
565430,22371,AIRLINE BAG VINTAGE TOKYO 78,4,2011-09-04 13:07:00,4.25,14335.0,Germany
565930,23242,TREASURE TIN BUFFALO BILL ,6,2011-09-08 10:32:00,2.08,12685.0,France
567866,23298,SPOTTY BUNTING,2,2011-09-22 14:13:00,4.95,16669.0,United Kingdom
567164,79030D,TUMBLER BAROQUE,6,2011-09-18 11:51:00,0.39,14487.0,United Kingdom
565927,84843,WHITE SOAP RACK WITH 2 BOTTLES,4,2011-09-08 10:08:00,5.95,,EIRE
568057,21558,SKULL LUNCH BOX WITH CUTLERY ,1,2011-09-23 12:56:00,4.96,,United Kingdom
566449,20856,??,-140,2011-09-12 16:07:00,0.0,,United Kingdom
568831,82552,WASHROOM METAL SIGN,2,2011-09-29 11:35:00,1.45,16059.0,United Kingdom
568567,22337,ANGEL DECORATION PAINTED ZINC ,2,2011-09-27 18:41:00,0.63,,United Kingdom
565417,21238,RED RETROSPOT CUP,16,2011-09-04 12:04:00,0.85,15738.0,United Kingdom
566073,21756,BATH BUILDING BLOCK WORD,3,2011-09-08 19:58:00,6.25,14562.0,United Kingdom
566274,21175,GIN + TONIC DIET METAL SIGN,4,2011-09-11 13:58:00,2.55,13884.0,United Kingdom
566934,48129,DOORMAT TOPIARY,300,2011-09-15 15:34:00,4.58,18102.0,United Kingdom
567461,20728,LUNCH BAG CARS BLUE,9,2011-09-20 12:31:00,4.96,,United Kingdom
568135,21804,WHITE CHRISTMAS GARLAND STARS TREES,2,2011-09-23 17:04:00,3.29,,United Kingdom
566491,22904,CALENDAR PAPER CUT DESIGN,12,2011-09-13 10:25:00,2.95,14060.0,United Kingdom
568048,23198,PANTRY MAGNETIC  SHOPPING LIST,12,2011-09-23 12:36:00,1.45,14911.0,EIRE
567382,21328,BALLOONS  WRITING SET ,12,2011-09-20 10:18:00,1.65,16215.0,United Kingdom
566277,23293,SET OF 12 FAIRY CAKE BAKING CASES,8,2011-09-11 14:01:00,0.83,16796.0,United Kingdom
565971,23322,LARGE WHITE HEART OF WICKER,4,2011-09-08 11:27:00,2.95,13571.0,United Kingdom
569129,22138,BAKING SET 9 PIECE RETROSPOT ,1,2011-09-30 13:40:00,4.95,15034.0,United Kingdom
568719,22310,IVORY KNITTED MUG COSY ,1,2011-09-28 16:19:00,3.29,,United Kingdom
567672,21288,STRIPEY CHOCOLATE NESTING BOXES,2,2011-09-21 15:39:00,2.95,16085.0,United Kingdom
566283,21166,COOK WITH WINE METAL SIGN ,12,2011-09-11 14:34:00,2.08,17838.0,United Kingdom
568517,21992,VINTAGE PAISLEY STATIONERY SET,1,2011-09-27 12:52:00,1.25,14456.0,United Kingdom
566314,23353,6 GIFT TAGS VINTAGE CHRISTMAS ,12,2011-09-12 09:57:00,0.83,15358.0,United Kingdom
567670,22497,SET OF 2 TINS VINTAGE BATHROOM ,1,2011-09-21 15:32:00,8.29,,United Kingdom
567183,21314,SMALL GLASS HEART TRINKET POT,4,2011-09-18 15:33:00,2.1,14769.0,United Kingdom
568156,85045,GREEN CHRISTMAS TREE STRING 20LIGHT,1,2011-09-25 12:16:00,4.95,14367.0,United Kingdom
567304,82494L,WOODEN FRAME ANTIQUE WHITE ,2,2011-09-19 13:27:00,2.95,14704.0,United Kingdom
566085,21930,JUMBO STORAGE BAG SKULLS,1,2011-09-09 10:12:00,2.08,17841.0,United Kingdom
568919,47590B,PINK HAPPY BIRTHDAY BUNTING,2,2011-09-29 14:38:00,5.45,12937.0,United Kingdom
566582,22904,CALENDAR PAPER CUT DESIGN,6,2011-09-13 13:49:00,2.95,13384.0,United Kingdom
566603,22355,CHARLOTTE BAG SUKI DESIGN,3,2011-09-13 16:12:00,0.85,,United Kingdom
568369,22834,HAND WARMER BABUSHKA DESIGN,2,2011-09-26 16:15:00,2.1,16710.0,United Kingdom
567795,21222,SET/4 BADGES BEETLES,10,2011-09-22 11:44:00,1.25,14646.0,Netherlands
565682,21581,SKULLS  DESIGN  COTTON TOTE BAG,1,2011-09-06 10:42:00,2.25,14796.0,United Kingdom
565434,22661,CHARLOTTE BAG DOLLY GIRL DESIGN,5,2011-09-04 13:35:00,0.85,12867.0,United Kingdom
568528,22865,HAND WARMER OWL DESIGN,12,2011-09-27 13:32:00,2.1,13979.0,United Kingdom
567367,17012A,,-86,2011-09-19 17:15:00,0.0,,United Kingdom
567660,23354,6 GIFT TAGS 50'S CHRISTMAS ,12,2011-09-21 15:02:00,0.83,17731.0,United Kingdom
566164,35970,ZINC FOLKART SLEIGH BELLS,1,2011-09-09 11:56:00,4.13,,United Kingdom
C565925,POST,POSTAGE,-1,2011-09-08 10:02:00,18.0,12471.0,Germany
569202,22167, OVAL WALL MIRROR DIAMANTE ,1,2011-09-30 17:22:00,8.29,,United Kingdom
568591,21930,JUMBO STORAGE BAG SKULLS,10,2011-09-28 10:39:00,2.08,17088.0,United Kingdom
566726,23329,DECORATIVE WICKER HEART LARGE,2,2011-09-14 13:12:00,1.65,15021.0,United Kingdom
568161,22731,3D CHRISTMAS STAMPS STICKERS ,1,2011-09-25 12:31:00,1.25,15860.0,United Kingdom
565801,22386,JUMBO BAG PINK POLKADOT,10,2011-09-07 10:28:00,2.08,12685.0,France
565917,72817,SET OF 2 CHRISTMAS DECOUPAGE CANDLE,2,2011-09-07 16:15:00,1.63,,United Kingdom
566442,22169,FAMILY ALBUM WHITE PICTURE FRAME,2,2011-09-12 15:29:00,8.5,14732.0,United Kingdom
565588,20728,LUNCH BAG CARS BLUE,2,2011-09-05 13:50:00,1.65,16918.0,United Kingdom
566400,20725,LUNCH BAG RED RETROSPOT,10,2011-09-12 13:16:00,1.65,17139.0,United Kingdom
568048,22951,60 CAKE CASES DOLLY GIRL DESIGN,24,2011-09-23 12:36:00,0.55,14911.0,EIRE
566968,22470,HEART OF WICKER LARGE,6,2011-09-15 18:49:00,2.95,16350.0,United Kingdom
568472,21156,RETROSPOT CHILDRENS APRON,8,2011-09-27 11:50:00,1.95,12517.0,Germany
568938,23324,RUSTIC STRAWBERRY JAM POT LARGE ,8,2011-09-29 14:46:00,2.08,17220.0,United Kingdom
566190,22361,GLASS JAR DAISY FRESH COTTON WOOL,1,2011-09-09 13:20:00,2.95,12748.0,United Kingdom
567798,22470,HEART OF WICKER LARGE,12,2011-09-22 12:00:00,2.95,13089.0,United Kingdom
567475,22141,CHRISTMAS CRAFT TREE TOP ANGEL,3,2011-09-20 13:11:00,2.1,16360.0,United Kingdom
569247,23101,SILVER STARS TABLE DECORATION,48,2011-10-03 10:08:00,0.83,17924.0,United Kingdom
566033,22196,SMALL HEART MEASURING SPOONS,1,2011-09-08 13:07:00,0.85,16031.0,United Kingdom
566219,20713,JUMBO BAG OWLS,10,2011-09-09 15:51:00,2.08,17426.0,United Kingdom
567665,21123,SET/10 IVORY POLKADOT PARTY CANDLES,1,2011-09-21 15:22:00,0.83,,United Kingdom
567670,21260,FIRST AID TIN,2,2011-09-21 15:32:00,6.63,,United Kingdom
567280,22294,HEART FILIGREE DOVE  SMALL,288,2011-09-19 11:46:00,1.06,14646.0,Netherlands
569129,22561,WOODEN SCHOOL COLOURING SET,2,2011-09-30 13:40:00,1.65,15034.0,United Kingdom
569137,22131,FOOD CONTAINER SET 3 LOVE HEART ,3,2011-09-30 14:45:00,4.13,,United Kingdom
567851,23229,DONKEY TAIL GAME ,6,2011-09-22 13:20:00,3.75,15067.0,United Kingdom
569211,90010E,AMBER GLASS/SILVER BRACELET,2,2011-10-02 12:04:00,8.95,15774.0,United Kingdom
566282,21908,CHOCOLATE THIS WAY METAL SIGN,12,2011-09-11 14:29:00,2.1,15782.0,United Kingdom
567167,22116,METAL SIGN HIS DINNER IS SERVED,4,2011-09-18 12:21:00,0.79,15547.0,United Kingdom
567883,23160,REGENCY TEA SPOON,12,2011-09-22 15:03:00,1.25,12906.0,United Kingdom
565853,21519,GIN & TONIC DIET GREETING CARD ,12,2011-09-07 13:19:00,0.42,13756.0,United Kingdom
565432,22091,EMPIRE TISSUE BOX,2,2011-09-04 13:16:00,0.39,16241.0,United Kingdom
568134,22315,200 RED + WHITE BENDY STRAWS,1,2011-09-23 17:02:00,2.46,,United Kingdom
565918,23401,RUSTIC MIRROR WITH LACE HEART,1,2011-09-07 16:27:00,6.25,13249.0,United Kingdom
569329,22326,ROUND SNACK BOXES SET OF4 WOODLAND ,6,2011-10-03 13:03:00,2.95,17652.0,United Kingdom
567306,22417,PACK OF 60 SPACEBOY CAKE CASES,24,2011-09-19 13:32:00,0.55,12752.0,Norway
567803,23093,SMALL PARISIENNE HEART PHOTO FRAME ,144,2011-09-22 12:11:00,1.64,18102.0,United Kingdom
569222,21034,REX CASH+CARRY JUMBO SHOPPER,2,2011-10-02 13:46:00,0.95,15906.0,United Kingdom
567661,22904,CALENDAR PAPER CUT DESIGN,2,2011-09-21 15:06:00,2.95,13959.0,United Kingdom
566233,22303,COFFEE MUG APPLES DESIGN,6,2011-09-11 11:04:00,2.55,12635.0,Germany
569372,22106,MIRROR MOSAIC HURRICANE LAMP ,1,2011-10-03 16:04:00,4.96,,United Kingdom
568061,23356,LOVE HOT WATER BOTTLE,1,2011-09-23 13:12:00,5.95,16910.0,United Kingdom
567656,20723,STRAWBERRY CHARLOTTE BAG,3,2011-09-21 14:40:00,1.63,14096.0,United Kingdom
566312,20866,BLUE ROSE FABRIC MIRROR,12,2011-09-12 09:43:00,1.25,16150.0,United Kingdom
567668,23424,GINGHAM RECIPE BOOK BOX,1,2011-09-21 15:29:00,10.79,,United Kingdom
566914,23256,CHILDRENS CUTLERY SPACEBOY ,2,2011-09-15 14:08:00,4.15,15466.0,United Kingdom
569372,21791,VINTAGE HEADS AND TAILS CARD GAME ,1,2011-10-03 16:04:00,2.46,,United Kingdom
567183,22628,PICNIC BOXES SET OF 3 RETROSPOT ,1,2011-09-18 15:32:00,4.95,14769.0,United Kingdom
567637,23423,PANTRY 3 HOOK ROLLING PIN HANGER,6,2011-09-21 13:57:00,3.75,17865.0,United Kingdom
568716,23365,SET 12 COLOUR PENCILS LOVE LONDON,1,2011-09-28 16:13:00,1.25,,United Kingdom
565841,23329,DECORATIVE WICKER HEART LARGE,1,2011-09-07 12:04:00,3.29,,United Kingdom
568196,23366,SET 12 COLOURING PENCILS DOILY,32,2011-09-25 14:44:00,0.65,16705.0,United Kingdom
567672,23331,DECORATIVE WICKER HEART SMALL,4,2011-09-21 15:39:00,0.63,16085.0,United Kingdom
565919,21080,SET/20 RED RETROSPOT PAPER NAPKINS ,1,2011-09-07 16:48:00,1.63,,United Kingdom
566851,22989,SET 2 PANTRY DESIGN TEA TOWELS,1,2011-09-15 12:16:00,3.25,15573.0,United Kingdom
568163,23091,ZINC HERB GARDEN CONTAINER,2,2011-09-25 12:34:00,6.25,14540.0,United Kingdom
566061,23029,DRAWER KNOB CRACKLE GLAZE GREEN,12,2011-09-08 15:36:00,1.65,13267.0,United Kingdom
566647,23119,PACK OF 6 LARGE FRUIT STRAWS ,1,2011-09-14 11:21:00,0.62,18001.0,United Kingdom
567700,23243,SET OF TEA COFFEE SUGAR TINS PANTRY,4,2011-09-22 09:33:00,4.95,16379.0,United Kingdom
566397,21181,PLEASE ONE PERSON METAL SIGN,2,2011-09-12 12:54:00,2.1,17811.0,United Kingdom
567085,23395,BELLE JARDINIERE CUSHION COVER,4,2011-09-16 12:38:00,3.75,12434.0,Australia
566577,23196,VINTAGE LEAF MAGNETIC NOTEPAD,1,2011-09-13 13:29:00,3.29,,United Kingdom
567164,84876B,GREEN HEART COMPACT MIRROR,2,2011-09-18 11:51:00,1.25,14487.0,United Kingdom
568408,22423,REGENCY CAKESTAND 3 TIER,6,2011-09-27 10:40:00,24.96,,United Kingdom
568995,72741,GRAND CHOCOLATECANDLE,72,2011-09-29 16:53:00,1.25,16779.0,United Kingdom
569263,82583,HOT BATHS METAL SIGN,216,2011-10-03 11:37:00,1.49,18102.0,United Kingdom
568310,23198,PANTRY MAGNETIC  SHOPPING LIST,12,2011-09-26 12:48:00,1.45,14911.0,EIRE
567170,22909,SET OF 20 VINTAGE CHRISTMAS NAPKINS,3,2011-09-18 12:40:00,0.85,13566.0,United Kingdom
566225,84991,60 TEATIME FAIRY CAKE CASES,1,2011-09-11 10:35:00,0.55,16899.0,United Kingdom
568075,21821,GLITTER STAR GARLAND WITH BELLS ,6,2011-09-23 14:21:00,3.75,14652.0,United Kingdom
566395,23175,REGENCY MILK JUG PINK ,12,2011-09-12 12:48:00,3.25,14952.0,United Kingdom
567378,22489,PACK OF 12 TRADITIONAL CRAYONS,24,2011-09-20 10:01:00,0.42,14911.0,EIRE
566081,22191,IVORY DINER WALL CLOCK,2,2011-09-09 10:09:00,8.5,16293.0,United Kingdom
569220,84992,72 SWEETHEART FAIRY CAKE CASES,2,2011-10-02 13:26:00,0.55,16007.0,United Kingdom
566726,22593,CHRISTMAS GINGHAM STAR,1,2011-09-14 13:12:00,0.85,15021.0,United Kingdom
569136,22161,HEART DECORATION RUSTIC HANGING ,10,2011-09-30 14:41:00,0.19,15834.0,United Kingdom
568177,23355,HOT WATER BOTTLE KEEP CALM,4,2011-09-25 13:30:00,4.95,13536.0,United Kingdom
566060,20696,FLORAL SOFT CAR TOY,1,2011-09-08 15:27:00,7.46,,United Kingdom
566518,21156,RETROSPOT CHILDRENS APRON,3,2011-09-13 11:24:00,1.95,17779.0,United Kingdom
C568416,22193,RED DINER WALL CLOCK,-1,2011-09-27 11:08:00,7.65,14866.0,United Kingdom
567661,82011B,BATHROOM SCALES RUBBER DUCKS,1,2011-09-21 15:06:00,3.75,13959.0,United Kingdom
566477,23013,GLASS APOTHECARY BOTTLE TONIC,4,2011-09-13 09:03:00,3.95,14359.0,United Kingdom
566891,84029E,RED WOOLLY HOTTIE WHITE HEART.,8,2011-09-15 13:51:00,4.25,14894.0,United Kingdom
569246,22419,LIPSTICK PEN RED,12,2011-10-03 09:57:00,0.83,14096.0,United Kingdom
C568879,22771,CLEAR DRAWER KNOB ACRYLIC EDWARDIAN,-14,2011-09-29 12:38:00,1.25,14680.0,United Kingdom
565794,85099F,JUMBO BAG STRAWBERRY,100,2011-09-07 09:45:00,1.79,16029.0,United Kingdom
566720,22696,WICKER WREATH LARGE,4,2011-09-14 12:42:00,1.95,13634.0,United Kingdom
565450,22726,ALARM CLOCK BAKELIKE GREEN,4,2011-09-04 15:22:00,3.75,17722.0,United Kingdom
566261,82494L,WOODEN FRAME ANTIQUE WHITE ,6,2011-09-11 12:46:00,2.95,13372.0,United Kingdom
566295,85152,HAND OVER THE CHOCOLATE   SIGN ,1,2011-09-11 15:44:00,2.1,15547.0,United Kingdom
568069,22748,POPPY'S PLAYHOUSE KITCHEN,6,2011-09-23 14:05:00,2.1,13336.0,United Kingdom
569205,22624,IVORY KITCHEN SCALES,1,2011-10-02 10:55:00,8.5,16923.0,United Kingdom
567542,22627,MINT KITCHEN SCALES,2,2011-09-21 10:16:00,8.5,16626.0,United Kingdom
566005,23403,LETTER HOLDER HOME SWEET HOME,4,2011-09-08 11:56:00,3.75,16426.0,United Kingdom
568174,23245,SET OF 3 REGENCY CAKE TINS,1,2011-09-25 13:23:00,4.95,16261.0,United Kingdom
565445,23080,RED METAL BOX TOP SECRET,1,2011-09-04 14:50:00,8.25,13548.0,United Kingdom
567297,23407,SET OF 2 TRAYS HOME SWEET HOME,2,2011-09-19 12:27:00,9.95,15594.0,United Kingdom
566315,85071C,"CHARLIE+LOLA""EXTREMELY BUSY"" SIGN",24,2011-09-12 10:01:00,0.39,15392.0,United Kingdom
568227,23206,LUNCH BAG APPLE DESIGN,1,2011-09-26 10:57:00,1.65,17841.0,United Kingdom
566577,23287,RED VINTAGE SPOT BEAKER,1,2011-09-13 13:29:00,1.63,,United Kingdom
567509,21977,PACK OF 60 PINK PAISLEY CAKE CASES,24,2011-09-20 14:51:00,0.42,14298.0,United Kingdom
567128,21508,VINTAGE KID DOLLY CARD ,12,2011-09-16 14:04:00,0.42,18055.0,United Kingdom
565841,85087,CANDY SPOT CUSHION COVER,1,2011-09-07 12:04:00,3.29,,United Kingdom
566200,82580,BATHROOM METAL SIGN,1,2011-09-09 14:14:00,0.55,16910.0,United Kingdom
569372,23367,SET 12 COLOUR PENCILS SPACEBOY ,1,2011-10-03 16:04:00,1.25,,United Kingdom
567182,22570,FELTCRAFT CUSHION RABBIT,2,2011-09-18 15:21:00,3.75,13334.0,United Kingdom
567899,21975,PACK OF 60 DINOSAUR CAKE CASES,24,2011-09-22 16:26:00,0.55,14911.0,EIRE
569231,20956,PORCELAIN T-LIGHT HOLDERS ASSORTED,5,2011-10-02 15:18:00,1.25,13379.0,United Kingdom
565451,23255,CHILDRENS CUTLERY CIRCUS PARADE,4,2011-09-04 15:37:00,4.15,15365.0,United Kingdom
567504,84992,72 SWEETHEART FAIRY CAKE CASES,24,2011-09-20 14:33:00,0.55,13356.0,United Kingdom
567170,22908,PACK OF 20 NAPKINS RED APPLES,2,2011-09-18 12:40:00,0.85,13566.0,United Kingdom
565766,22692,DOORMAT WELCOME TO OUR HOME,1,2011-09-06 14:23:00,8.25,17841.0,United Kingdom
566296,84997C,CHILDRENS CUTLERY POLKADOT BLUE,1,2011-09-11 15:47:00,4.15,17841.0,United Kingdom
565840,22378,WALL TIDY RETROSPOT ,1,2011-09-07 12:02:00,4.13,,United Kingdom
566241,72351B,SET/6 PINK  BUTTERFLY T-LIGHTS,144,2011-09-11 11:30:00,1.69,15939.0,United Kingdom
569236,22161,HEART DECORATION RUSTIC HANGING ,4,2011-10-02 15:49:00,0.19,14432.0,United Kingdom
566008,21163,DO NOT TOUCH MY STUFF DOOR HANGER ,5,2011-09-08 12:04:00,0.39,16426.0,United Kingdom
569358,23247,BISCUIT TIN 50'S CHRISTMAS,6,2011-10-03 14:53:00,2.89,18257.0,United Kingdom
566787,85099B,JUMBO BAG RED RETROSPOT,12,2011-09-15 10:31:00,4.13,,United Kingdom
568346,22620,4 TRADITIONAL SPINNING TOPS,1,2011-09-26 15:28:00,2.46,14096.0,United Kingdom
566482,20996,JAZZ HEARTS ADDRESS BOOK,24,2011-09-13 09:43:00,0.19,16609.0,United Kingdom
568061,20711,JUMBO BAG TOYS ,1,2011-09-23 13:12:00,2.08,16910.0,United Kingdom
568829,23349,ROLL WRAP VINTAGE CHRISTMAS,12,2011-09-29 11:33:00,1.25,17633.0,United Kingdom
569143,22179,SET 10 NIGHT OWL LIGHTS,1,2011-09-30 15:04:00,6.75,15867.0,United Kingdom
566301,20726,LUNCH BAG WOODLAND,1,2011-09-11 16:06:00,1.65,16474.0,United Kingdom
565542,22652,TRAVEL SEWING KIT,10,2011-09-05 12:06:00,1.65,16820.0,United Kingdom
565726,22699,ROSES REGENCY TEACUP AND SAUCER ,6,2011-09-06 11:58:00,2.95,14360.0,United Kingdom
569037,21070,VINTAGE BILLBOARD MUG ,2,2011-09-30 10:45:00,1.25,13263.0,United Kingdom
566949,22165,"DIAMANTE HEART SHAPED WALL MIRROR, ",1,2011-09-15 16:32:00,10.79,,United Kingdom
566562,22601,CHRISTMAS RETROSPOT ANGEL WOOD,12,2011-09-13 12:18:00,0.85,17365.0,United Kingdom
568701,22617,BAKING SET SPACEBOY DESIGN,3,2011-09-28 15:07:00,4.95,13924.0,United Kingdom
567509,22948,METAL DECORATION NAUGHTY CHILDREN ,24,2011-09-20 14:51:00,0.72,14298.0,United Kingdom
565519,21429,RED GINGHAM ROSE JEWELLERY BOX,8,2011-09-05 11:52:00,1.95,12502.0,Spain
569020,48138,DOORMAT UNION FLAG,6,2011-09-30 09:39:00,8.25,15321.0,United Kingdom
566013,22734,SET OF 6 RIBBONS VINTAGE CHRISTMAS,1,2011-09-08 12:16:00,2.89,17004.0,United Kingdom
566434,20838,FRENCH LATTICE CUSHION COVER ,6,2011-09-12 15:01:00,0.85,17090.0,United Kingdom
568411,21976,PACK OF 60 MUSHROOM CAKE CASES,1,2011-09-27 10:52:00,2.08,,United Kingdom
565919,90161D,ANT COPPER PINK BOUDICCA BRACELET,1,2011-09-07 16:48:00,4.98,,United Kingdom
568583,21935,SUKI  SHOULDER BAG,1,2011-09-28 10:09:00,1.65,15584.0,United Kingdom
566278,22624,IVORY KITCHEN SCALES,2,2011-09-11 14:05:00,8.5,13614.0,United Kingdom
567954,21509,COWBOYS AND INDIANS BIRTHDAY CARD ,12,2011-09-23 08:30:00,0.42,13004.0,United Kingdom
567818,21733,RED HANGING HEART T-LIGHT HOLDER,4,2011-09-22 12:41:00,2.95,14395.0,United Kingdom
566267,21154,RED RETROSPOT OVEN GLOVE ,20,2011-09-11 13:32:00,1.25,12647.0,Germany
565420,21749,LARGE RED RETROSPOT WINDMILL,2,2011-09-04 12:09:00,2.1,16326.0,United Kingdom
566297,20893,HANGING BAUBLE T-LIGHT HOLDER SMALL,1,2011-09-11 15:50:00,2.55,16794.0,United Kingdom
567915,21563,RED HEART SHAPE LOVE BUCKET ,6,2011-09-22 17:15:00,2.95,12579.0,France
567866,84997C,CHILDRENS CUTLERY POLKADOT BLUE,2,2011-09-22 14:13:00,4.15,16669.0,United Kingdom
567671,22607,WOODEN ROUNDERS GARDEN SET ,1,2011-09-21 15:34:00,16.63,,United Kingdom
571931,22754,SMALL RED BABUSHKA NOTEBOOK ,1,2011-10-19 16:59:00,1.63,,United Kingdom
570095,37448,CERAMIC CAKE DESIGN SPOTTED MUG,12,2011-10-07 11:57:00,1.49,12528.0,Germany
569402,22555,PLASTERS IN TIN STRONGMAN,12,2011-10-04 09:00:00,1.65,12413.0,France
570258,21428,SET3 BOOK BOX GREEN GINGHAM FLOWER ,1,2011-10-10 09:56:00,8.29,,United Kingdom
572333,22273,FELTCRAFT DOLL MOLLY,6,2011-10-24 10:23:00,2.95,13704.0,United Kingdom
572652,22411,JUMBO SHOPPER VINTAGE RED PAISLEY,10,2011-10-25 12:11:00,2.08,15805.0,United Kingdom
570197,22383,LUNCH BAG SUKI DESIGN ,1,2011-10-07 15:45:00,1.65,13755.0,United Kingdom
573179,23541,WALL ART CLASSIC PUDDINGS ,24,2011-10-28 10:56:00,7.45,13199.0,United Kingdom
569661,23133,LARGE IVORY HEART WALL ORGANISER,2,2011-10-05 13:10:00,8.25,17483.0,United Kingdom
572219,72807A,SET/3 ROSE CANDLE IN JEWELLED BOX,1,2011-10-21 13:17:00,4.25,17463.0,United Kingdom
572668,21327,SKULLS WRITING SET ,1,2011-10-25 13:07:00,1.65,18045.0,United Kingdom
572309,22065,CHRISTMAS PUDDING TRINKET POT ,12,2011-10-23 15:29:00,0.39,14432.0,United Kingdom
569833,21902,"KEY FOB , FRONT  DOOR ",24,2011-10-06 12:56:00,0.65,15306.0,United Kingdom
569488,22111,SCOTTIE DOG HOT WATER BOTTLE,3,2011-10-04 13:10:00,4.95,16440.0,United Kingdom
570791,22199,FRYING PAN RED RETROSPOT,1,2011-10-12 11:58:00,4.25,17346.0,United Kingdom
571653,23119,PACK OF 6 LARGE FRUIT STRAWS ,48,2011-10-18 12:17:00,0.53,14298.0,United Kingdom
570488,21985,PACK OF 12 HEARTS DESIGN TISSUES ,2,2011-10-10 17:12:00,0.83,14096.0,United Kingdom
572030,84988,SET OF 72 PINK HEART PAPER DOILIES,12,2011-10-20 11:51:00,1.45,14923.0,United Kingdom
570267,22361,GLASS JAR DAISY FRESH COTTON WOOL,6,2011-10-10 10:13:00,2.95,12682.0,France
570242,21261,GREEN GOOSE FEATHER CHRISTMAS TREE ,2,2011-10-09 15:40:00,2.95,16380.0,United Kingdom
569827,23207,LUNCH BAG ALPHABET DESIGN,10,2011-10-06 12:26:00,1.65,13591.0,United Kingdom
570521,21479,WHITE SKULL HOT WATER BOTTLE ,4,2011-10-11 10:43:00,4.25,12371.0,Switzerland
569460,23493,VINTAGE DOILY TRAVEL SEWING KIT,10,2011-10-04 11:33:00,1.95,13895.0,United Kingdom
570488,21112,SWISS ROLL TOWEL PINK  SPOTS,2,2011-10-10 17:12:00,5.79,14096.0,United Kingdom
570410,22095,LADS ONLY TISSUE BOX,1,2011-10-10 13:04:00,0.39,16776.0,United Kingdom
571411,23096,PETIT TRAY CHIC,12,2011-10-17 12:33:00,1.65,17858.0,United Kingdom
572553,23209,LUNCH BAG VINTAGE DOILY ,1,2011-10-24 17:09:00,4.13,,United Kingdom
571684,20668,DISCO BALL CHRISTMAS DECORATION,12,2011-10-18 14:11:00,0.12,16730.0,United Kingdom
572229,22697,GREEN REGENCY TEACUP AND SAUCER,6,2011-10-21 14:23:00,2.95,14329.0,United Kingdom
571905,20970,PINK FLORAL FELTCRAFT SHOULDER BAG,4,2011-10-19 14:51:00,3.75,12370.0,Cyprus
572190,23203,JUMBO BAG VINTAGE DOILY ,1,2011-10-21 11:16:00,2.08,,United Kingdom
571257,85099C,JUMBO  BAG BAROQUE BLACK WHITE,1,2011-10-14 17:17:00,4.13,,United Kingdom
569726,22189,CREAM HEART CARD HOLDER,8,2011-10-06 09:36:00,3.95,17419.0,United Kingdom
569651,21587,COSY HOUR GIANT TUBE MATCHES,3,2011-10-05 12:49:00,2.55,14534.0,United Kingdom
572304,22077,6 RIBBONS RUSTIC CHARM,5,2011-10-23 15:07:00,1.95,17131.0,United Kingdom
571039,22672,FRENCH BATHROOM SIGN BLUE METAL,2,2011-10-13 12:59:00,1.65,16121.0,United Kingdom
573248,23309,SET OF 60 I LOVE LONDON CAKE CASES ,2,2011-10-28 12:09:00,0.55,14498.0,United Kingdom
572561,22865,HAND WARMER OWL DESIGN,12,2011-10-25 08:51:00,2.1,13652.0,United Kingdom
573066,22918,HERB MARKER PARSLEY,12,2011-10-27 13:53:00,0.65,16026.0,United Kingdom
570210,21172,PARTY METAL SIGN ,1,2011-10-09 10:48:00,1.45,13259.0,United Kingdom
572550,23377,PACK OF 12 DOLLY GIRL TISSUES,1,2011-10-24 17:06:00,0.83,,United Kingdom
571082,21915,RED  HARMONICA IN BOX ,1,2011-10-13 15:25:00,2.46,,United Kingdom
570093,23293,SET OF 12 FAIRY CAKE BAKING CASES,1,2011-10-07 11:55:00,0.83,18096.0,United Kingdom
572301,23411, TRELLIS COAT RACK,1,2011-10-23 14:41:00,4.95,16794.0,United Kingdom
571693,22380,TOY TIDY SPACEBOY  ,10,2011-10-18 14:44:00,2.1,14776.0,United Kingdom
572549,46776B,WOVEN BERRIES CUSHION COVER ,1,2011-10-24 17:03:00,4.13,,United Kingdom
570465,23172,REGENCY TEA PLATE PINK,2,2011-10-10 16:02:00,3.29,,United Kingdom
571407,85014B,RED RETROSPOT UMBRELLA,6,2011-10-17 12:16:00,5.95,13750.0,United Kingdom
571508,21167,WHITE SAGE INCENSE,1,2011-10-17 15:27:00,0.42,,United Kingdom
570688,22900,SET 2 TEA TOWELS I LOVE LONDON ,1,2011-10-11 16:29:00,6.63,,United Kingdom
571274,21742,LARGE ROUND WICKER PLATTER ,2,2011-10-16 12:25:00,5.95,16934.0,United Kingdom
572513,81952V,ROUND PURPLE CLOCK WITH SUCKER,6,2011-10-24 14:36:00,0.19,16728.0,United Kingdom
569650,23535,BICYCLE SAFTEY WALL ART,180,2011-10-05 12:44:00,5.35,12415.0,Australia
572466,20717,STRAWBERRY SHOPPER BAG,10,2011-10-24 13:28:00,1.25,14997.0,United Kingdom
570488,22666,RECIPE BOX PANTRY YELLOW DESIGN,5,2011-10-10 17:12:00,5.79,14096.0,United Kingdom
573151,23005,TRAVEL CARD WALLET I LOVE LONDON,24,2011-10-27 20:09:00,0.42,17602.0,United Kingdom
571679,20728,LUNCH BAG CARS BLUE,4,2011-10-18 13:41:00,1.65,14159.0,United Kingdom
572897,22961,JAM MAKING SET PRINTED,4,2011-10-26 14:42:00,3.29,,United Kingdom
572719,82494L,WOODEN FRAME ANTIQUE WHITE ,12,2011-10-25 15:03:00,2.95,13871.0,United Kingdom
570680,20727,LUNCH BAG  BLACK SKULL.,10,2011-10-11 15:36:00,1.65,13969.0,United Kingdom
569693,22510,GINGHAM BABUSHKA DOORSTOP,2,2011-10-05 15:18:00,3.75,17837.0,United Kingdom
569424,21931,JUMBO STORAGE BAG SUKI,2,2011-10-04 10:49:00,2.08,15529.0,United Kingdom
571185,23109,PACK OF SIX LED TEA LIGHTS,12,2011-10-14 11:15:00,2.89,13047.0,United Kingdom
572048,85099F,JUMBO BAG STRAWBERRY,100,2011-10-20 12:21:00,1.79,14477.0,United Kingdom
572229,23378,PACK OF 12 50'S CHRISTMAS TISSUES,24,2011-10-21 14:23:00,0.39,14329.0,United Kingdom
570887,46000M,POLYESTER FILLER PAD 45x45cm,12,2011-10-13 10:25:00,1.55,17169.0,United Kingdom
570488,22697,GREEN REGENCY TEACUP AND SAUCER,6,2011-10-10 17:12:00,5.79,14096.0,United Kingdom
571105,72818,CHRISTMAS DECOUPAGE CANDLE,4,2011-10-13 16:01:00,0.39,17614.0,United Kingdom
572652,23487,SWEET HEART CAKE CARRIER,1,2011-10-25 12:11:00,9.95,15805.0,United Kingdom
572932,23203,JUMBO BAG VINTAGE DOILY ,10,2011-10-27 10:14:00,2.08,15791.0,United Kingdom
570230,21819,GLITTER CHRISTMAS STAR ,1,2011-10-09 13:41:00,0.39,18088.0,United Kingdom
570806,23550,WRAP ALPHABET POSTER  ,25,2011-10-12 12:42:00,0.42,13115.0,United Kingdom
573132,21819,GLITTER CHRISTMAS STAR ,36,2011-10-27 16:55:00,0.39,15189.0,United Kingdom
571435,22151,PLACE SETTING WHITE HEART,24,2011-10-17 13:23:00,0.42,14211.0,United Kingdom
572751,21616,4 PEAR BOTANICAL DINNER CANDLES,12,2011-10-25 17:21:00,1.25,17449.0,United Kingdom
573038,21864,UNION JACK FLAG PASSPORT COVER ,2,2011-10-27 13:48:00,2.1,17545.0,United Kingdom
571828,22966,GINGERBREAD MAN COOKIE CUTTER,8,2011-10-19 11:52:00,1.25,16440.0,United Kingdom
569544,20657,TROPICAL LUGGAGE TAG,1,2011-10-04 16:33:00,2.46,,United Kingdom
570690,22452,MEASURING TAPE BABUSHKA PINK,2,2011-10-11 16:37:00,1.63,,United Kingdom
C569959,23328,SET 6 SCHOOL MILK BOTTLES IN CRATE,-1,2011-10-06 18:39:00,3.75,13983.0,United Kingdom
570482,22776,SWEETHEART 3 TIER CAKE STAND ,1,2011-10-10 17:00:00,9.95,17459.0,United Kingdom
570420,23403,LETTER HOLDER HOME SWEET HOME,1,2011-10-10 13:33:00,3.75,17841.0,United Kingdom
571713,21250,SET OF SKULL WALL STICKERS,1,2011-10-18 16:58:00,5.79,,United Kingdom
571705,84375,SET OF 20 KIDS COOKIE CUTTERS,12,2011-10-18 15:22:00,2.1,12360.0,Austria
572121,23340,VINTAGE CHRISTMAS CAKE FRILL,16,2011-10-20 19:51:00,1.65,17092.0,United Kingdom
572651,22736,RIBBON REEL MAKING SNOWMEN ,10,2011-10-25 12:06:00,1.65,17350.0,United Kingdom
572216,22338,STAR DECORATION PAINTED ZINC ,10,2011-10-21 12:56:00,0.19,16015.0,United Kingdom
573116,22161,HEART DECORATION RUSTIC HANGING ,30,2011-10-27 15:49:00,0.19,14525.0,United Kingdom
571653,35953,FOLKART STAR CHRISTMAS DECORATIONS,48,2011-10-18 12:17:00,0.39,14298.0,United Kingdom
569736,23201,JUMBO BAG ALPHABET,10,2011-10-06 10:44:00,2.08,14317.0,United Kingdom
569823,22557,PLASTERS IN TIN VINTAGE PAISLEY ,1,2011-10-06 12:15:00,1.65,16895.0,United Kingdom
573096,21668,RED STRIPE CERAMIC DRAWER KNOB,12,2011-10-27 14:40:00,1.45,14004.0,United Kingdom
569523,23524,WALL ART HORSE & PONY ,1,2011-10-04 14:41:00,3.75,16033.0,United Kingdom
571465,20682,RED RETROSPOT CHILDRENS UMBRELLA,1,2011-10-17 14:29:00,3.25,14830.0,United Kingdom
570672,20682,RED RETROSPOT CHILDRENS UMBRELLA,6,2011-10-11 14:52:00,3.25,12536.0,France
569651,22930,BAKING MOULD HEART MILK CHOCOLATE,2,2011-10-05 12:49:00,2.55,14534.0,United Kingdom
572231,23355,HOT WATER BOTTLE KEEP CALM,4,2011-10-21 14:41:00,4.95,13974.0,United Kingdom
571282,23191,BUNDLE OF 3 RETRO NOTE BOOKS,1,2011-10-16 13:24:00,1.65,15545.0,United Kingdom
570505,21671,RED SPOT CERAMIC DRAWER KNOB,24,2011-10-11 09:41:00,1.25,14841.0,United Kingdom
571669,23494,VINTAGE DOILY DELUXE SEWING KIT ,4,2011-10-18 13:11:00,5.95,17758.0,United Kingdom
570187,21990,MODERN FLORAL STATIONERY SET,2,2011-10-07 15:09:00,2.46,,United Kingdom
571305,23349,ROLL WRAP VINTAGE CHRISTMAS,3,2011-10-17 09:55:00,2.46,,United Kingdom
571654,21930,JUMBO STORAGE BAG SKULLS,3,2011-10-18 12:17:00,2.08,18118.0,United Kingdom
572192,85123A,WHITE HANGING HEART T-LIGHT HOLDER,3,2011-10-21 11:30:00,2.95,18118.0,United Kingdom
572327,23569,TRADTIONAL ALPHABET STAMP SET,4,2011-10-24 10:08:00,4.95,15277.0,United Kingdom
572090,23012,GLASS APOTHECARY BOTTLE PERFUME,4,2011-10-20 14:33:00,3.95,13573.0,United Kingdom
C571507,21731,RED TOADSTOOL LED NIGHT LIGHT,-3,2011-10-17 15:24:00,1.65,13919.0,Denmark
570690,23354,6 GIFT TAGS 50'S CHRISTMAS ,2,2011-10-11 16:37:00,1.63,,United Kingdom
571497,22909,SET OF 20 VINTAGE CHRISTMAS NAPKINS,24,2011-10-17 15:03:00,0.85,14841.0,United Kingdom
569898,22792,FLUTED ANTIQUE CANDLE HOLDER,2,2011-10-06 16:08:00,1.63,,United Kingdom
571257,22817,CARD SUKI BIRTHDAY,4,2011-10-14 17:17:00,0.42,,United Kingdom
571899,23328,SET 6 SCHOOL MILK BOTTLES IN CRATE,1,2011-10-19 14:22:00,3.75,16885.0,United Kingdom
572091,85123A,WHITE HANGING HEART T-LIGHT HOLDER,18,2011-10-20 14:40:00,2.95,15129.0,United Kingdom
C572228,22113,GREY HEART HOT WATER BOTTLE,-5,2011-10-21 14:03:00,3.75,15728.0,United Kingdom
573020,22940,FELTCRAFT CHRISTMAS FAIRY,4,2011-10-27 12:37:00,4.25,14842.0,United Kingdom
572969,22307,GOLD MUG BONE CHINA TREE OF LIFE,12,2011-10-27 10:46:00,1.06,13363.0,United Kingdom
570116,22739,RIBBON REEL CHRISTMAS SOCK BAUBLE,2,2011-10-07 12:38:00,1.65,12856.0,United Kingdom
572309,21386,IVORY HANGING DECORATION  EGG,4,2011-10-23 15:29:00,0.19,14432.0,United Kingdom
571274,84581,DOG TOY WITH PINK CROCHET SKIRT,3,2011-10-16 12:25:00,3.75,16934.0,United Kingdom
572744,21060,PARTY INVITES BALLOON GIRL,3,2011-10-25 16:14:00,0.85,14085.0,United Kingdom
571797,21713,CITRONELLA CANDLE FLOWERPOT,1,2011-10-19 11:41:00,4.13,,United Kingdom
569872,23283,DOORMAT VINTAGE LEAF,4,2011-10-06 15:05:00,8.25,13089.0,United Kingdom
571931,21326,AGED GLASS SILVER T-LIGHT HOLDER,3,2011-10-19 16:59:00,1.63,,United Kingdom
571670,22556,PLASTERS IN TIN CIRCUS PARADE ,12,2011-10-18 13:12:00,1.65,12611.0,Italy
570690,85017B,ENVELOPE 50 BLOSSOM IMAGES,2,2011-10-11 16:37:00,0.83,,United Kingdom
571081,82482,WOODEN PICTURE FRAME WHITE FINISH,2,2011-10-13 15:23:00,2.95,16775.0,United Kingdom
570414,22111,SCOTTIE DOG HOT WATER BOTTLE,3,2011-10-10 13:17:00,4.95,17214.0,United Kingdom
572668,22624,IVORY KITCHEN SCALES,1,2011-10-25 13:07:00,8.5,18045.0,United Kingdom
572185,22110,BIRD HOUSE HOT WATER BOTTLE,4,2011-10-21 10:52:00,5.79,,United Kingdom
570093,21098,CHRISTMAS TOILET ROLL,2,2011-10-07 11:55:00,1.25,18096.0,United Kingdom
570410,22991,GIRAFFE WOODEN RULER,2,2011-10-10 13:04:00,1.95,16776.0,United Kingdom
569852,22950,36 DOILIES VINTAGE CHRISTMAS,24,2011-10-06 14:17:00,1.45,13771.0,United Kingdom
570500,22736,RIBBON REEL MAKING SNOWMEN ,5,2011-10-11 09:19:00,1.65,15858.0,United Kingdom
572763,22326,ROUND SNACK BOXES SET OF4 WOODLAND ,6,2011-10-26 09:54:00,2.95,12812.0,Japan
571716,21992,VINTAGE PAISLEY STATIONERY SET,1,2011-10-18 17:05:00,2.46,,United Kingdom
569545,21824,PAINTED METAL STAR WITH HOLLY BELLS,5,2011-10-04 16:37:00,0.83,,United Kingdom
572295,23389,SPACEBOY MINI BACKPACK,3,2011-10-23 13:49:00,4.15,16686.0,United Kingdom
571669,20969,RED FLORAL FELTCRAFT SHOULDER BAG,5,2011-10-18 13:11:00,3.75,17758.0,United Kingdom
573083,22560,TRADITIONAL MODELLING CLAY,6,2011-10-27 14:22:00,1.25,13735.0,United Kingdom
572553,23014,GLASS APOTHECARY BOTTLE ELIXIR,2,2011-10-24 17:09:00,8.29,,United Kingdom
572185,84997b,CHILDRENS CUTLERY RETROSPOT RED ,1,2011-10-21 10:52:00,13.13,,United Kingdom
569835,22727,ALARM CLOCK BAKELIKE RED ,4,2011-10-06 13:05:00,3.75,15518.0,United Kingdom
569728,21175,GIN + TONIC DIET METAL SIGN,12,2011-10-06 09:38:00,2.55,15416.0,United Kingdom
569653,22336,DOVE DECORATION PAINTED ZINC ,96,2011-10-05 12:52:00,0.19,12451.0,Switzerland
570287,22689,DOORMAT MERRY CHRISTMAS RED ,2,2011-10-10 11:37:00,8.25,17425.0,United Kingdom
571061,85049a,TRADITIONAL CHRISTMAS RIBBONS,4,2011-10-13 14:33:00,3.29,,United Kingdom
572549,22781,GUMBALL MAGAZINE RACK,2,2011-10-24 17:03:00,14.96,,United Kingdom
569835,20914,SET/5 RED RETROSPOT LID GLASS BOWLS,10,2011-10-06 13:05:00,2.95,15518.0,United Kingdom
569650,23372,SET 36 COLOUR PENCILS DOLLY GIRL,128,2011-10-05 12:44:00,1.06,12415.0,Australia
572066,21808,"CHRISTMAS GARLAND STARS,TREES",12,2011-10-20 13:07:00,3.75,15159.0,United Kingdom
C572481,23252,VINTAGE RED ENAMEL TRIM JUG ,-4,2011-10-24 13:48:00,3.75,15632.0,United Kingdom
572321,84988,SET OF 72 PINK HEART PAPER DOILIES,12,2011-10-24 08:59:00,1.45,15592.0,United Kingdom
569834,22178,VICTORIAN GLASS HANGING T-LIGHT,12,2011-10-06 13:00:00,1.95,14383.0,United Kingdom
572215,23295,SET OF 12 MINI LOAF BAKING CASES,24,2011-10-21 12:52:00,0.83,12646.0,USA
572662,22086,PAPER CHAIN KIT 50'S CHRISTMAS ,2,2011-10-25 12:54:00,2.95,15443.0,United Kingdom
573130,22629,SPACEBOY LUNCH BOX ,12,2011-10-27 16:41:00,1.95,13969.0,United Kingdom
570467,84509A,SET OF 4 ENGLISH ROSE PLACEMATS,4,2011-10-10 16:06:00,3.75,12607.0,USA
571682,23080,RED METAL BOX TOP SECRET,1,2011-10-18 14:00:00,8.25,14179.0,United Kingdom
570020,20974,12 PENCILS SMALL TUBE SKULL,24,2011-10-07 10:18:00,0.65,12684.0,France
569823,22633,HAND WARMER UNION JACK,1,2011-10-06 12:15:00,2.1,16895.0,United Kingdom
572899,20765,CHRYSANTHEMUM SKETCHBOOK ,1,2011-10-26 14:50:00,3.75,13435.0,United Kingdom
570488,22551,PLASTERS IN TIN SPACEBOY,3,2011-10-10 17:12:00,3.29,14096.0,United Kingdom
572861,22771,CLEAR DRAWER KNOB ACRYLIC EDWARDIAN,36,2011-10-26 12:46:00,1.25,14102.0,United Kingdom
571418,85123A,WHITE HANGING HEART T-LIGHT HOLDER,5,2011-10-17 12:35:00,2.95,16412.0,United Kingdom
569823,21071,VINTAGE BILLBOARD DRINK ME MUG,6,2011-10-06 12:15:00,1.25,16895.0,United Kingdom
569901,23254,CHILDRENS CUTLERY DOLLY GIRL ,1,2011-10-06 16:20:00,4.15,12923.0,United Kingdom
571828,23355,HOT WATER BOTTLE KEEP CALM,10,2011-10-19 11:52:00,4.95,16440.0,United Kingdom
569823,23540,WALL ART THE MAGIC FOREST ,1,2011-10-06 12:15:00,6.95,16895.0,United Kingdom
571065,22720,SET OF 3 CAKE TINS PANTRY DESIGN ,3,2011-10-13 14:59:00,4.95,12613.0,Germany
569545,22457,NATURAL SLATE HEART CHALKBOARD ,1,2011-10-04 16:37:00,5.79,,United Kingdom
572650,82582,AREA PATROLLED METAL SIGN,4,2011-10-25 12:00:00,2.1,15506.0,United Kingdom
569768,21908,CHOCOLATE THIS WAY METAL SIGN,12,2011-10-06 11:27:00,2.1,13078.0,United Kingdom
570488,72802A,ROSE SCENT CANDLE IN JEWELLED BOX,1,2011-10-10 17:12:00,8.29,14096.0,United Kingdom
571667,23014,GLASS APOTHECARY BOTTLE ELIXIR,2,2011-10-18 13:04:00,3.95,14554.0,United Kingdom
572331,22704,WRAP RED APPLES ,25,2011-10-24 10:18:00,0.42,16491.0,United Kingdom
569406,16169E,WRAP 50'S  CHRISTMAS,25,2011-10-04 09:09:00,0.42,16253.0,United Kingdom
570672,22628,PICNIC BOXES SET OF 3 RETROSPOT ,4,2011-10-11 14:52:00,4.95,12536.0,France
571713,85127,SMALL SQUARE CUT GLASS CANDLESTICK,2,2011-10-18 16:58:00,9.96,,United Kingdom
570445,22900,SET 2 TEA TOWELS I LOVE LONDON ,1,2011-10-10 14:42:00,3.25,12748.0,United Kingdom
571064,21617,4 LILY  BOTANICAL DINNER CANDLES,1,2011-10-13 14:48:00,1.25,17181.0,United Kingdom
571082,22138,BAKING SET 9 PIECE RETROSPOT ,1,2011-10-13 15:25:00,10.79,,United Kingdom
570672,23263,SET OF 3 WOODEN HEART DECORATIONS,12,2011-10-11 14:52:00,1.25,12536.0,France
570010,23229,VINTAGE DONKEY TAIL GAME ,6,2011-10-07 09:42:00,3.75,15297.0,United Kingdom
570514,23203,JUMBO BAG VINTAGE DOILY ,12,2011-10-11 10:36:00,2.08,13089.0,United Kingdom
569545,21928,JUMBO BAG SCANDINAVIAN BLUE PAISLEY,1,2011-10-04 16:37:00,4.13,,United Kingdom
570701,23535,WALL ART BICYCLE SAFETY,4,2011-10-12 09:35:00,5.95,16652.0,United Kingdom
573270,23382,BOX OF 6 CHRISTMAS CAKE DECORATIONS,4,2011-10-28 13:00:00,3.75,17418.0,United Kingdom
570688,17012B,ORIGAMI JASMINE INCENSE/CANDLE SET,1,2011-10-11 16:29:00,2.46,,United Kingdom
571081,22794,SWEETHEART WIRE MAGAZINE RACK,1,2011-10-13 15:23:00,7.95,16775.0,United Kingdom
572913,22535,MAGIC DRAWING SLATE BUNNIES ,4,2011-10-26 16:21:00,0.42,15993.0,United Kingdom
571221,22822,CREAM WALL PLANTER HEART SHAPED,1,2011-10-14 13:35:00,5.95,16416.0,United Kingdom
572867,23197,SKETCHBOOK MAGNETIC SHOPPING LIST,3,2011-10-26 13:19:00,1.45,14598.0,United Kingdom
C572478,23012,GLASS APOTHECARY BOTTLE PERFUME,-1,2011-10-24 13:39:00,3.95,13098.0,United Kingdom
570103,22766,PHOTO FRAME CORNICE,1,2011-10-07 12:18:00,2.95,15719.0,United Kingdom
572673,23310,BUBBLEGUM RING ASSORTED,36,2011-10-25 13:16:00,0.42,13309.0,United Kingdom
572288,22979,PANTRY WASHING UP BRUSH,1,2011-10-23 12:28:00,1.45,17377.0,United Kingdom
571328,22813,PACK 3 BOXES BIRD PANNETONE ,12,2011-10-17 11:27:00,1.95,12473.0,Germany
572896,23393,HOME SWEET HOME CUSHION COVER ,4,2011-10-26 14:41:00,3.75,12456.0,Switzerland
571035,21238,RED RETROSPOT CUP,8,2011-10-13 12:50:00,0.85,12446.0,RSA
572542,21915,RED  HARMONICA IN BOX ,12,2011-10-24 16:20:00,1.25,17272.0,United Kingdom
571098,21977,PACK OF 60 PINK PAISLEY CAKE CASES,1,2011-10-13 15:38:00,0.55,17841.0,United Kingdom
571265,23348,CHILDRENS TOY COOKING UTENSIL SET,1,2011-10-16 11:31:00,2.08,16674.0,United Kingdom
572058,85036C,ROSE 1 WICK MORRIS BOXED CANDLE,2,2011-10-20 12:43:00,1.25,18252.0,United Kingdom
573137,21843,RED RETROSPOT CAKE STAND,1,2011-10-27 17:15:00,20.79,,United Kingdom
572306,22758,LARGE PURPLE BABUSHKA NOTEBOOK  ,1,2011-10-23 15:11:00,1.25,17841.0,United Kingdom
571746,21213,PACK OF 72 SKULL CAKE CASES,24,2011-10-19 10:56:00,0.55,17043.0,United Kingdom
569898,23534,WALL ART STOP FOR TEA ,2,2011-10-06 16:08:00,12.46,,United Kingdom
572923,22448,PIN CUSHION BABUSHKA RED,6,2011-10-27 08:35:00,3.35,15948.0,United Kingdom
572719,23317,BLUE REFECTORY CLOCK ,2,2011-10-25 15:03:00,9.95,13871.0,United Kingdom
571372,21901,"KEY FOB , BACK DOOR ",2,2011-10-17 11:55:00,0.65,17201.0,United Kingdom
572744,23159,SET OF 5 PANCAKE DAY MAGNETS,2,2011-10-25 16:14:00,2.08,14085.0,United Kingdom
573195,22979,PANTRY WASHING UP BRUSH,12,2011-10-28 11:40:00,1.45,12432.0,Norway
570796,22186,RED STAR CARD HOLDER,1,2011-10-12 12:19:00,1.95,16241.0,United Kingdom
572669,23372,SET 36 COLOUR PENCILS DOLLY GIRL,3,2011-10-25 13:10:00,1.25,16549.0,United Kingdom
572203,23200,JUMBO BAG PEARS,5,2011-10-21 12:05:00,2.08,17068.0,United Kingdom
572703,23511,EMBROIDERED RIBBON REEL EMILY ,1,2011-10-25 14:35:00,2.08,16110.0,United Kingdom
569651,23365,SET 12 COLOUR PENCILS LOVE LONDON,24,2011-10-05 12:49:00,0.65,14534.0,United Kingdom
571726,22601,CHRISTMAS RETROSPOT ANGEL WOOD,12,2011-10-19 09:00:00,0.85,16191.0,United Kingdom
571425,21914,BLUE HARMONICA IN BOX ,6,2011-10-17 12:41:00,1.25,14911.0,EIRE
571242,22991,GIRAFFE WOODEN RULER,48,2011-10-14 15:04:00,1.95,17809.0,United Kingdom
571408,22726,ALARM CLOCK BAKELIKE GREEN,1,2011-10-17 12:22:00,3.75,15012.0,United Kingdom
572897,23256,CHILDRENS CUTLERY SPACEBOY ,4,2011-10-26 14:42:00,8.29,,United Kingdom
573135,84879,ASSORTED COLOUR BIRD ORNAMENT,8,2011-10-27 17:00:00,1.69,12952.0,United Kingdom
570721,23215,JINGLE BELL HEART ANTIQUE SILVER,12,2011-10-12 10:51:00,2.08,13842.0,United Kingdom
572218,23209,LUNCH BAG DOILEY PATTERN ,10,2011-10-21 13:13:00,1.65,16311.0,United Kingdom
571433,22952,60 CAKE CASES VINTAGE CHRISTMAS,24,2011-10-17 13:19:00,0.55,13015.0,United Kingdom
572553,23321,SMALL WHITE HEART OF WICKER,2,2011-10-24 17:09:00,3.29,,United Kingdom
570449,23241,TREASURE TIN GYMKHANA DESIGN,6,2011-10-10 14:57:00,2.08,16133.0,United Kingdom
569638,22835,HOT WATER BOTTLE I AM SO POORLY,4,2011-10-05 12:15:00,4.95,16140.0,United Kingdom
569900,22579,WOODEN TREE CHRISTMAS SCANDINAVIAN,24,2011-10-06 16:17:00,0.29,17651.0,United Kingdom
569823,21374,MIRRORED WALL ART SKULLS,1,2011-10-06 12:15:00,1.25,16895.0,United Kingdom
571188,22922,FRIDGE MAGNETS US DINER ASSORTED,12,2011-10-14 11:42:00,0.85,12783.0,Portugal
572087,21123,SET/10 IVORY POLKADOT PARTY CANDLES,24,2011-10-20 14:30:00,1.25,12683.0,France
573245,21172,PARTY METAL SIGN ,2,2011-10-28 12:08:00,1.45,17841.0,United Kingdom
569689,22722,SET OF 6 SPICE TINS PANTRY DESIGN,24,2011-10-05 14:56:00,3.45,13709.0,United Kingdom
572552,22360,GLASS JAR ENGLISH CONFECTIONERY,1,2011-10-24 17:07:00,5.79,14096.0,United Kingdom
570238,21239,PINK  POLKADOT CUP,1,2011-10-09 15:01:00,0.85,16332.0,United Kingdom
572550,21808,"CHRISTMAS GARLAND STARS,TREES",2,2011-10-24 17:06:00,3.29,,United Kingdom
570100,22457,NATURAL SLATE HEART CHALKBOARD ,12,2011-10-07 12:12:00,2.95,13695.0,United Kingdom
572769,23534,WALL ART STOP FOR TEA ,18,2011-10-26 10:15:00,5.35,14051.0,United Kingdom
571965,84997D,CHILDRENS CUTLERY POLKADOT PINK,1,2011-10-20 10:41:00,4.15,17238.0,United Kingdom
571461,47369A,PINK GREEN EMBROIDERY COSMETIC BAG,1,2011-10-17 14:12:00,2.95,16932.0,United Kingdom
571716,22076,6 RIBBONS EMPIRE  ,2,2011-10-18 17:05:00,1.25,,United Kingdom
571041,22683,FRENCH BLUE METAL DOOR SIGN 8,1,2011-10-13 13:00:00,1.25,14527.0,United Kingdom
569488,22959,WRAP CHRISTMAS VILLAGE,50,2011-10-04 13:10:00,0.42,16440.0,United Kingdom
572295,21731,RED TOADSTOOL LED NIGHT LIGHT,2,2011-10-23 13:49:00,1.65,16686.0,United Kingdom
572281,85123A,WHITE HANGING HEART T-LIGHT HOLDER,6,2011-10-23 11:10:00,2.95,17211.0,United Kingdom
572553,22460,EMBOSSED GLASS TEALIGHT HOLDER,1,2011-10-24 17:09:00,2.46,,United Kingdom
571034,23012,GLASS APOTHECARY BOTTLE PERFUME,4,2011-10-13 12:47:00,3.95,12359.0,Cyprus
570466,21535,RED RETROSPOT SMALL MILK JUG,1,2011-10-10 16:03:00,2.55,16791.0,United Kingdom
571408,22972,CHILDREN'S SPACEBOY MUG,1,2011-10-17 12:22:00,1.65,15012.0,United Kingdom
569861,85183B,CHARLIE & LOLA WASTEPAPER BIN FLORA,12,2011-10-06 14:37:00,1.25,13816.0,Germany
570087,22775,PURPLE DRAWERKNOB ACRYLIC EDWARDIAN,1,2011-10-07 11:26:00,3.29,,United Kingdom
573126,21086,SET/6 RED SPOTTY PAPER CUPS,12,2011-10-27 16:32:00,0.65,15738.0,United Kingdom
569718,23311,VINTAGE CHRISTMAS STOCKING ,6,2011-10-06 09:01:00,2.55,15837.0,United Kingdom
569866,22755,SMALL PURPLE BABUSHKA NOTEBOOK ,1,2011-10-06 14:50:00,0.85,12757.0,Portugal
571241,22951,60 CAKE CASES DOLLY GIRL DESIGN,1,2011-10-14 14:58:00,0.55,14592.0,United Kingdom
571845,22608,PENS ASSORTED FUNKY JEWELED ,36,2011-10-19 12:34:00,0.19,16869.0,United Kingdom
572183,22749,FELTCRAFT PRINCESS CHARLOTTE DOLL,4,2011-10-21 10:50:00,3.75,16153.0,United Kingdom
570192,22142,CHRISTMAS CRAFT WHITE FAIRY ,12,2011-10-07 15:26:00,1.45,17509.0,United Kingdom
570249,22749,FELTCRAFT PRINCESS CHARLOTTE DOLL,4,2011-10-10 08:58:00,3.75,17509.0,United Kingdom
573125,22468,BABUSHKA LIGHTS STRING OF 10,2,2011-10-27 16:31:00,6.75,16855.0,United Kingdom
572653,22186,RED STAR CARD HOLDER,4,2011-10-25 12:12:00,1.95,15861.0,United Kingdom
571654,85035A,GARDENIA 3 WICK MORRIS BOXED CANDLE,1,2011-10-18 12:17:00,1.25,18118.0,United Kingdom
572762,23489,VINTAGE BELLS GARLAND,6,2011-10-26 09:50:00,2.89,15240.0,United Kingdom
570458,23421,PANTRY HOOK SPATULA,3,2011-10-10 15:39:00,2.08,14535.0,United Kingdom
572295,84510C,SET OF 4 POLKADOT COASTERS,2,2011-10-23 13:49:00,1.25,16686.0,United Kingdom
569700,22095,LADS ONLY TISSUE BOX,1,2011-10-05 15:56:00,2.46,,United Kingdom
571257,23526,WALL ART DOG LICENCE ,2,2011-10-14 17:17:00,12.46,,United Kingdom
573138,48129,DOORMAT TOPIARY,1,2011-10-27 17:22:00,8.25,15023.0,United Kingdom
570690,23263,SET OF 3 WOODEN HEART DECORATIONS,1,2011-10-11 16:37:00,2.46,,United Kingdom
569470,22548,HEADS AND TAILS SPORTING FUN,4,2011-10-04 12:25:00,1.25,17673.0,United Kingdom
570215,22144,CHRISTMAS CRAFT LITTLE FRIENDS,4,2011-10-09 11:53:00,2.1,16066.0,United Kingdom
571712,21754,HOME BUILDING BLOCK WORD,2,2011-10-18 16:46:00,6.25,14056.0,United Kingdom
572867,84755,COLOUR GLASS T-LIGHT HOLDER HANGING,8,2011-10-26 13:19:00,0.65,14598.0,United Kingdom
573116,22173,METAL 4 HOOK HANGER FRENCH CHATEAU,2,2011-10-27 15:49:00,3.29,14525.0,United Kingdom
572664,22813,PACK 3 BOXES BIRD PANNETONE ,12,2011-10-25 12:56:00,1.95,16401.0,United Kingdom
570499,21212,PACK OF 72 RETROSPOT CAKE CASES,24,2011-10-11 09:19:00,0.55,12772.0,Portugal
569524,23399,HOME SWEET HOME HANGING HEART,1,2011-10-04 14:42:00,0.85,14506.0,United Kingdom
569401,23439,HAND WARMER RED LOVE HEART,12,2011-10-04 08:56:00,2.1,15111.0,United Kingdom
571669,22114,HOT WATER BOTTLE TEA AND SYMPATHY,4,2011-10-18 13:11:00,4.25,17758.0,United Kingdom
569564,21212,PACK OF 72 RETROSPOT CAKE CASES,24,2011-10-05 09:47:00,0.55,13989.0,United Kingdom
572719,23545,WRAP RED VINTAGE DOILY,25,2011-10-25 15:03:00,0.42,13871.0,United Kingdom
569544,21932,SCANDINAVIAN PAISLEY PICNIC BAG,1,2011-10-04 16:33:00,2.46,,United Kingdom
571728,22139,RETROSPOT TEA SET CERAMIC 11 PC ,3,2011-10-19 09:18:00,4.95,16123.0,United Kingdom
572617,22810,SET OF 6 T-LIGHTS SNOWMEN,12,2011-10-25 11:52:00,2.95,18272.0,United Kingdom
572676,23157,SET OF 6 NATIVITY MAGNETS ,12,2011-10-25 13:30:00,2.08,16258.0,United Kingdom
572860,21824,PAINTED METAL STAR WITH HOLLY BELLS,24,2011-10-26 12:42:00,0.39,17470.0,United Kingdom
572990,22492,MINI PAINT SET VINTAGE ,36,2011-10-27 10:54:00,0.65,18276.0,United Kingdom
573138,23452,HEART MINI PORTRAIT FRAME,6,2011-10-27 17:22:00,1.95,15023.0,United Kingdom
572194,85035C,ROSE 3 WICK MORRIS BOX CANDLE,1,2011-10-21 11:43:00,1.25,17832.0,United Kingdom
570187,22418,10 COLOUR SPACEBOY PEN,2,2011-10-07 15:09:00,1.63,,United Kingdom
569899,48185,DOORMAT FAIRY CAKE,2,2011-10-06 16:15:00,8.25,13940.0,United Kingdom
569893,23388,WOODLAND MINI BACKPACK,4,2011-10-06 15:51:00,4.15,12627.0,Germany
569843,84879,ASSORTED COLOUR BIRD ORNAMENT,1,2011-10-06 13:29:00,1.69,14449.0,United Kingdom
571965,21240,BLUE POLKADOT CUP,3,2011-10-20 10:41:00,0.85,17238.0,United Kingdom
570273,23293,SET OF 12 FAIRY CAKE BAKING CASES,8,2011-10-10 10:51:00,0.83,13373.0,United Kingdom
569866,23367,SET 12 COLOUR PENCILS SPACEBOY ,2,2011-10-06 14:50:00,0.65,12757.0,Portugal
571502,22079,RIBBON REEL HEARTS DESIGN ,10,2011-10-17 15:18:00,1.65,14422.0,United Kingdom
572280,22549,PICTURE DOMINOES,3,2011-10-23 11:05:00,1.45,16007.0,United Kingdom
572333,22952,60 CAKE CASES VINTAGE CHRISTMAS,24,2011-10-24 10:23:00,0.55,13704.0,United Kingdom
569555,22086,PAPER CHAIN KIT 50'S CHRISTMAS ,6,2011-10-05 08:17:00,2.95,17728.0,United Kingdom
569514,22273,FELTCRAFT DOLL MOLLY,6,2011-10-04 13:56:00,2.95,15228.0,United Kingdom
570019,22890,NOVELTY BISCUITS CAKE STAND 3 TIER,1,2011-10-07 10:13:00,9.95,17841.0,United Kingdom
572280,22355,CHARLOTTE BAG SUKI DESIGN,2,2011-10-23 11:05:00,0.85,16007.0,United Kingdom
570293,23438, RED SPOT GIFT BAG LARGE,12,2011-10-10 12:00:00,1.25,14128.0,United Kingdom
571216,84988,SET OF 72 PINK HEART PAPER DOILIES,1,2011-10-14 13:06:00,1.45,16081.0,United Kingdom
570509,11001,ASSTD DESIGN RACING CAR PEN,16,2011-10-11 10:16:00,1.69,13109.0,United Kingdom
572735,23493,VINTAGE DOILY TRAVEL SEWING KIT,10,2011-10-25 15:36:00,1.95,15630.0,United Kingdom
C569655,22990,COTTON APRON PANTRY DESIGN,-2,2011-10-05 12:58:00,4.95,14534.0,United Kingdom
569415,22141,CHRISTMAS CRAFT TREE TOP ANGEL,1,2011-10-04 10:14:00,4.13,,United Kingdom
569843,22382,LUNCH BAG SPACEBOY DESIGN ,2,2011-10-06 13:29:00,1.65,14449.0,United Kingdom
571670,85099B,JUMBO BAG RED RETROSPOT,10,2011-10-18 13:12:00,2.08,12611.0,Italy
571033,21888,BINGO SET,4,2011-10-13 12:46:00,3.75,14251.0,United Kingdom
569835,22988,SOLDIERS EGG CUP ,12,2011-10-06 13:05:00,1.25,15518.0,United Kingdom
571797,22720,SET OF 3 CAKE TINS PANTRY DESIGN ,2,2011-10-19 11:41:00,10.79,,United Kingdom
570332,23131,MISTLETOE HEART WREATH CREAM,6,2011-10-10 12:18:00,4.15,18169.0,United Kingdom
572568,23405,HOME SWEET HOME 2 DRAWER CABINET,4,2011-10-25 10:31:00,4.95,14001.0,United Kingdom
572312,23321,SMALL WHITE HEART OF WICKER,1,2011-10-23 15:47:00,1.65,15022.0,United Kingdom
569406,21484,CHICK GREY HOT WATER BOTTLE,4,2011-10-04 09:09:00,4.25,16253.0,United Kingdom
569900,22333,RETROSPOT PARTY BAG + STICKER SET,8,2011-10-06 16:17:00,1.65,17651.0,United Kingdom
570187,22952,60 CAKE CASES VINTAGE CHRISTMAS,2,2011-10-07 15:09:00,1.25,,United Kingdom
570798,POST,POSTAGE,2,2011-10-12 12:30:00,18.0,12679.0,France
571257,23434,3 RAFFIA RIBBONS 50'S CHRISTMAS ,2,2011-10-14 17:17:00,0.83,,United Kingdom
571931,22139,RETROSPOT TEA SET CERAMIC 11 PC ,2,2011-10-19 16:59:00,10.79,,United Kingdom
570410,22138,BAKING SET 9 PIECE RETROSPOT ,3,2011-10-10 13:04:00,4.95,16776.0,United Kingdom
571745,22835,HOT WATER BOTTLE I AM SO POORLY,4,2011-10-19 10:48:00,4.95,14911.0,EIRE
571229,21382,SET/4 SPRING FLOWER DECORATION,2,2011-10-14 14:04:00,0.75,15453.0,United Kingdom
570187,23196,VINTAGE LEAF MAGNETIC NOTEPAD,2,2011-10-07 15:09:00,3.29,,United Kingdom
569846,22149,FELTCRAFT 6 FLOWER FRIENDS,12,2011-10-06 13:42:00,2.1,13422.0,United Kingdom
572873,23354,6 GIFT TAGS 50'S CHRISTMAS ,12,2011-10-26 13:27:00,0.83,12820.0,United Kingdom
572550,23350,ROLL WRAP VINTAGE SPOT ,1,2011-10-24 17:06:00,2.46,,United Kingdom
571498,23212,HEART WREATH DECORATION WITH BELL,1,2011-10-17 15:06:00,1.25,17841.0,United Kingdom
570196,23355,HOT WATER BOTTLE KEEP CALM,12,2011-10-07 15:40:00,4.95,18136.0,United Kingdom
572295,21060,PARTY INVITES BALLOON GIRL,3,2011-10-23 13:49:00,0.85,16686.0,United Kingdom
570230,22339,CHRISTMAS TREE PAINTED ZINC ,1,2011-10-09 13:41:00,0.19,18088.0,United Kingdom
571456,23203,JUMBO BAG VINTAGE DOILY ,4,2011-10-17 13:57:00,2.08,16729.0,United Kingdom
571061,23283,DOORMAT VINTAGE LEAF,1,2011-10-13 14:33:00,15.79,,United Kingdom
571965,85036A,GARDENIA 1 WICK MORRIS BOXED CANDLE,12,2011-10-20 10:41:00,1.25,17238.0,United Kingdom
571184,23103,JINGLE BELL HEART DECORATION,72,2011-10-14 11:09:00,1.65,15478.0,United Kingdom
569919,23313,VINTAGE CHRISTMAS BUNTING,5,2011-10-06 17:08:00,4.95,15300.0,United Kingdom
572680,23101,SILVER STARS TABLE DECORATION,2,2011-10-25 13:48:00,0.83,,Portugal
570465,84380,SET OF 3 BUTTERFLY COOKIE CUTTERS,1,2011-10-10 16:02:00,2.46,,United Kingdom
C570490,22367,CHILDRENS APRON SPACEBOY DESIGN,-2,2011-10-10 17:16:00,1.95,14356.0,United Kingdom
572227,85114C,RED ENCHANTED FOREST PLACEMAT,6,2011-10-21 14:01:00,1.65,15051.0,United Kingdom
571559,22838,3 TIER CAKE TIN RED AND CREAM,1,2011-10-18 09:32:00,14.95,14911.0,EIRE
569558,23273,HEART T-LIGHT HOLDER WILLIE WINKIE,12,2011-10-05 08:53:00,1.65,14936.0,Channel Islands
569424,22436,12 COLOURED PARTY BALLOONS,10,2011-10-04 10:49:00,0.65,15529.0,United Kingdom
572302,22093,MOTORING TISSUE BOX,1,2011-10-23 14:47:00,0.39,15427.0,United Kingdom
571216,85123A,WHITE HANGING HEART T-LIGHT HOLDER,3,2011-10-14 13:06:00,2.95,16081.0,United Kingdom
571413,22029,SPACEBOY BIRTHDAY CARD,12,2011-10-17 12:33:00,0.42,13923.0,United Kingdom
C569985,22961,JAM MAKING SET PRINTED,-12,2011-10-06 19:51:00,1.45,15365.0,United Kingdom
569835,23537,WALL ART I LOVE LONDON ,6,2011-10-06 13:05:00,4.95,15518.0,United Kingdom
572913,22507,MEMO BOARD RETROSPOT  DESIGN,1,2011-10-26 16:21:00,4.95,15993.0,United Kingdom
572329,22561,WOODEN SCHOOL COLOURING SET,48,2011-10-24 10:13:00,1.65,14019.0,United Kingdom
570638,22941,CHRISTMAS LIGHTS 10 REINDEER,2,2011-10-11 12:36:00,8.5,17888.0,United Kingdom
572023,21621,VINTAGE UNION JACK BUNTING,1,2011-10-20 11:03:00,8.5,17764.0,United Kingdom
C569663,21925,UNION STRIPE CUSHION COVER ,-2,2011-10-05 13:29:00,1.25,17841.0,United Kingdom
569766,21975,PACK OF 60 DINOSAUR CAKE CASES,24,2011-10-06 11:24:00,0.55,14849.0,United Kingdom
570275,23289,DOLLY GIRL CHILDRENS BOWL,8,2011-10-10 10:57:00,1.25,13098.0,United Kingdom
569533,23268,SET OF 2 CERAMIC CHRISTMAS REINDEER,2,2011-10-04 15:21:00,1.45,16374.0,United Kingdom
570244,21210,SET OF 72 RETROSPOT PAPER  DOILIES,4,2011-10-09 16:05:00,1.45,14514.0,United Kingdom
571745,23355,HOT WATER BOTTLE KEEP CALM,4,2011-10-19 10:48:00,4.95,14911.0,EIRE
570852,23173,REGENCY TEAPOT ROSES ,2,2011-10-12 14:48:00,9.95,13078.0,United Kingdom
572287,22810,SET OF 6 T-LIGHTS SNOWMEN,6,2011-10-23 12:26:00,2.95,15584.0,United Kingdom
572682,M,Manual,72,2011-10-25 13:52:00,0.39,17928.0,United Kingdom
570009,22632,HAND WARMER RED RETROSPOT,12,2011-10-07 09:38:00,2.1,14138.0,United Kingdom
571562,23356,LOVE HOT WATER BOTTLE,6,2011-10-18 10:04:00,5.95,14156.0,EIRE
571268,23126,FELTCRAFT GIRL AMELIE KIT,3,2011-10-16 12:06:00,4.95,15351.0,United Kingdom
573117,23351,ROLL WRAP 50'S CHRISTMAS,24,2011-10-27 16:11:00,1.25,16688.0,United Kingdom
569893,20712,JUMBO BAG WOODLAND ANIMALS,20,2011-10-06 15:51:00,2.08,12627.0,Germany
570088,20974,12 PENCILS SMALL TUBE SKULL,1,2011-10-07 11:32:00,0.65,16764.0,United Kingdom
571439,23515,EMBROIDERED RIBBON REEL DAISY ,12,2011-10-17 13:25:00,2.08,17206.0,United Kingdom
571445,85015,SET OF 12  VINTAGE POSTCARD SET,24,2011-10-17 13:44:00,0.65,12463.0,Belgium
571117,20723,STRAWBERRY CHARLOTTE BAG,10,2011-10-13 17:51:00,0.85,16224.0,United Kingdom
572880,22322,BIRD DECORATION GREEN POLKADOT,12,2011-10-26 13:35:00,0.85,16415.0,United Kingdom
572896,21688,SILVER PLATE CANDLE BOWL SMALL,6,2011-10-26 14:41:00,2.95,12456.0,Switzerland
571655,22138,BAKING SET 9 PIECE RETROSPOT ,12,2011-10-18 12:18:00,4.95,14688.0,United Kingdom
572918,22726,ALARM CLOCK BAKELIKE GREEN,1,2011-10-26 16:43:00,3.75,14379.0,United Kingdom
570195,22580,ADVENT CALENDAR GINGHAM SACK,6,2011-10-07 15:38:00,5.95,14825.0,United Kingdom
571035,21340,CLASSIC METAL BIRDCAGE PLANT HOLDER,3,2011-10-13 12:50:00,12.75,12446.0,RSA
571682,22169,FAMILY ALBUM WHITE PICTURE FRAME,1,2011-10-18 14:00:00,8.5,14179.0,United Kingdom
569700,90214M,"LETTER ""M"" BLING KEY RING",1,2011-10-05 15:56:00,0.83,,United Kingdom
569423,23215,JINGLE BELL HEART ANTIQUE SILVER,12,2011-10-04 10:42:00,2.08,16882.0,United Kingdom
571909,35911A,MULTICOLOUR RABBIT EGG WARMER,2,2011-10-19 15:08:00,0.85,15006.0,United Kingdom
569790,22611,VINTAGE UNION JACK SHOPPING BAG,1,2011-10-06 11:42:00,4.95,15910.0,United Kingdom
573142,20832,RED FLOCK LOVE HEART PHOTO FRAME,24,2011-10-27 17:48:00,0.39,18035.0,United Kingdom
571189,21818,GLITTER HEART DECORATION,36,2011-10-14 11:42:00,0.39,13213.0,United Kingdom
571566,21770,OPEN CLOSED METAL SIGN,2,2011-10-18 10:19:00,4.95,13594.0,United Kingdom
573007,22621,TRADITIONAL KNITTING NANCY,12,2011-10-27 12:22:00,1.65,16009.0,United Kingdom
571413,21175,GIN + TONIC DIET METAL SIGN,12,2011-10-17 12:33:00,2.55,13923.0,United Kingdom
570108,22465,HANGING METAL STAR LANTERN,12,2011-10-07 12:25:00,1.65,13004.0,United Kingdom
573183,21987,PACK OF 6 SKULL PAPER CUPS,2,2011-10-28 11:33:00,0.65,15028.0,United Kingdom
571839,22866,HAND WARMER SCOTTY DOG DESIGN,12,2011-10-19 12:12:00,2.1,14107.0,United Kingdom
571328,16235,RECYCLED PENCIL WITH RABBIT ERASER,60,2011-10-17 11:27:00,0.21,12473.0,Germany
570230,21258,VICTORIAN SEWING BOX LARGE,1,2011-10-09 13:41:00,12.75,18088.0,United Kingdom
571442,21754,HOME BUILDING BLOCK WORD,2,2011-10-17 13:39:00,6.25,17049.0,United Kingdom
570726,22619,SET OF 6 SOLDIER SKITTLES,4,2011-10-12 11:32:00,3.75,16607.0,United Kingdom
573182,20727,LUNCH BAG  BLACK SKULL.,10,2011-10-28 11:09:00,1.65,14232.0,United Kingdom
571061,22328,ROUND SNACK BOXES SET OF 4 FRUITS ,3,2011-10-13 14:33:00,4.13,,United Kingdom
571312,23237,SET OF 4 KNICK KNACK TINS LEAF,6,2011-10-17 10:42:00,4.15,12474.0,Germany
572550,22489,PACK OF 12 TRADITIONAL CRAYONS,1,2011-10-24 17:06:00,0.83,,United Kingdom
569687,23114,VINTAGE LEAF CHOPPING BOARD  ,3,2011-10-05 14:53:00,4.95,13709.0,United Kingdom
572073,72818,CHRISTMAS DECOUPAGE CANDLE,2,2011-10-20 13:46:00,0.39,13263.0,United Kingdom
571498,20718,RED RETROSPOT SHOPPER BAG,10,2011-10-17 15:06:00,1.25,17841.0,United Kingdom
569790,23327,HANGING CLEAR MINI BOTTLE,5,2011-10-06 11:42:00,0.63,15910.0,United Kingdom
570690,23033,DRAWER KNOB CERAMIC RED,2,2011-10-11 16:37:00,3.29,,United Kingdom
572026,84947,ANTIQUE SILVER TEA GLASS ENGRAVED,24,2011-10-20 11:40:00,1.25,13245.0,United Kingdom
569900,22144,CHRISTMAS CRAFT LITTLE FRIENDS,6,2011-10-06 16:17:00,2.1,17651.0,United Kingdom
570521,85036B,CHOCOLATE 1 WICK MORRIS BOX CANDLE,6,2011-10-11 10:43:00,4.25,12371.0,Switzerland
571508,84247E,PACK OF 12 CHRISTMAS FUN CARDS,3,2011-10-17 15:27:00,2.46,,United Kingdom
570241,85071B,RED CHARLIE+LOLA PERSONAL DOORSIGN,4,2011-10-09 15:24:00,0.39,14801.0,United Kingdom
570872,23311,VINTAGE CHRISTMAS STOCKING ,2,2011-10-12 16:40:00,4.96,,United Kingdom
570462,90063A,WHITE VINT ART DECO CRYSTAL NECKLAC,1,2011-10-10 15:48:00,8.5,,United Kingdom
571033,22139,RETROSPOT TEA SET CERAMIC 11 PC ,6,2011-10-13 12:46:00,4.95,14251.0,United Kingdom
572277,85066,CREAM SWEETHEART MINI CHEST,2,2011-10-23 10:38:00,12.75,16768.0,United Kingdom
572744,21063,PARTY INVITES JAZZ HEARTS,4,2011-10-25 16:14:00,0.85,14085.0,United Kingdom
573137,22666,RECIPE BOX PANTRY YELLOW DESIGN,1,2011-10-27 17:15:00,5.79,,United Kingdom
572130,23231,WRAP  VINTAGE DOILY ,25,2011-10-21 09:50:00,0.42,13460.0,United Kingdom
571039,22466,FAIRY TALE COTTAGE NIGHT LIGHT,1,2011-10-13 12:59:00,1.95,16121.0,United Kingdom
570102,22568,FELTCRAFT CUSHION OWL,8,2011-10-07 12:17:00,3.75,16455.0,United Kingdom
571853,23554,LANDMARK FRAME OXFORD STREET,3,2011-10-19 13:23:00,12.5,14306.0,United Kingdom
570240,22763,KEY CABINET MA CAMPAGNE,2,2011-10-09 15:17:00,9.95,13212.0,United Kingdom
571219,23208,LUNCH BAG VINTAGE LEAF DESIGN,10,2011-10-14 13:35:00,1.65,15601.0,United Kingdom
569914,23493,VINTAGE DOILY TRAVEL SEWING KIT,20,2011-10-06 16:54:00,1.95,14257.0,United Kingdom
572994,23323,WHITE WICKER STAR ,6,2011-10-27 11:10:00,2.1,17684.0,United Kingdom
570638,84952C,MIRROR LOVE BIRD T-LIGHT HOLDER,3,2011-10-11 12:36:00,3.75,17888.0,United Kingdom
572886,POST,POSTAGE,3,2011-10-26 13:46:00,28.0,12448.0,Spain
572047,21908,CHOCOLATE THIS WAY METAL SIGN,2,2011-10-20 12:13:00,2.1,16474.0,United Kingdom
569898,22133,PINK LOVE HEART SHAPE CUP,1,2011-10-06 16:08:00,1.63,,United Kingdom
570420,84519A,TOMATO CHARLIE+LOLA COASTER SET,1,2011-10-10 13:33:00,1.25,17841.0,United Kingdom
572283,23264,SET OF 3 WOODEN SLEIGH DECORATIONS,2,2011-10-23 11:42:00,1.25,15000.0,United Kingdom
571418,22383,LUNCH BAG SUKI DESIGN ,1,2011-10-17 12:35:00,1.65,16412.0,United Kingdom
570388,48111,DOORMAT 3 SMILEY CATS,2,2011-10-10 12:37:00,8.25,14911.0,EIRE
570703,22617,BAKING SET SPACEBOY DESIGN,3,2011-10-12 09:50:00,4.95,14911.0,EIRE
573100,23390,DOLLY GIRL MINI BACKPACK,4,2011-10-27 14:49:00,4.15,17528.0,United Kingdom
572653,22086,PAPER CHAIN KIT 50'S CHRISTMAS ,2,2011-10-25 12:12:00,2.95,15861.0,United Kingdom
569653,21379,CAMPHOR WOOD PORTOBELLO MUSHROOM,18,2011-10-05 12:52:00,1.25,12451.0,Switzerland
570598,22689,DOORMAT MERRY CHRISTMAS RED ,4,2011-10-11 11:55:00,8.25,14175.0,United Kingdom
569470,22437,SET OF 9 BLACK SKULL BALLOONS,10,2011-10-04 12:25:00,0.85,17673.0,United Kingdom
570167,23424,GINGHAM RECIPE BOOK BOX,4,2011-10-07 14:04:00,4.95,15615.0,United Kingdom
570220,84029E,RED WOOLLY HOTTIE WHITE HEART.,4,2011-10-09 12:49:00,4.25,15612.0,United Kingdom
571850,84921,CREAM AND PINK FLOWERS PONY ,2,2011-10-19 12:54:00,3.75,14698.0,United Kingdom
572913,22339,CHRISTMAS TREE PAINTED ZINC ,12,2011-10-26 16:21:00,0.19,15993.0,United Kingdom
571289,22077,6 RIBBONS RUSTIC CHARM,24,2011-10-16 15:27:00,1.95,15113.0,United Kingdom
C569851,20725,LUNCH BAG RED RETROSPOT,-1,2011-10-06 14:02:00,1.45,17511.0,United Kingdom
572045,20677,PINK POLKADOT BOWL,1,2011-10-20 12:11:00,1.25,14527.0,United Kingdom
569469,23494,VINTAGE DOILY DELUXE SEWING KIT ,5,2011-10-04 12:22:00,5.95,16360.0,United Kingdom
571158,22996,TRAVEL CARD WALLET VINTAGE TICKET,2,2011-10-14 10:25:00,0.42,14606.0,United Kingdom
570231,22867,HAND WARMER BIRD DESIGN,1,2011-10-09 13:44:00,2.1,16685.0,United Kingdom
572103,79160,HEART SHAPE WIRELESS DOORBELL,1,2011-10-20 15:57:00,2.1,17571.0,United Kingdom
570465,16237,SLEEPING CAT ERASERS,2,2011-10-10 16:02:00,0.42,,United Kingdom
571283,22361,GLASS JAR DAISY FRESH COTTON WOOL,1,2011-10-16 13:51:00,2.95,16533.0,United Kingdom
C570889,22846,BREAD BIN DINER STYLE RED ,-1,2011-10-13 10:49:00,16.95,13954.0,United Kingdom
569688,20749,ASSORTED COLOUR MINI CASES,1,2011-10-05 14:55:00,7.95,15048.0,United Kingdom
570027,22149,FELTCRAFT 6 FLOWER FRIENDS,6,2011-10-07 10:41:00,2.1,14844.0,United Kingdom
573248,16169E,WRAP 50'S  CHRISTMAS,25,2011-10-28 12:09:00,0.42,14498.0,United Kingdom
571047,22865,HAND WARMER OWL DESIGN,12,2011-10-13 13:42:00,2.1,16042.0,United Kingdom
571690,22386,JUMBO BAG PINK POLKADOT,10,2011-10-18 14:32:00,2.08,14191.0,United Kingdom
573038,21908,CHOCOLATE THIS WAY METAL SIGN,1,2011-10-27 13:48:00,2.1,17545.0,United Kingdom
569472,21810,CHRISTMAS HANGING STAR WITH BELL,48,2011-10-04 12:38:00,0.39,14515.0,United Kingdom
571277,22119,PEACE WOODEN BLOCK LETTERS,3,2011-10-16 12:40:00,6.95,16934.0,United Kingdom
571039,22499,WOODEN UNION JACK BUNTING,1,2011-10-13 12:59:00,5.95,16121.0,United Kingdom
C569636,47566,PARTY BUNTING,-11,2011-10-05 12:14:00,4.95,12841.0,United Kingdom
570223,21803,CHRISTMAS TREE STAR DECORATION,4,2011-10-09 13:11:00,0.42,15787.0,United Kingdom
569670,20685,DOORMAT RED RETROSPOT,1,2011-10-05 13:47:00,8.25,14730.0,United Kingdom
570116,47591D,PINK FAIRY CAKE CHILDRENS APRON,2,2011-10-07 12:38:00,1.95,12856.0,United Kingdom
573076,23565,EGG CUP MILKMAID HELGA ,12,2011-10-27 14:05:00,1.25,13488.0,United Kingdom
569852,23504,PLAYING CARDS JUBILEE UNION JACK,12,2011-10-06 14:17:00,1.25,13771.0,United Kingdom
573153,22553,PLASTERS IN TIN SKULLS,48,2011-10-28 07:39:00,1.65,12678.0,France
570688,20733,GOLD MINI TAPE MEASURE ,2,2011-10-11 16:29:00,0.83,,United Kingdom
572217,22139,RETROSPOT TEA SET CERAMIC 11 PC ,2,2011-10-21 13:03:00,4.95,15311.0,United Kingdom
570404,21212,PACK OF 72 RETROSPOT CAKE CASES,2,2011-10-10 12:50:00,0.55,16395.0,United Kingdom
571841,22588,CARD HOLDER GINGHAM HEART,3,2011-10-19 12:21:00,2.89,17625.0,United Kingdom
572567,21967,PACK OF 12 SKULL TISSUES,24,2011-10-25 10:27:00,0.39,12398.0,Switzerland
572897,20967,GREY FLORAL FELTCRAFT SHOULDER BAG,1,2011-10-26 14:42:00,7.46,,United Kingdom
570225,22396,MAGNETS PACK OF 4 RETRO PHOTO,3,2011-10-09 13:15:00,0.39,16595.0,United Kingdom
569524,21351,CINAMMON & ORANGE WREATH,1,2011-10-04 14:42:00,6.75,14506.0,United Kingdom
569564,21174,POTTERING IN THE SHED METAL SIGN,12,2011-10-05 09:47:00,2.08,13989.0,United Kingdom
572837,23507,MINI PLAYING CARDS BUFFALO BILL ,20,2011-10-26 12:01:00,0.42,14754.0,United Kingdom
570818,21232,STRAWBERRY CERAMIC TRINKET BOX,1,2011-10-12 12:47:00,1.25,17841.0,United Kingdom
570449,85053,FRENCH ENAMEL CANDLEHOLDER,48,2011-10-10 14:57:00,1.69,16133.0,United Kingdom
572520,84929,ASSTD FRUIT+FLOWERS FRIDGE MAGNETS,24,2011-10-24 15:05:00,0.19,13165.0,United Kingdom
571283,22722,SET OF 6 SPICE TINS PANTRY DESIGN,1,2011-10-16 13:51:00,3.95,16533.0,United Kingdom
569523,23152,IVORY SWEETHEART WIRE LETTER RACK ,2,2011-10-04 14:41:00,3.75,16033.0,United Kingdom
572758,23566,EGG CUP MILKMAID HEIDI,3,2011-10-25 18:39:00,2.46,,United Kingdom
569865,21892,TRADITIONAL WOODEN CATCH CUP GAME ,1,2011-10-06 14:47:00,1.25,12748.0,United Kingdom
570268,23319,BOX OF 6 MINI 50'S CRACKERS,48,2011-10-10 10:16:00,2.08,13098.0,United Kingdom
572282,22961,JAM MAKING SET PRINTED,6,2011-10-23 11:39:00,1.45,17634.0,United Kingdom
569826,23245,SET OF 3 REGENCY CAKE TINS,4,2011-10-06 12:25:00,4.95,18161.0,United Kingdom
572321,23155,KNICKERBOCKERGLORY MAGNET ASSORTED ,12,2011-10-24 08:59:00,0.83,15592.0,United Kingdom
570187,23294,SET OF 6 SNACK LOAF BAKING CASES,1,2011-10-07 15:09:00,2.46,,United Kingdom
571715,23424,GINGHAM RECIPE BOOK BOX,1,2011-10-18 17:04:00,4.95,17576.0,United Kingdom
571653,22161,HEART DECORATION RUSTIC HANGING ,48,2011-10-18 12:17:00,0.19,14298.0,United Kingdom
570178,23543,WALL ART KEEP CALM ,2,2011-10-07 14:23:00,8.25,16558.0,United Kingdom
569406,22142,CHRISTMAS CRAFT WHITE FAIRY ,36,2011-10-04 09:09:00,1.45,16253.0,United Kingdom
570223,21908,CHOCOLATE THIS WAY METAL SIGN,1,2011-10-09 13:11:00,2.1,15787.0,United Kingdom
571713,22698,PINK REGENCY TEACUP AND SAUCER,3,2011-10-18 16:58:00,5.79,,United Kingdom
571670,23298,SPOTTY BUNTING,3,2011-10-18 13:12:00,4.95,12611.0,Italy
571475,23367,SET 12 COLOUR PENCILS SPACEBOY ,3,2011-10-17 14:42:00,0.65,15033.0,United Kingdom
575756,20971,PINK BLUE FELT CRAFT TRINKET BOX,2,2011-11-11 10:48:00,1.25,18118.0,United Kingdom
574016,21365,MIRRORED WALL ART STARS,1,2011-11-02 12:04:00,0.75,18105.0,United Kingdom
573285,84508C,BLUE CIRCLES DESIGN TEDDY,6,2011-10-28 14:38:00,2.55,17611.0,United Kingdom
574253,22574,HEART WOODEN CHRISTMAS DECORATION,12,2011-11-03 13:30:00,0.85,15252.0,United Kingdom
576076,21945,STRAWBERRIES  DESIGN FLANNEL ,4,2011-11-13 16:18:00,0.85,14382.0,United Kingdom
576339,22953,BIRTHDAY PARTY CORDON BARRIER TAPE,2,2011-11-14 15:27:00,2.46,14096.0,United Kingdom
574074,23427,STOOL HOME SWEET HOME ,1,2011-11-02 15:33:00,24.96,,United Kingdom
576837,84946,ANTIQUE SILVER T-LIGHT GLASS,5,2011-11-16 15:16:00,2.46,,United Kingdom
573496,22679,FRENCH BLUE METAL DOOR SIGN 4,1,2011-10-31 11:59:00,1.25,17841.0,United Kingdom
575943,21034,REX CASH+CARRY JUMBO SHOPPER,2,2011-11-13 11:44:00,0.95,17920.0,United Kingdom
576364,22747,POPPY'S PLAYHOUSE BATHROOM,1,2011-11-14 17:40:00,2.1,15009.0,United Kingdom
576056,23534,WALL ART STOP FOR TEA ,3,2011-11-13 15:04:00,5.95,17720.0,United Kingdom
573585,22628,PICNIC BOXES SET OF 3 RETROSPOT ,2,2011-10-31 14:41:00,9.96,,United Kingdom
573340,84991,60 TEATIME FAIRY CAKE CASES,4,2011-10-30 11:55:00,0.55,14159.0,United Kingdom
574685,23497,CLASSIC CHROME BICYCLE BELL ,12,2011-11-06 12:59:00,1.45,17581.0,United Kingdom
575491,22138,BAKING SET 9 PIECE RETROSPOT ,3,2011-11-09 17:47:00,4.95,15531.0,United Kingdom
574481,22211,WOOD STAMP SET FLOWERS,8,2011-11-04 12:45:00,0.83,18022.0,United Kingdom
575851,20713,JUMBO BAG OWLS,1,2011-11-11 12:13:00,2.08,14662.0,United Kingdom
574269,23311,VINTAGE CHRISTMAS STOCKING ,6,2011-11-03 14:27:00,2.55,15570.0,United Kingdom
574234,23323,WHITE WICKER STAR ,6,2011-11-03 12:28:00,2.1,15271.0,United Kingdom
573585,22465,HANGING METAL STAR LANTERN,2,2011-10-31 14:41:00,3.29,,United Kingdom
574532,23506,MINI PLAYING CARDS SPACEBOY ,20,2011-11-04 14:19:00,0.42,15676.0,United Kingdom
573319,22720,SET OF 3 CAKE TINS PANTRY DESIGN ,3,2011-10-30 10:18:00,4.95,17651.0,United Kingdom
574479,23458,DOLLY CABINET 3 DRAWERS ,1,2011-11-04 12:39:00,14.95,18035.0,United Kingdom
574302,21754,HOME BUILDING BLOCK WORD,3,2011-11-03 16:28:00,6.25,13914.0,United Kingdom
575177,23517,EMBROIDERED RIBBON REEL REBECCA ,2,2011-11-08 18:41:00,5.79,,United Kingdom
576329,22068,BLACK PIRATE TREASURE CHEST,1,2011-11-14 15:22:00,3.29,,United Kingdom
575602,21733,RED HANGING HEART T-LIGHT HOLDER,1,2011-11-10 12:27:00,2.95,17059.0,United Kingdom
575950,22568,FELTCRAFT CUSHION OWL,8,2011-11-13 11:53:00,3.75,16983.0,United Kingdom
575739,85124B,BLUE JUICY FRUIT PHOTO FRAME,1,2011-11-11 09:05:00,4.96,,United Kingdom
575930,23167,SMALL CERAMIC TOP STORAGE JAR ,3,2011-11-11 17:58:00,1.63,,United Kingdom
575070,21039,RED RETROSPOT SHOPPING BAG,1,2011-11-08 12:58:00,2.55,17841.0,United Kingdom
573580,21802,CHRISTMAS TREE HEART DECORATION,1,2011-10-31 14:21:00,0.83,,United Kingdom
573430,15056BL,EDWARDIAN PARASOL BLACK,6,2011-10-31 10:38:00,5.95,13813.0,Germany
576052,23311,VINTAGE CHRISTMAS STOCKING ,4,2011-11-13 14:48:00,2.55,15787.0,United Kingdom
574856,22659,LUNCH BOX I LOVE LONDON,1,2011-11-07 12:06:00,4.13,,United Kingdom
576840,22574,HEART WOODEN CHRISTMAS DECORATION,2,2011-11-16 15:23:00,1.63,,United Kingdom
576329,22963,JAM JAR WITH GREEN LID,1,2011-11-14 15:22:00,1.63,,United Kingdom
576665,84836,ZINC METAL HEART DECORATION,5,2011-11-16 11:46:00,1.25,17841.0,United Kingdom
574076,22322,BIRD DECORATION GREEN POLKADOT,2,2011-11-02 15:38:00,1.63,,United Kingdom
576300,15056BL,EDWARDIAN PARASOL BLACK,2,2011-11-14 14:39:00,5.95,15058.0,United Kingdom
574909,22620,4 TRADITIONAL SPINNING TOPS,1,2011-11-07 15:40:00,1.45,13673.0,United Kingdom
574015,22626,BLACK KITCHEN SCALES,1,2011-11-02 12:03:00,8.5,15576.0,United Kingdom
576025,23353,6 GIFT TAGS VINTAGE CHRISTMAS ,3,2011-11-13 14:34:00,0.83,13232.0,United Kingdom
575602,21327,SKULLS WRITING SET ,2,2011-11-10 12:27:00,1.65,17059.0,United Kingdom
576255,23148,MINIATURE ANTIQUE ROSE HOOK IVORY,4,2011-11-14 14:09:00,0.83,15993.0,United Kingdom
574356,84997d,CHILDRENS CUTLERY POLKADOT PINK,8,2011-11-04 10:48:00,8.29,,United Kingdom
575177,22602,RETROSPOT WOODEN HEART DECORATION,1,2011-11-08 18:41:00,1.63,,United Kingdom
575367,22307,GOLD MUG BONE CHINA TREE OF LIFE,24,2011-11-09 15:05:00,1.06,15114.0,United Kingdom
574660,23582,VINTAGE DOILY JUMBO BAG RED ,1,2011-11-06 11:55:00,2.08,15407.0,United Kingdom
575091,23343,JUMBO BAG VINTAGE CHRISTMAS ,10,2011-11-08 14:05:00,2.08,17160.0,United Kingdom
576200,82482,WOODEN PICTURE FRAME WHITE FINISH,2,2011-11-14 12:14:00,2.95,15572.0,United Kingdom
573426,22554,PLASTERS IN TIN WOODLAND ANIMALS,1,2011-10-31 10:17:00,3.29,,United Kingdom
576137,23358,HOT STUFF HOT WATER BOTTLE,24,2011-11-14 10:45:00,3.75,15482.0,United Kingdom
574481,21559,STRAWBERRY LUNCH BOX WITH CUTLERY,1,2011-11-04 12:45:00,2.55,18022.0,United Kingdom
576837,22340,NOEL GARLAND PAINTED ZINC ,9,2011-11-16 15:16:00,0.83,,United Kingdom
575583,35970,ZINC FOLKART SLEIGH BELLS,1,2011-11-10 11:55:00,1.69,14456.0,United Kingdom
576617,20973,12 PENCIL SMALL TUBE WOODLAND,6,2011-11-15 16:57:00,1.25,,United Kingdom
576463,21026,SPACE OWL,1,2011-11-15 11:37:00,1.25,17974.0,United Kingdom
574653,22082,RIBBON REEL STRIPES DESIGN ,20,2011-11-06 11:30:00,1.65,12619.0,Germany
573553,47566b,TEA TIME PARTY BUNTING,1,2011-10-31 13:48:00,8.29,,United Kingdom
573314,22526,WHEELBARROW FOR CHILDREN ,1,2011-10-28 17:26:00,12.75,16987.0,United Kingdom
574950,84796B,BLUE SAVANNAH PICNIC HAMPER FOR 2,1,2011-11-08 09:29:00,24.96,,United Kingdom
575868,84692,BOX OF 24 COCKTAIL PARASOLS,25,2011-11-11 12:44:00,0.42,12985.0,United Kingdom
575947,72807c,SET/3 VANILLA SCENTED CANDLE IN BOX,1,2011-11-13 11:50:00,8.29,,United Kingdom
574741,84029G,KNITTED UNION FLAG HOT WATER BOTTLE,1,2011-11-06 16:13:00,4.25,15993.0,United Kingdom
574481,23287,RED VINTAGE SPOT BEAKER,1,2011-11-04 12:45:00,0.85,18022.0,United Kingdom
574936,21811,HANGING HEART WITH BELL,10,2011-11-07 17:06:00,0.39,13066.0,United Kingdom
576339,22753,SMALL YELLOW BABUSHKA NOTEBOOK ,2,2011-11-14 15:27:00,1.63,14096.0,United Kingdom
576627,84347,ROTATING SILVER ANGELS T-LIGHT HLDR,120,2011-11-16 08:25:00,2.1,14426.0,United Kingdom
574096,35471D,SET OF 3 BIRD LIGHT PINK FEATHER ,24,2011-11-03 09:55:00,0.39,13599.0,United Kingdom
574692,72800C,4 PINK DINNER CANDLE SILVER FLOCK,4,2011-11-06 13:28:00,2.55,16771.0,United Kingdom
576779,23392,SPACEBOY ROCKET LOLLY MAKERS,4,2011-11-16 13:25:00,2.08,14554.0,United Kingdom
575199,47591D,PINK FAIRY CAKE CHILDRENS APRON,8,2011-11-09 09:48:00,1.95,12921.0,United Kingdom
576559,22360,GLASS JAR ENGLISH CONFECTIONERY,1,2011-11-15 13:19:00,2.95,14711.0,United Kingdom
576665,71270,PHOTO CLIP LINE,2,2011-11-16 11:46:00,1.25,17841.0,United Kingdom
575708,22779,WOODEN OWLS LIGHT GARLAND ,4,2011-11-10 17:17:00,4.25,13460.0,United Kingdom
573373,22633,HAND WARMER UNION JACK,4,2011-10-30 13:37:00,2.1,14684.0,United Kingdom
574671,85049E,SCANDINAVIAN REDS RIBBONS,1,2011-11-06 12:23:00,1.25,16744.0,United Kingdom
573892,23571,TRADITIONAL NAUGHTS & CROSSES,12,2011-11-01 13:57:00,1.65,14911.0,EIRE
574478,23351,ROLL WRAP 50'S CHRISTMAS,1,2011-11-04 12:27:00,1.25,17203.0,United Kingdom
574308,20675,BLUE POLKADOT BOWL,12,2011-11-03 16:45:00,1.25,16409.0,United Kingdom
575607,23265,SET OF 3 WOODEN TREE DECORATIONS,1,2011-11-10 12:37:00,2.5,14096.0,United Kingdom
575607,22027,TEA PARTY BIRTHDAY CARD,5,2011-11-10 12:37:00,0.83,14096.0,United Kingdom
575919,82483,WOOD 2 DRAWER CABINET WHITE FINISH,16,2011-11-11 17:00:00,5.95,15311.0,United Kingdom
576339,22653,BUTTON BOX ,7,2011-11-14 15:27:00,1.63,14096.0,United Kingdom
575937,84077,WORLD WAR 2 GLIDERS ASSTD DESIGNS,48,2011-11-13 11:24:00,0.29,12935.0,United Kingdom
576696,20985,HEART CALCULATOR,4,2011-11-16 12:26:00,1.25,16669.0,United Kingdom
575491,22116,METAL SIGN HIS DINNER IS SERVED,2,2011-11-09 17:47:00,0.79,15531.0,United Kingdom
573582,71477,COLOUR GLASS. STAR T-LIGHT HOLDER,12,2011-10-31 14:23:00,3.95,16633.0,United Kingdom
573585,22110,BIRD HOUSE HOT WATER BOTTLE,3,2011-10-31 14:41:00,5.79,,United Kingdom
576690,23378,PACK OF 12 50'S CHRISTMAS TISSUES,4,2011-11-16 12:19:00,0.39,15900.0,United Kingdom
573347,21914,BLUE HARMONICA IN BOX ,3,2011-10-30 12:26:00,1.25,13137.0,United Kingdom
575323,22555,PLASTERS IN TIN STRONGMAN,12,2011-11-09 13:37:00,1.65,15392.0,United Kingdom
574561,85174,S/4 CACTI CANDLES,1,2011-11-04 15:52:00,10.79,,United Kingdom
573452,22114,HOT WATER BOTTLE TEA AND SYMPATHY,30,2011-10-31 10:45:00,5.1,17450.0,United Kingdom
575952,22577,WOODEN HEART CHRISTMAS SCANDINAVIAN,12,2011-11-13 11:55:00,0.29,16015.0,United Kingdom
575137,22139,RETROSPOT TEA SET CERAMIC 11 PC ,24,2011-11-08 15:13:00,4.25,13090.0,United Kingdom
574529,23271,CHRISTMAS TABLE SILVER CANDLE SPIKE,32,2011-11-04 14:06:00,0.83,17233.0,United Kingdom
575512,85099B,JUMBO BAG RED RETROSPOT,10,2011-11-10 10:36:00,2.08,14121.0,United Kingdom
574068,23349,ROLL WRAP VINTAGE CHRISTMAS,12,2011-11-02 14:51:00,1.25,12490.0,France
575176,21889,WOODEN BOX OF DOMINOES,3,2011-11-08 18:29:00,2.46,,United Kingdom
575490,22555,PLASTERS IN TIN STRONGMAN,2,2011-11-09 17:44:00,1.65,15031.0,United Kingdom
575930,23336,EGG FRYING PAN PINK ,1,2011-11-11 17:58:00,4.13,,United Kingdom
576075,23206,LUNCH BAG APPLE DESIGN,3,2011-11-13 16:16:00,1.65,15861.0,United Kingdom
575895,22737,RIBBON REEL CHRISTMAS PRESENT ,5,2011-11-11 14:50:00,1.65,17052.0,United Kingdom
575367,22144,CHRISTMAS CRAFT LITTLE FRIENDS,6,2011-11-09 15:05:00,2.1,15114.0,United Kingdom
574673,22578,WOODEN STAR CHRISTMAS SCANDINAVIAN,20,2011-11-06 12:26:00,0.29,15555.0,United Kingdom
575334,22727,ALARM CLOCK BAKELIKE RED ,8,2011-11-09 13:54:00,3.75,14493.0,United Kingdom
573846,22910,PAPER CHAIN KIT VINTAGE CHRISTMAS,80,2011-11-01 11:39:00,2.55,14866.0,United Kingdom
575071,21928,JUMBO BAG SCANDINAVIAN BLUE PAISLEY,10,2011-11-08 13:01:00,2.08,12990.0,United Kingdom
575739,51014A,"FEATHER PEN,HOT PINK",1,2011-11-11 09:05:00,0.83,,United Kingdom
575895,23165,LARGE CERAMIC TOP STORAGE JAR,1,2011-11-11 14:50:00,1.65,17052.0,United Kingdom
575947,23351,ROLL WRAP 50'S CHRISTMAS,14,2011-11-13 11:50:00,2.46,,United Kingdom
576649,22439,6 ROCKET BALLOONS ,2,2011-11-16 10:32:00,0.65,16008.0,United Kingdom
576644,23404,HOME SWEET HOME BLACKBOARD,1,2011-11-16 10:01:00,10.79,,United Kingdom
574040,23392,SPACEBOY ROCKET LOLLY MAKERS,1,2011-11-02 13:01:00,2.08,14974.0,United Kingdom
576060,23322,LARGE WHITE HEART OF WICKER,5,2011-11-13 15:25:00,2.95,13681.0,United Kingdom
575088,85123A,WHITE HANGING HEART T-LIGHT HOLDER,6,2011-11-08 14:00:00,2.95,13272.0,United Kingdom
576553,22464,HANGING METAL HEART LANTERN,12,2011-11-15 12:57:00,1.65,14666.0,United Kingdom
575692,22577,WOODEN HEART CHRISTMAS SCANDINAVIAN,5,2011-11-10 16:27:00,0.29,12508.0,France
573744,21314,SMALL GLASS HEART TRINKET POT,8,2011-11-01 08:16:00,2.1,17733.0,United Kingdom
575766,84947,ANTIQUE SILVER TEA GLASS ENGRAVED,6,2011-11-11 11:06:00,1.25,12856.0,United Kingdom
575515,23170,REGENCY TEA PLATE ROSES ,24,2011-11-10 10:41:00,1.65,17315.0,United Kingdom
574673,21877,HOME SWEET HOME MUG,2,2011-11-06 12:26:00,1.65,15555.0,United Kingdom
574907,85232D,SET/3 DECOUPAGE STACKING TINS,6,2011-11-07 15:33:00,4.95,17043.0,United Kingdom
574304,23324,RUSTIC STRAWBERRY JAM POT LARGE ,2,2011-11-03 16:30:00,2.08,14428.0,United Kingdom
576364,22750,FELTCRAFT PRINCESS LOLA DOLL,2,2011-11-14 17:40:00,3.75,15009.0,United Kingdom
575930,22771,CLEAR DRAWER KNOB ACRYLIC EDWARDIAN,12,2011-11-11 17:58:00,2.46,,United Kingdom
574015,84970L,SINGLE HEART ZINC T-LIGHT HOLDER,12,2011-11-02 12:03:00,1.25,15576.0,United Kingdom
574299,23291,DOLLY GIRL CHILDRENS CUP,8,2011-11-03 16:06:00,1.25,16746.0,United Kingdom
573585,84947,ANTIQUE SILVER TEA GLASS ENGRAVED,23,2011-10-31 14:41:00,2.46,,United Kingdom
574509,22549,PICTURE DOMINOES,2,2011-11-04 13:25:00,1.45,16012.0,United Kingdom
576592,21200,MULTICOLOUR HONEYCOMB PAPER GARLAND,2,2011-11-15 14:47:00,1.65,13614.0,United Kingdom
575637,72349B,SET/6 PURPLE BUTTERFLY T-LIGHTS,3,2011-11-10 13:46:00,2.1,16904.0,United Kingdom
573380,23082,SET 6 PAPER TABLE LANTERN HEARTS ,1,2011-10-30 14:04:00,3.75,14572.0,United Kingdom
575989,21927,BLUE/CREAM STRIPE CUSHION COVER ,2,2011-11-13 14:20:00,1.25,14698.0,United Kingdom
575512,23570,TRADITIONAL PICK UP STICKS GAME ,12,2011-11-10 10:36:00,1.25,14121.0,United Kingdom
576688,22909,SET OF 20 VINTAGE CHRISTMAS NAPKINS,12,2011-11-16 12:16:00,0.85,16717.0,United Kingdom
576329,21900,"KEY FOB , SHED",2,2011-11-14 15:22:00,1.63,,United Kingdom
575930,22720,SET OF 3 CAKE TINS PANTRY DESIGN ,2,2011-11-11 17:58:00,10.79,,United Kingdom
573585,22743,MAKE YOUR OWN FLOWERPOWER CARD KIT,1,2011-10-31 14:41:00,5.79,,United Kingdom
573580,22456,NATURAL SLATE CHALKBOARD LARGE ,3,2011-10-31 14:21:00,9.96,,United Kingdom
573486,21620,SET OF 4 ROSE BOTANICAL CANDLES,12,2011-10-31 11:40:00,1.25,13186.0,United Kingdom
574289,23004,TRAVEL CARD WALLET PANTRY,48,2011-11-03 15:16:00,0.42,17750.0,United Kingdom
574892,23389,SPACEBOY MINI BACKPACK,1,2011-11-07 14:40:00,4.15,14700.0,United Kingdom
576251,22496,SET OF 2 ROUND TINS DUTCH CHEESE,2,2011-11-14 13:51:00,2.95,16207.0,United Kingdom
573585,22727,ALARM CLOCK BAKELIKE RED ,2,2011-10-31 14:41:00,7.46,,United Kingdom
573426,22772,PINK DRAWER KNOB ACRYLIC EDWARDIAN,17,2011-10-31 10:17:00,3.29,,United Kingdom
575875,23399,HOME SWEET HOME HANGING HEART,1,2011-11-11 13:06:00,2.08,,United Kingdom
576179,20725,LUNCH BAG RED RETROSPOT,100,2011-11-14 11:09:00,1.45,13694.0,United Kingdom
576071,22294,HEART FILIGREE DOVE  SMALL,2,2011-11-13 16:03:00,1.25,18069.0,United Kingdom
573585,22694,WICKER STAR ,4,2011-10-31 14:41:00,4.13,,United Kingdom
575935,21875,KINGS CHOICE MUG,24,2011-11-13 11:20:00,1.25,17838.0,United Kingdom
576353,22093,MOTORING TISSUE BOX,1,2011-11-14 16:17:00,0.39,15050.0,United Kingdom
576779,23569,TRADTIONAL ALPHABET STAMP SET,3,2011-11-16 13:25:00,4.95,14554.0,United Kingdom
574470,23507,MINI PLAYING CARDS BUFFALO BILL ,6,2011-11-04 11:56:00,0.42,12748.0,United Kingdom
575589,23389,SPACEBOY MINI BACKPACK,8,2011-11-10 12:05:00,4.15,14262.0,United Kingdom
573916,23501,KEY RING BASEBALL BOOT UNION JACK,4,2011-11-01 15:57:00,1.25,,United Kingdom
573585,22178,VICTORIAN GLASS HANGING T-LIGHT,13,2011-10-31 14:41:00,2.46,,United Kingdom
576618,21650,ASSORTED TUTTI FRUTTI BRACELET,2,2011-11-15 17:00:00,0.83,,United Kingdom
574481,21452,TOADSTOOL MONEY BOX,1,2011-11-04 12:45:00,2.95,18022.0,United Kingdom
576611,22622,BOX OF VINTAGE ALPHABET BLOCKS,1,2011-11-15 16:29:00,11.95,17357.0,United Kingdom
575177,84968A,SET OF 16 VINTAGE ROSE CUTLERY,1,2011-11-08 18:41:00,24.96,,United Kingdom
573585,22211,WOOD STAMP SET FLOWERS,1,2011-10-31 14:41:00,3.29,,United Kingdom
573873,23583,LUNCH BAG PAISLEY PARK  ,2,2011-11-01 12:39:00,1.65,17346.0,United Kingdom
575710,72127,COLUMBIAN CANDLE ROUND ,2,2011-11-10 17:29:00,1.25,17901.0,United Kingdom
573585,22171,3 HOOK PHOTO SHELF ANTIQUE WHITE,1,2011-10-31 14:41:00,16.63,,United Kingdom
574896,23220,REINDEER HEART DECORATION GOLD,2,2011-11-07 14:51:00,0.83,17014.0,United Kingdom
573381,21756,BATH BUILDING BLOCK WORD,2,2011-10-30 14:05:00,6.25,17590.0,United Kingdom
576339,22508,DOORSTOP RETROSPOT HEART,2,2011-11-14 15:27:00,7.46,14096.0,United Kingdom
573585,21352,EUCALYPTUS & PINECONE  WREATH,1,2011-10-31 14:41:00,5.79,,United Kingdom
574485,85150,LADIES & GENTLEMEN METAL SIGN,48,2011-11-04 12:56:00,2.1,13798.0,United Kingdom
C575511,22382,LUNCH BAG SPACEBOY DESIGN ,-1,2011-11-10 10:33:00,1.65,14456.0,United Kingdom
576076,23379,PACK OF 12 RED APPLE TISSUES,12,2011-11-13 16:18:00,0.39,14382.0,United Kingdom
573287,21733,RED HANGING HEART T-LIGHT HOLDER,6,2011-10-28 14:42:00,2.95,14194.0,United Kingdom
574575,21494,ROTATING LEAVES T-LIGHT HOLDER,1,2011-11-04 17:03:00,1.25,14971.0,United Kingdom
575612,23582,VINTAGE DOILY JUMBO BAG RED ,10,2011-11-10 12:47:00,2.08,17416.0,United Kingdom
574328,22997,TRAVEL CARD WALLET UNION JACK,24,2011-11-04 09:05:00,0.42,13081.0,United Kingdom
574896,22086,PAPER CHAIN KIT 50'S CHRISTMAS ,1,2011-11-07 14:51:00,2.95,17014.0,United Kingdom
574909,21892,TRADITIONAL WOODEN CATCH CUP GAME ,1,2011-11-07 15:40:00,1.25,13673.0,United Kingdom
574587,48185,DOORMAT FAIRY CAKE,2,2011-11-06 10:29:00,8.25,14936.0,Channel Islands
573909,85066,CREAM SWEETHEART MINI CHEST,1,2011-11-01 15:26:00,12.75,17813.0,United Kingdom
574532,22384,LUNCH BAG PINK POLKADOT,10,2011-11-04 14:19:00,1.65,15676.0,United Kingdom
573381,20992,JAZZ HEARTS PURSE NOTEBOOK,4,2011-10-30 14:05:00,0.39,17590.0,United Kingdom
574677,85150,LADIES & GENTLEMEN METAL SIGN,1,2011-11-06 12:32:00,2.55,16445.0,United Kingdom
576840,23418,LAVENDER TOILETTE BOTTLE,2,2011-11-16 15:23:00,4.13,,United Kingdom
574657,23167,SMALL CERAMIC TOP STORAGE JAR ,1,2011-11-06 11:43:00,0.83,13772.0,United Kingdom
574907,20674,GREEN POLKADOT BOWL,12,2011-11-07 15:33:00,1.25,17043.0,United Kingdom
576618,23184,BULL DOG BOTTLE OPENER,1,2011-11-15 17:00:00,10.79,,United Kingdom
575017,22988,SOLDIERS EGG CUP ,2,2011-11-08 11:25:00,1.25,17219.0,United Kingdom
576617,22271,FELTCRAFT DOLL ROSIE,1,2011-11-15 16:57:00,5.79,,United Kingdom
576176,22807,SET OF 6 T-LIGHTS TOADSTOOLS,1,2011-11-14 11:04:00,2.95,16936.0,United Kingdom
574033,22356,CHARLOTTE BAG PINK POLKADOT,10,2011-11-02 12:44:00,0.85,16558.0,United Kingdom
576368,21135,wet rusty,-864,2011-11-14 18:33:00,0.0,,United Kingdom
575973,22816,CARD MOTORBIKE SANTA,12,2011-11-13 13:03:00,0.42,,EIRE
575177,20652,BLUE POLKADOT LUGGAGE TAG ,1,2011-11-08 18:41:00,2.46,,United Kingdom
576617,15044A,PINK PAPER PARASOL ,1,2011-11-15 16:57:00,5.79,,United Kingdom
574840,23324,RUSTIC STRAWBERRY JAM POT LARGE ,2,2011-11-07 11:41:00,2.08,12748.0,United Kingdom
576239,22684,FRENCH BLUE METAL DOOR SIGN 9,10,2011-11-14 13:33:00,1.25,15694.0,United Kingdom
574918,84032B,CHARLIE + LOLA RED HOT WATER BOTTLE,1,2011-11-07 16:31:00,2.95,,France
575074,22726,ALARM CLOCK BAKELIKE GREEN,2,2011-11-08 13:11:00,3.75,15356.0,United Kingdom
575875,22135,MINI LADLE LOVE HEART PINK,3,2011-11-11 13:06:00,0.83,,United Kingdom
576779,23081,GREEN METAL BOX ARMY SUPPLIES,2,2011-11-16 13:25:00,8.25,14554.0,United Kingdom
576053,21165,BEWARE OF THE CAT METAL SIGN ,1,2011-11-13 14:53:00,1.69,16726.0,United Kingdom
575683,22960,JAM MAKING SET WITH JARS,36,2011-11-10 15:51:00,3.75,17389.0,United Kingdom
573867,22332,SKULLS PARTY BAG + STICKER SET,8,2011-11-01 12:12:00,1.65,12674.0,France
576624,22086,PAPER CHAIN KIT 50'S CHRISTMAS ,6,2011-11-15 17:14:00,2.95,16156.0,United Kingdom
576463,23379,PACK OF 12 RED APPLE TISSUES,2,2011-11-15 11:37:00,0.39,17974.0,United Kingdom
575177,21900,"KEY FOB , SHED",1,2011-11-08 18:41:00,1.63,,United Kingdom
576553,M,Manual,6,2011-11-15 12:57:00,2.55,14666.0,United Kingdom
576840,21790,VINTAGE SNAP CARDS,1,2011-11-16 15:23:00,1.63,,United Kingdom
574690,23311,VINTAGE CHRISTMAS STOCKING ,6,2011-11-06 13:11:00,2.55,12638.0,Sweden
576364,85183B,CHARLIE & LOLA WASTEPAPER BIN FLORA,2,2011-11-14 17:40:00,1.25,15009.0,United Kingdom
575932,23489,VINTAGE BELLS GARLAND,2,2011-11-13 10:35:00,2.89,16923.0,United Kingdom
576399,84992,72 SWEETHEART FAIRY CAKE CASES,24,2011-11-15 10:50:00,0.55,12684.0,France
573464,23418,LAVENDER TOILETTE BOTTLE,12,2011-10-31 10:56:00,2.08,15667.0,United Kingdom
575668,23681,LUNCH BAG RED VINTAGE DOILY,1,2011-11-10 14:59:00,1.65,18283.0,United Kingdom
575179,22158,3 HEARTS HANGING DECORATION RUSTIC,8,2011-11-09 08:11:00,2.95,14284.0,United Kingdom
575059,20974,12 PENCILS SMALL TUBE SKULL,1,2011-11-08 12:25:00,0.65,14071.0,United Kingdom
575177,22994,TRAVEL CARD WALLET RETROSPOT,2,2011-11-08 18:41:00,0.83,,United Kingdom
576617,21088,SET/6 FRUIT SALAD PAPER CUPS,10,2011-11-15 16:57:00,0.83,,United Kingdom
576779,22978,PANTRY ROLLING PIN,2,2011-11-16 13:25:00,3.75,14554.0,United Kingdom
574682,23238,SET OF 4 KNICK KNACK TINS LONDON ,1,2011-11-06 12:44:00,4.15,14963.0,United Kingdom
575941,72351B,SET/6 PINK  BUTTERFLY T-LIGHTS,3,2011-11-13 11:39:00,2.1,16438.0,United Kingdom
575188,20749,ASSORTED COLOUR MINI CASES,2,2011-11-09 09:07:00,7.95,16759.0,United Kingdom
576329,22124,SET OF 2 TEA TOWELS PING MICROWAVE,1,2011-11-14 15:22:00,2.46,,United Kingdom
574328,22112,CHOCOLATE HOT WATER BOTTLE,6,2011-11-04 09:05:00,4.95,13081.0,United Kingdom
573417,23090,VINTAGE GLASS T-LIGHT HOLDER,12,2011-10-31 08:56:00,0.83,12581.0,Germany
573873,23557,LANDMARK FRAME BAKER STREET ,1,2011-11-01 12:39:00,12.5,17346.0,United Kingdom
573585,22169,FAMILY ALBUM WHITE PICTURE FRAME,6,2011-10-31 14:41:00,16.63,,United Kingdom
574951,21217,RED RETROSPOT ROUND CAKE TINS,1,2011-11-08 09:44:00,9.95,15763.0,United Kingdom
575892,85039B,S/4 IVORY MINI ROSE CANDLE IN BOWL,12,2011-11-11 14:22:00,1.65,16332.0,United Kingdom
576840,22378,WALL TIDY RETROSPOT ,2,2011-11-16 15:23:00,4.13,,United Kingdom
573553,22131,FOOD CONTAINER SET 3 LOVE HEART ,3,2011-10-31 13:48:00,4.13,,United Kingdom
576323,23270,SET OF 2 CERAMIC PAINTED HEARTS ,6,2011-11-14 15:10:00,1.45,16161.0,United Kingdom
574170,84006,MAGIC TREE -PAPER FLOWERS,5,2011-11-03 11:43:00,0.85,16221.0,United Kingdom
576255,23271,CHRISTMAS TABLE SILVER CANDLE SPIKE,3,2011-11-14 14:09:00,0.83,15993.0,United Kingdom
574025,21327,SKULLS WRITING SET ,2,2011-11-02 12:26:00,1.65,12748.0,United Kingdom
576592,22423,REGENCY CAKESTAND 3 TIER,1,2011-11-15 14:47:00,12.75,13614.0,United Kingdom
575847,20652,BLUE POLKADOT LUGGAGE TAG ,12,2011-11-11 12:07:00,1.25,18209.0,United Kingdom
575312,21914,BLUE HARMONICA IN BOX ,12,2011-11-09 12:49:00,1.25,13588.0,United Kingdom
575637,23355,HOT WATER BOTTLE KEEP CALM,1,2011-11-10 13:46:00,4.95,16904.0,United Kingdom
574861,23190,BUNDLE OF 3 SCHOOL EXERCISE BOOKS  ,1,2011-11-07 12:24:00,1.65,17368.0,United Kingdom
573340,23497,CLASSIC CHROME BICYCLE BELL ,4,2011-10-30 11:55:00,1.45,14159.0,United Kingdom
575989,23526,WALL ART DOG LICENCE ,2,2011-11-13 14:20:00,5.95,14698.0,United Kingdom
575964,22119,PEACE WOODEN BLOCK LETTERS,1,2011-11-13 12:31:00,6.95,15021.0,United Kingdom
576329,21158,MOODY GIRL DOOR HANGER ,1,2011-11-14 15:22:00,3.29,,United Kingdom
574837,21936,RED RETROSPOT PICNIC BAG,5,2011-11-07 11:33:00,2.95,15785.0,United Kingdom
574444,22155,STAR DECORATION RUSTIC,8,2011-11-04 11:41:00,0.42,18122.0,United Kingdom
575177,22944,CHRISTMAS METAL POSTCARD WITH BELLS,18,2011-11-08 18:41:00,0.97,,United Kingdom
573585,90214S,"LETTER ""S"" BLING KEY RING",1,2011-10-31 14:41:00,0.83,,United Kingdom
573993,23198,PANTRY MAGNETIC  SHOPPING LIST,12,2011-11-02 11:23:00,1.45,16790.0,United Kingdom
576774,22382,LUNCH BAG SPACEBOY DESIGN ,10,2011-11-16 13:21:00,1.65,13131.0,United Kingdom
573576,23301,GARDENERS KNEELING PAD KEEP CALM ,16,2011-10-31 14:09:00,3.29,14096.0,United Kingdom
573601,23371,SET 36 COLOUR PENCILS SPACEBOY ,2,2011-10-31 15:24:00,1.25,,United Kingdom
575054,22382,LUNCH BAG SPACEBOY DESIGN ,10,2011-11-08 12:18:00,1.65,16945.0,United Kingdom
575729,82482,WOODEN PICTURE FRAME WHITE FINISH,6,2011-11-10 19:49:00,2.95,17932.0,United Kingdom
575930,22549,PICTURE DOMINOES,2,2011-11-11 17:58:00,3.29,,United Kingdom
574074,23168,CLASSIC CAFE SUGAR DISPENSER,1,2011-11-02 15:33:00,2.46,,United Kingdom
574247,72807B,SET/3 OCEAN SCENT CANDLE JEWEL BOX,4,2011-11-03 12:56:00,4.25,13168.0,United Kingdom
576772,22381,TOY TIDY PINK POLKADOT,50,2011-11-16 13:20:00,1.85,16839.0,United Kingdom
576339,23144,ZINC T-LIGHT HOLDER STARS SMALL,1,2011-11-14 15:27:00,1.63,14096.0,United Kingdom
575490,22086,PAPER CHAIN KIT 50'S CHRISTMAS ,2,2011-11-09 17:44:00,2.95,15031.0,United Kingdom
576591,21648,ASSORTED TUTTI FRUTTI SMALL PURSE,48,2011-11-15 14:32:00,1.25,16422.0,United Kingdom
574338,22163,HEART STRING MEMO HOLDER HANGING,24,2011-11-04 10:05:00,0.79,14150.0,United Kingdom
575986,23077,DOUGHNUT LIP GLOSS ,20,2011-11-13 14:11:00,1.25,13018.0,United Kingdom
573576,20914,SET/5 RED RETROSPOT LID GLASS BOWLS,1,2011-10-31 14:09:00,5.79,14096.0,United Kingdom
575068,23199,JUMBO BAG APPLES,10,2011-11-08 12:46:00,2.08,14282.0,United Kingdom
576830,23203,JUMBO BAG VINTAGE DOILY ,4,2011-11-16 14:54:00,2.08,14898.0,United Kingdom
574672,22566,FELTCRAFT HAIRBAND PINK AND PURPLE,2,2011-11-06 12:25:00,0.85,13532.0,United Kingdom
573333,22580,ADVENT CALENDAR GINGHAM SACK,12,2011-10-30 11:34:00,5.95,12483.0,Sweden
574076,23308,SET OF 60 VINTAGE LEAF CAKE CASES ,1,2011-11-02 15:38:00,1.25,,United Kingdom
575607,22812,PACK 3 BOXES CHRISTMAS PANNETONE,1,2011-11-10 12:37:00,4.13,14096.0,United Kingdom
576617,22107,PIZZA PLATE IN BOX,8,2011-11-15 16:57:00,3.29,,United Kingdom
576696,23177,TREASURE ISLAND BOOK BOX,6,2011-11-16 12:26:00,2.25,16669.0,United Kingdom
576357,22423,REGENCY CAKESTAND 3 TIER,1,2011-11-14 16:57:00,12.75,15660.0,United Kingdom
574514,22139,RETROSPOT TEA SET CERAMIC 11 PC ,1,2011-11-04 13:34:00,4.95,15311.0,United Kingdom
573351,23444,Next Day Carriage,1,2011-10-30 12:34:00,15.0,13524.0,United Kingdom
573278,23355,HOT WATER BOTTLE KEEP CALM,24,2011-10-28 13:19:00,4.15,16102.0,United Kingdom
575514,22572,ROCKING HORSE GREEN CHRISTMAS ,12,2011-11-10 10:40:00,0.85,12541.0,Spain
573397,22699,ROSES REGENCY TEACUP AND SAUCER ,1,2011-10-30 15:19:00,2.95,15547.0,United Kingdom
576463,22092,BLUE PAISLEY TISSUE BOX,1,2011-11-15 11:37:00,0.39,17974.0,United Kingdom
573368,23168,CLASSIC CAFE SUGAR DISPENSER,1,2011-10-30 13:18:00,1.25,14507.0,United Kingdom
575668,20727,LUNCH BAG  BLACK SKULL.,1,2011-11-10 14:59:00,1.65,18283.0,United Kingdom
576339,22418,10 COLOUR SPACEBOY PEN,3,2011-11-14 15:27:00,1.63,14096.0,United Kingdom
576373,48138,DOORMAT UNION FLAG,6,2011-11-15 08:43:00,8.25,12640.0,France
576611,22522,CHILDS GARDEN FORK BLUE ,1,2011-11-15 16:29:00,0.85,17357.0,United Kingdom
576644,20713,JUMBO BAG OWLS,20,2011-11-16 10:01:00,4.13,,United Kingdom
576828,23506,MINI PLAYING CARDS SPACEBOY ,1,2011-11-16 14:36:00,0.42,,United Kingdom
575930,23551,PACK OF 12 PAISLEY PARK TISSUES ,1,2011-11-11 17:58:00,0.83,,United Kingdom
574069,23206,LUNCH BAG APPLE DESIGN,10,2011-11-02 14:52:00,1.65,17735.0,United Kingdom
573870,23382,BOX OF 6 CHRISTMAS CAKE DECORATIONS,2,2011-11-01 12:25:00,3.75,14485.0,United Kingdom
573748,84836,ZINC METAL HEART DECORATION,12,2011-11-01 09:24:00,1.25,14911.0,EIRE
573585,23176,ABC TREASURE BOOK BOX ,3,2011-10-31 14:41:00,4.58,,United Kingdom
575844,21719,LOVELY BONBON STICKER SHEET,1,2011-11-11 12:04:00,0.85,,United Kingdom
574281,22402,MAGNETS PACK OF 4 VINTAGE COLLAGE,12,2011-11-03 14:47:00,0.39,14856.0,United Kingdom
573601,23084,RABBIT NIGHT LIGHT,1,2011-10-31 15:24:00,4.13,,United Kingdom
575340,23317,BLUE REFECTORY CLOCK ,4,2011-11-09 14:31:00,9.95,15485.0,United Kingdom
575964,22350,ILLUSTRATED CAT BOWL ,1,2011-11-13 12:31:00,2.55,15021.0,United Kingdom
576076,23307,SET OF 60 PANTRY DESIGN CAKE CASES ,2,2011-11-13 16:18:00,0.55,14382.0,United Kingdom
573390,23319,BOX OF 6 MINI 50'S CRACKERS,12,2011-10-30 14:53:00,2.49,17213.0,United Kingdom
573345,85099C,JUMBO  BAG BAROQUE BLACK WHITE,2,2011-10-30 12:14:00,2.08,17609.0,United Kingdom
573915,21465,PINK FLOWER CROCHET FOOD COVER,2,2011-11-01 15:55:00,3.75,15511.0,United Kingdom
575964,22809,SET OF 6 T-LIGHTS SANTA,1,2011-11-13 12:31:00,2.95,15021.0,United Kingdom
574297,22185,SLATE TILE NATURAL HANGING,12,2011-11-03 15:54:00,1.65,16602.0,United Kingdom
575003,84032B,CHARLIE + LOLA RED HOT WATER BOTTLE,6,2011-11-08 11:09:00,2.95,15950.0,United Kingdom
574530,21558,SKULL LUNCH BOX WITH CUTLERY ,1,2011-11-04 14:07:00,2.55,16887.0,United Kingdom
576518,84279P,CHERRY BLOSSOM  DECORATIVE FLASK,1,2011-11-15 12:25:00,3.75,16361.0,United Kingdom
573492,21012,ANTIQUE ALL GLASS CANDLESTICK,2,2011-10-31 11:57:00,2.1,13544.0,United Kingdom
573300,22096,PINK PAISLEY SQUARE TISSUE BOX ,1,2011-10-28 16:10:00,0.39,16049.0,United Kingdom
573585,23000,TRAVEL CARD WALLET TRANSPORT,5,2011-10-31 14:41:00,0.83,,United Kingdom
575514,22197,POPCORN HOLDER,24,2011-11-10 10:40:00,0.85,12541.0,Spain
574836,23349,ROLL WRAP VINTAGE CHRISTMAS,12,2011-11-07 11:32:00,1.25,17623.0,United Kingdom
573585,22730,ALARM CLOCK BAKELIKE IVORY,3,2011-10-31 14:41:00,7.46,,United Kingdom
575694,22993,SET OF 4 PANTRY JELLY MOULDS,1,2011-11-10 16:38:00,1.25,12748.0,United Kingdom
574298,22379,RECYCLING BAG RETROSPOT ,4,2011-11-03 15:56:00,4.13,,United Kingdom
576339,21993,FLORAL FOLK STATIONERY SET,13,2011-11-14 15:27:00,2.46,14096.0,United Kingdom
576062,23506,MINI PLAYING CARDS SPACEBOY ,15,2011-11-13 15:30:00,0.42,12867.0,United Kingdom
573286,22117,METAL SIGN HER DINNER IS SERVED ,2,2011-10-28 14:38:00,2.95,,Switzerland
573873,23308,SET OF 60 VINTAGE LEAF CAKE CASES ,1,2011-11-01 12:39:00,0.55,17346.0,United Kingdom
574075,22737,RIBBON REEL CHRISTMAS PRESENT ,10,2011-11-02 15:33:00,1.65,16365.0,United Kingdom
574691,22487,WHITE WOOD GARDEN PLANT LADDER,1,2011-11-06 13:17:00,9.95,14174.0,United Kingdom
575067,22730,ALARM CLOCK BAKELIKE IVORY,12,2011-11-08 12:45:00,3.75,12583.0,France
575755,22144,CHRISTMAS CRAFT LITTLE FRIENDS,6,2011-11-11 10:45:00,2.1,17015.0,United Kingdom
574303,22955,36 FOIL STAR CAKE CASES ,144,2011-11-03 16:28:00,1.85,13324.0,United Kingdom
575681,23240,SET OF 4 KNICK KNACK TINS DOILY ,2,2011-11-10 15:32:00,4.15,16903.0,United Kingdom
575040,23496,PANTRY KITCHEN THERMOMETER ,12,2011-11-08 11:58:00,1.25,13381.0,United Kingdom
574074,21716,BOYS VINTAGE TIN SEASIDE BUCKET,1,2011-11-02 15:33:00,4.96,,United Kingdom
573585,23424,GINGHAM RECIPE BOOK BOX,2,2011-10-31 14:41:00,10.79,,United Kingdom
576617,22599,CHRISTMAS MUSICAL ZINC STAR,2,2011-11-15 16:57:00,0.83,,United Kingdom
576300,22493,PAINT YOUR OWN CANVAS SET,2,2011-11-14 14:39:00,1.65,15058.0,United Kingdom
575337,21849,SILVER DIAMANTE PEN IN GIFT BOX,2,2011-11-09 14:11:00,4.95,17867.0,United Kingdom
574074,23396,LE JARDIN BOTANIQUE CUSHION COVER,1,2011-11-02 15:33:00,10.79,,United Kingdom
575989,23321,SMALL WHITE HEART OF WICKER,5,2011-11-13 14:20:00,1.65,14698.0,United Kingdom
574096,21619,4 VANILLA BOTANICAL CANDLES,12,2011-11-03 09:55:00,1.25,13599.0,United Kingdom
575303,23343,JUMBO BAG VINTAGE CHRISTMAS ,6,2011-11-09 12:34:00,2.08,12893.0,United Kingdom
574893,84347,ROTATING SILVER ANGELS T-LIGHT HLDR,12,2011-11-07 14:40:00,2.55,18036.0,United Kingdom
575846,23353,6 GIFT TAGS VINTAGE CHRISTMAS ,19,2011-11-11 12:07:00,0.83,17364.0,United Kingdom
574950,23526,WALL ART DOG LICENCE ,1,2011-11-08 09:29:00,12.46,,United Kingdom
573876,22557,PLASTERS IN TIN VINTAGE PAISLEY ,2,2011-11-01 12:48:00,1.65,16360.0,United Kingdom
576383,84029E,RED WOOLLY HOTTIE WHITE HEART.,4,2011-11-15 09:31:00,4.25,12883.0,United Kingdom
574393,23301,GARDENERS KNEELING PAD KEEP CALM ,12,2011-11-04 11:06:00,1.65,13313.0,United Kingdom
574501,84596F,SMALL MARSHMALLOWS PINK BOWL,8,2011-11-04 13:15:00,0.42,12577.0,France
575947,23172,REGENCY TEA PLATE PINK,1,2011-11-13 11:50:00,3.29,,United Kingdom
575477,35095B,RED VICTORIAN FABRIC OVAL BOX,1,2011-11-09 16:14:00,0.83,,United Kingdom
573395,23511,EMBROIDERED RIBBON REEL EMILY ,6,2011-10-30 15:11:00,2.08,15385.0,United Kingdom
573311,22597,MUSICAL ZINC HEART DECORATION ,3,2011-10-28 16:45:00,0.29,14071.0,United Kingdom
576045,21034,REX CASH+CARRY JUMBO SHOPPER,3,2011-11-13 14:42:00,0.95,15022.0,United Kingdom
574994,23294,SET OF 6 SNACK LOAF BAKING CASES,2,2011-11-08 11:03:00,0.83,17870.0,United Kingdom
575177,23582,VINTAGE DOILY JUMBO BAG RED ,4,2011-11-08 18:41:00,4.13,,United Kingdom
573903,21980,PACK OF 12 RED RETROSPOT TISSUES ,1,2011-11-01 14:51:00,0.39,14667.0,United Kingdom
573585,22725,ALARM CLOCK BAKELIKE CHOCOLATE,1,2011-10-31 14:41:00,7.46,,United Kingdom
576618,23132,SMALL IVORY HEART WALL ORGANISER,1,2011-11-15 17:00:00,12.46,,United Kingdom
576075,82551,LAUNDRY 15C METAL SIGN,2,2011-11-13 16:16:00,1.45,15861.0,United Kingdom
574555,23331,DECORATIVE WICKER HEART SMALL,10,2011-11-04 15:29:00,0.63,16426.0,United Kingdom
575848,23265,SET OF 3 WOODEN TREE DECORATIONS,1,2011-11-11 12:10:00,1.25,14178.0,United Kingdom
573496,22954,HEN PARTY CORDON BARRIER TAPE,4,2011-10-31 11:59:00,1.25,17841.0,United Kingdom
573585,21213,PACK OF 72 SKULL CAKE CASES,1,2011-10-31 14:41:00,1.25,,United Kingdom
574282,23444,Next Day Carriage,1,2011-11-03 14:52:00,15.0,15612.0,United Kingdom
573362,23353,6 GIFT TAGS VINTAGE CHRISTMAS ,12,2011-10-30 13:06:00,0.83,12597.0,Spain
574239,22962,JAM JAR WITH PINK LID,12,2011-11-03 12:43:00,0.85,14849.0,United Kingdom
575681,22591,CARDHOLDER GINGHAM CHRISTMAS TREE,4,2011-11-10 15:32:00,3.25,16903.0,United Kingdom
574710,23191,BUNDLE OF 3 RETRO NOTE BOOKS,2,2011-11-06 14:17:00,1.65,15427.0,United Kingdom
575973,22847,BREAD BIN DINER STYLE IVORY,4,2011-11-13 13:03:00,14.95,,EIRE
576390,POST,POSTAGE,1,2011-11-15 10:13:00,18.0,12569.0,Germany
573908,23284,DOORMAT KEEP CALM AND COME IN,20,2011-11-01 15:19:00,7.08,17739.0,United Kingdom
575477,DOT,DOTCOM POSTAGE,1,2011-11-09 16:14:00,533.59,,United Kingdom
575077,22796,PHOTO FRAME 3 CLASSIC HANGING,4,2011-11-08 13:22:00,9.95,15406.0,United Kingdom
576696,84012,MAGIC SHEEP WOOL GROWING FROM PAPER,10,2011-11-16 12:26:00,0.85,16669.0,United Kingdom
573748,84949,SILVER HANGING T-LIGHT HOLDER,12,2011-11-01 09:24:00,1.65,14911.0,EIRE
573999,22055,MINI CAKE STAND  HANGING STRAWBERY,8,2011-11-02 11:43:00,1.65,12779.0,Poland
575199,23307,SET OF 60 PANTRY DESIGN CAKE CASES ,24,2011-11-09 09:48:00,0.55,12921.0,United Kingdom
575298,23214,JINGLE BELL HEART ANTIQUE GOLD,1,2011-11-09 12:29:00,2.08,17841.0,United Kingdom
574941,22551,PLASTERS IN TIN SPACEBOY,158,2011-11-07 17:42:00,3.95,,United Kingdom
576617,22819,"BIRTHDAY CARD, RETRO SPOT",1,2011-11-15 16:57:00,0.42,,United Kingdom
576617,90175A,WHITE GLASS CHUNKY CHARM BRACELET,1,2011-11-15 16:57:00,9.15,,United Kingdom
575495,22943,CHRISTMAS LIGHTS 10 VINTAGE BAUBLES,6,2011-11-10 09:09:00,4.95,14944.0,United Kingdom
576618,85053,FRENCH ENAMEL CANDLEHOLDER,1,2011-11-15 17:00:00,4.13,,United Kingdom
574074,23377,PACK OF 12 DOLLY GIRL TISSUES,1,2011-11-02 15:33:00,0.83,,United Kingdom
574841,23311,VINTAGE CHRISTMAS STOCKING ,6,2011-11-07 11:42:00,2.55,14156.0,EIRE
575584,POST,POSTAGE,1,2011-11-10 11:55:00,18.0,12682.0,France
573576,22413,METAL SIGN TAKE IT OR LEAVE IT ,1,2011-10-31 14:09:00,5.79,14096.0,United Kingdom
573311,22411,JUMBO SHOPPER VINTAGE RED PAISLEY,1,2011-10-28 16:45:00,2.08,14071.0,United Kingdom
575747,22838,3 TIER CAKE TIN RED AND CREAM,2,2011-11-11 10:19:00,14.95,12589.0,France
573585,21625,VINTAGE UNION JACK APRON,1,2011-10-31 14:41:00,14.13,,United Kingdom
576833,22287,DECORATION WOBBLY CHICKEN,24,2011-11-16 15:08:00,0.39,17434.0,United Kingdom
574950,20726,LUNCH BAG WOODLAND,1,2011-11-08 09:29:00,4.13,,United Kingdom
575481,21892,TRADITIONAL WOODEN CATCH CUP GAME ,4,2011-11-09 16:28:00,1.25,15679.0,United Kingdom
576645,22219,LOVEBIRD HANGING DECORATION WHITE ,12,2011-11-16 10:14:00,0.85,16245.0,United Kingdom
575177,82580,BATHROOM METAL SIGN,1,2011-11-08 18:41:00,1.25,,United Kingdom
574034,82580,BATHROOM METAL SIGN,2,2011-11-02 12:45:00,0.55,17841.0,United Kingdom
576840,21003,ROSE DU SUD CUSHION COVER,1,2011-11-16 15:23:00,5.79,,United Kingdom
575726,85123A,WHITE HANGING HEART T-LIGHT HOLDER,1,2011-11-10 19:12:00,2.95,16791.0,United Kingdom
575176,85199S,SMALL HANGING IVORY/RED WOOD BIRD,2,2011-11-08 18:29:00,0.83,,United Kingdom
C574095,22326,ROUND SNACK BOXES SET OF4 WOODLAND ,-1,2011-11-03 09:54:00,2.95,12674.0,France
575255,84997A,CHILDRENS CUTLERY POLKADOT GREEN ,144,2011-11-09 11:55:00,3.75,15769.0,United Kingdom
574683,84580,MOUSE TOY WITH PINK T-SHIRT,3,2011-11-06 12:50:00,3.75,16372.0,United Kingdom
576838,23198,PANTRY MAGNETIC  SHOPPING LIST,12,2011-11-16 15:21:00,1.45,18075.0,United Kingdom
574888,23543,WALL ART KEEP CALM ,6,2011-11-07 14:21:00,7.45,16353.0,United Kingdom
575176,22739,RIBBON REEL CHRISTMAS SOCK BAUBLE,1,2011-11-08 18:29:00,3.29,,United Kingdom
576269,POST,POSTAGE,2,2011-11-14 14:23:00,28.0,12762.0,Portugal
573552,22632,HAND WARMER RED RETROSPOT,12,2011-10-31 13:43:00,2.1,13203.0,United Kingdom
575875,90059A,DIAMANTE HAIR GRIP PACK/2 CRYSTAL,1,2011-11-11 13:06:00,1.65,,United Kingdom
575337,23695,DOILY THANK YOU CARD,12,2011-11-09 14:11:00,0.42,17867.0,United Kingdom
573585,21676,FLOWERS  STICKERS,1,2011-10-31 14:41:00,1.63,,United Kingdom
574672,22089,PAPER BUNTING VINTAGE PAISLEY,1,2011-11-06 12:25:00,2.95,13532.0,United Kingdom
575849,20726,LUNCH BAG WOODLAND,10,2011-11-11 12:11:00,1.65,14790.0,United Kingdom
573871,22173,METAL 4 HOOK HANGER FRENCH CHATEAU,32,2011-11-01 12:34:00,2.75,14426.0,United Kingdom
574532,84946,ANTIQUE SILVER T-LIGHT GLASS,24,2011-11-04 14:19:00,1.25,15676.0,United Kingdom
575477,21385,IVORY HANGING DECORATION  HEART,1,2011-11-09 16:14:00,1.63,,United Kingdom
574194,22424,ENAMEL BREAD BIN CREAM,2,2011-11-03 11:58:00,12.75,15227.0,United Kingdom
574734,22493,PAINT YOUR OWN CANVAS SET,2,2011-11-06 15:20:00,1.65,15025.0,United Kingdom
574351,23348,CHILDRENS TOY COOKING UTENSIL SET,1,2011-11-04 10:37:00,2.08,17348.0,United Kingdom
574836,22594,CHRISTMAS GINGHAM TREE,12,2011-11-07 11:32:00,0.85,17623.0,United Kingdom
575959,23454,THREE MINI HANGING FRAMES,2,2011-11-13 12:27:00,4.15,14547.0,United Kingdom
576553,84945,MULTI COLOUR SILVER T-LIGHT HOLDER,12,2011-11-15 12:57:00,0.85,14666.0,United Kingdom
576784,22727,ALARM CLOCK BAKELIKE RED ,4,2011-11-16 13:40:00,3.75,16204.0,United Kingdom
575930,21892,TRADITIONAL WOODEN CATCH CUP GAME ,2,2011-11-11 17:58:00,2.46,,United Kingdom
574856,21948,SET OF 6 CAKE CHOPSTICKS,1,2011-11-07 12:06:00,2.46,,United Kingdom
574025,22610,PENS ASSORTED FUNNY FACE,36,2011-11-02 12:26:00,0.19,12748.0,United Kingdom
575739,21992,VINTAGE PAISLEY STATIONERY SET,2,2011-11-11 09:05:00,2.46,,United Kingdom
574170,23349,ROLL WRAP VINTAGE CHRISTMAS,12,2011-11-03 11:43:00,1.25,16221.0,United Kingdom
575034,23120,PACK OF 6 SMALL FRUIT STRAWS,2,2011-11-08 11:38:00,0.42,15573.0,United Kingdom
573876,21976,PACK OF 60 MUSHROOM CAKE CASES,1,2011-11-01 12:48:00,0.55,16360.0,United Kingdom
576644,21430,SET/3 RED GINGHAM ROSE STORAGE BOX,4,2011-11-16 10:01:00,7.46,,United Kingdom
574555,23266,SET OF 3 WOODEN STOCKING DECORATION,3,2011-11-04 15:29:00,1.25,16426.0,United Kingdom
576617,23534,WALL ART STOP FOR TEA ,1,2011-11-15 16:57:00,12.46,,United Kingdom
575867,23083,SET 6 PAPER TABLE LANTERN STARS ,1,2011-11-11 12:44:00,3.75,15034.0,United Kingdom
573829,22470,HEART OF WICKER LARGE,6,2011-11-01 11:35:00,2.95,16830.0,United Kingdom
574309,22110,BIRD HOUSE HOT WATER BOTTLE,1,2011-11-03 16:54:00,2.55,,United Kingdom
575972,22867,HAND WARMER BIRD DESIGN,1,2011-11-13 13:01:00,2.1,14499.0,United Kingdom
575177,84549,CROCHET WHITE RABBIT KEYRING ,1,2011-11-08 18:41:00,3.29,,United Kingdom
574298,16235,RECYCLED PENCIL WITH RABBIT ERASER,1,2011-11-03 15:56:00,0.42,,United Kingdom
574676,35646,VINTAGE BEAD PINK EVENING BAG,2,2011-11-06 12:32:00,1.25,16243.0,United Kingdom
576692,23378,PACK OF 12 50'S CHRISTMAS TISSUES,24,2011-11-16 12:21:00,0.39,17412.0,United Kingdom
576339,23223,CHRISTMAS TREE HANGING SILVER ,1,2011-11-14 15:27:00,1.63,14096.0,United Kingdom
573486,22471,TV DINNER TRAY AIR HOSTESS ,6,2011-10-31 11:40:00,4.95,13186.0,United Kingdom
574547,85199S,SMALL HANGING IVORY/RED WOOD BIRD,3,2011-11-04 15:08:00,0.42,17841.0,United Kingdom
573332,23146,TRIPLE HOOK ANTIQUE IVORY ROSE,1,2011-10-30 11:28:00,3.29,15059.0,United Kingdom
574053,23240,SET OF 4 KNICK KNACK TINS DOILY ,6,2011-11-02 14:04:00,4.15,16379.0,United Kingdom
574077,85014A,BLACK/BLUE POLKADOT UMBRELLA,1,2011-11-02 15:56:00,5.95,17999.0,United Kingdom
575739,21356,TOAST ITS - FAIRY FLOWER,2,2011-11-11 09:05:00,0.83,,United Kingdom
576618,23356,LOVE HOT WATER BOTTLE,1,2011-11-15 17:00:00,12.46,,United Kingdom
575143,23343,JUMBO BAG VINTAGE CHRISTMAS ,10,2011-11-08 15:37:00,2.08,13643.0,United Kingdom
573585,84882,GREEN WIRE STANDING CANDLE HOLDER,2,2011-10-31 14:41:00,7.46,,United Kingdom
575867,21948,SET OF 6 CAKE CHOPSTICKS,1,2011-11-11 12:44:00,1.25,15034.0,United Kingdom
573330,21802,CHRISTMAS TREE HEART DECORATION,4,2011-10-30 11:22:00,0.42,16923.0,United Kingdom
574950,22614,PACK OF 12 SPACEBOY TISSUES,1,2011-11-08 09:29:00,0.83,,United Kingdom
574097,23368,SET 12 COLOUR PENCILS DOLLY GIRL ,16,2011-11-03 09:56:00,0.65,12471.0,Germany
575917,21914,BLUE HARMONICA IN BOX ,12,2011-11-11 16:57:00,1.25,13895.0,United Kingdom
574351,21499,BLUE POLKADOT WRAP,25,2011-11-04 10:37:00,0.42,17348.0,United Kingdom
575138,21494,ROTATING LEAVES T-LIGHT HOLDER,2,2011-11-08 15:24:00,5.79,,United Kingdom
574743,16207A,PINK STRAWBERRY HANDBAG ,1,2011-11-06 16:14:00,2.95,15351.0,United Kingdom
573553,21989,PACK OF 20 SKULL PAPER NAPKINS,4,2011-10-31 13:48:00,1.63,,United Kingdom
573927,21259,VICTORIAN SEWING BOX SMALL ,2,2011-11-02 09:59:00,5.95,13890.0,United Kingdom
576840,22419,LIPSTICK PEN RED,5,2011-11-16 15:23:00,0.83,,United Kingdom
574864,48138,DOORMAT UNION FLAG,2,2011-11-07 12:29:00,8.25,14387.0,United Kingdom
575602,85099B,JUMBO BAG RED RETROSPOT,2,2011-11-10 12:27:00,2.08,17059.0,United Kingdom
576665,22414,DOORMAT NEIGHBOURHOOD WITCH ,1,2011-11-16 11:46:00,8.25,17841.0,United Kingdom
573335,82583,HOT BATHS METAL SIGN,4,2011-10-30 11:35:00,2.1,15059.0,United Kingdom
575117,20996,JAZZ HEARTS ADDRESS BOOK,3,2011-11-08 14:22:00,0.19,12748.0,United Kingdom
574856,22456,NATURAL SLATE CHALKBOARD LARGE ,1,2011-11-07 12:06:00,9.96,,United Kingdom
573415,21907,I'M ON HOLIDAY METAL SIGN,1,2011-10-30 16:17:00,2.1,13607.0,United Kingdom
574079,21770,OPEN CLOSED METAL SIGN,1,2011-11-02 16:19:00,4.95,17595.0,United Kingdom
573512,22578,WOODEN STAR CHRISTMAS SCANDINAVIAN,24,2011-10-31 12:30:00,0.29,17951.0,United Kingdom
574042,22814,CARD PARTY GAMES ,12,2011-11-02 13:05:00,0.42,17947.0,United Kingdom
576686,23221,REINDEER HEART DECORATION SILVER,3,2011-11-16 12:08:00,0.83,16916.0,United Kingdom
573585,85071B,RED CHARLIE+LOLA PERSONAL DOORSIGN,1,2011-10-31 14:41:00,5.79,,United Kingdom
576837,22549,PICTURE DOMINOES,5,2011-11-16 15:16:00,3.29,,United Kingdom
574657,23504,PLAYING CARDS JUBILEE UNION JACK,4,2011-11-06 11:43:00,1.25,13772.0,United Kingdom
575941,21733,RED HANGING HEART T-LIGHT HOLDER,1,2011-11-13 11:39:00,2.95,16438.0,United Kingdom
574298,21942,SKULLS DESIGN FLANNEL,1,2011-11-03 15:56:00,1.63,,United Kingdom
575726,22383,LUNCH BAG SUKI DESIGN ,1,2011-11-10 19:12:00,1.65,16791.0,United Kingdom
576339,21810,CHRISTMAS HANGING STAR WITH BELL,5,2011-11-14 15:27:00,2.46,14096.0,United Kingdom
576618,21164,HOME SWEET HOME METAL SIGN ,1,2011-11-15 17:00:00,5.79,,United Kingdom
574085,23234,BISCUIT TIN VINTAGE CHRISTMAS,2,2011-11-02 17:30:00,2.89,17432.0,United Kingdom
573359,22617,BAKING SET SPACEBOY DESIGN,4,2011-10-30 12:48:00,4.95,14178.0,United Kingdom
573398,85049A,TRADITIONAL CHRISTMAS RIBBONS,5,2011-10-30 15:28:00,1.25,17373.0,United Kingdom
576598,22112,CHOCOLATE HOT WATER BOTTLE,4,2011-11-15 15:05:00,4.95,13437.0,United Kingdom
574700,21621,VINTAGE UNION JACK BUNTING,2,2011-11-06 13:53:00,8.5,16033.0,United Kingdom
574328,23477,WOODLAND LARGE BLUE FELT HEART,12,2011-11-04 09:05:00,1.25,13081.0,United Kingdom
576214,23531,WALL ART BIG LOVE ,1,2011-11-14 12:49:00,6.95,15863.0,United Kingdom
575138,21329,DINOSAURS  WRITING SET ,1,2011-11-08 15:24:00,3.29,,United Kingdom
573347,23201,JUMBO BAG ALPHABET,3,2011-10-30 12:26:00,2.08,13137.0,United Kingdom
576590,22138,BAKING SET 9 PIECE RETROSPOT ,3,2011-11-15 14:30:00,4.95,16240.0,United Kingdom
573599,22728,ALARM CLOCK BAKELIKE PINK,12,2011-10-31 15:20:00,3.75,17924.0,United Kingdom
574269,22865,HAND WARMER OWL DESIGN,12,2011-11-03 14:27:00,2.1,15570.0,United Kingdom
575967,22666,RECIPE BOX PANTRY YELLOW DESIGN,1,2011-11-13 12:40:00,2.95,16794.0,United Kingdom
573585,22405,MONEY BOX POCKET MONEY DESIGN,1,2011-10-31 14:41:00,2.46,,United Kingdom
576071,22295,HEART FILIGREE DOVE LARGE,2,2011-11-13 16:03:00,1.65,18069.0,United Kingdom
574074,21931,JUMBO STORAGE BAG SUKI,2,2011-11-02 15:33:00,4.13,,United Kingdom
575631,23370,SET 36 COLOURING PENCILS DOILY,16,2011-11-10 13:41:00,1.25,15184.0,United Kingdom
575490,22841,ROUND CAKE TIN VINTAGE GREEN,2,2011-11-09 17:44:00,7.95,15031.0,United Kingdom
574059,23380,PACK OF 12 VINTAGE DOILY TISSUES,1,2011-11-02 14:13:00,0.39,14646.0,Netherlands
573287,22090,PAPER BUNTING RETROSPOT,6,2011-10-28 14:42:00,2.95,14194.0,United Kingdom
574080,23301,GARDENERS KNEELING PAD KEEP CALM ,5,2011-11-02 16:29:00,1.65,16348.0,United Kingdom
C575606,CRUK,CRUK Commission,-1,2011-11-10 12:37:00,517.51,14096.0,United Kingdom
575516,22456,NATURAL SLATE CHALKBOARD LARGE ,6,2011-11-10 10:45:00,4.95,17340.0,United Kingdom
C575327,85048,15CM CHRISTMAS GLASS BALL 20 LIGHTS,-2,2011-11-09 13:47:00,7.95,14911.0,EIRE
579196,22110,BIRD HOUSE HOT WATER BOTTLE,1,2011-11-28 15:54:00,7.46,14096.0,United Kingdom
577517,21708,FOLDING UMBRELLA CREAM POLKADOT,2,2011-11-20 13:16:00,4.95,16710.0,United Kingdom
576848,23101,SILVER STARS TABLE DECORATION,12,2011-11-16 15:38:00,0.83,15051.0,United Kingdom
577768,23308,SET OF 60 VINTAGE LEAF CAKE CASES ,1,2011-11-21 15:18:00,1.25,,United Kingdom
579671,21616,4 PEAR BOTANICAL DINNER CANDLES,12,2011-11-30 12:38:00,1.25,12966.0,United Kingdom
580048,22557,PLASTERS IN TIN VINTAGE PAISLEY ,2,2011-12-01 12:53:00,1.65,12748.0,United Kingdom
577598,23213,STAR WREATH DECORATION WITH BELL,12,2011-11-21 08:19:00,1.25,13430.0,United Kingdom
580527,84519A,TOMATO CHARLIE+LOLA COASTER SET,2,2011-12-04 15:19:00,1.25,13736.0,United Kingdom
577103,84970S,HANGING HEART ZINC T-LIGHT HOLDER,12,2011-11-17 17:08:00,0.85,15081.0,United Kingdom
579503,23247,BISCUIT TIN 50'S CHRISTMAS,1,2011-11-29 16:23:00,2.89,17097.0,Spain
580070,22453,MEASURING TAPE BABUSHKA BLUE,18,2011-12-01 13:47:00,2.95,12919.0,United Kingdom
579541,23556,LANDMARK FRAME COVENT GARDEN ,1,2011-11-30 10:12:00,12.5,14653.0,United Kingdom
577316,22867,HAND WARMER BIRD DESIGN,12,2011-11-18 13:30:00,2.1,12578.0,Italy
576927,22659,LUNCH BOX I LOVE LONDON,12,2011-11-17 11:02:00,1.95,12567.0,France
578149,85048,15CM CHRISTMAS GLASS BALL 20 LIGHTS,7,2011-11-23 11:11:00,16.63,,United Kingdom
578936,22734,SET OF 6 RIBBONS VINTAGE CHRISTMAS,3,2011-11-27 13:00:00,2.89,16923.0,United Kingdom
578022,22617,BAKING SET SPACEBOY DESIGN,1,2011-11-22 13:25:00,4.95,17371.0,United Kingdom
579278,22169,FAMILY ALBUM WHITE PICTURE FRAME,8,2011-11-29 10:18:00,7.65,14209.0,United Kingdom
577768,90205C,LARGE CRYSTAL DIAMANTE HAIRSLIDE,1,2011-11-21 15:18:00,1.65,,United Kingdom
577743,23101,SILVER STARS TABLE DECORATION,12,2011-11-21 13:44:00,0.83,17006.0,United Kingdom
577315,21682,LARGE MEDINA STAMPED METAL BOWL ,1,2011-11-18 13:25:00,4.95,17811.0,United Kingdom
578056,23191,BUNDLE OF 3 RETRO NOTE BOOKS,12,2011-11-22 15:04:00,1.65,16164.0,United Kingdom
576880,21791,VINTAGE HEADS AND TAILS CARD GAME ,12,2011-11-16 17:03:00,1.25,14911.0,EIRE
578022,22534,MAGIC DRAWING SLATE SPACEBOY ,1,2011-11-22 13:25:00,0.42,17371.0,United Kingdom
577791,23508,MINI PLAYING CARDS DOLLY GIRL ,20,2011-11-21 16:36:00,0.42,17100.0,United Kingdom
578817,23148,MINIATURE ANTIQUE ROSE HOOK IVORY,1,2011-11-25 13:45:00,0.83,16764.0,United Kingdom
579940,23547,WRAP FLOWER SHOP  ,25,2011-12-01 10:20:00,0.42,16938.0,United Kingdom
578993,22599,CHRISTMAS MUSICAL ZINC STAR,9,2011-11-27 15:38:00,0.29,15987.0,United Kingdom
579508,23109,PACK OF SIX LED TEA LIGHTS,2,2011-11-29 16:33:00,5.79,,United Kingdom
579187,22666,RECIPE BOX PANTRY YELLOW DESIGN,4,2011-11-28 15:31:00,5.79,,United Kingdom
579471,22694,WICKER STAR ,4,2011-11-29 15:08:00,3.29,,United Kingdom
578531,23350,ROLL WRAP VINTAGE SPOT ,1,2011-11-24 14:40:00,1.25,17364.0,United Kingdom
577252,22211,WOOD STAMP SET FLOWERS,1,2011-11-18 12:22:00,0.83,18034.0,United Kingdom
577082,22571,ROCKING HORSE RED CHRISTMAS ,12,2011-11-17 15:31:00,0.85,15811.0,United Kingdom
579528,POST,POSTAGE,1,2011-11-30 08:44:00,15.0,12787.0,Netherlands
578315,21670,BLUE SPOT CERAMIC DRAWER KNOB,12,2011-11-23 16:34:00,1.45,17725.0,United Kingdom
580541,84692,BOX OF 24 COCKTAIL PARASOLS,25,2011-12-05 09:03:00,0.42,15358.0,United Kingdom
579980,22077,6 RIBBONS RUSTIC CHARM,2,2011-12-01 11:16:00,1.95,13263.0,United Kingdom
580375,23355,HOT WATER BOTTLE KEEP CALM,24,2011-12-02 17:13:00,4.15,14031.0,United Kingdom
577613,23493,VINTAGE DOILY TRAVEL SEWING KIT,10,2011-11-21 10:02:00,1.95,14911.0,EIRE
579848,22492,MINI PAINT SET VINTAGE ,36,2011-11-30 16:23:00,0.65,18179.0,United Kingdom
578347,21012,ANTIQUE ALL GLASS CANDLESTICK,2,2011-11-24 09:26:00,2.46,,United Kingdom
577516,22208,WOOD STAMP SET THANK YOU,3,2011-11-20 13:08:00,0.83,16533.0,United Kingdom
C579519,23139,SINGLE WIRE HOOK PINK HEART,-12,2011-11-29 18:11:00,1.45,12748.0,United Kingdom
578995,20713,JUMBO BAG OWLS,2,2011-11-27 15:59:00,2.08,15861.0,United Kingdom
579787,23344,JUMBO BAG 50'S CHRISTMAS ,1,2011-11-30 15:33:00,4.13,,United Kingdom
577951,23501,KEY RING BASEBALL BOOT UNION JACK,10,2011-11-22 12:09:00,1.25,17238.0,United Kingdom
578811,20982,12 PENCILS TALL TUBE SKULLS,24,2011-11-25 13:28:00,0.85,12438.0,Norway
578844,84031B,CHARLIE LOLA BLUE HOT WATER BOTTLE ,3,2011-11-25 16:14:00,4.13,,United Kingdom
578088,21034,REX CASH+CARRY JUMBO SHOPPER,2,2011-11-22 16:47:00,0.95,16376.0,United Kingdom
578662,22150,3 STRIPEY MICE FELTCRAFT,2,2011-11-24 16:51:00,1.95,17516.0,United Kingdom
579777,23200,JUMBO BAG PEARS,2,2011-11-30 15:13:00,4.13,,United Kingdom
577078,22616,PACK OF 12 LONDON TISSUES ,3,2011-11-17 15:17:00,0.83,,United Kingdom
579711,22616,PACK OF 12 LONDON TISSUES ,6,2011-11-30 14:17:00,0.39,15060.0,United Kingdom
578027,22695,WICKER WREATH SMALL,6,2011-11-22 13:29:00,1.45,15977.0,United Kingdom
580519,21484,CHICK GREY HOT WATER BOTTLE,3,2011-12-04 14:51:00,9.13,,United Kingdom
578952,22734,SET OF 6 RIBBONS VINTAGE CHRISTMAS,2,2011-11-27 14:43:00,2.89,18112.0,United Kingdom
580286,23252,VINTAGE RED ENAMEL TRIM JUG ,4,2011-12-02 13:28:00,3.75,17611.0,United Kingdom
580115,22702,BLACK AND WHITE CAT BOWL,1,2011-12-01 16:22:00,4.13,,United Kingdom
578074,21317,GLASS SPHERE CANDLE STAND MEDIUM,2,2011-11-22 16:06:00,5.45,17590.0,United Kingdom
577160,21872,GLAMOROUS  MUG,12,2011-11-18 10:05:00,1.25,16134.0,United Kingdom
576873,20868,SILVER FABRIC MIRROR,60,2011-11-16 16:30:00,0.39,17835.0,United Kingdom
578373,22090,PAPER BUNTING RETROSPOT,6,2011-11-24 11:19:00,2.95,17451.0,United Kingdom
579297,22090,PAPER BUNTING RETROSPOT,2,2011-11-29 11:23:00,6.63,,United Kingdom
579508,22971,QUEENS GUARD COFFEE MUG,1,2011-11-29 16:33:00,4.96,,United Kingdom
578278,22224,WHITE LOVEBIRD LANTERN,5,2011-11-23 13:51:00,2.95,12748.0,United Kingdom
578027,22625,RED KITCHEN SCALES,2,2011-11-22 13:29:00,8.5,15977.0,United Kingdom
578347,22952,60 CAKE CASES VINTAGE CHRISTMAS,2,2011-11-24 09:26:00,1.25,,United Kingdom
580047,22563,HAPPY STENCIL CRAFT,1,2011-12-01 12:44:00,1.25,12989.0,United Kingdom
580358,21730,GLASS STAR FROSTED T-LIGHT HOLDER,2,2011-12-02 16:07:00,4.95,17238.0,United Kingdom
577723,23389,SPACEBOY MINI BACKPACK,1,2011-11-21 12:36:00,4.15,16713.0,United Kingdom
578155,22751,FELTCRAFT PRINCESS OLIVIA DOLL,1,2011-11-23 11:32:00,3.75,12748.0,United Kingdom
580500,21080,SET/20 RED RETROSPOT PAPER NAPKINS ,2,2011-12-04 12:52:00,0.85,17131.0,United Kingdom
578827,22208,WOOD STAMP SET THANK YOU,1,2011-11-25 14:25:00,3.29,,United Kingdom
580124,22617,BAKING SET SPACEBOY DESIGN,3,2011-12-01 17:12:00,4.95,,EIRE
580367,90018B,GOLD M.O.P ORBIT DROP EARRINGS,1,2011-12-02 16:39:00,4.15,,United Kingdom
579152,POST,POSTAGE,3,2011-11-28 13:26:00,18.0,12479.0,Germany
577049,23075,PARLOUR CERAMIC WALL HOOK,2,2011-11-17 13:58:00,4.15,17397.0,United Kingdom
578102,22111,SCOTTIE DOG HOT WATER BOTTLE,24,2011-11-23 08:39:00,4.25,13089.0,United Kingdom
577484,23295,SET OF 12 MINI LOAF BAKING CASES,1,2011-11-20 11:52:00,0.83,13536.0,United Kingdom
578020,22114,HOT WATER BOTTLE TEA AND SYMPATHY,6,2011-11-22 13:20:00,4.25,16979.0,United Kingdom
577798,22572,ROCKING HORSE GREEN CHRISTMAS ,5,2011-11-21 16:54:00,0.85,17757.0,United Kingdom
579001,22985,WRAP BILLBOARD FONTS DESIGN,25,2011-11-27 16:19:00,0.42,15555.0,United Kingdom
578998,22865,HAND WARMER OWL DESIGN,1,2011-11-27 16:05:00,2.1,15436.0,United Kingdom
579458,85199S,SMALL HANGING IVORY/RED WOOD BIRD,1,2011-11-29 14:38:00,0.42,16549.0,United Kingdom
580044,22725,ALARM CLOCK BAKELIKE CHOCOLATE,4,2011-12-01 12:36:00,3.75,14869.0,United Kingdom
579491,22094,RED RETROSPOT TISSUE BOX,2,2011-11-29 15:23:00,0.39,14723.0,United Kingdom
580468,23481,PEARLISED IVORY HEART SMALL ,3,2011-12-04 12:31:00,1.25,12748.0,United Kingdom
578935,22382,LUNCH BAG SPACEBOY DESIGN ,3,2011-11-27 12:52:00,1.65,15351.0,United Kingdom
577258,22469,HEART OF WICKER SMALL,1,2011-11-18 12:27:00,1.65,16764.0,United Kingdom
577309,22945,CHRISTMAS METAL TAGS ASSORTED ,12,2011-11-18 13:14:00,0.85,15933.0,United Kingdom
580403,23556,LANDMARK FRAME COVENT GARDEN ,1,2011-12-04 11:56:00,12.5,17858.0,United Kingdom
577010,21901,"KEY FOB , BACK DOOR ",5,2011-11-17 12:11:00,0.65,15506.0,United Kingdom
578836,22121,NOEL WOODEN BLOCK LETTERS ,12,2011-11-25 15:47:00,5.45,13069.0,United Kingdom
578067,23435,3 RAFFIA RIBBONS VINTAGE CHRISTMAS,1,2011-11-22 15:43:00,0.83,,United Kingdom
577082,23535,WALL ART BICYCLE SAFETY,4,2011-11-17 15:31:00,5.95,15811.0,United Kingdom
579508,23290,SPACEBOY CHILDRENS BOWL,1,2011-11-29 16:33:00,2.46,,United Kingdom
578678,22494,EMERGENCY FIRST AID TIN ,1,2011-11-24 19:59:00,1.25,17841.0,United Kingdom
578041,23333,IVORY WICKER HEART MEDIUM,1,2011-11-22 14:23:00,1.25,17338.0,United Kingdom
578942,23318,BOX OF 6 MINI VINTAGE CRACKERS,1,2011-11-27 13:29:00,2.49,17288.0,United Kingdom
C577547,21925,UNION STRIPE CUSHION COVER ,-1,2011-11-20 14:48:00,1.25,17841.0,United Kingdom
578757,21328,BALLOONS  WRITING SET ,3,2011-11-25 11:41:00,1.65,12748.0,United Kingdom
578931,22470,HEART OF WICKER LARGE,2,2011-11-27 12:40:00,2.95,16942.0,United Kingdom
579471,23352,ROLL WRAP 50'S RED CHRISTMAS ,5,2011-11-29 15:08:00,2.46,,United Kingdom
579605,22078,RIBBON REEL LACE DESIGN ,10,2011-11-30 12:01:00,2.1,15024.0,United Kingdom
579416,23084,RABBIT NIGHT LIGHT,72,2011-11-29 13:00:00,1.79,12471.0,Germany
578844,23571,TRADITIONAL NAUGHTS & CROSSES,1,2011-11-25 16:14:00,3.29,,United Kingdom
578113,84991,60 TEATIME FAIRY CAKE CASES,24,2011-11-23 09:35:00,0.55,14560.0,United Kingdom
578844,22441,GROW YOUR OWN BASIL IN ENAMEL MUG,1,2011-11-25 16:14:00,4.13,,United Kingdom
577429,79051A,SMOKEY GREY COLOUR GLASS,24,2011-11-20 11:06:00,0.29,14881.0,United Kingdom
578541,21908,CHOCOLATE THIS WAY METAL SIGN,12,2011-11-24 15:01:00,2.1,14277.0,France
579187,22507,MEMO BOARD RETROSPOT  DESIGN,1,2011-11-28 15:31:00,10.79,,United Kingdom
579427,23169,CLASSIC GLASS COOKIE JAR,6,2011-11-29 13:04:00,4.15,16479.0,United Kingdom
579508,22851,SET 20 NAPKINS FAIRY CAKES DESIGN ,1,2011-11-29 16:33:00,1.63,,United Kingdom
580367,22556,PLASTERS IN TIN CIRCUS PARADE ,2,2011-12-02 16:39:00,3.29,,United Kingdom
580367,20652,BLUE POLKADOT LUGGAGE TAG ,1,2011-12-02 16:39:00,2.46,,United Kingdom
577531,22069,BROWN  PIRATE TREASURE CHEST ,4,2011-11-20 13:58:00,4.13,,United Kingdom
C579547,23245,SET OF 3 REGENCY CAKE TINS,-1,2011-11-30 10:42:00,4.95,16764.0,United Kingdom
578653,85123A,WHITE HANGING HEART T-LIGHT HOLDER,12,2011-11-24 16:40:00,2.95,18161.0,United Kingdom
580117,23203,JUMBO BAG VINTAGE DOILY ,20,2011-12-01 16:28:00,2.08,14655.0,United Kingdom
579142,48187,DOORMAT NEW ENGLAND,1,2011-11-28 13:06:00,8.25,16744.0,United Kingdom
577358,82580,BATHROOM METAL SIGN,2,2011-11-18 15:59:00,1.25,,United Kingdom
579196,22699,ROSES REGENCY TEACUP AND SAUCER ,1,2011-11-28 15:54:00,5.79,14096.0,United Kingdom
578944,85123A,WHITE HANGING HEART T-LIGHT HOLDER,1,2011-11-27 13:41:00,2.95,16005.0,United Kingdom
578118,22560,TRADITIONAL MODELLING CLAY,24,2011-11-23 10:08:00,1.25,12955.0,United Kingdom
578344,17012D,ORIGAMI ROSE INCENSE/CANDLE SET ,1,2011-11-24 09:21:00,2.46,,United Kingdom
577794,22624,IVORY KITCHEN SCALES,1,2011-11-21 16:48:00,8.5,14030.0,United Kingdom
580073,79160,HEART SHAPE WIRELESS DOORBELL,4,2011-12-01 14:03:00,2.1,16813.0,United Kingdom
579471,21430,SET/3 RED GINGHAM ROSE STORAGE BOX,1,2011-11-29 15:08:00,7.46,,United Kingdom
577516,21917,SET 12 KIDS  WHITE CHALK STICKS,1,2011-11-20 13:08:00,0.42,16533.0,United Kingdom
577785,84378,SET OF 3 HEART COOKIE CUTTERS,3,2011-11-21 16:25:00,1.45,16369.0,United Kingdom
577358,21889,WOODEN BOX OF DOMINOES,2,2011-11-18 15:59:00,2.46,,United Kingdom
578041,23695,DOILY THANK YOU CARD,24,2011-11-22 14:23:00,0.42,17338.0,United Kingdom
580137,23490,T-LIGHT HOLDER HANGING LOVE BIRD,1,2011-12-01 19:54:00,3.75,17566.0,United Kingdom
579094,21232,STRAWBERRY CERAMIC TRINKET POT,24,2011-11-28 10:56:00,1.25,12668.0,Germany
577054,21123,SET/10 IVORY POLKADOT PARTY CANDLES,24,2011-11-17 14:19:00,1.25,13815.0,Germany
579516,47421,ASSORTED COLOUR LIZARD SUCTION HOOK,2,2011-11-29 17:52:00,0.42,17841.0,United Kingdom
578943,85053,FRENCH ENAMEL CANDLEHOLDER,2,2011-11-27 13:35:00,2.1,15009.0,United Kingdom
580399,22099,CARAVAN SQUARE TISSUE BOX,1,2011-12-04 11:45:00,0.39,13471.0,United Kingdom
579938,23224,CHERUB HEART DECORATION GOLD,12,2011-12-01 10:18:00,0.83,14146.0,United Kingdom
579470,22629,SPACEBOY LUNCH BOX ,1,2011-11-29 15:06:00,1.95,16549.0,United Kingdom
577317,21929,JUMBO BAG PINK VINTAGE PAISLEY,1,2011-11-18 13:33:00,2.08,16426.0,United Kingdom
577252,21642,ASSORTED TUTTI FRUTTI PEN,11,2011-11-18 12:22:00,0.29,18034.0,United Kingdom
577095,35471D,SET OF 3 BIRD LIGHT PINK FEATHER ,2,2011-11-17 16:39:00,0.39,15867.0,United Kingdom
577768,22752,SET 7 BABUSHKA NESTING BOXES,3,2011-11-21 15:18:00,16.63,,United Kingdom
578344,23205,CHARLOTTE BAG VINTAGE ALPHABET ,1,2011-11-24 09:21:00,1.63,,United Kingdom
579784,82482,WOODEN PICTURE FRAME WHITE FINISH,36,2011-11-30 15:27:00,2.55,14258.0,United Kingdom
577317,22834,HAND WARMER BABUSHKA DESIGN,2,2011-11-18 13:33:00,2.1,16426.0,United Kingdom
577078,22659,LUNCH BOX I LOVE LONDON,2,2011-11-17 15:17:00,4.13,,United Kingdom
579393,23475,WOODLAND SMALL PINK FELT HEART,12,2011-11-29 12:07:00,0.83,12627.0,Germany
579741,90164A,PINK ROSEBUD PEARL BRACELET,1,2011-11-30 14:33:00,1.95,16910.0,United Kingdom
C579562,21731,RED TOADSTOOL LED NIGHT LIGHT,-1,2011-11-30 11:39:00,1.65,12553.0,France
577317,23583,LUNCH BAG PAISLEY PARK  ,2,2011-11-18 13:33:00,1.65,16426.0,United Kingdom
579491,21819,GLITTER CHRISTMAS STAR ,3,2011-11-29 15:23:00,0.39,14723.0,United Kingdom
580061,22112,CHOCOLATE HOT WATER BOTTLE,24,2011-12-01 13:27:00,4.25,14051.0,United Kingdom
580500,21993,FLORAL FOLK STATIONERY SET,12,2011-12-04 12:52:00,1.25,17131.0,United Kingdom
578013,21993,FLORAL FOLK STATIONERY SET,1,2011-11-22 12:55:00,1.25,17360.0,United Kingdom
578954,23569,TRADTIONAL ALPHABET STAMP SET,1,2011-11-27 15:02:00,4.95,15054.0,United Kingdom
577502,22634,CHILDS BREAKFAST SET SPACEBOY ,2,2011-11-20 12:34:00,9.95,12598.0,France
577311,22385,JUMBO BAG SPACEBOY DESIGN,2,2011-11-18 13:16:00,2.08,18225.0,United Kingdom
580293,21907,I'M ON HOLIDAY METAL SIGN,1,2011-12-02 13:38:00,2.1,16426.0,United Kingdom
578026,23240,SET OF 4 KNICK KNACK TINS DOILY ,6,2011-11-22 13:29:00,4.15,17659.0,United Kingdom
580178,22677,FRENCH BLUE METAL DOOR SIGN 2,20,2011-12-02 11:53:00,1.19,16013.0,United Kingdom
578818,23471,SIX DRAWER OFFICE TIDY,1,2011-11-25 13:47:00,9.95,17920.0,United Kingdom
577312,23581,JUMBO BAG PAISLEY PARK,10,2011-11-18 13:18:00,2.08,17049.0,United Kingdom
577472,23571,TRADITIONAL NAUGHTS & CROSSES,12,2011-11-20 11:28:00,1.65,14503.0,United Kingdom
579154,22489,PACK OF 12 TRADITIONAL CRAYONS,3,2011-11-28 13:27:00,0.42,17218.0,United Kingdom
577311,23581,JUMBO BAG PAISLEY PARK,2,2011-11-18 13:16:00,2.08,18225.0,United Kingdom
578344,23406,HOME SWEET HOME KEY HOLDER,1,2011-11-24 09:21:00,12.46,,United Kingdom
577057,22420,LIPSTICK PEN BABY PINK,2,2011-11-17 14:26:00,0.42,12748.0,United Kingdom
580033,23581,JUMBO BAG PAISLEY PARK,40,2011-12-01 12:18:00,2.08,14282.0,United Kingdom
577298,22867,HAND WARMER BIRD DESIGN,12,2011-11-18 12:49:00,2.1,14299.0,United Kingdom
578032,23353,6 GIFT TAGS VINTAGE CHRISTMAS ,12,2011-11-22 13:41:00,0.83,16633.0,United Kingdom
578942,22745,POPPY'S PLAYHOUSE BEDROOM ,1,2011-11-27 13:29:00,2.1,17288.0,United Kingdom
579670,23354,6 GIFT TAGS 50'S CHRISTMAS ,12,2011-11-30 12:36:00,0.83,15611.0,United Kingdom
576852,22382,LUNCH BAG SPACEBOY DESIGN ,2,2011-11-16 15:45:00,1.65,16809.0,United Kingdom
578067,21116,OWL DOORSTOP,1,2011-11-22 15:43:00,8.29,,United Kingdom
579037,22726,ALARM CLOCK BAKELIKE GREEN,16,2011-11-28 10:23:00,3.75,13418.0,United Kingdom
577843,79321,CHILLI LIGHTS,48,2011-11-22 10:39:00,4.95,16353.0,United Kingdom
578344,23343,JUMBO BAG VINTAGE CHRISTMAS ,1,2011-11-24 09:21:00,4.13,,United Kingdom
578347,21191,LARGE WHITE HONEYCOMB PAPER BELL  ,2,2011-11-24 09:26:00,4.13,,United Kingdom
578068,22722,SET OF 6 SPICE TINS PANTRY DESIGN,2,2011-11-22 15:45:00,3.95,14505.0,United Kingdom
577498,22750,FELTCRAFT PRINCESS LOLA DOLL,2,2011-11-20 12:22:00,3.75,15906.0,United Kingdom
578045,85150,LADIES & GENTLEMEN METAL SIGN,2,2011-11-22 14:43:00,2.55,17297.0,United Kingdom
577056,21633,SUNFLOWER DECORATIVE PARASOL,3,2011-11-17 14:24:00,12.75,17985.0,United Kingdom
578133,23439,HAND WARMER RED LOVE HEART,12,2011-11-23 10:55:00,2.1,14205.0,United Kingdom
580588,21808,,5,2011-12-05 10:35:00,0.0,,United Kingdom
578079,84536A,ENGLISH ROSE NOTEBOOK A7 SIZE,16,2011-11-22 16:26:00,0.42,13985.0,United Kingdom
578345,22158,3 HEARTS HANGING DECORATION RUSTIC,24,2011-11-24 09:23:00,2.95,15270.0,United Kingdom
580305,22748,POPPY'S PLAYHOUSE KITCHEN,1,2011-12-02 14:26:00,2.1,12970.0,United Kingdom
578510,23084,RABBIT NIGHT LIGHT,7,2011-11-24 13:25:00,2.08,14056.0,United Kingdom
580256,85135C,RED DRAGONFLY HELICOPTER,1,2011-12-02 12:24:00,7.95,14688.0,United Kingdom
579741,23498,CLASSIC BICYCLE CLIPS ,1,2011-11-30 14:33:00,1.45,16910.0,United Kingdom
577522,84946,ANTIQUE SILVER T-LIGHT GLASS,18,2011-11-20 13:23:00,1.25,15988.0,United Kingdom
580092,23208,LUNCH BAG VINTAGE LEAF DESIGN,5,2011-12-01 14:38:00,1.65,13969.0,United Kingdom
579512,22821,GIFT BAG PSYCHEDELIC APPLES,1,2011-11-29 16:47:00,0.83,,United Kingdom
578805,21928,JUMBO BAG SCANDINAVIAN BLUE PAISLEY,10,2011-11-25 12:57:00,2.08,16401.0,United Kingdom
580283,21675,BUTTERFLIES STICKERS,12,2011-12-02 13:20:00,0.85,16133.0,United Kingdom
578305,22468,BABUSHKA LIGHTS STRING OF 10,14,2011-11-23 15:44:00,5.95,14088.0,United Kingdom
579777,22422,TOOTHPASTE TUBE PEN,1,2011-11-30 15:13:00,1.25,,United Kingdom
578347,22411,JUMBO SHOPPER VINTAGE RED PAISLEY,1,2011-11-24 09:26:00,4.13,,United Kingdom
578541,22193,RED DINER WALL CLOCK,2,2011-11-24 15:01:00,8.5,14277.0,France
579301,22578,WOODEN STAR CHRISTMAS SCANDINAVIAN,3,2011-11-29 11:32:00,0.29,18118.0,United Kingdom
580502,23509,MINI PLAYING CARDS FUN FAIR ,3,2011-12-04 13:15:00,0.42,16931.0,United Kingdom
579531,23188,VINTAGE  2 METRE FOLDING RULER,72,2011-11-30 09:18:00,1.65,17017.0,United Kingdom
579135,22597,MUSICAL ZINC HEART DECORATION ,10,2011-11-28 12:44:00,0.29,18096.0,United Kingdom
577469,22429,ENAMEL MEASURING JUG CREAM,1,2011-11-20 11:25:00,4.25,15009.0,United Kingdom
580318,23201,JUMBO BAG ALPHABET,10,2011-12-02 15:39:00,2.08,17686.0,United Kingdom
580115,22732,3D VINTAGE CHRISTMAS STICKERS ,1,2011-12-01 16:22:00,2.46,,United Kingdom
578808,22467,GUMBALL COAT RACK,6,2011-11-25 13:23:00,2.55,16327.0,United Kingdom
580117,22784,LANTERN CREAM GAZEBO ,6,2011-12-01 16:28:00,4.95,14655.0,United Kingdom
580529,82483,WOOD 2 DRAWER CABINET WHITE FINISH,4,2011-12-04 15:35:00,6.95,14658.0,United Kingdom
578153,22233,JIGSAW RABBIT AND BIRDHOUSE,1,2011-11-23 11:22:00,0.59,12748.0,United Kingdom
580074,85032B,BLOSSOM IMAGES GIFT WRAP SET,12,2011-12-01 14:06:00,0.65,15028.0,United Kingdom
579472,23366,SET 12 COLOURING PENCILS DOILY,1,2011-11-29 15:09:00,0.65,13521.0,United Kingdom
580115,21906,PHARMACIE FIRST AID TIN,1,2011-12-01 16:22:00,13.29,,United Kingdom
577085,22597,MUSICAL ZINC HEART DECORATION ,72,2011-11-17 15:47:00,0.29,12997.0,United Kingdom
579124,22753,SMALL YELLOW BABUSHKA NOTEBOOK ,1,2011-11-28 12:14:00,0.85,15721.0,United Kingdom
578820,22109,FULL ENGLISH BREAKFAST PLATE,16,2011-11-25 13:58:00,3.39,12912.0,United Kingdom
578520,23084,RABBIT NIGHT LIGHT,1,2011-11-24 13:57:00,2.08,14591.0,United Kingdom
578814,22551,PLASTERS IN TIN SPACEBOY,1,2011-11-25 13:40:00,1.65,12748.0,United Kingdom
580287,22660,DOORMAT I LOVE LONDON,1,2011-12-02 13:28:00,8.25,14594.0,United Kingdom
580501,23101,SILVER STARS TABLE DECORATION,2,2011-12-04 13:00:00,0.83,14546.0,United Kingdom
578149,22407,MONEY BOX FIRST AID DESIGN,1,2011-11-23 11:11:00,2.46,,United Kingdom
579499,22384,LUNCH BAG PINK POLKADOT,10,2011-11-29 15:59:00,1.65,17682.0,United Kingdom
578826,84029E,RED WOOLLY HOTTIE WHITE HEART.,3,2011-11-25 14:24:00,4.25,17329.0,United Kingdom
579941,22633,HAND WARMER UNION JACK,12,2011-12-01 10:31:00,2.1,16496.0,United Kingdom
577845,21172,PARTY METAL SIGN ,24,2011-11-22 10:44:00,1.45,18139.0,United Kingdom
577078,21981,PACK OF 12 WOODLAND TISSUES ,1,2011-11-17 15:17:00,0.83,,United Kingdom
577473,21470,FLOWER VINE RAFFIA FOOD COVER,2,2011-11-20 11:28:00,3.75,15919.0,United Kingdom
577311,21928,JUMBO BAG SCANDINAVIAN BLUE PAISLEY,1,2011-11-18 13:16:00,2.08,18225.0,United Kingdom
578425,POST,POSTAGE,4,2011-11-24 12:01:00,18.0,12705.0,Germany
579413,22154,ANGEL DECORATION 3 BUTTONS ,8,2011-11-29 12:50:00,0.42,13668.0,United Kingdom
580539,22075,6 RIBBONS ELEGANT CHRISTMAS ,24,2011-12-05 08:39:00,0.39,18180.0,United Kingdom
577156,23289,DOLLY GIRL CHILDRENS BOWL,8,2011-11-18 09:57:00,1.25,13471.0,United Kingdom
579885,22423,REGENCY CAKESTAND 3 TIER,1,2011-11-30 17:37:00,12.75,15444.0,United Kingdom
577740,23493,VINTAGE DOILY TRAVEL SEWING KIT,1,2011-11-21 13:36:00,1.95,17625.0,United Kingdom
579787,21929,JUMBO BAG PINK VINTAGE PAISLEY,1,2011-11-30 15:33:00,4.13,,United Kingdom
577519,22158,3 HEARTS HANGING DECORATION RUSTIC,8,2011-11-20 13:20:00,2.95,15044.0,United Kingdom
580142,23562,SET OF 6 RIBBONS PERFECTLY PRETTY  ,6,2011-12-02 09:23:00,2.89,14895.0,United Kingdom
579254,23395,BELLE JARDINIERE CUSHION COVER,4,2011-11-28 17:05:00,3.75,14511.0,United Kingdom
578833,23439,HAND WARMER RED LOVE HEART,1,2011-11-25 15:23:00,4.13,,United Kingdom
579094,22302,COFFEE MUG PEARS  DESIGN,12,2011-11-28 10:56:00,2.55,12668.0,Germany
578323,22507,MEMO BOARD RETROSPOT  DESIGN,4,2011-11-23 17:19:00,4.95,15743.0,United Kingdom
576927,21821,GLITTER STAR GARLAND WITH BELLS ,6,2011-11-17 11:02:00,3.75,12567.0,France
579516,23164,REGENCY CAKE SLICE,1,2011-11-29 17:52:00,4.95,17841.0,United Kingdom
579512,15039,SANDALWOOD FAN,1,2011-11-29 16:47:00,1.63,,United Kingdom
579937,22090,PAPER BUNTING RETROSPOT,12,2011-12-01 10:10:00,2.95,13509.0,United Kingdom
578303,22720,SET OF 3 CAKE TINS PANTRY DESIGN ,3,2011-11-23 15:39:00,4.95,14733.0,United Kingdom
578008,20763,DAISY SKETCHBOOK ,1,2011-11-22 12:47:00,3.75,14657.0,United Kingdom
578814,21891,TRADITIONAL WOODEN SKIPPING ROPE,1,2011-11-25 13:40:00,1.45,12748.0,United Kingdom
577358,22378,WALL TIDY RETROSPOT ,1,2011-11-18 15:59:00,4.13,,United Kingdom
577507,23238,SET OF 4 KNICK KNACK TINS LONDON ,2,2011-11-20 12:42:00,4.15,14710.0,United Kingdom
580482,23301,GARDENERS KNEELING PAD KEEP CALM ,2,2011-12-04 12:44:00,1.65,16033.0,United Kingdom
577228,21125,SET 6 FOOTBALL CELEBRATION CANDLES,2,2011-11-18 12:07:00,1.25,12391.0,Cyprus
577358,22982,PANTRY PASTRY BRUSH,1,2011-11-18 15:59:00,2.46,,United Kingdom
578519,23349,ROLL WRAP VINTAGE CHRISTMAS,1,2011-11-24 13:56:00,1.25,14591.0,United Kingdom
579167,21166,COOK WITH WINE METAL SIGN ,2,2011-11-28 14:06:00,2.08,16800.0,United Kingdom
579470,47559B,TEA TIME OVEN GLOVE,2,2011-11-29 15:06:00,1.25,16549.0,United Kingdom
577594,85014A,BLACK/BLUE POLKADOT UMBRELLA,2,2011-11-20 16:07:00,5.95,13142.0,United Kingdom
577749,22728,ALARM CLOCK BAKELIKE PINK,1,2011-11-21 14:26:00,3.75,16242.0,United Kingdom
580482,21481,FAWN BLUE HOT WATER BOTTLE,2,2011-12-04 12:44:00,3.75,16033.0,United Kingdom
580048,21914,BLUE HARMONICA IN BOX ,2,2011-12-01 12:53:00,1.25,12748.0,United Kingdom
578929,82494L,WOODEN FRAME ANTIQUE WHITE ,6,2011-11-27 12:31:00,2.95,13064.0,United Kingdom
580137,22630,DOLLY GIRL LUNCH BOX,1,2011-12-01 19:54:00,1.95,17566.0,United Kingdom
577855,23102,SILVER HEARTS TABLE DECORATION,1,2011-11-22 11:18:00,0.83,15877.0,United Kingdom
579516,23220,REINDEER HEART DECORATION GOLD,2,2011-11-29 17:52:00,0.83,17841.0,United Kingdom
577172,22801,ANTIQUE GLASS PEDESTAL BOWL,1,2011-11-18 10:56:00,3.75,17760.0,United Kingdom
578531,23188,VINTAGE  2 METRE FOLDING RULER,2,2011-11-24 14:40:00,1.65,17364.0,United Kingdom
580509,23504,PLAYING CARDS JUBILEE UNION JACK,12,2011-12-04 13:45:00,1.25,12719.0,France
578109,23328,SET 6 SCHOOL MILK BOTTLES IN CRATE,4,2011-11-23 09:22:00,3.75,14020.0,United Kingdom
576909,23309,SET OF 60 I LOVE LONDON CAKE CASES ,24,2011-11-17 09:49:00,0.55,12471.0,Germany
577687,23598,PAPER BUNTING VINTAGE PARTY,24,2011-11-21 11:16:00,2.95,12583.0,France
579001,22952,60 CAKE CASES VINTAGE CHRISTMAS,5,2011-11-27 16:19:00,0.55,15555.0,United Kingdom
580243,21915,RED  HARMONICA IN BOX ,1120,2011-12-02 12:19:00,1.06,16333.0,United Kingdom
580460,90180B,PURPLE AMETHYST NECKLACE W TASSEL,1,2011-12-04 12:29:00,9.95,12748.0,United Kingdom
580064,21786,POLKADOT RAIN HAT ,24,2011-12-01 13:32:00,0.42,18077.0,United Kingdom
578041,20749,ASSORTED COLOUR MINI CASES,2,2011-11-22 14:23:00,7.95,17338.0,United Kingdom
577016,22186,RED STAR CARD HOLDER,4,2011-11-17 12:21:00,1.95,17095.0,United Kingdom
576847,22197,POPCORN HOLDER,100,2011-11-16 15:35:00,0.72,17017.0,United Kingdom
578944,82581,TOILET METAL SIGN,1,2011-11-27 13:41:00,0.55,16005.0,United Kingdom
577076,85094,CANDY SPOT EGG WARMER RABBIT,6,2011-11-17 15:08:00,0.19,14362.0,United Kingdom
580115,22792,FLUTED ANTIQUE CANDLE HOLDER,11,2011-12-01 16:22:00,1.63,,United Kingdom
577038,37450,CERAMIC CAKE BOWL + HANGING CAKES,1,2011-11-17 13:30:00,2.95,14796.0,United Kingdom
579124,22633,HAND WARMER UNION JACK,2,2011-11-28 12:14:00,2.1,15721.0,United Kingdom
580032,23203,JUMBO BAG VINTAGE DOILY ,4,2011-12-01 12:17:00,2.08,14659.0,United Kingdom
580097,23020,GLASS  SONGBIRD STORAGE JAR,1,2011-12-01 14:58:00,12.5,14216.0,United Kingdom
C580171,23108,SET OF 10 LED DOLLY LIGHTS,-24,2011-12-02 11:42:00,3.39,17949.0,United Kingdom
580367,21175,GIN AND TONIC DIET METAL SIGN,2,2011-12-02 16:39:00,4.96,,United Kingdom
580506,23247,BISCUIT TIN 50'S CHRISTMAS,12,2011-12-04 13:34:00,2.89,13319.0,United Kingdom
579472,23535,WALL ART BICYCLE SAFETY,1,2011-11-29 15:09:00,5.95,13521.0,United Kingdom
577549,22154,ANGEL DECORATION 3 BUTTONS ,1,2011-11-20 15:00:00,0.42,17841.0,United Kingdom
577473,22278,OVERNIGHT BAG VINTAGE ROSE PAISLEY,3,2011-11-20 11:28:00,4.95,15919.0,United Kingdom
577358,20764,ABSTRACT CIRCLES SKETCHBOOK ,1,2011-11-18 15:59:00,7.46,,United Kingdom
577329,22690,DOORMAT HOME SWEET HOME BLUE ,1,2011-11-18 14:15:00,8.25,17779.0,United Kingdom
579254,22923,FRIDGE MAGNETS LES ENFANTS ASSORTED,12,2011-11-28 17:05:00,0.85,14511.0,United Kingdom
577768,22078,RIBBON REEL LACE DESIGN ,1,2011-11-21 15:18:00,4.13,,United Kingdom
577358,22896,PEG BAG APPLES DESIGN,1,2011-11-18 15:59:00,4.96,,United Kingdom
578844,23212,HEART WREATH DECORATION WITH BELL,2,2011-11-25 16:14:00,2.46,,United Kingdom
579510,85099B,JUMBO BAG RED RETROSPOT,10,2011-11-29 16:44:00,2.08,14554.0,United Kingdom
579669,22835,HOT WATER BOTTLE I AM SO POORLY,4,2011-11-30 12:36:00,4.95,14673.0,United Kingdom
577058,82616B,FRAPPUCINO SCARF KNITTING KIT,1,2011-11-17 14:29:00,1.25,18122.0,United Kingdom
576941,22946,WOODEN ADVENT CALENDAR CREAM,6,2011-11-17 11:34:00,16.95,12562.0,France
577502,23480,MINI LIGHTS WOODLAND MUSHROOMS,4,2011-11-20 12:34:00,3.75,12598.0,France
579510,22910,PAPER CHAIN KIT VINTAGE CHRISTMAS,24,2011-11-29 16:44:00,2.95,14554.0,United Kingdom
577769,23583,LUNCH BAG PAISLEY PARK  ,10,2011-11-21 15:27:00,1.65,16379.0,United Kingdom
578506,23196,VINTAGE LEAF MAGNETIC NOTEPAD,4,2011-11-24 13:01:00,1.45,17458.0,United Kingdom
578041,23102,SILVER HEARTS TABLE DECORATION,2,2011-11-22 14:23:00,0.83,17338.0,United Kingdom
580115,35953,FOLKART STAR CHRISTMAS DECORATIONS,28,2011-12-01 16:22:00,0.61,,United Kingdom
577094,21156,RETROSPOT CHILDRENS APRON,2,2011-11-17 16:39:00,1.95,15435.0,United Kingdom
576860,20757,RED DAISY POCKET BOOK ,3,2011-11-16 15:58:00,0.85,17602.0,United Kingdom
577320,23571,TRADITIONAL NAUGHTS & CROSSES,12,2011-11-18 13:44:00,1.65,13880.0,United Kingdom
578944,23209,LUNCH BAG VINTAGE DOILY ,1,2011-11-27 13:41:00,1.65,16005.0,United Kingdom
578302,22838,3 TIER CAKE TIN RED AND CREAM,1,2011-11-23 15:23:00,14.95,16057.0,United Kingdom
577317,23503,PLAYING CARDS KEEP CALM & CARRY ON,6,2011-11-18 13:33:00,1.25,16426.0,United Kingdom
579145,16238,PARTY TIME PENCIL ERASERS,1,2011-11-28 13:13:00,0.21,14597.0,United Kingdom
577770,22625,RED KITCHEN SCALES,4,2011-11-21 15:33:00,8.5,13282.0,United Kingdom
580027,20973,12 PENCIL SMALL TUBE WOODLAND,3,2011-12-01 12:01:00,0.65,14178.0,United Kingdom
579555,84836,ZINC METAL HEART DECORATION,1,2011-11-30 11:08:00,1.25,16241.0,United Kingdom
576851,35970,ZINC FOLKART SLEIGH BELLS,1,2011-11-16 15:41:00,1.69,15967.0,United Kingdom
577473,23423,PANTRY 3 HOOK ROLLING PIN HANGER,1,2011-11-20 11:28:00,3.75,15919.0,United Kingdom
577549,22499,WOODEN UNION JACK BUNTING,2,2011-11-20 15:00:00,5.95,17841.0,United Kingdom
578155,23109,PACK OF SIX LED TEA LIGHTS,1,2011-11-23 11:32:00,2.89,12748.0,United Kingdom
578531,22344,PARTY PIZZA DISH PINK POLKADOT,6,2011-11-24 14:40:00,0.85,17364.0,United Kingdom
579196,21876,POTTERING MUG,2,2011-11-28 15:54:00,3.29,14096.0,United Kingdom
577791,21704,BAG 250g SWIRLY MARBLES,12,2011-11-21 16:36:00,0.85,17100.0,United Kingdom
579133,84947,ANTIQUE SILVER TEA GLASS ENGRAVED,6,2011-11-28 12:36:00,1.25,17852.0,United Kingdom
578515,22158,3 HEARTS HANGING DECORATION RUSTIC,1,2011-11-24 13:40:00,2.95,16885.0,United Kingdom
577551,22630,DOLLY GIRL LUNCH BOX,12,2011-11-20 15:21:00,1.95,12395.0,Belgium
577337,22030,SWALLOWS GREETING CARD,12,2011-11-18 14:51:00,0.42,15494.0,United Kingdom
580262,23499,SET 12 VINTAGE DOILY CHALK ,24,2011-12-02 12:42:00,0.42,16759.0,United Kingdom
579846,20971,PINK BLUE FELT CRAFT TRINKET BOX,12,2011-11-30 16:22:00,1.25,12921.0,United Kingdom
578844,22701,PINK DOG BOWL,5,2011-11-25 16:14:00,2.46,,United Kingdom
577597,22698,PINK REGENCY TEACUP AND SAUCER,6,2011-11-21 08:19:00,2.95,16366.0,United Kingdom
579516,22467,GUMBALL COAT RACK,3,2011-11-29 17:52:00,2.55,17841.0,United Kingdom
577723,23355,HOT WATER BOTTLE KEEP CALM,1,2011-11-21 12:36:00,4.95,16713.0,United Kingdom
578833,23158,SET OF 5 LUCKY CAT MAGNETS ,2,2011-11-25 15:23:00,4.13,,United Kingdom
578344,23163,REGENCY SUGAR TONGS,1,2011-11-24 09:21:00,4.96,,United Kingdom
579256,21891,TRADITIONAL WOODEN SKIPPING ROPE,12,2011-11-29 08:07:00,1.45,13349.0,United Kingdom
C578371,22434,BALLOON PUMP WITH 10 BALLOONS,-2,2011-11-24 11:16:00,1.95,14410.0,United Kingdom
577480,22487,WHITE WOOD GARDEN PLANT LADDER,1,2011-11-20 11:37:00,9.95,14525.0,United Kingdom
580106,23562,SET OF 6 RIBBONS PERFECTLY PRETTY  ,6,2011-12-01 15:28:00,2.89,16169.0,United Kingdom
578004,23032,DRAWER KNOB CRACKLE GLAZE IVORY,2,2011-11-22 12:38:00,1.65,17155.0,United Kingdom
578036,20971,PINK BLUE FELT CRAFT TRINKET BOX,4,2011-11-22 14:04:00,1.25,16474.0,United Kingdom
579508,22754,SMALL RED BABUSHKA NOTEBOOK ,1,2011-11-29 16:33:00,1.63,,United Kingdom
578921,23377,PACK OF 12 DOLLY GIRL TISSUES,5,2011-11-27 11:57:00,0.39,13596.0,United Kingdom
577063,22114,HOT WATER BOTTLE TEA AND SYMPATHY,24,2011-11-17 14:41:00,3.75,17183.0,United Kingdom
576873,23300,GARDENERS KNEELING PAD CUP OF TEA ,1,2011-11-16 16:30:00,1.65,17835.0,United Kingdom
579520,22230,JIGSAW TREE WITH WATERING CAN,1,2011-11-29 18:14:00,0.29,12748.0,United Kingdom
578506,22470,HEART OF WICKER LARGE,1,2011-11-24 13:01:00,2.95,17458.0,United Kingdom
578817,20726,LUNCH BAG WOODLAND,2,2011-11-25 13:45:00,1.65,16764.0,United Kingdom
577489,23224,CHERUB HEART DECORATION GOLD,3,2011-11-20 12:07:00,0.83,,United Kingdom
577317,22866,HAND WARMER SCOTTY DOG DESIGN,1,2011-11-18 13:33:00,2.1,16426.0,United Kingdom
580305,23349,ROLL WRAP VINTAGE CHRISTMAS,4,2011-12-02 14:26:00,1.25,12970.0,United Kingdom
579623,22423,REGENCY CAKESTAND 3 TIER,2,2011-11-30 12:15:00,12.75,16062.0,United Kingdom
578065,23433,HANGING QUILTED PATCHWORK APPLES,1,2011-11-22 15:41:00,10.79,,United Kingdom
579264,23203,JUMBO BAG VINTAGE DOILY ,10,2011-11-29 09:15:00,2.08,13599.0,United Kingdom
577105,22865,HAND WARMER OWL DESIGN,12,2011-11-17 17:16:00,2.1,16076.0,United Kingdom
577297,21810,CHRISTMAS HANGING STAR WITH BELL,2,2011-11-18 12:48:00,0.39,14593.0,United Kingdom
577768,22174,PHOTO CUBE,1,2011-11-21 15:18:00,3.29,,United Kingdom
577033,84949,SILVER HANGING T-LIGHT HOLDER,6,2011-11-17 13:16:00,1.65,17797.0,United Kingdom
577745,22960,JAM MAKING SET WITH JARS,12,2011-11-21 14:06:00,3.75,18139.0,United Kingdom
579133,23569,TRADTIONAL ALPHABET STAMP SET,1,2011-11-28 12:36:00,4.95,17852.0,United Kingdom
578250,85049E,SCANDINAVIAN REDS RIBBONS,1,2011-11-23 12:43:00,1.25,15901.0,United Kingdom
579512,22723,SET OF 6 HERB TINS SKETCHBOOK,1,2011-11-29 16:47:00,8.29,,United Kingdom
580111,85099B,JUMBO BAG RED RETROSPOT,100,2011-12-01 15:55:00,1.79,12950.0,United Kingdom
577497,22141,CHRISTMAS CRAFT TREE TOP ANGEL,2,2011-11-20 12:22:00,2.1,17555.0,United Kingdom
578924,85034B,3 WHITE CHOC MORRIS BOXED CANDLES,12,2011-11-27 12:10:00,1.25,16983.0,United Kingdom
578551,21621,VINTAGE UNION JACK BUNTING,2,2011-11-24 15:05:00,8.5,12937.0,United Kingdom
580468,22577,WOODEN HEART CHRISTMAS SCANDINAVIAN,4,2011-12-04 12:31:00,0.29,12748.0,United Kingdom
577358,20725,LUNCH BAG RED RETROSPOT,2,2011-11-18 15:59:00,4.13,,United Kingdom
577508,22227,HANGING HEART MIRROR DECORATION ,4,2011-11-20 12:45:00,0.65,18127.0,United Kingdom
578827,22355,CHARLOTTE BAG SUKI DESIGN,1,2011-11-25 14:25:00,1.63,,United Kingdom
578833,22375,AIRLINE BAG VINTAGE JET SET BROWN,1,2011-11-25 15:23:00,4.13,,United Kingdom
578347,23374,RED SPOT PAPER GIFT BAG,1,2011-11-24 09:26:00,1.63,,United Kingdom
580272,23323,WHITE WICKER STAR ,2,2011-12-02 12:52:00,2.1,15547.0,United Kingdom
580283,23578,SNACK TRAY RED GINGHAM,8,2011-12-02 13:20:00,1.95,16133.0,United Kingdom
578937,23333,IVORY WICKER HEART MEDIUM,12,2011-11-27 13:03:00,1.25,16592.0,United Kingdom
580311,22139,RETROSPOT TEA SET CERAMIC 11 PC ,3,2011-12-02 14:48:00,4.95,18245.0,United Kingdom
577597,16161P,WRAP ENGLISH ROSE ,25,2011-11-21 08:19:00,0.42,16366.0,United Kingdom
578305,21116,OWL DOORSTOP,57,2011-11-23 15:44:00,4.25,14088.0,United Kingdom
578953,22231,JIGSAW TREE WITH BIRDHOUSE,1,2011-11-27 14:50:00,0.59,13546.0,United Kingdom
577178,22320,BIRDS MOBILE VINTAGE DESIGN,3,2011-11-18 11:10:00,5.95,12618.0,Italy
576865,22403,MAGNETS PACK OF 4 VINTAGE LABELS ,2,2011-11-16 16:08:00,0.39,12748.0,United Kingdom
579187,23269,SET OF 2 CERAMIC CHRISTMAS TREES,3,2011-11-28 15:31:00,2.92,,United Kingdom
577300,22112,CHOCOLATE HOT WATER BOTTLE,6,2011-11-18 12:53:00,4.95,16924.0,United Kingdom
580512,23344,JUMBO BAG 50'S CHRISTMAS ,10,2011-12-04 13:55:00,2.08,12673.0,Germany
578400,22623,BOX OF VINTAGE JIGSAW BLOCKS ,1,2011-11-24 11:52:00,5.95,12748.0,United Kingdom
578926,22632,HAND WARMER RED RETROSPOT,5,2011-11-27 12:24:00,2.1,18156.0,United Kingdom
580367,22199,FRYING PAN RED RETROSPOT,1,2011-12-02 16:39:00,8.29,,United Kingdom
578817,21900,"KEY FOB , SHED",1,2011-11-25 13:45:00,0.65,16764.0,United Kingdom
577524,21818,GLITTER HEART DECORATION,10,2011-11-20 13:33:00,0.39,16905.0,United Kingdom
580527,22721,SET OF 3 CAKE TINS SKETCHBOOK,1,2011-12-04 15:19:00,1.95,13736.0,United Kingdom
579161,22998,TRAVEL CARD WALLET KEEP CALM,5,2011-11-28 13:56:00,0.42,17379.0,United Kingdom
578804,22420,LIPSTICK PEN BABY PINK,12,2011-11-25 12:57:00,0.42,17557.0,United Kingdom
577723,23694,PAISLEY PARK CARD,12,2011-11-21 12:36:00,0.42,16713.0,United Kingdom
578829,23498,CLASSIC BICYCLE CLIPS ,6,2011-11-25 14:53:00,1.45,14710.0,United Kingdom
578149,22728,ALARM CLOCK BAKELIKE PINK,4,2011-11-23 11:11:00,8.29,,United Kingdom
580527,22626,BLACK KITCHEN SCALES,1,2011-12-04 15:19:00,8.5,13736.0,United Kingdom
578344,22865,HAND WARMER OWL DESIGN,2,2011-11-24 09:21:00,4.13,,United Kingdom
578781,21107,CREAM SLICE FLANNEL PINK SPOT ,1,2011-11-25 11:54:00,2.95,15872.0,United Kingdom
579792,22348,TEA BAG PLATE RED RETROSPOT,12,2011-11-30 15:43:00,0.85,12714.0,France
577155,23245,SET OF 3 REGENCY CAKE TINS,4,2011-11-18 09:56:00,4.95,13050.0,United Kingdom
579399,22865,HAND WARMER OWL DESIGN,3,2011-11-29 12:09:00,2.1,13137.0,United Kingdom
578844,22727,ALARM CLOCK BAKELIKE RED ,1,2011-11-25 16:14:00,7.46,,United Kingdom
577300,21287,SCENTED VELVET LOUNGE CANDLE ,12,2011-11-18 12:53:00,0.38,16924.0,United Kingdom
578108,51014C,"FEATHER PEN,COAL BLACK",96,2011-11-23 09:20:00,0.39,14912.0,Italy
579268,16008,SMALL FOLDING SCISSOR(POINTED EDGE),24,2011-11-29 09:47:00,0.12,14321.0,United Kingdom
577473,22097,SWALLOW SQUARE TISSUE BOX,2,2011-11-20 11:28:00,0.39,15919.0,United Kingdom
578057,82494L,WOODEN FRAME ANTIQUE WHITE ,1,2011-11-22 15:05:00,2.95,12920.0,United Kingdom
578852,21916,SET 12 RETRO WHITE CHALK STICKS,5,2011-11-27 11:12:00,0.42,17841.0,United Kingdom
577742,22804,PINK HANGING HEART T-LIGHT HOLDER,1,2011-11-21 13:41:00,2.95,13755.0,United Kingdom
578270,22937,BAKING MOULD CHOCOLATE CUPCAKES,1,2011-11-23 13:39:00,4.96,14096.0,United Kingdom
577869,22892,SET OF SALT AND PEPPER TOADSTOOLS,6,2011-11-22 11:34:00,1.25,13268.0,United Kingdom
578302,22383,LUNCH BAG SUKI DESIGN ,10,2011-11-23 15:23:00,1.65,16057.0,United Kingdom
579508,21789,KIDS RAIN MAC PINK,2,2011-11-29 16:33:00,1.63,,United Kingdom
580118,23031,DRAWER KNOB CRACKLE GLAZE PINK,6,2011-12-01 16:31:00,1.65,16011.0,United Kingdom
580502,23201,JUMBO BAG ALPHABET,1,2011-12-04 13:15:00,2.08,16931.0,United Kingdom
579470,22866,HAND WARMER SCOTTY DOG DESIGN,3,2011-11-29 15:06:00,2.1,16549.0,United Kingdom
578310,20973,12 PENCIL SMALL TUBE WOODLAND,24,2011-11-23 16:22:00,0.65,17434.0,United Kingdom
577519,35637A,IVORY STRING CURTAIN WITH POLE ,1,2011-11-20 13:20:00,1.95,15044.0,United Kingdom
579173,23697,A PRETTY THANK YOU CARD,12,2011-11-28 14:37:00,0.42,17359.0,United Kingdom
577741,22150,3 STRIPEY MICE FELTCRAFT,12,2011-11-21 13:40:00,1.95,12921.0,United Kingdom
578510,21804,WHITE CHRISTMAS GARLAND STARS TREES,3,2011-11-24 13:25:00,3.75,14056.0,United Kingdom
577479,22469,HEART OF WICKER SMALL,12,2011-11-20 11:34:00,1.65,14911.0,EIRE
580367,21429,RED GINGHAM ROSE JEWELLERY BOX,1,2011-12-02 16:39:00,4.13,,United Kingdom
578065,23524,WALL ART HORSE & PONY ,1,2011-11-22 15:41:00,7.46,,United Kingdom
580278,22666,RECIPE BOX PANTRY YELLOW DESIGN,2,2011-12-02 13:11:00,2.95,13560.0,United Kingdom
579297,21175,GIN AND TONIC DIET METAL SIGN,1,2011-11-29 11:23:00,4.96,,United Kingdom
577411,85184C,SET 4 VALENTINE DECOUPAGE HEART BOX,2,2011-11-20 11:00:00,2.95,17387.0,United Kingdom
577800,22725,ALARM CLOCK BAKELIKE CHOCOLATE,4,2011-11-21 17:00:00,3.75,15484.0,United Kingdom
579512,22107,PIZZA PLATE IN BOX,4,2011-11-29 16:47:00,3.29,,United Kingdom
578817,22594,CHRISTMAS GINGHAM TREE,1,2011-11-25 13:45:00,0.85,16764.0,United Kingdom
577782,22633,HAND WARMER UNION JACK,1,2011-11-21 16:17:00,2.1,16549.0,United Kingdom
578140,23179,CLOCK MAGNET MUM'S KITCHEN,36,2011-11-23 10:58:00,2.49,14646.0,Netherlands
580403,82483,WOOD 2 DRAWER CABINET WHITE FINISH,8,2011-12-04 11:56:00,6.95,17858.0,United Kingdom
580050,84949,SILVER HANGING T-LIGHT HOLDER,4,2011-12-01 12:54:00,1.65,14960.0,United Kingdom
577095,85035C,ROSE 3 WICK MORRIS BOX CANDLE,2,2011-11-17 16:39:00,1.25,15867.0,United Kingdom
578065,22996,TRAVEL CARD WALLET VINTAGE TICKET,3,2011-11-22 15:41:00,0.83,,United Kingdom
576909,23289,DOLLY GIRL CHILDRENS BOWL,16,2011-11-17 09:49:00,1.25,12471.0,Germany
577535,22197,POPCORN HOLDER,2,2011-11-20 14:07:00,0.85,14071.0,United Kingdom
577695,22155,STAR DECORATION RUSTIC,6,2011-11-21 11:55:00,0.42,15645.0,United Kingdom
579170,22617,BAKING SET SPACEBOY DESIGN,1,2011-11-28 14:26:00,4.95,17811.0,United Kingdom
580305,23351,ROLL WRAP 50'S CHRISTMAS,2,2011-12-02 14:26:00,1.25,12970.0,United Kingdom
578701,23480,MINI LIGHTS WOODLAND MUSHROOMS,4,2011-11-25 10:52:00,3.75,17624.0,United Kingdom
577358,21813,GARLAND WITH STARS AND BELLS,3,2011-11-18 15:59:00,3.29,,United Kingdom
579293,23198,PANTRY MAGNETIC  SHOPPING LIST,1,2011-11-29 11:22:00,1.45,14419.0,United Kingdom
576904,23266,SET OF 3 WOODEN STOCKING DECORATION,12,2011-11-17 09:25:00,1.25,14931.0,Channel Islands
578358,22112,CHOCOLATE HOT WATER BOTTLE,24,2011-11-24 10:35:00,4.25,15482.0,United Kingdom
577723,21215,IVORY PAPER CUP CAKE CASES ,1,2011-11-21 12:36:00,0.55,16713.0,United Kingdom
579456,23452,HEART MINI PORTRAIT FRAME,1,2011-11-29 14:20:00,1.95,13428.0,United Kingdom
577869,22924,FRIDGE MAGNETS LA VIE EN ROSE,6,2011-11-22 11:34:00,0.85,13268.0,United Kingdom
578679,22150,3 STRIPEY MICE FELTCRAFT,6,2011-11-25 08:12:00,1.95,15117.0,United Kingdom
578283,23200,JUMBO BAG PEARS,30,2011-11-23 13:54:00,2.08,13139.0,United Kingdom
577156,21242,RED RETROSPOT PLATE ,8,2011-11-18 09:57:00,1.69,13471.0,United Kingdom
577504,23571,TRADITIONAL NAUGHTS & CROSSES,2,2011-11-20 12:36:00,1.65,14159.0,United Kingdom
580539,22481,BLACK TEA TOWEL CLASSIC DESIGN,12,2011-12-05 08:39:00,0.39,18180.0,United Kingdom
578335,22792,FLUTED ANTIQUE CANDLE HOLDER,12,2011-11-24 09:06:00,0.85,17481.0,United Kingdom
578994,22993,SET OF 4 PANTRY JELLY MOULDS,12,2011-11-27 15:44:00,1.25,14911.0,EIRE
580373,22037,ROBOT BIRTHDAY CARD,12,2011-12-02 17:06:00,0.42,14788.0,United Kingdom
576910,21212,PACK OF 72 RETROSPOT CAKE CASES,24,2011-11-17 09:51:00,0.55,12477.0,Germany
578666,22965,3 TRADITIONAl BISCUIT CUTTERS  SET,6,2011-11-24 17:06:00,2.1,17727.0,United Kingdom
578314,21326,AGED GLASS SILVER T-LIGHT HOLDER,24,2011-11-23 16:33:00,0.65,13350.0,United Kingdom
577078,21819,GLITTER CHRISTMAS STAR ,1,2011-11-17 15:17:00,1.63,,United Kingdom
577696,21329,DINOSAURS  WRITING SET ,2,2011-11-21 11:57:00,1.65,16406.0,United Kingdom
577126,21481,FAWN BLUE HOT WATER BOTTLE,12,2011-11-17 19:22:00,3.75,12406.0,Denmark
577531,22142,CHRISTMAS CRAFT WHITE FAIRY ,1,2011-11-20 13:58:00,3.29,,United Kingdom
580396,22961,JAM MAKING SET PRINTED,2,2011-12-04 11:00:00,1.45,13838.0,United Kingdom
577358,22028,PENNY FARTHING BIRTHDAY CARD,1,2011-11-18 15:59:00,0.83,,United Kingdom
580519,23207,LUNCH BAG ALPHABET DESIGN,2,2011-12-04 14:51:00,4.96,,United Kingdom
578079,22629,SPACEBOY LUNCH BOX ,12,2011-11-22 16:26:00,1.95,13985.0,United Kingdom
579499,22694,WICKER STAR ,12,2011-11-29 15:59:00,2.1,17682.0,United Kingdom
577783,21172,PARTY METAL SIGN ,24,2011-11-21 16:20:00,1.45,18139.0,United Kingdom
579161,23206,LUNCH BAG APPLE DESIGN,4,2011-11-28 13:56:00,1.65,17379.0,United Kingdom
580025,23392,SPACEBOY ROCKET LOLLY MAKERS,1,2011-12-01 11:53:00,2.08,15021.0,United Kingdom
580292,22075,6 RIBBONS ELEGANT CHRISTMAS ,1,2011-12-02 13:37:00,0.39,15856.0,United Kingdom
577700,22553,PLASTERS IN TIN SKULLS,1,2011-11-21 12:06:00,1.65,14449.0,United Kingdom
577024,23068,ALUMINIUM STAMPED HEART,4,2011-11-17 12:47:00,2.49,14704.0,United Kingdom
577076,21841,BABY MOUSE RED GINGHAM DRESS,1,2011-11-17 15:08:00,4.25,14362.0,United Kingdom
580152,23545,WRAP RED VINTAGE DOILY,25,2011-12-02 10:22:00,0.42,12364.0,Belgium
578225,23039,T-LIGHT HOLDER SILVER HEART HANDLE,6,2011-11-23 11:51:00,1.95,17700.0,United Kingdom
577845,21210,SET OF 72 RETROSPOT PAPER  DOILIES,24,2011-11-22 10:44:00,1.45,18139.0,United Kingdom
579777,84596F,SMALL MARSHMALLOWS PINK BOWL,1,2011-11-30 15:13:00,0.83,,United Kingdom
578679,16014,SMALL CHINESE STYLE SCISSOR,500,2011-11-25 08:12:00,0.32,15117.0,United Kingdom
577010,22951,60 CAKE CASES DOLLY GIRL DESIGN,1,2011-11-17 12:11:00,0.55,15506.0,United Kingdom
580137,23371,SET 36 COLOUR PENCILS SPACEBOY ,3,2011-12-01 19:54:00,1.25,17566.0,United Kingdom
577358,22578,WOODEN STAR CHRISTMAS SCANDINAVIAN,6,2011-11-18 15:59:00,0.83,,United Kingdom
577768,20979,36 PENCILS TUBE RED RETROSPOT,1,2011-11-21 15:18:00,2.46,,United Kingdom
579512,21249,WOODLAND  HEIGHT CHART STICKERS ,1,2011-11-29 16:47:00,5.79,,United Kingdom
577314,22720,SET OF 3 CAKE TINS PANTRY DESIGN ,3,2011-11-18 13:23:00,4.95,12444.0,Norway
579561,22768,FAMILY PHOTO FRAME CORNICE,2,2011-11-30 11:32:00,9.95,16115.0,United Kingdom
577554,22738,RIBBON REEL SNOWY VILLAGE,5,2011-11-20 15:35:00,1.65,15533.0,United Kingdom
579093,22966,GINGERBREAD MAN COOKIE CUTTER,48,2011-11-28 10:54:00,1.25,13081.0,United Kingdom
578931,23298,SPOTTY BUNTING,2,2011-11-27 12:40:00,4.95,16942.0,United Kingdom
577539,17012F,ORIGAMI SANDLEWOOD INCENSE/CAND SET,24,2011-11-20 14:24:00,0.85,14547.0,United Kingdom
576854,22910,PAPER CHAIN KIT VINTAGE CHRISTMAS,6,2011-11-16 15:49:00,2.95,12993.0,United Kingdom
577696,35095B,RED VICTORIAN FABRIC OVAL BOX,1,2011-11-21 11:57:00,0.42,16406.0,United Kingdom
579002,23076,ICE CREAM SUNDAE LIP GLOSS,24,2011-11-27 16:27:00,1.25,14093.0,United Kingdom
578944,22097,SWALLOW SQUARE TISSUE BOX,1,2011-11-27 13:41:00,0.39,16005.0,United Kingdom
578844,21068,VINTAGE BILLBOARD LOVE/HATE MUG,1,2011-11-25 16:14:00,2.46,,United Kingdom
581352,23143,ZINC WIRE KITCHEN ORGANISER,1,2011-12-08 12:26:00,3.95,14698.0,United Kingdom
580983,22446,PIN CUSHION BABUSHKA PINK,7,2011-12-06 16:26:00,2.46,,United Kingdom
580610,21578,WOODLAND DESIGN  COTTON TOTE BAG,1,2011-12-05 11:48:00,4.96,,United Kingdom
581498,23353,6 GIFT TAGS VINTAGE CHRISTMAS ,10,2011-12-09 10:26:00,1.63,,United Kingdom
580622,21588,RETROSPOT GIANT TUBE MATCHES,12,2011-12-05 12:09:00,2.55,17006.0,United Kingdom
580730,17038,PORCELAIN BUDAH INCENSE HOLDER,2,2011-12-05 17:28:00,0.83,,United Kingdom
580673,22661,CHARLOTTE BAG DOLLY GIRL DESIGN,24,2011-12-05 14:30:00,0.85,13089.0,United Kingdom
581217,21026,SPACE OWL,1,2011-12-08 09:20:00,2.46,,United Kingdom
580610,22175,PINK OWL SOFT TOY,1,2011-12-05 11:48:00,5.79,,United Kingdom
580640,23570,TRADITIONAL PICK UP STICKS GAME ,2,2011-12-05 12:51:00,1.25,16910.0,United Kingdom
581439,22593,CHRISTMAS GINGHAM STAR,8,2011-12-08 16:30:00,1.63,,United Kingdom
C581100,22946,WOODEN ADVENT CALENDAR CREAM,-1,2011-12-07 11:44:00,16.95,14534.0,United Kingdom
580660,23168,CLASSIC CAFE SUGAR DISPENSER,12,2011-12-05 13:49:00,1.25,16592.0,United Kingdom
581238,85039a,SET/4 RED MINI ROSE CANDLE IN BOWL,1,2011-12-08 10:53:00,3.29,,United Kingdom
581020,22706,WRAP COWBOYS  ,25,2011-12-07 10:12:00,0.42,17511.0,United Kingdom
580983,22167, OVAL WALL MIRROR DIAMANTE ,1,2011-12-06 16:26:00,9.95,,United Kingdom
580678,22474,SPACEBOY TV DINNER TRAY,1,2011-12-05 14:49:00,1.95,18015.0,United Kingdom
581401,23283,DOORMAT VINTAGE LEAF,2,2011-12-08 13:43:00,8.25,17644.0,United Kingdom
581415,22993,SET OF 4 PANTRY JELLY MOULDS,12,2011-12-08 14:53:00,1.25,13269.0,United Kingdom
580730,22720,SET OF 3 CAKE TINS PANTRY DESIGN ,2,2011-12-05 17:28:00,10.79,,United Kingdom
580965,23576,SNACK TRAY RED VINTAGE DOILY,8,2011-12-06 14:52:00,1.95,12417.0,Belgium
580600,22042,CHRISTMAS CARD SINGING ANGEL,12,2011-12-05 11:13:00,0.42,12841.0,United Kingdom
581279,22215,CAKE STAND WHITE TWO TIER LACE,12,2011-12-08 11:35:00,2.95,12437.0,France
580615,21974,SET OF 36 PAISLEY FLOWER DOILIES,12,2011-12-05 12:05:00,1.45,16873.0,United Kingdom
580677,21390,FILIGRIS HEART WITH BUTTERFLY,2,2011-12-05 14:40:00,1.25,16200.0,United Kingdom
580611,23200,JUMBO BAG PEARS,1,2011-12-05 11:49:00,2.08,12748.0,United Kingdom
581494,21559,STRAWBERRY LUNCH BOX WITH CUTLERY,6,2011-12-09 10:13:00,2.55,12518.0,Germany
581492,22121,NOEL WOODEN BLOCK LETTERS ,1,2011-12-09 10:03:00,11.63,,United Kingdom
581129,84077,WORLD WAR 2 GLIDERS ASSTD DESIGNS,48,2011-12-07 12:48:00,0.29,15498.0,United Kingdom
581133,16225,RATTLE SNAKE EGGS,48,2011-12-07 12:55:00,0.39,14904.0,United Kingdom
580865,22434,BALLOON PUMP WITH 10 BALLOONS,1,2011-12-06 11:58:00,1.95,17914.0,United Kingdom
580754,84030e,ENGLISH ROSE HOT WATER BOTTLE,3,2011-12-06 10:05:00,9.13,,United Kingdom
581217,20728,LUNCH BAG CARS BLUE,8,2011-12-08 09:20:00,1.65,,United Kingdom
580632,22189,CREAM HEART CARD HOLDER,1,2011-12-05 12:16:00,3.95,16360.0,United Kingdom
580999,22232,JIGSAW TOADSTOOLS 3 PIECE,6,2011-12-06 17:49:00,0.59,17883.0,United Kingdom
581034,21931,JUMBO STORAGE BAG SUKI,10,2011-12-07 10:48:00,2.08,17049.0,United Kingdom
581140,22086,PAPER CHAIN KIT 50'S CHRISTMAS ,40,2011-12-07 13:23:00,2.55,13870.0,United Kingdom
580672,20723,STRAWBERRY CHARLOTTE BAG,2,2011-12-05 14:29:00,0.85,17920.0,United Kingdom
581427,22111,SCOTTIE DOG HOT WATER BOTTLE,3,2011-12-08 15:36:00,4.95,13890.0,United Kingdom
581480,22112,CHOCOLATE HOT WATER BOTTLE,6,2011-12-09 09:07:00,4.95,14441.0,United Kingdom
581492,22193,RED DINER WALL CLOCK,1,2011-12-09 10:03:00,16.63,,United Kingdom
580727,22420,LIPSTICK PEN BABY PINK,6,2011-12-05 17:17:00,0.83,14096.0,United Kingdom
581219,84580,MOUSE TOY WITH PINK T-SHIRT,1,2011-12-08 09:28:00,4.13,,United Kingdom
580635,85199S,SMALL HANGING IVORY/RED WOOD BIRD,8,2011-12-05 12:30:00,0.42,14649.0,United Kingdom
580879,23498,CLASSIC BICYCLE CLIPS ,2,2011-12-06 12:18:00,1.45,17346.0,United Kingdom
581193,23247,BISCUIT TIN 50'S CHRISTMAS,1,2011-12-07 17:05:00,2.89,17097.0,Spain
580727,15044A,PINK PAPER PARASOL ,1,2011-12-05 17:17:00,5.79,14096.0,United Kingdom
580965,22666,RECIPE BOX PANTRY YELLOW DESIGN,6,2011-12-06 14:52:00,2.95,12417.0,Belgium
581439,22801,ANTIQUE GLASS PEDESTAL BOWL,1,2011-12-08 16:30:00,7.46,,United Kingdom
580727,22551,PLASTERS IN TIN SPACEBOY,2,2011-12-05 17:17:00,3.29,14096.0,United Kingdom
580677,22695,WICKER WREATH SMALL,2,2011-12-05 14:40:00,0.59,16200.0,United Kingdom
581147,23209,LUNCH BAG VINTAGE DOILY ,5,2011-12-07 14:01:00,1.65,16426.0,United Kingdom
580731,85049A,TRADITIONAL CHRISTMAS RIBBONS,3,2011-12-05 17:36:00,1.25,17383.0,United Kingdom
581146,22558,CLOTHES PEGS RETROSPOT PACK 24 ,3,2011-12-07 13:53:00,1.65,17602.0,United Kingdom
581410,84347,ROTATING SILVER ANGELS T-LIGHT HLDR,48,2011-12-08 14:14:00,2.55,13098.0,United Kingdom
580644,22084,PAPER CHAIN KIT EMPIRE,5,2011-12-05 13:10:00,2.95,16904.0,United Kingdom
581439,22663,JUMBO BAG DOLLY GIRL DESIGN,2,2011-12-08 16:30:00,4.13,,United Kingdom
581454,21791,VINTAGE HEADS AND TAILS CARD GAME ,12,2011-12-08 18:22:00,1.25,15156.0,United Kingdom
581492,22697,GREEN REGENCY TEACUP AND SAUCER,1,2011-12-09 10:03:00,5.79,,United Kingdom
581494,22328,ROUND SNACK BOXES SET OF 4 FRUITS ,6,2011-12-09 10:13:00,2.95,12518.0,Germany
581492,21791,VINTAGE HEADS AND TAILS CARD GAME ,1,2011-12-09 10:03:00,2.46,,United Kingdom
581405,21808,"CHRISTMAS GARLAND STARS,TREES",2,2011-12-08 13:50:00,1.25,13521.0,United Kingdom
580872,22386,JUMBO BAG PINK POLKADOT,3,2011-12-06 12:02:00,2.08,18283.0,United Kingdom
580672,22743,MAKE YOUR OWN FLOWERPOWER CARD KIT,1,2011-12-05 14:29:00,0.79,17920.0,United Kingdom
580696,22320,BIRDS MOBILE VINTAGE DESIGN,1,2011-12-05 16:04:00,5.95,17757.0,United Kingdom
580774,22697,GREEN REGENCY TEACUP AND SAUCER,6,2011-12-06 11:05:00,2.95,13994.0,United Kingdom
580872,20725,LUNCH BAG RED RETROSPOT,3,2011-12-06 12:02:00,1.65,18283.0,United Kingdom
581171,20682,RED RETROSPOT CHILDRENS UMBRELLA,12,2011-12-07 15:02:00,3.25,12615.0,France
580914,22556,PLASTERS IN TIN CIRCUS PARADE ,1,2011-12-06 13:42:00,1.65,14871.0,United Kingdom
580730,23423,PANTRY 3 HOOK ROLLING PIN HANGER,1,2011-12-05 17:28:00,7.46,,United Kingdom
581356,48187,DOORMAT NEW ENGLAND,2,2011-12-08 12:28:00,8.25,17830.0,United Kingdom
580892,84946,ANTIQUE SILVER T-LIGHT GLASS,72,2011-12-06 12:30:00,1.06,13199.0,United Kingdom
580875,22513,DOORSTOP FOOTBALL DESIGN,8,2011-12-06 12:11:00,0.79,17744.0,United Kingdom
581438,22530,MAGIC DRAWING SLATE DOLLY GIRL ,24,2011-12-08 16:29:00,0.42,12955.0,United Kingdom
580675,23439,HAND WARMER RED LOVE HEART,12,2011-12-05 14:35:00,2.1,15640.0,United Kingdom
581131,22976,CIRCUS PARADE CHILDRENS EGG CUP ,12,2011-12-07 12:51:00,1.25,16393.0,United Kingdom
580983,23378,PACK OF 12 50'S CHRISTMAS TISSUES,1,2011-12-06 16:26:00,0.83,,United Kingdom
581217,23100,SILVER BELLS TABLE DECORATION,1,2011-12-08 09:20:00,2.46,,United Kingdom
581023,23174,REGENCY SUGAR BOWL GREEN,1,2011-12-07 10:35:00,8.29,,United Kingdom
581401,20724,RED RETROSPOT CHARLOTTE BAG,10,2011-12-08 13:43:00,0.85,17644.0,United Kingdom
580983,21733,RED HANGING HEART T-LIGHT HOLDER,1,2011-12-06 16:26:00,5.79,,United Kingdom
581101,23368,SET 12 COLOUR PENCILS DOLLY GIRL ,5,2011-12-07 11:48:00,0.65,17835.0,United Kingdom
581122,23158,SET OF 5 LUCKY CAT MAGNETS ,12,2011-12-07 12:33:00,2.08,12839.0,United Kingdom
580695,15044D,RED PAPER PARASOL,2,2011-12-05 16:03:00,2.95,13230.0,United Kingdom
580729,22477,WATERING CAN GARDEN MARKER,1,2011-12-05 17:24:00,2.46,,United Kingdom
580982,21914,BLUE HARMONICA IN BOX ,4,2011-12-06 16:21:00,1.25,17861.0,United Kingdom
581456,84380,SET OF 3 BUTTERFLY COOKIE CUTTERS,2,2011-12-08 18:42:00,1.45,17530.0,United Kingdom
581578,84997D,CHILDRENS CUTLERY POLKADOT PINK,8,2011-12-09 12:16:00,4.15,12713.0,Germany
581414,22094,RED RETROSPOT TISSUE BOX,1,2011-12-08 14:39:00,0.39,14730.0,United Kingdom
580675,21877,HOME SWEET HOME MUG,12,2011-12-05 14:35:00,1.65,15640.0,United Kingdom
581439,90177B,DROP DIAMANTE EARRINGS BLACK DIAMON,1,2011-12-08 16:30:00,2.9,,United Kingdom
580660,23376,PACK OF 12 VINTAGE CHRISTMAS TISSUE,48,2011-12-05 13:49:00,0.39,16592.0,United Kingdom
581023,22550,HOLIDAY FUN LUDO,1,2011-12-07 10:35:00,7.46,,United Kingdom
580878,22560,TRADITIONAL MODELLING CLAY,24,2011-12-06 12:18:00,1.25,14113.0,United Kingdom
581132,84946,ANTIQUE SILVER T-LIGHT GLASS,12,2011-12-07 12:55:00,1.25,17590.0,United Kingdom
580720,21428,SET3 BOOK BOX GREEN GINGHAM FLOWER ,2,2011-12-05 16:55:00,4.25,14629.0,United Kingdom
580696,22695,WICKER WREATH SMALL,10,2011-12-05 16:04:00,0.59,17757.0,United Kingdom
581405,21894,POTTING SHED SEED ENVELOPES,2,2011-12-08 13:50:00,1.25,13521.0,United Kingdom
581188,22866,HAND WARMER SCOTTY DOG DESIGN,12,2011-12-07 16:47:00,2.1,17735.0,United Kingdom
580610,21174,POTTERING IN THE SHED METAL SIGN,2,2011-12-05 11:48:00,4.13,,United Kingdom
580831,22367,CHILDRENS APRON SPACEBOY DESIGN,8,2011-12-06 11:39:00,1.95,14418.0,United Kingdom
580730,21615,4 LAVENDER BOTANICAL DINNER CANDLES,1,2011-12-05 17:28:00,3.29,,United Kingdom
580619,23382,BOX OF 6 CHRISTMAS CAKE DECORATIONS,1,2011-12-05 12:08:00,3.75,15053.0,United Kingdom
580737,23480,MINI LIGHTS WOODLAND MUSHROOMS,4,2011-12-06 09:05:00,3.75,14140.0,United Kingdom
581219,51014C,"FEATHER PEN,COAL BLACK",1,2011-12-08 09:28:00,0.83,,United Kingdom
581133,22915,ASSORTED BOTTLE TOP  MAGNETS ,24,2011-12-07 12:55:00,0.19,14904.0,United Kingdom
580880,85019A,ROMANTIC IMAGES NOTEBOOK SET,24,2011-12-06 12:19:00,1.25,14121.0,United Kingdom
581173,21172,PARTY METAL SIGN ,1,2011-12-07 15:07:00,1.45,17870.0,United Kingdom
581433,22192,BLUE DINER WALL CLOCK,2,2011-12-08 15:54:00,8.5,14911.0,EIRE
581219,46776B,WOVEN BERRIES CUSHION COVER ,2,2011-12-08 09:28:00,4.13,,United Kingdom
581492,23559,WOODLAND BUNNIES LOLLY MAKERS,5,2011-12-09 10:03:00,4.13,,United Kingdom
581217,21616,4 PEAR BOTANICAL DINNER CANDLES,2,2011-12-08 09:20:00,3.29,,United Kingdom
581538,23343,JUMBO BAG VINTAGE CHRISTMAS ,1,2011-12-09 11:34:00,2.08,14446.0,United Kingdom
580884,23188,VINTAGE  2 METRE FOLDING RULER,1,2011-12-06 12:21:00,1.65,15907.0,United Kingdom
580986,POST,POSTAGE,4,2011-12-06 16:34:00,18.0,12650.0,France
580677,22487,WHITE WOOD GARDEN PLANT LADDER,1,2011-12-05 14:40:00,9.95,16200.0,United Kingdom
581498,21928,JUMBO BAG SCANDINAVIAN BLUE PAISLEY,2,2011-12-09 10:26:00,4.13,,United Kingdom
580956,21889,WOODEN BOX OF DOMINOES,1,2011-12-06 14:23:00,1.25,17841.0,United Kingdom
581467,72801D,4 SKY BLUE DINNER CANDLES,3,2011-12-08 19:24:00,1.25,13077.0,United Kingdom
581439,20728,LUNCH BAG CARS BLUE,3,2011-12-08 16:30:00,4.13,,United Kingdom
581442,23524,WALL ART HORSE & PONY ,6,2011-12-08 16:38:00,3.75,13536.0,United Kingdom
581412,85061W,WHITE JEWELLED HEART DECORATION,24,2011-12-08 14:38:00,0.85,14415.0,United Kingdom
580777,23532,WALL ART WORK REST AND PLAY  ,6,2011-12-06 11:06:00,1.95,14547.0,United Kingdom
581023,20726,LUNCH BAG WOODLAND,4,2011-12-07 10:35:00,4.13,,United Kingdom
581219,22075,6 RIBBONS ELEGANT CHRISTMAS ,5,2011-12-08 09:28:00,1.63,,United Kingdom
580730,21650,ASSORTED TUTTI FRUTTI BRACELET,6,2011-12-05 17:28:00,0.83,,United Kingdom
580729,21122,SET/10 PINK POLKADOT PARTY CANDLES,1,2011-12-05 17:24:00,2.46,,United Kingdom
581571,21012,ANTIQUE ALL GLASS CANDLESTICK,2,2011-12-09 12:00:00,2.1,15311.0,United Kingdom
580737,22274,FELTCRAFT DOLL EMILY,6,2011-12-06 09:05:00,2.95,14140.0,United Kingdom
581217,85094,CANDY SPOT EGG WARMER RABBIT,2,2011-12-08 09:20:00,0.83,,United Kingdom
580911,23090,VINTAGE GLASS T-LIGHT HOLDER,12,2011-12-06 13:30:00,0.83,14503.0,United Kingdom
580876,84927F,PSYCHEDELIC TILE HOOK,2,2011-12-06 12:12:00,0.39,14071.0,United Kingdom
580635,23351,ROLL WRAP 50'S CHRISTMAS,1,2011-12-05 12:30:00,1.25,14649.0,United Kingdom
580730,22201,FRYING PAN BLUE POLKADOT,1,2011-12-05 17:28:00,8.29,,United Kingdom
580603,21371,MIRRORED WALL ART POPPIES,24,2011-12-05 11:31:00,0.75,16642.0,United Kingdom
581492,21678,PAISLEY PATTERN  STICKERS,2,2011-12-09 10:03:00,1.63,,United Kingdom
581020,23082,SET 6 PAPER TABLE LANTERN HEARTS ,48,2011-12-07 10:12:00,3.29,17511.0,United Kingdom
581139,21109,LARGE CAKE TOWEL CHOCOLATE SPOTS,96,2011-12-07 13:21:00,1.95,13798.0,United Kingdom
580700,90214G,"LETTER ""G"" BLING KEY RING",12,2011-12-05 16:23:00,0.29,14219.0,United Kingdom
580983,84580,MOUSE TOY WITH PINK T-SHIRT,2,2011-12-06 16:26:00,4.13,,United Kingdom
580672,22748,POPPY'S PLAYHOUSE KITCHEN,2,2011-12-05 14:29:00,2.1,17920.0,United Kingdom
581457,23531,WALL ART BIG LOVE ,120,2011-12-08 18:43:00,4.76,18102.0,United Kingdom
581023,22139,RETROSPOT TEA SET CERAMIC 11 PC ,3,2011-12-07 10:35:00,10.79,,United Kingdom
581439,21402,RED  EGG  SPOON,2,2011-12-08 16:30:00,0.42,,United Kingdom
581219,21977,PACK OF 60 PINK PAISLEY CAKE CASES,1,2011-12-08 09:28:00,1.25,,United Kingdom
581059,79321,CHILLI LIGHTS,4,2011-12-07 11:12:00,5.75,13267.0,United Kingdom
581382,22178,VICTORIAN GLASS HANGING T-LIGHT,6,2011-12-08 12:57:00,1.95,13860.0,United Kingdom
581002,21889,WOODEN BOX OF DOMINOES,12,2011-12-07 08:21:00,1.25,14708.0,United Kingdom
580729,21889,WOODEN BOX OF DOMINOES,2,2011-12-05 17:24:00,2.46,,United Kingdom
580833,82482,WOODEN PICTURE FRAME WHITE FINISH,1,2011-12-06 11:41:00,2.95,16764.0,United Kingdom
581147,23300,GARDENERS KNEELING PAD CUP OF TEA ,5,2011-12-07 14:01:00,1.65,16426.0,United Kingdom
580720,23082,SET 6 PAPER TABLE LANTERN HEARTS ,2,2011-12-05 16:55:00,3.75,14629.0,United Kingdom
580884,23320,GIANT 50'S CHRISTMAS CRACKER,1,2011-12-06 12:21:00,1.25,15907.0,United Kingdom
580730,22574,HEART WOODEN CHRISTMAS DECORATION,4,2011-12-05 17:28:00,1.63,,United Kingdom
581023,22424,ENAMEL BREAD BIN CREAM,1,2011-12-07 10:35:00,24.96,,United Kingdom
580833,23494,VINTAGE DOILY DELUXE SEWING KIT ,2,2011-12-06 11:41:00,5.95,16764.0,United Kingdom
581410,23582,VINTAGE DOILY JUMBO BAG RED ,100,2011-12-08 14:14:00,1.79,13098.0,United Kingdom
581114,22847,BREAD BIN DINER STYLE IVORY,1,2011-12-07 12:19:00,16.95,14527.0,United Kingdom
580730,22077,6 RIBBONS RUSTIC CHARM,3,2011-12-05 17:28:00,4.13,,United Kingdom
580729,84380,SET OF 3 BUTTERFLY COOKIE CUTTERS,2,2011-12-05 17:24:00,2.46,,United Kingdom
581013,23328,SET 6 SCHOOL MILK BOTTLES IN CRATE,24,2011-12-07 09:32:00,3.39,17017.0,United Kingdom
580983,22156,HEART DECORATION WITH PEARLS ,1,2011-12-06 16:26:00,1.63,,United Kingdom
580907,23300,GARDENERS KNEELING PAD CUP OF TEA ,12,2011-12-06 13:13:00,1.65,13507.0,United Kingdom
580893,22562,MONSTERS STENCIL CRAFT,1,2011-12-06 12:38:00,1.25,17290.0,United Kingdom
580978,22107,PIZZA PLATE IN BOX,8,2011-12-06 15:36:00,1.25,13078.0,United Kingdom
580660,23328,SET 6 SCHOOL MILK BOTTLES IN CRATE,4,2011-12-05 13:49:00,3.75,16592.0,United Kingdom
581237,23503,PLAYING CARDS KEEP CALM & CARRY ON,4,2011-12-08 10:40:00,1.25,15443.0,United Kingdom
581439,23349,ROLL WRAP VINTAGE CHRISTMAS,7,2011-12-08 16:30:00,2.46,,United Kingdom
581023,23300,GARDENERS KNEELING PAD CUP OF TEA ,3,2011-12-07 10:35:00,3.29,,United Kingdom
581217,90018A,SILVER M.O.P ORBIT DROP EARRINGS,1,2011-12-08 09:20:00,4.15,,United Kingdom
580730,84970L,SINGLE HEART ZINC T-LIGHT HOLDER,2,2011-12-05 17:28:00,2.08,,United Kingdom
580973,22592,CARDHOLDER HOLLY WREATH METAL,4,2011-12-06 15:12:00,3.75,12820.0,United Kingdom
580956,20970,PINK FLORAL FELTCRAFT SHOULDER BAG,2,2011-12-06 14:23:00,3.75,17841.0,United Kingdom
580729,20971,PINK BLUE FELT CRAFT TRINKET BOX,2,2011-12-05 17:24:00,2.46,,United Kingdom
